시작연도,종목,경과개월,날짜,월봉종가(달러),원달러환율,매수신호,인출전현금(원),인출전보유수량,요청인출액(원),실제인출액(원),매도수량,매수액(원),월말현금(원),월말보유수량,월말주식평가액(원),월말총잔액(원)
2002,QQQ,0,2001-12-31,32.78693389892578,1313.5,분할매수,100000000.0,0.0,0.0,0.0,0.0,8333333.333333333,91666666.66666667,193.50307537489817,8333333.333333332,100000000.0
2002,QQQ,1,2002-01-31,32.44988250732422,1314.4,분할매수,91666666.66666667,193.50307537489817,1000000.0,1000000.0,0.0,8333333.333333333,82333333.33333334,388.88216193696036,16586650.801945472,98919984.13527882
2002,QQQ,2,2002-02-28,28.464216232299805,1323.8,분할매수,82333333.33333334,388.88216193696036,1000000.0,1000000.0,0.0,8333333.333333333,73000000.00000001,610.037357823595,22986774.6409895,95986774.64098951
2002,QQQ,3,2002-03-31,30.38542938232422,1325.9,분할매수,73000000.00000001,610.037357823595,1000000.0,1000000.0,0.0,8333333.333333333,63666666.66666668,816.8812043877408,32910543.30584965,96577209.97251633
2002,QQQ,4,2002-04-30,26.736814498901367,1294.0,분할매수,63666666.66666668,816.8812043877408,1000000.0,1000000.0,0.0,8333333.333333333,54333333.33333334,1057.7468240497453,36595330.12411761,90928663.45745096
2002,QQQ,5,2002-05-31,25.312753677368164,1219.3,분할매수,54333333.33333334,1057.7468240497453,1000000.0,1000000.0,0.0,8333333.333333333,45000000.00000001,1327.7499468773499,40979462.66239761,85979462.66239762
2002,QQQ,6,2002-06-30,21.992773056030273,1205.0,분할매수,45000000.00000001,1327.7499468773499,1000000.0,1000000.0,0.0,8333333.333333333,35666666.66666667,1642.2000303047378,43520421.75781325,79187088.42447993
2002,QQQ,7,2002-07-31,20.096847534179688,1183.0,분할매수,35666666.66666667,1642.2000303047378,1000000.0,1000000.0,0.0,8333333.333333333,26333333.33333334,1992.714597402294,47375933.94722061,73709267.28055395
2002,QQQ,8,2002-08-31,19.793489456176758,1201.9,분할매수,26333333.33333334,1992.714597402294,1000000.0,1000000.0,0.0,8333333.333333333,17000000.000000007,2343.00485174275,55739605.05396394,72739605.05396394
2002,QQQ,9,2002-09-30,17.45939826965332,1227.7,분할매수,17000000.000000007,2343.00485174275,1000000.0,1000000.0,0.0,8333333.333333333,7666666.666666674,2731.778863640165,58555415.65796567,66222082.32463234
2002,QQQ,10,2002-10-31,20.686677932739258,1224.0,분할매수,7666666.666666674,2731.778863640165,1000000.0,1000000.0,0.0,6666666.666666674,0.0,2995.0702007698433,75836656.41822703,75836656.41822703
2002,QQQ,11,2002-11-30,23.35783576965332,1198.7,분할매수,0.0,2995.0702007698433,1000000.0,1000000.0,35.715513132636914,0.0,0.0,2959.3546876372066,82859083.5765689,82859083.5765689
2002,QQQ,12,2002-12-31,20.535024642944336,1186.3,분할매수,0.0,2959.3546876372066,1000000.0,1000000.0,41.04972397846986,0.0,0.0,2918.3049636587366,71091950.951713,71091950.951713
2002,QQQ,13,2003-01-31,20.594005584716797,1165.0,분할매수,0.0,2918.3049636587366,1000000.0,1000000.0,41.68053151104603,0.0,0.0,2876.6244321476906,69016020.85821141,69016020.85821141
2002,QQQ,14,2003-02-28,21.20069694519043,1193.7,분할매수,0.0,2876.6244321476906,1000000.0,1000000.0,39.51433415002591,0.0,0.0,2837.1100979976645,71799516.78360254,71799516.78360254
2002,QQQ,15,2003-03-31,21.276538848876953,1252.0,분할매수,0.0,2837.1100979976645,1000000.0,1000000.0,37.540036488152474,0.0,0.0,2799.570061509512,74575581.78967269,74575581.78967269
2002,QQQ,16,2003-04-30,23.130327224731445,1215.5,분할매수,0.0,2799.570061509512,1000000.0,1000000.0,35.56831241799253,0.0,0.0,2764.0017490915193,77709667.99350664,77709667.99350664
2002,QQQ,17,2003-05-31,25.102094650268555,1210.0,분할매수,0.0,2764.0017490915193,1000000.0,1000000.0,32.92339912290522,0.0,0.0,2731.078349968614,82952502.55823581,82952502.55823581
2002,QQQ,18,2003-06-30,25.236921310424805,1196.0,분할매수,0.0,2731.078349968614,1000000.0,1000000.0,33.13083997264001,0.0,0.0,2697.947509995974,81433115.25527222,81433115.25527222
2002,QQQ,19,2003-07-31,26.795791625976562,1181.0,분할매수,0.0,2697.947509995974,1000000.0,1000000.0,31.599740086930307,0.0,0.0,2666.3477699090436,84378788.00819151,84378788.00819151
2002,QQQ,20,2003-08-31,28.13558006286621,1175.0,분할매수,0.0,2666.3477699090436,1000000.0,1000000.0,30.24866833687505,0.0,0.0,2636.0991015721684,87147608.35797177,87147608.35797177
2002,QQQ,21,2003-09-30,27.31822967529297,1150.2,분할매수,0.0,2636.0991015721684,1000000.0,1000000.0,31.82541567619342,0.0,0.0,2604.2736858959747,81829997.52125993,81829997.52125993
2002,QQQ,22,2003-10-31,29.643918991088867,1184.0,분할매수,0.0,2604.2736858959747,1000000.0,1000000.0,28.491327170624256,0.0,0.0,2575.7823587253506,90405839.75958444,90405839.75958444
2002,QQQ,23,2003-11-30,29.812427520751953,1202.1,분할매수,0.0,2575.7823587253506,1000000.0,1000000.0,27.903717234899204,0.0,0.0,2547.8786414904516,91309649.53672257,91309649.53672257
2002,QQQ,24,2003-12-31,30.73448371887207,1192.0,분할매수,0.0,2547.8786414904516,1000000.0,1000000.0,27.29592539019986,0.0,0.0,2520.5827161002517,92342819.6724638,92342819.6724638
2002,QQQ,25,2004-01-31,31.248682022094727,1174.0,분할매수,0.0,2520.5827161002517,1000000.0,1000000.0,27.25838983500645,0.0,0.0,2493.3243262652454,91469978.28401464,91469978.28401464
2002,QQQ,26,2004-02-29,30.82722282409668,1179.0,분할매수,0.0,2493.3243262652454,1000000.0,1000000.0,27.513877118781895,0.0,0.0,2465.8104491464637,89620609.93807444,89620609.93807444
2002,QQQ,27,2004-03-31,30.21183967590332,1146.7,분할매수,0.0,2465.8104491464637,1000000.0,1000000.0,28.865096657683353,0.0,0.0,2436.9453524887804,84425331.44402656,84425331.44402656
2002,QQQ,28,2004-04-30,29.309871673583984,1173.6,분할매수,0.0,2436.9453524887804,1000000.0,1000000.0,29.07140237348495,0.0,0.0,2407.8739501152954,82826205.60167529,82826205.60167529
2002,QQQ,29,2004-05-31,30.81035804748535,1165.0,분할매수,0.0,2407.8739501152954,1000000.0,1000000.0,27.859757338409246,0.0,0.0,2380.0141927768864,85428389.1947489,85428389.1947489
2002,QQQ,30,2004-06-30,31.8134765625,1156.0,분할매수,0.0,2380.0141927768864,1000000.0,1000000.0,27.191366571167613,0.0,0.0,2352.8228262057187,86528303.75581549,86528303.75581549
2002,QQQ,31,2004-07-31,29.411035537719727,1170.0,분할매수,0.0,2352.8228262057187,1000000.0,1000000.0,29.060549520764024,0.0,0.0,2323.7622766849545,79962778.23392862,79962778.23392862
2002,QQQ,32,2004-08-31,28.677650451660156,1152.0,분할매수,0.0,2323.7622766849545,1000000.0,1000000.0,30.269409867407866,0.0,0.0,2293.4928668175467,75769328.73366094,75769328.73366094
2002,QQQ,33,2004-09-30,29.621776580810547,1152.0,분할매수,0.0,2293.4928668175467,1000000.0,1000000.0,29.304641913945687,0.0,0.0,2264.188224903601,77263807.95071597,77263807.95071597
2002,QQQ,34,2004-10-31,31.105392456054688,1120.0,분할매수,0.0,2264.188224903601,1000000.0,1000000.0,28.704255833407675,0.0,0.0,2235.4839690701933,77879878.92960484,77879878.92960484
2002,QQQ,35,2004-11-30,32.976768493652344,1048.0,분할매수,0.0,2235.4839690701933,1000000.0,1000000.0,28.935475392809188,0.0,0.0,2206.548493677384,76257551.11062519,76257551.11062519
2002,QQQ,36,2004-12-31,33.97344970703125,1035.1,분할매수,0.0,2206.548493677384,1000000.0,1000000.0,28.43662451587309,0.0,0.0,2178.111869161511,76595302.93216437,76595302.93216437
2002,QQQ,37,2005-01-31,31.82882308959961,1026.85,분할매수,0.0,2178.111869161511,1000000.0,1000000.0,30.59654669382039,0.0,0.0,2147.5153224676906,70188160.25082418,70188160.25082418
2002,QQQ,38,2005-02-28,31.675640106201172,1000.85,분할매수,0.0,2147.5153224676906,1000000.0,1000000.0,31.543189609948616,0.0,0.0,2115.972132857742,67081742.81114461,67081742.81114461
2002,QQQ,39,2005-03-31,31.122478485107422,1015.4,분할매수,0.0,2115.972132857742,1000000.0,1000000.0,31.64380252039018,0.0,0.0,2084.328330337352,65868453.3565232,65868453.3565232
2002,QQQ,40,2005-04-30,29.769319534301758,997.0,분할매수,0.0,2084.328330337352,1000000.0,1000000.0,33.692709231244756,0.0,0.0,2050.635621106107,60862888.971969664,60862888.971969664
2002,QQQ,41,2005-05-31,32.40753173828125,1005.0,분할매수,0.0,2050.635621106107,1000000.0,1000000.0,30.703506939608175,0.0,0.0,2019.9321141664989,65788319.169519484,65788319.169519484
2002,QQQ,42,2005-06-30,31.33011817932129,1034.5,분할매수,0.0,2019.9321141664989,1000000.0,1000000.0,30.85371559377279,0.0,0.0,1989.0783985727262,64468034.40990369,64468034.40990369
2002,QQQ,43,2005-07-31,33.71522903442383,1026.5,분할매수,0.0,1989.0783985727262,1000000.0,1000000.0,28.8944832557469,0.0,0.0,1960.1839153169792,67839382.97035,67839382.97035
2002,QQQ,44,2005-08-31,33.20414352416992,1039.0,분할매수,0.0,1960.1839153169792,1000000.0,1000000.0,28.98625910657413,0.0,0.0,1931.197656210405,66624590.95221453,66624590.95221453
2002,QQQ,45,2005-09-30,33.61299514770508,1042.4,분할매수,0.0,1931.197656210405,1000000.0,1000000.0,28.540290183635605,0.0,0.0,1902.6573660267695,66665662.95523207,66665662.95523207
2002,QQQ,46,2005-10-31,33.11042785644531,1043.5,분할매수,0.0,1902.6573660267695,1000000.0,1000000.0,28.94294729824652,0.0,0.0,1873.714418728523,64738203.72958493,64738203.72958493
2002,QQQ,47,2005-11-30,35.12925338745117,1037.4,분할매수,0.0,1873.714418728523,1000000.0,1000000.0,27.44004609883697,0.0,0.0,1846.274372629686,67283938.44454727,67283938.44454727
2002,QQQ,48,2005-12-31,34.505252838134766,1010.0,분할매수,0.0,1846.274372629686,1000000.0,1000000.0,28.69415316402914,0.0,0.0,1817.580219465657,63343225.67651752,63343225.67651752
2002,QQQ,49,2006-01-31,35.86294937133789,958.9,분할매수,0.0,1817.580219465657,1000000.0,1000000.0,29.079081072387215,0.0,0.0,1788.5011383932697,61504733.72735244,61504733.72735244
2002,QQQ,50,2006-02-28,35.09444046020508,970.9,분할매수,0.0,1788.5011383932697,1000000.0,1000000.0,29.348585623377424,0.0,0.0,1759.1525527698923,59939943.11496398,59939943.11496398
2002,QQQ,51,2006-03-31,35.82829284667969,971.4,분할매수,0.0,1759.1525527698923,1000000.0,1000000.0,28.73265680891669,0.0,0.0,1730.4198959609755,60224848.2438968,60224848.2438968
2002,QQQ,52,2006-04-30,35.759918212890625,942.8,분할매수,0.0,1730.4198959609755,1000000.0,1000000.0,29.660871631267998,0.0,0.0,1700.7590243297075,57340156.60338166,57340156.60338166
2002,QQQ,53,2006-05-31,33.17087173461914,945.3,분할매수,0.0,1700.7590243297075,1000000.0,1000000.0,31.89139062829947,0.0,0.0,1668.867633701408,52329722.87575646,52329722.87575646
2002,QQQ,54,2006-06-30,33.15043258666992,948.5,분할매수,0.0,1668.867633701408,1000000.0,1000000.0,31.803393650803475,0.0,0.0,1637.0642400506047,51474514.26175855,51474514.26175855
2002,QQQ,55,2006-07-31,31.72248649597168,954.9,분할매수,0.0,1637.0642400506047,1000000.0,1000000.0,33.0122317675438,0.0,0.0,1604.0520082830608,48589626.40205669,48589626.40205669
2002,QQQ,56,2006-08-31,33.235931396484375,961.1,분할매수,0.0,1604.0520082830608,1000000.0,1000000.0,31.305710796543398,0.0,0.0,1572.7462974865173,50238319.382295296,50238319.382295296
2002,QQQ,57,2006-09-30,34.77791976928711,946.0,분할매수,0.0,1572.7462974865173,1000000.0,1000000.0,30.39521798439522,0.0,0.0,1542.351079502122,50743214.94565226,50743214.94565226
2002,QQQ,58,2006-10-31,36.429161071777344,942.2,분할매수,0.0,1542.351079502122,1000000.0,1000000.0,29.134510793867307,0.0,0.0,1513.2165687082547,51938972.97313743,51938972.97313743
2002,QQQ,59,2006-11-30,37.678245544433594,929.0,분할매수,0.0,1513.2165687082547,1000000.0,1000000.0,28.568906254709816,0.0,0.0,1484.6476624535449,51967255.91161855,51967255.91161855
2002,QQQ,60,2006-12-31,36.970359802246094,930.0,분할매수,0.0,1484.6476624535449,1000000.0,1000000.0,29.084618677121295,0.0,0.0,1455.5630437764235,50045801.18223818,50045801.18223818
2002,QQQ,61,2007-01-31,37.749839782714844,941.0,분할매수,0.0,1455.5630437764235,1000000.0,1000000.0,28.151093149728194,0.0,0.0,1427.4119506266952,50705382.666124895,50705382.666124895
2002,QQQ,62,2007-02-28,37.1159782409668,942.3,분할매수,0.0,1427.4119506266952,1000000.0,1000000.0,28.592353030112523,0.0,0.0,1398.8195975965828,48922856.96540582,48922856.96540582
2002,QQQ,63,2007-03-31,37.31077575683594,941.1,분할매수,0.0,1398.8195975965828,1000000.0,1000000.0,28.47934178760802,0.0,0.0,1370.3402558089747,48116991.81914517,48116991.81914517
2002,QQQ,64,2007-04-30,39.39360046386719,931.0,분할매수,0.0,1370.3402558089747,1000000.0,1000000.0,27.266201703343867,0.0,0.0,1343.074054105631,49257834.61584674,49257834.61584674
2002,QQQ,65,2007-05-31,40.636444091796875,927.4,분할매수,0.0,1343.074054105631,1000000.0,1000000.0,26.534885051324146,0.0,0.0,1316.5391690543067,49615408.79140189,49615408.79140189
2002,QQQ,66,2007-06-30,40.8311767578125,922.6,분할매수,0.0,1316.5391690543067,1000000.0,1000000.0,26.54572880237829,0.0,0.0,1289.9934402519284,48595141.23177341,48595141.23177341
2002,QQQ,67,2007-07-31,40.77113723754883,919.0,분할매수,0.0,1289.9934402519284,1000000.0,1000000.0,26.68896075888545,0.0,0.0,1263.304479493043,47334345.121417135,47334345.121417135
2002,QQQ,68,2007-08-31,41.92058181762695,938.1,분할매수,0.0,1263.304479493043,1000000.0,1000000.0,25.428665118836577,0.0,0.0,1237.8758143742064,48680330.19386596,48680330.19386596
2002,QQQ,69,2007-09-30,44.1223258972168,913.6,분할매수,0.0,1237.8758143742064,1000000.0,1000000.0,24.80764343080997,0.0,0.0,1213.0681709433964,48898968.34927981,48898968.34927981
2002,QQQ,70,2007-10-31,47.22917938232422,903.2,분할매수,0.0,1213.0681709433964,1000000.0,1000000.0,23.442594285559412,0.0,0.0,1189.625576657837,50746327.909221366,50746327.909221366
2002,QQQ,71,2007-11-30,44.036502838134766,920.9,분할매수,0.0,1189.625576657837,1000000.0,1000000.0,24.658957090508434,0.0,0.0,1164.9666195673285,47243142.33126023,47243142.33126023
2002,QQQ,72,2007-12-31,44.005088806152344,935.8,분할매수,0.0,1164.9666195673285,1000000.0,1000000.0,24.283655178096982,0.0,0.0,1140.6829643892315,46973281.247136466,46973281.247136466
2002,QQQ,73,2008-01-31,38.772918701171875,943.4,분할매수,0.0,1140.6829643892315,1000000.0,1000000.0,27.338559889867735,0.0,0.0,1113.3444044993637,40724325.238213934,40724325.238213934
2002,QQQ,74,2008-02-29,36.90000915527344,942.8,분할매수,0.0,1113.3444044993637,1000000.0,1000000.0,28.744446625851566,0.0,0.0,1084.599957873512,37732504.36827222,37732504.36827222
2002,QQQ,75,2008-03-31,37.59090042114258,988.6,분할매수,0.0,1084.599957873512,1000000.0,1000000.0,26.90894464606756,0.0,0.0,1057.6910132274445,39306298.598448165,39306298.598448165
2002,QQQ,76,2008-04-30,40.59163284301758,1005.0,분할매수,0.0,1057.6910132274445,1000000.0,1000000.0,24.513053699268742,0.0,0.0,1033.1779595281757,42148072.296639115,42148072.296639115
2002,QQQ,77,2008-05-31,42.999114990234375,1028.5,분할매수,0.0,1033.1779595281757,1000000.0,1000000.0,22.61185474547644,0.0,0.0,1010.5661047826993,44691871.41691089,44691871.41691089
2002,QQQ,78,2008-06-30,38.86471939086914,1046.8,분할매수,0.0,1010.5661047826993,1000000.0,1000000.0,24.57993610714677,0.0,0.0,985.9861686755526,40113455.31483586,40113455.31483586
2002,QQQ,79,2008-07-31,39.11421203613281,1011.5,분할매수,0.0,985.9861686755526,1000000.0,1000000.0,25.27548670807785,0.0,0.0,960.7106819674747,38009581.89503188,38009581.89503188
2002,QQQ,80,2008-08-31,39.682106018066406,1089.0,분할매수,0.0,960.7106819674747,1000000.0,1000000.0,23.14074875784825,0.0,0.0,937.5699332096265,40515972.193494685,40515972.193494685
2002,QQQ,81,2008-09-30,33.5011100769043,1206.3,분할매수,0.0,937.5699332096265,1000000.0,1000000.0,24.744886967153555,0.0,0.0,912.8250462424729,36889440.93598649,36889440.93598649
2002,QQQ,82,2008-10-31,28.31796646118164,1277.5,분할매수,0.0,912.8250462424729,1000000.0,1000000.0,27.642481533540963,0.0,0.0,885.182564708932,32022543.404247735,32022543.404247735
2002,QQQ,83,2008-11-30,25.072023391723633,1468.0,분할매수,0.0,885.182564708932,1000000.0,1000000.0,27.169682296428064,0.0,0.0,858.0128824125039,31579790.777505886,31579790.777505886
2002,QQQ,84,2008-12-31,25.64301109313965,1262.0,분할매수,0.0,858.0128824125039,1000000.0,1000000.0,30.90093530994705,0.0,0.0,827.1119471025569,26766566.73354183,26766566.73354183
2002,QQQ,85,2009-01-31,25.056690216064453,1380.0,분할매수,0.0,827.1119471025569,1000000.0,1000000.0,28.919928167321853,0.0,0.0,798.1920189352351,27600069.208925426,27600069.208925426
2002,QQQ,86,2009-02-28,23.73746681213379,1532.8,분할매수,0.0,798.1920189352351,1000000.0,1000000.0,27.484012520644523,0.0,0.0,770.7080064145905,28042048.293919083,28042048.293919083
2002,QQQ,87,2009-03-31,26.186351776123047,1372.3,분할매수,0.0,770.7080064145905,1000000.0,1000000.0,27.827611973638245,0.0,0.0,742.8803944409523,26695801.103763428,26695801.103763428
2002,QQQ,88,2009-04-30,29.606462478637695,1277.0,분할매수,0.0,742.8803944409523,1000000.0,1000000.0,26.44981165408958,0.0,0.0,716.4305827868627,27086415.289316088,27086415.289316088
2002,QQQ,89,2009-05-31,30.556489944458008,1249.0,분할매수,0.0,716.4305827868627,1000000.0,1000000.0,26.20197914960907,0.0,0.0,690.2286036372536,26342613.269637372,26342613.269637372
2002,QQQ,90,2009-06-30,31.458803176879883,1273.5,분할매수,0.0,690.2286036372536,1000000.0,1000000.0,24.96082034459719,0.0,0.0,665.2677832926564,26652480.73213486,26652480.73213486
2002,QQQ,91,2009-07-31,34.11350631713867,1222.2,분할매수,0.0,665.2677832926564,1000000.0,1000000.0,23.984538173207106,0.0,0.0,641.2832451194494,26737360.564891785,26737360.564891785
2002,QQQ,92,2009-08-31,34.61507034301758,1248.0,분할매수,0.0,641.2832451194494,1000000.0,1000000.0,23.148358311618537,0.0,0.0,618.1348868078309,26703184.67023119,26703184.67023119
2002,QQQ,93,2009-09-30,36.57011795043945,1175.0,분할매수,0.0,618.1348868078309,1000000.0,1000000.0,23.272110605183517,0.0,0.0,594.8627762026473,25561187.220816597,25561187.220816597
2002,QQQ,94,2009-10-31,35.45353698730469,1182.0,분할매수,0.0,594.8627762026473,1000000.0,1000000.0,23.862885357989228,0.0,0.0,570.999890844658,23928367.516273085,23928367.516273085
2002,QQQ,95,2009-11-30,37.70399475097656,1164.4,분할매수,0.0,570.999890844658,1000000.0,1000000.0,22.77772980522746,0.0,0.0,548.2221610394306,24068340.687473353,24068340.687473353
2002,QQQ,96,2009-12-31,39.6656608581543,1163.65,분할매수,0.0,548.2221610394306,1000000.0,1000000.0,21.665211437932467,0.0,0.0,526.5569496014981,24304260.824317534,24304260.824317534
2002,QQQ,97,2010-01-31,37.09930419921875,1158.7,분할매수,0.0,526.5569496014981,1000000.0,1000000.0,23.262866510400187,0.0,0.0,503.29408309109795,21635084.518328343,21635084.518328343
2002,QQQ,98,2010-02-28,38.80733108520508,1159.0,분할매수,0.0,503.29408309109795,1000000.0,1000000.0,22.233241645363485,0.0,0.0,481.06084144573447,21637008.634143762,21637008.634143762
2002,QQQ,99,2010-03-31,41.79971694946289,1131.2,분할매수,0.0,481.06084144573447,1000000.0,1000000.0,21.14887462502885,0.0,0.0,459.91196682070563,21746403.76733891,21746403.76733891
2002,QQQ,100,2010-04-30,42.73710632324219,1108.0,분할매수,0.0,459.91196682070563,1000000.0,1000000.0,21.118113823289978,0.0,0.0,438.7938529974156,20778079.740885507,20778079.740885507
2002,QQQ,101,2010-05-31,39.57780838012695,1194.5,분할매수,0.0,438.7938529974156,1000000.0,1000000.0,21.15251951620124,0.0,0.0,417.64133348121436,19744283.09409347,19744283.09409347
2002,QQQ,102,2010-06-30,37.212764739990234,1220.85,분할매수,0.0,417.64133348121436,1000000.0,1000000.0,22.011303149260893,0.0,0.0,395.6300303319535,17973948.55039458,17973948.55039458
2002,QQQ,103,2010-07-31,39.91376876831055,1182.0,분할매수,0.0,395.6300303319535,1000000.0,1000000.0,21.19628676445561,0.0,0.0,374.43374356749786,17665063.118290685,17665063.118290685
2002,QQQ,104,2010-08-31,37.866233825683594,1198.0,분할매수,0.0,374.43374356749786,1000000.0,1000000.0,22.044033867855443,0.0,0.0,352.3897096996424,15985718.032011205,15985718.032011205
2002,QQQ,105,2010-09-30,42.85430908203125,1140.1,분할매수,0.0,352.3897096996424,1000000.0,1000000.0,20.467394323717848,0.0,0.0,331.9223153759246,16217126.133700825,16217126.133700825
2002,QQQ,106,2010-10-31,45.57032775878906,1124.0,분할매수,0.0,331.9223153759246,1000000.0,1000000.0,19.523223971785022,0.0,0.0,312.3990914041396,16001408.981202029,16001408.981202029
2002,QQQ,107,2010-11-30,45.49174499511719,1157.2,분할매수,0.0,312.3990914041396,1000000.0,1000000.0,18.995860823607604,0.0,0.0,293.403230580532,15445640.147873556,15445640.147873556
2002,QQQ,108,2010-12-31,47.65582275390625,1130.6,분할매수,0.0,293.403230580532,1000000.0,1000000.0,18.559875004896806,0.0,0.0,274.8433555756352,14808470.181136511,14808470.181136511
2002,QQQ,109,2011-01-31,49.00342559814453,1119.1,분할매수,0.0,274.8433555756352,1000000.0,1000000.0,18.23495364753519,0.0,0.0,256.6084019281,14072336.397892939,14072336.397892939
2002,QQQ,110,2011-02-28,50.55229949951172,1123.7,분할매수,0.0,256.6084019281,1000000.0,1000000.0,17.60389233541176,0.0,0.0,239.00450959268827,13576799.098680574,13576799.098680574
2002,QQQ,111,2011-03-31,50.32566833496094,1097.25,분할매수,0.0,239.00450959268827,1000000.0,1000000.0,18.109433268844267,0.0,0.0,220.895076323844,12197790.678732898,12197790.678732898
2002,QQQ,112,2011-04-30,51.77157211303711,1068.4,분할매수,0.0,220.895076323844,1000000.0,1000000.0,18.079015101686252,0.0,0.0,202.81606122215774,11218313.612849453,11218313.612849453
2002,QQQ,113,2011-05-31,51.140628814697266,1078.0,분할매수,0.0,202.81606122215774,1000000.0,1000000.0,18.139076626293793,0.0,0.0,184.67698459586396,10181167.895181745,10181167.895181745
2002,QQQ,114,2011-06-30,50.10478210449219,1066.3,분할매수,0.0,184.67698459586396,1000000.0,1000000.0,18.71722292866374,0.0,0.0,165.9597616672002,8866687.237723058,8866687.237723058
2002,QQQ,115,2011-07-31,50.93913269042969,1054.0,분할매수,0.0,165.9597616672002,1000000.0,1000000.0,18.625495828157504,0.0,0.0,147.3342658390427,7910354.022162828,7910354.022162828
2002,QQQ,116,2011-08-31,48.357059478759766,1063.9,분할매수,0.0,147.3342658390427,1000000.0,1000000.0,19.437450792623686,0.0,0.0,127.89681504641902,6579917.110064379,6579917.110064379
2002,QQQ,117,2011-09-30,46.185428619384766,1180.9,분할매수,0.0,127.89681504641902,1000000.0,1000000.0,18.335041571785293,0.0,0.0,109.56177347463372,5975539.954227964,5975539.954227964
2002,QQQ,118,2011-10-31,50.989620208740234,1112.05,분할매수,0.0,109.56177347463372,1000000.0,1000000.0,17.635748970058064,0.0,0.0,91.92602450457566,5212482.025041718,5212482.025041718
2002,QQQ,119,2011-11-30,49.616981506347656,1140.05,분할매수,0.0,91.92602450457566,1000000.0,1000000.0,17.678514172710297,0.0,0.0,74.24751033186537,4199872.772479865,4199872.772479865
2002,QQQ,120,2011-12-31,49.31224822998047,1158.5,분할매수,0.0,74.24751033186537,1000000.0,1000000.0,17.50447777577848,0.0,0.0,56.74303255608689,3241629.558043948,3241629.558043948
2002,SPY,0,2001-12-31,73.30046844482422,1313.5,분할매수,100000000.0,0.0,0.0,0.0,0.0,8333333.333333333,91666666.66666667,86.55296038566611,8333333.333333332,100000000.0
2002,SPY,1,2002-01-31,72.58222198486328,1314.4,분할매수,91666666.66666667,86.55296038566611,1000000.0,1000000.0,0.0,8333333.333333333,82333333.33333334,173.9025651504449,16590665.141792573,98923998.47512591
2002,SPY,2,2002-02-28,71.28034973144531,1323.8,분할매수,82333333.33333334,173.9025651504449,1000000.0,1000000.0,0.0,8333333.333333333,73000000.00000001,262.2159550304155,24742940.584170483,97742940.58417049
2002,SPY,3,2002-03-31,73.65192413330078,1325.9,분할매수,73000000.00000001,262.2159550304155,1000000.0,1000000.0,0.0,8333333.333333333,63666666.66666668,347.5503053125347,33940055.02703168,97606721.69369836
2002,SPY,4,2002-04-30,69.36862182617188,1294.0,분할매수,63666666.66666668,347.5503053125347,1000000.0,1000000.0,0.0,8333333.333333333,54333333.33333334,440.3873723109773,39530490.222399086,93863823.55573243
2002,SPY,5,2002-05-31,68.95702362060547,1219.3,분할매수,54333333.33333334,440.3873723109773,1000000.0,1000000.0,0.0,8333333.333333333,45000000.00000001,539.5001556274119,45360794.841919675,90360794.84191969
2002,SPY,6,2002-06-30,63.867496490478516,1205.0,분할매수,45000000.00000001,539.5001556274119,1000000.0,1000000.0,0.0,8333333.333333333,35666666.66666667,647.7810450043631,49853445.11018968,85520111.77685635
2002,SPY,7,2002-07-31,58.83351516723633,1183.0,분할매수,35666666.66666667,647.7810450043631,1000000.0,1000000.0,0.0,8333333.333333333,26333333.33333334,767.5127624352372,53418925.4459909,79752258.77932423
2002,SPY,8,2002-08-31,59.23358154296875,1201.9,분할매수,26333333.33333334,767.5127624352372,1000000.0,1000000.0,0.0,8333333.333333333,17000000.000000007,884.5657292706069,62974747.89872359,79974747.8987236
2002,SPY,9,2002-09-30,53.022850036621094,1227.7,분할매수,17000000.000000007,884.5657292706069,1000000.0,1000000.0,0.0,8333333.333333333,7666666.666666674,1012.5814867396949,65915159.37560805,73581826.04227473
2002,SPY,10,2002-10-31,57.38572692871094,1224.0,분할매수,7666666.666666674,1012.5814867396949,1000000.0,1000000.0,0.0,6666666.666666674,0.0,1107.4939917332824,77790521.68858808,77790521.68858808
2002,SPY,11,2002-11-30,60.92536544799805,1198.7,분할매수,0.0,1107.4939917332824,1000000.0,1000000.0,13.692771213544551,0.0,0.0,1093.8012205197379,79881654.59434368,79881654.59434368
2002,SPY,12,2002-12-31,57.478843688964844,1186.3,분할매수,0.0,1093.8012205197379,1000000.0,1000000.0,14.665519335173716,0.0,0.0,1079.1357011845641,73583190.37474315,73583190.37474315
2002,SPY,13,2003-01-31,56.06513595581055,1165.0,분할매수,0.0,1079.1357011845641,1000000.0,1000000.0,15.310211668602681,0.0,0.0,1063.8254895159614,69484701.61895898,69484701.61895898
2002,SPY,14,2003-02-28,55.309452056884766,1193.7,분할매수,0.0,1063.8254895159614,1000000.0,1000000.0,15.146261482469518,0.0,0.0,1048.6792280334919,69236836.38020161,69236836.38020161
2002,SPY,15,2003-03-31,55.42781066894531,1252.0,분할매수,0.0,1048.6792280334919,1000000.0,1000000.0,14.410131576348489,0.0,0.0,1034.2690964571434,71773744.11727794,71773744.11727794
2002,SPY,16,2003-04-30,60.117637634277344,1215.5,분할매수,0.0,1034.2690964571434,1000000.0,1000000.0,13.684947337161542,0.0,0.0,1020.5841491199818,74577133.83730608,74577133.83730608
2002,SPY,17,2003-05-31,63.41428756713867,1210.0,분할매수,0.0,1020.5841491199818,1000000.0,1000000.0,13.032493349653281,0.0,0.0,1007.5516557703286,77310736.22969726,77310736.22969726
2002,SPY,18,2003-06-30,64.08975219726562,1196.0,분할매수,0.0,1007.5516557703286,1000000.0,1000000.0,13.046085726221072,0.0,0.0,994.5055700441075,76230188.18934098,76230188.18934098
2002,SPY,19,2003-07-31,65.2451171875,1181.0,분할매수,0.0,994.5055700441075,1000000.0,1000000.0,12.977830178020216,0.0,0.0,981.5277398660872,75631112.9366173,75631112.9366173
2002,SPY,20,2003-08-31,66.5908203125,1175.0,분할매수,0.0,981.5277398660872,1000000.0,1000000.0,12.78049775920057,0.0,0.0,968.7472421068867,75798866.39465931,75798866.39465931
2002,SPY,21,2003-09-30,65.86457061767578,1150.2,분할매수,0.0,968.7472421068867,1000000.0,1000000.0,13.200025549405165,0.0,0.0,955.5472165574815,72389800.53341953,72389800.53341953
2002,SPY,22,2003-10-31,69.3901138305664,1184.0,분할매수,0.0,955.5472165574815,1000000.0,1000000.0,12.171684811713767,0.0,0.0,943.3755317457677,77505747.67084697,77505747.67084697
2002,SPY,23,2003-11-30,70.14791870117188,1202.1,분할매수,0.0,943.3755317457677,1000000.0,1000000.0,11.858905624395845,0.0,0.0,931.5166261213719,78549965.369914,78549965.369914
2002,SPY,24,2003-12-31,73.67726135253906,1192.0,분할매수,0.0,931.5166261213719,1000000.0,1000000.0,11.386500517201068,0.0,0.0,920.1301256041709,80808859.94903983,80808859.94903983
2002,SPY,25,2004-01-31,75.13385009765625,1174.0,분할매수,0.0,920.1301256041709,1000000.0,1000000.0,11.336950725688775,0.0,0.0,908.7931748784821,80162046.82086314,80162046.82086314
2002,SPY,26,2004-02-29,76.15348815917969,1179.0,분할매수,0.0,908.7931748784821,1000000.0,1000000.0,11.137722528515114,0.0,0.0,897.6554523499669,80595961.16277486,80595961.16277486
2002,SPY,27,2004-03-31,75.144775390625,1146.7,분할매수,0.0,897.6554523499669,1000000.0,1000000.0,11.60516706475086,0.0,0.0,886.0502852852161,76349636.35952084,76349636.35952084
2002,SPY,28,2004-04-30,73.72294616699219,1173.6,분할매수,0.0,886.0502852852161,1000000.0,1000000.0,11.557854334902695,0.0,0.0,874.4924309503134,75662177.91043615,75662177.91043615
2002,SPY,29,2004-05-31,74.98529815673828,1165.0,분할매수,0.0,874.4924309503134,1000000.0,1000000.0,11.447165241888314,0.0,0.0,863.0452657084251,75393798.15627243,75393798.15627243
2002,SPY,30,2004-06-30,76.37263488769531,1156.0,분할매수,0.0,863.0452657084251,1000000.0,1000000.0,11.326725919385016,0.0,0.0,851.71853978904,75195475.36074609,75195475.36074609
2002,SPY,31,2004-07-31,73.91204833984375,1170.0,분할매수,0.0,851.71853978904,1000000.0,1000000.0,11.563755489104897,0.0,0.0,840.1547842999352,72654146.40524954,72654146.40524954
2002,SPY,32,2004-08-31,74.09207916259766,1152.0,분할매수,0.0,840.1547842999352,1000000.0,1000000.0,11.715902230933178,0.0,0.0,828.438882069002,70710634.63483822,70710634.63483822
2002,SPY,33,2004-09-30,74.8357162475586,1152.0,분할매수,0.0,828.438882069002,1000000.0,1000000.0,11.59948216014936,0.0,0.0,816.8393999088527,70420333.30721849,70420333.30721849
2002,SPY,34,2004-10-31,75.79998016357422,1120.0,분할매수,0.0,816.8393999088527,1000000.0,1000000.0,11.77912106217419,0.0,0.0,805.0602788466784,68346379.54710692,68346379.54710692
2002,SPY,35,2004-11-30,79.17442321777344,1048.0,분할매수,0.0,805.0602788466784,1000000.0,1000000.0,12.051852536492364,0.0,0.0,793.0084263101861,65799712.02842045,65799712.02842045
2002,SPY,36,2004-12-31,81.55921173095703,1035.1,분할매수,0.0,793.0084263101861,1000000.0,1000000.0,11.845262016688325,0.0,0.0,781.1631642934977,65947309.83518538,65947309.83518538
2002,SPY,37,2005-01-31,79.7306137084961,1026.85,분할매수,0.0,781.1631642934977,1000000.0,1000000.0,12.214280394614715,0.0,0.0,768.9488838988831,62954906.80219796,62954906.80219796
2002,SPY,38,2005-02-28,81.39726257324219,1000.85,분할매수,0.0,768.9488838988831,1000000.0,1000000.0,12.274991692593462,0.0,0.0,756.6738922062896,61643535.99219581,61643535.99219581
2002,SPY,39,2005-03-31,79.90829467773438,1015.4,분할매수,0.0,756.6738922062896,1000000.0,1000000.0,12.324547371453857,0.0,0.0,744.3493448348357,60395673.96681028,60395673.96681028
2002,SPY,40,2005-04-30,78.41121673583984,997.0,분할매수,0.0,744.3493448348357,1000000.0,1000000.0,12.791652378769847,0.0,0.0,731.5576924560659,57190241.791609615,57190241.791609615
2002,SPY,41,2005-05-31,80.93798828125,1005.0,분할매수,0.0,731.5576924560659,1000000.0,1000000.0,12.293669471550194,0.0,0.0,719.2640229845157,58506861.978762686,58506861.978762686
2002,SPY,42,2005-06-30,81.06058502197266,1034.5,분할매수,0.0,719.2640229845157,1000000.0,1000000.0,11.925037989326684,0.0,0.0,707.338984995189,59315449.194231614,59315449.194231614
2002,SPY,43,2005-07-31,84.16207122802734,1026.5,분할매수,0.0,707.338984995189,1000000.0,1000000.0,11.575096793416508,0.0,0.0,695.7638882017725,60108688.559520096,60108688.559520096
2002,SPY,44,2005-08-31,83.37310791015625,1039.0,분할매수,0.0,695.7638882017725,1000000.0,1000000.0,11.54405697147126,0.0,0.0,684.2198312303012,59270309.64254668,59270309.64254668
2002,SPY,45,2005-09-30,84.0422134399414,1042.4,분할매수,0.0,684.2198312303012,1000000.0,1000000.0,11.414794972555011,0.0,0.0,672.8050362577462,58941491.09777221,58941491.09777221
2002,SPY,46,2005-10-31,82.05453491210938,1043.5,분할매수,0.0,672.8050362577462,1000000.0,1000000.0,11.678981173898105,0.0,0.0,661.1260550838481,56608195.97529871,56608195.97529871
2002,SPY,47,2005-11-30,85.6610107421875,1037.4,분할매수,0.0,661.1260550838481,1000000.0,1000000.0,11.253058118477774,0.0,0.0,649.8729969653704,57750790.062859826,57750790.062859826
2002,SPY,48,2005-12-31,85.49710083007812,1010.0,분할매수,0.0,649.8729969653704,1000000.0,1000000.0,11.580498055352427,0.0,0.0,638.2924989100179,55117879.71977626,55117879.71977626
2002,SPY,49,2006-01-31,87.55024719238281,958.9,분할매수,0.0,638.2924989100179,1000000.0,1000000.0,11.911578158911073,0.0,0.0,626.3809207511068,52585888.48552449,52585888.48552449
2002,SPY,50,2006-02-28,88.051513671875,970.9,분할매수,0.0,626.3809207511068,1000000.0,1000000.0,11.697381996055778,0.0,0.0,614.683538755051,52548812.970484786,52548812.970484786
2002,SPY,51,2006-03-31,89.50471496582031,971.4,분할매수,0.0,614.683538755051,1000000.0,1000000.0,11.501539810568987,0.0,0.0,603.1819989444821,52443586.58744166,52443586.58744166
2002,SPY,52,2006-04-30,90.63532257080078,942.8,분할매수,0.0,603.1819989444821,1000000.0,1000000.0,11.702615642247393,0.0,0.0,591.4793833022347,50542494.20676059,50542494.20676059
2002,SPY,53,2006-05-31,87.90531921386719,945.3,분할매수,0.0,591.4793833022347,1000000.0,1000000.0,12.034143524309926,0.0,0.0,579.4452397779248,48150102.13293529,48150102.13293529
2002,SPY,54,2006-06-30,88.13458251953125,948.5,분할매수,0.0,579.4452397779248,1000000.0,1000000.0,11.962344713151017,0.0,0.0,567.4828950647739,47439102.339268096,47439102.339268096
2002,SPY,55,2006-07-31,88.52926635742188,954.9,분할매수,0.0,567.4828950647739,1000000.0,1000000.0,11.82919637241522,0.0,0.0,555.6536986923586,46973072.48936204,46973072.48936204
2002,SPY,56,2006-08-31,90.46121978759766,961.1,분할매수,0.0,555.6536986923586,1000000.0,1000000.0,11.501883998415272,0.0,0.0,544.1518146939434,47309798.5311725,47309798.5311725
2002,SPY,57,2006-09-30,92.90377807617188,946.0,분할매수,0.0,544.1518146939434,1000000.0,1000000.0,11.378250425559518,0.0,0.0,532.7735642683839,46823856.422740415,46823856.422740415
2002,SPY,58,2006-10-31,95.831787109375,942.2,분할매수,0.0,532.7735642683839,1000000.0,1000000.0,11.07509124551637,0.0,0.0,521.6984730228676,47105568.835297085,47105568.835297085
2002,SPY,59,2006-11-30,97.73748016357422,929.0,분할매수,0.0,521.6984730228676,1000000.0,1000000.0,11.013444003255922,0.0,0.0,510.68502901961165,46369240.07319028,46369240.07319028
2002,SPY,60,2006-12-31,99.04432678222656,930.0,분할매수,0.0,510.68502901961165,1000000.0,1000000.0,10.856440264050109,0.0,0.0,499.82858875556155,46039823.05421863,46039823.05421863
2002,SPY,61,2007-01-31,100.53398895263672,941.0,분할매수,0.0,499.82858875556155,1000000.0,1000000.0,10.570547007850017,0.0,0.0,489.25804174771156,46285025.872773975,46285025.872773975
2002,SPY,62,2007-02-28,98.5617904663086,942.3,분할매수,0.0,489.25804174771156,1000000.0,1000000.0,10.767186228079522,0.0,0.0,478.490855519632,44439730.620780535,44439730.620780535
2002,SPY,63,2007-03-31,99.70401000976562,941.1,분할매수,0.0,478.490855519632,1000000.0,1000000.0,10.65740821292598,0.0,0.0,467.83344730670603,43897487.8281652,43897487.8281652
2002,SPY,64,2007-04-30,104.12042236328125,931.0,분할매수,0.0,467.83344730670603,1000000.0,1000000.0,10.316072790418652,0.0,0.0,457.51737451628736,44349956.01632627,44349956.01632627
2002,SPY,65,2007-05-31,107.65221405029297,927.4,분할매수,0.0,457.51737451628736,1000000.0,1000000.0,10.016360391497734,0.0,0.0,447.5010141247896,44677008.07816833,44677008.07816833
2002,SPY,66,2007-06-30,106.0783462524414,922.6,분할매수,0.0,447.5010141247896,1000000.0,1000000.0,10.217856736901348,0.0,0.0,437.28315738788825,42795976.55824035,42795976.55824035
2002,SPY,67,2007-07-31,102.7569351196289,919.0,분할매수,0.0,437.28315738788825,1000000.0,1000000.0,10.58944859109772,0.0,0.0,426.69370879679053,40294232.992972,40294232.992972
2002,SPY,68,2007-08-31,104.07559967041016,938.1,분할매수,0.0,426.69370879679053,1000000.0,1000000.0,10.242404944127324,0.0,0.0,416.4513038526632,40659523.43462493,40659523.43462493
2002,SPY,69,2007-09-30,108.10482788085938,913.6,분할매수,0.0,416.4513038526632,1000000.0,1000000.0,10.125088302276902,0.0,0.0,406.32621555038634,40130634.264099486,40130634.264099486
2002,SPY,70,2007-10-31,109.57144927978516,903.2,분할매수,0.0,406.32621555038634,1000000.0,1000000.0,10.104589270080933,0.0,0.0,396.22162628030543,39212046.693821914,39212046.693821914
2002,SPY,71,2007-11-30,105.32744598388672,920.9,분할매수,0.0,396.22162628030543,1000000.0,1000000.0,10.309698709182989,0.0,0.0,385.9119275711224,37431930.6952574,37431930.6952574
2002,SPY,72,2007-12-31,104.14138793945312,935.8,분할매수,0.0,385.9119275711224,1000000.0,1000000.0,10.261092384052112,0.0,0.0,375.6508351870703,36609244.0382771,36609244.0382771
2002,SPY,73,2008-01-31,97.8448715209961,943.4,분할매수,0.0,375.6508351870703,1000000.0,1000000.0,10.833431977980576,0.0,0.0,364.8174032090897,33675145.9694949,33675145.9694949
2002,SPY,74,2008-02-29,95.31637573242188,942.8,분할매수,0.0,364.8174032090897,1000000.0,1000000.0,11.127892091016678,0.0,0.0,353.689511118073,31784052.92082221,31784052.92082221
2002,SPY,75,2008-03-31,94.4639663696289,988.6,분할매수,0.0,353.689511118073,1000000.0,1000000.0,10.70811969370768,0.0,0.0,342.98139142436537,32030029.662995692,32030029.662995692
2002,SPY,76,2008-04-30,98.96636962890625,1005.0,분할매수,0.0,342.98139142436537,1000000.0,1000000.0,10.054171728769388,0.0,0.0,332.92721969559597,33113341.27533802,33113341.27533802
2002,SPY,77,2008-05-31,100.46235656738281,1028.5,분할매수,0.0,332.92721969559597,1000000.0,1000000.0,9.678149861944332,0.0,0.0,323.2490698336516,33399882.668143675,33399882.668143675
2002,SPY,78,2008-06-30,92.06616973876953,1046.8,분할매수,0.0,323.2490698336516,1000000.0,1000000.0,10.376149264820269,0.0,0.0,312.8729205688314,30153085.945824698,30153085.945824698
2002,SPY,79,2008-07-31,91.23886108398438,1011.5,분할매수,0.0,312.8729205688314,1000000.0,1000000.0,10.835632258782688,0.0,0.0,302.03728831004867,27874449.879492365,27874449.879492365
2002,SPY,80,2008-08-31,92.64885711669922,1089.0,분할매수,0.0,302.03728831004867,1000000.0,1000000.0,9.911332682601017,0.0,0.0,292.12595562744764,29473933.0201542,29473933.0201542
2002,SPY,81,2008-09-30,83.92376708984375,1206.3,분할매수,0.0,292.12595562744764,1000000.0,1000000.0,9.877788031603828,0.0,0.0,282.2481675958438,28574025.55033528,28574025.55033528
2002,SPY,82,2008-10-31,70.06068420410156,1277.5,분할매수,0.0,282.2481675958438,1000000.0,1000000.0,11.172869261314172,0.0,0.0,271.07529833452963,24261923.4141692,24261923.4141692
2002,SPY,83,2008-11-30,65.18400573730469,1468.0,분할매수,0.0,271.07529833452963,1000000.0,1000000.0,10.450399639859736,0.0,0.0,260.6248986946699,24939227.941159192,24939227.941159192
2002,SPY,84,2008-12-31,65.82254791259766,1262.0,분할매수,0.0,260.6248986946699,1000000.0,1000000.0,12.038322004695724,0.0,0.0,248.5865766899742,20649603.54051083,20649603.54051083
2002,SPY,85,2009-01-31,60.41757583618164,1380.0,분할매수,0.0,248.5865766899742,1000000.0,1000000.0,11.993822511585513,0.0,0.0,236.5927541783887,19726217.721652154,19726217.721652154
2002,SPY,86,2009-02-28,53.92576599121094,1532.8,분할매수,0.0,236.5927541783887,1000000.0,1000000.0,12.098128289534174,0.0,0.0,224.49462588885453,18556145.25786273,18556145.25786273
2002,SPY,87,2009-03-31,58.41838455200195,1372.3,분할매수,0.0,224.49462588885453,1000000.0,1000000.0,12.47387516480328,0.0,0.0,212.02075072405125,16997183.948280673,16997183.948280673
2002,SPY,88,2009-04-30,64.22201538085938,1277.0,분할매수,0.0,212.02075072405125,1000000.0,1000000.0,12.193409871363622,0.0,0.0,199.82734085268763,16388142.690256372,16388142.690256372
2002,SPY,89,2009-05-31,67.97601318359375,1249.0,분할매수,0.0,199.82734085268763,1000000.0,1000000.0,11.778279938947131,0.0,0.0,188.0490609137405,15965748.979349725,15965748.979349725
2002,SPY,90,2009-06-30,67.9314956665039,1273.5,분할매수,0.0,188.0490609137405,1000000.0,1000000.0,11.559255786286656,0.0,0.0,176.48980512745385,15268267.126403835,15268267.126403835
2002,SPY,91,2009-07-31,72.99956512451172,1222.2,분할매수,0.0,176.48980512745385,1000000.0,1000000.0,11.208240666773793,0.0,0.0,165.28156446068004,14746432.502172088,14746432.502172088
2002,SPY,92,2009-08-31,75.69611358642578,1248.0,분할매수,0.0,165.28156446068004,1000000.0,1000000.0,10.585511109063614,0.0,0.0,154.69605335161643,14613942.752292924,14613942.752292924
2002,SPY,93,2009-09-30,78.380126953125,1175.0,분할매수,0.0,154.69605335161643,1000000.0,1000000.0,10.858158347921664,0.0,0.0,143.83789500369477,13246988.153495336,13246988.153495336
2002,SPY,94,2009-10-31,76.87322998046875,1182.0,분할매수,0.0,143.83789500369477,1000000.0,1000000.0,11.00543959032595,0.0,0.0,132.83245541336882,12069709.194545195,12069709.194545195
2002,SPY,95,2009-11-30,81.60918426513672,1164.4,분할매수,0.0,132.83245541336882,1000000.0,1000000.0,10.523465131391358,0.0,0.0,122.30899028197746,11622501.59570837,11622501.59570837
2002,SPY,96,2009-12-31,83.16798400878906,1163.65,분할매수,0.0,122.30899028197746,1000000.0,1000000.0,10.332881571668471,0.0,0.0,111.97610871030899,10836871.392906906,10836871.392906906
2002,SPY,97,2010-01-31,80.14543914794922,1158.7,분할매수,0.0,111.97610871030899,1000000.0,1000000.0,10.768375223722739,0.0,0.0,101.20773348658625,9398607.625004144,9398607.625004144
2002,SPY,98,2010-02-28,82.64555358886719,1159.0,분할매수,0.0,101.20773348658625,1000000.0,1000000.0,10.439917601873455,0.0,0.0,90.76781588471279,8694303.858147731,8694303.858147731
2002,SPY,99,2010-03-31,87.6769790649414,1131.2,분할매수,0.0,90.76781588471279,1000000.0,1000000.0,10.082657757529512,0.0,0.0,80.68515812718327,8002370.016668407,8002370.016668407
2002,SPY,100,2010-04-30,89.03337097167969,1108.0,분할매수,0.0,80.68515812718327,1000000.0,1000000.0,10.136952762345212,0.0,0.0,70.54820536483805,6959508.149914327,6959508.149914327
2002,SPY,101,2010-05-31,81.95924377441406,1194.5,분할매수,0.0,70.54820536483805,1000000.0,1000000.0,10.21447155458571,0.0,0.0,60.33373381025234,5906691.647025632,5906691.647025632
2002,SPY,102,2010-06-30,77.71862030029297,1220.85,분할매수,0.0,60.33373381025234,1000000.0,1000000.0,10.53932046849478,0.0,0.0,49.79441334175756,4724632.246510401,4724632.246510401
2002,SPY,103,2010-07-31,83.0268325805664,1182.0,분할매수,0.0,49.79441334175756,1000000.0,1000000.0,10.189762301751426,0.0,0.0,39.60465104000613,3886710.000408827,3886710.000408827
2002,SPY,104,2010-08-31,79.29222106933594,1198.0,분할매수,0.0,39.60465104000613,1000000.0,1000000.0,10.527193331759362,0.0,0.0,29.07745770824677,2762128.21327441,2762128.21327441
2002,SPY,105,2010-09-30,86.39324188232422,1140.1,분할매수,0.0,29.07745770824677,1000000.0,1000000.0,10.152600172674752,0.0,0.0,18.924857535572016,1864040.463890953,1864040.463890953
2002,SPY,106,2010-10-31,89.69363403320312,1124.0,분할매수,0.0,18.924857535572016,1000000.0,1000000.0,9.919095428479864,0.0,0.0,9.005762107092153,907921.7124209397,907921.7124209397
2002,SPY,107,2010-11-30,89.69363403320312,1157.2,고갈,0.0,9.005762107092153,1000000.0,934739.3288376436,9.005762107092153,0.0,0.0,0.0,0.0,0.0
2002,SOXX,0,2001-12-31,18.2017822265625,1313.5,분할매수,100000000.0,0.0,0.0,0.0,0.0,8333333.333333333,91666666.66666667,348.557765530074,8333333.333333333,100000000.0
2002,SOXX,1,2002-01-31,18.979116439819336,1314.4,분할매수,91666666.66666667,348.557765530074,1000000.0,1000000.0,0.0,8333333.333333333,82333333.33333334,682.6106400898972,17028507.86195059,99361841.19528393
2002,SOXX,2,2002-02-28,16.887962341308594,1323.8,분할매수,82333333.33333334,682.6106400898972,1000000.0,1000000.0,0.0,8333333.333333333,73000000.00000001,1055.361904534392,23593971.03828252,96593971.03828254
2002,SOXX,3,2002-03-31,19.496421813964844,1325.9,분할매수,73000000.00000001,1055.361904534392,1000000.0,1000000.0,0.0,8333333.333333333,63666666.66666668,1377.7307552350537,35614761.17188395,99281427.83855063
2002,SOXX,4,2002-04-30,17.654356002807617,1294.0,분할매수,63666666.66666668,1377.7307552350537,1000000.0,1000000.0,0.0,8333333.333333333,54333333.33333334,1742.512081217252,39807229.63557734,94140562.9689107
2002,SOXX,5,2002-05-31,16.3679141998291,1219.3,분할매수,54333333.33333334,1742.512081217252,1000000.0,1000000.0,0.0,8333333.333333333,45000000.00000001,2160.0681886610887,43109340.081353195,88109340.0813532
2002,SOXX,6,2002-06-30,13.11348819732666,1205.0,분할매수,45000000.00000001,2160.0681886610887,1000000.0,1000000.0,0.0,8333333.333333333,35666666.66666667,2687.4358286211536,42466197.913734026,78132864.5804007
2002,SOXX,7,2002-07-31,11.331633567810059,1183.0,분할매수,35666666.66666667,2687.4358286211536,1000000.0,1000000.0,0.0,8333333.333333333,26333333.33333334,3309.079457610292,44359277.34286206,70692610.6761954
2002,SOXX,8,2002-08-31,10.40101432800293,1201.9,분할매수,26333333.33333334,3309.079457610292,1000000.0,1000000.0,0.0,8333333.333333333,17000000.000000007,3975.693908589571,49700066.54207621,66700066.542076215
2002,SOXX,9,2002-09-30,8.082682609558105,1227.7,분할매수,17000000.000000007,3975.693908589571,1000000.0,1000000.0,0.0,8333333.333333333,7666666.666666674,4815.48443835516,47784579.08723292,55451245.75389959
2002,SOXX,10,2002-10-31,9.990446090698242,1224.0,분할매수,7666666.666666674,4815.48443835516,1000000.0,1000000.0,0.0,6666666.666666674,0.0,5360.667610781573,65551883.98941451,65551883.98941451
2002,SOXX,11,2002-11-30,12.371733665466309,1198.7,분할매수,0.0,5360.667610781573,1000000.0,1000000.0,67.43089632697696,0.0,0.0,5293.236714454596,78498685.3620829,78498685.3620829
2002,SOXX,12,2002-12-31,9.492294311523438,1186.3,분할매수,0.0,5293.236714454596,1000000.0,1000000.0,88.80435707314828,0.0,0.0,5204.432357381448,58605596.9426652,58605596.9426652
2002,SOXX,13,2003-01-31,9.032461166381836,1165.0,분할매수,0.0,5204.432357381448,1000000.0,1000000.0,95.03158473653158,0.0,0.0,5109.400772644916,53765290.63269199,53765290.63269199
2002,SOXX,14,2003-02-28,9.812539100646973,1193.7,분할매수,0.0,5109.400772644916,1000000.0,1000000.0,85.37356281723798,0.0,0.0,5024.027209827678,58847575.80731145,58847575.80731145
2002,SOXX,15,2003-03-31,9.563460350036621,1252.0,분할매수,0.0,5024.027209827678,1000000.0,1000000.0,83.51810071815439,0.0,0.0,4940.509109109524,59154950.44340253,59154950.44340253
2002,SOXX,16,2003-04-30,10.784209251403809,1215.5,분할매수,0.0,4940.509109109524,1000000.0,1000000.0,76.28808806288254,0.0,0.0,4864.221021046641,63761212.85196156,63761212.85196156
2002,SOXX,17,2003-05-31,12.42647647857666,1210.0,분할매수,0.0,4864.221021046641,1000000.0,1000000.0,66.50688812846789,0.0,0.0,4797.714132918173,72138605.00660741,72138605.00660741
2002,SOXX,18,2003-06-30,11.933796882629395,1196.0,분할매수,0.0,4797.714132918173,1000000.0,1000000.0,70.06323381914045,0.0,0.0,4727.650899099032,67476915.3719464,67476915.3719464
2002,SOXX,19,2003-07-31,13.220236778259277,1181.0,분할매수,0.0,4727.650899099032,1000000.0,1000000.0,64.04878104731603,0.0,0.0,4663.602118051716,72813284.52771772,72813284.52771772
2002,SOXX,20,2003-08-31,15.382547378540039,1175.0,분할매수,0.0,4663.602118051716,1000000.0,1000000.0,55.326585957702974,0.0,0.0,4608.275532094013,83292244.62931848,83292244.62931848
2002,SOXX,21,2003-09-30,14.343482971191406,1150.2,분할매수,0.0,4608.275532094013,1000000.0,1000000.0,60.61387019457696,0.0,0.0,4547.661661899437,75026749.608645,75026749.608645
2002,SOXX,22,2003-10-31,17.05341339111328,1184.0,분할매수,0.0,4547.661661899437,1000000.0,1000000.0,49.52642472355253,0.0,0.0,4498.135237175884,90822934.67141339,90822934.67141339
2002,SOXX,23,2003-11-30,17.9539852142334,1202.1,분할매수,0.0,4498.135237175884,1000000.0,1000000.0,46.333866141624156,0.0,0.0,4451.80137103426,96080939.10028742,96080939.10028742
2002,SOXX,24,2003-12-31,17.17659568786621,1192.0,분할매수,0.0,4451.80137103426,1000000.0,1000000.0,48.84123663045021,0.0,0.0,4402.96013440381,90148416.3416692,90148416.3416692
2002,SOXX,25,2004-01-31,17.792482376098633,1174.0,분할매수,0.0,4402.96013440381,1000000.0,1000000.0,47.87351974745572,0.0,0.0,4355.086614656354,90970679.35740842,90970679.35740842
2002,SOXX,26,2004-02-29,17.636457443237305,1179.0,분할매수,0.0,4355.086614656354,1000000.0,1000000.0,48.092221662164796,0.0,0.0,4306.994392994189,89556985.39463808,89556985.39463808
2002,SOXX,27,2004-03-31,16.878223419189453,1146.7,분할매수,0.0,4306.994392994189,1000000.0,1000000.0,51.668214763640194,0.0,0.0,4255.326178230549,82358684.10969551,82358684.10969551
2002,SOXX,28,2004-04-30,15.137300491333008,1173.6,분할매수,0.0,4255.326178230549,1000000.0,1000000.0,56.29002829307867,0.0,0.0,4199.03614993747,74596447.67053309,74596447.67053309
2002,SOXX,29,2004-05-31,16.703035354614258,1165.0,분할매수,0.0,4199.03614993747,1000000.0,1000000.0,51.390006695718306,0.0,0.0,4147.646143241752,80709196.39688087,80709196.39688087
2002,SOXX,30,2004-06-30,16.218538284301758,1156.0,분할매수,0.0,4147.646143241752,1000000.0,1000000.0,53.337229776834306,0.0,0.0,4094.3089134649176,76762683.97507174,76762683.97507174
2002,SOXX,31,2004-07-31,13.875397682189941,1170.0,분할매수,0.0,4094.3089134649176,1000000.0,1000000.0,61.598296083284446,0.0,0.0,4032.7106173816333,65467892.35743106,65467892.35743106
2002,SOXX,32,2004-08-31,12.52043342590332,1152.0,분할매수,0.0,4032.7106173816333,1000000.0,1000000.0,69.33111067542195,0.0,0.0,3963.3795067062115,57165960.102110974,57165960.102110974
2002,SOXX,33,2004-09-30,13.14454460144043,1152.0,분할매수,0.0,3963.3795067062115,1000000.0,1000000.0,66.03922630080548,0.0,0.0,3897.340280405406,59015535.14048165,59015535.14048165
2002,SOXX,34,2004-10-31,13.924675941467285,1120.0,분할매수,0.0,3897.340280405406,1000000.0,1000000.0,64.12049706652346,0.0,0.0,3833.2197833388823,59781504.49086522,59781504.49086522
2002,SOXX,35,2004-11-30,14.37086009979248,1048.0,분할매수,0.0,3833.2197833388823,1000000.0,1000000.0,66.39814643357509,0.0,0.0,3766.821636905307,56730825.169549674,56730825.169549674
2002,SOXX,36,2004-12-31,14.726704597473145,1035.1,분할매수,0.0,3766.821636905307,1000000.0,1000000.0,65.60125019371347,0.0,0.0,3701.2203867115936,56419967.23815912,56419967.23815912
2002,SOXX,37,2005-01-31,13.642729759216309,1026.85,분할매수,0.0,3701.2203867115936,1000000.0,1000000.0,71.38249375733619,0.0,0.0,3629.8378929542573,50850533.53969169,50850533.53969169
2002,SOXX,38,2005-02-28,14.715757369995117,1000.85,분할매수,0.0,3629.8378929542573,1000000.0,1000000.0,67.89665640476159,0.0,0.0,3561.941236549496,52461217.16679552,52461217.16679552
2002,SOXX,39,2005-03-31,13.952051162719727,1015.4,분할매수,0.0,3561.941236549496,1000000.0,1000000.0,70.58700915312971,0.0,0.0,3491.3542273963662,49461710.72105221,49461710.72105221
2002,SOXX,40,2005-04-30,13.147279739379883,997.0,분할매수,0.0,3491.3542273963662,1000000.0,1000000.0,76.29023242556734,0.0,0.0,3415.063994970799,44764105.26475601,44764105.26475601
2002,SOXX,41,2005-05-31,14.644584655761719,1005.0,분할매수,0.0,3415.063994970799,1000000.0,1000000.0,67.94490243398,0.0,0.0,3347.1190925368187,49262254.74808965,49262254.74808965
2002,SOXX,42,2005-06-30,14.43108081817627,1034.5,분할매수,0.0,3347.1190925368187,1000000.0,1000000.0,66.9839333590698,0.0,0.0,3280.135159177749,48968983.974029504,48968983.974029504
2002,SOXX,43,2005-07-31,16.106307983398438,1026.5,분할매수,0.0,3280.135159177749,1000000.0,1000000.0,60.484632592582386,0.0,0.0,3219.6505265851665,53230885.07906408,53230885.07906408
2002,SOXX,44,2005-08-31,16.13642120361328,1039.0,분할매수,0.0,3219.6505265851665,1000000.0,1000000.0,59.645437824091324,0.0,0.0,3160.005088761075,52979828.86940467,52979828.86940467
2002,SOXX,45,2005-09-30,16.229385375976562,1042.4,분할매수,0.0,3160.005088761075,1000000.0,1000000.0,59.110349112583904,0.0,0.0,3100.894739648491,52459421.84747385,52459421.84747385
2002,SOXX,46,2005-10-31,15.281803131103516,1043.5,분할매수,0.0,3100.894739648491,1000000.0,1000000.0,62.709443398142334,0.0,0.0,3038.1852962503485,48448608.879541576,48448608.879541576
2002,SOXX,47,2005-11-30,16.938695907592773,1037.4,분할매수,0.0,3038.1852962503485,1000000.0,1000000.0,56.90806055130224,0.0,0.0,2981.2772356990463,52387609.186073825,52387609.186073825
2002,SOXX,48,2005-12-31,16.697696685791016,1010.0,분할매수,0.0,2981.2772356990463,1000000.0,1000000.0,59.29554408204813,0.0,0.0,2921.981691616998,49278267.64813572,49278267.64813572
2002,SOXX,49,2006-01-31,18.193012237548828,958.9,분할매수,0.0,2921.981691616998,1000000.0,1000000.0,57.322097003357975,0.0,0.0,2864.65959461364,49974787.11300158,49974787.11300158
2002,SOXX,50,2006-02-28,17.79042625427246,970.9,분할매수,0.0,2864.65959461364,1000000.0,1000000.0,57.89474496168954,0.0,0.0,2806.7648496519505,48480476.96745638,48480476.96745638
2002,SOXX,51,2006-03-31,17.853412628173828,971.4,분할매수,0.0,2806.7648496519505,1000000.0,1000000.0,57.660799302229016,0.0,0.0,2749.1040503497215,47677175.54417336,47677175.54417336
2002,SOXX,52,2006-04-30,18.272436141967773,942.8,분할매수,0.0,2749.1040503497215,1000000.0,1000000.0,58.04756056698234,0.0,0.0,2691.0564897827394,46359510.43416322,46359510.43416322
2002,SOXX,53,2006-05-31,16.54158592224121,945.3,분할매수,0.0,2691.0564897827394,1000000.0,1000000.0,63.95186247212184,0.0,0.0,2627.1046273106176,41079407.631886184,41079407.631886184
2002,SOXX,54,2006-06-30,15.880809783935547,948.5,분할매수,0.0,2627.1046273106176,1000000.0,1000000.0,66.38806657798865,0.0,0.0,2560.7165607326287,38571940.60207274,38571940.60207274
2002,SOXX,55,2006-07-31,15.198433876037598,954.9,분할매수,0.0,2560.7165607326287,1000000.0,1000000.0,68.90381502392142,0.0,0.0,2491.8127457087076,36163639.7758763,36163639.7758763
2002,SOXX,56,2006-08-31,16.5659122467041,961.1,분할매수,0.0,2491.8127457087076,1000000.0,1000000.0,62.8081593610461,0.0,0.0,2429.0045863476616,38673392.29581278,38673392.29581278
2002,SOXX,57,2006-09-30,16.861833572387695,946.0,분할매수,0.0,2429.0045863476616,1000000.0,1000000.0,62.690836550677865,0.0,0.0,2366.3137497969838,37745767.64315641,37745767.64315641
2002,SOXX,58,2006-10-31,16.697277069091797,942.2,분할매수,0.0,2366.3137497969838,1000000.0,1000000.0,63.56400400289679,0.0,0.0,2302.749745794087,36227260.72588418,36227260.72588418
2002,SOXX,59,2006-11-30,17.24580192565918,929.0,분할매수,0.0,2302.749745794087,1000000.0,1000000.0,62.41671274209055,0.0,0.0,2240.3330330519966,35893159.61430365,35893159.61430365
2002,SOXX,60,2006-12-31,16.73563575744629,930.0,분할매수,0.0,2240.3330330519966,1000000.0,1000000.0,64.25025214389451,0.0,0.0,2176.082780908102,33868859.78337578,33868859.78337578
2002,SOXX,61,2007-01-31,16.680774688720703,941.0,분할매수,0.0,2176.082780908102,1000000.0,1000000.0,63.70802771103326,0.0,0.0,2112.374753197069,33157120.52456519,33157120.52456519
2002,SOXX,62,2007-02-28,16.97429084777832,942.3,분할매수,0.0,2112.374753197069,1000000.0,1000000.0,62.520028815377394,0.0,0.0,2049.8547243816915,32787168.57976736,32787168.57976736
2002,SOXX,63,2007-03-31,16.558300018310547,941.1,분할매수,0.0,2049.8547243816915,1000000.0,1000000.0,64.17242917236055,0.0,0.0,1985.682295209331,30942919.269519817,30942919.269519817
2002,SOXX,64,2007-04-30,17.566083908081055,931.0,분할매수,0.0,1985.682295209331,1000000.0,1000000.0,61.14702979271383,0.0,0.0,1924.5352654166172,31473896.14737986,31473896.14737986
2002,SOXX,65,2007-05-31,17.714351654052734,927.4,분할매수,0.0,1924.5352654166172,1000000.0,1000000.0,60.87060898013154,0.0,0.0,1863.6646564364858,30616822.924258817,30616822.924258817
2002,SOXX,66,2007-06-30,18.101930618286133,922.6,분할매수,0.0,1863.6646564364858,1000000.0,1000000.0,59.877223471398096,0.0,0.0,1803.7874329650876,30124767.455637172,30124767.455637172
2002,SOXX,67,2007-07-31,18.110179901123047,919.0,분할매수,0.0,1803.7874329650876,1000000.0,1000000.0,60.084399369251784,0.0,0.0,1743.703033595836,29020894.806317672,29020894.806317672
2002,SOXX,68,2007-08-31,18.35765838623047,938.1,분할매수,0.0,1743.703033595836,1000000.0,1000000.0,58.06756037179493,0.0,0.0,1685.6354732240409,29028866.761945147,29028866.761945147
2002,SOXX,69,2007-09-30,18.577804565429688,913.6,분할매수,0.0,1685.6354732240409,1000000.0,1000000.0,58.918206634220276,0.0,0.0,1626.7172665898206,27609755.27800616,27609755.27800616
2002,SOXX,70,2007-10-31,17.79867935180664,903.2,분할매수,0.0,1626.7172665898206,1000000.0,1000000.0,62.205429336382274,0.0,0.0,1564.5118372534384,25150728.06254868,25150728.06254868
2002,SOXX,71,2007-11-30,16.281736373901367,920.9,분할매수,0.0,1564.5118372534384,1000000.0,1000000.0,66.69400664429381,0.0,0.0,1497.8178306091447,22458057.417327087,22458057.417327087
2002,SOXX,72,2007-12-31,16.376056671142578,935.8,분할매수,0.0,1497.8178306091447,1000000.0,1000000.0,65.25407331627054,0.0,0.0,1432.5637572928742,21953629.62783316,21953629.62783316
2002,SOXX,73,2008-01-31,14.115763664245605,943.4,분할매수,0.0,1432.5637572928742,1000000.0,1000000.0,75.09305094855523,0.0,0.0,1357.470706344319,18077181.432863813,18077181.432863813
2002,SOXX,74,2008-02-29,13.834603309631348,942.8,분할매수,0.0,1357.470706344319,1000000.0,1000000.0,76.66792606324866,0.0,0.0,1280.8027802810705,16705848.795550408,16705848.795550408
2002,SOXX,75,2008-03-31,13.660955429077148,988.6,분할매수,0.0,1280.8027802810705,1000000.0,1000000.0,74.04544022413931,0.0,0.0,1206.757340056931,16297524.012336416,16297524.012336416
2002,SOXX,76,2008-04-30,14.716668128967285,1005.0,분할매수,0.0,1206.757340056931,1000000.0,1000000.0,67.61210261060053,0.0,0.0,1139.1452374463306,16848244.52224224,16848244.52224224
2002,SOXX,77,2008-05-31,15.965337753295898,1028.5,분할매수,0.0,1139.1452374463306,1000000.0,1000000.0,60.90004216431299,0.0,0.0,1078.2451952820177,17705163.362166964,17705163.362166964
2002,SOXX,78,2008-06-30,14.149591445922852,1046.8,분할매수,0.0,1078.2451952820177,1000000.0,1000000.0,67.51377402667096,0.0,0.0,1010.7314212553467,14970743.90858468,14970743.90858468
2002,SOXX,79,2008-07-31,12.986111640930176,1011.5,분할매수,0.0,1010.7314212553467,1000000.0,1000000.0,76.12985116346954,0.0,0.0,934.6015700918772,12276413.992785268,12276413.992785268
2002,SOXX,80,2008-08-31,13.558173179626465,1089.0,분할매수,0.0,934.6015700918772,1000000.0,1000000.0,67.72841985277486,0.0,0.0,866.8731502391023,12799252.546028297,12799252.546028297
2002,SOXX,81,2008-09-30,11.203596115112305,1206.3,분할매수,0.0,866.8731502391023,1000000.0,1000000.0,73.99241936336581,0.0,0.0,792.8807308757365,10715702.198924143,10715702.198924143
2002,SOXX,82,2008-10-31,9.227625846862793,1277.5,분할매수,0.0,792.8807308757365,1000000.0,1000000.0,84.82993111784813,0.0,0.0,708.0507997578884,8346709.592092492,8346709.592092492
2002,SOXX,83,2008-11-30,7.481041431427002,1468.0,분할매수,0.0,708.0507997578884,1000000.0,1000000.0,91.05669529112684,0.0,0.0,616.9941044667615,6775933.4170222785,6775933.4170222785
2002,SOXX,84,2008-12-31,7.908021450042725,1262.0,분할매수,0.0,616.9941044667615,1000000.0,1000000.0,100.20117319447608,0.0,0.0,516.7929312722855,5157553.697193392,5157553.697193392
2002,SOXX,85,2009-01-31,7.701746463775635,1380.0,분할매수,0.0,516.7929312722855,1000000.0,1000000.0,94.08744945937632,0.0,0.0,422.70548181290917,4492687.220684186,4492687.220684186
2002,SOXX,86,2009-02-28,7.576310157775879,1532.8,분할매수,0.0,422.70548181290917,1000000.0,1000000.0,86.11062924918446,0.0,0.0,336.5948525637247,3908865.3224179354,3908865.3224179354
2002,SOXX,87,2009-03-31,8.680145263671875,1372.3,분할매수,0.0,336.5948525637247,1000000.0,1000000.0,83.95062687267615,0.0,0.0,252.64422569104858,3009438.226997659,3009438.226997659
2002,SOXX,88,2009-04-30,9.758893966674805,1277.0,분할매수,0.0,252.64422569104858,1000000.0,1000000.0,80.24324877162914,0.0,0.0,172.40097691941943,2148479.5239294153,2148479.5239294153
2002,SOXX,89,2009-05-31,10.151926040649414,1249.0,분할매수,0.0,172.40097691941943,1000000.0,1000000.0,78.8658732544028,0.0,0.0,93.53510366501663,1186002.2568100442,1186002.2568100442
2002,SOXX,90,2009-06-30,10.254066467285156,1273.5,분할매수,0.0,93.53510366501663,1000000.0,1000000.0,76.57815919756173,0.0,0.0,16.956944467454903,221433.16900198898,221433.16900198898
2002,SOXX,91,2009-07-31,11.84000301361084,1222.2,고갈,0.0,16.956944467454903,1000000.0,245381.42838939506,16.956944467454903,0.0,0.0,0.0,0.0,0.0
2003,QQQ,0,2002-12-31,20.535024642944336,1186.3,분할매수,100000000.0,0.0,0.0,0.0,0.0,8333333.333333333,91666666.66666667,342.0810331539155,8333333.333333332,100000000.0
2003,QQQ,1,2003-01-31,20.594005584716797,1165.0,분할매수,91666666.66666667,342.0810331539155,1000000.0,1000000.0,0.0,8333333.333333333,82333333.33333334,689.4187957459658,16540547.127218338,98873880.46055168
2003,QQQ,2,2003-02-28,21.20069694519043,1193.7,분할매수,82333333.33333334,689.4187957459658,1000000.0,1000000.0,0.0,8333333.333333333,73000000.00000001,1018.7049136628484,25780642.28021872,98780642.28021874
2003,QQQ,3,2003-03-31,21.276538848876953,1252.0,분할매수,73000000.00000001,1018.7049136628484,1000000.0,1000000.0,0.0,8333333.333333333,63666666.66666668,1331.538551064119,35469825.70153731,99136492.368204
2003,QQQ,4,2003-04-30,23.130327224731445,1215.5,분할매수,63666666.66666668,1331.538551064119,1000000.0,1000000.0,0.0,8333333.333333333,54333333.33333334,1627.9411545473902,45769423.508658856,100102756.8419922
2003,QQQ,5,2003-05-31,25.102094650268555,1210.0,분할매수,54333333.33333334,1627.9411545473902,1000000.0,1000000.0,0.0,8333333.333333333,45000000.00000001,1902.3028139049336,57779660.198617764,102779660.19861777
2003,QQQ,6,2003-06-30,25.236921310424805,1196.0,분할매수,45000000.00000001,1902.3028139049336,1000000.0,1000000.0,0.0,8333333.333333333,35666666.66666667,2178.393147010267,65751219.97538304,101417886.64204971
2003,QQQ,7,2003-07-31,26.795791625976562,1181.0,분할매수,35666666.66666667,2178.393147010267,1000000.0,1000000.0,0.0,8333333.333333333,26333333.33333334,2441.724314401353,77270392.34133616,103603725.6746695
2003,QQQ,8,2003-08-31,28.13558006286621,1175.0,분할매수,26333333.33333334,2441.724314401353,1000000.0,1000000.0,0.0,8333333.333333333,17000000.000000007,2693.7965505419784,89055046.01199481,106055046.01199481
2003,QQQ,9,2003-09-30,27.31822967529297,1150.2,분할매수,17000000.000000007,2693.7965505419784,1000000.0,1000000.0,0.0,8333333.333333333,7666666.666666674,2959.00834784359,92976267.08005695,100642933.74672362
2003,QQQ,10,2003-10-31,29.643918991088867,1184.0,분할매수,7666666.666666674,2959.00834784359,1000000.0,1000000.0,0.0,6666666.666666674,0.0,3148.950528981085,110523125.51546507,110523125.51546507
2003,QQQ,11,2003-11-30,29.812427520751953,1202.1,분할매수,0.0,3148.950528981085,1000000.0,1000000.0,27.903717234899204,0.0,0.0,3121.046811746186,111850574.79878306,111850574.79878306
2003,QQQ,12,2003-12-31,30.73448371887207,1192.0,분할매수,0.0,3121.046811746186,1000000.0,1000000.0,27.29592539019986,0.0,0.0,3093.750886355986,113341124.80636927,113341124.80636927
2003,QQQ,13,2004-01-31,31.248682022094727,1174.0,분할매수,0.0,3093.750886355986,1000000.0,1000000.0,27.25838983500645,0.0,0.0,3066.49249652098,112497198.66368821,112497198.66368821
2003,QQQ,14,2004-02-29,30.82722282409668,1179.0,분할매수,0.0,3066.49249652098,1000000.0,1000000.0,27.513877118781895,0.0,0.0,3038.978619402198,110452576.57735518,110452576.57735518
2003,QQQ,15,2004-03-31,30.21183967590332,1146.7,분할매수,0.0,3038.978619402198,1000000.0,1000000.0,28.865096657683353,0.0,0.0,3010.1135227445147,104282121.70712683,104282121.70712683
2003,QQQ,16,2004-04-30,29.309871673583984,1173.6,분할매수,0.0,3010.1135227445147,1000000.0,1000000.0,29.07140237348495,0.0,0.0,2981.04212037103,102542081.80510543,102542081.80510543
2003,QQQ,17,2004-05-31,30.81035804748535,1165.0,분할매수,0.0,2981.04212037103,1000000.0,1000000.0,27.859757338409246,0.0,0.0,2953.1823630326207,106001725.97200531,106001725.97200531
2003,QQQ,18,2004-06-30,31.8134765625,1156.0,분할매수,0.0,2953.1823630326207,1000000.0,1000000.0,27.191366571167613,0.0,0.0,2925.990996461453,107607353.5621424,107607353.5621424
2003,QQQ,19,2004-07-31,29.411035537719727,1170.0,분할매수,0.0,2925.990996461453,1000000.0,1000000.0,29.060549520764024,0.0,0.0,2896.930446940689,99686017.46057162,99686017.46057162
2003,QQQ,20,2004-08-31,28.677650451660156,1152.0,분할매수,0.0,2896.930446940689,1000000.0,1000000.0,30.269409867407866,0.0,0.0,2866.661037073281,94704886.86863749,94704886.86863749
2003,QQQ,21,2004-09-30,29.621776580810547,1152.0,분할매수,0.0,2866.661037073281,1000000.0,1000000.0,29.304641913945687,0.0,0.0,2837.3563951593355,96822762.8746105,96822762.8746105
2003,QQQ,22,2004-10-31,31.105392456054688,1120.0,분할매수,0.0,2837.3563951593355,1000000.0,1000000.0,28.704255833407675,0.0,0.0,2808.6521393259277,97847934.31422304,97847934.31422304
2003,QQQ,23,2004-11-30,32.976768493652344,1048.0,분할매수,0.0,2808.6521393259277,1000000.0,1000000.0,28.935475392809188,0.0,0.0,2779.7166639331185,96066044.40388462,96066044.40388462
2003,QQQ,24,2004-12-31,33.97344970703125,1035.1,분할매수,0.0,2779.7166639331185,1000000.0,1000000.0,28.43662451587309,0.0,0.0,2751.2800394172455,96751287.68822417,96751287.68822417
2003,QQQ,25,2005-01-31,31.82882308959961,1026.85,분할매수,0.0,2751.2800394172455,1000000.0,1000000.0,30.59654669382039,0.0,0.0,2720.683492723425,88921260.29611452,88921260.29611452
2003,QQQ,26,2005-02-28,31.675640106201172,1000.85,분할매수,0.0,2720.683492723425,1000000.0,1000000.0,31.543189609948616,0.0,0.0,2689.1403031134764,85252643.64087424,85252643.64087424
2003,QQQ,27,2005-03-31,31.122478485107422,1015.4,분할매수,0.0,2689.1403031134764,1000000.0,1000000.0,31.64380252039018,0.0,0.0,2657.4965005930862,83981578.97998153,83981578.97998153
2003,QQQ,28,2005-04-30,29.769319534301758,997.0,분할매수,0.0,2657.4965005930862,1000000.0,1000000.0,33.692709231244756,0.0,0.0,2623.8037913618414,77874526.89998199,77874526.89998199
2003,QQQ,29,2005-05-31,32.40753173828125,1005.0,분할매수,0.0,2623.8037913618414,1000000.0,1000000.0,30.703506939608175,0.0,0.0,2593.100284422233,84456159.66679946,84456159.66679946
2003,QQQ,30,2005-06-30,31.33011817932129,1034.5,분할매수,0.0,2593.100284422233,1000000.0,1000000.0,30.85371559377279,0.0,0.0,2562.24656882846,83044992.13526161,83044992.13526161
2003,QQQ,31,2005-07-31,33.71522903442383,1026.5,분할매수,0.0,2562.24656882846,1000000.0,1000000.0,28.8944832557469,0.0,0.0,2533.3520855727133,87675978.25335217,87675978.25335217
2003,QQQ,32,2005-08-31,33.20414352416992,1039.0,분할매수,0.0,2533.3520855727133,1000000.0,1000000.0,28.98625910657413,0.0,0.0,2504.3658264661394,86398379.91022943,86398379.91022943
2003,QQQ,33,2005-09-30,33.61299514770508,1042.4,분할매수,0.0,2504.3658264661394,1000000.0,1000000.0,28.540290183635605,0.0,0.0,2475.825536282504,86748435.99530356,86748435.99530356
2003,QQQ,34,2005-10-31,33.11042785644531,1043.5,분할매수,0.0,2475.825536282504,1000000.0,1000000.0,28.94294729824652,0.0,0.0,2446.8825889842574,84541583.26621073,84541583.26621073
2003,QQQ,35,2005-11-30,35.12925338745117,1037.4,분할매수,0.0,2446.8825889842574,1000000.0,1000000.0,27.44004609883697,0.0,0.0,2419.4425428854206,88171956.20483916,88171956.20483916
2003,QQQ,36,2005-12-31,34.505252838134766,1010.0,분할매수,0.0,2419.4425428854206,1000000.0,1000000.0,28.69415316402914,0.0,0.0,2390.7483897213915,83318311.43629718,83318311.43629718
2003,QQQ,37,2006-01-31,35.86294937133789,958.9,분할매수,0.0,2390.7483897213915,1000000.0,1000000.0,29.079081072387215,0.0,0.0,2361.6693086490045,81215403.70447221,81215403.70447221
2003,QQQ,38,2006-02-28,35.09444046020508,970.9,분할매수,0.0,2361.6693086490045,1000000.0,1000000.0,29.348585623377424,0.0,0.0,2332.320723025627,79469612.36754906,79469612.36754906
2003,QQQ,39,2006-03-31,35.82829284667969,971.4,분할매수,0.0,2332.320723025627,1000000.0,1000000.0,28.73265680891669,0.0,0.0,2303.5880662167106,80173166.07846133,80173166.07846133
2003,QQQ,40,2006-04-30,35.759918212890625,942.8,분할매수,0.0,2303.5880662167106,1000000.0,1000000.0,29.660871631267998,0.0,0.0,2273.9271945854425,76664206.73181789,76664206.73181789
2003,QQQ,41,2006-05-31,33.17087173461914,945.3,분할매수,0.0,2273.9271945854425,1000000.0,1000000.0,31.89139062829947,0.0,0.0,2242.035803957143,70302227.6478476,70302227.6478476
2003,QQQ,42,2006-06-30,33.15043258666992,948.5,분할매수,0.0,2242.035803957143,1000000.0,1000000.0,31.803393650803475,0.0,0.0,2210.2324103063393,69496747.25201851,69496747.25201851
2003,QQQ,43,2006-07-31,31.72248649597168,954.9,분할매수,0.0,2210.2324103063393,1000000.0,1000000.0,33.0122317675438,0.0,0.0,2177.2201785387956,65951923.331622325,65951923.331622325
2003,QQQ,44,2006-08-31,33.235931396484375,961.1,분할매수,0.0,2177.2201785387956,1000000.0,1000000.0,31.305710796543398,0.0,0.0,2145.9144677422523,68547061.00393645,68547061.00393645
2003,QQQ,45,2006-09-30,34.77791976928711,946.0,분할매수,0.0,2145.9144677422523,1000000.0,1000000.0,30.39521798439522,0.0,0.0,2115.5192497578573,69600397.36658432,69600397.36658432
2003,QQQ,46,2006-10-31,36.429161071777344,942.2,분할매수,0.0,2115.5192497578573,1000000.0,1000000.0,29.134510793867307,0.0,0.0,2086.38473896399,71612142.5111818,71612142.5111818
2003,QQQ,47,2006-11-30,37.678245544433594,929.0,분할매수,0.0,2086.38473896399,1000000.0,1000000.0,28.568906254709816,0.0,0.0,2057.81583270928,72029913.02371027,72029913.02371027
2003,QQQ,48,2006-12-31,36.970359802246094,930.0,분할매수,0.0,2057.81583270928,1000000.0,1000000.0,29.084618677121295,0.0,0.0,2028.7312140321587,69752718.32007928,69752718.32007928
2003,QQQ,49,2007-01-31,37.749839782714844,941.0,분할매수,0.0,2028.7312140321587,1000000.0,1000000.0,28.151093149728194,0.0,0.0,2000.5801208824305,71065805.87268408,71065805.87268408
2003,QQQ,50,2007-02-28,37.1159782409668,942.3,분할매수,0.0,2000.5801208824305,1000000.0,1000000.0,28.592353030112523,0.0,0.0,1971.987767852318,68969061.9647668,68969061.9647668
2003,QQQ,51,2007-03-31,37.31077575683594,941.1,분할매수,0.0,1971.987767852318,1000000.0,1000000.0,28.47934178760802,0.0,0.0,1943.50842606471,68242743.83020931,68242743.83020931
2003,QQQ,52,2007-04-30,39.39360046386719,931.0,분할매수,0.0,1943.50842606471,1000000.0,1000000.0,27.266201703343867,0.0,0.0,1916.2422243613662,70279030.61856842,70279030.61856842
2003,QQQ,53,2007-05-31,40.636444091796875,927.4,분할매수,0.0,1916.2422243613662,1000000.0,1000000.0,26.534885051324146,0.0,0.0,1889.707339310042,71215961.01339589,71215961.01339589
2003,QQQ,54,2007-06-30,40.8311767578125,922.6,분할매수,0.0,1889.707339310042,1000000.0,1000000.0,26.54572880237829,0.0,0.0,1863.1616105076637,70186869.77397053,70186869.77397053
2003,QQQ,55,2007-07-31,40.77113723754883,919.0,분할매수,0.0,1863.1616105076637,1000000.0,1000000.0,26.68896075888545,0.0,0.0,1836.4726497487782,68810197.08260347,68810197.08260347
2003,QQQ,56,2007-08-31,41.92058181762695,938.1,분할매수,0.0,1836.4726497487782,1000000.0,1000000.0,25.428665118836577,0.0,0.0,1811.0439846299416,71220568.44770786,71220568.44770786
2003,QQQ,57,2007-09-30,44.1223258972168,913.6,분할매수,0.0,1811.0439846299416,1000000.0,1000000.0,24.80764343080997,0.0,0.0,1786.2363411991316,72003467.24512763,72003467.24512763
2003,QQQ,58,2007-10-31,47.22917938232422,903.2,분할매수,0.0,1786.2363411991316,1000000.0,1000000.0,23.442594285559412,0.0,0.0,1762.7937469135722,75196188.84499696,75196188.84499696
2003,QQQ,59,2007-11-30,44.036502838134766,920.9,분할매수,0.0,1762.7937469135722,1000000.0,1000000.0,24.658957090508434,0.0,0.0,1738.1347898230638,70486954.63654038,70486954.63654038
2003,QQQ,60,2007-12-31,44.005088806152344,935.8,분할매수,0.0,1738.1347898230638,1000000.0,1000000.0,24.283655178096982,0.0,0.0,1713.8511346449668,70576324.77794369,70576324.77794369
2003,QQQ,61,2008-01-31,38.772918701171875,943.4,분할매수,0.0,1713.8511346449668,1000000.0,1000000.0,27.338559889867735,0.0,0.0,1686.512574755099,61689883.50334274,61689883.50334274
2003,QQQ,62,2008-02-29,36.90000915527344,942.8,분할매수,0.0,1686.512574755099,1000000.0,1000000.0,28.744446625851566,0.0,0.0,1657.7681281292473,57672640.20446716,57672640.20446716
2003,QQQ,63,2008-03-31,37.59090042114258,988.6,분할매수,0.0,1657.7681281292473,1000000.0,1000000.0,26.90894464606756,0.0,0.0,1630.8591834831798,60606582.86431577,60606582.86431577
2003,QQQ,64,2008-04-30,40.59163284301758,1005.0,분할매수,0.0,1630.8591834831798,1000000.0,1000000.0,24.513053699268742,0.0,0.0,1606.346129783911,65530233.38058573,65530233.38058573
2003,QQQ,65,2008-05-31,42.999114990234375,1028.5,분할매수,0.0,1606.346129783911,1000000.0,1000000.0,22.61185474547644,0.0,0.0,1583.7342750384346,70039998.61423418,70039998.61423418
2003,QQQ,66,2008-06-30,38.86471939086914,1046.8,분할매수,0.0,1583.7342750384346,1000000.0,1000000.0,24.57993610714677,0.0,0.0,1559.1543389312878,63431993.15631882,63431993.15631882
2003,QQQ,67,2008-07-31,39.11421203613281,1011.5,분할매수,0.0,1559.1543389312878,1000000.0,1000000.0,25.27548670807785,0.0,0.0,1533.87885222321,60686421.98423005,60686421.98423005
2003,QQQ,68,2008-08-31,39.682106018066406,1089.0,분할매수,0.0,1533.87885222321,1000000.0,1000000.0,23.14074875784825,0.0,0.0,1510.7381034653617,65284754.58050987,65284754.58050987
2003,QQQ,69,2008-09-30,33.5011100769043,1206.3,분할매수,0.0,1510.7381034653617,1000000.0,1000000.0,24.744886967153555,0.0,0.0,1485.993216498208,60052536.04393992,60052536.04393992
2003,QQQ,70,2008-10-31,28.31796646118164,1277.5,분할매수,0.0,1485.993216498208,1000000.0,1000000.0,27.642481533540963,0.0,0.0,1458.350734964667,52757590.99974894,52757590.99974894
2003,QQQ,71,2008-11-30,25.072023391723633,1468.0,분할매수,0.0,1458.350734964667,1000000.0,1000000.0,27.169682296428064,0.0,0.0,1431.1810526682389,52675663.89086534,52675663.89086534
2003,QQQ,72,2008-12-31,25.64301109313965,1262.0,분할매수,0.0,1431.1810526682389,1000000.0,1000000.0,30.90093530994705,0.0,0.0,1400.2801173582918,45315137.011647016,45315137.011647016
2003,QQQ,73,2009-01-31,25.056690216064453,1380.0,분할매수,0.0,1400.2801173582918,1000000.0,1000000.0,28.919928167321853,0.0,0.0,1371.36018919097,47419211.46057831,47419211.46057831
2003,QQQ,74,2009-02-28,23.73746681213379,1532.8,분할매수,0.0,1371.36018919097,1000000.0,1000000.0,27.484012520644523,0.0,0.0,1343.8761766703255,48896651.304494835,48896651.304494835
2003,QQQ,75,2009-03-31,26.186351776123047,1372.3,분할매수,0.0,1343.8761766703255,1000000.0,1000000.0,27.827611973638245,0.0,0.0,1316.0485646966872,47292903.391904816,47292903.391904816
2003,QQQ,76,2009-04-30,29.606462478637695,1277.0,분할매수,0.0,1316.0485646966872,1000000.0,1000000.0,26.44981165408958,0.0,0.0,1289.5987530425975,48756443.70961728,48756443.70961728
2003,QQQ,77,2009-05-31,30.556489944458008,1249.0,분할매수,0.0,1289.5987530425975,1000000.0,1000000.0,26.20197914960907,0.0,0.0,1263.3967738929884,48217608.55083492,48217608.55083492
2003,QQQ,78,2009-06-30,31.458803176879883,1273.5,분할매수,0.0,1263.3967738929884,1000000.0,1000000.0,24.96082034459719,0.0,0.0,1238.4359535483914,49615194.390694484,49615194.390694484
2003,QQQ,79,2009-07-31,34.11350631713867,1222.2,분할매수,0.0,1238.4359535483914,1000000.0,1000000.0,23.984538173207106,0.0,0.0,1214.4514153751843,50634763.38818298,50634763.38818298
2003,QQQ,80,2009-08-31,34.61507034301758,1248.0,분할매수,0.0,1214.4514153751843,1000000.0,1000000.0,23.148358311618537,0.0,0.0,1191.3030570635658,51463824.821893804,51463824.821893804
2003,QQQ,81,2009-09-30,36.57011795043945,1175.0,분할매수,0.0,1191.3030570635658,1000000.0,1000000.0,23.272110605183517,0.0,0.0,1168.0309464583822,50190159.6410521,50190159.6410521
2003,QQQ,82,2009-10-31,35.45353698730469,1182.0,분할매수,0.0,1168.0309464583822,1000000.0,1000000.0,23.862885357989228,0.0,0.0,1144.168061100393,47947599.12456809,47947599.12456809
2003,QQQ,83,2009-11-30,37.70399475097656,1164.4,분할매수,0.0,1144.168061100393,1000000.0,1000000.0,22.77772980522746,0.0,0.0,1121.3903312951657,49231874.330066375,49231874.330066375
2003,QQQ,84,2009-12-31,39.6656608581543,1163.65,분할매수,0.0,1121.3903312951657,1000000.0,1000000.0,21.665211437932467,0.0,0.0,1099.7251198572333,50759953.25537341,50759953.25537341
2003,QQQ,85,2010-01-31,37.09930419921875,1158.7,분할매수,0.0,1099.7251198572333,1000000.0,1000000.0,23.262866510400187,0.0,0.0,1076.462253346833,46273843.89045849,46273843.89045849
2003,QQQ,86,2010-02-28,38.80733108520508,1159.0,분할매수,0.0,1076.462253346833,1000000.0,1000000.0,22.233241645363485,0.0,0.0,1054.2290117014695,47416792.76990714,47416792.76990714
2003,QQQ,87,2010-03-31,41.79971694946289,1131.2,분할매수,0.0,1054.2290117014695,1000000.0,1000000.0,21.14887462502885,0.0,0.0,1033.0801370764407,48847995.71575461,48847995.71575461
2003,QQQ,88,2010-04-30,42.73710632324219,1108.0,분할매수,0.0,1033.0801370764407,1000000.0,1000000.0,21.118113823289978,0.0,0.0,1011.9620232531507,47919148.06980133,47919148.06980133
2003,QQQ,89,2010-05-31,39.57780838012695,1194.5,분할매수,0.0,1011.9620232531507,1000000.0,1000000.0,21.15251951620124,0.0,0.0,990.8095037369495,46841205.038390994,46841205.038390994
2003,QQQ,90,2010-06-30,37.212764739990234,1220.85,분할매수,0.0,990.8095037369495,1000000.0,1000000.0,22.011303149260893,0.0,0.0,968.7982005876886,44013668.52376568,44013668.52376568
2003,QQQ,91,2010-07-31,39.91376876831055,1182.0,분할매수,0.0,968.7982005876886,1000000.0,1000000.0,21.19628676445561,0.0,0.0,947.601913823233,44706033.86118939,44706033.86118939
2003,QQQ,92,2010-08-31,37.866233825683594,1198.0,분할매수,0.0,947.601913823233,1000000.0,1000000.0,22.044033867855443,0.0,0.0,925.5578799553775,41986774.539709985,41986774.539709985
2003,QQQ,93,2010-09-30,42.85430908203125,1140.1,분할매수,0.0,925.5578799553775,1000000.0,1000000.0,20.467394323717848,0.0,0.0,905.0904856316597,44221089.95979184,44221089.95979184
2003,QQQ,94,2010-10-31,45.57032775878906,1124.0,분할매수,0.0,905.0904856316597,1000000.0,1000000.0,19.523223971785022,0.0,0.0,885.5672616598747,45359683.57171424,45359683.57171424
2003,QQQ,95,2010-11-30,45.49174499511719,1157.2,분할매수,0.0,885.5672616598747,1000000.0,1000000.0,18.995860823607604,0.0,0.0,866.5714008362671,45618959.25028641,45618959.25028641
2003,QQQ,96,2010-12-31,47.65582275390625,1130.6,분할매수,0.0,866.5714008362671,1000000.0,1000000.0,18.559875004896806,0.0,0.0,848.0115258313704,45690583.886347964,45690583.886347964
2003,QQQ,97,2011-01-31,49.00342559814453,1119.1,분할매수,0.0,848.0115258313704,1000000.0,1000000.0,18.23495364753519,0.0,0.0,829.7765721838351,45504726.15519896,45504726.15519896
2003,QQQ,98,2011-02-28,50.55229949951172,1123.7,분할매수,0.0,829.7765721838351,1000000.0,1000000.0,17.60389233541176,0.0,0.0,812.1726798484234,46135971.77112174,46135971.77112174
2003,QQQ,99,2011-03-31,50.32566833496094,1097.25,분할매수,0.0,812.1726798484234,1000000.0,1000000.0,18.109433268844267,0.0,0.0,794.0632465795792,43848045.09292387,43848045.09292387
2003,QQQ,100,2011-04-30,51.77157211303711,1068.4,분할매수,0.0,794.0632465795792,1000000.0,1000000.0,18.079015101686252,0.0,0.0,775.984231477893,42921819.97267738,42921819.97267738
2003,QQQ,101,2011-05-31,51.140628814697266,1078.0,분할매수,0.0,775.984231477893,1000000.0,1000000.0,18.139076626293793,0.0,0.0,757.8451548515992,41779698.62881844,41779698.62881844
2003,QQQ,102,2011-06-30,50.10478210449219,1066.3,분할매수,0.0,757.8451548515992,1000000.0,1000000.0,18.71722292866374,0.0,0.0,739.1279319229354,39489187.83197413,39489187.83197413
2003,QQQ,103,2011-07-31,50.93913269042969,1054.0,분할매수,0.0,739.1279319229354,1000000.0,1000000.0,18.625495828157504,0.0,0.0,720.502436094778,38683664.73259425,38683664.73259425
2003,QQQ,104,2011-08-31,48.357059478759766,1063.9,분할매수,0.0,720.502436094778,1000000.0,1000000.0,19.437450792623686,0.0,0.0,701.0649853021542,36067743.2849477,36067743.2849477
2003,QQQ,105,2011-09-30,46.185428619384766,1180.9,분할매수,0.0,701.0649853021542,1000000.0,1000000.0,18.335041571785293,0.0,0.0,682.729943730369,37236345.55489536,37236345.55489536
2003,QQQ,106,2011-10-31,50.989620208740234,1112.05,분할매수,0.0,682.729943730369,1000000.0,1000000.0,17.635748970058064,0.0,0.0,665.0941947603109,37712840.88299886,37712840.88299886
2003,QQQ,107,2011-11-30,49.616981506347656,1140.05,분할매수,0.0,665.0941947603109,1000000.0,1000000.0,17.678514172710297,0.0,0.0,647.4156805876006,36621611.65031581,36621611.65031581
2003,QQQ,108,2011-12-31,49.31224822998047,1158.5,분할매수,0.0,647.4156805876006,1000000.0,1000000.0,17.50447777577848,0.0,0.0,629.9112028118221,35985718.10485263,35985718.10485263
2003,QQQ,109,2012-01-31,53.46354293823242,1125.7,분할매수,0.0,629.9112028118221,1000000.0,1000000.0,16.615736585660077,0.0,0.0,613.295466226162,36910519.31790108,36910519.31790108
2003,QQQ,110,2012-02-29,56.89060592651367,1117.1,분할매수,0.0,613.295466226162,1000000.0,1000000.0,15.735023245667689,0.0,0.0,597.5604429804944,37976457.59087265,37976457.59087265
2003,QQQ,111,2012-03-31,59.76529312133789,1131.4,분할매수,0.0,597.5604429804944,1000000.0,1000000.0,14.788862521910008,0.0,0.0,582.7715804585844,39406112.51170914,39406112.51170914
2003,QQQ,112,2012-04-30,59.06632995605469,1130.05,분할매수,0.0,582.7715804585844,1000000.0,1000000.0,14.98174335986588,0.0,0.0,567.7898370987185,37898782.7691504,37898782.7691504
2003,QQQ,113,2012-05-31,54.90799331665039,1180.0,분할매수,0.0,567.7898370987185,1000000.0,1000000.0,15.434139474582832,0.0,0.0,552.3556976241357,35787916.68520057,35787916.68520057
2003,QQQ,114,2012-06-30,56.89645767211914,1141.17,분할매수,0.0,552.3556976241357,1000000.0,1000000.0,15.401549838460959,0.0,0.0,536.9541477856748,34863643.81620774,34863643.81620774
2003,QQQ,115,2012-07-31,57.4639892578125,1130.27,분할매수,0.0,536.9541477856748,1000000.0,1000000.0,15.396500739789504,0.0,0.0,521.5576470458852,33875076.932124764,33875076.932124764
2003,QQQ,116,2012-08-31,60.443599700927734,1133.2,분할매수,0.0,521.5576470458852,1000000.0,1000000.0,14.599672487825606,0.0,0.0,506.9579745580596,34723927.88131394,34723927.88131394
2003,QQQ,117,2012-09-30,60.980621337890625,1111.21,분할매수,0.0,506.9579745580596,1000000.0,1000000.0,14.75747356101627,0.0,0.0,492.2005009970433,33352626.312491123,33352626.312491123
2003,QQQ,118,2012-10-31,57.76127243041992,1090.17,분할매수,0.0,492.2005009970433,1000000.0,1000000.0,15.880677325439748,0.0,0.0,476.31982367160356,29993671.80067138,29993671.80067138
2003,QQQ,119,2012-11-30,58.5172004699707,1081.75,분할매수,0.0,476.31982367160356,1000000.0,1000000.0,15.797543333316112,0.0,0.0,460.52228033828743,29151512.397948127,29151512.397948127
2003,QQQ,120,2012-12-31,58.24393081665039,1063.24,분할매수,0.0,460.52228033828743,1000000.0,1000000.0,16.147973048707648,0.0,0.0,444.3743072895798,27518890.81986943,27518890.81986943
2003,SPY,0,2002-12-31,57.478843688964844,1186.3,분할매수,100000000.0,0.0,0.0,0.0,0.0,8333333.333333333,91666666.66666667,122.21266112644763,8333333.333333333,100000000.0
2003,SPY,1,2003-01-31,56.06513595581055,1165.0,분할매수,91666666.66666667,122.21266112644763,1000000.0,1000000.0,0.0,8333333.333333333,82333333.33333334,249.79775836480331,16315761.256069012,98649094.58940235
2003,SPY,2,2003-02-28,55.309452056884766,1193.7,분할매수,82333333.33333334,249.79775836480331,1000000.0,1000000.0,0.0,8333333.333333333,73000000.00000001,376.0166040520493,24825703.98558455,97825703.98558456
2003,SPY,3,2003-03-31,55.42781066894531,1252.0,분할매수,73000000.00000001,376.0166040520493,1000000.0,1000000.0,0.0,8333333.333333333,63666666.66666668,496.10103385495336,34427238.30982984,98093904.97649652
2003,SPY,4,2003-04-30,60.117637634277344,1215.5,분할매수,63666666.66666668,496.10103385495336,1000000.0,1000000.0,0.0,8333333.333333333,54333333.33333334,610.1422616646329,44584918.497113146,98918251.83044648
2003,SPY,5,2003-05-31,63.41428756713867,1210.0,분할매수,54333333.33333334,610.1422616646329,1000000.0,1000000.0,0.0,8333333.333333333,45000000.00000001,718.7463729117436,55150334.907392465,100150334.90739247
2003,SPY,6,2003-06-30,64.08975219726562,1196.0,분할매수,45000000.00000001,718.7463729117436,1000000.0,1000000.0,0.0,8333333.333333333,35666666.66666667,827.4637539635859,63426208.54471949,99092875.21138616
2003,SPY,7,2003-07-31,65.2451171875,1181.0,분할매수,35666666.66666667,827.4637539635859,1000000.0,1000000.0,0.0,8333333.333333333,26333333.33333334,935.612338780421,72093125.42592923,98426458.75926258
2003,SPY,8,2003-08-31,66.5908203125,1175.0,분할매수,26333333.33333334,935.612338780421,1000000.0,1000000.0,0.0,8333333.333333333,17000000.000000007,1042.116486773759,81539585.26564808,98539585.2656481
2003,SPY,9,2003-09-30,65.86457061767578,1150.2,분할매수,17000000.000000007,1042.116486773759,1000000.0,1000000.0,0.0,8333333.333333333,7666666.666666674,1152.1166996854688,87281399.21951795,94948065.88618462
2003,SPY,10,2003-10-31,69.3901138305664,1184.0,분할매수,7666666.666666674,1152.1166996854688,1000000.0,1000000.0,0.0,6666666.666666674,0.0,1233.261265096894,101322149.24839574,101322149.24839574
2003,SPY,11,2003-11-30,70.14791870117188,1202.1,분할매수,0.0,1233.261265096894,1000000.0,1000000.0,11.858905624395845,0.0,0.0,1221.4023594724981,102994525.64660433,102994525.64660433
2003,SPY,12,2003-12-31,73.67726135253906,1192.0,분할매수,0.0,1221.4023594724981,1000000.0,1000000.0,11.386500517201068,0.0,0.0,1210.015858955297,106267580.37971203,106267580.37971203
2003,SPY,13,2004-01-31,75.13385009765625,1174.0,분할매수,0.0,1210.015858955297,1000000.0,1000000.0,11.336950725688775,0.0,0.0,1198.6789082296084,105732038.290815,105732038.290815
2003,SPY,14,2004-02-29,76.15348815917969,1179.0,분할매수,0.0,1198.6789082296084,1000000.0,1000000.0,11.137722528515114,0.0,0.0,1187.5411857010934,106623340.87249136,106623340.87249136
2003,SPY,15,2004-03-31,75.144775390625,1146.7,분할매수,0.0,1187.5411857010934,1000000.0,1000000.0,11.60516706475086,0.0,0.0,1175.9360186363424,101328659.21491906,101328659.21491906
2003,SPY,16,2004-04-30,73.72294616699219,1173.6,분할매수,0.0,1175.9360186363424,1000000.0,1000000.0,11.557854334902695,0.0,0.0,1164.3781643014397,100743453.8074443,100743453.8074443
2003,SPY,17,2004-05-31,74.98529815673828,1165.0,분할매수,0.0,1164.3781643014397,1000000.0,1000000.0,11.447165241888314,0.0,0.0,1152.9309990595514,100717599.04719998,100717599.04719998
2003,SPY,18,2004-06-30,76.37263488769531,1156.0,분할매수,0.0,1152.9309990595514,1000000.0,1000000.0,11.326725919385016,0.0,0.0,1141.6042731401662,100788549.24761432,100788549.24761432
2003,SPY,19,2004-07-31,73.91204833984375,1170.0,분할매수,0.0,1141.6042731401662,1000000.0,1000000.0,11.563755489104897,0.0,0.0,1130.0405176510612,97722622.95893054,97722622.95893054
2003,SPY,20,2004-08-31,74.09207916259766,1152.0,분할매수,0.0,1130.0405176510612,1000000.0,1000000.0,11.715902230933178,0.0,0.0,1118.324615420128,95453563.31733856,95453563.31733856
2003,SPY,21,2004-09-30,74.8357162475586,1152.0,분할매수,0.0,1118.324615420128,1000000.0,1000000.0,11.59948216014936,0.0,0.0,1106.7251332599787,95411598.3782614,95411598.3782614
2003,SPY,22,2004-10-31,75.79998016357422,1120.0,분할매수,0.0,1106.7251332599787,1000000.0,1000000.0,11.77912106217419,0.0,0.0,1094.9460121978045,92956512.32535167,92956512.32535167
2003,SPY,23,2004-11-30,79.17442321777344,1048.0,분할매수,0.0,1094.9460121978045,1000000.0,1000000.0,12.051852536492364,0.0,0.0,1082.8941596613122,89852921.48093969,89852921.48093969
2003,SPY,24,2004-12-31,81.55921173095703,1035.1,분할매수,0.0,1082.8941596613122,1000000.0,1000000.0,11.845262016688325,0.0,0.0,1071.0488976446238,90420025.84118992,90420025.84118992
2003,SPY,25,2005-01-31,79.7306137084961,1026.85,분할매수,0.0,1071.0488976446238,1000000.0,1000000.0,12.214280394614715,0.0,0.0,1058.8346172500092,86688252.0329933,86688252.0329933
2003,SPY,26,2005-02-28,81.39726257324219,1000.85,분할매수,0.0,1058.8346172500092,1000000.0,1000000.0,12.274991692593462,0.0,0.0,1046.5596255574158,85259497.66539504,85259497.66539504
2003,SPY,27,2005-03-31,79.90829467773438,1015.4,분할매수,0.0,1046.5596255574158,1000000.0,1000000.0,12.324547371453857,0.0,0.0,1034.2350781859618,83916678.39919698,83916678.39919698
2003,SPY,28,2005-04-30,78.41121673583984,997.0,분할매수,0.0,1034.2350781859618,1000000.0,1000000.0,12.791652378769847,0.0,0.0,1021.4434258071919,79852343.97883336,79852343.97883336
2003,SPY,29,2005-05-31,80.93798828125,1005.0,분할매수,0.0,1021.4434258071919,1000000.0,1000000.0,12.293669471550194,0.0,0.0,1009.1497563356418,82086943.90808207,82086943.90808207
2003,SPY,30,2005-06-30,81.06058502197266,1034.5,분할매수,0.0,1009.1497563356418,1000000.0,1000000.0,11.925037989326684,0.0,0.0,997.2247183463151,83624447.9253538,83624447.9253538
2003,SPY,31,2005-07-31,84.16207122802734,1026.5,분할매수,0.0,997.2247183463151,1000000.0,1000000.0,11.575096793416508,0.0,0.0,985.6496215528986,85152602.9668711,85152602.9668711
2003,SPY,32,2005-08-31,83.37310791015625,1039.0,분할매수,0.0,985.6496215528986,1000000.0,1000000.0,11.54405697147126,0.0,0.0,974.1055645814273,84381562.47744852,84381562.47744852
2003,SPY,33,2005-09-30,84.0422134399414,1042.4,분할매수,0.0,974.1055645814273,1000000.0,1000000.0,11.414794972555011,0.0,0.0,962.6907696088723,84337105.65310223,84337105.65310223
2003,SPY,34,2005-10-31,82.05453491210938,1043.5,분할매수,0.0,962.6907696088723,1000000.0,1000000.0,11.678981173898105,0.0,0.0,951.0117884349742,81429345.10078965,81429345.10078965
2003,SPY,35,2005-11-30,85.6610107421875,1037.4,분할매수,0.0,951.0117884349742,1000000.0,1000000.0,11.253058118477774,0.0,0.0,939.7587303164964,83511408.2254131,83511408.2254131
2003,SPY,36,2005-12-31,85.49710083007812,1010.0,분할매수,0.0,939.7587303164964,1000000.0,1000000.0,11.580498055352427,0.0,0.0,928.178232261144,80150113.39103386,80150113.39103386
2003,SPY,37,2006-01-31,87.55024719238281,958.9,분할매수,0.0,928.178232261144,1000000.0,1000000.0,11.911578158911073,0.0,0.0,916.2666541022329,76922355.86908962,76922355.86908962
2003,SPY,38,2006-02-28,88.051513671875,970.9,분할매수,0.0,916.2666541022329,1000000.0,1000000.0,11.697381996055778,0.0,0.0,904.5692721061771,77330916.64538163,77330916.64538163
2003,SPY,39,2006-03-31,89.50471496582031,971.4,분할매수,0.0,904.5692721061771,1000000.0,1000000.0,11.501539810568987,0.0,0.0,893.0677322956082,77647666.92151524,77647666.92151524
2003,SPY,40,2006-04-30,90.63532257080078,942.8,분할매수,0.0,893.0677322956082,1000000.0,1000000.0,11.702615642247393,0.0,0.0,881.3651166533608,75313514.82411857,75313514.82411857
2003,SPY,41,2006-05-31,87.90531921386719,945.3,분할매수,0.0,881.3651166533608,1000000.0,1000000.0,12.034143524309926,0.0,0.0,869.3309731290509,72238707.42217204,72238707.42217204
2003,SPY,42,2006-06-30,88.13458251953125,948.5,분할매수,0.0,869.3309731290509,1000000.0,1000000.0,11.962344713151017,0.0,0.0,857.3686284158999,71672289.08504337,71672289.08504337
2003,SPY,43,2006-07-31,88.52926635742188,954.9,분할매수,0.0,857.3686284158999,1000000.0,1000000.0,11.82919637241522,0.0,0.0,845.5394320434847,71479025.74474272,71479025.74474272
2003,SPY,44,2006-08-31,90.46121978759766,961.1,분할매수,0.0,845.5394320434847,1000000.0,1000000.0,11.501883998415272,0.0,0.0,834.0375480450695,72513124.6463608,72513124.6463608
2003,SPY,45,2006-09-30,92.90377807617188,946.0,분할매수,0.0,834.0375480450695,1000000.0,1000000.0,11.378250425559518,0.0,0.0,822.65929761951,72301036.3501519,72301036.3501519
2003,SPY,46,2006-10-31,95.831787109375,942.2,분할매수,0.0,822.65929761951,1000000.0,1000000.0,11.07509124551637,0.0,0.0,811.5842063739937,73280137.23612024,73280137.23612024
2003,SPY,47,2006-11-30,97.73748016357422,929.0,분할매수,0.0,811.5842063739937,1000000.0,1000000.0,11.013444003255922,0.0,0.0,800.5707623707377,72690319.40726839,72690319.40726839
2003,SPY,48,2006-12-31,99.04432678222656,930.0,분할매수,0.0,800.5707623707377,1000000.0,1000000.0,10.856440264050109,0.0,0.0,789.7143221066876,72741552.74650554,72741552.74650554
2003,SPY,49,2007-01-31,100.53398895263672,941.0,분할매수,0.0,789.7143221066876,1000000.0,1000000.0,10.570547007850017,0.0,0.0,779.1437750988376,73708936.20928238,73708936.20928238
2003,SPY,50,2007-02-28,98.5617904663086,942.3,분할매수,0.0,779.1437750988376,1000000.0,1000000.0,10.767186228079522,0.0,0.0,768.3765888707582,71362802.92681526,71362802.92681526
2003,SPY,51,2007-03-31,99.70401000976562,941.1,분할매수,0.0,768.3765888707582,1000000.0,1000000.0,10.65740821292598,0.0,0.0,757.7191806578322,71097884.73137611,71097884.73137611
2003,SPY,52,2007-04-30,104.12042236328125,931.0,분할매수,0.0,757.7191806578322,1000000.0,1000000.0,10.316072790418652,0.0,0.0,747.4031078674136,72450352.28537606,72450352.28537606
2003,SPY,53,2007-05-31,107.65221405029297,927.4,분할매수,0.0,747.4031078674136,1000000.0,1000000.0,10.016360391497734,0.0,0.0,737.3867474759159,73618232.43718722,73618232.43718722
2003,SPY,54,2007-06-30,106.0783462524414,922.6,분할매수,0.0,737.3867474759159,1000000.0,1000000.0,10.217856736901348,0.0,0.0,727.1688907390145,71166479.37652868,71166479.37652868
2003,SPY,55,2007-07-31,102.7569351196289,919.0,분할매수,0.0,727.1688907390145,1000000.0,1000000.0,10.58944859109772,0.0,0.0,716.5794421479168,67669193.15802024,67669193.15802024
2003,SPY,56,2007-08-31,104.07559967041016,938.1,분할매수,0.0,716.5794421479168,1000000.0,1000000.0,10.242404944127324,0.0,0.0,706.3370372037895,68962030.01705971,68962030.01705971
2003,SPY,57,2007-09-30,108.10482788085938,913.6,분할매수,0.0,706.3370372037895,1000000.0,1000000.0,10.125088302276902,0.0,0.0,696.2119489015125,68761074.2856386,68761074.2856386
2003,SPY,58,2007-10-31,109.57144927978516,903.2,분할매수,0.0,696.2119489015125,1000000.0,1000000.0,10.104589270080933,0.0,0.0,686.1073596314316,67900568.86952876,67900568.86952876
2003,SPY,59,2007-11-30,105.32744598388672,920.9,분할매수,0.0,686.1073596314316,1000000.0,1000000.0,10.309698709182989,0.0,0.0,675.7976609222486,65549700.33414326,65549700.33414326
2003,SPY,60,2007-12-31,104.14138793945312,935.8,분할매수,0.0,675.7976609222486,1000000.0,1000000.0,10.261092384052112,0.0,0.0,665.5365685381965,64860206.26542451,64860206.26542451
2003,SPY,61,2008-01-31,97.8448715209961,943.4,분할매수,0.0,665.5365685381965,1000000.0,1000000.0,10.833431977980576,0.0,0.0,654.703136560216,60433585.394815676,60433585.394815676
2003,SPY,62,2008-02-29,95.31637573242188,942.8,분할매수,0.0,654.703136560216,1000000.0,1000000.0,11.127892091016678,0.0,0.0,643.5752444691993,57834425.35255572,57834425.35255572
2003,SPY,63,2008-03-31,94.4639663696289,988.6,분할매수,0.0,643.5752444691993,1000000.0,1000000.0,10.70811969370768,0.0,0.0,632.8671247754917,59101611.0090157,59101611.0090157
2003,SPY,64,2008-04-30,98.96636962890625,1005.0,분할매수,0.0,632.8671247754917,1000000.0,1000000.0,10.054171728769388,0.0,0.0,622.8129530467223,61945724.60549702,61945724.60549702
2003,SPY,65,2008-05-31,100.46235656738281,1028.5,분할매수,0.0,622.8129530467223,1000000.0,1000000.0,9.678149861944332,0.0,0.0,613.134803184778,63352480.78723175,63352480.78723175
2003,SPY,66,2008-06-30,92.06616973876953,1046.8,분할매수,0.0,613.134803184778,1000000.0,1000000.0,10.376149264820269,0.0,0.0,602.7586539199577,58090784.79273384,58090784.79273384
2003,SPY,67,2008-07-31,91.23886108398438,1011.5,분할매수,0.0,602.7586539199577,1000000.0,1000000.0,10.835632258782688,0.0,0.0,591.9230216611751,54627455.74273242,54627455.74273242
2003,SPY,68,2008-08-31,92.64885711669922,1089.0,분할매수,0.0,591.9230216611751,1000000.0,1000000.0,9.911332682601017,0.0,0.0,582.011688978574,58721839.69773049,58721839.69773049
2003,SPY,69,2008-09-30,83.92376708984375,1206.3,분할매수,0.0,582.011688978574,1000000.0,1000000.0,9.877788031603828,0.0,0.0,572.1339009469702,57921257.179890566,57921257.179890566
2003,SPY,70,2008-10-31,70.06068420410156,1277.5,분할매수,0.0,572.1339009469702,1000000.0,1000000.0,11.172869261314172,0.0,0.0,560.961031685656,50207428.24119244,50207428.24119244
2003,SPY,71,2008-11-30,65.18400573730469,1468.0,분할매수,0.0,560.961031685656,1000000.0,1000000.0,10.450399639859736,0.0,0.0,550.5106320457963,52678428.674253576,52678428.674253576
2003,SPY,72,2008-12-31,65.82254791259766,1262.0,분할매수,0.0,550.5106320457963,1000000.0,1000000.0,12.038322004695724,0.0,0.0,538.4723100411006,44729847.71723681,44729847.71723681
2003,SPY,73,2009-01-31,60.41757583618164,1380.0,분할매수,0.0,538.4723100411006,1000000.0,1000000.0,11.993822511585513,0.0,0.0,526.4784875295151,43895804.44607711,43895804.44607711
2003,SPY,74,2009-02-28,53.92576599121094,1532.8,분할매수,0.0,526.4784875295151,1000000.0,1000000.0,12.098128289534174,0.0,0.0,514.3803592399809,42517350.36443282,42517350.36443282
2003,SPY,75,2009-03-31,58.41838455200195,1372.3,분할매수,0.0,514.3803592399809,1000000.0,1000000.0,12.47387516480328,0.0,0.0,501.90648407517756,40236612.71610079,40236612.71610079
2003,SPY,76,2009-04-30,64.22201538085938,1277.0,분할매수,0.0,501.90648407517756,1000000.0,1000000.0,12.193409871363622,0.0,0.0,489.71307420381396,40162110.46541717,40162110.46541717
2003,SPY,77,2009-05-31,67.97601318359375,1249.0,분할매수,0.0,489.71307420381396,1000000.0,1000000.0,11.778279938947131,0.0,0.0,477.9347942648668,40577639.242932595,40577639.242932595
2003,SPY,78,2009-06-30,67.9314956665039,1273.5,분할매수,0.0,477.9347942648668,1000000.0,1000000.0,11.559255786286656,0.0,0.0,466.37553847858015,40346502.15387271,40346502.15387271
2003,SPY,79,2009-07-31,72.99956512451172,1222.2,분할매수,0.0,466.37553847858015,1000000.0,1000000.0,11.208240666773793,0.0,0.0,455.16729781180635,40610057.487534545,40610057.487534545
2003,SPY,80,2009-08-31,75.69611358642578,1248.0,분할매수,0.0,455.16729781180635,1000000.0,1000000.0,10.585511109063614,0.0,0.0,444.58178670274276,41999085.554034255,41999085.554034255
2003,SPY,81,2009-09-30,78.380126953125,1175.0,분할매수,0.0,444.58178670274276,1000000.0,1000000.0,10.858158347921664,0.0,0.0,433.7236283548211,39944492.83729953,39944492.83729953
2003,SPY,82,2009-10-31,76.87322998046875,1182.0,분할매수,0.0,433.7236283548211,1000000.0,1000000.0,11.00543959032595,0.0,0.0,422.7181887644951,38409932.224431515,38409932.224431515
2003,SPY,83,2009-11-30,81.60918426513672,1164.4,분할매수,0.0,422.7181887644951,1000000.0,1000000.0,10.523465131391358,0.0,0.0,412.19472363310376,39169106.22942364,39169106.22942364
2003,SPY,84,2009-12-31,83.16798400878906,1163.65,분할매수,0.0,412.19472363310376,1000000.0,1000000.0,10.332881571668471,0.0,0.0,401.8618420614353,38891555.97827546,38891555.97827546
2003,SPY,85,2010-01-31,80.14543914794922,1158.7,분할매수,0.0,401.8618420614353,1000000.0,1000000.0,10.768375223722739,0.0,0.0,391.0934668377126,36318707.206276886,36318707.206276886
2003,SPY,86,2010-02-28,82.64555358886719,1159.0,분할매수,0.0,391.0934668377126,1000000.0,1000000.0,10.439917601873455,0.0,0.0,380.65354923583914,36461355.70720696,36461355.70720696
2003,SPY,87,2010-03-31,87.6769790649414,1131.2,분할매수,0.0,380.65354923583914,1000000.0,1000000.0,10.082657757529512,0.0,0.0,370.57089147830965,36753294.656022154,36753294.656022154
2003,SPY,88,2010-04-30,89.03337097167969,1108.0,분할매수,0.0,370.57089147830965,1000000.0,1000000.0,10.136952762345212,0.0,0.0,360.4339387159644,35556438.62274219,35556438.62274219
2003,SPY,89,2010-05-31,81.95924377441406,1194.5,분할매수,0.0,360.4339387159644,1000000.0,1000000.0,10.21447155458571,0.0,0.0,350.2194671613787,34286596.74558987,34286596.74558987
2003,SPY,90,2010-06-30,77.71862030029297,1220.85,분할매수,0.0,350.2194671613787,1000000.0,1000000.0,10.53932046849478,0.0,0.0,339.6801466928839,32229795.811626628,32229795.811626628
2003,SPY,91,2010-07-31,83.0268325805664,1182.0,분할매수,0.0,339.6801466928839,1000000.0,1000000.0,10.189762301751426,0.0,0.0,329.49038439113247,32335433.804427348,32335433.804427348
2003,SPY,92,2010-08-31,79.29222106933594,1198.0,분할매수,0.0,329.49038439113247,1000000.0,1000000.0,10.527193331759362,0.0,0.0,318.9631910593731,30298977.23043586,30298977.23043586
2003,SPY,93,2010-09-30,86.39324188232422,1140.1,분할매수,0.0,318.9631910593731,1000000.0,1000000.0,10.152600172674752,0.0,0.0,308.8105908866984,30416896.719507147,30416896.719507147
2003,SPY,94,2010-10-31,89.69363403320312,1124.0,분할매수,0.0,308.8105908866984,1000000.0,1000000.0,9.919095428479864,0.0,0.0,298.8914954582185,30132938.796015263,30132938.796015263
2003,SPY,95,2010-11-30,89.69363403320312,1157.2,분할매수,0.0,298.8914954582185,1000000.0,1000000.0,9.63451716350792,0.0,0.0,289.2569782947106,30022986.4544029,30022986.4544029
2003,SPY,96,2010-12-31,95.68986511230469,1130.6,분할매수,0.0,289.2569782947106,1000000.0,1000000.0,9.243258024556267,0.0,0.0,280.01372027015435,30293833.57321097,30293833.57321097
2003,SPY,97,2011-01-31,97.9194564819336,1119.1,분할매수,0.0,280.01372027015435,1000000.0,1000000.0,9.125614320760368,0.0,0.0,270.888105949394,29684369.339731526,29684369.339731526
2003,SPY,98,2011-02-28,101.3209228515625,1123.7,분할매수,0.0,270.888105949394,1000000.0,1000000.0,8.783153692753505,0.0,0.0,262.1049522566405,29841781.3720929,29841781.3720929
2003,SPY,99,2011-03-31,101.33309173583984,1097.25,분할매수,0.0,262.1049522566405,1000000.0,1000000.0,8.9937977496805,0.0,0.0,253.11115450696,28142855.94936262,28142855.94936262
2003,SPY,100,2011-04-30,104.26785278320312,1068.4,분할매수,0.0,253.11115450696,1000000.0,1000000.0,8.976678900406174,0.0,0.0,244.13447560655382,27196525.387079097,27196525.387079097
2003,SPY,101,2011-05-31,103.09854125976562,1078.0,분할매수,0.0,244.13447560655382,1000000.0,1000000.0,8.997642192136976,0.0,0.0,235.13683341441686,26133161.15414131,26133161.15414131
2003,SPY,102,2011-06-30,101.35928344726562,1066.3,분할매수,0.0,235.13683341441686,1000000.0,1000000.0,9.252456652673798,0.0,0.0,225.88437676174306,24413448.799726766,24413448.799726766
2003,SPY,103,2011-07-31,99.33163452148438,1054.0,분할매수,0.0,225.88437676174306,1000000.0,1000000.0,9.551504996229088,0.0,0.0,216.33287176551397,22649087.431867722,22649087.431867722
2003,SPY,104,2011-08-31,93.87081909179688,1063.9,분할매수,0.0,216.33287176551397,1000000.0,1000000.0,10.013100697195348,0.0,0.0,206.31977106831863,20604983.14234555,20604983.14234555
2003,SPY,105,2011-09-30,87.3542251586914,1180.9,분할매수,0.0,206.31977106831863,1000000.0,1000000.0,9.693998798670444,0.0,0.0,196.6257722696482,20283247.02254099,20283247.02254099
2003,SPY,106,2011-10-31,96.88873291015625,1112.05,분할매수,0.0,196.6257722696482,1000000.0,1000000.0,9.281163196899241,0.0,0.0,187.34460907274897,20185466.53024475,20185466.53024475
2003,SPY,107,2011-11-30,96.49495697021484,1140.05,분할매수,0.0,187.34460907274897,1000000.0,1000000.0,9.090159095441884,0.0,0.0,178.25444997730708,19609607.280326914,19609607.280326914
2003,SPY,108,2011-12-31,97.50320434570312,1158.5,분할매수,0.0,178.25444997730708,1000000.0,1000000.0,8.852890107640903,0.0,0.0,169.4015598696662,19135170.301442716,19135170.301442716
2003,SPY,109,2012-01-31,102.02483367919922,1125.7,분할매수,0.0,169.4015598696662,1000000.0,1000000.0,8.70705802070727,0.0,0.0,160.6945018489589,18455659.933216542,18455659.933216542
2003,SPY,110,2012-02-29,106.45328521728516,1117.1,분할매수,0.0,160.6945018489589,1000000.0,1000000.0,8.409087656493107,0.0,0.0,152.2854141924658,18109623.827607278,18109623.827607278
2003,SPY,111,2012-03-31,109.87721252441406,1131.4,분할매수,0.0,152.2854141924658,1000000.0,1000000.0,8.0440765036402,0.0,0.0,144.24133768882558,17931373.181688637,17931373.181688637
2003,SPY,112,2012-04-30,109.14369201660156,1130.05,분할매수,0.0,144.24133768882558,1000000.0,1000000.0,8.10781255664475,0.0,0.0,136.13352513218084,16790413.466158975,16790413.466158975
2003,SPY,113,2012-05-31,102.58901977539062,1180.0,분할매수,0.0,136.13352513218084,1000000.0,1000000.0,8.260704985524532,0.0,0.0,127.87282014665631,15479649.784217147,15479649.784217147
2003,SPY,114,2012-06-30,106.75215911865234,1141.17,분할매수,0.0,127.87282014665631,1000000.0,1000000.0,8.208673582845748,0.0,0.0,119.66414656381056,14577768.911883801,14577768.911883801
2003,SPY,115,2012-07-31,108.01504516601562,1130.27,분할매수,0.0,119.66414656381056,1000000.0,1000000.0,8.190936288174882,0.0,0.0,111.47321027563568,13609336.753915142,13609336.753915142
2003,SPY,116,2012-08-31,110.72108459472656,1133.2,분할매수,0.0,111.47321027563568,1000000.0,1000000.0,7.970087746600781,0.0,0.0,103.5031225290349,12986447.05300499,12986447.05300499
2003,SPY,117,2012-09-30,113.5279769897461,1111.21,분할매수,0.0,103.5031225290349,1000000.0,1000000.0,7.926855837566337,0.0,0.0,95.57626669146856,12057273.230392432,12057273.230392432
2003,SPY,118,2012-10-31,111.46190643310547,1090.17,분할매수,0.0,95.57626669146856,1000000.0,1000000.0,8.229610983056652,0.0,0.0,87.3466557084119,10613704.084949287,10613704.084949287
2003,SPY,119,2012-11-30,112.09275817871094,1081.75,분할매수,0.0,87.3466557084119,1000000.0,1000000.0,8.24699137739907,0.0,0.0,79.09966433101283,9591335.883748582,9591335.883748582
2003,SPY,120,2012-12-31,113.09429168701172,1063.24,분할매수,0.0,79.09966433101283,1000000.0,1000000.0,8.31625903525666,0.0,0.0,70.78340529575617,8511447.875261094,8511447.875261094
2003,SOXX,0,2002-12-31,9.492294311523438,1186.3,분할매수,100000000.0,0.0,0.0,0.0,0.0,8333333.333333333,91666666.66666667,740.0363089429023,8333333.333333332,100000000.0
2003,SOXX,1,2003-01-31,9.032461166381836,1165.0,분할매수,91666666.66666667,740.0363089429023,1000000.0,1000000.0,0.0,8333333.333333333,82333333.33333334,1531.966181747332,16120600.177242134,98453933.51057547
2003,SOXX,2,2003-02-28,9.812539100646973,1193.7,분할매수,82333333.33333334,1531.966181747332,1000000.0,1000000.0,0.0,8333333.333333333,73000000.00000001,2243.4125385576485,26277602.39267742,99277602.39267743
2003,SOXX,3,2003-03-31,9.563460350036621,1252.0,분할매수,73000000.00000001,2243.4125385576485,1000000.0,1000000.0,0.0,8333333.333333333,63666666.66666668,2939.396711208935,35194726.48364472,98861393.1503114
2003,SOXX,4,2003-04-30,10.784209251403809,1215.5,분할매수,63666666.66666668,2939.396711208935,1000000.0,1000000.0,0.0,8333333.333333333,54333333.33333334,3575.1307783996226,46863551.95391349,101196885.28724682
2003,SOXX,5,2003-05-31,12.42647647857666,1210.0,분할매수,54333333.33333334,3575.1307783996226,1000000.0,1000000.0,0.0,8333333.333333333,45000000.00000001,4129.3548461368555,62089130.34933158,107089130.34933159
2003,SOXX,6,2003-06-30,11.933796882629395,1196.0,분할매수,45000000.00000001,4129.3548461368555,1000000.0,1000000.0,0.0,8333333.333333333,35666666.66666667,4713.215127963026,67270876.19349125,102937542.86015792
2003,SOXX,7,2003-07-31,13.220236778259277,1181.0,분할매수,35666666.66666667,4713.215127963026,1000000.0,1000000.0,0.0,8333333.333333333,26333333.33333334,5246.954970023993,81921230.72799475,108254564.0613281
2003,SOXX,8,2003-08-31,15.382547378540039,1175.0,분할매수,26333333.33333334,5246.954970023993,1000000.0,1000000.0,0.0,8333333.333333333,17000000.000000007,5708.009853004851,103169385.10119908,120169385.10119909
2003,SOXX,9,2003-09-30,14.343482971191406,1150.2,분할매수,17000000.000000007,5708.009853004851,1000000.0,1000000.0,0.0,8333333.333333333,7666666.666666674,6213.1254379596585,102503361.32662155,110170027.99328822
2003,SOXX,10,2003-10-31,17.05341339111328,1184.0,분할매수,7666666.666666674,6213.1254379596585,1000000.0,1000000.0,0.0,6666666.666666674,0.0,6543.301602783343,132117382.57519817,132117382.57519817
2003,SOXX,11,2003-11-30,17.9539852142334,1202.1,분할매수,0.0,6543.301602783343,1000000.0,1000000.0,46.333866141624156,0.0,0.0,6496.967736641719,140220712.78885034,140220712.78885034
2003,SOXX,12,2003-12-31,17.17659568786621,1192.0,분할매수,0.0,6496.967736641719,1000000.0,1000000.0,48.84123663045021,0.0,0.0,6448.126500011269,132022179.30721201,132022179.30721201
2003,SOXX,13,2004-01-31,17.792482376098633,1174.0,분할매수,0.0,6448.126500011269,1000000.0,1000000.0,47.87351974745572,0.0,0.0,6400.252980263813,133690879.92749813,133690879.92749813
2003,SOXX,14,2004-02-29,17.636457443237305,1179.0,분할매수,0.0,6400.252980263813,1000000.0,1000000.0,48.092221662164796,0.0,0.0,6352.160758601648,132082913.59929068,132082913.59929068
2003,SOXX,15,2004-03-31,16.878223419189453,1146.7,분할매수,0.0,6352.160758601648,1000000.0,1000000.0,51.668214763640194,0.0,0.0,6300.492543838008,121941363.22805122,121941363.22805122
2003,SOXX,16,2004-04-30,15.137300491333008,1173.6,분할매수,0.0,6300.492543838008,1000000.0,1000000.0,56.29002829307867,0.0,0.0,6244.202515544929,110929106.00495657,110929106.00495657
2003,SOXX,17,2004-05-31,16.703035354614258,1165.0,분할매수,0.0,6244.202515544929,1000000.0,1000000.0,51.390006695718306,0.0,0.0,6192.812508849211,120506162.71597373,120506162.71597373
2003,SOXX,18,2004-06-30,16.218538284301758,1156.0,분할매수,0.0,6192.812508849211,1000000.0,1000000.0,53.337229776834306,0.0,0.0,6139.475279072376,115106751.97718844,115106751.97718844
2003,SOXX,19,2004-07-31,13.875397682189941,1170.0,분할매수,0.0,6139.475279072376,1000000.0,1000000.0,61.598296083284446,0.0,0.0,6077.876982989092,98669563.43681085,98669563.43681085
2003,SOXX,20,2004-08-31,12.52043342590332,1152.0,분할매수,0.0,6077.876982989092,1000000.0,1000000.0,69.33111067542195,0.0,0.0,6008.54587231367,86664497.5650695,86664497.5650695
2003,SOXX,21,2004-09-30,13.14454460144043,1152.0,분할매수,0.0,6008.54587231367,1000000.0,1000000.0,66.03922630080548,0.0,0.0,5942.506646012865,89984498.28810887,89984498.28810887
2003,SOXX,22,2004-10-31,13.924675941467285,1120.0,분할매수,0.0,5942.506646012865,1000000.0,1000000.0,64.12049706652346,0.0,0.0,5878.386148946342,91677176.84483416,91677176.84483416
2003,SOXX,23,2004-11-30,14.37086009979248,1048.0,분할매수,0.0,5878.386148946342,1000000.0,1000000.0,66.39814643357509,0.0,0.0,5811.988002512767,87532383.27710092,87532383.27710092
2003,SOXX,24,2004-12-31,14.726704597473145,1035.1,분할매수,0.0,5811.988002512767,1000000.0,1000000.0,65.60125019371347,0.0,0.0,5746.386752319053,87595689.64540443,87595689.64540443
2003,SOXX,25,2005-01-31,13.642729759216309,1026.85,분할매수,0.0,5746.386752319053,1000000.0,1000000.0,71.38249375733619,0.0,0.0,5675.004258561717,79501344.93554981,79501344.93554981
2003,SOXX,26,2005-02-28,14.715757369995117,1000.85,분할매수,0.0,5675.004258561717,1000000.0,1000000.0,67.89665640476159,0.0,0.0,5607.107602156955,82582970.93056454,82582970.93056454
2003,SOXX,27,2005-03-31,13.952051162719727,1015.4,분할매수,0.0,5607.107602156955,1000000.0,1000000.0,70.58700915312971,0.0,0.0,5536.5205930038255,78435404.18312715,78435404.18312715
2003,SOXX,28,2005-04-30,13.147279739379883,997.0,분할매수,0.0,5536.5205930038255,1000000.0,1000000.0,76.29023242556734,0.0,0.0,5460.230360578258,71571814.46400152,71571814.46400152
2003,SOXX,29,2005-05-31,14.644584655761719,1005.0,분할매수,0.0,5460.230360578258,1000000.0,1000000.0,67.94490243398,0.0,0.0,5392.285458144278,79362619.78422587,79362619.78422587
2003,SOXX,30,2005-06-30,14.43108081817627,1034.5,분할매수,0.0,5392.285458144278,1000000.0,1000000.0,66.9839333590698,0.0,0.0,5325.301524785208,79501176.74097665,79501176.74097665
2003,SOXX,31,2005-07-31,16.106307983398438,1026.5,분할매수,0.0,5325.301524785208,1000000.0,1000000.0,60.484632592582386,0.0,0.0,5264.816892192625,87043876.54391213,87043876.54391213
2003,SOXX,32,2005-08-31,16.13642120361328,1039.0,분할매수,0.0,5264.816892192625,1000000.0,1000000.0,59.645437824091324,0.0,0.0,5205.171454368534,87268559.74667887,87268559.74667887
2003,SOXX,33,2005-09-30,16.229385375976562,1042.4,분할매수,0.0,5205.171454368534,1000000.0,1000000.0,59.110349112583904,0.0,0.0,5146.06110525595,87058546.98057288,87058546.98057288
2003,SOXX,34,2005-10-31,15.281803131103516,1043.5,분할매수,0.0,5146.06110525595,1000000.0,1000000.0,62.709443398142334,0.0,0.0,5083.351661857808,81061980.24408545,81061980.24408545
2003,SOXX,35,2005-11-30,16.938695907592773,1037.4,분할매수,0.0,5083.351661857808,1000000.0,1000000.0,56.90806055130224,0.0,0.0,5026.443601306506,88325688.00645036,88325688.00645036
2003,SOXX,36,2005-12-31,16.697696685791016,1010.0,분할매수,0.0,5026.443601306506,1000000.0,1000000.0,59.29554408204813,0.0,0.0,4967.148057224458,83769330.96947962,83769330.96947962
2003,SOXX,37,2006-01-31,18.193012237548828,958.9,분할매수,0.0,4967.148057224458,1000000.0,1000000.0,57.322097003357975,0.0,0.0,4909.8259602211,85653285.85123952,85653285.85123952
2003,SOXX,38,2006-02-28,17.79042625427246,970.9,분할매수,0.0,4909.8259602211,1000000.0,1000000.0,57.89474496168954,0.0,0.0,4851.93121525941,83806072.87362713,83806072.87362713
2003,SOXX,39,2006-03-31,17.853412628173828,971.4,분할매수,0.0,4851.93121525941,1000000.0,1000000.0,57.660799302229016,0.0,0.0,4794.270415957181,83146097.0706982,83146097.0706982
2003,SOXX,40,2006-04-30,18.272436141967773,942.8,분할매수,0.0,4794.270415957181,1000000.0,1000000.0,58.04756056698234,0.0,0.0,4736.222855390199,81592108.42159282,81592108.42159282
2003,SOXX,41,2006-05-31,16.54158592224121,945.3,분할매수,0.0,4736.222855390199,1000000.0,1000000.0,63.95186247212184,0.0,0.0,4672.270992918076,73059185.64849979,73059185.64849979
2003,SOXX,42,2006-06-30,15.880809783935547,948.5,분할매수,0.0,4672.270992918076,1000000.0,1000000.0,66.38806657798865,0.0,0.0,4605.882926340088,69378175.38230875,69378175.38230875
2003,SOXX,43,2006-07-31,15.198433876037598,954.9,분할매수,0.0,4605.882926340088,1000000.0,1000000.0,68.90381502392142,0.0,0.0,4536.979111316166,65845107.55668694,65845107.55668694
2003,SOXX,44,2006-08-31,16.5659122467041,961.1,분할매수,0.0,4536.979111316166,1000000.0,1000000.0,62.8081593610461,0.0,0.0,4474.1709519551205,71235505.02787097,71235505.02787097
2003,SOXX,45,2006-09-30,16.861833572387695,946.0,분할매수,0.0,4474.1709519551205,1000000.0,1000000.0,62.690836550677865,0.0,0.0,4411.480115404443,70368818.76409961,70368818.76409961
2003,SOXX,46,2006-10-31,16.697277069091797,942.2,분할매수,0.0,4411.480115404443,1000000.0,1000000.0,63.56400400289679,0.0,0.0,4347.916111401546,68402174.77809295,68402174.77809295
2003,SOXX,47,2006-11-30,17.24580192565918,929.0,분할매수,0.0,4347.916111401546,1000000.0,1000000.0,62.41671274209055,0.0,0.0,4285.499398659455,68659485.7433038,68659485.7433038
2003,SOXX,48,2006-12-31,16.73563575744629,930.0,분할매수,0.0,4285.499398659455,1000000.0,1000000.0,64.25025214389451,0.0,0.0,4221.249146515561,65700117.98648936,65700117.98648936
2003,SOXX,49,2007-01-31,16.680774688720703,941.0,분할매수,0.0,4221.249146515561,1000000.0,1000000.0,63.70802771103326,0.0,0.0,4157.541118804527,65259297.26881977,65259297.26881977
2003,SOXX,50,2007-02-28,16.97429084777832,942.3,분할매수,0.0,4157.541118804527,1000000.0,1000000.0,62.520028815377394,0.0,0.0,4095.02108998915,65499347.45042761,65499347.45042761
2003,SOXX,51,2007-03-31,16.558300018310547,941.1,분할매수,0.0,4095.02108998915,1000000.0,1000000.0,64.17242917236055,0.0,0.0,4030.8486608167896,62812779.768556744,62812779.768556744
2003,SOXX,52,2007-04-30,17.566083908081055,931.0,분할매수,0.0,4030.8486608167896,1000000.0,1000000.0,61.14702979271383,0.0,0.0,3969.7016310240756,64920596.21671268,64920596.21671268
2003,SOXX,53,2007-05-31,17.714351654052734,927.4,분할매수,0.0,3969.7016310240756,1000000.0,1000000.0,60.87060898013154,0.0,0.0,3908.831022043944,64215408.51217383,64215408.51217383
2003,SOXX,54,2007-06-30,18.101930618286133,922.6,분할매수,0.0,3908.831022043944,1000000.0,1000000.0,59.877223471398096,0.0,0.0,3848.953798572546,64280766.13156751,64280766.13156751
2003,SOXX,55,2007-07-31,18.110179901123047,919.0,분할매수,0.0,3848.953798572546,1000000.0,1000000.0,60.084399369251784,0.0,0.0,3788.869399203294,63059120.819675684,63059120.819675684
2003,SOXX,56,2007-08-31,18.35765838623047,938.1,분할매수,0.0,3788.869399203294,1000000.0,1000000.0,58.06756037179493,0.0,0.0,3730.801838831499,64249329.8313882,64249329.8313882
2003,SOXX,57,2007-09-30,18.577804565429688,913.6,분할매수,0.0,3730.801838831499,1000000.0,1000000.0,58.918206634220276,0.0,0.0,3671.8836321972785,62321714.15184611,62321714.15184611
2003,SOXX,58,2007-10-31,17.79867935180664,903.2,분할매수,0.0,3671.8836321972785,1000000.0,1000000.0,62.205429336382274,0.0,0.0,3609.6782028608964,58028346.422001034,58028346.422001034
2003,SOXX,59,2007-11-30,16.281736373901367,920.9,분할매수,0.0,3609.6782028608964,1000000.0,1000000.0,66.69400664429381,0.0,0.0,3542.9841962166024,53122977.22811548,53122977.22811548
2003,SOXX,60,2007-12-31,16.376056671142578,935.8,분할매수,0.0,3542.9841962166024,1000000.0,1000000.0,65.25407331627054,0.0,0.0,3477.730122900332,53295218.92134801,53295218.92134801
2003,SOXX,61,2008-01-31,14.115763664245605,943.4,분할매수,0.0,3477.730122900332,1000000.0,1000000.0,75.09305094855523,0.0,0.0,3402.6370719517768,45312276.28882539,45312276.28882539
2003,SOXX,62,2008-02-29,13.834603309631348,942.8,분할매수,0.0,3402.6370719517768,1000000.0,1000000.0,76.66792606324866,0.0,0.0,3325.969145888528,43381493.626744345,43381493.626744345
2003,SOXX,63,2008-03-31,13.660955429077148,988.6,분할매수,0.0,3325.969145888528,1000000.0,1000000.0,74.04544022413931,0.0,0.0,3251.9237056643888,43917946.815099634,43917946.815099634
2003,SOXX,64,2008-04-30,14.716668128967285,1005.0,분할매수,0.0,3251.9237056643888,1000000.0,1000000.0,67.61210261060053,0.0,0.0,3184.311603053788,47096769.366769224,47096769.366769224
2003,SOXX,65,2008-05-31,15.965337753295898,1028.5,분할매수,0.0,3184.311603053788,1000000.0,1000000.0,60.90004216431299,0.0,0.0,3123.411560889475,51287510.64674587,51287510.64674587
2003,SOXX,66,2008-06-30,14.149591445922852,1046.8,분할매수,0.0,3123.411560889475,1000000.0,1000000.0,67.51377402667096,0.0,0.0,3055.897786862804,45263323.38724818,45263323.38724818
2003,SOXX,67,2008-07-31,12.986111640930176,1011.5,분할매수,0.0,3055.897786862804,1000000.0,1000000.0,76.12985116346954,0.0,0.0,2979.7679356993344,39140598.46644175,39140598.46644175
2003,SOXX,68,2008-08-31,13.558173179626465,1089.0,분할매수,0.0,2979.7679356993344,1000000.0,1000000.0,67.72841985277486,0.0,0.0,2912.0395158465594,42995828.37126019,42995828.37126019
2003,SOXX,69,2008-09-30,11.203596115112305,1206.3,분할매수,0.0,2912.0395158465594,1000000.0,1000000.0,73.99241936336581,0.0,0.0,2838.0470964831934,38355917.010173224,38355917.010173224
2003,SOXX,70,2008-10-31,9.227625846862793,1277.5,분할매수,0.0,2838.0470964831934,1000000.0,1000000.0,84.82993111784813,0.0,0.0,2753.2171653653454,32455727.938061137,32455727.938061137
2003,SOXX,71,2008-11-30,7.481041431427002,1468.0,분할매수,0.0,2753.2171653653454,1000000.0,1000000.0,91.05669529112684,0.0,0.0,2662.1604700742187,29236295.71183918,29236295.71183918
2003,SOXX,72,2008-12-31,7.908021450042725,1262.0,분할매수,0.0,2662.1604700742187,1000000.0,1000000.0,100.20117319447608,0.0,0.0,2561.9592968797424,25568156.69121306,25568156.69121306
2003,SOXX,73,2009-01-31,7.701746463775635,1380.0,분할매수,0.0,2561.9592968797424,1000000.0,1000000.0,94.08744945937632,0.0,0.0,2467.871847420366,26229554.11801132,26229554.11801132
2003,SOXX,74,2009-02-28,7.576310157775879,1532.8,분할매수,0.0,2467.871847420366,1000000.0,1000000.0,86.11062924918446,0.0,0.0,2381.7612181711816,27659317.310049023,27659317.310049023
2003,SOXX,75,2009-03-31,8.680145263671875,1372.3,분할매수,0.0,2381.7612181711816,1000000.0,1000000.0,83.95062687267615,0.0,0.0,2297.810591298505,27370975.975956473,27370975.975956473
2003,SOXX,76,2009-04-30,9.758893966674805,1277.0,분할매수,0.0,2297.810591298505,1000000.0,1000000.0,80.24324877162914,0.0,0.0,2217.567342526876,27635562.822712142,27635562.822712142
2003,SOXX,77,2009-05-31,10.151926040649414,1249.0,분할매수,0.0,2217.567342526876,1000000.0,1000000.0,78.8658732544028,0.0,0.0,2138.7014692724733,27118211.984713897,27118211.984713897
2003,SOXX,78,2009-06-30,10.254066467285156,1273.5,분할매수,0.0,2138.7014692724733,1000000.0,1000000.0,76.57815919756173,0.0,0.0,2062.1233100749114,26928347.86946106,26928347.86946106
2003,SOXX,79,2009-07-31,11.84000301361084,1222.2,분할매수,0.0,2062.1233100749114,1000000.0,1000000.0,69.10443295874038,0.0,0.0,1993.018877116171,28840680.572636012,28840680.572636012
2003,SOXX,80,2009-08-31,12.150481224060059,1248.0,분할매수,0.0,1993.018877116171,1000000.0,1000000.0,65.94652808444935,0.0,0.0,1927.0723490317218,29221740.78010543,29221740.78010543
2003,SOXX,81,2009-09-30,12.52808666229248,1175.0,분할매수,0.0,1927.0723490317218,1000000.0,1000000.0,67.9324666829452,0.0,0.0,1859.1398823487766,27367472.03698292,27367472.03698292
2003,SOXX,82,2009-10-31,11.356111526489258,1182.0,분할매수,0.0,1859.1398823487766,1000000.0,1000000.0,74.49941704868328,0.0,0.0,1784.6404653000934,23955093.01950485,23955093.01950485
2003,SOXX,83,2009-11-30,12.128105163574219,1164.4,분할매수,0.0,1784.6404653000934,1000000.0,1000000.0,70.81167201574316,0.0,0.0,1713.8287932843502,24202631.35296854,24202631.35296854
2003,SOXX,84,2009-12-31,13.834537506103516,1163.65,분할매수,0.0,1713.8287932843502,1000000.0,1000000.0,62.11735874351422,0.0,0.0,1651.711434540836,26590174.919716693,26590174.919716693
2003,SOXX,85,2010-01-31,12.078170776367188,1158.7,분할매수,0.0,1651.711434540836,1000000.0,1000000.0,71.45421083992444,0.0,0.0,1580.2572237009117,22115662.675795116,22115662.675795116
2003,SOXX,86,2010-02-28,13.042060852050781,1159.0,분할매수,0.0,1580.2572237009117,1000000.0,1000000.0,66.15616806398496,0.0,0.0,1514.1010556369267,22886770.80227073,22886770.80227073
2003,SOXX,87,2010-03-31,13.887931823730469,1131.2,분할매수,0.0,1514.1010556369267,1000000.0,1000000.0,63.65360835191846,0.0,0.0,1450.4474472850084,22786570.704146,22786570.704146
2003,SOXX,88,2010-04-30,14.168952941894531,1108.0,분할매수,0.0,1450.4474472850084,1000000.0,1000000.0,63.6975138186603,0.0,0.0,1386.749933466348,21770864.36080174,21770864.36080174
2003,SOXX,89,2010-05-31,13.241588592529297,1194.5,분할매수,0.0,1386.749933466348,1000000.0,1000000.0,63.22280429716924,0.0,0.0,1323.5271291691788,20934331.273066275,20934331.273066275
2003,SOXX,90,2010-06-30,12.33794116973877,1220.85,분할매수,0.0,1323.5271291691788,1000000.0,1000000.0,66.38882731286313,0.0,0.0,1257.1383018563156,18935991.984493744,18935991.984493744
2003,SOXX,91,2010-07-31,12.978693008422852,1182.0,분할매수,0.0,1257.1383018563156,1000000.0,1000000.0,65.1855844124084,0.0,0.0,1191.9527174439072,18285526.28910715,18285526.28910715
2003,SOXX,92,2010-08-31,11.620979309082031,1198.0,분할매수,0.0,1191.9527174439072,1000000.0,1000000.0,71.82910481986215,0.0,0.0,1120.123612624045,15594286.124450056,15594286.124450056
2003,SOXX,93,2010-09-30,13.354104995727539,1140.1,분할매수,0.0,1120.123612624045,1000000.0,1000000.0,65.68137982538235,0.0,0.0,1054.4422327986626,16053898.922372773,16053898.922372773
2003,SOXX,94,2010-10-31,14.277120590209961,1124.0,분할매수,0.0,1054.4422327986626,1000000.0,1000000.0,62.31506624049656,0.0,0.0,992.1271665581661,15921144.37829827,15921144.37829827
2003,SOXX,95,2010-11-30,14.974329948425293,1157.2,분할매수,0.0,992.1271665581661,1000000.0,1000000.0,57.70908344657977,0.0,0.0,934.4180831115864,16191871.838972455,16191871.838972455
2003,SOXX,96,2010-12-31,15.722329139709473,1130.6,분할매수,0.0,934.4180831115864,1000000.0,1000000.0,56.25668472580782,0.0,0.0,878.1613983857785,15609903.119351804,15609903.119351804
2003,SOXX,97,2011-01-31,16.792133331298828,1119.1,분할매수,0.0,878.1613983857785,1000000.0,1000000.0,53.213917298231046,0.0,0.0,824.9474810875474,15502476.099705793,15502476.099705793
2003,SOXX,98,2011-02-28,17.52320671081543,1123.7,분할매수,0.0,824.9474810875474,1000000.0,1000000.0,50.785067618224915,0.0,0.0,774.1624134693225,15243898.448438881,15243898.448438881
2003,SOXX,99,2011-03-31,16.704345703125,1097.25,분할매수,0.0,774.1624134693225,1000000.0,1000000.0,54.55881652709496,0.0,0.0,719.6035969422276,13189501.58284424,13189501.58284424
2003,SOXX,100,2011-04-30,17.182092666625977,1068.4,분할매수,0.0,719.6035969422276,1000000.0,1000000.0,54.47409999642574,0.0,0.0,665.1294969458019,12210013.510814197,12210013.510814197
2003,SOXX,101,2011-05-31,16.831554412841797,1078.0,분할매수,0.0,665.1294969458019,1000000.0,1000000.0,55.11337586734634,0.0,0.0,610.0161210784555,11068386.058344845,11068386.058344845
2003,SOXX,102,2011-06-30,15.72076416015625,1066.3,분할매수,0.0,610.0161210784555,1000000.0,1000000.0,59.6550121156821,0.0,0.0,550.3611089627734,9225731.241081998,9225731.241081998
2003,SOXX,103,2011-07-31,14.862497329711914,1054.0,분할매수,0.0,550.3611089627734,1000000.0,1000000.0,63.836284196927096,0.0,0.0,486.52482476584635,7621446.500002679,7621446.500002679
2003,SOXX,104,2011-08-31,13.692647933959961,1063.9,분할매수,0.0,486.52482476584635,1000000.0,1000000.0,68.64544890277745,0.0,0.0,417.8793758630689,6087502.996082253,6087502.996082253
2003,SOXX,105,2011-09-30,13.04082202911377,1180.9,분할매수,0.0,417.8793758630689,1000000.0,1000000.0,64.93545819861862,0.0,0.0,352.9439176644503,5435303.4144287985,5435303.4144287985
2003,SOXX,106,2011-10-31,14.88107967376709,1112.05,분할매수,0.0,352.9439176644503,1000000.0,1000000.0,60.42842063840004,0.0,0.0,292.51549702605024,4840694.063087385,4840694.063087385
2003,SOXX,107,2011-11-30,14.350017547607422,1140.05,분할매수,0.0,292.51549702605024,1000000.0,1000000.0,61.125675132942234,0.0,0.0,231.389821893108,3785476.7475346206,3785476.7475346206
2003,SOXX,108,2011-12-31,14.056510925292969,1158.5,분할매수,0.0,231.389821893108,1000000.0,1000000.0,61.40820846673756,0.0,0.0,169.98161342637044,2768060.1286136345,2768060.1286136345
2003,SOXX,109,2012-01-31,15.795072555541992,1125.7,분할매수,0.0,169.98161342637044,1000000.0,1000000.0,56.24134636128074,0.0,0.0,113.74026706508971,2022360.317166838,2022360.317166838
2003,SOXX,110,2012-02-29,16.41254234313965,1117.1,분할매수,0.0,113.74026706508971,1000000.0,1000000.0,54.54212930563989,0.0,0.0,59.19813775944982,1085365.3590918474,1085365.3590918474
2003,SOXX,111,2012-03-31,16.94625473022461,1131.4,분할매수,0.0,59.19813775944982,1000000.0,1000000.0,52.156698788240455,0.0,0.0,7.041438971209367,135005.45730085528,135005.45730085528
2003,SOXX,112,2012-04-30,15.994181632995605,1130.05,고갈,0.0,7.041438971209367,1000000.0,127268.55196808239,7.041438971209366,0.0,0.0,8.881784197001252e-16,1.605313655727397e-11,1.605313655727397e-11
2004,QQQ,0,2003-12-31,30.73448371887207,1192.0,분할매수,100000000.0,0.0,0.0,0.0,0.0,8333333.333333333,91666666.66666667,227.46604491833213,8333333.333333333,100000000.0
2004,QQQ,1,2004-01-31,31.248682022094727,1174.0,분할매수,91666666.66666667,227.46604491833213,1000000.0,1000000.0,0.0,8333333.333333333,82333333.33333334,454.6192935433859,16678141.896684717,99011475.23001806
2004,QQQ,2,2004-02-29,30.82722282409668,1179.0,분할매수,82333333.33333334,454.6192935433859,1000000.0,1000000.0,0.0,8333333.333333333,73000000.00000001,683.9016028665683,24856605.992461678,97856605.9924617
2004,QQQ,3,2004-03-31,30.21183967590332,1146.7,분할매수,73000000.00000001,683.9016028665683,1000000.0,1000000.0,0.0,8333333.333333333,63666666.66666668,924.4440750139295,32026363.395802442,95693030.06246912
2004,QQQ,4,2004-04-30,29.309871673583984,1173.6,분할매수,63666666.66666668,924.4440750139295,1000000.0,1000000.0,0.0,8333333.333333333,54333333.33333334,1166.7057614596374,40132421.080716446,94465754.41404979
2004,QQQ,5,2004-05-31,30.81035804748535,1165.0,분할매수,54333333.33333334,1166.7057614596374,1000000.0,1000000.0,0.0,8333333.333333333,45000000.00000001,1398.8704059463812,50211148.25066365,95211148.25066367
2004,QQQ,6,2004-06-30,31.8134765625,1156.0,분할매수,45000000.00000001,1398.8704059463812,1000000.0,1000000.0,0.0,8333333.333333333,35666666.66666667,1625.465127372778,59778721.4231572,95445388.08982387
2004,QQQ,7,2004-07-31,29.411035537719727,1170.0,분할매수,35666666.66666667,1625.465127372778,1000000.0,1000000.0,0.0,8333333.333333333,26333333.33333334,1867.6363733791447,64267070.10632066,90600403.439654
2004,QQQ,8,2004-08-31,28.677650451660156,1152.0,분할매수,26333333.33333334,1867.6363733791447,1000000.0,1000000.0,0.0,8333333.333333333,17000000.000000007,2119.8814556075436,70033788.72906585,87033788.72906587
2004,QQQ,9,2004-09-30,29.621776580810547,1152.0,분할매수,17000000.000000007,2119.8814556075436,1000000.0,1000000.0,0.0,8333333.333333333,7666666.666666674,2364.0868048904244,80672775.72722659,88339442.39389326
2004,QQQ,10,2004-10-31,31.105392456054688,1120.0,분할매수,7666666.666666674,2364.0868048904244,1000000.0,1000000.0,0.0,6666666.666666674,0.0,2555.4485104464757,89026816.27691935,89026816.27691935
2004,QQQ,11,2004-11-30,32.976768493652344,1048.0,분할매수,0.0,2555.4485104464757,1000000.0,1000000.0,28.935475392809188,0.0,0.0,2526.5130350536665,87315414.75491138,87315414.75491138
2004,QQQ,12,2004-12-31,33.97344970703125,1035.1,분할매수,0.0,2526.5130350536665,1000000.0,1000000.0,28.43662451587309,0.0,0.0,2498.0764105377934,87847149.69047709,87847149.69047709
2004,QQQ,13,2005-01-31,31.82882308959961,1026.85,분할매수,0.0,2498.0764105377934,1000000.0,1000000.0,30.59654669382039,0.0,0.0,2467.479863843973,80645697.97814247,80645697.97814247
2004,QQQ,14,2005-02-28,31.675640106201172,1000.85,분할매수,0.0,2467.479863843973,1000000.0,1000000.0,31.543189609948616,0.0,0.0,2435.9366742340244,77225439.28993592,77225439.28993592
2004,QQQ,15,2005-03-31,31.122478485107422,1015.4,분할매수,0.0,2435.9366742340244,1000000.0,1000000.0,31.64380252039018,0.0,0.0,2404.292871713634,75979897.4906505,75979897.4906505
2004,QQQ,16,2005-04-30,29.769319534301758,997.0,분할매수,0.0,2404.292871713634,1000000.0,1000000.0,33.692709231244756,0.0,0.0,2370.6001624823894,70359440.2638309,70359440.2638309
2004,QQQ,17,2005-05-31,32.40753173828125,1005.0,분할매수,0.0,2370.6001624823894,1000000.0,1000000.0,30.703506939608175,0.0,0.0,2339.896655542781,76209426.50444484,76209426.50444484
2004,QQQ,18,2005-06-30,31.33011817932129,1034.5,분할매수,0.0,2339.896655542781,1000000.0,1000000.0,30.85371559377279,0.0,0.0,2309.042939949008,74838407.48227558,74838407.48227558
2004,QQQ,19,2005-07-31,33.71522903442383,1026.5,분할매수,0.0,2309.042939949008,1000000.0,1000000.0,28.8944832557469,0.0,0.0,2280.1484566932613,78912934.22732371,78912934.22732371
2004,QQQ,20,2005-08-31,33.20414352416992,1039.0,분할매수,0.0,2280.1484566932613,1000000.0,1000000.0,28.98625910657413,0.0,0.0,2251.1621975866874,77663081.30034345,77663081.30034345
2004,QQQ,21,2005-09-30,33.61299514770508,1042.4,분할매수,0.0,2251.1621975866874,1000000.0,1000000.0,28.540290183635605,0.0,0.0,2222.621907403052,77876640.1148036,77876640.1148036
2004,QQQ,22,2005-10-31,33.11042785644531,1043.5,분할매수,0.0,2222.621907403052,1000000.0,1000000.0,28.94294729824652,0.0,0.0,2193.6789601048054,75793212.67802285,75793212.67802285
2004,QQQ,23,2005-11-30,35.12925338745117,1037.4,분할매수,0.0,2193.6789601048054,1000000.0,1000000.0,27.44004609883697,0.0,0.0,2166.2389140059686,78944434.21134716,78944434.21134716
2004,QQQ,24,2005-12-31,34.505252838134766,1010.0,분할매수,0.0,2166.2389140059686,1000000.0,1000000.0,28.69415316402914,0.0,0.0,2137.5447608419395,74494087.64993824,74494087.64993824
2004,QQQ,25,2006-01-31,35.86294937133789,958.9,분할매수,0.0,2137.5447608419395,1000000.0,1000000.0,29.079081072387215,0.0,0.0,2108.4656797695525,72507988.63007057,72507988.63007057
2004,QQQ,26,2006-02-28,35.09444046020508,970.9,분할매수,0.0,2108.4656797695525,1000000.0,1000000.0,29.348585623377424,0.0,0.0,2079.117094146175,70842156.44416158,70842156.44416158
2004,QQQ,27,2006-03-31,35.82829284667969,971.4,분할매수,0.0,2079.117094146175,1000000.0,1000000.0,28.73265680891669,0.0,0.0,2050.3844373372585,71360767.33081491,71360767.33081491
2004,QQQ,28,2006-04-30,35.759918212890625,942.8,분할매수,0.0,2050.3844373372585,1000000.0,1000000.0,29.660871631267998,0.0,0.0,2020.7235657059905,68127585.42050993,68127585.42050993
2004,QQQ,29,2006-05-31,33.17087173461914,945.3,분할매수,0.0,2020.7235657059905,1000000.0,1000000.0,31.89139062829947,0.0,0.0,1988.832175077691,62362667.03631483,62362667.03631483
2004,QQQ,30,2006-06-30,33.15043258666992,948.5,분할매수,0.0,1988.832175077691,1000000.0,1000000.0,31.803393650803475,0.0,0.0,1957.0287814268877,61535218.628388286,61535218.628388286
2004,QQQ,31,2006-07-31,31.72248649597168,954.9,분할매수,0.0,1957.0287814268877,1000000.0,1000000.0,33.0122317675438,0.0,0.0,1924.0165496593438,58281929.05003634,58281929.05003634
2004,QQQ,32,2006-08-31,33.235931396484375,961.1,분할매수,0.0,1924.0165496593438,1000000.0,1000000.0,31.305710796543398,0.0,0.0,1892.7108388628003,60458963.89842657,60458963.89842657
2004,QQQ,33,2006-09-30,34.77791976928711,946.0,분할매수,0.0,1892.7108388628003,1000000.0,1000000.0,30.39521798439522,0.0,0.0,1862.315620878405,61270020.23260732,61270020.23260732
2004,QQQ,34,2006-10-31,36.429161071777344,942.2,분할매수,0.0,1862.315620878405,1000000.0,1000000.0,29.134510793867307,0.0,0.0,1833.1811100845377,62921293.6868813,62921293.6868813
2004,QQQ,35,2006-11-30,37.678245544433594,929.0,분할매수,0.0,1833.1811100845377,1000000.0,1000000.0,28.568906254709816,0.0,0.0,1804.6122038298279,63167003.5856666,63167003.5856666
2004,QQQ,36,2006-12-31,36.970359802246094,930.0,분할매수,0.0,1804.6122038298279,1000000.0,1000000.0,29.084618677121295,0.0,0.0,1775.5275851527065,61046961.10557509,61046961.10557509
2004,QQQ,37,2007-01-31,37.749839782714844,941.0,분할매수,0.0,1775.5275851527065,1000000.0,1000000.0,28.151093149728194,0.0,0.0,1747.3764920029782,62071354.839016244,62071354.839016244
2004,QQQ,38,2007-02-28,37.1159782409668,942.3,분할매수,0.0,1747.3764920029782,1000000.0,1000000.0,28.592353030112523,0.0,0.0,1718.7841389728658,60113420.43667057,60113420.43667057
2004,QQQ,39,2007-03-31,37.31077575683594,941.1,분할매수,0.0,1718.7841389728658,1000000.0,1000000.0,28.47934178760802,0.0,0.0,1690.3047971852577,59351961.49514754,59351961.49514754
2004,QQQ,40,2007-04-30,39.39360046386719,931.0,분할매수,0.0,1690.3047971852577,1000000.0,1000000.0,27.266201703343867,0.0,0.0,1663.038595481914,60992675.605343394,60992675.605343394
2004,QQQ,41,2007-05-31,40.636444091796875,927.4,분할매수,0.0,1663.038595481914,1000000.0,1000000.0,26.534885051324146,0.0,0.0,1636.5037104305898,61673668.72949482,61673668.72949482
2004,QQQ,42,2007-06-30,40.8311767578125,922.6,분할매수,0.0,1636.5037104305898,1000000.0,1000000.0,26.54572880237829,0.0,0.0,1609.9579816282114,60648475.45206489,60648475.45206489
2004,QQQ,43,2007-07-31,40.77113723754883,919.0,분할매수,0.0,1609.9579816282114,1000000.0,1000000.0,26.68896075888545,0.0,0.0,1583.269020869326,59322992.57258319,59322992.57258319
2004,QQQ,44,2007-08-31,41.92058181762695,938.1,분할매수,0.0,1583.269020869326,1000000.0,1000000.0,25.428665118836577,0.0,0.0,1557.8403557504894,61263159.05574223,61263159.05574223
2004,QQQ,45,2007-09-30,44.1223258972168,913.6,분할매수,0.0,1557.8403557504894,1000000.0,1000000.0,24.80764343080997,0.0,0.0,1533.0327123196794,61796789.22729604,61796789.22729604
2004,QQQ,46,2007-10-31,47.22917938232422,903.2,분할매수,0.0,1533.0327123196794,1000000.0,1000000.0,23.442594285559412,0.0,0.0,1509.59011803412,64395181.678506635,64395181.678506635
2004,QQQ,47,2007-11-30,44.036502838134766,920.9,분할매수,0.0,1509.59011803412,1000000.0,1000000.0,24.658957090508434,0.0,0.0,1484.9311609436115,60218733.31841684,60218733.31841684
2004,QQQ,48,2007-12-31,44.005088806152344,935.8,분할매수,0.0,1484.9311609436115,1000000.0,1000000.0,24.283655178096982,0.0,0.0,1460.6475057655146,60149408.935890675,60149408.935890675
2004,QQQ,49,2008-01-31,38.772918701171875,943.4,분할매수,0.0,1460.6475057655146,1000000.0,1000000.0,27.338559889867735,0.0,0.0,1433.3089458756467,52428107.10036202,52428107.10036202
2004,QQQ,50,2008-02-29,36.90000915527344,942.8,분할매수,0.0,1433.3089458756467,1000000.0,1000000.0,28.744446625851566,0.0,0.0,1404.564499249795,48863855.948668286,48863855.948668286
2004,QQQ,51,2008-03-31,37.59090042114258,988.6,분할매수,0.0,1404.564499249795,1000000.0,1000000.0,26.90894464606756,0.0,0.0,1377.6555546037275,51196937.40219041,51196937.40219041
2004,QQQ,52,2008-04-30,40.59163284301758,1005.0,분할매수,0.0,1377.6555546037275,1000000.0,1000000.0,24.513053699268742,0.0,0.0,1353.1425009044588,55200894.89890135,55200894.89890135
2004,QQQ,53,2008-05-31,42.999114990234375,1028.5,분할매수,0.0,1353.1425009044588,1000000.0,1000000.0,22.61185474547644,0.0,0.0,1330.5306461589823,58842171.99940922,58842171.99940922
2004,QQQ,54,2008-06-30,38.86471939086914,1046.8,분할매수,0.0,1330.5306461589823,1000000.0,1000000.0,24.57993610714677,0.0,0.0,1305.9507100518356,53130760.97346414,53130760.97346414
2004,QQQ,55,2008-07-31,39.11421203613281,1011.5,분할매수,0.0,1305.9507100518356,1000000.0,1000000.0,25.27548670807785,0.0,0.0,1280.6752233437578,50668667.16099532,50668667.16099532
2004,QQQ,56,2008-08-31,39.682106018066406,1089.0,분할매수,0.0,1280.6752233437578,1000000.0,1000000.0,23.14074875784825,0.0,0.0,1257.5344745859095,54342860.19631984,54342860.19631984
2004,QQQ,57,2008-09-30,33.5011100769043,1206.3,분할매수,0.0,1257.5344745859095,1000000.0,1000000.0,24.744886967153555,0.0,0.0,1232.7895876187558,49819972.47573468,49819972.47573468
2004,QQQ,58,2008-10-31,28.31796646118164,1277.5,분할매수,0.0,1232.7895876187558,1000000.0,1000000.0,27.642481533540963,0.0,0.0,1205.1471060852148,43597645.33523909,43597645.33523909
2004,QQQ,59,2008-11-30,25.072023391723633,1468.0,분할매수,0.0,1205.1471060852148,1000000.0,1000000.0,27.169682296428064,0.0,0.0,1177.9774237887866,43356319.40545925,43356319.40545925
2004,QQQ,60,2008-12-31,25.64301109313965,1262.0,분할매수,0.0,1177.9774237887866,1000000.0,1000000.0,30.90093530994705,0.0,0.0,1147.0764884788396,37121092.83985311,37121092.83985311
2004,QQQ,61,2009-01-31,25.056690216064453,1380.0,분할매수,0.0,1147.0764884788396,1000000.0,1000000.0,28.919928167321853,0.0,0.0,1118.1565603115178,38663877.51180453,38663877.51180453
2004,QQQ,62,2009-02-28,23.73746681213379,1532.8,분할매수,0.0,1118.1565603115178,1000000.0,1000000.0,27.484012520644523,0.0,0.0,1090.6725477908733,39683890.66085668,39683890.66085668
2004,QQQ,63,2009-03-31,26.186351776123047,1372.3,분할매수,0.0,1090.6725477908733,1000000.0,1000000.0,27.827611973638245,0.0,0.0,1062.844935817235,38193896.652867414,38193896.652867414
2004,QQQ,64,2009-04-30,29.606462478637695,1277.0,분할매수,0.0,1062.844935817235,1000000.0,1000000.0,26.44981165408958,0.0,0.0,1036.3951241631453,39183459.51635166,39183459.51635166
2004,QQQ,65,2009-05-31,30.556489944458008,1249.0,분할매수,0.0,1036.3951241631453,1000000.0,1000000.0,26.20197914960907,0.0,0.0,1010.1931450135362,38554077.8902806,38554077.8902806
2004,QQQ,66,2009-06-30,31.458803176879883,1273.5,분할매수,0.0,1010.1931450135362,1000000.0,1000000.0,24.96082034459719,0.0,0.0,985.232324668939,39471151.63152857,39471151.63152857
2004,QQQ,67,2009-07-31,34.11350631713867,1222.2,분할매수,0.0,985.232324668939,1000000.0,1000000.0,23.984538173207106,0.0,0.0,961.2477864957319,40077810.94444972,40077810.94444972
2004,QQQ,68,2009-08-31,34.61507034301758,1248.0,분할매수,0.0,961.2477864957319,1000000.0,1000000.0,23.148358311618537,0.0,0.0,938.0994281841134,40525527.36378139,40525527.36378139
2004,QQQ,69,2009-09-30,36.57011795043945,1175.0,분할매수,0.0,938.0994281841134,1000000.0,1000000.0,23.272110605183517,0.0,0.0,914.8273175789299,39310027.917071074,39310027.917071074
2004,QQQ,70,2009-10-31,35.45353698730469,1182.0,분할매수,0.0,914.8273175789299,1000000.0,1000000.0,23.862885357989228,0.0,0.0,890.9644322209406,37336827.41440352,37336827.41440352
2004,QQQ,71,2009-11-30,37.70399475097656,1164.4,분할매수,0.0,890.9644322209406,1000000.0,1000000.0,22.77772980522746,0.0,0.0,868.1867024157132,38115594.04030095,38115594.04030095
2004,QQQ,72,2009-12-31,39.6656608581543,1163.65,분할매수,0.0,868.1867024157132,1000000.0,1000000.0,21.665211437932467,0.0,0.0,846.5214909777807,39072846.96495744,39072846.96495744
2004,QQQ,73,2010-01-31,37.09930419921875,1158.7,분할매수,0.0,846.5214909777807,1000000.0,1000000.0,23.262866510400187,0.0,0.0,823.2586244673805,35389388.66795819,35389388.66795819
2004,QQQ,74,2010-02-28,38.80733108520508,1159.0,분할매수,0.0,823.2586244673805,1000000.0,1000000.0,22.233241645363485,0.0,0.0,801.025382822017,36028276.73980068,36028276.73980068
2004,QQQ,75,2010-03-31,41.79971694946289,1131.2,분할매수,0.0,801.025382822017,1000000.0,1000000.0,21.14887462502885,0.0,0.0,779.8765081969882,36875555.887689434,36875555.887689434
2004,QQQ,76,2010-04-30,42.73710632324219,1108.0,분할매수,0.0,779.8765081969882,1000000.0,1000000.0,21.118113823289978,0.0,0.0,758.7583943736983,35929269.096793406,35929269.096793406
2004,QQQ,77,2010-05-31,39.57780838012695,1194.5,분할매수,0.0,758.7583943736983,1000000.0,1000000.0,21.15251951620124,0.0,0.0,737.605874857497,34870828.23833569,34870828.23833569
2004,QQQ,78,2010-06-30,37.212764739990234,1220.85,분할매수,0.0,737.605874857497,1000000.0,1000000.0,22.011303149260893,0.0,0.0,715.5945717082361,32510322.848934308,32510322.848934308
2004,QQQ,79,2010-07-31,39.91376876831055,1182.0,분할매수,0.0,715.5945717082361,1000000.0,1000000.0,21.19628676445561,0.0,0.0,694.3982849437805,32760374.147618536,32760374.147618536
2004,QQQ,80,2010-08-31,37.866233825683594,1198.0,분할매수,0.0,694.3982849437805,1000000.0,1000000.0,22.044033867855443,0.0,0.0,672.354251075925,30500508.895350154,30500508.895350154
2004,QQQ,81,2010-09-30,42.85430908203125,1140.1,분할매수,0.0,672.354251075925,1000000.0,1000000.0,20.467394323717848,0.0,0.0,651.8868567522072,31850016.980265703,31850016.980265703
2004,QQQ,82,2010-10-31,45.57032775878906,1124.0,분할매수,0.0,651.8868567522072,1000000.0,1000000.0,19.523223971785022,0.0,0.0,632.3636327804222,32390328.24160162,32390328.24160162
2004,QQQ,83,2010-11-30,45.49174499511719,1157.2,분할매수,0.0,632.3636327804222,1000000.0,1000000.0,18.995860823607604,0.0,0.0,613.3677719568146,32289548.63653959,32289548.63653959
2004,QQQ,84,2010-12-31,47.65582275390625,1130.6,분할매수,0.0,613.3677719568146,1000000.0,1000000.0,18.559875004896806,0.0,0.0,594.8078969519179,32048055.107859552,32048055.107859552
2004,QQQ,85,2011-01-31,49.00342559814453,1119.1,분할매수,0.0,594.8078969519179,1000000.0,1000000.0,18.23495364753519,0.0,0.0,576.5729433043826,31619106.604217652,31619106.604217652
2004,QQQ,86,2011-02-28,50.55229949951172,1123.7,분할매수,0.0,576.5729433043826,1000000.0,1000000.0,17.60389233541176,0.0,0.0,558.9690509689709,31752582.9128457,31752582.9128457
2004,QQQ,87,2011-03-31,50.32566833496094,1097.25,분할매수,0.0,558.9690509689709,1000000.0,1000000.0,18.109433268844267,0.0,0.0,540.8596177001267,29866181.324990965,29866181.324990965
2004,QQQ,88,2011-04-30,51.77157211303711,1068.4,분할매수,0.0,540.8596177001267,1000000.0,1000000.0,18.079015101686252,0.0,0.0,522.7806025984405,28916431.545525957,28916431.545525957
2004,QQQ,89,2011-05-31,51.140628814697266,1078.0,분할매수,0.0,522.7806025984405,1000000.0,1000000.0,18.139076626293793,0.0,0.0,504.6415259721467,27820684.391433433,27820684.391433433
2004,QQQ,90,2011-06-30,50.10478210449219,1066.3,분할매수,0.0,504.6415259721467,1000000.0,1000000.0,18.71722292866374,0.0,0.0,485.924303043483,25961346.13000381,25961346.13000381
2004,QQQ,91,2011-07-31,50.93913269042969,1054.0,분할매수,0.0,485.924303043483,1000000.0,1000000.0,18.625495828157504,0.0,0.0,467.2988072153255,25089200.92794932,25089200.92794932
2004,QQQ,92,2011-08-31,48.357059478759766,1063.9,분할매수,0.0,467.2988072153255,1000000.0,1000000.0,19.437450792623686,0.0,0.0,447.8613564227018,23041157.052994862,23041157.052994862
2004,QQQ,93,2011-09-30,46.185428619384766,1180.9,분할매수,0.0,447.8613564227018,1000000.0,1000000.0,18.335041571785293,0.0,0.0,429.52631485091655,23426525.27779861,23426525.27779861
2004,QQQ,94,2011-10-31,50.989620208740234,1112.05,분할매수,0.0,429.52631485091655,1000000.0,1000000.0,17.635748970058064,0.0,0.0,411.8905658808585,23355433.70344891,23355433.70344891
2004,QQQ,95,2011-11-30,49.616981506347656,1140.05,분할매수,0.0,411.8905658808585,1000000.0,1000000.0,17.678514172710297,0.0,0.0,394.2120517081482,22298935.75087207,22298935.75087207
2004,QQQ,96,2011-12-31,49.31224822998047,1158.5,분할매수,0.0,394.2120517081482,1000000.0,1000000.0,17.50447777577848,0.0,0.0,376.7075739323697,21520640.533111613,21520640.533111613
2004,QQQ,97,2012-01-31,53.46354293823242,1125.7,분할매수,0.0,376.7075739323697,1000000.0,1000000.0,16.615736585660077,0.0,0.0,360.0918373467096,21671734.833439805,21671734.833439805
2004,QQQ,98,2012-02-29,56.89060592651367,1117.1,분할매수,0.0,360.0918373467096,1000000.0,1000000.0,15.735023245667689,0.0,0.0,344.35681410104195,21884735.009581473,21884735.009581473
2004,QQQ,99,2012-03-31,59.76529312133789,1131.4,분할매수,0.0,344.35681410104195,1000000.0,1000000.0,14.788862521910008,0.0,0.0,329.56795157913194,22284874.924685393,22284874.924685393
2004,QQQ,100,2012-04-30,59.06632995605469,1130.05,분할매수,0.0,329.56795157913194,1000000.0,1000000.0,14.98174335986588,0.0,0.0,314.58620821926604,20997970.707601435,20997970.707601435
2004,QQQ,101,2012-05-31,54.90799331665039,1180.0,분할매수,0.0,314.58620821926604,1000000.0,1000000.0,15.434139474582832,0.0,0.0,299.1520687446832,19382490.953728344,19382490.953728344
2004,QQQ,102,2012-06-30,56.89645767211914,1141.17,분할매수,0.0,299.1520687446832,1000000.0,1000000.0,15.401549838460959,0.0,0.0,283.7505189062223,18423504.250048697,18423504.250048697
2004,QQQ,103,2012-07-31,57.4639892578125,1130.27,분할매수,0.0,283.7505189062223,1000000.0,1000000.0,15.396500739789504,0.0,0.0,268.35401816643275,17429546.01839623,17429546.01839623
2004,QQQ,104,2012-08-31,60.443599700927734,1133.2,분할매수,0.0,268.35401816643275,1000000.0,1000000.0,14.599672487825606,0.0,0.0,253.75434567860714,17380824.528098706,17380824.528098706
2004,QQQ,105,2012-09-30,60.980621337890625,1111.21,분할매수,0.0,253.75434567860714,1000000.0,1000000.0,14.75747356101627,0.0,0.0,238.99687211759087,16194972.068181865,16194972.068181865
2004,QQQ,106,2012-10-31,57.76127243041992,1090.17,분할매수,0.0,238.99687211759087,1000000.0,1000000.0,15.880677325439748,0.0,0.0,223.11619479215113,14049538.959823484,14049538.959823484
2004,QQQ,107,2012-11-30,58.5172004699707,1081.75,분할매수,0.0,223.11619479215113,1000000.0,1000000.0,15.797543333316112,0.0,0.0,207.31865145883503,13123474.1430721,13123474.1430721
2004,QQQ,108,2012-12-31,58.24393081665039,1063.24,분할매수,0.0,207.31865145883503,1000000.0,1000000.0,16.147973048707648,0.0,0.0,191.17067841012738,11838679.556467747,11838679.556467747
2004,QQQ,109,2013-01-31,59.799983978271484,1087.46,분할매수,0.0,191.17067841012738,1000000.0,1000000.0,15.377496650043287,0.0,0.0,175.79318176008408,11431846.532679245,11431846.532679245
2004,QQQ,110,2013-02-28,60.00564956665039,1083.9,분할매수,0.0,175.79318176008408,1000000.0,1000000.0,15.375124541332118,0.0,0.0,160.41805721875195,10433610.26361177,10433610.26361177
2004,QQQ,111,2013-03-31,61.82072067260742,1112.48,분할매수,0.0,160.41805721875195,1000000.0,1000000.0,14.540311963056817,0.0,0.0,145.87774525569515,10032642.052408013,10032642.052408013
2004,QQQ,112,2013-04-30,63.38927459716797,1101.52,분할매수,0.0,145.87774525569515,1000000.0,1000000.0,14.321609609124232,0.0,0.0,131.5561356465709,9185848.465158349,9185848.465158349
2004,QQQ,113,2013-05-31,65.65703582763672,1129.34,분할매수,0.0,131.5561356465709,1000000.0,1000000.0,13.486337296996561,0.0,0.0,118.06979834957434,8754771.273284761,8754771.273284761
2004,QQQ,114,2013-06-30,64.08438873291016,1141.45,분할매수,0.0,118.06979834957434,1000000.0,1000000.0,13.670703414462443,0.0,0.0,104.3990949351119,7636702.499497321,7636702.499497321
2004,QQQ,115,2013-07-31,68.13067626953125,1122.66,분할매수,0.0,104.3990949351119,1000000.0,1000000.0,13.074017171919973,0.0,0.0,91.32507776319193,6985234.649938927,6985234.649938927
2004,QQQ,116,2013-08-31,67.86093139648438,1109.42,분할매수,0.0,91.32507776319193,1000000.0,1000000.0,13.282633607652684,0.0,0.0,78.04244415553924,5875524.874116508,5875524.874116508
2004,QQQ,117,2013-09-30,71.14009857177734,1073.33,분할매수,0.0,78.04244415553924,1000000.0,1000000.0,13.096410192760567,0.0,0.0,64.94603396277867,4959071.455984139,4959071.455984139
2004,QQQ,118,2013-10-31,74.66645050048828,1060.83,분할매수,0.0,64.94603396277867,1000000.0,1000000.0,12.62492191623449,0.0,0.0,52.32111204654418,4144272.130448905,4144272.130448905
2004,QQQ,119,2013-11-30,77.31796264648438,1057.76,분할매수,0.0,52.32111204654418,1000000.0,1000000.0,12.2273532291394,0.0,0.0,40.093758817404776,3279021.8836449445,3279021.8836449445
2004,QQQ,120,2013-12-31,79.58111572265625,1055.25,분할매수,0.0,40.093758817404776,1000000.0,1000000.0,11.907884553794045,0.0,0.0,28.18587426361073,2366992.5700304387,2366992.5700304387
2004,SPY,0,2003-12-31,73.67726135253906,1192.0,분할매수,100000000.0,0.0,0.0,0.0,0.0,8333333.333333333,91666666.66666667,94.8875043100089,8333333.333333333,100000000.0
2004,SPY,1,2004-01-31,75.13385009765625,1174.0,분할매수,91666666.66666667,94.8875043100089,1000000.0,1000000.0,0.0,8333333.333333333,82333333.33333334,189.36209369074868,16703088.711646844,99036422.04498018
2004,SPY,2,2004-02-29,76.15348815917969,1179.0,분할매수,82333333.33333334,189.36209369074868,1000000.0,1000000.0,0.0,8333333.333333333,73000000.00000001,282.1764480950413,25335201.821791224,98335201.82179123
2004,SPY,3,2004-03-31,75.144775390625,1146.7,분할매수,73000000.00000001,282.1764480950413,1000000.0,1000000.0,0.0,8333333.333333333,63666666.66666668,378.88617363463175,32648058.53467183,96314725.2013385
2004,SPY,4,2004-04-30,73.72294616699219,1173.6,분할매수,63666666.66666668,378.88617363463175,1000000.0,1000000.0,0.0,8333333.333333333,54333333.33333334,475.2016264254875,41115038.54054137,95448371.87387472
2004,SPY,5,2004-05-31,74.98529815673828,1165.0,분할매수,54333333.33333334,475.2016264254875,1000000.0,1000000.0,0.0,8333333.333333333,45000000.00000001,570.5946701078901,49845936.35635903,94845936.35635903
2004,SPY,6,2004-06-30,76.37263488769531,1156.0,분할매수,45000000.00000001,570.5946701078901,1000000.0,1000000.0,0.0,8333333.333333333,35666666.66666667,664.984052769432,58709291.4141545,94375958.08082117
2004,SPY,7,2004-07-31,73.91204833984375,1170.0,분할매수,35666666.66666667,664.984052769432,1000000.0,1000000.0,0.0,8333333.333333333,26333333.33333334,761.3486818453061,65839223.47395111,92172556.80728444
2004,SPY,8,2004-08-31,74.09207916259766,1152.0,분할매수,26333333.33333334,761.3486818453061,1000000.0,1000000.0,0.0,8333333.333333333,17000000.000000007,858.981200436416,73317545.97340964,90317545.97340965
2004,SPY,9,2004-09-30,74.8357162475586,1152.0,분할매수,17000000.000000007,858.981200436416,1000000.0,1000000.0,0.0,8333333.333333333,7666666.666666674,955.643551770994,82386742.66461293,90053409.3312796
2004,SPY,10,2004-10-31,75.79998016357422,1120.0,분할매수,7666666.666666674,955.643551770994,1000000.0,1000000.0,0.0,6666666.666666674,0.0,1034.171025518822,87796960.40647832,87796960.40647832
2004,SPY,11,2004-11-30,79.17442321777344,1048.0,분할매수,0.0,1034.171025518822,1000000.0,1000000.0,12.051852536492364,0.0,0.0,1022.1191729823297,84810129.38777731,84810129.38777731
2004,SPY,12,2004-12-31,81.55921173095703,1035.1,분할매수,0.0,1022.1191729823297,1000000.0,1000000.0,11.845262016688325,0.0,0.0,1010.2739109656413,85289283.55846465,85289283.55846465
2004,SPY,13,2005-01-31,79.7306137084961,1026.85,분할매수,0.0,1010.2739109656413,1000000.0,1000000.0,12.214280394614715,0.0,0.0,998.0596305710267,81712519.96237716,81712519.96237716
2004,SPY,14,2005-02-28,81.39726257324219,1000.85,분할매수,0.0,998.0596305710267,1000000.0,1000000.0,12.274991692593462,0.0,0.0,985.7846388784332,80308375.23688428,80308375.23688428
2004,SPY,15,2005-03-31,79.90829467773438,1015.4,분할매수,0.0,985.7846388784332,1000000.0,1000000.0,12.324547371453857,0.0,0.0,973.4600915069793,78985463.90123093,78985463.90123093
2004,SPY,16,2005-04-30,78.41121673583984,997.0,분할매수,0.0,973.4600915069793,1000000.0,1000000.0,12.791652378769847,0.0,0.0,960.6684391282095,75101199.64818771,75101199.64818771
2004,SPY,17,2005-05-31,80.93798828125,1005.0,분할매수,0.0,960.6684391282095,1000000.0,1000000.0,12.293669471550194,0.0,0.0,948.3747696566593,77143343.72266738,77143343.72266738
2004,SPY,18,2005-06-30,81.06058502197266,1034.5,분할매수,0.0,948.3747696566593,1000000.0,1000000.0,11.925037989326684,0.0,0.0,936.4497316673326,78528029.21931879,78528029.21931879
2004,SPY,19,2005-07-31,84.16207122802734,1026.5,분할매수,0.0,936.4497316673326,1000000.0,1000000.0,11.575096793416508,0.0,0.0,924.8746348739161,79902108.06703155,79902108.06703155
2004,SPY,20,2005-08-31,83.37310791015625,1039.0,분할매수,0.0,924.8746348739161,1000000.0,1000000.0,11.54405697147126,0.0,0.0,913.3305779024448,79116949.97344103,79116949.97344103
2004,SPY,21,2005-09-30,84.0422134399414,1042.4,분할매수,0.0,913.3305779024448,1000000.0,1000000.0,11.414794972555011,0.0,0.0,901.9157829298898,79012876.28016073,79012876.28016073
2004,SPY,22,2005-10-31,82.05453491210938,1043.5,분할매수,0.0,901.9157829298898,1000000.0,1000000.0,11.678981173898105,0.0,0.0,890.2368017559917,76225553.28247494,76225553.28247494
2004,SPY,23,2005-11-30,85.6610107421875,1037.4,분할매수,0.0,890.2368017559917,1000000.0,1000000.0,11.253058118477774,0.0,0.0,878.983743637514,78110655.28882347,78110655.28882347
2004,SPY,24,2005-12-31,85.49710083007812,1010.0,분할매수,0.0,878.983743637514,1000000.0,1000000.0,11.580498055352427,0.0,0.0,867.4032455821615,74902067.37535383,74902067.37535383
2004,SPY,25,2006-01-31,87.55024719238281,958.9,분할매수,0.0,867.4032455821615,1000000.0,1000000.0,11.911578158911073,0.0,0.0,855.4916674232504,71820178.31812282,71820178.31812282
2004,SPY,26,2006-02-28,88.051513671875,970.9,분할매수,0.0,855.4916674232504,1000000.0,1000000.0,11.697381996055778,0.0,0.0,843.7942854271946,72135310.76540993,72135310.76540993
2004,SPY,27,2006-03-31,89.50471496582031,971.4,분할매수,0.0,843.7942854271946,1000000.0,1000000.0,11.501539810568987,0.0,0.0,832.2927456166257,72363592.99055035,72363592.99055035
2004,SPY,28,2006-04-30,90.63532257080078,942.8,분할매수,0.0,832.2927456166257,1000000.0,1000000.0,11.702615642247393,0.0,0.0,820.5901299743783,70120232.52408473,70120232.52408473
2004,SPY,29,2006-05-31,87.90531921386719,945.3,분할매수,0.0,820.5901299743783,1000000.0,1000000.0,12.034143524309926,0.0,0.0,808.5559864500684,67188494.53778918,67188494.53778918
2004,SPY,30,2006-06-30,88.13458251953125,948.5,분할매수,0.0,808.5559864500684,1000000.0,1000000.0,11.962344713151017,0.0,0.0,796.5936417369174,66591764.47750816,66591764.47750816
2004,SPY,31,2006-07-31,88.52926635742188,954.9,분할매수,0.0,796.5936417369174,1000000.0,1000000.0,11.82919637241522,0.0,0.0,784.7644453645022,66341315.22192943,66341315.22192943
2004,SPY,32,2006-08-31,90.46121978759766,961.1,분할매수,0.0,784.7644453645022,1000000.0,1000000.0,11.501883998415272,0.0,0.0,773.262561366087,67229208.83853696,67229208.83853696
2004,SPY,33,2006-09-30,92.90377807617188,946.0,분할매수,0.0,773.262561366087,1000000.0,1000000.0,11.378250425559518,0.0,0.0,761.8843109405275,66959706.67239575,66959706.67239575
2004,SPY,34,2006-10-31,95.831787109375,942.2,분할매수,0.0,761.8843109405275,1000000.0,1000000.0,11.07509124551637,0.0,0.0,750.8092196950112,67792598.99993762,67792598.99993762
2004,SPY,35,2006-11-30,97.73748016357422,929.0,분할매수,0.0,750.8092196950112,1000000.0,1000000.0,11.013444003255922,0.0,0.0,739.7957756917552,67172064.93019333,67172064.93019333
2004,SPY,36,2006-12-31,99.04432678222656,930.0,분할매수,0.0,739.7957756917552,1000000.0,1000000.0,10.856440264050109,0.0,0.0,728.9393354277051,67143494.34054424,67143494.34054424
2004,SPY,37,2007-01-31,100.53398895263672,941.0,분할매수,0.0,728.9393354277051,1000000.0,1000000.0,10.570547007850017,0.0,0.0,718.3687884198552,67959471.52842441,67959471.52842441
2004,SPY,38,2007-02-28,98.5617904663086,942.3,분할매수,0.0,718.3687884198552,1000000.0,1000000.0,10.767186228079522,0.0,0.0,707.6016021917757,65718339.70387139,65718339.70387139
2004,SPY,39,2007-03-31,99.70401000976562,941.1,분할매수,0.0,707.6016021917757,1000000.0,1000000.0,10.65740821292598,0.0,0.0,696.9441939788497,65395279.983134344,65395279.983134344
2004,SPY,40,2007-04-30,104.12042236328125,931.0,분할매수,0.0,696.9441939788497,1000000.0,1000000.0,10.316072790418652,0.0,0.0,686.6281211884311,66559061.29570516,66559061.29570516
2004,SPY,41,2007-05-31,107.65221405029297,927.4,분할매수,0.0,686.6281211884311,1000000.0,1000000.0,10.016360391497734,0.0,0.0,676.6117607969334,67550660.55443323,67550660.55443323
2004,SPY,42,2007-06-30,106.0783462524414,922.6,분할매수,0.0,676.6117607969334,1000000.0,1000000.0,10.217856736901348,0.0,0.0,666.393904060032,65218560.13633263,65218560.13633263
2004,SPY,43,2007-07-31,102.7569351196289,919.0,분할매수,0.0,666.393904060032,1000000.0,1000000.0,10.58944859109772,0.0,0.0,655.8044554689343,61929990.95536027,61929990.95536027
2004,SPY,44,2007-08-31,104.07559967041016,938.1,분할매수,0.0,655.8044554689343,1000000.0,1000000.0,10.242404944127324,0.0,0.0,645.562050524807,63028366.2915468,63028366.2915468
2004,SPY,45,2007-09-30,108.10482788085938,913.6,분할매수,0.0,645.562050524807,1000000.0,1000000.0,10.125088302276902,0.0,0.0,635.43696222253,62758658.81383324,62758658.81383324
2004,SPY,46,2007-10-31,109.57144927978516,903.2,분할매수,0.0,635.43696222253,1000000.0,1000000.0,10.104589270080933,0.0,0.0,625.3323729524491,61885976.38540538,61885976.38540538
2004,SPY,47,2007-11-30,105.32744598388672,920.9,분할매수,0.0,625.3323729524491,1000000.0,1000000.0,10.309698709182989,0.0,0.0,615.0226742432661,59654766.99095552,59654766.99095552
2004,SPY,48,2007-12-31,104.14138793945312,935.8,분할매수,0.0,615.0226742432661,1000000.0,1000000.0,10.261092384052112,0.0,0.0,604.7615818592141,58937348.892710514,58937348.892710514
2004,SPY,49,2008-01-31,97.8448715209961,943.4,분할매수,0.0,604.7615818592141,1000000.0,1000000.0,10.833431977980576,0.0,0.0,593.9281498812335,54823637.70672289,54823637.70672289
2004,SPY,50,2008-02-29,95.31637573242188,942.8,분할매수,0.0,593.9281498812335,1000000.0,1000000.0,11.127892091016678,0.0,0.0,582.8002577902168,52372924.990951315,52372924.990951315
2004,SPY,51,2008-03-31,94.4639663696289,988.6,분할매수,0.0,582.8002577902168,1000000.0,1000000.0,10.70811969370768,0.0,0.0,572.0921380965092,53426012.6390521,53426012.6390521
2004,SPY,52,2008-04-30,98.96636962890625,1005.0,분할매수,0.0,572.0921380965092,1000000.0,1000000.0,10.054171728769388,0.0,0.0,562.0379663677398,55900971.410653666,55900971.410653666
2004,SPY,53,2008-05-31,100.46235656738281,1028.5,분할매수,0.0,562.0379663677398,1000000.0,1000000.0,9.678149861944332,0.0,0.0,552.3598165057955,57072872.8512194,57072872.8512194
2004,SPY,54,2008-06-30,92.06616973876953,1046.8,분할매수,0.0,552.3598165057955,1000000.0,1000000.0,10.376149264820269,0.0,0.0,541.9836672409753,52233603.566068515,52233603.566068515
2004,SPY,55,2008-07-31,91.23886108398438,1011.5,분할매수,0.0,541.9836672409753,1000000.0,1000000.0,10.835632258782688,0.0,0.0,531.1480349821926,49018647.20922742,49018647.20922742
2004,SPY,56,2008-08-31,92.64885711669922,1089.0,분할매수,0.0,531.1480349821926,1000000.0,1000000.0,9.911332682601017,0.0,0.0,521.2367022995916,52589971.39855911,52589971.39855911
2004,SPY,57,2008-09-30,83.92376708984375,1206.3,분할매수,0.0,521.2367022995916,1000000.0,1000000.0,9.877788031603828,0.0,0.0,511.35891426798776,51768565.252858534,51768565.252858534
2004,SPY,58,2008-10-31,70.06068420410156,1277.5,분할매수,0.0,511.35891426798776,1000000.0,1000000.0,11.172869261314172,0.0,0.0,500.18604500667357,44767913.53305792,44767913.53305792
2004,SPY,59,2008-11-30,65.18400573730469,1468.0,분할매수,0.0,500.18604500667357,1000000.0,1000000.0,10.450399639859736,0.0,0.0,489.73564536681386,46862862.880274214,46862862.880274214
2004,SPY,60,2008-12-31,65.82254791259766,1262.0,분할매수,0.0,489.73564536681386,1000000.0,1000000.0,12.038322004695724,0.0,0.0,477.69732336211814,39681387.75286002,39681387.75286002
2004,SPY,61,2009-01-31,60.41757583618164,1380.0,분할매수,0.0,477.69732336211814,1000000.0,1000000.0,11.993822511585513,0.0,0.0,465.70350085053263,38828613.680141024,38828613.680141024
2004,SPY,62,2009-02-28,53.92576599121094,1532.8,분할매수,0.0,465.70350085053263,1000000.0,1000000.0,12.098128289534174,0.0,0.0,453.6053725609985,37493847.12289772,37493847.12289772
2004,SPY,63,2009-03-31,58.41838455200195,1372.3,분할매수,0.0,453.6053725609985,1000000.0,1000000.0,12.47387516480328,0.0,0.0,441.1314973961952,35364430.986202836,35364430.986202836
2004,SPY,64,2009-04-30,64.22201538085938,1277.0,분할매수,0.0,441.1314973961952,1000000.0,1000000.0,12.193409871363622,0.0,0.0,428.9380875248316,35177861.81634049,35177861.81634049
2004,SPY,65,2009-05-31,67.97601318359375,1249.0,분할매수,0.0,428.9380875248316,1000000.0,1000000.0,11.778279938947131,0.0,0.0,417.15980758588444,35417718.86457427,35417718.86457427
2004,SPY,66,2009-06-30,67.9314956665039,1273.5,분할매수,0.0,417.15980758588444,1000000.0,1000000.0,11.559255786286656,0.0,0.0,405.6005517995978,35088811.88361475,35088811.88361475
2004,SPY,67,2009-07-31,72.99956512451172,1222.2,분할매수,0.0,405.6005517995978,1000000.0,1000000.0,11.208240666773793,0.0,0.0,394.392311132824,35187709.0132422,35187709.0132422
2004,SPY,68,2009-08-31,75.69611358642578,1248.0,분할매수,0.0,394.392311132824,1000000.0,1000000.0,10.585511109063614,0.0,0.0,383.8068000237604,36257748.54604178,36257748.54604178
2004,SPY,69,2009-09-30,78.380126953125,1175.0,분할매수,0.0,383.8068000237604,1000000.0,1000000.0,10.858158347921664,0.0,0.0,372.9486416758387,34347320.21081862,34347320.21081862
2004,SPY,70,2009-10-31,76.87322998046875,1182.0,분할매수,0.0,372.9486416758387,1000000.0,1000000.0,11.00543959032595,0.0,0.0,361.9432020855127,32887664.242296115,32887664.242296115
2004,SPY,71,2009-11-30,81.60918426513672,1164.4,분할매수,0.0,361.9432020855127,1000000.0,1000000.0,10.523465131391358,0.0,0.0,351.4197369541214,33393918.50179091,33393918.50179091
2004,SPY,72,2009-12-31,83.16798400878906,1163.65,분할매수,0.0,351.4197369541214,1000000.0,1000000.0,10.332881571668471,0.0,0.0,341.08685538245294,33009848.51289426,33009848.51289426
2004,SPY,73,2010-01-31,80.14543914794922,1158.7,분할매수,0.0,341.08685538245294,1000000.0,1000000.0,10.768375223722739,0.0,0.0,330.3184801587302,30674867.21961901,30674867.21961901
2004,SPY,74,2010-02-28,82.64555358886719,1159.0,분할매수,0.0,330.3184801587302,1000000.0,1000000.0,10.439917601873455,0.0,0.0,319.87856255685676,30639950.88423439,30639950.88423439
2004,SPY,75,2010-03-31,87.6769790649414,1131.2,분할매수,0.0,319.87856255685676,1000000.0,1000000.0,10.082657757529512,0.0,0.0,309.7959047993273,30725619.40010097,30725619.40010097
2004,SPY,76,2010-04-30,89.03337097167969,1108.0,분할매수,0.0,309.7959047993273,1000000.0,1000000.0,10.136952762345212,0.0,0.0,299.65895203698204,29561048.47899628,29561048.47899628
2004,SPY,77,2010-05-31,81.95924377441406,1194.5,분할매수,0.0,299.65895203698204,1000000.0,1000000.0,10.21447155458571,0.0,0.0,289.44448048239633,28336706.30297584,28336706.30297584
2004,SPY,78,2010-06-30,77.71862030029297,1220.85,분할매수,0.0,289.44448048239633,1000000.0,1000000.0,10.53932046849478,0.0,0.0,278.90516001390154,26463296.267309975,26463296.267309975
2004,SPY,79,2010-07-31,83.0268325805664,1182.0,분할매수,0.0,278.90516001390154,1000000.0,1000000.0,10.189762301751426,0.0,0.0,268.7153977121501,26371115.415122397,26371115.415122397
2004,SPY,80,2010-08-31,79.29222106933594,1198.0,분할매수,0.0,268.7153977121501,1000000.0,1000000.0,10.527193331759362,0.0,0.0,258.18820438039074,24525834.78271135,24525834.78271135
2004,SPY,81,2010-09-30,86.39324188232422,1140.1,분할매수,0.0,258.18820438039074,1000000.0,1000000.0,10.152600172674752,0.0,0.0,248.035604207716,24430746.802705005,24430746.802705005
2004,SPY,82,2010-10-31,89.69363403320312,1124.0,분할매수,0.0,248.035604207716,1000000.0,1000000.0,9.919095428479864,0.0,0.0,238.11650877923614,24005869.335176695,24005869.335176695
2004,SPY,83,2010-11-30,89.69363403320312,1157.2,분할매수,0.0,238.11650877923614,1000000.0,1000000.0,9.63451716350792,0.0,0.0,228.48199161572822,23714939.49703423,23714939.49703423
2004,SPY,84,2010-12-31,95.68986511230469,1130.6,분할매수,0.0,228.48199161572822,1000000.0,1000000.0,9.243258024556267,0.0,0.0,219.23873359117195,23718772.429453712,23718772.429453712
2004,SPY,85,2011-01-31,97.9194564819336,1119.1,분할매수,0.0,219.23873359117195,1000000.0,1000000.0,9.125614320760368,0.0,0.0,210.11311927041157,23024545.18512946,23024545.18512946
2004,SPY,86,2011-02-28,101.3209228515625,1123.7,분할매수,0.0,210.11311927041157,1000000.0,1000000.0,8.783153692753505,0.0,0.0,201.32996557765807,22922286.52946883,22922286.52946883
2004,SPY,87,2011-03-31,101.33309173583984,1097.25,분할매수,0.0,201.32996557765807,1000000.0,1000000.0,8.9937977496805,0.0,0.0,192.33616782797756,21385422.841514334,21385422.841514334
2004,SPY,88,2011-04-30,104.26785278320312,1068.4,분할매수,0.0,192.33616782797756,1000000.0,1000000.0,8.976678900406174,0.0,0.0,183.3594889275714,20426205.61143997,20426205.61143997
2004,SPY,89,2011-05-31,103.09854125976562,1078.0,분할매수,0.0,183.3594889275714,1000000.0,1000000.0,8.997642192136976,0.0,0.0,174.36184673543443,19378615.30966512,19378615.30966512
2004,SPY,90,2011-06-30,101.35928344726562,1066.3,분할매수,0.0,174.36184673543443,1000000.0,1000000.0,9.252456652673798,0.0,0.0,165.10939008276063,17844924.465011884,17844924.465011884
2004,SPY,91,2011-07-31,99.33163452148438,1054.0,분할매수,0.0,165.10939008276063,1000000.0,1000000.0,9.551504996229088,0.0,0.0,155.55788508653154,16286217.213721339,16286217.213721339
2004,SPY,92,2011-08-31,93.87081909179688,1063.9,분할매수,0.0,155.55788508653154,1000000.0,1000000.0,10.013100697195348,0.0,0.0,145.5447843893362,14535436.004364068,14535436.004364068
2004,SPY,93,2011-09-30,87.3542251586914,1180.9,분할매수,0.0,145.5447843893362,1000000.0,1000000.0,9.693998798670444,0.0,0.0,135.85078559066577,14013905.758818336,14013905.758818336
2004,SPY,94,2011-10-31,96.88873291015625,1112.05,분할매수,0.0,135.85078559066577,1000000.0,1000000.0,9.281163196899241,0.0,0.0,126.56962239376652,13637258.575094592,13637258.575094592
2004,SPY,95,2011-11-30,96.49495697021484,1140.05,분할매수,0.0,126.56962239376652,1000000.0,1000000.0,9.090159095441884,0.0,0.0,117.47946329832465,12923807.170463372,12923807.170463372
2004,SPY,96,2011-12-31,97.50320434570312,1158.5,분할매수,0.0,117.47946329832465,1000000.0,1000000.0,8.852890107640903,0.0,0.0,108.62657319068374,12270182.03884949,12270182.03884949
2004,SPY,97,2012-01-31,102.02483367919922,1125.7,분할매수,0.0,108.62657319068374,1000000.0,1000000.0,8.70705802070727,0.0,0.0,99.91951516997648,11475691.896430025,11475691.896430025
2004,SPY,98,2012-02-29,106.45328521728516,1117.1,분할매수,0.0,99.91951516997648,1000000.0,1000000.0,8.409087656493107,0.0,0.0,91.51042751348336,10882325.318945067,10882325.318945067
2004,SPY,99,2012-03-31,109.87721252441406,1131.4,분할매수,0.0,91.51042751348336,1000000.0,1000000.0,8.0440765036402,0.0,0.0,83.46635100984317,10376125.95704081,10376125.95704081
2004,SPY,100,2012-04-30,109.14369201660156,1130.05,분할매수,0.0,83.46635100984317,1000000.0,1000000.0,8.10781255664475,0.0,0.0,75.35853845319842,9294558.541741127,9294558.541741127
2004,SPY,101,2012-05-31,102.58901977539062,1180.0,분할매수,0.0,75.35853845319842,1000000.0,1000000.0,8.260704985524532,0.0,0.0,67.0978334676739,8122531.138111256,8122531.138111256
2004,SPY,102,2012-06-30,106.75215911865234,1141.17,분할매수,0.0,67.0978334676739,1000000.0,1000000.0,8.208673582845748,0.0,0.0,58.889159884828146,7174016.519294059,7174016.519294059
2004,SPY,103,2012-07-31,108.01504516601562,1130.27,분할매수,0.0,58.889159884828146,1000000.0,1000000.0,8.190936288174882,0.0,0.0,50.698223596653264,6189551.696287205,6189551.696287205
2004,SPY,104,2012-08-31,110.72108459472656,1133.2,분할매수,0.0,50.698223596653264,1000000.0,1000000.0,7.970087746600781,0.0,0.0,42.72813585005248,5361062.162493243,5361062.162493243
2004,SPY,105,2012-09-30,113.5279769897461,1111.21,분할매수,0.0,42.72813585005248,1000000.0,1000000.0,7.926855837566337,0.0,0.0,34.801280012486146,4390300.609172004,4390300.609172004
2004,SPY,106,2012-10-31,111.46190643310547,1090.17,분할매수,0.0,34.801280012486146,1000000.0,1000000.0,8.229610983056652,0.0,0.0,26.571669029429493,3228787.980882203,3228787.980882203
2004,SPY,107,2012-11-30,112.09275817871094,1081.75,분할매수,0.0,26.571669029429493,1000000.0,1000000.0,8.24699137739907,0.0,0.0,18.324677652030424,2221983.3650183408,2221983.3650183408
2004,SPY,108,2012-12-31,113.09429168701172,1063.24,분할매수,0.0,18.324677652030424,1000000.0,1000000.0,8.31625903525666,0.0,0.0,10.008418616773763,1203476.0550799607,1203476.0550799607
2004,SPY,109,2013-01-31,118.88359069824219,1087.46,분할매수,0.0,10.008418616773763,1000000.0,1000000.0,7.735079735542585,0.0,0.0,2.2733388812311786,293899.86386115936,293899.86386115936
2004,SPY,110,2013-02-28,120.40040588378906,1083.9,고갈,0.0,2.2733388812311786,1000000.0,296675.2705362088,2.273338881231178,0.0,0.0,4.440892098500626e-16,5.7954530036070195e-11,5.7954530036070195e-11
2004,SOXX,0,2003-12-31,17.17659568786621,1192.0,분할매수,100000000.0,0.0,0.0,0.0,0.0,8333333.333333333,91666666.66666667,407.0103052537517,8333333.333333333,100000000.0
2004,SOXX,1,2004-01-31,17.792482376098633,1174.0,분할매수,91666666.66666667,407.0103052537517,1000000.0,1000000.0,0.0,8333333.333333333,82333333.33333334,805.956303149216,16835116.93731375,99168450.2706471
2004,SOXX,2,2004-02-29,17.636457443237305,1179.0,분할매수,82333333.33333334,805.956303149216,1000000.0,1000000.0,0.0,8333333.333333333,73000000.00000001,1206.7248170005892,25091891.688379746,98091891.68837976
2004,SOXX,3,2004-03-31,16.878223419189453,1146.7,분할매수,73000000.00000001,1206.7248170005892,1000000.0,1000000.0,0.0,8333333.333333333,63666666.66666668,1637.2932733642574,31688597.735651758,95355264.40231843
2004,SOXX,4,2004-04-30,15.137300491333008,1173.6,분할매수,63666666.66666668,1637.2932733642574,1000000.0,1000000.0,0.0,8333333.333333333,54333333.33333334,2106.376842473246,37420070.77179321,91753404.10512656
2004,SOXX,5,2004-05-31,16.703035354614258,1165.0,분할매수,54333333.33333334,2106.376842473246,1000000.0,1000000.0,0.0,8333333.333333333,45000000.00000001,2534.626898270899,49321396.53684999,94321396.53685
2004,SOXX,6,2004-06-30,16.218538284301758,1156.0,분할매수,45000000.00000001,2534.626898270899,1000000.0,1000000.0,0.0,8333333.333333333,35666666.66666667,2979.1038130778516,55854115.88758124,91520782.55424792
2004,SOXX,7,2004-07-31,13.875397682189941,1170.0,분할매수,35666666.66666667,2979.1038130778516,1000000.0,1000000.0,0.0,8333333.333333333,26333333.33333334,3492.4229471052217,56696746.00062419,83030079.33395752
2004,SOXX,8,2004-08-31,12.52043342590332,1152.0,분할매수,26333333.33333334,3492.4229471052217,1000000.0,1000000.0,0.0,8333333.333333333,17000000.000000007,4070.182202733738,58706432.98631919,75706432.9863192
2004,SOXX,9,2004-09-30,13.14454460144043,1152.0,분할매수,17000000.000000007,4070.182202733738,1000000.0,1000000.0,0.0,8333333.333333333,7666666.666666674,4620.509088573784,69966129.94112906,77632796.60779573
2004,SOXX,10,2004-10-31,13.924675941467285,1120.0,분할매수,7666666.666666674,4620.509088573784,1000000.0,1000000.0,0.0,6666666.666666674,0.0,5047.979069017274,78726449.41882029,78726449.41882029
2004,SOXX,11,2004-11-30,14.37086009979248,1048.0,분할매수,0.0,5047.979069017274,1000000.0,1000000.0,66.39814643357509,0.0,0.0,4981.580922583699,75025903.43492928,75025903.43492928
2004,SOXX,12,2004-12-31,14.726704597473145,1035.1,분할매수,0.0,4981.580922583699,1000000.0,1000000.0,65.60125019371347,0.0,0.0,4915.979672389985,74937286.37600082,74937286.37600082
2004,SOXX,13,2005-01-31,13.642729759216309,1026.85,분할매수,0.0,4915.979672389985,1000000.0,1000000.0,71.38249375733619,0.0,0.0,4844.597178632649,67868141.38354132,67868141.38354132
2004,SOXX,14,2005-02-28,14.715757369995117,1000.85,분할매수,0.0,4844.597178632649,1000000.0,1000000.0,67.89665640476159,0.0,0.0,4776.700522227888,70352514.76526166,70352514.76526166
2004,SOXX,15,2005-03-31,13.952051162719727,1015.4,분할매수,0.0,4776.700522227888,1000000.0,1000000.0,70.58700915312971,0.0,0.0,4706.113513074758,66671099.53427027,66671099.53427027
2004,SOXX,16,2005-04-30,13.147279739379883,997.0,분할매수,0.0,4706.113513074758,1000000.0,1000000.0,76.29023242556734,0.0,0.0,4629.823280649191,60686973.06914464,60686973.06914464
2004,SOXX,17,2005-05-31,14.644584655761719,1005.0,분할매수,0.0,4629.823280649191,1000000.0,1000000.0,67.94490243398,0.0,0.0,4561.87837821521,67140848.16955693,67140848.16955693
2004,SOXX,18,2005-06-30,14.43108081817627,1034.5,분할매수,0.0,4561.87837821521,1000000.0,1000000.0,66.9839333590698,0.0,0.0,4494.894444856141,67104068.385490246,67104068.385490246
2004,SOXX,19,2005-07-31,16.106307983398438,1026.5,분할매수,0.0,4494.894444856141,1000000.0,1000000.0,60.484632592582386,0.0,0.0,4434.409812263558,73314652.3701853,73314652.3701853
2004,SOXX,20,2005-08-31,16.13642120361328,1039.0,분할매수,0.0,4434.409812263558,1000000.0,1000000.0,59.645437824091324,0.0,0.0,4374.764374439466,73346169.19640516,73346169.19640516
2004,SOXX,21,2005-09-30,16.229385375976562,1042.4,분할매수,0.0,4374.764374439466,1000000.0,1000000.0,59.110349112583904,0.0,0.0,4315.654025326882,73010125.80905446,73010125.80905446
2004,SOXX,22,2005-10-31,15.281803131103516,1043.5,분할매수,0.0,4315.654025326882,1000000.0,1000000.0,62.709443398142334,0.0,0.0,4252.94458192874,67819842.61806934,67819842.61806934
2004,SOXX,23,2005-11-30,16.938695907592773,1037.4,분할매수,0.0,4252.94458192874,1000000.0,1000000.0,56.90806055130224,0.0,0.0,4196.0365213774385,73733606.11357929,73733606.11357929
2004,SOXX,24,2005-12-31,16.697696685791016,1010.0,분할매수,0.0,4196.0365213774385,1000000.0,1000000.0,59.29554408204813,0.0,0.0,4136.740977295391,69764786.56762674,69764786.56762674
2004,SOXX,25,2006-01-31,18.193012237548828,958.9,분할매수,0.0,4136.740977295391,1000000.0,1000000.0,57.322097003357975,0.0,0.0,4079.4188802920326,71166602.2974187,71166602.2974187
2004,SOXX,26,2006-02-28,17.79042625427246,970.9,분할매수,0.0,4079.4188802920326,1000000.0,1000000.0,57.89474496168954,0.0,0.0,4021.524135330343,69462679.86829358,69462679.86829358
2004,SOXX,27,2006-03-31,17.853412628173828,971.4,분할매수,0.0,4021.524135330343,1000000.0,1000000.0,57.660799302229016,0.0,0.0,3963.863336028114,68744508.9904413,68744508.9904413
2004,SOXX,28,2006-04-30,18.272436141967773,942.8,분할매수,0.0,3963.863336028114,1000000.0,1000000.0,58.04756056698234,0.0,0.0,3905.815775461132,67286475.73318997,67286475.73318997
2004,SOXX,29,2006-05-31,16.54158592224121,945.3,분할매수,0.0,3905.815775461132,1000000.0,1000000.0,63.95186247212184,0.0,0.0,3841.8639129890103,60074308.46386642,60074308.46386642
2004,SOXX,30,2006-06-30,15.880809783935547,948.5,분할매수,0.0,3841.8639129890103,1000000.0,1000000.0,66.38806657798865,0.0,0.0,3775.4758464110214,56869796.65202062,56869796.65202062
2004,SOXX,31,2006-07-31,15.198433876037598,954.9,분할매수,0.0,3775.4758464110214,1000000.0,1000000.0,68.90381502392142,0.0,0.0,3706.5720313870997,53793422.47015328,53793422.47015328
2004,SOXX,32,2006-08-31,16.5659122467041,961.1,분할매수,0.0,3706.5720313870997,1000000.0,1000000.0,62.8081593610461,0.0,0.0,3643.763872026054,58014180.14943345,58014180.14943345
2004,SOXX,33,2006-09-30,16.861833572387695,946.0,분할매수,0.0,3643.763872026054,1000000.0,1000000.0,62.690836550677865,0.0,0.0,3581.073035475376,57122750.82787445,57122750.82787445
2004,SOXX,34,2006-10-31,16.697277069091797,942.2,분할매수,0.0,3581.073035475376,1000000.0,1000000.0,63.56400400289679,0.0,0.0,3517.5090314724794,55338065.72839837,55338065.72839837
2004,SOXX,35,2006-11-30,17.24580192565918,929.0,분할매수,0.0,3517.5090314724794,1000000.0,1000000.0,62.41671274209055,0.0,0.0,3455.092318730389,55355243.282468736,55355243.282468736
2004,SOXX,36,2006-12-31,16.73563575744629,930.0,분할매수,0.0,3455.092318730389,1000000.0,1000000.0,64.25025214389451,0.0,0.0,3390.842066586494,52775544.89579874,52775544.89579874
2004,SOXX,37,2007-01-31,16.680774688720703,941.0,분할매수,0.0,3390.842066586494,1000000.0,1000000.0,63.70802771103326,0.0,0.0,3327.134038875461,52224722.03921724,52224722.03921724
2004,SOXX,38,2007-02-28,16.97429084777832,942.3,분할매수,0.0,3327.134038875461,1000000.0,1000000.0,62.520028815377394,0.0,0.0,3264.6140100600837,52217090.61748098,52217090.61748098
2004,SOXX,39,2007-03-31,16.558300018310547,941.1,분할매수,0.0,3264.6140100600837,1000000.0,1000000.0,64.17242917236055,0.0,0.0,3200.4415808877234,49872532.83324628,49872532.83324628
2004,SOXX,40,2007-04-30,17.566083908081055,931.0,분할매수,0.0,3200.4415808877234,1000000.0,1000000.0,61.14702979271383,0.0,0.0,3139.2945510950094,51340098.80344314,51340098.80344314
2004,SOXX,41,2007-05-31,17.714351654052734,927.4,분할매수,0.0,3139.2945510950094,1000000.0,1000000.0,60.87060898013154,0.0,0.0,3078.4239421148777,50573240.41426446,50573240.41426446
2004,SOXX,42,2007-06-30,18.101930618286133,922.6,분할매수,0.0,3078.4239421148777,1000000.0,1000000.0,59.877223471398096,0.0,0.0,3018.54671864348,50412269.367923625,50412269.367923625
2004,SOXX,43,2007-07-31,18.110179901123047,919.0,분할매수,0.0,3018.54671864348,1000000.0,1000000.0,60.084399369251784,0.0,0.0,2958.462319274228,49238443.76129725,49238443.76129725
2004,SOXX,44,2007-08-31,18.35765838623047,938.1,분할매수,0.0,2958.462319274228,1000000.0,1000000.0,58.06756037179493,0.0,0.0,2900.394758902433,49948624.33227412,49948624.33227412
2004,SOXX,45,2007-09-30,18.577804565429688,913.6,분할매수,0.0,2900.394758902433,1000000.0,1000000.0,58.918206634220276,0.0,0.0,2841.4765522682123,48227478.64524876,48227478.64524876
2004,SOXX,46,2007-10-31,17.79867935180664,903.2,분할매수,0.0,2841.4765522682123,1000000.0,1000000.0,62.205429336382274,0.0,0.0,2779.27112293183,44678915.53167546,44678915.53167546
2004,SOXX,47,2007-11-30,16.281736373901367,920.9,분할매수,0.0,2779.27112293183,1000000.0,1000000.0,66.69400664429381,0.0,0.0,2712.5771162875362,40671977.1801207,40671977.1801207
2004,SOXX,48,2007-12-31,16.376056671142578,935.8,분할매수,0.0,2712.5771162875362,1000000.0,1000000.0,65.25407331627054,0.0,0.0,2647.3230429712657,40569468.05665814,40569468.05665814
2004,SOXX,49,2008-01-31,14.115763664245605,943.4,분할매수,0.0,2647.3230429712657,1000000.0,1000000.0,75.09305094855523,0.0,0.0,2572.2299920227106,34253901.78626375,34253901.78626375
2004,SOXX,50,2008-02-29,13.834603309631348,942.8,분할매수,0.0,2572.2299920227106,1000000.0,1000000.0,76.66792606324866,0.0,0.0,2495.562065959462,32550274.855494343,32550274.855494343
2004,SOXX,51,2008-03-31,13.660955429077148,988.6,분할매수,0.0,2495.562065959462,1000000.0,1000000.0,74.04544022413931,0.0,0.0,2421.5166257353226,32703116.065017223,32703116.065017223
2004,SOXX,52,2008-04-30,14.716668128967285,1005.0,분할매수,0.0,2421.5166257353226,1000000.0,1000000.0,67.61210261060053,0.0,0.0,2353.904523124722,34814839.83247204,34814839.83247204
2004,SOXX,53,2008-05-31,15.965337753295898,1028.5,분할매수,0.0,2353.904523124722,1000000.0,1000000.0,60.90004216431299,0.0,0.0,2293.0044809604087,37651935.85209196,37651935.85209196
2004,SOXX,54,2008-06-30,14.149591445922852,1046.8,분할매수,0.0,2293.0044809604087,1000000.0,1000000.0,67.51377402667096,0.0,0.0,2225.490706933738,32963506.17363754,32963506.17363754
2004,SOXX,55,2008-07-31,12.986111640930176,1011.5,분할매수,0.0,2225.490706933738,1000000.0,1000000.0,76.12985116346954,0.0,0.0,2149.3608557702682,28232826.19001922,28232826.19001922
2004,SOXX,56,2008-08-31,13.558173179626465,1089.0,분할매수,0.0,2149.3608557702682,1000000.0,1000000.0,67.72841985277486,0.0,0.0,2081.6324359174932,30734991.9050593,30734991.9050593
2004,SOXX,57,2008-09-30,11.203596115112305,1206.3,분할매수,0.0,2081.6324359174932,1000000.0,1000000.0,73.99241936336581,0.0,0.0,2007.6400165541274,27133050.03171885,27133050.03171885
2004,SOXX,58,2008-10-31,9.227625846862793,1277.5,분할매수,0.0,2007.6400165541274,1000000.0,1000000.0,84.82993111784813,0.0,0.0,1922.8100854362792,22666646.78490729,22666646.78490729
2004,SOXX,59,2008-11-30,7.481041431427002,1468.0,분할매수,0.0,1922.8100854362792,1000000.0,1000000.0,91.05669529112684,0.0,0.0,1831.7533901451525,20116624.969626483,20116624.969626483
2004,SOXX,60,2008-12-31,7.908021450042725,1262.0,분할매수,0.0,1831.7533901451525,1000000.0,1000000.0,100.20117319447608,0.0,0.0,1731.5522169506764,17280757.91677591,17280757.91677591
2004,SOXX,61,2009-01-31,7.701746463775635,1380.0,분할매수,0.0,1731.5522169506764,1000000.0,1000000.0,94.08744945937632,0.0,0.0,1637.4647674913,17403647.10596497,17403647.10596497
2004,SOXX,62,2009-02-28,7.576310157775879,1532.8,분할매수,0.0,1637.4647674913,1000000.0,1000000.0,86.11062924918446,0.0,0.0,1551.3541382421156,18015826.28960766,18015826.28960766
2004,SOXX,63,2009-03-31,8.680145263671875,1372.3,분할매수,0.0,1551.3541382421156,1000000.0,1000000.0,83.95062687267615,0.0,0.0,1467.4035113694395,17479363.35954917,17479363.35954917
2004,SOXX,64,2009-04-30,9.758893966674805,1277.0,분할매수,0.0,1467.4035113694395,1000000.0,1000000.0,80.24324877162914,0.0,0.0,1387.1602625978103,17286940.444617886,17286940.444617886
2004,SOXX,65,2009-05-31,10.151926040649414,1249.0,분할매수,0.0,1387.1602625978103,1000000.0,1000000.0,78.8658732544028,0.0,0.0,1308.2943893434076,16588853.142133567,16588853.142133567
2004,SOXX,66,2009-06-30,10.254066467285156,1273.5,분할매수,0.0,1308.2943893434076,1000000.0,1000000.0,76.57815919756173,0.0,0.0,1231.7162301458459,16084432.468116365,16084432.468116365
2004,SOXX,67,2009-07-31,11.84000301361084,1222.2,분할매수,0.0,1231.7162301458459,1000000.0,1000000.0,69.10443295874038,0.0,0.0,1162.6117971871056,16823982.88227409,16823982.88227409
2004,SOXX,68,2009-08-31,12.150481224060059,1248.0,분할매수,0.0,1162.6117971871056,1000000.0,1000000.0,65.94652808444935,0.0,0.0,1096.6652691026563,16629613.430115625,16629613.430115625
2004,SOXX,69,2009-09-30,12.52808666229248,1175.0,분할매수,0.0,1096.6652691026563,1000000.0,1000000.0,67.9324666829452,0.0,0.0,1028.732802419711,15143463.098742148,15143463.098742148
2004,SOXX,70,2009-10-31,11.356111526489258,1182.0,분할매수,0.0,1028.732802419711,1000000.0,1000000.0,74.49941704868328,0.0,0.0,954.2333853710278,12808602.042449044,12808602.042449044
2004,SOXX,71,2009-11-30,12.128105163574219,1164.4,분할매수,0.0,954.2333853710278,1000000.0,1000000.0,70.81167201574316,0.0,0.0,883.4217133552846,12475651.092645835,12475651.092645835
2004,SOXX,72,2009-12-31,13.834537506103516,1163.65,분할매수,0.0,883.4217133552846,1000000.0,1000000.0,62.11735874351422,0.0,0.0,821.3043546117703,13221817.07697809,13221817.07697809
2004,SOXX,73,2010-01-31,12.078170776367188,1158.7,분할매수,0.0,821.3043546117703,1000000.0,1000000.0,71.45421083992444,0.0,0.0,749.8501437718459,10494135.124544311,10494135.124544311
2004,SOXX,74,2010-02-28,13.042060852050781,1159.0,분할매수,0.0,749.8501437718459,1000000.0,1000000.0,66.15616806398496,0.0,0.0,683.6939757078609,10334546.20658508,10334546.20658508
2004,SOXX,75,2010-03-31,13.887931823730469,1131.2,분할매수,0.0,683.6939757078609,1000000.0,1000000.0,63.65360835191846,0.0,0.0,620.0403673559424,9740851.829293901,9740851.829293901
2004,SOXX,76,2010-04-30,14.168952941894531,1108.0,분할매수,0.0,620.0403673559424,1000000.0,1000000.0,63.6975138186603,0.0,0.0,556.342853537282,8734137.64815261,8734137.64815261
2004,SOXX,77,2010-05-31,13.241588592529297,1194.5,분할매수,0.0,556.342853537282,1000000.0,1000000.0,63.22280429716924,0.0,0.0,493.1200492401128,7799718.072015226,7799718.072015226
2004,SOXX,78,2010-06-30,12.33794116973877,1220.85,분할매수,0.0,493.1200492401128,1000000.0,1000000.0,66.38882731286313,0.0,0.0,426.73122192724963,6427756.5849482715,6427756.5849482715
2004,SOXX,79,2010-07-31,12.978693008422852,1182.0,분할매수,0.0,426.73122192724963,1000000.0,1000000.0,65.1855844124084,0.0,0.0,361.54563751484125,5546404.788326469,5546404.788326469
2004,SOXX,80,2010-08-31,11.620979309082031,1198.0,분할매수,0.0,361.54563751484125,1000000.0,1000000.0,71.82910481986215,0.0,0.0,289.7165326949791,4033414.218672913,4033414.218672913
2004,SOXX,81,2010-09-30,13.354104995727539,1140.1,분할매수,0.0,289.7165326949791,1000000.0,1000000.0,65.68137982538235,0.0,0.0,224.03515286959674,3410938.586631505,3410938.586631505
2004,SOXX,82,2010-10-31,14.277120590209961,1124.0,분할매수,0.0,224.03515286959674,1000000.0,1000000.0,62.31506624049656,0.0,0.0,161.7200866291002,2595200.4288170603,2595200.4288170603
2004,SOXX,83,2010-11-30,14.974329948425293,1157.2,분할매수,0.0,161.7200866291002,1000000.0,1000000.0,57.70908344657977,0.0,0.0,104.01100318252043,1802333.306485477,1802333.306485477
2004,SOXX,84,2010-12-31,15.722329139709473,1130.6,분할매수,0.0,104.01100318252043,1000000.0,1000000.0,56.25668472580782,0.0,0.0,47.7543184567126,848864.7827269718,848864.7827269718
2004,SOXX,85,2011-01-31,16.792133331298828,1119.1,고갈,0.0,47.7543184567126,1000000.0,897402.8013964698,47.7543184567126,0.0,0.0,0.0,0.0,0.0
2005,QQQ,0,2004-12-31,33.97344970703125,1035.1,분할매수,100000000.0,0.0,0.0,0.0,0.0,8333333.333333333,91666666.66666667,236.97187096560907,8333333.333333334,100000000.0
2005,QQQ,1,2005-01-31,31.82882308959961,1026.85,분할매수,91666666.66666667,236.97187096560907,1000000.0,1000000.0,0.0,8333333.333333333,82333333.33333334,491.9430934141123,16078386.17661615,98411719.50994949
2005,QQQ,2,2005-02-28,31.675640106201172,1000.85,분할매수,82333333.33333334,491.9430934141123,1000000.0,1000000.0,0.0,8333333.333333333,73000000.00000001,754.8030068303508,23929190.933572818,96929190.93357283
2005,QQQ,3,2005-03-31,31.122478485107422,1015.4,분할매수,73000000.00000001,754.8030068303508,1000000.0,1000000.0,0.0,8333333.333333333,63666666.66666668,1018.5013611669356,32186440.315150123,95853106.9818168
2005,QQQ,4,2005-04-30,29.769319534301758,997.0,분할매수,63666666.66666668,1018.5013611669356,1000000.0,1000000.0,0.0,8333333.333333333,54333333.33333334,1299.2739380939752,38562465.522633016,92895798.85596636
2005,QQQ,5,2005-05-31,32.40753173828125,1005.0,분할매수,54333333.33333334,1299.2739380939752,1000000.0,1000000.0,0.0,8333333.333333333,45000000.00000001,1555.1364959240432,50650126.025763005,95650126.025763
2005,QQQ,6,2005-06-30,31.33011817932129,1034.5,분할매수,45000000.00000001,1555.1364959240432,1000000.0,1000000.0,0.0,8333333.333333333,35666666.66666667,1812.2507925388163,58736873.58758772,94403540.2542544
2005,QQQ,7,2005-07-31,33.71522903442383,1026.5,분할매수,35666666.66666667,1812.2507925388163,1000000.0,1000000.0,0.0,8333333.333333333,26333333.33333334,2053.0381530033737,71052945.81085958,97386279.14419292
2005,QQQ,8,2005-08-31,33.20414352416992,1039.0,분할매수,26333333.33333334,2053.0381530033737,1000000.0,1000000.0,0.0,8333333.333333333,17000000.000000007,2294.5903122248246,79161312.39247799,96161312.39247799
2005,QQQ,9,2005-09-30,33.61299514770508,1042.4,분할매수,17000000.000000007,2294.5903122248246,1000000.0,1000000.0,0.0,8333333.333333333,7666666.666666674,2532.4260637551215,88731615.8126227,96398282.47928937
2005,QQQ,10,2005-10-31,33.11042785644531,1043.5,분할매수,7666666.666666674,2532.4260637551215,1000000.0,1000000.0,0.0,6666666.666666674,0.0,2725.379045743432,94163839.55854236,94163839.55854236
2005,QQQ,11,2005-11-30,35.12925338745117,1037.4,분할매수,0.0,2725.379045743432,1000000.0,1000000.0,27.44004609883697,0.0,0.0,2697.9389996445952,98321226.93696736,98321226.93696736
2005,QQQ,12,2005-12-31,34.505252838134766,1010.0,분할매수,0.0,2697.9389996445952,1000000.0,1000000.0,28.69415316402914,0.0,0.0,2669.244846480566,93023997.99784715,93023997.99784715
2005,QQQ,13,2006-01-31,35.86294937133789,958.9,분할매수,0.0,2669.244846480566,1000000.0,1000000.0,29.079081072387215,0.0,0.0,2640.165765408179,90792613.3854077,90792613.3854077
2005,QQQ,14,2006-02-28,35.09444046020508,970.9,분할매수,0.0,2640.165765408179,1000000.0,1000000.0,29.348585623377424,0.0,0.0,2610.8171797848017,88958875.6776467,88958875.6776467
2005,QQQ,15,2006-03-31,35.82829284667969,971.4,분할매수,0.0,2610.8171797848017,1000000.0,1000000.0,28.73265680891669,0.0,0.0,2582.084522975885,89865846.38335915,89865846.38335915
2005,QQQ,16,2006-04-30,35.759918212890625,942.8,분할매수,0.0,2582.084522975885,1000000.0,1000000.0,29.660871631267998,0.0,0.0,2552.423651344617,86053561.84657414,86053561.84657414
2005,QQQ,17,2006-05-31,33.17087173461914,945.3,분할매수,0.0,2552.423651344617,1000000.0,1000000.0,31.89139062829947,0.0,0.0,2520.5322607163175,79034880.92111205,79034880.92111205
2005,QQQ,18,2006-06-30,33.15043258666992,948.5,분할매수,0.0,2520.5322607163175,1000000.0,1000000.0,31.803393650803475,0.0,0.0,2488.728867065514,78253562.94964576,78253562.94964576
2005,QQQ,19,2006-07-31,31.72248649597168,954.9,분할매수,0.0,2488.728867065514,1000000.0,1000000.0,33.0122317675438,0.0,0.0,2455.7166352979702,74388082.95633997,74388082.95633997
2005,QQQ,20,2006-08-31,33.235931396484375,961.1,분할매수,0.0,2455.7166352979702,1000000.0,1000000.0,31.305710796543398,0.0,0.0,2424.410924501427,77443088.267752,77443088.267752
2005,QQQ,21,2006-09-30,34.77791976928711,946.0,분할매수,0.0,2424.410924501427,1000000.0,1000000.0,30.39521798439522,0.0,0.0,2394.015706517032,78762906.31460877,78762906.31460877
2005,QQQ,22,2006-10-31,36.429161071777344,942.2,분할매수,0.0,2394.015706517032,1000000.0,1000000.0,29.134510793867307,0.0,0.0,2364.8811957231646,81171131.11852774,81171131.11852774
2005,QQQ,23,2006-11-30,37.678245544433594,929.0,분할매수,0.0,2364.8811957231646,1000000.0,1000000.0,28.568906254709816,0.0,0.0,2336.3122894684548,81778149.59518427,81778149.59518427
2005,QQQ,24,2006-12-31,36.970359802246094,930.0,분할매수,0.0,2336.3122894684548,1000000.0,1000000.0,29.084618677121295,0.0,0.0,2307.2276707913334,79328104.53541403,79328104.53541403
2005,QQQ,25,2007-01-31,37.749839782714844,941.0,분할매수,0.0,2307.2276707913334,1000000.0,1000000.0,28.151093149728194,0.0,0.0,2279.076577641605,80958723.89465664,80958723.89465664
2005,QQQ,26,2007-02-28,37.1159782409668,942.3,분할매수,0.0,2279.076577641605,1000000.0,1000000.0,28.592353030112523,0.0,0.0,2250.4842246114927,78709304.62565836,78709304.62565836
2005,QQQ,27,2007-03-31,37.31077575683594,941.1,분할매수,0.0,2250.4842246114927,1000000.0,1000000.0,28.47934178760802,0.0,0.0,2222.0048828238846,78021637.55732329,78021637.55732329
2005,QQQ,28,2007-04-30,39.39360046386719,931.0,분할매수,0.0,2222.0048828238846,1000000.0,1000000.0,27.266201703343867,0.0,0.0,2194.7386811205406,80493011.27451803,80493011.27451803
2005,QQQ,29,2007-05-31,40.636444091796875,927.4,분할매수,0.0,2194.7386811205406,1000000.0,1000000.0,26.534885051324146,0.0,0.0,2168.2037960692164,81711444.83480695,81711444.83480695
2005,QQQ,30,2007-06-30,40.8311767578125,922.6,분할매수,0.0,2168.2037960692164,1000000.0,1000000.0,26.54572880237829,0.0,0.0,2141.6580672668383,80678066.26107633,80678066.26107633
2005,QQQ,31,2007-07-31,40.77113723754883,919.0,분할매수,0.0,2141.6580672668383,1000000.0,1000000.0,26.68896075888545,0.0,0.0,2114.969106507953,79245090.34334822,79245090.34334822
2005,QQQ,32,2007-08-31,41.92058181762695,938.1,분할매수,0.0,2114.969106507953,1000000.0,1000000.0,25.428665118836577,0.0,0.0,2089.540441389116,82172635.94545767,82172635.94545767
2005,QQQ,33,2007-09-30,44.1223258972168,913.6,분할매수,0.0,2089.540441389116,1000000.0,1000000.0,24.80764343080997,0.0,0.0,2064.732797958306,83229703.12423956,83229703.12423956
2005,QQQ,34,2007-10-31,47.22917938232422,903.2,분할매수,0.0,2064.732797958306,1000000.0,1000000.0,23.442594285559412,0.0,0.0,2041.2902036727467,87076122.15641922,87076122.15641922
2005,QQQ,35,2007-11-30,44.036502838134766,920.9,분할매수,0.0,2041.2902036727467,1000000.0,1000000.0,24.658957090508434,0.0,0.0,2016.6312465822382,81780881.45335501,81780881.45335501
2005,QQQ,36,2007-12-31,44.005088806152344,935.8,분할매수,0.0,2016.6312465822382,1000000.0,1000000.0,24.283655178096982,0.0,0.0,1992.3475914041412,82044798.31360683,82044798.31360683
2005,QQQ,37,2008-01-31,38.772918701171875,943.4,분할매수,0.0,1992.3475914041412,1000000.0,1000000.0,27.338559889867735,0.0,0.0,1965.0090315142734,71876830.36086142,71876830.36086142
2005,QQQ,38,2008-02-29,36.90000915527344,942.8,분할매수,0.0,1965.0090315142734,1000000.0,1000000.0,28.744446625851566,0.0,0.0,1936.2645848884217,67361344.96139598,67361344.96139598
2005,QQQ,39,2008-03-31,37.59090042114258,988.6,분할매수,0.0,1936.2645848884217,1000000.0,1000000.0,26.90894464606756,0.0,0.0,1909.3556402423542,70956169.60665104,70956169.60665104
2005,QQQ,40,2008-04-30,40.59163284301758,1005.0,분할매수,0.0,1909.3556402423542,1000000.0,1000000.0,24.513053699268742,0.0,0.0,1884.8425865430854,76891382.4310397,76891382.4310397
2005,QQQ,41,2008-05-31,42.999114990234375,1028.5,분할매수,0.0,1884.8425865430854,1000000.0,1000000.0,22.61185474547644,0.0,0.0,1862.230731797609,82356390.16609874,82356390.16609874
2005,QQQ,42,2008-06-30,38.86471939086914,1046.8,분할매수,0.0,1862.230731797609,1000000.0,1000000.0,24.57993610714677,0.0,0.0,1837.6507956904622,74762228.33452174,74762228.33452174
2005,QQQ,43,2008-07-31,39.11421203613281,1011.5,분할매수,0.0,1837.6507956904622,1000000.0,1000000.0,25.27548670807785,0.0,0.0,1812.3753089823845,71704862.89402148,71704862.89402148
2005,QQQ,44,2008-08-31,39.682106018066406,1089.0,분할매수,0.0,1812.3753089823845,1000000.0,1000000.0,23.14074875784825,0.0,0.0,1789.2345602245362,77319648.51041012,77319648.51041012
2005,QQQ,45,2008-09-30,33.5011100769043,1206.3,분할매수,0.0,1789.2345602245362,1000000.0,1000000.0,24.744886967153555,0.0,0.0,1764.4896732573825,71307243.2134999,71307243.2134999
2005,QQQ,46,2008-10-31,28.31796646118164,1277.5,분할매수,0.0,1764.4896732573825,1000000.0,1000000.0,27.642481533540963,0.0,0.0,1736.8471917238414,62832535.11868599,62832535.11868599
2005,QQQ,47,2008-11-30,25.072023391723633,1468.0,분할매수,0.0,1736.8471917238414,1000000.0,1000000.0,27.169682296428064,0.0,0.0,1709.6775094274133,62925929.37872449,62925929.37872449
2005,QQQ,48,2008-12-31,25.64301109313965,1262.0,분할매수,0.0,1709.6775094274133,1000000.0,1000000.0,30.90093530994705,0.0,0.0,1678.7765741174662,54327694.527002424,54327694.527002424
2005,QQQ,49,2009-01-31,25.056690216064453,1380.0,분할매수,0.0,1678.7765741174662,1000000.0,1000000.0,28.919928167321853,0.0,0.0,1649.8566459501444,57049126.6923133,57049126.6923133
2005,QQQ,50,2009-02-28,23.73746681213379,1532.8,분할매수,0.0,1649.8566459501444,1000000.0,1000000.0,27.484012520644523,0.0,0.0,1622.3726334295,59029686.157028936,59029686.157028936
2005,QQQ,51,2009-03-31,26.186351776123047,1372.3,분할매수,0.0,1622.3726334295,1000000.0,1000000.0,27.827611973638245,0.0,0.0,1594.5450214558616,57300821.319716975,57300821.319716975
2005,QQQ,52,2009-04-30,29.606462478637695,1277.0,분할매수,0.0,1594.5450214558616,1000000.0,1000000.0,26.44981165408958,0.0,0.0,1568.095209801772,59285685.29369163,59285685.29369163
2005,QQQ,53,2009-05-31,30.556489944458008,1249.0,분할매수,0.0,1568.095209801772,1000000.0,1000000.0,26.20197914960907,0.0,0.0,1541.8932306521629,58846441.402315505,58846441.402315505
2005,QQQ,54,2009-06-30,31.458803176879883,1273.5,분할매수,0.0,1541.8932306521629,1000000.0,1000000.0,24.96082034459719,0.0,0.0,1516.9324103075658,60772538.296639286,60772538.296639286
2005,QQQ,55,2009-07-31,34.11350631713867,1222.2,분할매수,0.0,1516.9324103075658,1000000.0,1000000.0,23.984538173207106,0.0,0.0,1492.9478721343587,62246263.04466918,62246263.04466918
2005,QQQ,56,2009-08-31,34.61507034301758,1248.0,분할매수,0.0,1492.9478721343587,1000000.0,1000000.0,23.148358311618537,0.0,0.0,1469.7995138227402,63494762.524261765,63494762.524261765
2005,QQQ,57,2009-09-30,36.57011795043945,1175.0,분할매수,0.0,1469.7995138227402,1000000.0,1000000.0,23.272110605183517,0.0,0.0,1446.5274032175566,62157121.361195505,62157121.361195505
2005,QQQ,58,2009-10-31,35.45353698730469,1182.0,분할매수,0.0,1446.5274032175566,1000000.0,1000000.0,23.862885357989228,0.0,0.0,1422.6645178595675,59618294.12147192,59618294.12147192
2005,QQQ,59,2009-11-30,37.70399475097656,1164.4,분할매수,0.0,1422.6645178595675,1000000.0,1000000.0,22.77772980522746,0.0,0.0,1399.88678805434,61458573.792242795,61458573.792242795
2005,QQQ,60,2009-12-31,39.6656608581543,1163.65,분할매수,0.0,1399.88678805434,1000000.0,1000000.0,21.665211437932467,0.0,0.0,1378.2215766164077,63614499.24293621,63614499.24293621
2005,QQQ,61,2010-01-31,37.09930419921875,1158.7,분할매수,0.0,1378.2215766164077,1000000.0,1000000.0,23.262866510400187,0.0,0.0,1354.9587101060074,58245560.988807745,58245560.988807745
2005,QQQ,62,2010-02-28,38.80733108520508,1159.0,분할매수,0.0,1354.9587101060074,1000000.0,1000000.0,22.233241645363485,0.0,0.0,1332.725468460644,59942921.941774964,59942921.941774964
2005,QQQ,63,2010-03-31,41.79971694946289,1131.2,분할매수,0.0,1332.725468460644,1000000.0,1000000.0,21.14887462502885,0.0,0.0,1311.576593835615,62016377.56570823,62016377.56570823
2005,QQQ,64,2010-04-30,42.73710632324219,1108.0,분할매수,0.0,1311.576593835615,1000000.0,1000000.0,21.118113823289978,0.0,0.0,1290.458480012325,61106711.08274599,61106711.08274599
2005,QQQ,65,2010-05-31,39.57780838012695,1194.5,분할매수,0.0,1290.458480012325,1000000.0,1000000.0,21.15251951620124,0.0,0.0,1269.3059604961238,60007317.78188082,60007317.78188082
2005,QQQ,66,2010-06-30,37.212764739990234,1220.85,분할매수,0.0,1269.3059604961238,1000000.0,1000000.0,22.011303149260893,0.0,0.0,1247.294657346863,56666097.817509055,56666097.817509055
2005,QQQ,67,2010-07-31,39.91376876831055,1182.0,분할매수,0.0,1247.294657346863,1000000.0,1000000.0,21.19628676445561,0.0,0.0,1226.0983705824074,57844960.49744294,57844960.49744294
2005,QQQ,68,2010-08-31,37.866233825683594,1198.0,분할매수,0.0,1226.0983705824074,1000000.0,1000000.0,22.044033867855443,0.0,0.0,1204.054336714552,54620417.65732818,54620417.65732818
2005,QQQ,69,2010-09-30,42.85430908203125,1140.1,분할매수,0.0,1204.054336714552,1000000.0,1000000.0,20.467394323717848,0.0,0.0,1183.586942390834,57827924.926392816,57827924.926392816
2005,QQQ,70,2010-10-31,45.57032775878906,1124.0,분할매수,0.0,1183.586942390834,1000000.0,1000000.0,19.523223971785022,0.0,0.0,1164.063718419049,59624564.06284919,59624564.06284919
2005,QQQ,71,2010-11-30,45.49174499511719,1157.2,분할매수,0.0,1164.063718419049,1000000.0,1000000.0,18.995860823607604,0.0,0.0,1145.0678575954414,60279861.39866736,60279861.39866736
2005,QQQ,72,2010-12-31,47.65582275390625,1130.6,분할매수,0.0,1145.0678575954414,1000000.0,1000000.0,18.559875004896806,0.0,0.0,1126.5079825905445,60695881.96544043,60695881.96544043
2005,QQQ,73,2011-01-31,49.00342559814453,1119.1,분할매수,0.0,1126.5079825905445,1000000.0,1000000.0,18.23495364753519,0.0,0.0,1108.2730289430094,60777397.648763105,60777397.648763105
2005,QQQ,74,2011-02-28,50.55229949951172,1123.7,분할매수,0.0,1108.2730289430094,1000000.0,1000000.0,17.60389233541176,0.0,0.0,1090.6691366075977,61956135.372040525,61956135.372040525
2005,QQQ,75,2011-03-31,50.32566833496094,1097.25,분할매수,0.0,1090.6691366075977,1000000.0,1000000.0,18.109433268844267,0.0,0.0,1072.5597033387535,59226574.75891313,59226574.75891313
2005,QQQ,76,2011-04-30,51.77157211303711,1068.4,분할매수,0.0,1072.5597033387535,1000000.0,1000000.0,18.079015101686252,0.0,0.0,1054.4806882370672,58326224.20558266,58326224.20558266
2005,QQQ,77,2011-05-31,51.140628814697266,1078.0,분할매수,0.0,1054.4806882370672,1000000.0,1000000.0,18.139076626293793,0.0,0.0,1036.3416116107733,57133096.296011426,57133096.296011426
2005,QQQ,78,2011-06-30,50.10478210449219,1066.3,분할매수,0.0,1036.3416116107733,1000000.0,1000000.0,18.71722292866374,0.0,0.0,1017.6243886821095,54368342.598714754,54368342.598714754
2005,QQQ,79,2011-07-31,50.93913269042969,1054.0,분할매수,0.0,1017.6243886821095,1000000.0,1000000.0,18.625495828157504,0.0,0.0,998.998892853952,53636096.56735652,53636096.56735652
2005,QQQ,80,2011-08-31,48.357059478759766,1063.9,분할매수,0.0,998.998892853952,1000000.0,1000000.0,19.437450792623686,0.0,0.0,979.5614420613283,50395571.544446655,50395571.544446655
2005,QQQ,81,2011-09-30,46.185428619384766,1180.9,분할매수,0.0,979.5614420613283,1000000.0,1000000.0,18.335041571785293,0.0,0.0,961.226400489543,52425646.09009217,52425646.09009217
2005,QQQ,82,2011-10-31,50.989620208740234,1112.05,분할매수,0.0,961.226400489543,1000000.0,1000000.0,17.635748970058064,0.0,0.0,943.5906515194849,53504427.46273555,53504427.46273555
2005,QQQ,83,2011-11-30,49.616981506347656,1140.05,분할매수,0.0,943.5906515194849,1000000.0,1000000.0,17.678514172710297,0.0,0.0,925.9121373467747,52374997.598840795,52374997.598840795
2005,QQQ,84,2011-12-31,49.31224822998047,1158.5,분할매수,0.0,925.9121373467747,1000000.0,1000000.0,17.50447777577848,0.0,0.0,908.4076595709962,51895730.40722127,51895730.40722127
2005,QQQ,85,2012-01-31,53.46354293823242,1125.7,분할매수,0.0,908.4076595709962,1000000.0,1000000.0,16.615736585660077,0.0,0.0,891.7919229853361,53671525.08634385,53671525.08634385
2005,QQQ,86,2012-02-29,56.89060592651367,1117.1,분할매수,0.0,891.7919229853361,1000000.0,1000000.0,15.735023245667689,0.0,0.0,876.0568997396684,55675602.51179625,55675602.51179625
2005,QQQ,87,2012-03-31,59.76529312133789,1131.4,분할매수,0.0,876.0568997396684,1000000.0,1000000.0,14.788862521910008,0.0,0.0,861.2680372177584,58237611.98278581,58237611.98278581
2005,QQQ,88,2012-04-30,59.06632995605469,1130.05,분할매수,0.0,861.2680372177584,1000000.0,1000000.0,14.98174335986588,0.0,0.0,846.2862938578926,56487838.132709056,56487838.132709056
2005,QQQ,89,2012-05-31,54.90799331665039,1180.0,분할매수,0.0,846.2862938578926,1000000.0,1000000.0,15.434139474582832,0.0,0.0,830.8521543833098,53832100.957203954,53832100.957203954
2005,QQQ,90,2012-06-30,56.89645767211914,1141.17,분할매수,0.0,830.8521543833098,1000000.0,1000000.0,15.401549838460959,0.0,0.0,815.4506045448488,52946009.53135863,52946009.53135863
2005,QQQ,91,2012-07-31,57.4639892578125,1130.27,분할매수,0.0,815.4506045448488,1000000.0,1000000.0,15.396500739789504,0.0,0.0,800.0541038050593,51963372.54331191,51963372.54331191
2005,QQQ,92,2012-08-31,60.443599700927734,1133.2,분할매수,0.0,800.0541038050593,1000000.0,1000000.0,14.599672487825606,0.0,0.0,785.4544313172337,53799455.568075895,53799455.568075895
2005,QQQ,93,2012-09-30,60.980621337890625,1111.21,분할매수,0.0,785.4544313172337,1000000.0,1000000.0,14.75747356101627,0.0,0.0,770.6969577562174,52224180.14639787,52224180.14639787
2005,QQQ,94,2012-10-31,57.76127243041992,1090.17,분할매수,0.0,770.6969577562174,1000000.0,1000000.0,15.880677325439748,0.0,0.0,754.8162804307777,47530484.05697496,47530484.05697496
2005,QQQ,95,2012-11-30,58.5172004699707,1081.75,분할매수,0.0,754.8162804307777,1000000.0,1000000.0,15.797543333316112,0.0,0.0,739.0187370974617,46780611.485262625,46780611.485262625
2005,QQQ,96,2012-12-31,58.24393081665039,1063.24,분할매수,0.0,739.0187370974617,1000000.0,1000000.0,16.147973048707648,0.0,0.0,722.870764048754,44765418.04152978,44765418.04152978
2005,QQQ,97,2013-01-31,59.799983978271484,1087.46,분할매수,0.0,722.870764048754,1000000.0,1000000.0,15.377496650043287,0.0,0.0,707.4932673987107,46008351.2615637,46008351.2615637
2005,QQQ,98,2013-02-28,60.00564956665039,1083.9,분할매수,0.0,707.4932673987107,1000000.0,1000000.0,15.375124541332118,0.0,0.0,692.1181428573786,45015449.53322458,45015449.53322458
2005,QQQ,99,2013-03-31,61.82072067260742,1112.48,분할매수,0.0,692.1181428573786,1000000.0,1000000.0,14.540311963056817,0.0,0.0,677.5778308943218,46599951.40516051,46599951.40516051
2005,QQQ,100,2013-04-30,63.38927459716797,1101.52,분할매수,0.0,677.5778308943218,1000000.0,1000000.0,14.321609609124232,0.0,0.0,663.2562212851975,46311569.6759839,46311569.6759839
2005,QQQ,101,2013-05-31,65.65703582763672,1129.34,분할매수,0.0,663.2562212851975,1000000.0,1000000.0,13.486337296996561,0.0,0.0,649.769883988201,48179863.0479831,48179863.0479831
2005,QQQ,102,2013-06-30,64.08438873291016,1141.45,분할매수,0.0,649.769883988201,1000000.0,1000000.0,13.670703414462443,0.0,0.0,636.0991805737385,46530098.802436136,46530098.802436136
2005,QQQ,103,2013-07-31,68.13067626953125,1122.66,분할매수,0.0,636.0991805737385,1000000.0,1000000.0,13.074017171919973,0.0,0.0,623.0251634018185,47653690.155764475,47653690.155764475
2005,QQQ,104,2013-08-31,67.86093139648438,1109.42,분할매수,0.0,623.0251634018185,1000000.0,1000000.0,13.282633607652684,0.0,0.0,609.7425297941659,45905243.478436954,45905243.478436954
2005,QQQ,105,2013-09-30,71.14009857177734,1073.33,분할매수,0.0,609.7425297941659,1000000.0,1000000.0,13.096410192760567,0.0,0.0,596.6461196014053,45557989.61850013,45557989.61850013
2005,QQQ,106,2013-10-31,74.66645050048828,1060.83,분할매수,0.0,596.6461196014053,1000000.0,1000000.0,12.62492191623449,0.0,0.0,584.0211976851708,46259390.87466143,46259390.87466143
2005,QQQ,107,2013-11-30,77.31796264648438,1057.76,분할매수,0.0,584.0211976851708,1000000.0,1000000.0,12.2273532291394,0.0,0.0,571.7938444560314,46763500.9589296,46763500.9589296
2005,QQQ,108,2013-12-31,79.58111572265625,1055.25,분할매수,0.0,571.7938444560314,1000000.0,1000000.0,11.907884553794045,0.0,0.0,559.8859599022373,47018087.66896792,47018087.66896792
2005,QQQ,109,2014-01-31,78.0521011352539,1080.36,분할매수,0.0,559.8859599022373,1000000.0,1000000.0,11.858968219100495,0.0,0.0,548.0269916831369,46212029.71102193,46212029.71102193
2005,QQQ,110,2014-02-28,82.0737075805664,1066.01,분할매수,0.0,548.0269916831369,1000000.0,1000000.0,11.429695716408668,0.0,0.0,536.5972959667282,46947644.913799405,46947644.913799405
2005,QQQ,111,2014-03-31,79.83014678955078,1064.65,분할매수,0.0,536.5972959667282,1000000.0,1000000.0,11.765928738928505,0.0,0.0,524.8313672277997,44606029.73833707,44606029.73833707
2005,QQQ,112,2014-04-30,79.57516479492188,1032.85,분할매수,0.0,524.8313672277997,1000000.0,1000000.0,12.167047385815852,0.0,0.0,512.6643198419838,42135474.90902679,42135474.90902679
2005,QQQ,113,2014-05-31,83.14461517333984,1020.3,분할매수,0.0,512.6643198419838,1000000.0,1000000.0,11.787941876562028,0.0,0.0,500.8763779654218,42490570.72136694,42490570.72136694
2005,QQQ,114,2014-06-30,85.7419204711914,1011.6,분할매수,0.0,500.8763779654218,1000000.0,1000000.0,11.529168131181608,0.0,0.0,489.3472098342402,42444277.35516836,42444277.35516836
2005,QQQ,115,2014-07-31,86.75538635253906,1027.75,분할매수,0.0,489.3472098342402,1000000.0,1000000.0,11.215433544341199,0.0,0.0,478.131776289899,42631591.04813586,42631591.04813586
2005,QQQ,116,2014-08-31,91.10139465332031,1013.85,분할매수,0.0,478.131776289899,1000000.0,1000000.0,10.826828785717574,0.0,0.0,467.3049475041814,43161756.48040505,43161756.48040505
2005,QQQ,117,2014-09-30,90.41205596923828,1054.55,분할매수,0.0,467.3049475041814,1000000.0,1000000.0,10.488333270656577,0.0,0.0,456.81661423352483,43554738.62673395,43554738.62673395
2005,QQQ,118,2014-10-31,92.80071258544922,1073.07,분할매수,0.0,456.81661423352483,1000000.0,1000000.0,10.042009677603716,0.0,0.0,446.7746045559211,44490557.05974315,44490557.05974315
2005,QQQ,119,2014-11-30,97.01976776123047,1112.06,분할매수,0.0,446.7746045559211,1000000.0,1000000.0,9.268544715932244,0.0,0.0,437.50605983998884,47203317.59180426,47203317.59180426
2005,QQQ,120,2014-12-31,94.84590911865234,1090.89,분할매수,0.0,437.50605983998884,1000000.0,1000000.0,9.66496833793112,0.0,0.0,427.84109150205774,44267200.52697465,44267200.52697465
2005,SPY,0,2004-12-31,81.55921173095703,1035.1,분할매수,100000000.0,0.0,0.0,0.0,0.0,8333333.333333333,91666666.66666667,98.71051680573603,8333333.333333332,100000000.0
2005,SPY,1,2005-01-31,79.7306137084961,1026.85,분할매수,91666666.66666667,98.71051680573603,1000000.0,1000000.0,0.0,8333333.333333333,82333333.33333334,200.49618676085865,16414899.632503735,98748232.96583708
2005,SPY,2,2005-02-28,81.39726257324219,1000.85,분할매수,82333333.33333334,200.49618676085865,1000000.0,1000000.0,0.0,8333333.333333333,73000000.00000001,302.7877841991375,24667045.95668565,97667045.95668566
2005,SPY,3,2005-03-31,79.90829467773438,1015.4,분할매수,73000000.00000001,302.7877841991375,1000000.0,1000000.0,0.0,8333333.333333333,63666666.66666668,405.49234562791963,32901195.75239914,96567862.41906582
2005,SPY,4,2005-04-30,78.41121673583984,997.0,분할매수,63666666.66666668,405.49234562791963,1000000.0,1000000.0,0.0,8333333.333333333,54333333.33333334,512.089448784335,40033096.08649495,94366429.4198283
2005,SPY,5,2005-05-31,80.93798828125,1005.0,분할매수,54333333.33333334,512.089448784335,1000000.0,1000000.0,0.0,8333333.333333333,45000000.00000001,614.5366943805866,49988060.5870149,94988060.58701491
2005,SPY,6,2005-06-30,81.06058502197266,1034.5,분할매수,45000000.00000001,614.5366943805866,1000000.0,1000000.0,0.0,8333333.333333333,35666666.66666667,713.912010958309,59866644.5840495,95533311.25071618
2005,SPY,7,2005-07-31,84.16207122802734,1026.5,분할매수,35666666.66666667,713.912010958309,1000000.0,1000000.0,0.0,8333333.333333333,26333333.33333334,810.3711509034465,70009881.15834643,96343214.49167977
2005,SPY,8,2005-08-31,83.37310791015625,1039.0,분할매수,26333333.33333334,810.3711509034465,1000000.0,1000000.0,0.0,8333333.333333333,17000000.000000007,906.571625665707,78531458.03993437,95531458.03993437
2005,SPY,9,2005-09-30,84.0422134399414,1042.4,분할매수,17000000.000000007,906.571625665707,1000000.0,1000000.0,0.0,8333333.333333333,7666666.666666674,1001.6949171036654,87754087.52518773,95420754.1918544
2005,SPY,10,2005-10-31,82.05453491210938,1043.5,분할매수,7666666.666666674,1001.6949171036654,1000000.0,1000000.0,0.0,6666666.666666674,0.0,1079.5547915963195,92435699.27221617,92435699.27221617
2005,SPY,11,2005-11-30,85.6610107421875,1037.4,분할매수,0.0,1079.5547915963195,1000000.0,1000000.0,11.253058118477774,0.0,0.0,1068.3017334778417,94934347.82174155,94934347.82174155
2005,SPY,12,2005-12-31,85.49710083007812,1010.0,분할매수,0.0,1068.3017334778417,1000000.0,1000000.0,11.580498055352427,0.0,0.0,1056.7212354224894,91250068.03434332,91250068.03434332
2005,SPY,13,2006-01-31,87.55024719238281,958.9,분할매수,0.0,1056.7212354224894,1000000.0,1000000.0,11.911578158911073,0.0,0.0,1044.8096572635784,87713789.3337798,87713789.3337798
2005,SPY,14,2006-02-28,88.051513671875,970.9,분할매수,0.0,1044.8096572635784,1000000.0,1000000.0,11.697381996055778,0.0,0.0,1033.1122752675226,88319957.03105842,88319957.03105842
2005,SPY,15,2006-03-31,89.50471496582031,971.4,분할매수,0.0,1033.1122752675226,1000000.0,1000000.0,11.501539810568987,0.0,0.0,1021.6107354569536,88823822.92136014,88823822.92136014
2005,SPY,16,2006-04-30,90.63532257080078,942.8,분할매수,0.0,1021.6107354569536,1000000.0,1000000.0,11.702615642247393,0.0,0.0,1009.9081198147063,86297640.68887779,86297640.68887779
2005,SPY,17,2006-05-31,87.90531921386719,945.3,분할매수,0.0,1009.9081198147063,1000000.0,1000000.0,12.034143524309926,0.0,0.0,997.8739762903964,82920232.27698854,82920232.27698854
2005,SPY,18,2006-06-30,88.13458251953125,948.5,분할매수,0.0,997.8739762903964,1000000.0,1000000.0,11.962344713151017,0.0,0.0,985.9116315772454,82417925.1826246,82417925.1826246
2005,SPY,19,2006-07-31,88.52926635742188,954.9,분할매수,0.0,985.9116315772454,1000000.0,1000000.0,11.82919637241522,0.0,0.0,974.0824352048302,82345613.72878344,82345613.72878344
2005,SPY,20,2006-08-31,90.46121978759766,961.1,분할매수,0.0,974.0824352048302,1000000.0,1000000.0,11.501883998415272,0.0,0.0,962.580551206415,83688946.20559894,83688946.20559894
2005,SPY,21,2006-09-30,92.90377807617188,946.0,분할매수,0.0,962.580551206415,1000000.0,1000000.0,11.378250425559518,0.0,0.0,951.2023007808555,83598291.9345951,83598291.9345951
2005,SPY,22,2006-10-31,95.831787109375,942.2,분할매수,0.0,951.2023007808555,1000000.0,1000000.0,11.07509124551637,0.0,0.0,940.1272095353391,84886633.31924595,84886633.31924595
2005,SPY,23,2006-11-30,97.73748016357422,929.0,분할매수,0.0,940.1272095353391,1000000.0,1000000.0,11.013444003255922,0.0,0.0,929.1137655320832,84361782.31417963,84361782.31417963
2005,SPY,24,2006-12-31,99.04432678222656,930.0,분할매수,0.0,929.1137655320832,1000000.0,1000000.0,10.856440264050109,0.0,0.0,918.2573252680331,84581806.09243895,84581806.09243895
2005,SPY,25,2007-01-31,100.53398895263672,941.0,분할매수,0.0,918.2573252680331,1000000.0,1000000.0,10.570547007850017,0.0,0.0,907.6867782601831,85869423.5583179,85869423.5583179
2005,SPY,26,2007-02-28,98.5617904663086,942.3,분할매수,0.0,907.6867782601831,1000000.0,1000000.0,10.767186228079522,0.0,0.0,896.9195920321037,83301205.44335397,83301205.44335397
2005,SPY,27,2007-03-31,99.70401000976562,941.1,분할매수,0.0,896.9195920321037,1000000.0,1000000.0,10.65740821292598,0.0,0.0,886.2621838191777,83159260.31098846,83159260.31098846
2005,SPY,28,2007-04-30,104.12042236328125,931.0,분할매수,0.0,886.2621838191777,1000000.0,1000000.0,10.316072790418652,0.0,0.0,875.9461110287591,84910811.39349067,84910811.39349067
2005,SPY,29,2007-05-31,107.65221405029297,927.4,분할매수,0.0,875.9461110287591,1000000.0,1000000.0,10.016360391497734,0.0,0.0,865.9297506372613,86451536.96469381,86451536.96469381
2005,SPY,30,2007-06-30,106.0783462524414,922.6,분할매수,0.0,865.9297506372613,1000000.0,1000000.0,10.217856736901348,0.0,0.0,855.71189390036,83746710.87430629,83746710.87430629
2005,SPY,31,2007-07-31,102.7569351196289,919.0,분할매수,0.0,855.71189390036,1000000.0,1000000.0,10.58944859109772,0.0,0.0,845.1224453092623,79807974.70604233,79807974.70604233
2005,SPY,32,2007-08-31,104.07559967041016,938.1,분할매수,0.0,845.1224453092623,1000000.0,1000000.0,10.242404944127324,0.0,0.0,834.880040365135,81512110.18500388,81512110.18500388
2005,SPY,33,2007-09-30,108.10482788085938,913.6,분할매수,0.0,834.880040365135,1000000.0,1000000.0,10.125088302276902,0.0,0.0,824.754952062858,81456568.81603585,81456568.81603585
2005,SPY,34,2007-10-31,109.57144927978516,903.2,분할매수,0.0,824.754952062858,1000000.0,1000000.0,10.104589270080933,0.0,0.0,814.6503627927771,80621818.56366064,80621818.56366064
2005,SPY,35,2007-11-30,105.32744598388672,920.9,분할매수,0.0,814.6503627927771,1000000.0,1000000.0,10.309698709182989,0.0,0.0,804.3406640835941,78017863.25405967,78017863.25405967
2005,SPY,36,2007-12-31,104.14138793945312,935.8,분할매수,0.0,804.3406640835941,1000000.0,1000000.0,10.261092384052112,0.0,0.0,794.079571699542,77387430.30261652,77387430.30261652
2005,SPY,37,2008-01-31,97.8448715209961,943.4,분할매수,0.0,794.079571699542,1000000.0,1000000.0,10.833431977980576,0.0,0.0,783.2461397215615,72298985.33664526,72298985.33664526
2005,SPY,38,2008-02-29,95.31637573242188,942.8,분할매수,0.0,783.2461397215615,1000000.0,1000000.0,11.127892091016678,0.0,0.0,772.1182476305448,69385849.65735427,69385849.65735427
2005,SPY,39,2008-03-31,94.4639663696289,988.6,분할매수,0.0,772.1182476305448,1000000.0,1000000.0,10.70811969370768,0.0,0.0,761.4101279368372,71105866.36272454,71105866.36272454
2005,SPY,40,2008-04-30,98.96636962890625,1005.0,분할매수,0.0,761.4101279368372,1000000.0,1000000.0,10.054171728769388,0.0,0.0,751.3559562080678,74730766.14139277,74730766.14139277
2005,SPY,41,2008-05-31,100.46235656738281,1028.5,분할매수,0.0,751.3559562080678,1000000.0,1000000.0,9.678149861944332,0.0,0.0,741.6778063461235,76634255.19607742,76634255.19607742
2005,SPY,42,2008-06-30,92.06616973876953,1046.8,분할매수,0.0,741.6778063461235,1000000.0,1000000.0,10.376149264820269,0.0,0.0,731.3016570813032,70479099.55967374,70479099.55967374
2005,SPY,43,2008-07-31,91.23886108398438,1011.5,분할매수,0.0,731.3016570813032,1000000.0,1000000.0,10.835632258782688,0.0,0.0,720.4660248225206,66490446.29938929,66490446.29938929
2005,SPY,44,2008-08-31,92.64885711669922,1089.0,분할매수,0.0,720.4660248225206,1000000.0,1000000.0,9.911332682601017,0.0,0.0,710.5546921399196,71691135.27863638,71691135.27863638
2005,SPY,45,2008-09-30,83.92376708984375,1206.3,분할매수,0.0,710.5546921399196,1000000.0,1000000.0,9.877788031603828,0.0,0.0,700.6769041083157,70934596.07216829,70934596.07216829
2005,SPY,46,2008-10-31,70.06068420410156,1277.5,분할매수,0.0,700.6769041083157,1000000.0,1000000.0,11.172869261314172,0.0,0.0,689.5040348470015,61712351.475765936,61712351.475765936
2005,SPY,47,2008-11-30,65.18400573730469,1468.0,분할매수,0.0,689.5040348470015,1000000.0,1000000.0,10.450399639859736,0.0,0.0,679.0536352071418,64978724.12621495,64978724.12621495
2005,SPY,48,2008-12-31,65.82254791259766,1262.0,분할매수,0.0,679.0536352071418,1000000.0,1000000.0,12.038322004695724,0.0,0.0,667.0153132024461,55407665.03357088,55407665.03357088
2005,SPY,49,2009-01-31,60.41757583618164,1380.0,분할매수,0.0,667.0153132024461,1000000.0,1000000.0,11.993822511585513,0.0,0.0,655.0214906908606,54613238.611638464,54613238.611638464
2005,SPY,50,2009-02-28,53.92576599121094,1532.8,분할매수,0.0,655.0214906908606,1000000.0,1000000.0,12.098128289534174,0.0,0.0,642.9233624013264,53142382.60785392,53142382.60785392
2005,SPY,51,2009-03-31,58.41838455200195,1372.3,분할매수,0.0,642.9233624013264,1000000.0,1000000.0,12.47387516480328,0.0,0.0,630.449487236523,50541590.23616183,50541590.23616183
2005,SPY,52,2009-04-30,64.22201538085938,1277.0,분할매수,0.0,630.449487236523,1000000.0,1000000.0,12.193409871363622,0.0,0.0,618.2560773651594,50704116.7226849,50704116.7226849
2005,SPY,53,2009-05-31,67.97601318359375,1249.0,분할매수,0.0,618.2560773651594,1000000.0,1000000.0,11.778279938947131,0.0,0.0,606.4777974262123,51491202.49899798,51491202.49899798
2005,SPY,54,2009-06-30,67.9314956665039,1273.5,분할매수,0.0,606.4777974262123,1000000.0,1000000.0,11.559255786286656,0.0,0.0,594.9185416399257,51466855.015502684,51466855.015502684
2005,SPY,55,2009-07-31,72.99956512451172,1222.2,분할매수,0.0,594.9185416399257,1000000.0,1000000.0,11.208240666773793,0.0,0.0,583.7103009731519,52078673.03416571,52078673.03416571
2005,SPY,56,2009-08-31,75.69611358642578,1248.0,분할매수,0.0,583.7103009731519,1000000.0,1000000.0,10.585511109063614,0.0,0.0,573.1247898640883,54142382.35255004,54142382.35255004
2005,SPY,57,2009-09-30,78.380126953125,1175.0,분할매수,0.0,573.1247898640883,1000000.0,1000000.0,10.858158347921664,0.0,0.0,562.2666315161666,51782872.702698134,51782872.702698134
2005,SPY,58,2009-10-31,76.87322998046875,1182.0,분할매수,0.0,562.2666315161666,1000000.0,1000000.0,11.00543959032595,0.0,0.0,551.2611919258406,50089883.95251496,50089883.95251496
2005,SPY,59,2009-11-30,81.60918426513672,1164.4,분할매수,0.0,551.2611919258406,1000000.0,1000000.0,10.523465131391358,0.0,0.0,540.7377267944493,51383999.475746416,51383999.475746416
2005,SPY,60,2009-12-31,83.16798400878906,1163.65,분할매수,0.0,540.7377267944493,1000000.0,1000000.0,10.332881571668471,0.0,0.0,530.4048452227808,51331745.31653277,51331745.31653277
2005,SPY,61,2010-01-31,80.14543914794922,1158.7,분할매수,0.0,530.4048452227808,1000000.0,1000000.0,10.768375223722739,0.0,0.0,519.636469999058,48255791.53801201,48255791.53801201
2005,SPY,62,2010-02-28,82.64555358886719,1159.0,분할매수,0.0,519.636469999058,1000000.0,1000000.0,10.439917601873455,0.0,0.0,509.1965523971846,48774001.080794804,48774001.080794804
2005,SPY,63,2010-03-31,87.6769790649414,1131.2,분할매수,0.0,509.1965523971846,1000000.0,1000000.0,10.082657757529512,0.0,0.0,499.1138946396551,49502215.25340653,49502215.25340653
2005,SPY,64,2010-04-30,89.03337097167969,1108.0,분할매수,0.0,499.1138946396551,1000000.0,1000000.0,10.136952762345212,0.0,0.0,488.97694187730986,48237074.13273806,48237074.13273806
2005,SPY,65,2010-05-31,81.95924377441406,1194.5,분할매수,0.0,488.97694187730986,1000000.0,1000000.0,10.21447155458571,0.0,0.0,478.76247032272414,46870997.46318127,46870997.46318127
2005,SPY,66,2010-06-30,77.71862030029297,1220.85,분할매수,0.0,478.76247032272414,1000000.0,1000000.0,10.53932046849478,0.0,0.0,468.22314985422935,44426312.991799615,44426312.991799615
2005,SPY,67,2010-07-31,83.0268325805664,1182.0,분할매수,0.0,468.22314985422935,1000000.0,1000000.0,10.189762301751426,0.0,0.0,458.0333875524779,44950350.556631796,44950350.556631796
2005,SPY,68,2010-08-31,79.29222106933594,1198.0,분할매수,0.0,458.0333875524779,1000000.0,1000000.0,10.527193331759362,0.0,0.0,447.50619422071856,42509544.57829159,42509544.57829159
2005,SPY,69,2010-09-30,86.39324188232422,1140.1,분할매수,0.0,447.50619422071856,1000000.0,1000000.0,10.152600172674752,0.0,0.0,437.3535940480438,43077988.55559786,43077988.55559786
2005,SPY,70,2010-10-31,89.69363403320312,1124.0,분할매수,0.0,437.3535940480438,1000000.0,1000000.0,9.919095428479864,0.0,0.0,427.43449861956395,43092084.525400095,43092084.525400095
2005,SPY,71,2010-11-30,89.69363403320312,1157.2,분할매수,0.0,427.43449861956395,1000000.0,1000000.0,9.63451716350792,0.0,0.0,417.79998145605606,43364911.22134608,43364911.22134608
2005,SPY,72,2010-12-31,95.68986511230469,1130.6,분할매수,0.0,417.79998145605606,1000000.0,1000000.0,9.243258024556267,0.0,0.0,408.5567234314998,44200510.50680401,44200510.50680401
2005,SPY,73,2011-01-31,97.9194564819336,1119.1,분할매수,0.0,408.5567234314998,1000000.0,1000000.0,9.125614320760368,0.0,0.0,399.43110911073944,43770325.48943596,43770325.48943596
2005,SPY,74,2011-02-28,101.3209228515625,1123.7,분할매수,0.0,399.43110911073944,1000000.0,1000000.0,8.783153692753505,0.0,0.0,390.64795541798594,44476957.717395745,44476957.717395745
2005,SPY,75,2011-03-31,101.33309173583984,1097.25,분할매수,0.0,390.64795541798594,1000000.0,1000000.0,8.9937977496805,0.0,0.0,381.65415766830546,42435261.30903528,42435261.30903528
2005,SPY,76,2011-04-30,104.26785278320312,1068.4,분할매수,0.0,381.65415766830546,1000000.0,1000000.0,8.976678900406174,0.0,0.0,372.6774787678993,41516186.877424836,41516186.877424836
2005,SPY,77,2011-05-31,103.09854125976562,1078.0,분할매수,0.0,372.6774787678993,1000000.0,1000000.0,8.997642192136976,0.0,0.0,363.6798365757623,40419459.76620203,40419459.76620203
2005,SPY,78,2011-06-30,101.35928344726562,1066.3,분할매수,0.0,363.6798365757623,1000000.0,1000000.0,9.252456652673798,0.0,0.0,354.4273799230885,38306299.96203929,38306299.96203929
2005,SPY,79,2011-07-31,99.33163452148438,1054.0,분할매수,0.0,354.4273799230885,1000000.0,1000000.0,9.551504996229088,0.0,0.0,344.8758749268594,36106966.9191416,36106966.9191416
2005,SPY,80,2011-08-31,93.87081909179688,1063.9,분할매수,0.0,344.8758749268594,1000000.0,1000000.0,10.013100697195348,0.0,0.0,334.86277422966407,33442465.46161855,33442465.46161855
2005,SPY,81,2011-09-30,87.3542251586914,1180.9,분할매수,0.0,334.86277422966407,1000000.0,1000000.0,9.693998798670444,0.0,0.0,325.1687754309936,33543306.759599693,33543306.759599693
2005,SPY,82,2011-10-31,96.88873291015625,1112.05,분할매수,0.0,325.1687754309936,1000000.0,1000000.0,9.281163196899241,0.0,0.0,315.8876122340944,34035347.24393488,34035347.24393488
2005,SPY,83,2011-11-30,96.49495697021484,1140.05,분할매수,0.0,315.8876122340944,1000000.0,1000000.0,9.090159095441884,0.0,0.0,306.7974531386525,33750504.24502374,33750504.24502374
2005,SPY,84,2011-12-31,97.50320434570312,1158.5,분할매수,0.0,306.7974531386525,1000000.0,1000000.0,8.852890107640903,0.0,0.0,297.94456303101157,33655061.72654922,33655061.72654922
2005,SPY,85,2012-01-31,102.02483367919922,1125.7,분할매수,0.0,297.94456303101157,1000000.0,1000000.0,8.70705802070727,0.0,0.0,289.2375050103043,33218740.971110426,33218740.971110426
2005,SPY,86,2012-02-29,106.45328521728516,1117.1,분할매수,0.0,289.2375050103043,1000000.0,1000000.0,8.409087656493107,0.0,0.0,280.8284173538112,33395824.710778054,33395824.710778054
2005,SPY,87,2012-03-31,109.87721252441406,1131.4,분할매수,0.0,280.8284173538112,1000000.0,1000000.0,8.0440765036402,0.0,0.0,272.78434085017096,33911206.67819698,33911206.67819698
2005,SPY,88,2012-04-30,109.14369201660156,1130.05,분할매수,0.0,272.78434085017096,1000000.0,1000000.0,8.10781255664475,0.0,0.0,264.6765282935262,32644628.43021831,32644628.43021831
2005,SPY,89,2012-05-31,102.58901977539062,1180.0,분할매수,0.0,264.6765282935262,1000000.0,1000000.0,8.260704985524532,0.0,0.0,256.4158233080017,31040428.60231983,31040428.60231983
2005,SPY,90,2012-06-30,106.75215911865234,1141.17,분할매수,0.0,256.4158233080017,1000000.0,1000000.0,8.208673582845748,0.0,0.0,248.20714972515594,30237181.10120156,30237181.10120156
2005,SPY,91,2012-07-31,108.01504516601562,1130.27,분할매수,0.0,248.20714972515594,1000000.0,1000000.0,8.190936288174882,0.0,0.0,240.01621343698105,29302659.060294297,29302659.060294297
2005,SPY,92,2012-08-31,110.72108459472656,1133.2,분할매수,0.0,240.01621343698105,1000000.0,1000000.0,7.970087746600781,0.0,0.0,232.04612569038028,29114626.220940575,29114626.220940575
2005,SPY,93,2012-09-30,113.5279769897461,1111.21,분할매수,0.0,232.04612569038028,1000000.0,1000000.0,7.926855837566337,0.0,0.0,224.11926985281394,28273413.12184402,28273413.12184402
2005,SPY,94,2012-10-31,111.46190643310547,1090.17,분할매수,0.0,224.11926985281394,1000000.0,1000000.0,8.229610983056652,0.0,0.0,215.88965886975728,26233276.31333204,26233276.31333204
2005,SPY,95,2012-11-30,112.09275817871094,1081.75,분할매수,0.0,215.88965886975728,1000000.0,1000000.0,8.24699137739907,0.0,0.0,207.6426674923582,25177990.128788568,25177990.128788568
2005,SPY,96,2012-12-31,113.09429168701172,1063.24,분할매수,0.0,207.6426674923582,1000000.0,1000000.0,8.31625903525666,0.0,0.0,199.32640845710156,23968277.997602064,23968277.997602064
2005,SPY,97,2013-01-31,118.88359069824219,1087.46,분할매수,0.0,199.32640845710156,1000000.0,1000000.0,7.735079735542585,0.0,0.0,191.59132872155897,24769147.219155278,24769147.219155278
2005,SPY,98,2013-02-28,120.40040588378906,1083.9,분할매수,0.0,191.59132872155897,1000000.0,1000000.0,7.6627178164272385,0.0,0.0,183.92861090513173,24003051.568834737,24003051.568834737
2005,SPY,99,2013-03-31,124.97216033935547,1112.48,분할매수,0.0,183.92861090513173,1000000.0,1000000.0,7.192742462959839,0.0,0.0,176.7358684421719,24571416.16737998,24571416.16737998
2005,SPY,100,2013-04-30,127.37313842773438,1101.52,분할매수,0.0,176.7358684421719,1000000.0,1000000.0,7.127377525531254,0.0,0.0,169.60849091664065,23796759.791252747,23796759.791252747
2005,SPY,101,2013-05-31,130.38040161132812,1129.34,분할매수,0.0,169.60849091664065,1000000.0,1000000.0,6.7914573060769134,0.0,0.0,162.81703361056373,23973799.182228092,23973799.182228092
2005,SPY,102,2013-06-30,128.64056396484375,1141.45,분할매수,0.0,162.81703361056373,1000000.0,1000000.0,6.810283201993404,0.0,0.0,156.00675040857033,22907527.59927904,22907527.59927904
2005,SPY,103,2013-07-31,135.288330078125,1122.66,분할매수,0.0,156.00675040857033,1000000.0,1000000.0,6.584024142865798,0.0,0.0,149.42272626570454,22694741.547631383,22694741.547631383
2005,SPY,104,2013-08-31,131.23062133789062,1109.42,분할매수,0.0,149.42272626570454,1000000.0,1000000.0,6.868609466480524,0.0,0.0,142.554116799224,20754436.177351736,20754436.177351736
2005,SPY,105,2013-09-30,135.38365173339844,1073.33,분할매수,0.0,142.554116799224,1000000.0,1000000.0,6.8817756067335845,0.0,0.0,135.67234119249042,19714729.009725284,19714729.009725284
2005,SPY,106,2013-10-31,141.65283203125,1060.83,분할매수,0.0,135.67234119249042,1000000.0,1000000.0,6.654707101959618,0.0,0.0,129.0176340905308,19387424.88794719,19387424.88794719
2005,SPY,107,2013-11-30,145.85108947753906,1057.76,분할매수,0.0,129.0176340905308,1000000.0,1000000.0,6.481912775711972,0.0,0.0,122.53572131481883,18904253.351567127,18904253.351567127
2005,SPY,108,2013-12-31,149.6324920654297,1055.25,분할매수,0.0,122.53572131481883,1000000.0,1000000.0,6.333134773115586,0.0,0.0,116.20258654170324,18348352.072813597,18348352.072813597
2005,SPY,109,2014-01-31,144.3582305908203,1080.36,분할매수,0.0,116.20258654170324,1000000.0,1000000.0,6.411947438041357,0.0,0.0,109.79063910366189,17122822.69381787,17122822.69381787
2005,SPY,110,2014-02-28,150.92877197265625,1066.01,분할매수,0.0,109.79063910366189,1000000.0,1000000.0,6.215365643691375,0.0,0.0,103.57527345997052,16664389.417716702,16664389.417716702
2005,SPY,111,2014-03-31,152.1807861328125,1064.65,분할매수,0.0,103.57527345997052,1000000.0,1000000.0,6.172105179719101,0.0,0.0,97.40316828025142,15781190.605809532,15781190.605809532
2005,SPY,112,2014-04-30,153.23870849609375,1032.85,분할매수,0.0,97.40316828025142,1000000.0,1000000.0,6.318213004376766,0.0,0.0,91.08495527587465,14416252.69878969,14416252.69878969
2005,SPY,113,2014-05-31,156.79478454589844,1020.3,분할매수,0.0,91.08495527587465,1000000.0,1000000.0,6.250870485590305,0.0,0.0,84.83408479028435,13571563.350391988,13571563.350391988
2005,SPY,114,2014-06-30,160.03182983398438,1011.6,분할매수,0.0,84.83408479028435,1000000.0,1000000.0,6.177102505346989,0.0,0.0,78.65698228493736,12733637.20560744,12733637.20560744
2005,SPY,115,2014-07-31,157.88136291503906,1027.75,분할매수,0.0,78.65698228493736,1000000.0,1000000.0,6.162850714521314,0.0,0.0,72.49413157041604,11763084.151884552,11763084.151884552
2005,SPY,116,2014-08-31,164.11192321777344,1013.85,분할매수,0.0,72.49413157041604,1000000.0,1000000.0,6.010161740306534,0.0,0.0,66.48396983010952,11061926.900276506,11061926.900276506
2005,SPY,117,2014-09-30,161.8478240966797,1054.55,분할매수,0.0,66.48396983010952,1000000.0,1000000.0,5.85903319975545,0.0,0.0,60.624936630354064,10347259.447665272,10347259.447665272
2005,SPY,118,2014-10-31,165.65948486328125,1073.07,분할매수,0.0,60.624936630354064,1000000.0,1000000.0,5.625428900981454,0.0,0.0,54.99950772937261,9776944.780117474,9776944.780117474
2005,SPY,119,2014-11-30,170.2104949951172,1112.06,분할매수,0.0,54.99950772937261,1000000.0,1000000.0,5.283058814029783,0.0,0.0,49.71644891534282,9410542.38944207,9410542.38944207
2005,SPY,120,2014-12-31,169.77871704101562,1090.89,분할매수,0.0,49.71644891534282,1000000.0,1000000.0,5.399279277111115,0.0,0.0,44.31716963823171,8207978.762295774,8207978.762295774
2005,SOXX,0,2004-12-31,14.726704597473145,1035.1,분할매수,100000000.0,0.0,0.0,0.0,0.0,8333333.333333333,91666666.66666667,546.6770849476122,8333333.333333333,100000000.0
2005,SOXX,1,2005-01-31,13.642729759216309,1026.85,분할매수,91666666.66666667,546.6770849476122,1000000.0,1000000.0,0.0,8333333.333333333,82333333.33333334,1141.5311995920806,15991752.872527823,98325086.20586117
2005,SOXX,2,2005-02-28,14.715757369995117,1000.85,분할매수,82333333.33333334,1141.5311995920806,1000000.0,1000000.0,0.0,8333333.333333333,73000000.00000001,1707.3366696317605,25146108.218548816,98146108.21854883
2005,SOXX,3,2005-03-31,13.952051162719727,1015.4,분할매수,73000000.00000001,1707.3366696317605,1000000.0,1000000.0,0.0,8333333.333333333,63666666.66666668,2295.561745907841,32521022.96795018,96187689.63461685
2005,SOXX,4,2005-04-30,13.147279739379883,997.0,분할매수,63666666.66666668,2295.561745907841,1000000.0,1000000.0,0.0,8333333.333333333,54333333.33333334,2931.313682787569,38423184.588505596,92756517.92183894
2005,SOXX,5,2005-05-31,14.644584655761719,1005.0,분할매수,54333333.33333334,2931.313682787569,1000000.0,1000000.0,0.0,8333333.333333333,45000000.00000001,3497.5212030707357,51475844.07040942,96475844.07040942
2005,SOXX,6,2005-06-30,14.43108081817627,1034.5,분할매수,45000000.00000001,3497.5212030707357,1000000.0,1000000.0,0.0,8333333.333333333,35666666.66666667,4055.7206477296504,60547663.362627774,96214330.02929445
2005,SOXX,7,2005-07-31,16.106307983398438,1026.5,분할매수,35666666.66666667,4055.7206477296504,1000000.0,1000000.0,0.0,8333333.333333333,26333333.33333334,4559.759252667837,75387070.35523978,101720403.68857312
2005,SOXX,8,2005-08-31,16.13642120361328,1039.0,분할매수,26333333.33333334,4559.759252667837,1000000.0,1000000.0,0.0,8333333.333333333,17000000.000000007,5056.8045678685985,84781078.8610912,101781078.8610912
2005,SOXX,9,2005-09-30,16.229385375976562,1042.4,분할매수,17000000.000000007,5056.8045678685985,1000000.0,1000000.0,0.0,8333333.333333333,7666666.666666674,5549.390810473465,93881881.83263603,101548548.4993027
2005,SOXX,10,2005-10-31,15.281803131103516,1043.5,분할매수,7666666.666666674,5549.390810473465,1000000.0,1000000.0,0.0,6666666.666666674,0.0,5967.453766461081,95160368.8869268,95160368.8869268
2005,SOXX,11,2005-11-30,16.938695907592773,1037.4,분할매수,0.0,5967.453766461081,1000000.0,1000000.0,56.90806055130224,0.0,0.0,5910.545705909779,103861309.78021052,103861309.78021052
2005,SOXX,12,2005-12-31,16.697696685791016,1010.0,분할매수,0.0,5910.545705909779,1000000.0,1000000.0,59.29554408204813,0.0,0.0,5851.250161827731,98679424.4392339,98679424.4392339
2005,SOXX,13,2006-01-31,18.193012237548828,958.9,분할매수,0.0,5851.250161827731,1000000.0,1000000.0,57.322097003357975,0.0,0.0,5793.928064824373,101076694.1147488,101076694.1147488
2005,SOXX,14,2006-02-28,17.79042625427246,970.9,분할매수,0.0,5793.928064824373,1000000.0,1000000.0,57.89474496168954,0.0,0.0,5736.033319862683,99076925.26598686,99076925.26598686
2005,SOXX,15,2006-03-31,17.853412628173828,971.4,분할매수,0.0,5736.033319862683,1000000.0,1000000.0,57.660799302229016,0.0,0.0,5678.372520560454,98478907.49480025,98478907.49480025
2005,SOXX,16,2006-04-30,18.272436141967773,942.8,분할매수,0.0,5678.372520560454,1000000.0,1000000.0,58.04756056698234,0.0,0.0,5620.324959993472,96822758.87387304,96822758.87387304
2005,SOXX,17,2006-05-31,16.54158592224121,945.3,분할매수,0.0,5620.324959993472,1000000.0,1000000.0,63.95186247212184,0.0,0.0,5556.373097521349,86883679.1101042,86883679.1101042
2005,SOXX,18,2006-06-30,15.880809783935547,948.5,분할매수,0.0,5556.373097521349,1000000.0,1000000.0,66.38806657798865,0.0,0.0,5489.9850309433605,82695359.48142217,82695359.48142217
2005,SOXX,19,2006-07-31,15.198433876037598,954.9,분할매수,0.0,5489.9850309433605,1000000.0,1000000.0,68.90381502392142,0.0,0.0,5421.081215919439,78676067.70448627,78676067.70448627
2005,SOXX,20,2006-08-31,16.5659122467041,961.1,분할매수,0.0,5421.081215919439,1000000.0,1000000.0,62.8081593610461,0.0,0.0,5358.273056558393,85311735.148246,85311735.148246
2005,SOXX,21,2006-09-30,16.861833572387695,946.0,분할매수,0.0,5358.273056558393,1000000.0,1000000.0,62.690836550677865,0.0,0.0,5295.5822200077155,84471391.85528153,84471391.85528153
2005,SOXX,22,2006-10-31,16.697277069091797,942.2,분할매수,0.0,5295.5822200077155,1000000.0,1000000.0,63.56400400289679,0.0,0.0,5232.018216004819,82311023.32330073,82311023.32330073
2005,SOXX,23,2006-11-30,17.24580192565918,929.0,분할매수,0.0,5232.018216004819,1000000.0,1000000.0,62.41671274209055,0.0,0.0,5169.601503262728,82823994.98710896,82823994.98710896
2005,SOXX,24,2006-12-31,16.73563575744629,930.0,분할매수,0.0,5169.601503262728,1000000.0,1000000.0,64.25025214389451,0.0,0.0,5105.351251118834,79460408.02586918,79460408.02586918
2005,SOXX,25,2007-01-31,16.680774688720703,941.0,분할매수,0.0,5105.351251118834,1000000.0,1000000.0,63.70802771103326,0.0,0.0,5041.6432234078,79136702.3050168,79136702.3050168
2005,SOXX,26,2007-02-28,16.97429084777832,942.3,분할매수,0.0,5041.6432234078,1000000.0,1000000.0,62.520028815377394,0.0,0.0,4979.123194592423,79640449.4517405,79640449.4517405
2005,SOXX,27,2007-03-31,16.558300018310547,941.1,분할매수,0.0,4979.123194592423,1000000.0,1000000.0,64.17242917236055,0.0,0.0,4914.950765420062,76589757.14039138,76589757.14039138
2005,SOXX,28,2007-04-30,17.566083908081055,931.0,분할매수,0.0,4914.950765420062,1000000.0,1000000.0,61.14702979271383,0.0,0.0,4853.803735627349,79379223.35854356,79379223.35854356
2005,SOXX,29,2007-05-31,17.714351654052734,927.4,분할매수,0.0,4853.803735627349,1000000.0,1000000.0,60.87060898013154,0.0,0.0,4792.933126647217,78739694.03216672,78739694.03216672
2005,SOXX,30,2007-06-30,18.101930618286133,922.6,분할매수,0.0,4792.933126647217,1000000.0,1000000.0,59.877223471398096,0.0,0.0,4733.055903175819,79046014.9749042,79046014.9749042
2005,SOXX,31,2007-07-31,18.110179901123047,919.0,분할매수,0.0,4733.055903175819,1000000.0,1000000.0,60.084399369251784,0.0,0.0,4672.971503806568,77773457.88361101,77773457.88361101
2005,SOXX,32,2007-08-31,18.35765838623047,938.1,분할매수,0.0,4672.971503806568,1000000.0,1000000.0,58.06756037179493,0.0,0.0,4614.903943434773,79474734.49696302,79474734.49696302
2005,SOXX,33,2007-09-30,18.577804565429688,913.6,분할매수,0.0,4614.903943434773,1000000.0,1000000.0,58.918206634220276,0.0,0.0,4555.985736800553,77327298.25069714,77327298.25069714
2005,SOXX,34,2007-10-31,17.79867935180664,903.2,분할매수,0.0,4555.985736800553,1000000.0,1000000.0,62.205429336382274,0.0,0.0,4493.780307464171,72240966.02828011,72240966.02828011
2005,SOXX,35,2007-11-30,16.281736373901367,920.9,분할매수,0.0,4493.780307464171,1000000.0,1000000.0,66.69400664429381,0.0,0.0,4427.086300819877,66379072.476951696,66379072.476951696
2005,SOXX,36,2007-12-31,16.376056671142578,935.8,분할매수,0.0,4427.086300819877,1000000.0,1000000.0,65.25407331627054,0.0,0.0,4361.832227503606,66843830.67341823,66843830.67341823
2005,SOXX,37,2008-01-31,14.115763664245605,943.4,분할매수,0.0,4361.832227503606,1000000.0,1000000.0,75.09305094855523,0.0,0.0,4286.739176555051,57085697.310285226,57085697.310285226
2005,SOXX,38,2008-02-29,13.834603309631348,942.8,분할매수,0.0,4286.739176555051,1000000.0,1000000.0,76.66792606324866,0.0,0.0,4210.071250491802,54913070.78032375,54913070.78032375
2005,SOXX,39,2008-03-31,13.660955429077148,988.6,분할매수,0.0,4210.071250491802,1000000.0,1000000.0,74.04544022413931,0.0,0.0,4136.025810267663,55857940.71515683,55857940.71515683
2005,SOXX,40,2008-04-30,14.716668128967285,1005.0,분할매수,0.0,4136.025810267663,1000000.0,1000000.0,67.61210261060053,0.0,0.0,4068.413707657062,60172861.81866496,60172861.81866496
2005,SOXX,41,2008-05-31,15.965337753295898,1028.5,분할매수,0.0,4068.413707657062,1000000.0,1000000.0,60.90004216431299,0.0,0.0,4007.5136654927487,65804776.53332602,65804776.53332602
2005,SOXX,42,2008-06-30,14.149591445922852,1046.8,분할매수,0.0,4007.5136654927487,1000000.0,1000000.0,67.51377402667096,0.0,0.0,3939.9998914660778,58358460.15525072,58358460.15525072
2005,SOXX,43,2008-07-31,12.986111640930176,1011.5,분할매수,0.0,3939.9998914660778,1000000.0,1000000.0,76.12985116346954,0.0,0.0,3863.8700403026082,50753679.15807332,50753679.15807332
2005,SOXX,44,2008-08-31,13.558173179626465,1089.0,분할매수,0.0,3863.8700403026082,1000000.0,1000000.0,67.72841985277486,0.0,0.0,3796.141620449833,56049463.85434243,56049463.85434243
2005,SOXX,45,2008-09-30,11.203596115112305,1206.3,분할매수,0.0,3796.141620449833,1000000.0,1000000.0,73.99241936336581,0.0,0.0,3722.149201086467,50304466.76986656,50304466.76986656
2005,SOXX,46,2008-10-31,9.227625846862793,1277.5,분할매수,0.0,3722.149201086467,1000000.0,1000000.0,84.82993111784813,0.0,0.0,3637.319269968619,42877781.72206167,42877781.72206167
2005,SOXX,47,2008-11-30,7.481041431427002,1468.0,분할매수,0.0,3637.319269968619,1000000.0,1000000.0,91.05669529112684,0.0,0.0,3546.2625746774925,38945654.27988977,38945654.27988977
2005,SOXX,48,2008-12-31,7.908021450042725,1262.0,분할매수,0.0,3546.2625746774925,1000000.0,1000000.0,100.20117319447608,0.0,0.0,3446.061401483016,34391427.68113809,34391427.68113809
2005,SOXX,49,2009-01-31,7.701746463775635,1380.0,분할매수,0.0,3446.061401483016,1000000.0,1000000.0,94.08744945937632,0.0,0.0,3351.97395202364,35626153.873699225,35626153.873699225
2005,SOXX,50,2009-02-28,7.576310157775879,1532.8,분할매수,0.0,3351.97395202364,1000000.0,1000000.0,86.11062924918446,0.0,0.0,3265.8633227744554,37926366.94505848,37926366.94505848
2005,SOXX,51,2009-03-31,8.680145263671875,1372.3,분할매수,0.0,3265.8633227744554,1000000.0,1000000.0,83.95062687267615,0.0,0.0,3181.912695901779,37902191.01910497,37902191.01910497
2005,SOXX,52,2009-04-30,9.758893966674805,1277.0,분할매수,0.0,3181.912695901779,1000000.0,1000000.0,80.24324877162914,0.0,0.0,3101.66944713015,38653338.37563638,38653338.37563638
2005,SOXX,53,2009-05-31,10.151926040649414,1249.0,분할매수,0.0,3101.66944713015,1000000.0,1000000.0,78.8658732544028,0.0,0.0,3022.803573875747,38328410.61842924,38328410.61842924
2005,SOXX,54,2009-06-30,10.254066467285156,1273.5,분할매수,0.0,3022.803573875747,1000000.0,1000000.0,76.57815919756173,0.0,0.0,2946.225414678185,38473442.63104191,38473442.63104191
2005,SOXX,55,2009-07-31,11.84000301361084,1222.2,분할매수,0.0,2946.225414678185,1000000.0,1000000.0,69.10443295874038,0.0,0.0,2877.120981719445,41634391.00118606,41634391.00118606
2005,SOXX,56,2009-08-31,12.150481224060059,1248.0,분할매수,0.0,2877.120981719445,1000000.0,1000000.0,65.94652808444935,0.0,0.0,2811.1744536349956,42628088.77572874,42628088.77572874
2005,SOXX,57,2009-09-30,12.52808666229248,1175.0,분할매수,0.0,2811.1744536349956,1000000.0,1000000.0,67.9324666829452,0.0,0.0,2743.2419869520504,40381898.684105285,40381898.684105285
2005,SOXX,58,2009-10-31,11.356111526489258,1182.0,분할매수,0.0,2743.2419869520504,1000000.0,1000000.0,74.49941704868328,0.0,0.0,2668.742569903367,35822328.22250701,35822328.22250701
2005,SOXX,59,2009-11-30,12.128105163574219,1164.4,분할매수,0.0,2668.742569903367,1000000.0,1000000.0,70.81167201574316,0.0,0.0,2597.930897887624,36687890.90744872,36687890.90744872
2005,SOXX,60,2009-12-31,13.834537506103516,1163.65,분할매수,0.0,2597.930897887624,1000000.0,1000000.0,62.11735874351422,0.0,0.0,2535.8135391441097,40822945.31573074,40822945.31573074
2005,SOXX,61,2010-01-31,12.078170776367188,1158.7,분할매수,0.0,2535.8135391441097,1000000.0,1000000.0,71.45421083992444,0.0,0.0,2464.359328304185,34488650.83437805,34488650.83437805
2005,SOXX,62,2010-02-28,13.042060852050781,1159.0,분할매수,0.0,2464.359328304185,1000000.0,1000000.0,66.15616806398496,0.0,0.0,2398.2031602402003,36250635.88811106,36250635.88811106
2005,SOXX,63,2010-03-31,13.887931823730469,1131.2,분할매수,0.0,2398.2031602402003,1000000.0,1000000.0,63.65360835191846,0.0,0.0,2334.5495518882817,36675839.94581072,36675839.94581072
2005,SOXX,64,2010-04-30,14.168952941894531,1108.0,분할매수,0.0,2334.5495518882817,1000000.0,1000000.0,63.6975138186603,0.0,0.0,2270.8520380696214,35650559.997278444,35650559.997278444
2005,SOXX,65,2010-05-31,13.241588592529297,1194.5,분할매수,0.0,2270.8520380696214,1000000.0,1000000.0,63.22280429716924,0.0,0.0,2207.629233772452,34918242.84471509,34918242.84471509
2005,SOXX,66,2010-06-30,12.33794116973877,1220.85,분할매수,0.0,2207.629233772452,1000000.0,1000000.0,66.38882731286313,0.0,0.0,2141.240406459589,32253023.484942835,32253023.484942835
2005,SOXX,67,2010-07-31,12.978693008422852,1182.0,분할매수,0.0,2141.240406459589,1000000.0,1000000.0,65.1855844124084,0.0,0.0,2076.0548220471806,31848373.237135433,31848373.237135433
2005,SOXX,68,2010-08-31,11.620979309082031,1198.0,분할매수,0.0,2076.0548220471806,1000000.0,1000000.0,71.82910481986215,0.0,0.0,2004.2257172273185,27902696.577573255,27902696.577573255
2005,SOXX,69,2010-09-30,13.354104995727539,1140.1,분할매수,0.0,2004.2257172273185,1000000.0,1000000.0,65.68137982538235,0.0,0.0,1938.544337401936,29514366.81987597,29514366.81987597
2005,SOXX,70,2010-10-31,14.277120590209961,1124.0,분할매수,0.0,1938.544337401936,1000000.0,1000000.0,62.31506624049656,0.0,0.0,1876.2292711614393,30108758.35260106,30108758.35260106
2005,SOXX,71,2010-11-30,14.974329948425293,1157.2,분할매수,0.0,1876.2292711614393,1000000.0,1000000.0,57.70908344657977,0.0,0.0,1818.5201877148595,31511853.578444544,31511853.578444544
2005,SOXX,72,2010-12-31,15.722329139709473,1130.6,분할매수,0.0,1818.5201877148595,1000000.0,1000000.0,56.25668472580782,0.0,0.0,1762.2635029890516,31325406.244222056,31325406.244222056
2005,SOXX,73,2011-01-31,16.792133331298828,1119.1,분할매수,0.0,1762.2635029890516,1000000.0,1000000.0,53.213917298231046,0.0,0.0,1709.0495856908205,32116590.404586386,32116590.404586386
2005,SOXX,74,2011-02-28,17.52320671081543,1123.7,분할매수,0.0,1709.0495856908205,1000000.0,1000000.0,50.785067618224915,0.0,0.0,1658.2645180725956,32652600.37731061,32652600.37731061
2005,SOXX,75,2011-03-31,16.704345703125,1097.25,분할매수,0.0,1658.2645180725956,1000000.0,1000000.0,54.55881652709496,0.0,0.0,1603.7057015455007,29394070.53943462,29394070.53943462
2005,SOXX,76,2011-04-30,17.182092666625977,1068.4,분할매수,0.0,1603.7057015455007,1000000.0,1000000.0,54.47409999642574,0.0,0.0,1549.2316015490749,28439783.34016948,28439783.34016948
2005,SOXX,77,2011-05-31,16.831554412841797,1078.0,분할매수,0.0,1549.2316015490749,1000000.0,1000000.0,55.11337586734634,0.0,0.0,1494.1182256817285,27109902.127533544,27109902.127533544
2005,SOXX,78,2011-06-30,15.72076416015625,1066.3,분할매수,0.0,1494.1182256817285,1000000.0,1000000.0,59.6550121156821,0.0,0.0,1434.4632135660463,24045979.75412958,24045979.75412958
2005,SOXX,79,2011-07-31,14.862497329711914,1054.0,분할매수,0.0,1434.4632135660463,1000000.0,1000000.0,63.836284196927096,0.0,0.0,1370.6269293691191,21470969.787979882,21470969.787979882
2005,SOXX,80,2011-08-31,13.692647933959961,1063.9,분할매수,0.0,1370.6269293691191,1000000.0,1000000.0,68.64544890277745,0.0,0.0,1301.9814804663417,18966756.008986674,18966756.008986674
2005,SOXX,81,2011-09-30,13.04082202911377,1180.9,분할매수,0.0,1301.9814804663417,1000000.0,1000000.0,64.93545819861862,0.0,0.0,1237.0460222677232,19050393.368811853,19050393.368811853
2005,SOXX,82,2011-10-31,14.88107967376709,1112.05,분할매수,0.0,1237.0460222677232,1000000.0,1000000.0,60.42842063840004,0.0,0.0,1176.6176016293232,19471261.85326158,19471261.85326158
2005,SOXX,83,2011-11-30,14.350017547607422,1140.05,분할매수,0.0,1176.6176016293232,1000000.0,1000000.0,61.125675132942234,0.0,0.0,1115.491926496381,18249155.106594693,18249155.106594693
2005,SOXX,84,2011-12-31,14.056510925292969,1158.5,분할매수,0.0,1115.491926496381,1000000.0,1000000.0,61.40820846673756,0.0,0.0,1054.0837180296435,17165192.47749427,17165192.47749427
2005,SOXX,85,2012-01-31,15.795072555541992,1125.7,분할매수,0.0,1054.0837180296435,1000000.0,1000000.0,56.24134636128074,0.0,0.0,997.8423716683627,17742149.436794523,17742149.436794523
2005,SOXX,86,2012-02-29,16.41254234313965,1117.1,분할매수,0.0,997.8423716683627,1000000.0,1000000.0,54.54212930563989,0.0,0.0,943.3002423627229,17294892.120487522,17294892.120487522
2005,SOXX,87,2012-03-31,16.94625473022461,1131.4,분할매수,0.0,943.3002423627229,1000000.0,1000000.0,52.156698788240455,0.0,0.0,891.1435435744825,17085888.56807411,17085888.56807411
2005,SOXX,88,2012-04-30,15.994181632995605,1130.05,분할매수,0.0,891.1435435744825,1000000.0,1000000.0,55.327406985625835,0.0,0.0,835.8161365888566,15106728.873196663,15106728.873196663
2005,SOXX,89,2012-05-31,14.315231323242188,1180.0,분할매수,0.0,835.8161365888566,1000000.0,1000000.0,59.199715881832326,0.0,0.0,776.6164207070243,13118583.579982324,13118583.579982324
2005,SOXX,90,2012-06-30,14.94796371459961,1141.17,분할매수,0.0,776.6164207070243,1000000.0,1000000.0,58.622943244982274,0.0,0.0,717.993477462042,12247653.183525505,12247653.183525505
2005,SOXX,91,2012-07-31,14.91081714630127,1130.27,분할매수,0.0,717.993477462042,1000000.0,1000000.0,59.33573890942879,0.0,0.0,658.6577385526133,11100523.068533808,11100523.068533808
2005,SOXX,92,2012-08-31,15.413655281066895,1133.2,분할매수,0.0,658.6577385526133,1000000.0,1000000.0,57.251621599629885,0.0,0.0,601.4061169529834,10504612.797847308,10504612.797847308
2005,SOXX,93,2012-09-30,14.88819408416748,1111.21,분할매수,0.0,601.4061169529834,1000000.0,1000000.0,60.44520255719029,0.0,0.0,540.9609143957931,8949608.761488762,8949608.761488762
2005,SOXX,94,2012-10-31,14.317110061645508,1090.17,분할매수,0.0,540.9609143957931,1000000.0,1000000.0,64.06936353948034,0.0,0.0,476.8915508563128,7443363.325475308,7443363.325475308
2005,SOXX,95,2012-11-30,14.615561485290527,1081.75,분할매수,0.0,476.8915508563128,1000000.0,1000000.0,63.249572115246885,0.0,0.0,413.6419787410659,6539838.372145346,6539838.372145346
2005,SOXX,96,2012-12-31,14.987213134765625,1063.24,분할매수,0.0,413.6419787410659,1000000.0,1000000.0,62.75492425582106,0.0,0.0,350.88705448524485,5591386.789901146,5591386.789901146
2005,SOXX,97,2013-01-31,16.133434295654297,1087.46,분할매수,0.0,350.88705448524485,1000000.0,1000000.0,56.9980350399548,0.0,0.0,293.88901944529005,5156125.456592987,5156125.456592987
2005,SOXX,98,2013-02-28,16.7209415435791,1083.9,분할매수,0.0,293.88901944529005,1000000.0,1000000.0,55.17597994504447,0.0,0.0,238.71303950024557,4326394.197946369,4326394.197946369
2005,SOXX,99,2013-03-31,17.11033821105957,1112.48,분할매수,0.0,238.71303950024557,1000000.0,1000000.0,52.53505531408447,0.0,0.0,186.1779841861611,3543880.9966618125,3543880.9966618125
2005,SOXX,100,2013-04-30,17.410873413085938,1101.52,분할매수,0.0,186.1779841861611,1000000.0,1000000.0,52.14192433929762,0.0,0.0,134.03605984686348,2570600.5588643956,2570600.5588643956
2005,SOXX,101,2013-05-31,18.40207290649414,1129.34,분할매수,0.0,134.03605984686348,1000000.0,1000000.0,48.1181079757602,0.0,0.0,85.91795187110327,1785563.803015384,1785563.803015384
2005,SOXX,102,2013-06-30,18.394147872924805,1141.45,분할매수,0.0,85.91795187110327,1000000.0,1000000.0,47.628119438697894,0.0,0.0,38.289832432405376,803933.3251796385,803933.3251796385
2005,SOXX,103,2013-07-31,18.814044952392578,1122.66,고갈,0.0,38.289832432405376,1000000.0,808749.2524672801,38.289832432405376,0.0,0.0,0.0,0.0,0.0
2006,QQQ,0,2005-12-31,34.505252838134766,1010.0,분할매수,100000000.0,0.0,0.0,0.0,0.0,8333333.333333333,91666666.66666667,239.11794303357615,8333333.333333333,100000000.0
2006,QQQ,1,2006-01-31,35.86294937133789,958.9,분할매수,91666666.66666667,239.11794303357615,1000000.0,1000000.0,0.0,8333333.333333333,82333333.33333334,481.44361863680297,16556356.00858,98889689.34191334
2006,QQQ,2,2006-02-28,35.09444046020508,970.9,분할매수,82333333.33333334,481.44361863680297,1000000.0,1000000.0,0.0,8333333.333333333,73000000.00000001,726.0151654982815,24737654.30522072,97737654.30522074
2006,QQQ,3,2006-03-31,35.82829284667969,971.4,분할매수,73000000.00000001,726.0151654982815,1000000.0,1000000.0,0.0,8333333.333333333,63666666.66666668,965.4539722392539,33601277.41266313,97267944.07932982
2006,QQQ,4,2006-04-30,35.759918212890625,942.8,분할매수,63666666.66666668,965.4539722392539,1000000.0,1000000.0,0.0,8333333.333333333,54333333.33333334,1212.6279024998205,40883083.8680239,95216417.20135725
2006,QQQ,5,2006-05-31,33.17087173461914,945.3,분할매수,54333333.33333334,1212.6279024998205,1000000.0,1000000.0,0.0,8333333.333333333,45000000.00000001,1478.3894910689828,46357009.27249952,91357009.27249953
2006,QQQ,6,2006-06-30,33.15043258666992,948.5,분할매수,45000000.00000001,1478.3894910689828,1000000.0,1000000.0,0.0,8333333.333333333,35666666.66666667,1743.417771492345,54818608.059089944,90485274.72575662
2006,QQQ,7,2006-07-31,31.72248649597168,954.9,분할매수,35666666.66666667,1743.417771492345,1000000.0,1000000.0,0.0,8333333.333333333,26333333.33333334,2018.5197028885434,61144599.889579855,87477933.22291319
2006,QQQ,8,2006-08-31,33.235931396484375,961.1,분할매수,26333333.33333334,2018.5197028885434,1000000.0,1000000.0,0.0,8333333.333333333,17000000.000000007,2279.4006261930717,72811016.52688718,89811016.52688718
2006,QQQ,9,2006-09-30,34.77791976928711,946.0,분할매수,17000000.000000007,2279.4006261930717,1000000.0,1000000.0,0.0,8333333.333333333,7666666.666666674,2532.694109396365,83325413.57974927,90992080.24641594
2006,QQQ,10,2006-10-31,36.429161071777344,942.2,분할매수,7666666.666666674,2532.694109396365,1000000.0,1000000.0,0.0,6666666.666666674,0.0,2726.924181355481,93597733.65164885,93597733.65164885
2006,QQQ,11,2006-11-30,37.678245544433594,929.0,분할매수,0.0,2726.924181355481,1000000.0,1000000.0,28.568906254709816,0.0,0.0,2698.355275100771,94450772.84524763,94450772.84524763
2006,QQQ,12,2006-12-31,36.970359802246094,930.0,분할매수,0.0,2698.355275100771,1000000.0,1000000.0,29.084618677121295,0.0,0.0,2669.2706564236496,91776023.81713074,91776023.81713074
2006,QQQ,13,2007-01-31,37.749839782714844,941.0,분할매수,0.0,2669.2706564236496,1000000.0,1000000.0,28.151093149728194,0.0,0.0,2641.1195632739214,93819431.77930985,93819431.77930985
2006,QQQ,14,2007-02-28,37.1159782409668,942.3,분할매수,0.0,2641.1195632739214,1000000.0,1000000.0,28.592353030112523,0.0,0.0,2612.527210243809,91371535.8610878,91371535.8610878
2006,QQQ,15,2007-03-31,37.31077575683594,941.1,분할매수,0.0,2612.527210243809,1000000.0,1000000.0,28.47934178760802,0.0,0.0,2584.047868456201,90734114.84462664,90734114.84462664
2006,QQQ,16,2007-04-30,39.39360046386719,931.0,분할매수,0.0,2584.047868456201,1000000.0,1000000.0,27.266201703343867,0.0,0.0,2556.781666752857,93771097.80711769,93771097.80711769
2006,QQQ,17,2007-05-31,40.636444091796875,927.4,분할매수,0.0,2556.781666752857,1000000.0,1000000.0,26.534885051324146,0.0,0.0,2530.2467817015327,95355483.0483529,95355483.0483529
2006,QQQ,18,2007-06-30,40.8311767578125,922.6,분할매수,0.0,2530.2467817015327,1000000.0,1000000.0,26.54572880237829,0.0,0.0,2503.7010528991545,94316530.97709799,94316530.97709799
2006,QQQ,19,2007-07-31,40.77113723754883,919.0,분할매수,0.0,2503.7010528991545,1000000.0,1000000.0,26.68896075888545,0.0,0.0,2477.012092140269,92810361.35195363,92810361.35195363
2006,QQQ,20,2007-08-31,41.92058181762695,938.1,분할매수,0.0,2477.012092140269,1000000.0,1000000.0,25.428665118836577,0.0,0.0,2451.5834270214323,96410228.99017195,96410228.99017195
2006,QQQ,21,2007-09-30,44.1223258972168,913.6,분할매수,0.0,2451.5834270214323,1000000.0,1000000.0,24.80764343080997,0.0,0.0,2426.7757835906223,97823712.6939948,97823712.6939948
2006,QQQ,22,2007-10-31,47.22917938232422,903.2,분할매수,0.0,2426.7757835906223,1000000.0,1000000.0,23.442594285559412,0.0,0.0,2403.3331893050627,102519932.73566614,102519932.73566614
2006,QQQ,23,2007-11-30,44.036502838134766,920.9,분할매수,0.0,2403.3331893050627,1000000.0,1000000.0,24.658957090508434,0.0,0.0,2378.674232214554,96462888.65680122,96462888.65680122
2006,QQQ,24,2007-12-31,44.005088806152344,935.8,분할매수,0.0,2378.674232214554,1000000.0,1000000.0,24.283655178096982,0.0,0.0,2354.390577036457,96953714.74225329,96953714.74225329
2006,QQQ,25,2008-01-31,38.772918701171875,943.4,분할매수,0.0,2354.390577036457,1000000.0,1000000.0,27.338559889867735,0.0,0.0,2327.0520171465896,85119773.18926173,85119773.18926173
2006,QQQ,26,2008-02-29,36.90000915527344,942.8,분할매수,0.0,2327.0520171465896,1000000.0,1000000.0,28.744446625851566,0.0,0.0,2298.307570520738,79956577.36732128,79956577.36732128
2006,QQQ,27,2008-03-31,37.59090042114258,988.6,분할매수,0.0,2298.307570520738,1000000.0,1000000.0,26.90894464606756,0.0,0.0,2271.3986258746704,84410542.87896831,84410542.87896831
2006,QQQ,28,2008-04-30,40.59163284301758,1005.0,분할매수,0.0,2271.3986258746704,1000000.0,1000000.0,24.513053699268742,0.0,0.0,2246.8855721754016,91660777.95694746,91660777.95694746
2006,QQQ,29,2008-05-31,42.999114990234375,1028.5,분할매수,0.0,2246.8855721754016,1000000.0,1000000.0,22.61185474547644,0.0,0.0,2224.273717429925,98367592.6838729,98367592.6838729
2006,QQQ,30,2008-06-30,38.86471939086914,1046.8,분할매수,0.0,2224.273717429925,1000000.0,1000000.0,24.57993610714677,0.0,0.0,2199.6937813227782,89491436.09381488,89491436.09381488
2006,QQQ,31,2008-07-31,39.11421203613281,1011.5,분할매수,0.0,2199.6937813227782,1000000.0,1000000.0,25.27548670807785,0.0,0.0,2174.4182946147002,86028740.80045997,86028740.80045997
2006,QQQ,32,2008-08-31,39.682106018066406,1089.0,분할매수,0.0,2174.4182946147002,1000000.0,1000000.0,23.14074875784825,0.0,0.0,2151.277545856852,92964906.5537363,92964906.5537363
2006,QQQ,33,2008-09-30,33.5011100769043,1206.3,분할매수,0.0,2151.277545856852,1000000.0,1000000.0,24.744886967153555,0.0,0.0,2126.5326588896987,85938265.21464679,85938265.21464679
2006,QQQ,34,2008-10-31,28.31796646118164,1277.5,분할매수,0.0,2126.5326588896987,1000000.0,1000000.0,27.642481533540963,0.0,0.0,2098.890177356158,75929875.35541615,75929875.35541615
2006,QQQ,35,2008-11-30,25.072023391723633,1468.0,분할매수,0.0,2098.890177356158,1000000.0,1000000.0,27.169682296428064,0.0,0.0,2071.7204950597297,76251185.87905218,76251185.87905218
2006,QQQ,36,2008-12-31,25.64301109313965,1262.0,분할매수,0.0,2071.7204950597297,1000000.0,1000000.0,30.90093530994705,0.0,0.0,2040.8195597497827,66043941.365517184,66043941.365517184
2006,QQQ,37,2009-01-31,25.056690216064453,1380.0,분할매수,0.0,2040.8195597497827,1000000.0,1000000.0,28.919928167321853,0.0,0.0,2011.8996315824609,69567933.22383878,69567933.22383878
2006,QQQ,38,2009-02-28,23.73746681213379,1532.8,분할매수,0.0,2011.8996315824609,1000000.0,1000000.0,27.484012520644523,0.0,0.0,1984.4156190618164,72202543.84512557,72202543.84512557
2006,QQQ,39,2009-03-31,26.186351776123047,1372.3,분할매수,0.0,1984.4156190618164,1000000.0,1000000.0,27.827611973638245,0.0,0.0,1956.588007088178,70311028.08755922,70311028.08755922
2006,QQQ,40,2009-04-30,29.606462478637695,1277.0,분할매수,0.0,1956.588007088178,1000000.0,1000000.0,26.44981165408958,0.0,0.0,1930.1381954340884,72973608.30679704,72973608.30679704
2006,QQQ,41,2009-05-31,30.556489944458008,1249.0,분할매수,0.0,1930.1381954340884,1000000.0,1000000.0,26.20197914960907,0.0,0.0,1903.9362162844793,72663832.20188487,72663832.20188487
2006,QQQ,42,2009-06-30,31.458803176879883,1273.5,분할매수,0.0,1903.9362162844793,1000000.0,1000000.0,24.96082034459719,0.0,0.0,1878.9753959398822,75276988.89698508,75276988.89698508
2006,QQQ,43,2009-07-31,34.11350631713867,1222.2,분할매수,0.0,1878.9753959398822,1000000.0,1000000.0,23.984538173207106,0.0,0.0,1854.9908577666752,77341112.19364096,77341112.19364096
2006,QQQ,44,2009-08-31,34.61507034301758,1248.0,분할매수,0.0,1854.9908577666752,1000000.0,1000000.0,23.148358311618537,0.0,0.0,1831.8424994550567,79134877.50600548,79134877.50600548
2006,QQQ,45,2009-09-30,36.57011795043945,1175.0,분할매수,0.0,1831.8424994550567,1000000.0,1000000.0,23.272110605183517,0.0,0.0,1808.570388849873,77714068.1192466,77714068.1192466
2006,QQQ,46,2009-10-31,35.45353698730469,1182.0,분할매수,0.0,1808.570388849873,1000000.0,1000000.0,23.862885357989228,0.0,0.0,1784.707503491884,74790096.70112541,74790096.70112541
2006,QQQ,47,2009-11-30,37.70399475097656,1164.4,분할매수,0.0,1784.707503491884,1000000.0,1000000.0,22.77772980522746,0.0,0.0,1761.9297736866565,77353177.36898854,77353177.36898854
2006,QQQ,48,2009-12-31,39.6656608581543,1163.65,분할매수,0.0,1761.9297736866565,1000000.0,1000000.0,21.665211437932467,0.0,0.0,1740.2645622487241,80325297.87370493,80325297.87370493
2006,QQQ,49,2010-01-31,37.09930419921875,1158.7,분할매수,0.0,1740.2645622487241,1000000.0,1000000.0,23.262866510400187,0.0,0.0,1717.0016957383239,73808689.6974068,73808689.6974068
2006,QQQ,50,2010-02-28,38.80733108520508,1159.0,분할매수,0.0,1717.0016957383239,1000000.0,1000000.0,22.233241645363485,0.0,0.0,1694.7684540929604,76226781.55195543,76226781.55195543
2006,QQQ,51,2010-03-31,41.79971694946289,1131.2,분할매수,0.0,1694.7684540929604,1000000.0,1000000.0,21.14887462502885,0.0,0.0,1673.6195794679315,79135160.1038511,79135160.1038511
2006,QQQ,52,2010-04-30,42.73710632324219,1108.0,분할매수,0.0,1673.6195794679315,1000000.0,1000000.0,21.118113823289978,0.0,0.0,1652.5014656446415,78250428.96691799,78250428.96691799
2006,QQQ,53,2010-05-31,39.57780838012695,1194.5,분할매수,0.0,1652.5014656446415,1000000.0,1000000.0,21.15251951620124,0.0,0.0,1631.3489461284403,77123150.50124168,77123150.50124168
2006,QQQ,54,2010-06-30,37.212764739990234,1220.85,분할매수,0.0,1631.3489461284403,1000000.0,1000000.0,22.011303149260893,0.0,0.0,1609.3376429791795,73114146.49401249,73114146.49401249
2006,QQQ,55,2010-07-31,39.91376876831055,1182.0,분할매수,0.0,1609.3376429791795,1000000.0,1000000.0,21.19628676445561,0.0,0.0,1588.1413562147238,74925451.51247449,74925451.51247449
2006,QQQ,56,2010-08-31,37.866233825683594,1198.0,분할매수,0.0,1588.1413562147238,1000000.0,1000000.0,22.044033867855443,0.0,0.0,1566.0973223468684,71044044.46731266,71044044.46731266
2006,QQQ,57,2010-09-30,42.85430908203125,1140.1,분할매수,0.0,1566.0973223468684,1000000.0,1000000.0,20.467394323717848,0.0,0.0,1545.6299280231506,75516692.72487986,75516692.72487986
2006,QQQ,58,2010-10-31,45.57032775878906,1124.0,분할매수,0.0,1545.6299280231506,1000000.0,1000000.0,19.523223971785022,0.0,0.0,1526.1067040513656,78168785.35312077,78168785.35312077
2006,QQQ,59,2010-11-30,45.49174499511719,1157.2,분할매수,0.0,1526.1067040513656,1000000.0,1000000.0,18.995860823607604,0.0,0.0,1507.1108432277579,79338907.41896553,79338907.41896553
2006,QQQ,60,2010-12-31,47.65582275390625,1130.6,분할매수,0.0,1507.1108432277579,1000000.0,1000000.0,18.559875004896806,0.0,0.0,1488.550968222861,80202639.7176772,80202639.7176772
2006,QQQ,61,2011-01-31,49.00342559814453,1119.1,분할매수,0.0,1488.550968222861,1000000.0,1000000.0,18.23495364753519,0.0,0.0,1470.3160145753259,80631738.52783926,80631738.52783926
2006,QQQ,62,2011-02-28,50.55229949951172,1123.7,분할매수,0.0,1470.3160145753259,1000000.0,1000000.0,17.60389233541176,0.0,0.0,1452.7121222399142,82522211.25652179,82522211.25652179
2006,QQQ,63,2011-03-31,50.32566833496094,1097.25,분할매수,0.0,1452.7121222399142,1000000.0,1000000.0,18.109433268844267,0.0,0.0,1434.60268897107,79218530.34678791,79218530.34678791
2006,QQQ,64,2011-04-30,51.77157211303711,1068.4,분할매수,0.0,1434.60268897107,1000000.0,1000000.0,18.079015101686252,0.0,0.0,1416.5236738693836,78351816.50671129,78351816.50671129
2006,QQQ,65,2011-05-31,51.140628814697266,1078.0,분할매수,0.0,1416.5236738693836,1000000.0,1000000.0,18.139076626293793,0.0,0.0,1398.3845972430897,77092380.5027671,77092380.5027671
2006,QQQ,66,2011-06-30,50.10478210449219,1066.3,분할매수,0.0,1398.3845972430897,1000000.0,1000000.0,18.71722292866374,0.0,0.0,1379.667374314426,73711115.13565347,73711115.13565347
2006,QQQ,67,2011-07-31,50.93913269042969,1054.0,분할매수,0.0,1379.667374314426,1000000.0,1000000.0,18.625495828157504,0.0,0.0,1361.0418784862686,73074128.65909769,73074128.65909769
2006,QQQ,68,2011-08-31,48.357059478759766,1063.9,분할매수,0.0,1361.0418784862686,1000000.0,1000000.0,19.437450792623686,0.0,0.0,1341.604427693645,69021624.38928309,69021624.38928309
2006,QQQ,69,2011-09-30,46.185428619384766,1180.9,분할매수,0.0,1341.604427693645,1000000.0,1000000.0,18.335041571785293,0.0,0.0,1323.2693861218597,72171605.44419819,72171605.44419819
2006,QQQ,70,2011-10-31,50.989620208740234,1112.05,분할매수,0.0,1323.2693861218597,1000000.0,1000000.0,17.635748970058064,0.0,0.0,1305.6336371518016,74033353.46678519,74033353.46678519
2006,QQQ,71,2011-11-30,49.616981506347656,1140.05,분할매수,0.0,1305.6336371518016,1000000.0,1000000.0,17.678514172710297,0.0,0.0,1287.9551229790914,72854263.1126355,72854263.1126355
2006,QQQ,72,2011-12-31,49.31224822998047,1158.5,분할매수,0.0,1287.9551229790914,1000000.0,1000000.0,17.50447777577848,0.0,0.0,1270.450645203313,72578608.82666704,72578608.82666704
2006,QQQ,73,2012-01-31,53.46354293823242,1125.7,분할매수,0.0,1270.450645203313,1000000.0,1000000.0,16.615736585660077,0.0,0.0,1253.834908617653,75460687.65315847,75460687.65315847
2006,QQQ,74,2012-02-29,56.89060592651367,1117.1,분할매수,0.0,1253.834908617653,1000000.0,1000000.0,15.735023245667689,0.0,0.0,1238.0998853719852,78684337.86476104,78684337.86476104
2006,QQQ,75,2012-03-31,59.76529312133789,1131.4,분할매수,0.0,1238.0998853719852,1000000.0,1000000.0,14.788862521910008,0.0,0.0,1223.3110228500752,82718398.4594971,82718398.4594971
2006,QQQ,76,2012-04-30,59.06632995605469,1130.05,분할매수,0.0,1223.3110228500752,1000000.0,1000000.0,14.98174335986588,0.0,0.0,1208.3292794902093,80653449.3660574,80653449.3660574
2006,QQQ,77,2012-05-31,54.90799331665039,1180.0,분할매수,0.0,1208.3292794902093,1000000.0,1000000.0,15.434139474582832,0.0,0.0,1192.8951400156263,77289384.48302244,77289384.48302244
2006,QQQ,78,2012-06-30,56.89645767211914,1141.17,분할매수,0.0,1192.8951400156263,1000000.0,1000000.0,15.401549838460959,0.0,0.0,1177.4935901771653,76452928.6031145,76452928.6031145
2006,QQQ,79,2012-07-31,57.4639892578125,1130.27,분할매수,0.0,1177.4935901771653,1000000.0,1000000.0,15.396500739789504,0.0,0.0,1162.0970894373759,75478000.4286392,75478000.4286392
2006,QQQ,80,2012-08-31,60.443599700927734,1133.2,분할매수,0.0,1162.0970894373759,1000000.0,1000000.0,14.599672487825606,0.0,0.0,1147.4974169495504,78597476.61506976,78597476.61506976
2006,QQQ,81,2012-09-30,60.980621337890625,1111.21,분할매수,0.0,1147.4974169495504,1000000.0,1000000.0,14.75747356101627,0.0,0.0,1132.7399433885341,76757036.94843876,76757036.94843876
2006,QQQ,82,2012-10-31,57.76127243041992,1090.17,분할매수,0.0,1132.7399433885341,1000000.0,1000000.0,15.880677325439748,0.0,0.0,1116.8592660630943,70328188.34962177,70328188.34962177
2006,QQQ,83,2012-11-30,58.5172004699707,1081.75,분할매수,0.0,1116.8592660630943,1000000.0,1000000.0,15.797543333316112,0.0,0.0,1101.0617227297782,69698287.86022079,69698287.86022079
2006,QQQ,84,2012-12-31,58.24393081665039,1063.24,분할매수,0.0,1101.0617227297782,1000000.0,1000000.0,16.147973048707648,0.0,0.0,1084.9137496810706,67185754.29923066,67185754.29923066
2006,QQQ,85,2013-01-31,59.799983978271484,1087.46,분할매수,0.0,1084.9137496810706,1000000.0,1000000.0,15.377496650043287,0.0,0.0,1069.5362530310274,69552039.41000478,69552039.41000478
2006,QQQ,86,2013-02-28,60.00564956665039,1083.9,분할매수,0.0,1069.5362530310274,1000000.0,1000000.0,15.375124541332118,0.0,0.0,1054.1611284896953,68562770.05469783,68562770.05469783
2006,QQQ,87,2013-03-31,61.82072067260742,1112.48,분할매수,0.0,1054.1611284896953,1000000.0,1000000.0,14.540311963056817,0.0,0.0,1039.6208165266385,71499209.86345044,71499209.86345044
2006,QQQ,88,2013-04-30,63.38927459716797,1101.52,분할매수,0.0,1039.6208165266385,1000000.0,1000000.0,14.321609609124232,0.0,0.0,1025.2992069175143,71591059.5876249,71591059.5876249
2006,QQQ,89,2013-05-31,65.65703582763672,1129.34,분할매수,0.0,1025.2992069175143,1000000.0,1000000.0,13.486337296996561,0.0,0.0,1011.8128696205177,75025030.6913094,75025030.6913094
2006,QQQ,90,2013-06-30,64.08438873291016,1141.45,분할매수,0.0,1011.8128696205177,1000000.0,1000000.0,13.670703414462443,0.0,0.0,998.1421662060553,73013226.60179327,73013226.60179327
2006,QQQ,91,2013-07-31,68.13067626953125,1122.66,분할매수,0.0,998.1421662060553,1000000.0,1000000.0,13.074017171919973,0.0,0.0,985.0681490341353,75345483.80048318,75345483.80048318
2006,QQQ,92,2013-08-31,67.86093139648438,1109.42,분할매수,0.0,985.0681490341353,1000000.0,1000000.0,13.282633607652684,0.0,0.0,971.7855154264827,73162111.07913089,73162111.07913089
2006,QQQ,93,2013-09-30,71.14009857177734,1073.33,분할매수,0.0,971.7855154264827,1000000.0,1000000.0,13.096410192760567,0.0,0.0,958.6891052337221,73202434.18793236,73202434.18793236
2006,QQQ,94,2013-10-31,74.66645050048828,1060.83,분할매수,0.0,958.6891052337221,1000000.0,1000000.0,12.62492191623449,0.0,0.0,946.0641833174876,74936240.36604424,74936240.36604424
2006,QQQ,95,2013-11-30,77.31796264648438,1057.76,분할매수,0.0,946.0641833174876,1000000.0,1000000.0,12.2273532291394,0.0,0.0,933.8368300883482,76372769.52651465,76372769.52651465
2006,QQQ,96,2013-12-31,79.58111572265625,1055.25,분할매수,0.0,933.8368300883482,1000000.0,1000000.0,11.907884553794045,0.0,0.0,921.9289455345541,77421723.51182331,77421723.51182331
2006,QQQ,97,2014-01-31,78.0521011352539,1080.36,분할매수,0.0,921.9289455345541,1000000.0,1000000.0,11.858968219100495,0.0,0.0,910.0699773154537,76741075.65695818,76741075.65695818
2006,QQQ,98,2014-02-28,82.0737075805664,1066.01,분할매수,0.0,910.0699773154537,1000000.0,1000000.0,11.429695716408668,0.0,0.0,898.640281599045,78623290.05915193,78623290.05915193
2006,QQQ,99,2014-03-31,79.83014678955078,1064.65,분할매수,0.0,898.640281599045,1000000.0,1000000.0,11.765928738928505,0.0,0.0,886.8743528601165,75376485.14951673,75376485.14951673
2006,QQQ,100,2014-04-30,79.57516479492188,1032.85,분할매수,0.0,886.8743528601165,1000000.0,1000000.0,12.167047385815852,0.0,0.0,874.7073054743006,71891501.50709698,71891501.50709698
2006,QQQ,101,2014-05-31,83.14461517333984,1020.3,분할매수,0.0,874.7073054743006,1000000.0,1000000.0,11.787941876562028,0.0,0.0,862.9193635977385,73203564.50972003,73203564.50972003
2006,QQQ,102,2014-06-30,85.7419204711914,1011.6,분할매수,0.0,862.9193635977385,1000000.0,1000000.0,11.529168131181608,0.0,0.0,851.390195466557,73846628.46262953,73846628.46262953
2006,QQQ,103,2014-07-31,86.75538635253906,1027.75,분할매수,0.0,851.390195466557,1000000.0,1000000.0,11.215433544341199,0.0,0.0,840.1747619222158,74912374.8627738,74912374.8627738
2006,QQQ,104,2014-08-31,91.10139465332031,1013.85,분할매수,0.0,840.1747619222158,1000000.0,1000000.0,10.826828785717574,0.0,0.0,829.3479331364982,76601186.69564156,76601186.69564156
2006,QQQ,105,2014-09-30,90.41205596923828,1054.55,분할매수,0.0,829.3479331364982,1000000.0,1000000.0,10.488333270656577,0.0,0.0,818.8595998658417,78073377.22160125,78073377.22160125
2006,QQQ,106,2014-10-31,92.80071258544922,1073.07,분할매수,0.0,818.8595998658417,1000000.0,1000000.0,10.042009677603716,0.0,0.0,808.817590188238,80543398.79716614,80543398.79716614
2006,QQQ,107,2014-11-30,97.01976776123047,1112.06,분할매수,0.0,808.817590188238,1000000.0,1000000.0,9.268544715932244,0.0,0.0,799.5490454723058,86264788.05220783,86264788.05220783
2006,QQQ,108,2014-12-31,94.84590911865234,1090.89,분할매수,0.0,799.5490454723058,1000000.0,1000000.0,9.66496833793112,0.0,0.0,789.8840771343747,81726504.37295246,81726504.37295246
2006,QQQ,109,2015-01-31,92.87093353271484,1104.3,분할매수,0.0,789.8840771343747,1000000.0,1000000.0,9.750639875730613,0.0,0.0,780.1334372586441,80008435.05669816,80008435.05669816
2006,QQQ,110,2015-02-28,99.5767593383789,1100.65,분할매수,0.0,780.1334372586441,1000000.0,1000000.0,9.124157507113518,0.0,0.0,771.0092797515306,84501969.54079588,84501969.54079588
2006,QQQ,111,2015-03-31,97.22775268554688,1107.71,분할매수,0.0,771.0092797515306,1000000.0,1000000.0,9.285037797392155,0.0,0.0,761.7242419541384,82037818.10862204,82037818.10862204
2006,QQQ,112,2015-04-30,99.0967788696289,1076.74,분할매수,0.0,761.7242419541384,1000000.0,1000000.0,9.371942490445559,0.0,0.0,752.3522994636928,80277093.06055768,80277093.06055768
2006,QQQ,113,2015-05-31,101.32494354248047,1111.99,분할매수,0.0,752.3522994636928,1000000.0,1000000.0,8.875293992054415,0.0,0.0,743.4770054716384,83769282.02459934,83769282.02459934
2006,QQQ,114,2015-06-30,98.80792236328125,1117.34,분할매수,0.0,743.4770054716384,1000000.0,1000000.0,9.05780331604223,0.0,0.0,734.4192021555962,81081381.05128315,81081381.05128315
2006,QQQ,115,2015-07-31,103.31134796142578,1159.7,분할매수,0.0,734.4192021555962,1000000.0,1000000.0,8.346536843016521,0.0,0.0,726.0726653125796,86990889.63107838,86990889.63107838
2006,QQQ,116,2015-08-31,96.26091003417969,1182.54,분할매수,0.0,726.0726653125796,1000000.0,1000000.0,8.784846897620374,0.0,0.0,717.2878184149592,81650577.0418443,81650577.0418443
2006,QQQ,117,2015-09-30,94.13615417480469,1184.62,분할매수,0.0,717.2878184149592,1000000.0,1000000.0,8.967357575307874,0.0,0.0,708.3204608396513,78988760.61216201,78988760.61216201
2006,QQQ,118,2015-10-31,104.83930969238281,1140.5,분할매수,0.0,708.3204608396513,1000000.0,1000000.0,8.363355500274835,0.0,0.0,699.9571053393765,83693334.01125596,83693334.01125596
2006,QQQ,119,2015-11-30,105.47760009765625,1149.39,분할매수,0.0,699.9571053393765,1000000.0,1000000.0,8.248449993311175,0.0,0.0,691.7086553460654,83859228.81353286,83859228.81353286
2006,QQQ,120,2015-12-31,103.79547882080078,1169.26,분할매수,0.0,691.7086553460654,1000000.0,1000000.0,8.239682369276029,0.0,0.0,683.4689729767894,82948461.15977669,82948461.15977669
2006,SPY,0,2005-12-31,85.49710083007812,1010.0,분할매수,100000000.0,0.0,0.0,0.0,0.0,8333333.333333333,91666666.66666667,96.50415046127023,8333333.333333333,100000000.0
2006,SPY,1,2006-01-31,87.55024719238281,958.9,분할매수,91666666.66666667,96.50415046127023,1000000.0,1000000.0,0.0,8333333.333333333,82333333.33333334,195.76730178552918,16435043.213738669,98768376.54707201
2006,SPY,2,2006-02-28,88.051513671875,970.9,분할매수,82333333.33333334,195.76730178552918,1000000.0,1000000.0,0.0,8333333.333333333,73000000.00000001,293.245485085994,25069326.212042406,98069326.21204242
2006,SPY,3,2006-03-31,89.50471496582031,971.4,분할매수,73000000.00000001,293.245485085994,1000000.0,1000000.0,0.0,8333333.333333333,63666666.66666668,389.0916501740689,33829526.87922056,97496193.54588723
2006,SPY,4,2006-04-30,90.63532257080078,942.8,분할매수,63666666.66666668,389.0916501740689,1000000.0,1000000.0,0.0,8333333.333333333,54333333.33333334,486.61344719279714,41581596.97530209,95914930.30863544
2006,SPY,5,2006-05-31,87.90531921386719,945.3,분할매수,54333333.33333334,486.61344719279714,1000000.0,1000000.0,0.0,8333333.333333333,45000000.00000001,586.8979765620466,48769401.44319087,93769401.44319087
2006,SPY,6,2006-06-30,88.13458251953125,948.5,분할매수,45000000.00000001,586.8979765620466,1000000.0,1000000.0,0.0,8333333.333333333,35666666.66666667,686.5841825049717,57395452.059675485,93062118.72634216
2006,SPY,7,2006-07-31,88.52926635742188,954.9,분할매수,35666666.66666667,686.5841825049717,1000000.0,1000000.0,0.0,8333333.333333333,26333333.33333334,785.1608189417652,66374823.295071855,92708156.6284052
2006,SPY,8,2006-08-31,90.46121978759766,961.1,분할매수,26333333.33333334,785.1608189417652,1000000.0,1000000.0,0.0,8333333.333333333,17000000.000000007,881.0098522618925,76597003.79375046,93597003.79375046
2006,SPY,9,2006-09-30,92.90377807617188,946.0,분할매수,17000000.000000007,881.0098522618925,1000000.0,1000000.0,0.0,8333333.333333333,7666666.666666674,975.8286058082218,85762623.36573035,93429290.03239702
2006,SPY,10,2006-10-31,95.831787109375,942.2,분할매수,7666666.666666674,975.8286058082218,1000000.0,1000000.0,0.0,6666666.666666674,0.0,1049.6625474449977,94776875.79955082,94776875.79955082
2006,SPY,11,2006-11-30,97.73748016357422,929.0,분할매수,0.0,1049.6625474449977,1000000.0,1000000.0,11.013444003255922,0.0,0.0,1038.6491034417418,94307384.96828824,94307384.96828824
2006,SPY,12,2006-12-31,99.04432678222656,930.0,분할매수,0.0,1038.6491034417418,1000000.0,1000000.0,10.856440264050109,0.0,0.0,1027.7926631776916,94671240.12841596,94671240.12841596
2006,SPY,13,2007-01-31,100.53398895263672,941.0,분할매수,0.0,1027.7926631776916,1000000.0,1000000.0,10.570547007850017,0.0,0.0,1017.2221161698416,96231738.5670222,96231738.5670222
2006,SPY,14,2007-02-28,98.5617904663086,942.3,분할매수,0.0,1017.2221161698416,1000000.0,1000000.0,10.767186228079522,0.0,0.0,1006.4549299417621,93474275.32339408,93474275.32339408
2006,SPY,15,2007-03-31,99.70401000976562,941.1,분할매수,0.0,1006.4549299417621,1000000.0,1000000.0,10.65740821292598,0.0,0.0,995.7975217288362,93437119.21638414,93437119.21638414
2006,SPY,16,2007-04-30,104.12042236328125,931.0,분할매수,0.0,995.7975217288362,1000000.0,1000000.0,10.316072790418652,0.0,0.0,985.4814489384175,95528741.31071581,95528741.31071581
2006,SPY,17,2007-05-31,107.65221405029297,927.4,분할매수,0.0,985.4814489384175,1000000.0,1000000.0,10.016360391497734,0.0,0.0,975.4650885469198,97387179.61615394,97387179.61615394
2006,SPY,18,2007-06-30,106.0783462524414,922.6,분할매수,0.0,975.4650885469198,1000000.0,1000000.0,10.217856736901348,0.0,0.0,965.2472318100184,94466702.42733683,94466702.42733683
2006,SPY,19,2007-07-31,102.7569351196289,919.0,분할매수,0.0,965.2472318100184,1000000.0,1000000.0,10.58944859109772,0.0,0.0,954.6577832189207,90151793.55244969,90151793.55244969
2006,SPY,20,2007-08-31,104.07559967041016,938.1,분할매수,0.0,954.6577832189207,1000000.0,1000000.0,10.242404944127324,0.0,0.0,944.4153782747934,92206408.88801137,92206408.88801137
2006,SPY,21,2007-09-30,108.10482788085938,913.6,분할매수,0.0,944.4153782747934,1000000.0,1000000.0,10.125088302276902,0.0,0.0,934.2902899725165,92274779.4468534,92274779.4468534
2006,SPY,22,2007-10-31,109.57144927978516,903.2,분할매수,0.0,934.2902899725165,1000000.0,1000000.0,10.104589270080933,0.0,0.0,924.1857007024355,91461975.93987244,91461975.93987244
2006,SPY,23,2007-11-30,105.32744598388672,920.9,분할매수,0.0,924.1857007024355,1000000.0,1000000.0,10.309698709182989,0.0,0.0,913.8760019932525,88642357.8197538,88642357.8197538
2006,SPY,24,2007-12-31,104.14138793945312,935.8,분할매수,0.0,913.8760019932525,1000000.0,1000000.0,10.261092384052112,0.0,0.0,903.6149096092005,88062252.61294864,88062252.61294864
2006,SPY,25,2008-01-31,97.8448715209961,943.4,분할매수,0.0,903.6149096092005,1000000.0,1000000.0,10.833431977980576,0.0,0.0,892.7814776312199,82409847.53915817,82409847.53915817
2006,SPY,26,2008-02-29,95.31637573242188,942.8,분할매수,0.0,892.7814776312199,1000000.0,1000000.0,11.127892091016678,0.0,0.0,881.6535855402033,79229163.82806626,79229163.82806626
2006,SPY,27,2008-03-31,94.4639663696289,988.6,분할매수,0.0,881.6535855402033,1000000.0,1000000.0,10.70811969370768,0.0,0.0,870.9454658464956,81335051.41507539,81335051.41507539
2006,SPY,28,2008-04-30,98.96636962890625,1005.0,분할매수,0.0,870.9454658464956,1000000.0,1000000.0,10.054171728769388,0.0,0.0,860.8912941177263,85625282.45408215,85625282.45408215
2006,SPY,29,2008-05-31,100.46235656738281,1028.5,분할매수,0.0,860.8912941177263,1000000.0,1000000.0,9.678149861944332,0.0,0.0,851.2131442557819,87952052.44783986,87952052.44783986
2006,SPY,30,2008-06-30,92.06616973876953,1046.8,분할매수,0.0,851.2131442557819,1000000.0,1000000.0,10.376149264820269,0.0,0.0,840.8369949909617,81035553.12583739,81035553.12583739
2006,SPY,31,2008-07-31,91.23886108398438,1011.5,분할매수,0.0,840.8369949909617,1000000.0,1000000.0,10.835632258782688,0.0,0.0,830.001362732179,76599255.39272816,76599255.39272816
2006,SPY,32,2008-08-31,92.64885711669922,1089.0,분할매수,0.0,830.001362732179,1000000.0,1000000.0,9.911332682601017,0.0,0.0,820.090030049578,82742659.9743964,82742659.9743964
2006,SPY,33,2008-09-30,83.92376708984375,1206.3,분할매수,0.0,820.090030049578,1000000.0,1000000.0,9.877788031603828,0.0,0.0,810.2122420179742,82023651.39095037,82023651.39095037
2006,SPY,34,2008-10-31,70.06068420410156,1277.5,분할매수,0.0,810.2122420179742,1000000.0,1000000.0,11.172869261314172,0.0,0.0,799.03937275666,71516040.69362174,71516040.69362174
2006,SPY,35,2008-11-30,65.18400573730469,1468.0,분할매수,0.0,799.03937275666,1000000.0,1000000.0,10.450399639859736,0.0,0.0,788.5889731168003,75460173.80129442,75460173.80129442
2006,SPY,36,2008-12-31,65.82254791259766,1262.0,분할매수,0.0,788.5889731168003,1000000.0,1000000.0,12.038322004695724,0.0,0.0,776.5506511121046,64506552.55850439,64506552.55850439
2006,SPY,37,2009-01-31,60.41757583618164,1380.0,분할매수,0.0,776.5506511121046,1000000.0,1000000.0,11.993822511585513,0.0,0.0,764.556828600519,63745884.83879849,63745884.83879849
2006,SPY,38,2009-02-28,53.92576599121094,1532.8,분할매수,0.0,764.556828600519,1000000.0,1000000.0,12.098128289534174,0.0,0.0,752.4587003109848,62196290.39327682,62196290.39327682
2006,SPY,39,2009-03-31,58.41838455200195,1372.3,분할매수,0.0,752.4587003109848,1000000.0,1000000.0,12.47387516480328,0.0,0.0,739.9848251461815,59322769.81848819,59322769.81848819
2006,SPY,40,2009-04-30,64.22201538085938,1277.0,분할매수,0.0,739.9848251461815,1000000.0,1000000.0,12.193409871363622,0.0,0.0,727.7914152748178,59687275.58187354,59687275.58187354
2006,SPY,41,2009-05-31,67.97601318359375,1249.0,분할매수,0.0,727.7914152748178,1000000.0,1000000.0,11.778279938947131,0.0,0.0,716.0131353358707,60790976.190694585,60790976.190694585
2006,SPY,42,2009-06-30,67.9314956665039,1273.5,분할매수,0.0,716.0131353358707,1000000.0,1000000.0,11.559255786286656,0.0,0.0,704.4538795495841,60942840.3154911,60942840.3154911
2006,SPY,43,2009-07-31,72.99956512451172,1222.2,분할매수,0.0,704.4538795495841,1000000.0,1000000.0,11.208240666773793,0.0,0.0,693.2456388828103,61851423.38510793,61851423.38510793
2006,SPY,44,2009-08-31,75.69611358642578,1248.0,분할매수,0.0,693.2456388828103,1000000.0,1000000.0,10.585511109063614,0.0,0.0,682.6601277737467,64490048.77896106,64490048.77896106
2006,SPY,45,2009-09-30,78.380126953125,1175.0,분할매수,0.0,682.6601277737467,1000000.0,1000000.0,10.858158347921664,0.0,0.0,671.8019694258251,61870710.289872795,61870710.289872795
2006,SPY,46,2009-10-31,76.87322998046875,1182.0,분할매수,0.0,671.8019694258251,1000000.0,1000000.0,11.00543959032595,0.0,0.0,660.7965298354991,60042720.185057886,60042720.185057886
2006,SPY,47,2009-11-30,81.60918426513672,1164.4,분할매수,0.0,660.7965298354991,1000000.0,1000000.0,10.523465131391358,0.0,0.0,650.2730647041077,61792675.37689194,61792675.37689194
2006,SPY,48,2009-12-31,83.16798400878906,1163.65,분할매수,0.0,650.2730647041077,1000000.0,1000000.0,10.332881571668471,0.0,0.0,639.9401831324392,61932402.756562985,61932402.756562985
2006,SPY,49,2010-01-31,80.14543914794922,1158.7,분할매수,0.0,639.9401831324392,1000000.0,1000000.0,10.768375223722739,0.0,0.0,629.1718079087165,58427738.15335209,58427738.15335209
2006,SPY,50,2010-02-28,82.64555358886719,1159.0,분할매수,0.0,629.1718079087165,1000000.0,1000000.0,10.439917601873455,0.0,0.0,618.731890306843,59265974.49349704,59265974.49349704
2006,SPY,51,2010-03-31,87.6769790649414,1131.2,분할매수,0.0,618.731890306843,1000000.0,1000000.0,10.082657757529512,0.0,0.0,608.6492325493134,60365951.833958395,60365951.833958395
2006,SPY,52,2010-04-30,89.03337097167969,1108.0,분할매수,0.0,608.6492325493134,1000000.0,1000000.0,10.136952762345212,0.0,0.0,598.5122797869682,59042622.947815806,59042622.947815806
2006,SPY,53,2010-05-31,81.95924377441406,1194.5,분할매수,0.0,598.5122797869682,1000000.0,1000000.0,10.21447155458571,0.0,0.0,588.2978082323825,57594541.7331228,57594541.7331228
2006,SPY,54,2010-06-30,77.71862030029297,1220.85,분할매수,0.0,588.2978082323825,1000000.0,1000000.0,10.53932046849478,0.0,0.0,577.7584877638877,54819330.09732295,54819330.09732295
2006,SPY,55,2010-07-31,83.0268325805664,1182.0,분할매수,0.0,577.7584877638877,1000000.0,1000000.0,10.189762301751426,0.0,0.0,567.5687254621363,55699898.452447906,55699898.452447906
2006,SPY,56,2010-08-31,79.29222106933594,1198.0,분할매수,0.0,567.5687254621363,1000000.0,1000000.0,10.527193331759362,0.0,0.0,557.0415321303769,52914534.25195917,52914534.25195917
2006,SPY,57,2010-09-30,86.39324188232422,1140.1,분할매수,0.0,557.0415321303769,1000000.0,1000000.0,10.152600172674752,0.0,0.0,546.8889319577022,53866883.62156013,53866883.62156013
2006,SPY,58,2010-10-31,89.69363403320312,1124.0,분할매수,0.0,546.8889319577022,1000000.0,1000000.0,9.919095428479864,0.0,0.0,536.9698365292223,54134960.22908157,54134960.22908157
2006,SPY,59,2010-11-30,89.69363403320312,1157.2,분할매수,0.0,536.9698365292223,1000000.0,1000000.0,9.63451716350792,0.0,0.0,527.3353193657144,54733964.39243168,54733964.39243168
2006,SPY,60,2010-12-31,95.68986511230469,1130.6,분할매수,0.0,527.3353193657144,1000000.0,1000000.0,9.243258024556267,0.0,0.0,518.0920613411582,56050805.89168447,56050805.89168447
2006,SPY,61,2011-01-31,97.9194564819336,1119.1,분할매수,0.0,518.0920613411582,1000000.0,1000000.0,9.125614320760368,0.0,0.0,508.9664470203979,55773390.05687779,55773390.05687779
2006,SPY,62,2011-02-28,101.3209228515625,1123.7,분할매수,0.0,508.9664470203979,1000000.0,1000000.0,8.783153692753505,0.0,0.0,500.1832933276444,56948029.2415147,56948029.2415147
2006,SPY,63,2011-03-31,101.33309173583984,1097.25,분할매수,0.0,500.1832933276444,1000000.0,1000000.0,8.9937977496805,0.0,0.0,491.1894955779639,54614247.42349951,54614247.42349951
2006,SPY,64,2011-04-30,104.26785278320312,1068.4,분할매수,0.0,491.1894955779639,1000000.0,1000000.0,8.976678900406174,0.0,0.0,482.2128166775577,53718398.75610775,53718398.75610775
2006,SPY,65,2011-05-31,103.09854125976562,1078.0,분할매수,0.0,482.2128166775577,1000000.0,1000000.0,8.997642192136976,0.0,0.0,473.21517448542073,52593242.13836406,52593242.13836406
2006,SPY,66,2011-06-30,101.35928344726562,1066.3,분할매수,0.0,473.21517448542073,1000000.0,1000000.0,9.252456652673798,0.0,0.0,463.96271783274693,50144813.99366187,50144813.99366187
2006,SPY,67,2011-07-31,99.33163452148438,1054.0,분할매수,0.0,463.96271783274693,1000000.0,1000000.0,9.551504996229088,0.0,0.0,454.41121283651785,47574828.575802274,47574828.575802274
2006,SPY,68,2011-08-31,93.87081909179688,1063.9,분할매수,0.0,454.41121283651785,1000000.0,1000000.0,10.013100697195348,0.0,0.0,444.3981121393225,44381668.13440692,44381668.13440692
2006,SPY,69,2011-09-30,87.3542251586914,1180.9,분할매수,0.0,444.3981121393225,1000000.0,1000000.0,9.693998798670444,0.0,0.0,434.70411334065204,44842600.29001374,44842600.29001374
2006,SPY,70,2011-10-31,96.88873291015625,1112.05,분할매수,0.0,434.70411334065204,1000000.0,1000000.0,9.281163196899241,0.0,0.0,425.4229501437528,45837244.87097512,45837244.87097512
2006,SPY,71,2011-11-30,96.49495697021484,1140.05,분할매수,0.0,425.4229501437528,1000000.0,1000000.0,9.090159095441884,0.0,0.0,416.3327910483109,45800385.52428355,45800385.52428355
2006,SPY,72,2011-12-31,97.50320434570312,1158.5,분할매수,0.0,416.3327910483109,1000000.0,1000000.0,8.852890107640903,0.0,0.0,407.47990094067,46027895.52182233,46027895.52182233
2006,SPY,73,2012-01-31,102.02483367919922,1125.7,분할매수,0.0,407.47990094067,1000000.0,1000000.0,8.70705802070727,0.0,0.0,398.7728429199627,45798803.90960924,45798803.90960924
2006,SPY,74,2012-02-29,106.45328521728516,1117.1,분할매수,0.0,398.7728429199627,1000000.0,1000000.0,8.409087656493107,0.0,0.0,390.3637552634696,46421653.71674404,46421653.71674404
2006,SPY,75,2012-03-31,109.87721252441406,1131.4,분할매수,0.0,390.3637552634696,1000000.0,1000000.0,8.0440765036402,0.0,0.0,382.3196787598294,47528100.78158973,47528100.78158973
2006,SPY,76,2012-04-30,109.14369201660156,1130.05,분할매수,0.0,382.3196787598294,1000000.0,1000000.0,8.10781255664475,0.0,0.0,374.2118662031846,46154479.22467073,46154479.22467073
2006,SPY,77,2012-05-31,102.58901977539062,1180.0,분할매수,0.0,374.2118662031846,1000000.0,1000000.0,8.260704985524532,0.0,0.0,365.9511612176601,44300233.67968313,44300233.67968313
2006,SPY,78,2012-06-30,106.75215911865234,1141.17,분할매수,0.0,365.9511612176601,1000000.0,1000000.0,8.208673582845748,0.0,0.0,357.7424876348144,43581034.624450706,43581034.624450706
2006,SPY,79,2012-07-31,108.01504516601562,1130.27,분할매수,0.0,357.7424876348144,1000000.0,1000000.0,8.190936288174882,0.0,0.0,349.5515513466395,42675408.40859442,42675408.40859442
2006,SPY,80,2012-08-31,110.72108459472656,1133.2,분할매수,0.0,349.5515513466395,1000000.0,1000000.0,7.970087746600781,0.0,0.0,341.5814636000387,42857930.108200155,42857930.108200155
2006,SPY,81,2012-09-30,113.5279769897461,1111.21,분할매수,0.0,341.5814636000387,1000000.0,1000000.0,7.926855837566337,0.0,0.0,333.6546077624724,42091670.97265003,42091670.97265003
2006,SPY,82,2012-10-31,111.46190643310547,1090.17,분할매수,0.0,333.6546077624724,1000000.0,1000000.0,8.229610983056652,0.0,0.0,325.4249967794157,39543181.014194906,39543181.014194906
2006,SPY,83,2012-11-30,112.09275817871094,1081.75,분할매수,0.0,325.4249967794157,1000000.0,1000000.0,8.24699137739907,0.0,0.0,317.17800540201665,38459844.43141834,38459844.43141834
2006,SPY,84,2012-12-31,113.09429168701172,1063.24,분할매수,0.0,317.17800540201665,1000000.0,1000000.0,8.31625903525666,0.0,0.0,308.86174636676,37139505.2820439,37139505.2820439
2006,SPY,85,2013-01-31,118.88359069824219,1087.46,분할매수,0.0,308.86174636676,1000000.0,1000000.0,7.735079735542585,0.0,0.0,301.1266666312174,38930001.61944608,38930001.61944608
2006,SPY,86,2013-02-28,120.40040588378906,1083.9,분할매수,0.0,301.1266666312174,1000000.0,1000000.0,7.6627178164272385,0.0,0.0,293.4639488147902,38297632.229868345,38297632.229868345
2006,SPY,87,2013-03-31,124.97216033935547,1112.48,분할매수,0.0,293.4639488147902,1000000.0,1000000.0,7.192742462959839,0.0,0.0,286.27120635183036,39800007.830953084,39800007.830953084
2006,SPY,88,2013-04-30,127.37313842773438,1101.52,분할매수,0.0,286.27120635183036,1000000.0,1000000.0,7.127377525531254,0.0,0.0,279.1438288262991,39165012.3522105,39165012.3522105
2006,SPY,89,2013-05-31,130.38040161132812,1129.34,분할매수,0.0,279.1438288262991,1000000.0,1000000.0,6.7914573060769134,0.0,0.0,272.3523715202222,40102198.87218089,40102198.87218089
2006,SPY,90,2013-06-30,128.64056396484375,1141.45,분할매수,0.0,272.3523715202222,1000000.0,1000000.0,6.810283201993404,0.0,0.0,265.5420883182288,38991343.009128205,38991343.009128205
2006,SPY,91,2013-07-31,135.288330078125,1122.66,분할매수,0.0,265.5420883182288,1000000.0,1000000.0,6.584024142865798,0.0,0.0,258.958064175363,39331275.00086103,39331275.00086103
2006,SPY,92,2013-08-31,131.23062133789062,1109.42,분할매수,0.0,258.958064175363,1000000.0,1000000.0,6.868609466480524,0.0,0.0,252.08945470888247,36701672.4329871,36701672.4329871
2006,SPY,93,2013-09-30,135.38365173339844,1073.33,분할매수,0.0,252.08945470888247,1000000.0,1000000.0,6.8817756067335845,0.0,0.0,245.2076791021489,35631455.1817443,35631455.1817443
2006,SPY,94,2013-10-31,141.65283203125,1060.83,분할매수,0.0,245.2076791021489,1000000.0,1000000.0,6.654707101959618,0.0,0.0,238.55297200018927,35847253.43207703,35847253.43207703
2006,SPY,95,2013-11-30,145.85108947753906,1057.76,분할매수,0.0,238.55297200018927,1000000.0,1000000.0,6.481912775711972,0.0,0.0,232.0710592244773,35802866.723856315,35802866.723856315
2006,SPY,96,2013-12-31,149.6324920654297,1055.25,분할매수,0.0,232.0710592244773,1000000.0,1000000.0,6.333134773115586,0.0,0.0,225.73792445136172,35643947.6717957,35643947.6717957
2006,SPY,97,2014-01-31,144.3582305908203,1080.36,분할매수,0.0,225.73792445136172,1000000.0,1000000.0,6.411947438041357,0.0,0.0,219.32597701332037,34205828.90497265,34205828.90497265
2006,SPY,98,2014-02-28,150.92877197265625,1066.01,분할매수,0.0,219.32597701332037,1000000.0,1000000.0,6.215365643691375,0.0,0.0,213.110611369629,34287703.02290055,34287703.02290055
2006,SPY,99,2014-03-31,152.1807861328125,1064.65,분할매수,0.0,213.110611369629,1000000.0,1000000.0,6.172105179719101,0.0,0.0,206.9385061899099,33528026.526490256,33528026.526490256
2006,SPY,100,2014-04-30,153.23870849609375,1032.85,분할매수,0.0,206.9385061899099,1000000.0,1000000.0,6.318213004376766,0.0,0.0,200.62029318553314,31752695.429318234,31752695.429318234
2006,SPY,101,2014-05-31,156.79478454589844,1020.3,분할매수,0.0,200.62029318553314,1000000.0,1000000.0,6.250870485590305,0.0,0.0,194.36942269994285,31094776.82316553,31094776.82316553
2006,SPY,102,2014-06-30,160.03182983398438,1011.6,분할매수,0.0,194.36942269994285,1000000.0,1000000.0,6.177102505346989,0.0,0.0,188.19232019459585,30466115.79323702,30466115.79323702
2006,SPY,103,2014-07-31,157.88136291503906,1027.75,분할매수,0.0,188.19232019459585,1000000.0,1000000.0,6.162850714521314,0.0,0.0,182.02946948007454,29536569.66753466,29536569.66753466
2006,SPY,104,2014-08-31,164.11192321777344,1013.85,분할매수,0.0,182.02946948007454,1000000.0,1000000.0,6.010161740306534,0.0,0.0,176.019307739768,29286950.22619983,29286950.22619983
2006,SPY,105,2014-09-30,161.8478240966797,1054.55,분할매수,0.0,176.019307739768,1000000.0,1000000.0,5.85903319975545,0.0,0.0,170.16027454001255,29042381.010422483,29042381.010422483
2006,SPY,106,2014-10-31,165.65948486328125,1073.07,분할매수,0.0,170.16027454001255,1000000.0,1000000.0,5.625428900981454,0.0,0.0,164.5348456390311,29248409.060920693,29248409.060920693
2006,SPY,107,2014-11-30,170.2104949951172,1112.06,분할매수,0.0,164.5348456390311,1000000.0,1000000.0,5.283058814029783,0.0,0.0,159.25178682500132,30143860.295874335,30143860.295874335
2006,SPY,108,2014-12-31,169.77871704101562,1090.89,분할매수,0.0,159.25178682500132,1000000.0,1000000.0,5.399279277111115,0.0,0.0,153.8525075478902,28495008.250473205,28495008.250473205
2006,SPY,109,2015-01-31,164.748291015625,1104.3,분할매수,0.0,153.8525075478902,1000000.0,1000000.0,5.49657311901665,0.0,0.0,148.35593442887355,26990623.28773583,26990623.28773583
2006,SPY,110,2015-02-28,174.0078887939453,1100.65,분할매수,0.0,148.35593442887355,1000000.0,1000000.0,5.221338196495144,0.0,0.0,143.1345962323784,27413393.050934415,27413393.050934415
2006,SPY,111,2015-03-31,171.27499389648438,1107.71,분할매수,0.0,143.1345962323784,1000000.0,1000000.0,5.270841575311419,0.0,0.0,137.863754657067,26155928.36309476,26155928.36309476
2006,SPY,112,2015-04-30,172.9592742919922,1076.74,분할매수,0.0,137.863754657067,1000000.0,1000000.0,5.369641589653466,0.0,0.0,132.49411306741354,24674666.056429315,24674666.056429315
2006,SPY,113,2015-05-31,175.18284606933594,1111.99,분할매수,0.0,132.49411306741354,1000000.0,1000000.0,5.1334287736819775,0.0,0.0,127.36068429373157,24810061.638856925,24810061.638856925
2006,SPY,114,2015-06-30,171.6245574951172,1117.34,분할매수,0.0,127.36068429373157,1000000.0,1000000.0,5.214770775789676,0.0,0.0,122.14591351794189,23423064.746205505,23423064.746205505
2006,SPY,115,2015-07-31,175.50144958496094,1159.7,분할매수,0.0,122.14591351794189,1000000.0,1000000.0,4.913303987522343,0.0,0.0,117.23260953041955,23860239.429137588,23860239.429137588
2006,SPY,116,2015-08-31,164.80459594726562,1182.54,분할매수,0.0,117.23260953041955,1000000.0,1000000.0,5.13115154353138,0.0,0.0,112.10145798688818,21847231.95872272,21847231.95872272
2006,SPY,117,2015-09-30,160.5994110107422,1184.62,분할매수,0.0,112.10145798688818,1000000.0,1000000.0,5.256261837680844,0.0,0.0,106.84519614920734,20327221.026787613,20327221.026787613
2006,SPY,118,2015-10-31,174.25997924804688,1140.5,분할매수,0.0,106.84519614920734,1000000.0,1000000.0,5.031610936397113,0.0,0.0,101.81358521281022,20234788.91746624,20234788.91746624
2006,SPY,119,2015-11-30,174.8968963623047,1149.39,분할매수,0.0,101.81358521281022,1000000.0,1000000.0,4.974512000588635,0.0,0.0,96.83907321222159,19467049.873588122,19467049.873588122
2006,SPY,120,2015-12-31,171.87423706054688,1169.26,분할매수,0.0,96.83907321222159,1000000.0,1000000.0,4.975974244173872,0.0,0.0,91.86309896804772,18461329.271469966,18461329.271469966
2006,SOXX,0,2005-12-31,16.697696685791016,1010.0,분할매수,100000000.0,0.0,0.0,0.0,0.0,8333333.333333333,91666666.66666667,494.1295340170677,8333333.333333333,100000000.0
2006,SOXX,1,2006-01-31,18.193012237548828,958.9,분할매수,91666666.66666667,494.1295340170677,1000000.0,1000000.0,0.0,8333333.333333333,82333333.33333334,971.8136757117175,16953561.131142635,99286894.46447597
2006,SOXX,2,2006-02-28,17.79042625427246,970.9,분할매수,82333333.33333334,971.8136757117175,1000000.0,1000000.0,0.0,8333333.333333333,73000000.00000001,1454.269883725797,25119203.55963439,98119203.5596344
2006,SOXX,3,2006-03-31,17.853412628173828,971.4,분할매수,73000000.00000001,1454.269883725797,1000000.0,1000000.0,0.0,8333333.333333333,63666666.66666668,1934.7765445777054,33554452.38343951,97221119.0501062
2006,SOXX,4,2006-04-30,18.272436141967773,942.8,분할매수,63666666.66666668,1934.7765445777054,1000000.0,1000000.0,0.0,8333333.333333333,54333333.33333334,2418.5062159692247,41664217.967927486,95997551.30126083
2006,SOXX,5,2006-05-31,16.54158592224121,945.3,분할매수,54333333.33333334,2418.5062159692247,1000000.0,1000000.0,0.0,8333333.333333333,45000000.00000001,2951.4384032369067,46150937.42615408,91150937.42615408
2006,SOXX,6,2006-06-30,15.880809783935547,948.5,분할매수,45000000.00000001,2951.4384032369067,1000000.0,1000000.0,0.0,8333333.333333333,35666666.66666667,3504.672291386812,52790696.76279451,88457363.42946118
2006,SOXX,7,2006-07-31,15.198433876037598,954.9,분할매수,35666666.66666667,3504.672291386812,1000000.0,1000000.0,0.0,8333333.333333333,26333333.33333334,4078.8707499194907,59196588.00464713,85529921.33798046
2006,SOXX,8,2006-08-31,16.5659122467041,961.1,분할매수,26333333.33333334,4078.8707499194907,1000000.0,1000000.0,0.0,8333333.333333333,17000000.000000007,4602.272077928208,73275066.88219489,90275066.8821949
2006,SOXX,9,2006-09-30,16.861833572387695,946.0,분할매수,17000000.000000007,4602.272077928208,1000000.0,1000000.0,0.0,8333333.333333333,7666666.666666674,5124.695715850524,81745530.89123057,89412197.55789724
2006,SOXX,10,2006-10-31,16.697277069091797,942.2,분할매수,7666666.666666674,5124.695715850524,1000000.0,1000000.0,0.0,6666666.666666674,0.0,5548.455742536503,87289273.69464712,87289273.69464712
2006,SOXX,11,2006-11-30,17.24580192565918,929.0,분할매수,0.0,5548.455742536503,1000000.0,1000000.0,62.41671274209055,0.0,0.0,5486.039029794412,87893751.34930673,87893751.34930673
2006,SOXX,12,2006-12-31,16.73563575744629,930.0,분할매수,0.0,5486.039029794412,1000000.0,1000000.0,64.25025214389451,0.0,0.0,5421.788777650518,84385486.38700917,84385486.38700917
2006,SOXX,13,2007-01-31,16.680774688720703,941.0,분할매수,0.0,5421.788777650518,1000000.0,1000000.0,63.70802771103326,0.0,0.0,5358.080749939484,84103698.42624317,84103698.42624317
2006,SOXX,14,2007-02-28,16.97429084777832,942.3,분할매수,0.0,5358.080749939484,1000000.0,1000000.0,62.520028815377394,0.0,0.0,5295.560721124107,84701827.901615,84701827.901615
2006,SOXX,15,2007-03-31,16.558300018310547,941.1,분할매수,0.0,5295.560721124107,1000000.0,1000000.0,64.17242917236055,0.0,0.0,5231.388291951746,81520808.22592479,81520808.22592479
2006,SOXX,16,2007-04-30,17.566083908081055,931.0,분할매수,0.0,5231.388291951746,1000000.0,1000000.0,61.14702979271383,0.0,0.0,5170.241262159033,84554250.29941697,84554250.29941697
2006,SOXX,17,2007-05-31,17.714351654052734,927.4,분할매수,0.0,5170.241262159033,1000000.0,1000000.0,60.87060898013154,0.0,0.0,5109.370653178901,83938221.3975652,83938221.3975652
2006,SOXX,18,2007-06-30,18.101930618286133,922.6,분할매수,0.0,5109.370653178901,1000000.0,1000000.0,59.877223471398096,0.0,0.0,5049.493429707503,84330787.85156971,84330787.85156971
2006,SOXX,19,2007-07-31,18.110179901123047,919.0,분할매수,0.0,5049.493429707503,1000000.0,1000000.0,60.084399369251784,0.0,0.0,4989.409030338252,83040008.43339683,83040008.43339683
2006,SOXX,20,2007-08-31,18.35765838623047,938.1,분할매수,0.0,4989.409030338252,1000000.0,1000000.0,58.06756037179493,0.0,0.0,4931.341469966457,84924206.19003223,84924206.19003223
2006,SOXX,21,2007-09-30,18.577804565429688,913.6,분할매수,0.0,4931.341469966457,1000000.0,1000000.0,58.918206634220276,0.0,0.0,4872.423263332237,82698091.84080437,82698091.84080437
2006,SOXX,22,2007-10-31,17.79867935180664,903.2,분할매수,0.0,4872.423263332237,1000000.0,1000000.0,62.205429336382274,0.0,0.0,4810.217833995855,77327942.0351575,77327942.0351575
2006,SOXX,23,2007-11-30,16.281736373901367,920.9,분할매수,0.0,4810.217833995855,1000000.0,1000000.0,66.69400664429381,0.0,0.0,4743.523827351561,71123689.60903335,71123689.60903335
2006,SOXX,24,2007-12-31,16.376056671142578,935.8,분할매수,0.0,4743.523827351561,1000000.0,1000000.0,65.25407331627054,0.0,0.0,4678.26975403529,71693145.21349283,71693145.21349283
2006,SOXX,25,2008-01-31,14.115763664245605,943.4,분할매수,0.0,4678.26975403529,1000000.0,1000000.0,75.09305094855523,0.0,0.0,4603.176703086735,61299636.18391641,61299636.18391641
2006,SOXX,26,2008-02-29,13.834603309631348,942.8,분할매수,0.0,4603.176703086735,1000000.0,1000000.0,76.66792606324866,0.0,0.0,4526.508777023486,59040448.978484906,59040448.978484906
2006,SOXX,27,2008-03-31,13.660955429077148,988.6,분할매수,0.0,4526.508777023486,1000000.0,1000000.0,74.04544022413931,0.0,0.0,4452.4633367993465,60131499.29720876,60131499.29720876
2006,SOXX,28,2008-04-30,14.716668128967285,1005.0,분할매수,0.0,4452.4633367993465,1000000.0,1000000.0,67.61210261060053,0.0,0.0,4384.851234188746,64853052.41049063,64853052.41049063
2006,SOXX,29,2008-05-31,15.965337753295898,1028.5,분할매수,0.0,4384.851234188746,1000000.0,1000000.0,60.90004216431299,0.0,0.0,4323.951192024433,71000791.43390544,71000791.43390544
2006,SOXX,30,2008-06-30,14.149591445922852,1046.8,분할매수,0.0,4323.951192024433,1000000.0,1000000.0,67.51377402667096,0.0,0.0,4256.437417997762,63045467.082262054,63045467.082262054
2006,SOXX,31,2008-07-31,12.986111640930176,1011.5,분할매수,0.0,4256.437417997762,1000000.0,1000000.0,76.12985116346954,0.0,0.0,4180.307566834293,54910229.075033166,54910229.075033166
2006,SOXX,32,2008-08-31,13.558173179626465,1089.0,분할매수,0.0,4180.307566834293,1000000.0,1000000.0,67.72841985277486,0.0,0.0,4112.579146981518,60721616.65547883,60721616.65547883
2006,SOXX,33,2008-09-30,11.203596115112305,1206.3,분할매수,0.0,4112.579146981518,1000000.0,1000000.0,73.99241936336581,0.0,0.0,4038.5867276181516,54581087.66230835,54581087.66230835
2006,SOXX,34,2008-10-31,9.227625846862793,1277.5,분할매수,0.0,4038.5867276181516,1000000.0,1000000.0,84.82993111784813,0.0,0.0,3953.7567965003036,46608039.69070343,46608039.69070343
2006,SOXX,35,2008-11-30,7.481041431427002,1468.0,분할매수,0.0,3953.7567965003036,1000000.0,1000000.0,91.05669529112684,0.0,0.0,3862.700101209177,42420824.61766635,42420824.61766635
2006,SOXX,36,2008-12-31,7.908021450042725,1262.0,분할매수,0.0,3862.700101209177,1000000.0,1000000.0,100.20117319447608,0.0,0.0,3762.4989280147006,37549449.8523708,37549449.8523708
2006,SOXX,37,2009-01-31,7.701746463775635,1380.0,분할매수,0.0,3762.4989280147006,1000000.0,1000000.0,94.08744945937632,0.0,0.0,3668.4114785553243,38989381.683039635,38989381.683039635
2006,SOXX,38,2009-02-28,7.576310157775879,1532.8,분할매수,0.0,3668.4114785553243,1000000.0,1000000.0,86.11062924918446,0.0,0.0,3582.3008493061398,41601145.88107097,41601145.88107097
2006,SOXX,39,2009-03-31,8.680145263671875,1372.3,분할매수,0.0,3582.3008493061398,1000000.0,1000000.0,83.95062687267615,0.0,0.0,3498.3502224334634,41671519.94873417,41671519.94873417
2006,SOXX,40,2009-04-30,9.758893966674805,1277.0,분할매수,0.0,3498.3502224334634,1000000.0,1000000.0,80.24324877162914,0.0,0.0,3418.106973661834,42596816.87851031,42596816.87851031
2006,SOXX,41,2009-05-31,10.151926040649414,1249.0,분할매수,0.0,3418.106973661834,1000000.0,1000000.0,78.8658732544028,0.0,0.0,3339.2411004074315,42340761.12535802,42340761.12535802
2006,SOXX,42,2009-06-30,10.254066467285156,1273.5,분할매수,0.0,3339.2411004074315,1000000.0,1000000.0,76.57815919756173,0.0,0.0,3262.6629412098696,42605659.04689119,42605659.04689119
2006,SOXX,43,2009-07-31,11.84000301361084,1222.2,분할매수,0.0,3262.6629412098696,1000000.0,1000000.0,69.10443295874038,0.0,0.0,3193.5585082511293,46213511.51463585,46213511.51463585
2006,SOXX,44,2009-08-31,12.150481224060059,1248.0,분할매수,0.0,3193.5585082511293,1000000.0,1000000.0,65.94652808444935,0.0,0.0,3127.61198016668,47426484.32016836,47426484.32016836
2006,SOXX,45,2009-09-30,12.52808666229248,1175.0,분할매수,0.0,3127.61198016668,1000000.0,1000000.0,67.9324666829452,0.0,0.0,3059.679513483735,45040017.87192402,45040017.87192402
2006,SOXX,46,2009-10-31,11.356111526489258,1182.0,분할매수,0.0,3059.679513483735,1000000.0,1000000.0,74.49941704868328,0.0,0.0,2985.1800964350514,40069845.036294974,40069845.036294974
2006,SOXX,47,2009-11-30,12.128105163574219,1164.4,분할매수,0.0,2985.1800964350514,1000000.0,1000000.0,70.81167201574316,0.0,0.0,2914.368424419308,41156610.7882804,41156610.7882804
2006,SOXX,48,2009-12-31,13.834537506103516,1163.65,분할매수,0.0,2914.368424419308,1000000.0,1000000.0,62.11735874351422,0.0,0.0,2852.251065675794,45917133.68646092,45917133.68646092
2006,SOXX,49,2010-01-31,12.078170776367188,1158.7,분할매수,0.0,2852.251065675794,1000000.0,1000000.0,71.45421083992444,0.0,0.0,2780.7968548358695,38917186.575127944,38917186.575127944
2006,SOXX,50,2010-02-28,13.042060852050781,1159.0,분할매수,0.0,2780.7968548358695,1000000.0,1000000.0,66.15616806398496,0.0,0.0,2714.6406867718847,41033825.9638366,41033825.9638366
2006,SOXX,51,2010-03-31,13.887931823730469,1131.2,분할매수,0.0,2714.6406867718847,1000000.0,1000000.0,63.65360835191846,0.0,0.0,2650.987078419966,41647082.49944903,41647082.49944903
2006,SOXX,52,2010-04-30,14.168952941894531,1108.0,분할매수,0.0,2650.987078419966,1000000.0,1000000.0,63.6975138186603,0.0,0.0,2587.2895646013058,40618375.96938289,40618375.96938289
2006,SOXX,53,2010-05-31,13.241588592529297,1194.5,분할매수,0.0,2587.2895646013058,1000000.0,1000000.0,63.22280429716924,0.0,0.0,2524.0667603041366,39923359.749120615,39923359.749120615
2006,SOXX,54,2010-06-30,12.33794116973877,1220.85,분할매수,0.0,2524.0667603041366,1000000.0,1000000.0,66.38882731286313,0.0,0.0,2457.6779329912733,37019450.89961074,37019450.89961074
2006,SOXX,55,2010-07-31,12.978693008422852,1182.0,분할매수,0.0,2457.6779329912733,1000000.0,1000000.0,65.1855844124084,0.0,0.0,2392.492348578865,36702782.83373711,36702782.83373711
2006,SOXX,56,2010-08-31,11.620979309082031,1198.0,분할매수,0.0,2392.492348578865,1000000.0,1000000.0,71.82910481986215,0.0,0.0,2320.663243759003,32308118.687806536,32308118.687806536
2006,SOXX,57,2010-09-30,13.354104995727539,1140.1,분할매수,0.0,2320.663243759003,1000000.0,1000000.0,65.68137982538235,0.0,0.0,2254.9818639336204,34332132.94130874,34332132.94130874
2006,SOXX,58,2010-10-31,14.277120590209961,1124.0,분할매수,0.0,2254.9818639336204,1000000.0,1000000.0,62.31506624049656,0.0,0.0,2192.666797693124,35186784.3521312,35186784.3521312
2006,SOXX,59,2010-11-30,14.974329948425293,1157.2,분할매수,0.0,2192.666797693124,1000000.0,1000000.0,57.70908344657977,0.0,0.0,2134.957714246544,36995176.26584444,36995176.26584444
2006,SOXX,60,2010-12-31,15.722329139709473,1130.6,분할매수,0.0,2134.957714246544,1000000.0,1000000.0,56.25668472580782,0.0,0.0,2078.7010295207365,36950293.81223259,36950293.81223259
2006,SOXX,61,2011-01-31,16.792133331298828,1119.1,분할매수,0.0,2078.7010295207365,1000000.0,1000000.0,53.213917298231046,0.0,0.0,2025.4871122225054,38063108.58249553,38063108.58249553
2006,SOXX,62,2011-02-28,17.52320671081543,1123.7,분할매수,0.0,2025.4871122225054,1000000.0,1000000.0,50.785067618224915,0.0,0.0,1974.7020446042804,38883517.08909868,38883517.08909868
2006,SOXX,63,2011-03-31,16.704345703125,1097.25,분할매수,0.0,1974.7020446042804,1000000.0,1000000.0,54.55881652709496,0.0,0.0,1920.1432280771855,35194004.384673655,35194004.384673655
2006,SOXX,64,2011-04-30,17.182092666625977,1068.4,분할매수,0.0,1920.1432280771855,1000000.0,1000000.0,54.47409999642574,0.0,0.0,1865.6691280807597,34248737.07327287,34248737.07327287
2006,SOXX,65,2011-05-31,16.831554412841797,1078.0,분할매수,0.0,1865.6691280807597,1000000.0,1000000.0,55.11337586734634,0.0,0.0,1810.5557522134134,32851476.138411153,32851476.138411153
2006,SOXX,66,2011-06-30,15.72076416015625,1066.3,분할매수,0.0,1810.5557522134134,1000000.0,1000000.0,59.6550121156821,0.0,0.0,1750.9007400977312,29350438.093993027,29350438.093993027
2006,SOXX,67,2011-07-31,14.862497329711914,1054.0,분할매수,0.0,1750.9007400977312,1000000.0,1000000.0,63.836284196927096,0.0,0.0,1687.064455900804,26427986.48330497,26427986.48330497
2006,SOXX,68,2011-08-31,13.692647933959961,1063.9,분할매수,0.0,1687.064455900804,1000000.0,1000000.0,68.64544890277745,0.0,0.0,1618.4190069980266,23576493.895322815,23576493.895322815
2006,SOXX,69,2011-09-30,13.04082202911377,1180.9,분할매수,0.0,1618.4190069980266,1000000.0,1000000.0,64.93545819861862,0.0,0.0,1553.483548799408,23923501.764594547,23923501.764594547
2006,SOXX,70,2011-10-31,14.88107967376709,1112.05,분할매수,0.0,1553.483548799408,1000000.0,1000000.0,60.42842063840004,0.0,0.0,1493.055128161008,24707829.732889403,24707829.732889403
2006,SOXX,71,2011-11-30,14.350017547607422,1140.05,분할매수,0.0,1493.055128161008,1000000.0,1000000.0,61.125675132942234,0.0,0.0,1431.9294530280658,23425989.977431946,23425989.977431946
2006,SOXX,72,2011-12-31,14.056510925292969,1158.5,분할매수,0.0,1431.9294530280658,1000000.0,1000000.0,61.40820846673756,0.0,0.0,1370.5212445613283,22318209.22285473,22318209.22285473
2006,SOXX,73,2012-01-31,15.795072555541992,1125.7,분할매수,0.0,1370.5212445613283,1000000.0,1000000.0,56.24134636128074,0.0,0.0,1314.2798982000477,23368571.04660036,23368571.04660036
2006,SOXX,74,2012-02-29,16.41254234313965,1117.1,분할매수,0.0,1314.2798982000477,1000000.0,1000000.0,54.54212930563989,0.0,0.0,1259.7377688944077,23096600.46154717,23096600.46154717
2006,SOXX,75,2012-03-31,16.94625473022461,1131.4,분할매수,0.0,1259.7377688944077,1000000.0,1000000.0,52.156698788240455,0.0,0.0,1207.5810701061673,23152942.92319044,23152942.92319044
2006,SOXX,76,2012-04-30,15.994181632995605,1130.05,분할매수,0.0,1207.5810701061673,1000000.0,1000000.0,55.327406985625835,0.0,0.0,1152.2536631205414,20826091.911733713,20826091.911733713
2006,SOXX,77,2012-05-31,14.315231323242188,1180.0,분할매수,0.0,1152.2536631205414,1000000.0,1000000.0,59.199715881832326,0.0,0.0,1093.053947238709,18463837.722135995,18463837.722135995
2006,SOXX,78,2012-06-30,14.94796371459961,1141.17,분할매수,0.0,1093.053947238709,1000000.0,1000000.0,58.622943244982274,0.0,0.0,1034.4310039937268,17645497.59419094,17645497.59419094
2006,SOXX,79,2012-07-31,14.91081714630127,1130.27,분할매수,0.0,1034.4310039937268,1000000.0,1000000.0,59.33573890942879,0.0,0.0,975.095265084298,16433523.589766061,16433523.589766061
2006,SOXX,80,2012-08-31,15.413655281066895,1133.2,분할매수,0.0,975.095265084298,1000000.0,1000000.0,57.251621599629885,0.0,0.0,917.8436434846682,16031749.282200277,16031749.282200277
2006,SOXX,81,2012-09-30,14.88819408416748,1111.21,분할매수,0.0,917.8436434846682,1000000.0,1000000.0,60.44520255719029,0.0,0.0,857.3984409274778,14184722.767969046,14184722.767969046
2006,SOXX,82,2012-10-31,14.317110061645508,1090.17,분할매수,0.0,857.3984409274778,1000000.0,1000000.0,64.06936353948034,0.0,0.0,793.3290773879975,12382346.781065468,12382346.781065468
2006,SOXX,83,2012-11-30,14.615561485290527,1081.75,분할매수,0.0,793.3290773879975,1000000.0,1000000.0,63.249572115246885,0.0,0.0,730.0795052727506,11542837.063663838,11542837.063663838
2006,SOXX,84,2012-12-31,14.987213134765625,1063.24,분할매수,0.0,730.0795052727506,1000000.0,1000000.0,62.75492425582106,0.0,0.0,667.3245810169295,10633820.197066518,10633820.197066518
2006,SOXX,85,2013-01-31,16.133434295654297,1087.46,분할매수,0.0,667.3245810169295,1000000.0,1000000.0,56.9980350399548,0.0,0.0,610.3265459769748,10707852.394370168,10707852.394370168
2006,SOXX,86,2013-02-28,16.7209415435791,1083.9,분할매수,0.0,610.3265459769748,1000000.0,1000000.0,55.17597994504447,0.0,0.0,555.1505660319303,10061453.672138907,10061453.672138907
2006,SOXX,87,2013-03-31,17.11033821105957,1112.48,분할매수,0.0,555.1505660319303,1000000.0,1000000.0,52.53505531408447,0.0,0.0,502.6155107178459,9567240.535161223,9567240.535161223
2006,SOXX,88,2013-04-30,17.410873413085938,1101.52,분할매수,0.0,502.6155107178459,1000000.0,1000000.0,52.14192433929762,0.0,0.0,450.47358637854825,8639374.017867642,8639374.017867642
2006,SOXX,89,2013-05-31,18.40207290649414,1129.34,분할매수,0.0,450.47358637854825,1000000.0,1000000.0,48.1181079757602,0.0,0.0,402.35547840278804,8361830.822722229,8361830.822722229
2006,SOXX,90,2013-06-30,18.394147872924805,1141.45,분할매수,0.0,402.35547840278804,1000000.0,1000000.0,47.628119438697894,0.0,0.0,354.7273589640902,7447855.660575879,7447855.660575879
2006,SOXX,91,2013-07-31,18.814044952392578,1122.66,분할매수,0.0,354.7273589640902,1000000.0,1000000.0,47.34450426457053,0.0,0.0,307.3828546995196,6492471.712911026,6492471.712911026
2006,SOXX,92,2013-08-31,18.072711944580078,1109.42,분할매수,0.0,307.3828546995196,1000000.0,1000000.0,49.87474435367592,0.0,0.0,257.5081103458437,5163096.3463146975,5163096.3463146975
2006,SOXX,93,2013-09-30,19.387670516967773,1073.33,분할매수,0.0,257.5081103458437,1000000.0,1000000.0,48.055278803816336,0.0,0.0,209.45283154202735,4358581.133138563,4358581.133138563
2006,SOXX,94,2013-10-31,20.033437728881836,1060.83,분할매수,0.0,209.45283154202735,1000000.0,1000000.0,47.05423602720163,0.0,0.0,162.39859551482573,3451306.603319296,3451306.603319296
2006,SOXX,95,2013-11-30,20.207975387573242,1057.76,분할매수,0.0,162.39859551482573,1000000.0,1000000.0,46.78321415698745,0.0,0.0,115.61538135783829,2471300.5175291104,2471300.5175291104
2006,SOXX,96,2013-12-31,21.218782424926758,1055.25,분할매수,0.0,115.61538135783829,1000000.0,1000000.0,44.66056155862515,0.0,0.0,70.95481979921314,1588757.895622785,1588757.895622785
2006,SOXX,97,2014-01-31,20.988237380981445,1080.36,분할매수,0.0,70.95481979921314,1000000.0,1000000.0,44.10172088275238,0.0,0.0,26.85309891646076,608890.0473487568,608890.0473487568
2006,SOXX,98,2014-02-28,22.397769927978516,1066.01,고갈,0.0,26.85309891646076,1000000.0,641151.2149508041,26.85309891646076,0.0,0.0,0.0,0.0,0.0
2007,QQQ,0,2006-12-31,36.970359802246094,930.0,분할매수,100000000.0,0.0,0.0,0.0,0.0,8333333.333333333,91666666.66666667,242.3718223093441,8333333.333333332,100000000.0
2007,QQQ,1,2007-01-31,37.749839782714844,941.0,분할매수,91666666.66666667,242.3718223093441,1000000.0,1000000.0,0.0,8333333.333333333,82333333.33333334,476.9642652237457,16943010.443214383,99276343.77654773
2007,QQQ,2,2007-02-28,37.1159782409668,942.3,분할매수,82333333.33333334,476.9642652237457,1000000.0,1000000.0,0.0,8333333.333333333,73000000.00000001,715.2338738080167,25014865.794877253,98014865.79487726
2007,QQQ,3,2007-03-31,37.31077575683594,941.1,분할매수,73000000.00000001,715.2338738080167,1000000.0,1000000.0,0.0,8333333.333333333,63666666.66666668,952.5617220380835,33447462.695663974,97114129.36233065
2007,QQQ,4,2007-04-30,39.39360046386719,931.0,분할매수,63666666.66666668,952.5617220380835,1000000.0,1000000.0,0.0,8333333.333333333,54333333.33333334,1179.7800695659491,43268955.551710136,97602288.88504347
2007,QQQ,5,2007-05-31,40.636444091796875,927.4,분할매수,54333333.33333334,1179.7800695659491,1000000.0,1000000.0,0.0,8333333.333333333,45000000.00000001,1400.904111660317,52794806.11846136,97794806.11846137
2007,QQQ,6,2007-06-30,40.8311767578125,922.6,분할매수,45000000.00000001,1400.904111660317,1000000.0,1000000.0,0.0,8333333.333333333,35666666.66666667,1622.1185183468028,61106573.129816405,96773239.79648307
2007,QQQ,7,2007-07-31,40.77113723754883,919.0,분할매수,35666666.66666667,1622.1185183468028,1000000.0,1000000.0,0.0,8333333.333333333,26333333.33333334,1844.5265246708482,69111965.10552616,95445298.4388595
2007,QQQ,8,2007-08-31,41.92058181762695,938.1,분할매수,26333333.33333334,1844.5265246708482,1000000.0,1000000.0,0.0,8333333.333333333,17000000.000000007,2056.43206732782,80870626.03237063,97870626.03237063
2007,QQQ,9,2007-09-30,44.1223258972168,913.6,분할매수,17000000.000000007,2056.43206732782,1000000.0,1000000.0,0.0,8333333.333333333,7666666.666666674,2263.162429251236,91228432.70314384,98895099.3698105
2007,QQQ,10,2007-10-31,47.22917938232422,903.2,분할매수,7666666.666666674,2263.162429251236,1000000.0,1000000.0,0.0,6666666.666666674,0.0,2419.4463911549656,103207279.94876143,103207279.94876143
2007,QQQ,11,2007-11-30,44.036502838134766,920.9,분할매수,0.0,2419.4463911549656,1000000.0,1000000.0,24.658957090508434,0.0,0.0,2394.787434064457,97116330.80322944,97116330.80322944
2007,QQQ,12,2007-12-31,44.005088806152344,935.8,분할매수,0.0,2394.787434064457,1000000.0,1000000.0,24.283655178096982,0.0,0.0,2370.50377888636,97617255.78381926,97617255.78381926
2007,QQQ,13,2008-01-31,38.772918701171875,943.4,분할매수,0.0,2370.50377888636,1000000.0,1000000.0,27.338559889867735,0.0,0.0,2343.1652189964925,85709167.87262523,85709167.87262523
2007,QQQ,14,2008-02-29,36.90000915527344,942.8,분할매수,0.0,2343.1652189964925,1000000.0,1000000.0,28.744446625851566,0.0,0.0,2314.420772370641,80517144.84178475,80517144.84178475
2007,QQQ,15,2008-03-31,37.59090042114258,988.6,분할매수,0.0,2314.420772370641,1000000.0,1000000.0,26.90894464606756,0.0,0.0,2287.5118277245733,85009347.55383904,85009347.55383904
2007,QQQ,16,2008-04-30,40.59163284301758,1005.0,분할매수,0.0,2287.5118277245733,1000000.0,1000000.0,24.513053699268742,0.0,0.0,2262.9987740253046,92318109.43623124,92318109.43623124
2007,QQQ,17,2008-05-31,42.999114990234375,1028.5,분할매수,0.0,2262.9987740253046,1000000.0,1000000.0,22.61185474547644,0.0,0.0,2240.386919279828,99080192.42552508,99080192.42552508
2007,QQQ,18,2008-06-30,38.86471939086914,1046.8,분할매수,0.0,2240.386919279828,1000000.0,1000000.0,24.57993610714677,0.0,0.0,2215.806983172681,90146978.9634002,90146978.9634002
2007,QQQ,19,2008-07-31,39.11421203613281,1011.5,분할매수,0.0,2215.806983172681,1000000.0,1000000.0,25.27548670807785,0.0,0.0,2190.531496464603,86666243.92892605,86666243.92892605
2007,QQQ,20,2008-08-31,39.682106018066406,1089.0,분할매수,0.0,2190.531496464603,1000000.0,1000000.0,23.14074875784825,0.0,0.0,2167.390747706755,93661219.45261942,93661219.45261942
2007,QQQ,21,2008-09-30,33.5011100769043,1206.3,분할매수,0.0,2167.390747706755,1000000.0,1000000.0,24.744886967153555,0.0,0.0,2142.6458607396016,86589438.19722259,86589438.19722259
2007,QQQ,22,2008-10-31,28.31796646118164,1277.5,분할매수,0.0,2142.6458607396016,1000000.0,1000000.0,27.642481533540963,0.0,0.0,2115.003379206061,76512789.80288902,76512789.80288902
2007,QQQ,23,2008-11-30,25.072023391723633,1468.0,분할매수,0.0,2115.003379206061,1000000.0,1000000.0,27.169682296428064,0.0,0.0,2087.8336969096326,76844244.0412384,76844244.0412384
2007,QQQ,24,2008-12-31,25.64301109313965,1262.0,분할매수,0.0,2087.8336969096326,1000000.0,1000000.0,30.90093530994705,0.0,0.0,2056.9327615996854,66565388.4249114,66565388.4249114
2007,QQQ,25,2009-01-31,25.056690216064453,1380.0,분할매수,0.0,2056.9327615996854,1000000.0,1000000.0,28.919928167321853,0.0,0.0,2028.0128334323635,70125099.26369464,70125099.26369464
2007,QQQ,26,2009-02-28,23.73746681213379,1532.8,분할매수,0.0,2028.0128334323635,1000000.0,1000000.0,27.484012520644523,0.0,0.0,2000.528820911719,72788819.29663758,72788819.29663758
2007,QQQ,27,2009-03-31,26.186351776123047,1372.3,분할매수,0.0,2000.528820911719,1000000.0,1000000.0,27.827611973638245,0.0,0.0,1972.7012089380808,70890064.54477184,70890064.54477184
2007,QQQ,28,2009-04-30,29.606462478637695,1277.0,분할매수,0.0,1972.7012089380808,1000000.0,1000000.0,26.44981165408958,0.0,0.0,1946.251397283991,73582807.42173332,73582807.42173332
2007,QQQ,29,2009-05-31,30.556489944458008,1249.0,분할매수,0.0,1946.251397283991,1000000.0,1000000.0,26.20197914960907,0.0,0.0,1920.049418134382,73278793.45186903,73278793.45186903
2007,QQQ,30,2009-06-30,31.458803176879883,1273.5,분할매수,0.0,1920.049418134382,1000000.0,1000000.0,24.96082034459719,0.0,0.0,1895.088597789785,75922528.65198718,75922528.65198718
2007,QQQ,31,2009-07-31,34.11350631713867,1222.2,분할매수,0.0,1895.088597789785,1000000.0,1000000.0,23.984538173207106,0.0,0.0,1871.1040596165778,78012928.41680688,78012928.41680688
2007,QQQ,32,2009-08-31,34.61507034301758,1248.0,분할매수,0.0,1871.1040596165778,1000000.0,1000000.0,23.148358311618537,0.0,0.0,1847.9557013049593,79830961.50613153,79830961.50613153
2007,QQQ,33,2009-09-30,36.57011795043945,1175.0,분할매수,0.0,1847.9557013049593,1000000.0,1000000.0,23.272110605183517,0.0,0.0,1824.6835906997758,78406450.60759357,78406450.60759357
2007,QQQ,34,2009-10-31,35.45353698730469,1182.0,분할매수,0.0,1824.6835906997758,1000000.0,1000000.0,23.862885357989228,0.0,0.0,1800.8207053417866,75465337.83848888,75465337.83848888
2007,QQQ,35,2009-11-30,37.70399475097656,1164.4,분할매수,0.0,1800.8207053417866,1000000.0,1000000.0,22.77772980522746,0.0,0.0,1778.0429755365592,78060587.720577,78060587.720577
2007,QQQ,36,2009-12-31,39.6656608581543,1163.65,분할매수,0.0,1778.0429755365592,1000000.0,1000000.0,21.665211437932467,0.0,0.0,1756.3777640986268,81069034.0655286,81069034.0655286
2007,QQQ,37,2010-01-31,37.09930419921875,1158.7,분할매수,0.0,1756.3777640986268,1000000.0,1000000.0,23.262866510400187,0.0,0.0,1733.1148975882265,74501347.32163805,74501347.32163805
2007,QQQ,38,2010-02-28,38.80733108520508,1159.0,분할매수,0.0,1733.1148975882265,1000000.0,1000000.0,22.233241645363485,0.0,0.0,1710.881655942863,76951516.2580734,76951516.2580734
2007,QQQ,39,2010-03-31,41.79971694946289,1131.2,분할매수,0.0,1710.881655942863,1000000.0,1000000.0,21.14887462502885,0.0,0.0,1689.7327813178342,79897054.15900016,79897054.15900016
2007,QQQ,40,2010-04-30,42.73710632324219,1108.0,분할매수,0.0,1689.7327813178342,1000000.0,1000000.0,21.118113823289978,0.0,0.0,1668.6146674945442,79013432.8026172,79013432.8026172
2007,QQQ,41,2010-05-31,39.57780838012695,1194.5,분할매수,0.0,1668.6146674945442,1000000.0,1000000.0,21.15251951620124,0.0,0.0,1647.462147978343,77884913.27080496,77884913.27080496
2007,QQQ,42,2010-06-30,37.212764739990234,1220.85,분할매수,0.0,1647.462147978343,1000000.0,1000000.0,22.011303149260893,0.0,0.0,1625.4508448290821,73846188.65165475,73846188.65165475
2007,QQQ,43,2010-07-31,39.91376876831055,1182.0,분할매수,0.0,1625.4508448290821,1000000.0,1000000.0,21.19628676445561,0.0,0.0,1604.2545580646265,75685641.35274988,75685641.35274988
2007,QQQ,44,2010-08-31,37.866233825683594,1198.0,분할매수,0.0,1604.2545580646265,1000000.0,1000000.0,22.044033867855443,0.0,0.0,1582.210524196771,71774999.69748943,71774999.69748943
2007,QQQ,45,2010-09-30,42.85430908203125,1140.1,분할매수,0.0,1582.210524196771,1000000.0,1000000.0,20.467394323717848,0.0,0.0,1561.7431298730532,76303954.72780274,76303954.72780274
2007,QQQ,46,2010-10-31,45.57032775878906,1124.0,분할매수,0.0,1561.7431298730532,1000000.0,1000000.0,19.523223971785022,0.0,0.0,1542.2199059012682,78994120.44496778,78994120.44496778
2007,QQQ,47,2010-11-30,45.49174499511719,1157.2,분할매수,0.0,1542.2199059012682,1000000.0,1000000.0,18.995860823607604,0.0,0.0,1523.2240450776605,80187155.46623895,80187155.46623895
2007,QQQ,48,2010-12-31,47.65582275390625,1130.6,분할매수,0.0,1523.2240450776605,1000000.0,1000000.0,18.559875004896806,0.0,0.0,1504.6641700727637,81070813.7676453,81070813.7676453
2007,QQQ,49,2011-01-31,49.00342559814453,1119.1,분할매수,0.0,1504.6641700727637,1000000.0,1000000.0,18.23495364753519,0.0,0.0,1486.4292164252286,81515382.22451958,81515382.22451958
2007,QQQ,50,2011-02-28,50.55229949951172,1123.7,분할매수,0.0,1486.4292164252286,1000000.0,1000000.0,17.60389233541176,0.0,0.0,1468.8253240898168,83437531.66083315,83437531.66083315
2007,QQQ,51,2011-03-31,50.32566833496094,1097.25,분할매수,0.0,1468.8253240898168,1000000.0,1000000.0,18.109433268844267,0.0,0.0,1450.7158908209726,80108298.76806833,80108298.76806833
2007,QQQ,52,2011-04-30,51.77157211303711,1068.4,분할매수,0.0,1450.7158908209726,1000000.0,1000000.0,18.079015101686252,0.0,0.0,1432.6368757192863,79243081.97439708,79243081.97439708
2007,QQQ,53,2011-05-31,51.140628814697266,1078.0,분할매수,0.0,1432.6368757192863,1000000.0,1000000.0,18.139076626293793,0.0,0.0,1414.4977990929924,77980694.8410254,77980694.8410254
2007,QQQ,54,2011-06-30,50.10478210449219,1066.3,분할매수,0.0,1414.4977990929924,1000000.0,1000000.0,18.71722292866374,0.0,0.0,1395.7805761643287,74571990.80675672,74571990.80675672
2007,QQQ,55,2011-07-31,50.93913269042969,1054.0,분할매수,0.0,1395.7805761643287,1000000.0,1000000.0,18.625495828157504,0.0,0.0,1377.1550803361713,73939243.98266095,73939243.98266095
2007,QQQ,56,2011-08-31,48.357059478759766,1063.9,분할매수,0.0,1377.1550803361713,1000000.0,1000000.0,19.437450792623686,0.0,0.0,1357.7176295435477,69850601.502682,69850601.502682
2007,QQQ,57,2011-09-30,46.185428619384766,1180.9,분할매수,0.0,1357.7176295435477,1000000.0,1000000.0,18.335041571785293,0.0,0.0,1339.3825879717624,73050425.47778341,73050425.47778341
2007,QQQ,58,2011-10-31,50.989620208740234,1112.05,분할매수,0.0,1339.3825879717624,1000000.0,1000000.0,17.635748970058064,0.0,0.0,1321.7468390017043,74947020.46654005,74947020.46654005
2007,QQQ,59,2011-11-30,49.616981506347656,1140.05,분할매수,0.0,1321.7468390017043,1000000.0,1000000.0,17.678514172710297,0.0,0.0,1304.068324828994,73765719.90659933,73765719.90659933
2007,QQQ,60,2011-12-31,49.31224822998047,1158.5,분할매수,0.0,1304.068324828994,1000000.0,1000000.0,17.50447777577848,0.0,0.0,1286.5638470532156,73499127.68225947,73499127.68225947
2007,QQQ,61,2012-01-31,53.46354293823242,1125.7,분할매수,0.0,1286.5638470532156,1000000.0,1000000.0,16.615736585660077,0.0,0.0,1269.9481104675556,76430443.14770627,76430443.14770627
2007,QQQ,62,2012-02-29,56.89060592651367,1117.1,분할매수,0.0,1269.9481104675556,1000000.0,1000000.0,15.735023245667689,0.0,0.0,1254.213087221888,79708372.05894877,79708372.05894877
2007,QQQ,63,2012-03-31,59.76529312133789,1131.4,분할매수,0.0,1254.213087221888,1000000.0,1000000.0,14.788862521910008,0.0,0.0,1239.424224699978,83807948.23562293,83807948.23562293
2007,QQQ,64,2012-04-30,59.06632995605469,1130.05,분할매수,0.0,1239.424224699978,1000000.0,1000000.0,14.98174335986588,0.0,0.0,1224.442481340112,81728971.85118204,81728971.85118204
2007,QQQ,65,2012-05-31,54.90799331665039,1180.0,분할매수,0.0,1224.442481340112,1000000.0,1000000.0,15.434139474582832,0.0,0.0,1209.008341865529,78333381.9068139,78333381.9068139
2007,QQQ,66,2012-06-30,56.89645767211914,1141.17,분할매수,0.0,1209.008341865529,1000000.0,1000000.0,15.401549838460959,0.0,0.0,1193.606792027068,77499135.12251714,77499135.12251714
2007,QQQ,67,2012-07-31,57.4639892578125,1130.27,분할매수,0.0,1193.606792027068,1000000.0,1000000.0,15.396500739789504,0.0,0.0,1178.2102912872786,76524550.03898416,76524550.03898416
2007,QQQ,68,2012-08-31,60.443599700927734,1133.2,분할매수,0.0,1178.2102912872786,1000000.0,1000000.0,14.599672487825606,0.0,0.0,1163.610618799453,79701145.33526462,79701145.33526462
2007,QQQ,69,2012-09-30,60.980621337890625,1111.21,분할매수,0.0,1163.610618799453,1000000.0,1000000.0,14.75747356101627,0.0,0.0,1148.8531452384368,77848904.18325244,77848904.18325244
2007,QQQ,70,2012-10-31,57.76127243041992,1090.17,분할매수,0.0,1148.8531452384368,1000000.0,1000000.0,15.880677325439748,0.0,0.0,1132.972467912997,71342830.32739753,71342830.32739753
2007,QQQ,71,2012-11-30,58.5172004699707,1081.75,분할매수,0.0,1132.972467912997,1000000.0,1000000.0,15.797543333316112,0.0,0.0,1117.174924579681,70718269.35417378,70718269.35417378
2007,QQQ,72,2012-12-31,58.24393081665039,1063.24,분할매수,0.0,1117.174924579681,1000000.0,1000000.0,16.147973048707648,0.0,0.0,1101.0269515309733,68183601.01357059,68183601.01357059
2007,QQQ,73,2013-01-31,59.799983978271484,1087.46,분할매수,0.0,1101.0269515309733,1000000.0,1000000.0,15.377496650043287,0.0,0.0,1085.64945488093,70599882.38578962,70599882.38578962
2007,QQQ,74,2013-02-28,60.00564956665039,1083.9,분할매수,0.0,1085.64945488093,1000000.0,1000000.0,15.375124541332118,0.0,0.0,1070.274330339598,69610774.69404799,69610774.69404799
2007,QQQ,75,2013-03-31,61.82072067260742,1112.48,분할매수,0.0,1070.274330339598,1000000.0,1000000.0,14.540311963056817,0.0,0.0,1055.7340183765411,72607384.28851382,72607384.28851382
2007,QQQ,76,2013-04-30,63.38927459716797,1101.52,분할매수,0.0,1055.7340183765411,1000000.0,1000000.0,14.321609609124232,0.0,0.0,1041.412408767417,72716156.71634686,72716156.71634686
2007,QQQ,77,2013-05-31,65.65703582763672,1129.34,분할매수,0.0,1041.412408767417,1000000.0,1000000.0,13.486337296996561,0.0,0.0,1027.9260714704205,76219810.37796988,76219810.37796988
2007,QQQ,78,2013-06-30,64.08438873291016,1141.45,분할매수,0.0,1027.9260714704205,1000000.0,1000000.0,13.670703414462443,0.0,0.0,1014.2553680559581,74191893.22642769,74191893.22642769
2007,QQQ,79,2013-07-31,68.13067626953125,1122.66,분할매수,0.0,1014.2553680559581,1000000.0,1000000.0,13.074017171919973,0.0,0.0,1001.1813508840381,76577943.69693416,76577943.69693416
2007,QQQ,80,2013-08-31,67.86093139648438,1109.42,분할매수,0.0,1001.1813508840381,1000000.0,1000000.0,13.282633607652684,0.0,0.0,987.8987172763855,74375214.0168359,74375214.0168359
2007,QQQ,81,2013-09-30,71.14009857177734,1073.33,분할매수,0.0,987.8987172763855,1000000.0,1000000.0,13.096410192760567,0.0,0.0,974.8023070836249,74432786.75117217,74432786.75117217
2007,QQQ,82,2013-10-31,74.66645050048828,1060.83,분할매수,0.0,974.8023070836249,1000000.0,1000000.0,12.62492191623449,0.0,0.0,962.1773851673904,76212541.47561252,76212541.47561252
2007,QQQ,83,2013-11-30,77.31796264648438,1057.76,분할매수,0.0,962.1773851673904,1000000.0,1000000.0,12.2273532291394,0.0,0.0,949.950031938251,77690569.18012267,77690569.18012267
2007,QQQ,84,2013-12-31,79.58111572265625,1055.25,분할매수,0.0,949.950031938251,1000000.0,1000000.0,11.907884553794045,0.0,0.0,938.0421473844569,78774877.5315076,78774877.5315076
2007,QQQ,85,2014-01-31,78.0521011352539,1080.36,분할매수,0.0,938.0421473844569,1000000.0,1000000.0,11.858968219100495,0.0,0.0,926.1831791653565,78099811.21912542,78099811.21912542
2007,QQQ,86,2014-02-28,82.0737075805664,1066.01,분할매수,0.0,926.1831791653565,1000000.0,1000000.0,11.429695716408668,0.0,0.0,914.7534834489478,80033056.53497949,80033056.53497949
2007,QQQ,87,2014-03-31,79.83014678955078,1064.65,분할매수,0.0,914.7534834489478,1000000.0,1000000.0,11.765928738928505,0.0,0.0,902.9875547100193,76745964.95918028,76745964.95918028
2007,QQQ,88,2014-04-30,79.57516479492188,1032.85,분할매수,0.0,902.9875547100193,1000000.0,1000000.0,12.167047385815852,0.0,0.0,890.8205073242034,73215832.82092808,73215832.82092808
2007,QQQ,89,2014-05-31,83.14461517333984,1020.3,분할매수,0.0,890.8205073242034,1000000.0,1000000.0,11.787941876562028,0.0,0.0,879.0325654476413,74570486.91387105,74570486.91387105
2007,QQQ,90,2014-06-30,85.7419204711914,1011.6,분할매수,0.0,879.0325654476413,1000000.0,1000000.0,11.529168131181608,0.0,0.0,867.5033973164598,75244231.62589014,75244231.62589014
2007,QQQ,91,2014-07-31,86.75538635253906,1027.75,분할매수,0.0,867.5033973164598,1000000.0,1000000.0,11.215433544341199,0.0,0.0,856.2879637721186,76349073.83532782,76349073.83532782
2007,QQQ,92,2014-08-31,91.10139465332031,1013.85,분할매수,0.0,856.2879637721186,1000000.0,1000000.0,10.826828785717574,0.0,0.0,845.461134986401,78089452.75847603,78089452.75847603
2007,QQQ,93,2014-09-30,90.41205596923828,1054.55,분할매수,0.0,845.461134986401,1000000.0,1000000.0,10.488333270656577,0.0,0.0,834.9728017157445,79609674.88054225,79609674.88054225
2007,QQQ,94,2014-10-31,92.80071258544922,1073.07,분할매수,0.0,834.9728017157445,1000000.0,1000000.0,10.042009677603716,0.0,0.0,824.9307920381408,82147978.19583367,82147978.19583367
2007,QQQ,95,2014-11-30,97.01976776123047,1112.06,분할매수,0.0,824.9307920381408,1000000.0,1000000.0,9.268544715932244,0.0,0.0,815.6622473222086,88003270.45087446,88003270.45087446
2007,QQQ,96,2014-12-31,94.84590911865234,1090.89,분할매수,0.0,815.6622473222086,1000000.0,1000000.0,9.66496833793112,0.0,0.0,805.9972789842775,83393680.22770047,83393680.22770047
2007,QQQ,97,2015-01-31,92.87093353271484,1104.3,분할매수,0.0,805.9972789842775,1000000.0,1000000.0,9.750639875730613,0.0,0.0,796.2466391085469,81660962.69132127,81660962.69132127
2007,QQQ,98,2015-02-28,99.5767593383789,1100.65,분할매수,0.0,796.2466391085469,1000000.0,1000000.0,9.124157507113518,0.0,0.0,787.1224816014334,86267962.93112703,86267962.93112703
2007,QQQ,99,2015-03-31,97.22775268554688,1107.71,분할매수,0.0,787.1224816014334,1000000.0,1000000.0,9.285037797392155,0.0,0.0,777.8374438040412,83773212.42811835,83773212.42811835
2007,QQQ,100,2015-04-30,99.0967788696289,1076.74,분할매수,0.0,777.8374438040412,1000000.0,1000000.0,9.371942490445559,0.0,0.0,768.4655013135956,81996395.31474134,81996395.31474134
2007,QQQ,101,2015-05-31,101.32494354248047,1111.99,분할매수,0.0,768.4655013135956,1000000.0,1000000.0,8.875293992054415,0.0,0.0,759.5902073215412,85584793.92362241,85584793.92362241
2007,QQQ,102,2015-06-30,98.80792236328125,1117.34,분할매수,0.0,759.5902073215412,1000000.0,1000000.0,9.05780331604223,0.0,0.0,750.532404005499,82860311.4704682,82860311.4704682
2007,QQQ,103,2015-07-31,103.31134796142578,1159.7,분할매수,0.0,750.532404005499,1000000.0,1000000.0,8.346536843016521,0.0,0.0,742.1858671624824,88921415.08767954,88921415.08767954
2007,QQQ,104,2015-08-31,96.26091003417969,1182.54,분할매수,0.0,742.1858671624824,1000000.0,1000000.0,8.784846897620374,0.0,0.0,733.401020264862,83484781.10227789,83484781.10227789
2007,QQQ,105,2015-09-30,94.13615417480469,1184.62,분할매수,0.0,733.401020264862,1000000.0,1000000.0,8.967357575307874,0.0,0.0,724.4336626895541,80785633.5164244,80785633.5164244
2007,QQQ,106,2015-10-31,104.83930969238281,1140.5,분할매수,0.0,724.4336626895541,1000000.0,1000000.0,8.363355500274835,0.0,0.0,716.0703071892793,85619977.19285615,85619977.19285615
2007,QQQ,107,2015-11-30,105.47760009765625,1149.39,분할매수,0.0,716.0703071892793,1000000.0,1000000.0,8.248449993311175,0.0,0.0,707.8218571959682,85812711.20876703,85812711.20876703
2007,QQQ,108,2015-12-31,103.79547882080078,1169.26,분할매수,0.0,707.8218571959682,1000000.0,1000000.0,8.239682369276029,0.0,0.0,699.5821748266922,84904022.20300153,84904022.20300153
2007,QQQ,109,2016-01-31,96.6227798461914,1210.04,분할매수,0.0,699.5821748266922,1000000.0,1000000.0,8.55304476513904,0.0,0.0,691.0291300615531,80793348.9227236,80793348.9227236
2007,QQQ,110,2016-02-29,95.11027526855469,1238.09,분할매수,0.0,691.0291300615531,1000000.0,1000000.0,8.492202578385012,0.0,0.0,682.5369274831681,80372190.9814554,80372190.9814554
2007,QQQ,111,2016-03-31,101.62783813476562,1138.86,분할매수,0.0,682.5369274831681,1000000.0,1000000.0,8.640064273976451,0.0,0.0,673.8968632091917,77996741.90375455,77996741.90375455
2007,QQQ,112,2016-04-30,98.38910675048828,1144.09,분할매수,0.0,673.8968632091917,1000000.0,1000000.0,8.883677672856685,0.0,0.0,665.013185536335,74857869.68253313,74857869.68253313
2007,QQQ,113,2016-05-31,102.68878173828125,1188.99,분할매수,0.0,665.013185536335,1000000.0,1000000.0,8.190280890877412,0.0,0.0,656.8229046454576,80195406.40871637,80195406.40871637
2007,QQQ,114,2016-06-30,100.3494873046875,1154.15,분할매수,0.0,656.8229046454576,1000000.0,1000000.0,8.634209578932929,0.0,0.0,648.1886950665247,75072152.13400368,75072152.13400368
2007,QQQ,115,2016-07-31,107.52534484863281,1112.89,분할매수,0.0,648.1886950665247,1000000.0,1000000.0,8.356740491820076,0.0,0.0,639.8319545747046,76564774.89052083,76564774.89052083
2007,QQQ,116,2016-08-31,108.65442657470703,1115.98,분할매수,0.0,639.8319545747046,1000000.0,1000000.0,8.247003224643937,0.0,0.0,631.5849513500607,76583570.31591062,76583570.31591062
2007,QQQ,117,2016-09-30,111.05953216552734,1097.98,분할매수,0.0,631.5849513500607,1000000.0,1000000.0,8.200677457618157,0.0,0.0,623.3842738924425,76016192.21267374,76016192.21267374
2007,QQQ,118,2016-10-31,109.44116973876953,1145.37,분할매수,0.0,623.3842738924425,1000000.0,1000000.0,7.977622285490401,0.0,0.0,615.4066516069521,77141613.07514471,77141613.07514471
2007,QQQ,119,2016-11-30,109.91825103759766,1175.87,분할매수,0.0,615.4066516069521,1000000.0,1000000.0,7.7369694168529275,0.0,0.0,607.6696821900991,78541047.46316464,78541047.46316464
2007,QQQ,120,2016-12-31,111.16280364990234,1203.73,분할매수,0.0,607.6696821900991,1000000.0,1000000.0,7.473282921773574,0.0,0.0,600.1963992683255,80312281.16891441,80312281.16891441
2007,SPY,0,2006-12-31,99.04432678222656,930.0,분할매수,100000000.0,0.0,0.0,0.0,0.0,8333333.333333333,91666666.66666667,90.47033553375091,8333333.333333334,100000000.0
2007,SPY,1,2007-01-31,100.53398895263672,941.0,분할매수,91666666.66666667,90.47033553375091,1000000.0,1000000.0,0.0,8333333.333333333,82333333.33333334,178.55822726583438,16892051.76735239,99225385.10068573
2007,SPY,2,2007-02-28,98.5617904663086,942.3,분할매수,82333333.33333334,178.55822726583438,1000000.0,1000000.0,0.0,8333333.333333333,73000000.00000001,268.28477916649706,24916888.542973533,97916888.54297355
2007,SPY,3,2007-03-31,99.70401000976562,941.1,분할매수,73000000.00000001,268.28477916649706,1000000.0,1000000.0,0.0,8333333.333333333,63666666.66666668,357.0965142742135,33506881.517506696,97173548.18417338
2007,SPY,4,2007-04-30,104.12042236328125,931.0,분할매수,63666666.66666668,357.0965142742135,1000000.0,1000000.0,0.0,8333333.333333333,54333333.33333334,443.0637875277023,42948881.471562564,97282214.80489591
2007,SPY,5,2007-05-31,107.65221405029297,927.4,분할매수,54333333.33333334,443.0637875277023,1000000.0,1000000.0,0.0,8333333.333333333,45000000.00000001,526.5334574568501,52567343.51369701,97567343.51369703
2007,SPY,6,2007-06-30,106.0783462524414,922.6,분할매수,45000000.00000001,526.5334574568501,1000000.0,1000000.0,0.0,8333333.333333333,35666666.66666667,611.6822635976947,59864047.74972335,95530714.41639003
2007,SPY,7,2007-07-31,102.7569351196289,919.0,분할매수,35666666.66666667,611.6822635976947,1000000.0,1000000.0,0.0,8333333.333333333,26333333.33333334,699.927668523509,66096705.839048184,92430039.17238152
2007,SPY,8,2007-08-31,104.07559967041016,938.1,분할매수,26333333.33333334,699.927668523509,1000000.0,1000000.0,0.0,8333333.333333333,17000000.000000007,785.2810430579034,76669595.40670758,93669595.40670758
2007,SPY,9,2007-09-30,108.10482788085938,913.6,분할매수,17000000.000000007,785.2810430579034,1000000.0,1000000.0,0.0,8333333.333333333,7666666.666666674,869.656778910211,85891278.47059318,93557945.13725986
2007,SPY,10,2007-10-31,109.57144927978516,903.2,분할매수,7666666.666666674,869.656778910211,1000000.0,1000000.0,0.0,6666666.666666674,0.0,937.0207073774172,92732191.51538181,92732191.51538181
2007,SPY,11,2007-11-30,105.32744598388672,920.9,분할매수,0.0,937.0207073774172,1000000.0,1000000.0,10.309698709182989,0.0,0.0,926.7110086682343,89887302.70485985,89887302.70485985
2007,SPY,12,2007-12-31,104.14138793945312,935.8,분할매수,0.0,926.7110086682343,1000000.0,1000000.0,10.261092384052112,0.0,0.0,916.4499162841822,89313094.74501345,89313094.74501345
2007,SPY,13,2008-01-31,97.8448715209961,943.4,분할매수,0.0,916.4499162841822,1000000.0,1000000.0,10.833431977980576,0.0,0.0,905.6164843062016,83594606.59806669,83594606.59806669
2007,SPY,14,2008-02-29,95.31637573242188,942.8,분할매수,0.0,905.6164843062016,1000000.0,1000000.0,11.127892091016678,0.0,0.0,894.488592215185,80382572.44939385,80382572.44939385
2007,SPY,15,2008-03-31,94.4639663696289,988.6,분할매수,0.0,894.488592215185,1000000.0,1000000.0,10.70811969370768,0.0,0.0,883.7804725214773,82533675.17369139,82533675.17369139
2007,SPY,16,2008-04-30,98.96636962890625,1005.0,분할매수,0.0,883.7804725214773,1000000.0,1000000.0,10.054171728769388,0.0,0.0,873.726300792708,86901867.6389418,86901867.6389418
2007,SPY,17,2008-05-31,100.46235656738281,1028.5,분할매수,0.0,873.726300792708,1000000.0,1000000.0,9.678149861944332,0.0,0.0,864.0481509307637,89278236.3629547,89278236.3629547
2007,SPY,18,2008-06-30,92.06616973876953,1046.8,분할매수,0.0,864.0481509307637,1000000.0,1000000.0,10.376149264820269,0.0,0.0,853.6720016659434,82272525.18044132,82272525.18044132
2007,SPY,19,2008-07-31,91.23886108398438,1011.5,분할매수,0.0,853.6720016659434,1000000.0,1000000.0,10.835632258782688,0.0,0.0,842.8363694071608,77783773.87475567,77783773.87475567
2007,SPY,20,2008-08-31,92.64885711669922,1089.0,분할매수,0.0,842.8363694071608,1000000.0,1000000.0,9.911332682601017,0.0,0.0,832.9250367245597,84037642.90817614,84037642.90817614
2007,SPY,21,2008-09-30,83.92376708984375,1206.3,분할매수,0.0,832.9250367245597,1000000.0,1000000.0,9.877788031603828,0.0,0.0,823.0472486929559,83323032.04519364,83323032.04519364
2007,SPY,22,2008-10-31,70.06068420410156,1277.5,분할매수,0.0,823.0472486929559,1000000.0,1000000.0,11.172869261314172,0.0,0.0,811.8743794316417,72664806.1874974,72664806.1874974
2007,SPY,23,2008-11-30,65.18400573730469,1468.0,분할매수,0.0,811.8743794316417,1000000.0,1000000.0,10.450399639859736,0.0,0.0,801.423979791782,76688357.13564526,76688357.13564526
2007,SPY,24,2008-12-31,65.82254791259766,1262.0,분할매수,0.0,801.423979791782,1000000.0,1000000.0,12.038322004695724,0.0,0.0,789.3856577870863,65572731.60488437,65572731.60488437
2007,SPY,25,2009-01-31,60.41757583618164,1380.0,분할매수,0.0,789.3856577870863,1000000.0,1000000.0,11.993822511585513,0.0,0.0,777.3918352755007,64816019.62381667,64816019.62381667
2007,SPY,26,2009-02-28,53.92576599121094,1532.8,분할매수,0.0,777.3918352755007,1000000.0,1000000.0,12.098128289534174,0.0,0.0,765.2937069859665,63257198.85513244,63257198.85513244
2007,SPY,27,2009-03-31,58.41838455200195,1372.3,분할매수,0.0,765.2937069859665,1000000.0,1000000.0,12.47387516480328,0.0,0.0,752.8198318211632,60351720.846569456,60351720.846569456
2007,SPY,28,2009-04-30,64.22201538085938,1277.0,분할매수,0.0,752.8198318211632,1000000.0,1000000.0,12.193409871363622,0.0,0.0,740.6264219497996,60739893.90688573,60739893.90688573
2007,SPY,29,2009-05-31,67.97601318359375,1249.0,분할매수,0.0,740.6264219497996,1000000.0,1000000.0,11.778279938947131,0.0,0.0,728.8481420108525,61880694.44679923,61880694.44679923
2007,SPY,30,2009-06-30,67.9314956665039,1273.5,분할매수,0.0,728.8481420108525,1000000.0,1000000.0,11.559255786286656,0.0,0.0,717.2888862245659,62053206.49409998,62053206.49409998
2007,SPY,31,2009-07-31,72.99956512451172,1222.2,분할매수,0.0,717.2888862245659,1000000.0,1000000.0,11.208240666773793,0.0,0.0,706.0806455577921,62996563.559785865,62996563.559785865
2007,SPY,32,2009-08-31,75.69611358642578,1248.0,분할매수,0.0,706.0806455577921,1000000.0,1000000.0,10.585511109063614,0.0,0.0,695.4951344487284,65702555.812654704,65702555.812654704
2007,SPY,33,2009-09-30,78.380126953125,1175.0,분할매수,0.0,695.4951344487284,1000000.0,1000000.0,10.858158347921664,0.0,0.0,684.6369761008068,63052771.39671219,63052771.39671219
2007,SPY,34,2009-10-31,76.87322998046875,1182.0,분할매수,0.0,684.6369761008068,1000000.0,1000000.0,11.00543959032595,0.0,0.0,673.6315365104808,61208962.257411264,61208962.257411264
2007,SPY,35,2009-11-30,81.60918426513672,1164.4,분할매수,0.0,673.6315365104808,1000000.0,1000000.0,10.523465131391358,0.0,0.0,663.1080713790894,63012331.309109084,63012331.309109084
2007,SPY,36,2009-12-31,83.16798400878906,1163.65,분할매수,0.0,663.1080713790894,1000000.0,1000000.0,10.332881571668471,0.0,0.0,652.7751898074209,63174554.482193306,63174554.482193306
2007,SPY,37,2010-01-31,80.14543914794922,1158.7,분할매수,0.0,652.7751898074209,1000000.0,1000000.0,10.768375223722739,0.0,0.0,642.0068145836982,59619654.891794324,59619654.891794324
2007,SPY,38,2010-02-28,82.64555358886719,1159.0,분할매수,0.0,642.0068145836982,1000000.0,1000000.0,10.439917601873455,0.0,0.0,631.5668969818247,60495390.96635104,60495390.96635104
2007,SPY,39,2010-03-31,87.6769790649414,1131.2,분할매수,0.0,631.5668969818247,1000000.0,1000000.0,10.082657757529512,0.0,0.0,621.4842392242952,61638930.3465333,61638930.3465333
2007,SPY,40,2010-04-30,89.03337097167969,1108.0,분할매수,0.0,621.4842392242952,1000000.0,1000000.0,10.136952762345212,0.0,0.0,611.3472864619499,60308783.200890936,60308783.200890936
2007,SPY,41,2010-05-31,81.95924377441406,1194.5,분할매수,0.0,611.3472864619499,1000000.0,1000000.0,10.21447155458571,0.0,0.0,601.1328149073643,58851092.95130301,58851092.95130301
2007,SPY,42,2010-06-30,77.71862030029297,1220.85,분할매수,0.0,601.1328149073643,1000000.0,1000000.0,10.53932046849478,0.0,0.0,590.5934944388695,56037151.18107777,56037151.18107777
2007,SPY,43,2010-07-31,83.0268325805664,1182.0,분할매수,0.0,590.5934944388695,1000000.0,1000000.0,10.189762301751426,0.0,0.0,580.403732137118,56959496.693790175,56959496.693790175
2007,SPY,44,2010-08-31,79.29222106933594,1198.0,분할매수,0.0,580.403732137118,1000000.0,1000000.0,10.527193331759362,0.0,0.0,569.8765388053587,54133758.243624635,54133758.243624635
2007,SPY,45,2010-09-30,86.39324188232422,1140.1,분할매수,0.0,569.8765388053587,1000000.0,1000000.0,10.152600172674752,0.0,0.0,559.7239386326839,55131092.440649316,55131092.440649316
2007,SPY,46,2010-10-31,89.69363403320312,1124.0,분할매수,0.0,559.7239386326839,1000000.0,1000000.0,9.919095428479864,0.0,0.0,549.8048432042041,55428929.70114953,55428929.70114953
2007,SPY,47,2010-11-30,89.69363403320312,1157.2,분할매수,0.0,549.8048432042041,1000000.0,1000000.0,9.63451716350792,0.0,0.0,540.1703260406962,56066154.315098085,56066154.315098085
2007,SPY,48,2010-12-31,95.68986511230469,1130.6,분할매수,0.0,540.1703260406962,1000000.0,1000000.0,9.243258024556267,0.0,0.0,530.92706801614,57439386.26463127,57439386.26463127
2007,SPY,49,2011-01-31,97.9194564819336,1119.1,분할매수,0.0,530.92706801614,1000000.0,1000000.0,9.125614320760368,0.0,0.0,521.8014536953796,57179871.442550935,57179871.442550935
2007,SPY,50,2011-02-28,101.3209228515625,1123.7,분할매수,0.0,521.8014536953796,1000000.0,1000000.0,8.783153692753505,0.0,0.0,513.018300002626,58409350.21163173,58409350.21163173
2007,SPY,51,2011-03-31,101.33309173583984,1097.25,분할매수,0.0,513.018300002626,1000000.0,1000000.0,8.9937977496805,0.0,0.0,504.0245022529455,56041342.74320887,56041342.74320887
2007,SPY,52,2011-04-30,104.26785278320312,1068.4,분할매수,0.0,504.0245022529455,1000000.0,1000000.0,8.976678900406174,0.0,0.0,495.04782335253935,55148215.59787992,55148215.59787992
2007,SPY,53,2011-05-31,103.09854125976562,1078.0,분할매수,0.0,495.04782335253935,1000000.0,1000000.0,8.997642192136976,0.0,0.0,486.05018116040236,54019727.69990352,54019727.69990352
2007,SPY,54,2011-06-30,101.35928344726562,1066.3,분할매수,0.0,486.05018116040236,1000000.0,1000000.0,9.252456652673798,0.0,0.0,476.79772450772856,51532013.86465749,51532013.86465749
2007,SPY,55,2011-07-31,99.33163452148438,1054.0,분할매수,0.0,476.79772450772856,1000000.0,1000000.0,9.551504996229088,0.0,0.0,467.2462195114995,48918596.566296846,48918596.566296846
2007,SPY,56,2011-08-31,93.87081909179688,1063.9,분할매수,0.0,467.2462195114995,1000000.0,1000000.0,10.013100697195348,0.0,0.0,457.23311881430413,45663489.526513435,45663489.526513435
2007,SPY,57,2011-09-30,87.3542251586914,1180.9,분할매수,0.0,457.23311881430413,1000000.0,1000000.0,9.693998798670444,0.0,0.0,447.53912001563367,46166615.997210026,46166615.997210026
2007,SPY,58,2011-10-31,96.88873291015625,1112.05,분할매수,0.0,447.53912001563367,1000000.0,1000000.0,9.281163196899241,0.0,0.0,438.25795681873444,47220154.146751,47220154.146751
2007,SPY,59,2011-11-30,96.49495697021484,1140.05,분할매수,0.0,438.25795681873444,1000000.0,1000000.0,9.090159095441884,0.0,0.0,429.16779772329255,47212352.74512323,47212352.74512323
2007,SPY,60,2011-12-31,97.50320434570312,1158.5,분할매수,0.0,429.16779772329255,1000000.0,1000000.0,8.852890107640903,0.0,0.0,420.31490761565163,47477705.303591095,47477705.303591095
2007,SPY,61,2012-01-31,102.02483367919922,1125.7,분할매수,0.0,420.31490761565163,1000000.0,1000000.0,8.70705802070727,0.0,0.0,411.60784959494435,47272896.15115136,47272896.15115136
2007,SPY,62,2012-02-29,106.45328521728516,1117.1,분할매수,0.0,411.60784959494435,1000000.0,1000000.0,8.409087656493107,0.0,0.0,403.19876193845124,47947979.42522575,47947979.42522575
2007,SPY,63,2012-03-31,109.87721252441406,1131.4,분할매수,0.0,403.19876193845124,1000000.0,1000000.0,8.0440765036402,0.0,0.0,395.15468543481103,49123685.64073091,49123685.64073091
2007,SPY,64,2012-04-30,109.14369201660156,1130.05,분할매수,0.0,395.15468543481103,1000000.0,1000000.0,8.10781255664475,0.0,0.0,387.04687287816625,47737521.08526021,47737521.08526021
2007,SPY,65,2012-05-31,102.58901977539062,1180.0,분할매수,0.0,387.04687287816625,1000000.0,1000000.0,8.260704985524532,0.0,0.0,378.78616789264174,45853975.96892754,45853975.96892754
2007,SPY,66,2012-06-30,106.75215911865234,1141.17,분할매수,0.0,378.78616789264174,1000000.0,1000000.0,8.208673582845748,0.0,0.0,370.577494309796,45144625.44645682,45144625.44645682
2007,SPY,67,2012-07-31,108.01504516601562,1130.27,분할매수,0.0,370.577494309796,1000000.0,1000000.0,8.190936288174882,0.0,0.0,362.3865580216211,44242385.15257316,44242385.15257316
2007,SPY,68,2012-08-31,110.72108459472656,1133.2,분할매수,0.0,362.3865580216211,1000000.0,1000000.0,7.970087746600781,0.0,0.0,354.41647027502034,44468327.26856463,44468327.26856463
2007,SPY,69,2012-09-30,113.5279769897461,1111.21,분할매수,0.0,354.41647027502034,1000000.0,1000000.0,7.926855837566337,0.0,0.0,346.489614437454,43710851.00291561,43710851.00291561
2007,SPY,70,2012-10-31,111.46190643310547,1090.17,분할매수,0.0,346.489614437454,1000000.0,1000000.0,8.229610983056652,0.0,0.0,338.26000345439735,41102793.81987997,41102793.81987997
2007,SPY,71,2012-11-30,112.09275817871094,1081.75,분할매수,0.0,338.26000345439735,1000000.0,1000000.0,8.24699137739907,0.0,0.0,330.0130120769983,40016170.37958849,40016170.37958849
2007,SPY,72,2012-12-31,113.09429168701172,1063.24,분할매수,0.0,330.0130120769983,1000000.0,1000000.0,8.31625903525666,0.0,0.0,321.6967530417416,38682868.30387472,38682868.30387472
2007,SPY,73,2013-01-31,118.88359069824219,1087.46,분할매수,0.0,321.6967530417416,1000000.0,1000000.0,7.735079735542585,0.0,0.0,313.96167330619903,40589326.0367504,40589326.0367504
2007,SPY,74,2013-02-28,120.40040588378906,1083.9,분할매수,0.0,313.96167330619903,1000000.0,1000000.0,7.6627178164272385,0.0,0.0,306.2989554897718,39972626.27016383,39972626.27016383
2007,SPY,75,2013-03-31,124.97216033935547,1112.48,분할매수,0.0,306.2989554897718,1000000.0,1000000.0,7.192742462959839,0.0,0.0,299.106213026812,41584446.34534138,41584446.34534138
2007,SPY,76,2013-04-30,127.37313842773438,1101.52,분할매수,0.0,299.106213026812,1000000.0,1000000.0,7.127377525531254,0.0,0.0,291.97883550128074,40965815.8916617,40965815.8916617
2007,SPY,77,2013-05-31,130.38040161132812,1129.34,분할매수,0.0,291.97883550128074,1000000.0,1000000.0,6.7914573060769134,0.0,0.0,285.18737819520385,41992074.06340045,41992074.06340045
2007,SPY,78,2013-06-30,128.64056396484375,1141.45,분할매수,0.0,285.18737819520385,1000000.0,1000000.0,6.810283201993404,0.0,0.0,278.37709499321045,40875993.954513974,40875993.954513974
2007,SPY,79,2013-07-31,135.288330078125,1122.66,분할매수,0.0,278.37709499321045,1000000.0,1000000.0,6.584024142865798,0.0,0.0,271.79307085034463,41280691.709621,41280691.709621
2007,SPY,80,2013-08-31,131.23062133789062,1109.42,분할매수,0.0,271.79307085034463,1000000.0,1000000.0,6.868609466480524,0.0,0.0,264.9244613838641,38570319.46229015,38570319.46229015
2007,SPY,81,2013-09-30,135.38365173339844,1073.33,분할매수,0.0,264.9244613838641,1000000.0,1000000.0,6.8817756067335845,0.0,0.0,258.04268577713054,37496527.135328926,37496527.135328926
2007,SPY,82,2013-10-31,141.65283203125,1060.83,분할매수,0.0,258.04268577713054,1000000.0,1000000.0,6.654707101959618,0.0,0.0,251.38797867517093,37775964.414894305,37775964.414894305
2007,SPY,83,2013-11-30,145.85108947753906,1057.76,분할매수,0.0,251.38797867517093,1000000.0,1000000.0,6.481912775711972,0.0,0.0,244.90606589945895,37782993.13393006,37782993.13393006
2007,SPY,84,2013-12-31,149.6324920654297,1055.25,분할매수,0.0,244.90606589945895,1000000.0,1000000.0,6.333134773115586,0.0,0.0,238.57293112634338,37670591.21165322,37670591.21165322
2007,SPY,85,2014-01-31,144.3582305908203,1080.36,분할매수,0.0,238.57293112634338,1000000.0,1000000.0,6.411947438041357,0.0,0.0,232.16098368830203,36207561.888439275,36207561.888439275
2007,SPY,86,2014-02-28,150.92877197265625,1066.01,분할매수,0.0,232.16098368830203,1000000.0,1000000.0,6.215365643691375,0.0,0.0,225.94561804461065,36352747.528851576,36352747.528851576
2007,SPY,87,2014-03-31,152.1807861328125,1064.65,분할매수,0.0,225.94561804461065,1000000.0,1000000.0,6.172105179719101,0.0,0.0,219.77351286489156,35607544.989195034,35607544.989195034
2007,SPY,88,2014-04-30,153.23870849609375,1032.85,분할매수,0.0,219.77351286489156,1000000.0,1000000.0,6.318213004376766,0.0,0.0,213.4552998605148,33784125.30768583,33784125.30768583
2007,SPY,89,2014-05-31,156.79478454589844,1020.3,분할매수,0.0,213.4552998605148,1000000.0,1000000.0,6.250870485590305,0.0,0.0,207.2044293749245,33148091.910171296,33148091.910171296
2007,SPY,90,2014-06-30,160.03182983398438,1011.6,분할매수,0.0,207.2044293749245,1000000.0,1000000.0,6.177102505346989,0.0,0.0,201.0273268695775,32543951.908773627,32543951.908773627
2007,SPY,91,2014-07-31,157.88136291503906,1027.75,분할매수,0.0,201.0273268695775,1000000.0,1000000.0,6.162850714521314,0.0,0.0,194.8644761550562,31619210.846030023,31619210.846030023
2007,SPY,92,2014-08-31,164.11192321777344,1013.85,분할매수,0.0,194.8644761550562,1000000.0,1000000.0,6.010161740306534,0.0,0.0,188.85431441474967,31422501.186318755,31422501.186318755
2007,SPY,93,2014-09-30,161.8478240966797,1054.55,분할매수,0.0,188.85431441474967,1000000.0,1000000.0,5.85903319975545,0.0,0.0,182.9952812149942,31233016.60462212,31233016.60462212
2007,SPY,94,2014-10-31,165.65948486328125,1073.07,분할매수,0.0,182.9952812149942,1000000.0,1000000.0,5.625428900981454,0.0,0.0,177.36985231401275,31530014.055118088,31530014.055118088
2007,SPY,95,2014-11-30,170.2104949951172,1112.06,분할매수,0.0,177.36985231401275,1000000.0,1000000.0,5.283058814029783,0.0,0.0,172.08679349998297,32573325.33247336,32573325.33247336
2007,SPY,96,2014-12-31,169.77871704101562,1090.89,분할매수,0.0,172.08679349998297,1000000.0,1000000.0,5.399279277111115,0.0,0.0,166.68751422287187,30872178.61270885,30872178.61270885
2007,SPY,97,2015-01-31,164.748291015625,1104.3,분할매수,0.0,166.68751422287187,1000000.0,1000000.0,5.49657311901665,0.0,0.0,161.1909411038552,29325715.78938491,29325715.78938491
2007,SPY,98,2015-02-28,174.0078887939453,1100.65,분할매수,0.0,161.1909411038552,1000000.0,1000000.0,5.221338196495144,0.0,0.0,155.96960290736007,29871576.411590356,29871576.411590356
2007,SPY,99,2015-03-31,171.27499389648438,1107.71,분할매수,0.0,155.96960290736007,1000000.0,1000000.0,5.270841575311419,0.0,0.0,150.69876133204866,28591024.63597473,28591024.63597473
2007,SPY,100,2015-04-30,172.9592742919922,1076.74,분할매수,0.0,150.69876133204866,1000000.0,1000000.0,5.369641589653466,0.0,0.0,145.3291197423952,27064957.188655514,27064957.188655514
2007,SPY,101,2015-05-31,175.18284606933594,1111.99,분할매수,0.0,145.3291197423952,1000000.0,1000000.0,5.1334287736819775,0.0,0.0,140.19569096871322,27310341.128617078,27310341.128617078
2007,SPY,102,2015-06-30,171.6245574951172,1117.34,분할매수,0.0,140.19569096871322,1000000.0,1000000.0,5.214770775789676,0.0,0.0,134.98092019292355,25884343.913943812,25884343.913943812
2007,SPY,103,2015-07-31,175.50144958496094,1159.7,분할매수,0.0,134.98092019292355,1000000.0,1000000.0,4.913303987522343,0.0,0.0,130.0676162054012,26472535.90164916,26472535.90164916
2007,SPY,104,2015-08-31,164.80459594726562,1182.54,분할매수,0.0,130.0676162054012,1000000.0,1000000.0,5.13115154353138,0.0,0.0,124.93646466186983,24348621.084748864,24348621.084748864
2007,SPY,105,2015-09-30,160.5994110107422,1184.62,분할매수,0.0,124.93646466186983,1000000.0,1000000.0,5.256261837680844,0.0,0.0,119.680202824189,22769071.731973317,22769071.731973317
2007,SPY,106,2015-10-31,174.25997924804688,1140.5,분할매수,0.0,119.680202824189,1000000.0,1000000.0,5.031610936397113,0.0,0.0,114.64859188779188,22785663.147851817,22785663.147851817
2007,SPY,107,2015-11-30,174.8968963623047,1149.39,분할매수,0.0,114.64859188779188,1000000.0,1000000.0,4.974512000588635,0.0,0.0,109.67407988720325,22047203.800940774,22047203.800940774
2007,SPY,108,2015-12-31,171.87423706054688,1169.26,분할매수,0.0,109.67407988720325,1000000.0,1000000.0,4.975974244173872,0.0,0.0,104.69810564302938,21040724.992822327,21040724.992822327
2007,SPY,109,2016-01-31,163.3172607421875,1210.04,분할매수,0.0,104.69810564302938,1000000.0,1000000.0,5.060205869245099,0.0,0.0,99.63789977378428,19690483.420716763,19690483.420716763
2007,SPY,110,2016-02-29,163.1823272705078,1238.09,분할매수,0.0,99.63789977378428,1000000.0,1000000.0,4.9496519529814575,0.0,0.0,94.68824782080283,19130284.05234972,19130284.05234972
2007,SPY,111,2016-03-31,174.15895080566406,1138.86,분할매수,0.0,94.68824782080283,1000000.0,1000000.0,5.041779646970021,0.0,0.0,89.6464681738328,17780719.200552136,17780719.200552136
2007,SPY,112,2016-04-30,174.84535217285156,1144.09,분할매수,0.0,89.6464681738328,1000000.0,1000000.0,4.999029714141533,0.0,0.0,84.64743845969127,16932773.61809551,16932773.61809551
2007,SPY,113,2016-05-31,177.8197479248047,1188.99,분할매수,0.0,84.64743845969127,1000000.0,1000000.0,4.729789444613229,0.0,0.0,79.91764901507804,16896661.03553436,16896661.03553436
2007,SPY,114,2016-06-30,178.43783569335938,1154.15,분할매수,0.0,79.91764901507804,1000000.0,1000000.0,4.85568826342465,0.0,0.0,75.06196075165339,15458562.551689269,15458562.551689269
2007,SPY,115,2016-07-31,184.94561767578125,1112.89,분할매수,0.0,75.06196075165339,1000000.0,1000000.0,4.858516868286706,0.0,0.0,70.20344388336667,14449562.651847502,14449562.651847502
2007,SPY,116,2016-08-31,185.1671600341797,1115.98,분할매수,0.0,70.20344388336667,1000000.0,1000000.0,4.839267428241823,0.0,0.0,65.36417645512485,13507039.53116156,13507039.53116156
2007,SPY,117,2016-09-30,185.1779327392578,1097.98,분할매수,0.0,65.36417645512485,1000000.0,1000000.0,4.918314987163567,0.0,0.0,60.44586146796128,12289953.292076744,12289953.292076744
2007,SPY,118,2016-10-31,181.96746826171875,1145.37,분할매수,0.0,60.44586146796128,1000000.0,1000000.0,4.798002208847673,0.0,0.0,55.64785925911361,11598131.22980584,11598131.22980584
2007,SPY,119,2016-11-30,188.67086791992188,1175.87,분할매수,0.0,55.64785925911361,1000000.0,1000000.0,4.507501110308179,0.0,0.0,51.14035814880543,11345611.880572326,11345611.880572326
2007,SPY,120,2016-12-31,192.49554443359375,1203.73,분할매수,0.0,51.14035814880543,1000000.0,1000000.0,4.315689926734243,0.0,0.0,46.82466822207119,10849868.507004678,10849868.507004678
2007,SOXX,0,2006-12-31,16.73563575744629,930.0,분할매수,100000000.0,0.0,0.0,0.0,0.0,8333333.333333333,91666666.66666667,535.4187678657876,8333333.333333332,100000000.0
2007,SOXX,1,2007-01-31,16.680774688720703,941.0,분할매수,91666666.66666667,535.4187678657876,1000000.0,1000000.0,0.0,8333333.333333333,82333333.33333334,1066.3189987910646,16737592.374192968,99070925.70752631
2007,SOXX,2,2007-02-28,16.97429084777832,942.3,분할매수,82333333.33333334,1066.3189987910646,1000000.0,1000000.0,0.0,8333333.333333333,73000000.00000001,1587.3192389192095,25388971.646295745,98388971.64629576
2007,SOXX,3,2007-03-31,16.558300018310547,941.1,분할매수,73000000.00000001,1587.3192389192095,1000000.0,1000000.0,0.0,8333333.333333333,63666666.66666668,2122.0894820222143,33068554.664223474,96735221.33089015
2007,SOXX,4,2007-04-30,17.566083908081055,931.0,분할매수,63666666.66666668,2122.0894820222143,1000000.0,1000000.0,0.0,8333333.333333333,54333333.33333334,2631.648063628163,43038035.90377738,97371369.23711073
2007,SOXX,5,2007-05-31,17.714351654052734,927.4,분할매수,54333333.33333334,2631.648063628163,1000000.0,1000000.0,0.0,8333333.333333333,45000000.00000001,3138.903138462593,51566810.1741375,96566810.1741375
2007,SOXX,6,2007-06-30,18.101930618286133,922.6,분할매수,45000000.00000001,3138.903138462593,1000000.0,1000000.0,0.0,8333333.333333333,35666666.66666667,3637.8800007242435,60755656.15466406,96422322.82133073
2007,SOXX,7,2007-07-31,18.110179901123047,919.0,분할매수,35666666.66666667,3637.8800007242435,1000000.0,1000000.0,0.0,8333333.333333333,26333333.33333334,4138.583328801342,68879499.04213011,95212832.37546346
2007,SOXX,8,2007-08-31,18.35765838623047,938.1,분할매수,26333333.33333334,4138.583328801342,1000000.0,1000000.0,0.0,8333333.333333333,17000000.000000007,4622.479665232966,79605198.42122102,96605198.42122102
2007,SOXX,9,2007-09-30,18.577804565429688,913.6,분할매수,17000000.000000007,4622.479665232966,1000000.0,1000000.0,0.0,8333333.333333333,7666666.666666674,5113.4647205181345,86789211.90293297,94455878.56959964
2007,SOXX,10,2007-10-31,17.79867935180664,903.2,분할매수,7666666.666666674,5113.4647205181345,1000000.0,1000000.0,0.0,6666666.666666674,0.0,5528.167582760683,88869535.05081601,88869535.05081601
2007,SOXX,11,2007-11-30,16.281736373901367,920.9,분할매수,0.0,5528.167582760683,1000000.0,1000000.0,66.69400664429381,0.0,0.0,5461.473576116389,81888521.18668838,81888521.18668838
2007,SOXX,12,2007-12-31,16.376056671142578,935.8,분할매수,0.0,5461.473576116389,1000000.0,1000000.0,65.25407331627054,0.0,0.0,5396.219502800119,82695519.65968412,82695519.65968412
2007,SOXX,13,2008-01-31,14.115763664245605,943.4,분할매수,0.0,5396.219502800119,1000000.0,1000000.0,75.09305094855523,0.0,0.0,5321.126451851564,70860437.61222276,70860437.61222276
2007,SOXX,14,2008-02-29,13.834603309631348,942.8,분할매수,0.0,5321.126451851564,1000000.0,1000000.0,76.66792606324866,0.0,0.0,5244.458525788315,68404857.09058829,68404857.09058829
2007,SOXX,15,2008-03-31,13.660955429077148,988.6,분할매수,0.0,5244.458525788315,1000000.0,1000000.0,74.04544022413931,0.0,0.0,5170.413085564175,69827568.98889482,69827568.98889482
2007,SOXX,16,2008-04-30,14.716668128967285,1005.0,분할매수,0.0,5170.413085564175,1000000.0,1000000.0,67.61210261060053,0.0,0.0,5102.800982953575,75471709.73726729,75471709.73726729
2007,SOXX,17,2008-05-31,15.965337753295898,1028.5,분할매수,0.0,5102.800982953575,1000000.0,1000000.0,60.90004216431299,0.0,0.0,5041.900940789262,82789777.5043542,82789777.5043542
2007,SOXX,18,2008-06-30,14.149591445922852,1046.8,분할매수,0.0,5041.900940789262,1000000.0,1000000.0,67.51377402667096,0.0,0.0,4974.387166762591,73679589.66117768,73679589.66117768
2007,SOXX,19,2008-07-31,12.986111640930176,1011.5,분할매수,0.0,4974.387166762591,1000000.0,1000000.0,76.12985116346954,0.0,0.0,4898.257315599121,64340823.48435643,64340823.48435643
2007,SOXX,20,2008-08-31,13.558173179626465,1089.0,분할매수,0.0,4898.257315599121,1000000.0,1000000.0,67.72841985277486,0.0,0.0,4830.528895746346,71322037.42899573,71322037.42899573
2007,SOXX,21,2008-09-30,11.203596115112305,1206.3,분할매수,0.0,4830.528895746346,1000000.0,1000000.0,73.99241936336581,0.0,0.0,4756.53647638298,64284105.28143882,64284105.28143882
2007,SOXX,22,2008-10-31,9.227625846862793,1277.5,분할매수,0.0,4756.53647638298,1000000.0,1000000.0,84.82993111784813,0.0,0.0,4671.706545265132,55071440.98437455,55071440.98437455
2007,SOXX,23,2008-11-30,7.481041431427002,1468.0,분할매수,0.0,4671.706545265132,1000000.0,1000000.0,91.05669529112684,0.0,0.0,4580.6498499740055,50305469.963836625,50305469.963836625
2007,SOXX,24,2008-12-31,7.908021450042725,1262.0,분할매수,0.0,4580.6498499740055,1000000.0,1000000.0,100.20117319447608,0.0,0.0,4480.44867677953,44714533.11313654,44714533.11313654
2007,SOXX,25,2009-01-31,7.701746463775635,1380.0,분할매수,0.0,4480.44867677953,1000000.0,1000000.0,94.08744945937632,0.0,0.0,4386.361227320153,46620046.058470644,46620046.058470644
2007,SOXX,26,2009-02-28,7.576310157775879,1532.8,분할매수,0.0,4386.361227320153,1000000.0,1000000.0,86.11062924918446,0.0,0.0,4300.250598070969,49938673.48973874,49938673.48973874
2007,SOXX,27,2009-03-31,8.680145263671875,1372.3,분할매수,0.0,4300.250598070969,1000000.0,1000000.0,83.95062687267615,0.0,0.0,4216.299971198293,50223567.44986491,50223567.44986491
2007,SOXX,28,2009-04-30,9.758893966674805,1277.0,분할매수,0.0,4216.299971198293,1000000.0,1000000.0,80.24324877162914,0.0,0.0,4136.056722426664,51543983.895739414,51543983.895739414
2007,SOXX,29,2009-05-31,10.151926040649414,1249.0,분할매수,0.0,4136.056722426664,1000000.0,1000000.0,78.8658732544028,0.0,0.0,4057.1908491722616,51444188.49056189,51444188.49056189
2007,SOXX,30,2009-06-30,10.254066467285156,1273.5,분할매수,0.0,4057.1908491722616,1000000.0,1000000.0,76.57815919756173,0.0,0.0,3980.6126899746996,51981044.35633187,51981044.35633187
2007,SOXX,31,2009-07-31,11.84000301361084,1222.2,분할매수,0.0,3980.6126899746996,1000000.0,1000000.0,69.10443295874038,0.0,0.0,3911.5082570159593,56602855.845027655,56602855.845027655
2007,SOXX,32,2009-08-31,12.150481224060059,1248.0,분할매수,0.0,3911.5082570159593,1000000.0,1000000.0,65.94652808444935,0.0,0.0,3845.56172893151,58313331.12801612,58313331.12801612
2007,SOXX,33,2009-09-30,12.52808666229248,1175.0,분할매수,0.0,3845.56172893151,1000000.0,1000000.0,67.9324666829452,0.0,0.0,3777.629262248565,55608598.46116789,55608598.46116789
2007,SOXX,34,2009-10-31,11.356111526489258,1182.0,분할매수,0.0,3777.629262248565,1000000.0,1000000.0,74.49941704868328,0.0,0.0,3703.1298451998814,49706829.82364801,49706829.82364801
2007,SOXX,35,2009-11-30,12.128105163574219,1164.4,분할매수,0.0,3703.1298451998814,1000000.0,1000000.0,70.81167201574316,0.0,0.0,3632.3181731841382,51295472.48053379,51295472.48053379
2007,SOXX,36,2009-12-31,13.834537506103516,1163.65,분할매수,0.0,3632.3181731841382,1000000.0,1000000.0,62.11735874351422,0.0,0.0,3570.200814440624,57475090.48448386,57475090.48448386
2007,SOXX,37,2010-01-31,12.078170776367188,1158.7,분할매수,0.0,3570.200814440624,1000000.0,1000000.0,71.45421083992444,0.0,0.0,3498.7466036006995,48964876.42189177,48964876.42189177
2007,SOXX,38,2010-02-28,13.042060852050781,1159.0,분할매수,0.0,3498.7466036006995,1000000.0,1000000.0,66.15616806398496,0.0,0.0,3432.5904355367147,51886173.821566865,51886173.821566865
2007,SOXX,39,2010-03-31,13.887931823730469,1131.2,분할매수,0.0,3432.5904355367147,1000000.0,1000000.0,63.65360835191846,0.0,0.0,3368.936827184796,52926093.499038205,52926093.499038205
2007,SOXX,40,2010-04-30,14.168952941894531,1108.0,분할매수,0.0,3368.936827184796,1000000.0,1000000.0,63.6975138186603,0.0,0.0,3305.239313366136,51889612.5644053,51889612.5644053
2007,SOXX,41,2010-05-31,13.241588592529297,1194.5,분할매수,0.0,3305.239313366136,1000000.0,1000000.0,63.22280429716924,0.0,0.0,3242.0165090689666,51279226.6194071,51279226.6194071
2007,SOXX,42,2010-06-30,12.33794116973877,1220.85,분할매수,0.0,3242.0165090689666,1000000.0,1000000.0,66.38882731286313,0.0,0.0,3175.6276817561034,47833766.769078195,47833766.769078195
2007,SOXX,43,2010-07-31,12.978693008422852,1182.0,분할매수,0.0,3175.6276817561034,1000000.0,1000000.0,65.1855844124084,0.0,0.0,3110.442097343695,47716717.20644429,47716717.20644429
2007,SOXX,44,2010-08-31,11.620979309082031,1198.0,분할매수,0.0,3110.442097343695,1000000.0,1000000.0,71.82910481986215,0.0,0.0,3038.612992523833,42303367.1398839,42303367.1398839
2007,SOXX,45,2010-09-30,13.354104995727539,1140.1,분할매수,0.0,3038.612992523833,1000000.0,1000000.0,65.68137982538235,0.0,0.0,2972.9316126984504,45262928.71133579,45262928.71133579
2007,SOXX,46,2010-10-31,14.277120590209961,1124.0,분할매수,0.0,2972.9316126984504,1000000.0,1000000.0,62.31506624049656,0.0,0.0,2910.616546457954,46708071.1304201,46708071.1304201
2007,SOXX,47,2010-11-30,14.974329948425293,1157.2,분할매수,0.0,2910.616546457954,1000000.0,1000000.0,57.70908344657977,0.0,0.0,2852.907463011374,49436021.03215272,49436021.03215272
2007,SOXX,48,2010-12-31,15.722329139709473,1130.6,분할매수,0.0,2852.907463011374,1000000.0,1000000.0,56.25668472580782,0.0,0.0,2796.6507782855665,49712328.26669929,49712328.26669929
2007,SOXX,49,2011-01-31,16.792133331298828,1119.1,분할매수,0.0,2796.6507782855665,1000000.0,1000000.0,53.213917298231046,0.0,0.0,2743.4368609873354,51554875.12058305,51554875.12058305
2007,SOXX,50,2011-02-28,17.52320671081543,1123.7,분할매수,0.0,2743.4368609873354,1000000.0,1000000.0,50.785067618224915,0.0,0.0,2692.6517933691107,53020541.66021857,53020541.66021857
2007,SOXX,51,2011-03-31,16.704345703125,1097.25,분할매수,0.0,2692.6517933691107,1000000.0,1000000.0,54.55881652709496,0.0,0.0,2638.0929768420156,48353192.84339476,48353192.84339476
2007,SOXX,52,2011-04-30,17.182092666625977,1068.4,분할매수,0.0,2638.0929768420156,1000000.0,1000000.0,54.47409999642574,0.0,0.0,2583.61887684559,47428390.31787788,47428390.31787788
2007,SOXX,53,2011-05-31,16.831554412841797,1078.0,분할매수,0.0,2583.61887684559,1000000.0,1000000.0,55.11337586734634,0.0,0.0,2528.5055009782436,45878254.80087016,45878254.80087016
2007,SOXX,54,2011-06-30,15.72076416015625,1066.3,분할매수,0.0,2528.5055009782436,1000000.0,1000000.0,59.6550121156821,0.0,0.0,2468.8504888625616,41385466.22159768,41385466.22159768
2007,SOXX,55,2011-07-31,14.862497329711914,1054.0,분할매수,0.0,2468.8504888625616,1000000.0,1000000.0,63.836284196927096,0.0,0.0,2405.0142046656347,37674721.12327938,37674721.12327938
2007,SOXX,56,2011-08-31,13.692647933959961,1063.9,분할매수,0.0,2405.0142046656347,1000000.0,1000000.0,68.64544890277745,0.0,0.0,2336.3687557628573,34035304.49734339,34035304.49734339
2007,SOXX,57,2011-09-30,13.04082202911377,1180.9,분할매수,0.0,2336.3687557628573,1000000.0,1000000.0,64.93545819861862,0.0,0.0,2271.4332975642387,34979860.93540123,34979860.93540123
2007,SOXX,58,2011-10-31,14.88107967376709,1112.05,분할매수,0.0,2271.4332975642387,1000000.0,1000000.0,60.42842063840004,0.0,0.0,2211.0048769258387,36588824.48966119,36588824.48966119
2007,SOXX,59,2011-11-30,14.350017547607422,1140.05,분할매수,0.0,2211.0048769258387,1000000.0,1000000.0,61.125675132942234,0.0,0.0,2149.8792017928963,35171459.40911285,35171459.40911285
2007,SOXX,60,2011-12-31,14.056510925292969,1158.5,분할매수,0.0,2149.8792017928963,1000000.0,1000000.0,61.40820846673756,0.0,0.0,2088.470993326159,34009638.8654198,34009638.8654198
2007,SOXX,61,2012-01-31,15.795072555541992,1125.7,분할매수,0.0,2088.470993326159,1000000.0,1000000.0,56.24134636128074,0.0,0.0,2032.2296469648782,36134086.01405679,36134086.01405679
2007,SOXX,62,2012-02-29,16.41254234313965,1117.1,분할매수,0.0,2032.2296469648782,1000000.0,1000000.0,54.54212930563989,0.0,0.0,1977.6875176592382,36259814.98772797,36259814.98772797
2007,SOXX,63,2012-03-31,16.94625473022461,1131.4,분할매수,0.0,1977.6875176592382,1000000.0,1000000.0,52.156698788240455,0.0,0.0,1925.5308188709978,36918188.144705564,36918188.144705564
2007,SOXX,64,2012-04-30,15.994181632995605,1130.05,분할매수,0.0,1925.5308188709978,1000000.0,1000000.0,55.327406985625835,0.0,0.0,1870.203411885372,33802477.176840305,33802477.176840305
2007,SOXX,65,2012-05-31,14.315231323242188,1180.0,분할매수,0.0,1870.203411885372,1000000.0,1000000.0,59.199715881832326,0.0,0.0,1811.0036960035395,30591425.465933945,30591425.465933945
2007,SOXX,66,2012-06-30,14.94796371459961,1141.17,분할매수,0.0,1811.0036960035395,1000000.0,1000000.0,58.622943244982274,0.0,0.0,1752.3807527585573,29892404.846263822,29892404.846263822
2007,SOXX,67,2012-07-31,14.91081714630127,1130.27,분할매수,0.0,1752.3807527585573,1000000.0,1000000.0,59.33573890942879,0.0,0.0,1693.0450138491285,28533309.687664375,28533309.687664375
2007,SOXX,68,2012-08-31,15.413655281066895,1133.2,분할매수,0.0,1693.0450138491285,1000000.0,1000000.0,57.251621599629885,0.0,0.0,1635.7933922494985,28572001.0463437,28572001.0463437
2007,SOXX,69,2012-09-30,14.88819408416748,1111.21,분할매수,0.0,1635.7933922494985,1000000.0,1000000.0,60.44520255719029,0.0,0.0,1575.3481896923083,26062418.902505804,26062418.902505804
2007,SOXX,70,2012-10-31,14.317110061645508,1090.17,분할매수,0.0,1575.3481896923083,1000000.0,1000000.0,64.06936353948034,0.0,0.0,1511.278826152828,23588166.678471208,23588166.678471208
2007,SOXX,71,2012-11-30,14.615561485290527,1081.75,분할매수,0.0,1511.278826152828,1000000.0,1000000.0,63.249572115246885,0.0,0.0,1448.0292540375813,22893898.02351755,22893898.02351755
2007,SOXX,72,2012-12-31,14.987213134765625,1063.24,분할매수,0.0,1448.0292540375813,1000000.0,1000000.0,62.75492425582106,0.0,0.0,1385.2743297817601,22074352.669675387,22074352.669675387
2007,SOXX,73,2013-01-31,16.133434295654297,1087.46,분할매수,0.0,1385.2743297817601,1000000.0,1000000.0,56.9980350399548,0.0,0.0,1328.2762947418053,23303896.245032005,23303896.245032005
2007,SOXX,74,2013-02-28,16.7209415435791,1083.9,분할매수,0.0,1328.2762947418053,1000000.0,1000000.0,55.17597994504447,0.0,0.0,1273.1003147967608,23073451.818432126,23073451.818432126
2007,SOXX,75,2013-03-31,17.11033821105957,1112.48,분할매수,0.0,1273.1003147967608,1000000.0,1000000.0,52.53505531408447,0.0,0.0,1220.5652594826763,23233348.707552366,23233348.707552366
2007,SOXX,76,2013-04-30,17.410873413085938,1101.52,분할매수,0.0,1220.5652594826763,1000000.0,1000000.0,52.14192433929762,0.0,0.0,1168.4233351433786,22408519.630771995,22408519.630771995
2007,SOXX,77,2013-05-31,18.40207290649414,1129.34,분할매수,0.0,1168.4233351433786,1000000.0,1000000.0,48.1181079757602,0.0,0.0,1120.3052271676183,23282403.949298646,23282403.949298646
2007,SOXX,78,2013-06-30,18.394147872924805,1141.45,분할매수,0.0,1120.3052271676183,1000000.0,1000000.0,47.628119438697894,0.0,0.0,1072.6771077289204,22521928.649934668,22521928.649934668
2007,SOXX,79,2013-07-31,18.814044952392578,1122.66,분할매수,0.0,1072.6771077289204,1000000.0,1000000.0,47.34450426457053,0.0,0.0,1025.3326034643499,21656845.274682503,21656845.274682503
2007,SOXX,80,2013-08-31,18.072711944580078,1109.42,분할매수,0.0,1025.3326034643499,1000000.0,1000000.0,49.87474435367592,0.0,0.0,975.4578591106739,19558152.56301719,19558152.56301719
2007,SOXX,81,2013-09-30,19.387670516967773,1073.33,분할매수,0.0,975.4578591106739,1000000.0,1000000.0,48.055278803816336,0.0,0.0,927.4025803068575,19298661.944985062,19298661.944985062
2007,SOXX,82,2013-10-31,20.033437728881836,1060.83,분할매수,0.0,927.4025803068575,1000000.0,1000000.0,47.05423602720163,0.0,0.0,880.3483442796559,18709226.17404168,18709226.17404168
2007,SOXX,83,2013-11-30,20.207975387573242,1057.76,분할매수,0.0,880.3483442796559,1000000.0,1000000.0,46.78321415698745,0.0,0.0,833.5651301226684,17817611.404926714,17817611.404926714
2007,SOXX,84,2013-12-31,21.218782424926758,1055.25,분할매수,0.0,833.5651301226684,1000000.0,1000000.0,44.66056155862515,0.0,0.0,788.9045685640433,17664456.98468126,17664456.98468126
2007,SOXX,85,2014-01-31,20.988237380981445,1080.36,분할매수,0.0,788.9045685640433,1000000.0,1000000.0,44.10172088275238,0.0,0.0,744.8028476812909,16888294.44232807,16888294.44232807
2007,SOXX,86,2014-02-28,22.397769927978516,1066.01,분할매수,0.0,744.8028476812909,1000000.0,1000000.0,41.88262969839527,0.0,0.0,702.9202179828957,16783096.54968556,16783096.54968556
2007,SOXX,87,2014-03-31,23.317424774169922,1064.65,분할매수,0.0,702.9202179828957,1000000.0,1000000.0,40.28214210792898,0.0,0.0,662.6380758749667,16449921.508631378,16449921.508631378
2007,SOXX,88,2014-04-30,22.884382247924805,1032.85,분할매수,0.0,662.6380758749667,1000000.0,1000000.0,42.308102980656926,0.0,0.0,620.3299728943098,14662202.490570705,14662202.490570705
2007,SOXX,89,2014-05-31,23.896774291992188,1020.3,분할매수,0.0,620.3299728943098,1000000.0,1000000.0,41.014066544574604,0.0,0.0,579.3159063497352,14124810.221393855,14124810.221393855
2007,SOXX,90,2014-06-30,25.35187530517578,1011.6,분할매수,0.0,579.3159063497352,1000000.0,1000000.0,38.992500755987514,0.0,0.0,540.3234055937477,13857110.857676346,13857110.857676346
2007,SOXX,91,2014-07-31,24.248594284057617,1027.75,분할매수,0.0,540.3234055937477,1000000.0,1000000.0,40.126007258501225,0.0,0.0,500.1973983352465,12465665.848905837,12465665.848905837
2007,SOXX,92,2014-08-31,25.803739547729492,1013.85,분할매수,0.0,500.1973983352465,1000000.0,1000000.0,38.224661205680746,0.0,0.0,461.97273712956576,12085724.832033563,12085724.832033563
2007,SOXX,93,2014-09-30,25.554243087768555,1054.55,분할매수,0.0,461.97273712956576,1000000.0,1000000.0,37.1081926173158,0.0,0.0,424.86454451224995,11449346.210248876,11449346.210248876
2007,SOXX,94,2014-10-31,25.642515182495117,1073.07,분할매수,0.0,424.86454451224995,1000000.0,1000000.0,36.34220930510624,0.0,0.0,388.5223352071437,10690663.628767187,10690663.628767187
2007,SOXX,95,2014-11-30,27.49325180053711,1112.06,분할매수,0.0,388.5223352071437,1000000.0,1000000.0,32.70737351653538,0.0,0.0,355.81496169060836,10878738.444428265,10878738.444428265
2007,SOXX,96,2014-12-31,27.552759170532227,1090.89,분할매수,0.0,355.81496169060836,1000000.0,1000000.0,33.27008750522752,0.0,0.0,322.5448741853808,9694740.782833869,9694740.782833869
2007,SOXX,97,2015-01-31,26.212053298950195,1104.3,분할매수,0.0,322.5448741853808,1000000.0,1000000.0,34.547122938922314,0.0,0.0,287.9977512464585,8336374.399559262,8336374.399559262
2007,SOXX,98,2015-02-28,28.730329513549805,1100.65,분할매수,0.0,287.9977512464585,1000000.0,1000000.0,31.623516041569015,0.0,0.0,256.3742352048895,8107075.59740942,8107075.59740942
2007,SOXX,99,2015-03-31,27.96234703063965,1107.71,분할매수,0.0,256.3742352048895,1000000.0,1000000.0,32.28496369248259,0.0,0.0,224.0892715124069,6940979.511294451,6940979.511294451
2007,SOXX,100,2015-04-30,27.60248565673828,1076.74,분할매수,0.0,224.0892715124069,1000000.0,1000000.0,33.64658256159053,0.0,0.0,190.44268895081638,5660090.102827188,5660090.102827188
2007,SOXX,101,2015-05-31,30.059059143066406,1111.99,분할매수,0.0,190.44268895081638,1000000.0,1000000.0,29.917392237317078,0.0,0.0,160.5252967134993,5365617.946916848,5365617.946916848
2007,SOXX,102,2015-06-30,27.459665298461914,1117.34,분할매수,0.0,160.5252967134993,1000000.0,1000000.0,32.592630576728205,0.0,0.0,127.9326661367711,3925202.2274052836,3925202.2274052836
2007,SOXX,103,2015-07-31,26.102930068969727,1159.7,분할매수,0.0,127.9326661367711,1000000.0,1000000.0,33.034298057090666,0.0,0.0,94.89836807968044,2872722.4025064744,2872722.4025064744
2007,SOXX,104,2015-08-31,24.755144119262695,1182.54,분할매수,0.0,94.89836807968044,1000000.0,1000000.0,34.16006599686335,0.0,0.0,60.738302082817086,1778049.904481865,1778049.904481865
2007,SOXX,105,2015-09-30,24.426544189453125,1184.62,분할매수,0.0,60.738302082817086,1000000.0,1000000.0,34.55882046606791,0.0,0.0,26.17948161674918,757534.0032931358,757534.0032931358
2007,SOXX,106,2015-10-31,26.849407196044922,1140.5,고갈,0.0,26.17948161674918,1000000.0,801661.5125858518,26.17948161674918,0.0,0.0,0.0,0.0,0.0
2008,QQQ,0,2007-12-31,44.005088806152344,935.8,분할매수,100000000.0,0.0,0.0,0.0,0.0,8333333.333333333,91666666.66666667,202.3637931508082,8333333.333333333,100000000.0
2008,QQQ,1,2008-01-31,38.772918701171875,943.4,분할매수,91666666.66666667,202.3637931508082,1000000.0,1000000.0,0.0,8333333.333333333,82333333.33333334,430.1851255663727,15735471.33789621,98068804.67122956
2008,QQQ,2,2008-02-29,36.90000915527344,942.8,분할매수,82333333.33333334,430.1851255663727,1000000.0,1000000.0,0.0,8333333.333333333,73000000.00000001,669.7221807818023,23299185.039084453,96299185.03908446
2008,QQQ,3,2008-03-31,37.59090042114258,988.6,분할매수,73000000.00000001,669.7221807818023,1000000.0,1000000.0,0.0,8333333.333333333,63666666.66666668,893.9633861656987,33221792.899125885,96888459.56579256
2008,QQQ,4,2008-04-30,40.59163284301758,1005.0,분할매수,63666666.66666668,893.9633861656987,1000000.0,1000000.0,0.0,8333333.333333333,54333333.33333334,1098.2388336596048,44802204.047403805,99135537.38073716
2008,QQQ,5,2008-05-31,42.999114990234375,1028.5,분할매수,54333333.33333334,1098.2388336596048,1000000.0,1000000.0,0.0,8333333.333333333,45000000.00000001,1286.6709565385752,56902495.21861877,101902495.21861878
2008,QQQ,6,2008-06-30,38.86471939086914,1046.8,분할매수,45000000.00000001,1286.6709565385752,1000000.0,1000000.0,0.0,8333333.333333333,35666666.66666667,1491.503757431465,60679724.75314128,96346391.41980794
2008,QQQ,7,2008-07-31,39.11421203613281,1011.5,분할매수,35666666.66666667,1491.503757431465,1000000.0,1000000.0,0.0,8333333.333333333,26333333.33333334,1702.1328133321138,67343225.98773637,93676559.32106972
2008,QQQ,8,2008-08-31,39.682106018066406,1089.0,분할매수,26333333.33333334,1702.1328133321138,1000000.0,1000000.0,0.0,8333333.333333333,17000000.000000007,1894.9723863141826,81888983.20204514,98888983.20204514
2008,QQQ,9,2008-09-30,33.5011100769043,1206.3,분할매수,17000000.000000007,1894.9723863141826,1000000.0,1000000.0,0.0,8333333.333333333,7666666.666666674,2101.179777707129,84913694.71585147,92580361.38251814
2008,QQQ,10,2008-10-31,28.31796646118164,1277.5,분할매수,7666666.666666674,2101.179777707129,1000000.0,1000000.0,0.0,6666666.666666674,0.0,2285.4629879307354,82679371.06723177,82679371.06723177
2008,QQQ,11,2008-11-30,25.072023391723633,1468.0,분할매수,0.0,2285.4629879307354,1000000.0,1000000.0,27.169682296428064,0.0,0.0,2258.293305634307,83118134.43365881,83118134.43365881
2008,QQQ,12,2008-12-31,25.64301109313965,1262.0,분할매수,0.0,2258.293305634307,1000000.0,1000000.0,30.90093530994705,0.0,0.0,2227.39237032436,72081713.64338474,72081713.64338474
2008,QQQ,13,2009-01-31,25.056690216064453,1380.0,분할매수,0.0,2227.39237032436,1000000.0,1000000.0,28.919928167321853,0.0,0.0,2198.472442157038,76019291.24572334,76019291.24572334
2008,QQQ,14,2009-02-28,23.73746681213379,1532.8,분할매수,0.0,2198.472442157038,1000000.0,1000000.0,27.484012520644523,0.0,0.0,2170.9884296363934,78990956.21520558,78990956.21520558
2008,QQQ,15,2009-03-31,26.186351776123047,1372.3,분할매수,0.0,2170.9884296363934,1000000.0,1000000.0,27.827611973638245,0.0,0.0,2143.160817662755,77015621.02033843,77015621.02033843
2008,QQQ,16,2009-04-30,29.606462478637695,1277.0,분할매수,0.0,2143.160817662755,1000000.0,1000000.0,26.44981165408958,0.0,0.0,2116.7110060086657,80027450.99628668,80027450.99628668
2008,QQQ,17,2009-05-31,30.556489944458008,1249.0,분할매수,0.0,2116.7110060086657,1000000.0,1000000.0,26.20197914960907,0.0,0.0,2090.5090268590566,79784393.9544638,79784393.9544638
2008,QQQ,18,2009-06-30,31.458803176879883,1273.5,분할매수,0.0,2090.5090268590566,1000000.0,1000000.0,24.96082034459719,0.0,0.0,2065.5482065144593,82751615.45167527,82751615.45167527
2008,QQQ,19,2009-07-31,34.11350631713867,1222.2,분할매수,0.0,2065.5482065144593,1000000.0,1000000.0,23.984538173207106,0.0,0.0,2041.5636683412522,85119990.78730908,85119990.78730908
2008,QQQ,20,2009-08-31,34.61507034301758,1248.0,분할매수,0.0,2041.5636683412522,1000000.0,1000000.0,23.148358311618537,0.0,0.0,2018.4153100296337,87194749.74674806,87194749.74674806
2008,QQQ,21,2009-09-30,36.57011795043945,1175.0,분할매수,0.0,2018.4153100296337,1000000.0,1000000.0,23.272110605183517,0.0,0.0,1995.1431994244501,85731081.00388892,85731081.00388892
2008,QQQ,22,2009-10-31,35.45353698730469,1182.0,분할매수,0.0,1995.1431994244501,1000000.0,1000000.0,23.862885357989228,0.0,0.0,1971.280314066461,82608631.96103324,82608631.96103324
2008,QQQ,23,2009-11-30,37.70399475097656,1164.4,분할매수,0.0,1971.280314066461,1000000.0,1000000.0,22.77772980522746,0.0,0.0,1948.5025842612336,85544196.0600505,85544196.0600505
2008,QQQ,24,2009-12-31,39.6656608581543,1163.65,분할매수,0.0,1948.5025842612336,1000000.0,1000000.0,21.665211437932467,0.0,0.0,1926.8373728233012,88936929.06452341,88936929.06452341
2008,QQQ,25,2010-01-31,37.09930419921875,1158.7,분할매수,0.0,1926.8373728233012,1000000.0,1000000.0,23.262866510400187,0.0,0.0,1903.574506312901,81828888.3470945,81828888.3470945
2008,QQQ,26,2010-02-28,38.80733108520508,1159.0,분할매수,0.0,1903.574506312901,1000000.0,1000000.0,22.233241645363485,0.0,0.0,1881.3412646675374,84618396.84362319,84618396.84362319
2008,QQQ,27,2010-03-31,41.79971694946289,1131.2,분할매수,0.0,1881.3412646675374,1000000.0,1000000.0,21.14887462502885,0.0,0.0,1860.1923900425086,87957038.99256395,87957038.99256395
2008,QQQ,28,2010-04-30,42.73710632324219,1108.0,분할매수,0.0,1860.1923900425086,1000000.0,1000000.0,21.118113823289978,0.0,0.0,1839.0742762192185,87085157.87006542,87085157.87006542
2008,QQQ,29,2010-05-31,39.57780838012695,1194.5,분할매수,0.0,1839.0742762192185,1000000.0,1000000.0,21.15251951620124,0.0,0.0,1817.9217567030173,85943509.25007424,85943509.25007424
2008,QQQ,30,2010-06-30,37.212764739990234,1220.85,분할매수,0.0,1817.9217567030173,1000000.0,1000000.0,22.011303149260893,0.0,0.0,1795.9104535537565,81590373.88088767,81590373.88088767
2008,QQQ,31,2010-07-31,39.91376876831055,1182.0,분할매수,0.0,1795.9104535537565,1000000.0,1000000.0,21.19628676445561,0.0,0.0,1774.7141667893009,83727597.50379236,83727597.50379236
2008,QQQ,32,2010-08-31,37.866233825683594,1198.0,분할매수,0.0,1774.7141667893009,1000000.0,1000000.0,22.044033867855443,0.0,0.0,1752.6701329214454,79507686.45284948,79507686.45284948
2008,QQQ,33,2010-09-30,42.85430908203125,1140.1,분할매수,0.0,1752.6701329214454,1000000.0,1000000.0,20.467394323717848,0.0,0.0,1732.2027385977276,84632304.00512837,84632304.00512837
2008,QQQ,34,2010-10-31,45.57032775878906,1124.0,분할매수,0.0,1732.2027385977276,1000000.0,1000000.0,19.523223971785022,0.0,0.0,1712.6795146259426,87725240.3138492,87725240.3138492
2008,QQQ,35,2010-11-30,45.49174499511719,1157.2,분할매수,0.0,1712.6795146259426,1000000.0,1000000.0,18.995860823607604,0.0,0.0,1693.683653802335,89160668.71249473,89160668.71249473
2008,QQQ,36,2010-12-31,47.65582275390625,1130.6,분할매수,0.0,1693.683653802335,1000000.0,1000000.0,18.559875004896806,0.0,0.0,1675.123778797438,90255121.78047946,90255121.78047946
2008,QQQ,37,2011-01-31,49.00342559814453,1119.1,분할매수,0.0,1675.123778797438,1000000.0,1000000.0,18.23495364753519,0.0,0.0,1656.888825149903,90863341.75430514,90863341.75430514
2008,QQQ,38,2011-02-28,50.55229949951172,1123.7,분할매수,0.0,1656.888825149903,1000000.0,1000000.0,17.60389233541176,0.0,0.0,1639.2849328144912,93120595.24000423,93120595.24000423
2008,QQQ,39,2011-03-31,50.32566833496094,1097.25,분할매수,0.0,1639.2849328144912,1000000.0,1000000.0,18.109433268844267,0.0,0.0,1621.175499545647,89521051.01680575,89521051.01680575
2008,QQQ,40,2011-04-30,51.77157211303711,1068.4,분할매수,0.0,1621.175499545647,1000000.0,1000000.0,18.079015101686252,0.0,0.0,1603.0964844439607,88671671.2955474,88671671.2955474
2008,QQQ,41,2011-05-31,51.140628814697266,1078.0,분할매수,0.0,1603.0964844439607,1000000.0,1000000.0,18.139076626293793,0.0,0.0,1584.9574078176668,87378064.52177209,87378064.52177209
2008,QQQ,42,2011-06-30,50.10478210449219,1066.3,분할매수,0.0,1584.9574078176668,1000000.0,1000000.0,18.71722292866374,0.0,0.0,1566.240184889003,83679090.15447196,83679090.15447196
2008,QQQ,43,2011-07-31,50.93913269042969,1054.0,분할매수,0.0,1566.240184889003,1000000.0,1000000.0,18.625495828157504,0.0,0.0,1547.6146890608456,83091194.09971383,83091194.09971383
2008,QQQ,44,2011-08-31,48.357059478759766,1063.9,분할매수,0.0,1547.6146890608456,1000000.0,1000000.0,19.437450792623686,0.0,0.0,1528.177238268222,78620249.87598424,78620249.87598424
2008,QQQ,45,2011-09-30,46.185428619384766,1180.9,분할매수,0.0,1528.177238268222,1000000.0,1000000.0,18.335041571785293,0.0,0.0,1509.8421966964368,82347356.06053074,82347356.06053074
2008,QQQ,46,2011-10-31,50.989620208740234,1112.05,분할매수,0.0,1509.8421966964368,1000000.0,1000000.0,17.635748970058064,0.0,0.0,1492.2064477263787,84612592.87937492,84612592.87937492
2008,QQQ,47,2011-11-30,49.616981506347656,1140.05,분할매수,0.0,1492.2064477263787,1000000.0,1000000.0,17.678514172710297,0.0,0.0,1474.5279335536684,83407910.82034743,83407910.82034743
2008,QQQ,48,2011-12-31,49.31224822998047,1158.5,분할매수,0.0,1474.5279335536684,1000000.0,1000000.0,17.50447777577848,0.0,0.0,1457.02345577789,83237185.04724666,83237185.04724666
2008,QQQ,49,2012-01-31,53.46354293823242,1125.7,분할매수,0.0,1457.02345577789,1000000.0,1000000.0,16.615736585660077,0.0,0.0,1440.40771919223,86689368.94650513,86689368.94650513
2008,QQQ,50,2012-02-29,56.89060592651367,1117.1,분할매수,0.0,1440.40771919223,1000000.0,1000000.0,15.735023245667689,0.0,0.0,1424.6726959465623,90541505.64021672,90541505.64021672
2008,QQQ,51,2012-03-31,59.76529312133789,1131.4,분할매수,0.0,1424.6726959465623,1000000.0,1000000.0,14.788862521910008,0.0,0.0,1409.8838334246523,95334163.21477598,95334163.21477598
2008,QQQ,52,2012-04-30,59.06632995605469,1130.05,분할매수,0.0,1409.8838334246523,1000000.0,1000000.0,14.98174335986588,0.0,0.0,1394.9020900647863,93106793.81957279,93106793.81957279
2008,QQQ,53,2012-05-31,54.90799331665039,1180.0,분할매수,0.0,1394.9020900647863,1000000.0,1000000.0,15.434139474582832,0.0,0.0,1379.4679505902034,89377704.07361756,89377704.07361756
2008,QQQ,54,2012-06-30,56.89645767211914,1141.17,분할매수,0.0,1379.4679505902034,1000000.0,1000000.0,15.401549838460959,0.0,0.0,1364.0664007517423,88566827.04394965,88566827.04394965
2008,QQQ,55,2012-07-31,57.4639892578125,1130.27,분할매수,0.0,1364.0664007517423,1000000.0,1000000.0,15.396500739789504,0.0,0.0,1348.669900011953,87595871.47789736,87595871.47789736
2008,QQQ,56,2012-08-31,60.443599700927734,1133.2,분할매수,0.0,1348.669900011953,1000000.0,1000000.0,14.599672487825606,0.0,0.0,1334.0702275241274,91376722.91187242,91376722.91187242
2008,QQQ,57,2012-09-30,60.980621337890625,1111.21,분할매수,0.0,1334.0702275241274,1000000.0,1000000.0,14.75747356101627,0.0,0.0,1319.3127539631112,89399635.27688386,89399635.27688386
2008,QQQ,58,2012-10-31,57.76127243041992,1090.17,분할매수,0.0,1319.3127539631112,1000000.0,1000000.0,15.880677325439748,0.0,0.0,1303.4320766376713,82076604.79000245,82076604.79000245
2008,QQQ,59,2012-11-30,58.5172004699707,1081.75,분할매수,0.0,1303.4320766376713,1000000.0,1000000.0,15.797543333316112,0.0,0.0,1287.6345333043553,81508529.91102788,81508529.91102788
2008,QQQ,60,2012-12-31,58.24393081665039,1063.24,분할매수,0.0,1287.6345333043553,1000000.0,1000000.0,16.147973048707648,0.0,0.0,1271.4865602556476,78739700.42063001,78739700.42063001
2008,QQQ,61,2013-01-31,59.799983978271484,1087.46,분할매수,0.0,1271.4865602556476,1000000.0,1000000.0,15.377496650043287,0.0,0.0,1256.1090636056044,81684886.18087707,81684886.18087707
2008,QQQ,62,2013-02-28,60.00564956665039,1083.9,분할매수,0.0,1256.1090636056044,1000000.0,1000000.0,15.375124541332118,0.0,0.0,1240.7339390642724,80697488.7083922,80697488.7083922
2008,QQQ,63,2013-03-31,61.82072067260742,1112.48,분할매수,0.0,1240.7339390642724,1000000.0,1000000.0,14.540311963056817,0.0,0.0,1226.1936271012155,84330627.17063136,84330627.17063136
2008,QQQ,64,2013-04-30,63.38927459716797,1101.52,분할매수,0.0,1226.1936271012155,1000000.0,1000000.0,14.321609609124232,0.0,0.0,1211.8720174920913,84618422.82867514,84618422.82867514
2008,QQQ,65,2013-05-31,65.65703582763672,1129.34,분할매수,0.0,1211.8720174920913,1000000.0,1000000.0,13.486337296996561,0.0,0.0,1198.385680195095,88859239.82206629,88859239.82206629
2008,QQQ,66,2013-06-30,64.08438873291016,1141.45,분할매수,0.0,1198.385680195095,1000000.0,1000000.0,13.670703414462443,0.0,0.0,1184.7149767806325,86660864.54097927,86660864.54097927
2008,QQQ,67,2013-07-31,68.13067626953125,1122.66,분할매수,0.0,1184.7149767806325,1000000.0,1000000.0,13.074017171919973,0.0,0.0,1171.6409596087126,89615987.51186681,89615987.51186681
2008,QQQ,68,2013-08-31,67.86093139648438,1109.42,분할매수,0.0,1171.6409596087126,1000000.0,1000000.0,13.282633607652684,0.0,0.0,1158.3583260010598,87208482.91212977,87208482.91212977
2008,QQQ,69,2013-09-30,71.14009857177734,1073.33,분할매수,0.0,1158.3583260010598,1000000.0,1000000.0,13.096410192760567,0.0,0.0,1145.2619158082994,87448537.3435674,87448537.3435674
2008,QQQ,70,2013-10-31,74.66645050048828,1060.83,분할매수,0.0,1145.2619158082994,1000000.0,1000000.0,12.62492191623449,0.0,0.0,1132.6369938920648,89714376.16858427,89714376.16858427
2008,QQQ,71,2013-11-30,77.31796264648438,1057.76,분할매수,0.0,1132.6369938920648,1000000.0,1000000.0,12.2273532291394,0.0,0.0,1120.4096406629253,91631411.93899927,91631411.93899927
2008,QQQ,72,2013-12-31,79.58111572265625,1055.25,분할매수,0.0,1120.4096406629253,1000000.0,1000000.0,11.907884553794045,0.0,0.0,1108.5017561091313,93089729.84256423,93089729.84256423
2008,QQQ,73,2014-01-31,78.0521011352539,1080.36,분할매수,0.0,1108.5017561091313,1000000.0,1000000.0,11.858968219100495,0.0,0.0,1096.6427878900308,92473709.99137491,92473709.99137491
2008,QQQ,74,2014-02-28,82.0737075805664,1066.01,분할매수,0.0,1096.6427878900308,1000000.0,1000000.0,11.429695716408668,0.0,0.0,1085.2130921736223,94946805.1555976,94946805.1555976
2008,QQQ,75,2014-03-31,79.83014678955078,1064.65,분할매수,0.0,1085.2130921736223,1000000.0,1000000.0,11.765928738928505,0.0,0.0,1073.4471634346937,91233525.82300699,91233525.82300699
2008,QQQ,76,2014-04-30,79.57516479492188,1032.85,분할매수,0.0,1073.4471634346937,1000000.0,1000000.0,12.167047385815852,0.0,0.0,1061.280116048878,87225773.22137344,87225773.22137344
2008,QQQ,77,2014-05-31,83.14461517333984,1020.3,분할매수,0.0,1061.280116048878,1000000.0,1000000.0,11.787941876562028,0.0,0.0,1049.492174172316,89030993.29485343,89030993.29485343
2008,QQQ,78,2014-06-30,85.7419204711914,1011.6,분할매수,0.0,1049.492174172316,1000000.0,1000000.0,11.529168131181608,0.0,0.0,1037.9630060411343,90029306.03760351,90029306.03760351
2008,QQQ,79,2014-07-31,86.75538635253906,1027.75,분할매수,0.0,1037.9630060411343,1000000.0,1000000.0,11.215433544341199,0.0,0.0,1026.747572496793,91547738.07338402,91547738.07338402
2008,QQQ,80,2014-08-31,91.10139465332031,1013.85,분할매수,0.0,1026.747572496793,1000000.0,1000000.0,10.826828785717574,0.0,0.0,1015.9207437110755,93833638.99235642,93833638.99235642
2008,QQQ,81,2014-09-30,90.41205596923828,1054.55,분할매수,0.0,1015.9207437110755,1000000.0,1000000.0,10.488333270656577,0.0,0.0,1005.432410440419,95861981.54604198,95861981.54604198
2008,QQQ,82,2014-10-31,92.80071258544922,1073.07,분할매수,0.0,1005.432410440419,1000000.0,1000000.0,10.042009677603716,0.0,0.0,995.3904007628153,99122629.1070794,99122629.1070794
2008,QQQ,83,2014-11-30,97.01976776123047,1112.06,분할매수,0.0,995.3904007628153,1000000.0,1000000.0,9.268544715932244,0.0,0.0,986.1218560468831,106394464.96403913,106394464.96403913
2008,QQQ,84,2014-12-31,94.84590911865234,1090.89,분할매수,0.0,986.1218560468831,1000000.0,1000000.0,9.66496833793112,0.0,0.0,976.456887708952,101030531.4583133,101030531.4583133
2008,QQQ,85,2015-01-31,92.87093353271484,1104.3,분할매수,0.0,976.456887708952,1000000.0,1000000.0,9.750639875730613,0.0,0.0,966.7062478332214,99142852.17725635,99142852.17725635
2008,QQQ,86,2015-02-28,99.5767593383789,1100.65,분할매수,0.0,966.7062478332214,1000000.0,1000000.0,9.124157507113518,0.0,0.0,957.5820903261078,104950192.88953997,104950192.88953997
2008,QQQ,87,2015-03-31,97.22775268554688,1107.71,분할매수,0.0,957.5820903261078,1000000.0,1000000.0,9.285037797392155,0.0,0.0,948.2970525287157,102131738.52615432,102131738.52615432
2008,QQQ,88,2015-04-30,99.0967788696289,1076.74,분할매수,0.0,948.2970525287157,1000000.0,1000000.0,9.371942490445559,0.0,0.0,938.9251100382701,100184685.40491779,100184685.40491779
2008,QQQ,89,2015-05-31,101.32494354248047,1111.99,분할매수,0.0,938.9251100382701,1000000.0,1000000.0,8.875293992054415,0.0,0.0,930.0498160462157,104790874.18161477,104790874.18161477
2008,QQQ,90,2015-06-30,98.80792236328125,1117.34,분할매수,0.0,930.0498160462157,1000000.0,1000000.0,9.05780331604223,0.0,0.0,920.9920127301734,101679400.68857634,101679400.68857634
2008,QQQ,91,2015-07-31,103.31134796142578,1159.7,분할매수,0.0,920.9920127301734,1000000.0,1000000.0,8.346536843016521,0.0,0.0,912.6454758871569,109344209.82646951,109344209.82646951
2008,QQQ,92,2015-08-31,96.26091003417969,1182.54,분할매수,0.0,912.6454758871569,1000000.0,1000000.0,8.784846897620374,0.0,0.0,903.8606289895365,102888603.46950075,102888603.46950075
2008,QQQ,93,2015-09-30,94.13615417480469,1184.62,분할매수,0.0,903.8606289895365,1000000.0,1000000.0,8.967357575307874,0.0,0.0,894.8932714142286,99794534.10872872,99794534.10872872
2008,QQQ,94,2015-10-31,104.83930969238281,1140.5,분할매수,0.0,894.8932714142286,1000000.0,1000000.0,8.363355500274835,0.0,0.0,886.5299159139538,106001701.81511724,106001701.81511724
2008,QQQ,95,2015-11-30,105.47760009765625,1149.39,분할매수,0.0,886.5299159139538,1000000.0,1000000.0,8.248449993311175,0.0,0.0,878.2814659206426,106478364.6179413,106478364.6179413
2008,QQQ,96,2015-12-31,103.79547882080078,1169.26,분할매수,0.0,878.2814659206426,1000000.0,1000000.0,8.239682369276029,0.0,0.0,870.0417835513666,105591665.37724341,105591665.37724341
2008,QQQ,97,2016-01-31,96.6227798461914,1210.04,분할매수,0.0,870.0417835513666,1000000.0,1000000.0,8.55304476513904,0.0,0.0,861.4887387862276,100723048.04220477,100723048.04220477
2008,QQQ,98,2016-02-29,95.11027526855469,1238.09,분할매수,0.0,861.4887387862276,1000000.0,1000000.0,8.492202578385012,0.0,0.0,852.9965362078426,100444675.96415482,100444675.96415482
2008,QQQ,99,2016-03-31,101.62783813476562,1138.86,분할매수,0.0,852.9965362078426,1000000.0,1000000.0,8.640064273976451,0.0,0.0,844.3564719338661,97725716.51776205,97725716.51776205
2008,QQQ,100,2016-04-30,98.38910675048828,1144.09,분할매수,0.0,844.3564719338661,1000000.0,1000000.0,8.883677672856685,0.0,0.0,835.4727942610094,94045824.82925116,94045824.82925116
2008,QQQ,101,2016-05-31,102.68878173828125,1188.99,분할매수,0.0,835.4727942610094,1000000.0,1000000.0,8.190280890877412,0.0,0.0,827.282513370132,101007831.64733517,101007831.64733517
2008,QQQ,102,2016-06-30,100.3494873046875,1154.15,분할매수,0.0,827.282513370132,1000000.0,1000000.0,8.634209578932929,0.0,0.0,818.6483037911992,94814504.59445217,94814504.59445217
2008,QQQ,103,2016-07-31,107.52534484863281,1112.89,분할매수,0.0,818.6483037911992,1000000.0,1000000.0,8.356740491820076,0.0,0.0,810.291563299379,96962633.22913113,96962633.22913113
2008,QQQ,104,2016-08-31,108.65442657470703,1115.98,분할매수,0.0,810.291563299379,1000000.0,1000000.0,8.247003224643937,0.0,0.0,802.0445600747352,97252849.09287316,97252849.09287316
2008,QQQ,105,2016-09-30,111.05953216552734,1097.98,분할매수,0.0,802.0445600747352,1000000.0,1000000.0,8.200677457618157,0.0,0.0,793.843882617117,96802232.09847893,96802232.09847893
2008,QQQ,106,2016-10-31,109.44116973876953,1145.37,분할매수,0.0,793.843882617117,1000000.0,1000000.0,7.977622285490401,0.0,0.0,785.8662603316266,98508832.85875168,98508832.85875168
2008,QQQ,107,2016-11-30,109.91825103759766,1175.87,분할매수,0.0,785.8662603316266,1000000.0,1000000.0,7.7369694168529275,0.0,0.0,778.1292909147736,100572879.24905406,100572879.24905406
2008,QQQ,108,2016-12-31,111.16280364990234,1203.73,분할매수,0.0,778.1292909147736,1000000.0,1000000.0,7.473282921773574,0.0,0.0,770.656007993,103121481.69149019,103121481.69149019
2008,QQQ,109,2017-01-31,116.87664794921875,1151.45,분할매수,0.0,770.656007993,1000000.0,1000000.0,7.430656208912446,0.0,0.0,763.2253517840876,102713048.52842782,102713048.52842782
2008,QQQ,110,2017-02-28,121.9900894165039,1129.17,분할매수,0.0,763.2253517840876,1000000.0,1000000.0,7.259657288463132,0.0,0.0,755.9656944956245,104132421.74626982,104132421.74626982
2008,QQQ,111,2017-03-31,124.46266174316406,1117.48,분할매수,0.0,755.9656944956245,1000000.0,1000000.0,7.189871959814022,0.0,0.0,748.7758225358104,104143137.27989933,104143137.27989933
2008,QQQ,112,2017-04-30,127.85678100585938,1136.99,분할매수,0.0,748.7758225358104,1000000.0,1000000.0,6.878909388273054,0.0,0.0,741.8969131475374,107850950.09570843,107850950.09570843
2008,QQQ,113,2017-05-31,132.83981323242188,1119.58,분할매수,0.0,741.8969131475374,1000000.0,1000000.0,6.723828257181356,0.0,0.0,735.173084890356,109338468.61795697,109338468.61795697
2008,QQQ,114,2017-06-30,129.76058959960938,1143.75,분할매수,0.0,735.173084890356,1000000.0,1000000.0,6.737923606763131,0.0,0.0,728.4351612835928,108109738.8151496,108109738.8151496
2008,QQQ,115,2017-07-31,135.0306854248047,1121.86,분할매수,0.0,728.4351612835928,1000000.0,1000000.0,6.601290794258334,0.0,0.0,721.8338704893345,109347382.65388498,109347382.65388498
2008,QQQ,116,2017-08-31,137.83062744140625,1122.36,분할매수,0.0,721.8338704893345,1000000.0,1000000.0,6.464308679725856,0.0,0.0,715.3695618096086,110664511.43542027,110664511.43542027
2008,QQQ,117,2017-09-30,137.42367553710938,1142.57,분할매수,0.0,715.3695618096086,1000000.0,1000000.0,6.368770851011641,0.0,0.0,709.000790958597,111324587.98481916,111324587.98481916
2008,QQQ,118,2017-10-31,143.75390625,1115.68,분할매수,0.0,709.000790958597,1000000.0,1000000.0,6.2350608672292385,0.0,0.0,702.7657300913678,112711927.76722093,112711927.76722093
2008,QQQ,119,2017-11-30,146.5883331298828,1084.79,분할매수,0.0,702.7657300913678,1000000.0,1000000.0,6.288613743233513,0.0,0.0,696.4771163481342,110752090.17210458,110752090.17210458
2008,QQQ,120,2017-12-31,147.47250366210938,1067.42,분할매수,0.0,696.4771163481342,1000000.0,1000000.0,6.352630725360306,0.0,0.0,690.1244856227739,108636014.81945604,108636014.81945604
2008,SPY,0,2007-12-31,104.14138793945312,935.8,분할매수,100000000.0,0.0,0.0,0.0,0.0,8333333.333333333,91666666.66666667,85.50910320043427,8333333.333333333,100000000.0
2008,SPY,1,2008-01-31,97.8448715209961,943.4,분할매수,91666666.66666667,85.50910320043427,1000000.0,1000000.0,0.0,8333333.333333333,82333333.33333334,175.78770301693908,16226409.449400272,98559742.78273362
2008,SPY,2,2008-02-29,95.31637573242188,942.8,분할매수,82333333.33333334,175.78770301693908,1000000.0,1000000.0,0.0,8333333.333333333,73000000.00000001,268.52013710874473,24130368.529140897,97130368.52914092
2008,SPY,3,2008-03-31,94.4639663696289,988.6,분할매수,73000000.00000001,268.52013710874473,1000000.0,1000000.0,0.0,8333333.333333333,63666666.66666668,357.75446788964206,33409644.09464588,97076310.76131256
2008,SPY,4,2008-04-30,98.96636962890625,1005.0,분할매수,63666666.66666668,357.75446788964206,1000000.0,1000000.0,0.0,8333333.333333333,54333333.33333334,441.5392322960536,43916022.54342011,98249355.87675345
2008,SPY,5,2008-05-31,100.46235656738281,1028.5,분할매수,54333333.33333334,441.5392322960536,1000000.0,1000000.0,0.0,8333333.333333333,45000000.00000001,522.1904811455897,53955610.17286026,98955610.17286026
2008,SPY,6,2008-06-30,92.06616973876953,1046.8,분할매수,45000000.00000001,522.1904811455897,1000000.0,1000000.0,0.0,8333333.333333333,35666666.66666667,608.6583916857586,58659371.232194915,94326037.89886159
2008,SPY,7,2008-07-31,91.23886108398438,1011.5,분할매수,35666666.66666667,608.6583916857586,1000000.0,1000000.0,0.0,8333333.333333333,26333333.33333334,698.9553271756143,64505264.71208773,90838598.04542106
2008,SPY,8,2008-08-31,92.64885711669922,1089.0,분할매수,26333333.33333334,698.9553271756143,1000000.0,1000000.0,0.0,8333333.333333333,17000000.000000007,781.5497661972895,78854155.26100457,95854155.26100457
2008,SPY,9,2008-09-30,83.92376708984375,1206.3,분할매수,17000000.000000007,781.5497661972895,1000000.0,1000000.0,0.0,8333333.333333333,7666666.666666674,863.8646664606547,87455274.77373815,95121941.44040482
2008,SPY,10,2008-10-31,70.06068420410156,1277.5,분할매수,7666666.666666674,863.8646664606547,1000000.0,1000000.0,0.0,6666666.666666674,0.0,938.3504615360825,83984734.77042298,83984734.77042298
2008,SPY,11,2008-11-30,65.18400573730469,1468.0,분할매수,0.0,938.3504615360825,1000000.0,1000000.0,10.450399639859736,0.0,0.0,927.9000618962228,88790868.6627679,88790868.6627679
2008,SPY,12,2008-12-31,65.82254791259766,1262.0,분할매수,0.0,927.9000618962228,1000000.0,1000000.0,12.038322004695724,0.0,0.0,915.8617398915271,76078853.80822028,76078853.80822028
2008,SPY,13,2009-01-31,60.41757583618164,1380.0,분할매수,0.0,915.8617398915271,1000000.0,1000000.0,11.993822511585513,0.0,0.0,903.8679173799416,75361121.65298797,75361121.65298797
2008,SPY,14,2009-02-28,53.92576599121094,1532.8,분할매수,0.0,903.8679173799416,1000000.0,1000000.0,12.098128289534174,0.0,0.0,891.7697890904074,73711384.74881753,73711384.74881753
2008,SPY,15,2009-03-31,58.41838455200195,1372.3,분할매수,0.0,891.7697890904074,1000000.0,1000000.0,12.47387516480328,0.0,0.0,879.295913925604,70490998.37127246,70490998.37127246
2008,SPY,16,2009-04-30,64.22201538085938,1277.0,분할매수,0.0,879.295913925604,1000000.0,1000000.0,12.193409871363622,0.0,0.0,867.1025040542404,71112388.8396995,71112388.8396995
2008,SPY,17,2009-05-31,67.97601318359375,1249.0,분할매수,0.0,867.1025040542404,1000000.0,1000000.0,11.778279938947131,0.0,0.0,855.3242241152933,72618771.88765062,72618771.88765062
2008,SPY,18,2009-06-30,67.9314956665039,1273.5,분할매수,0.0,855.3242241152933,1000000.0,1000000.0,11.559255786286656,0.0,0.0,843.7649683290067,72994748.44479252,72994748.44479252
2008,SPY,19,2009-07-31,72.99956512451172,1222.2,분할매수,0.0,843.7649683290067,1000000.0,1000000.0,11.208240666773793,0.0,0.0,832.5567276622329,74280768.26814586,74280768.26814586
2008,SPY,20,2009-08-31,75.69611358642578,1248.0,분할매수,0.0,832.5567276622329,1000000.0,1000000.0,10.585511109063614,0.0,0.0,821.9712165531693,77650593.16308063,77650593.16308063
2008,SPY,21,2009-09-30,78.380126953125,1175.0,분할매수,0.0,821.9712165531693,1000000.0,1000000.0,10.858158347921664,0.0,0.0,811.1130582052476,74700794.7586711,74700794.7586711
2008,SPY,22,2009-10-31,76.87322998046875,1182.0,분할매수,0.0,811.1130582052476,1000000.0,1000000.0,11.00543959032595,0.0,0.0,800.1076186149216,72701104.94434369,72701104.94434369
2008,SPY,23,2009-11-30,81.60918426513672,1164.4,분할매수,0.0,800.1076186149216,1000000.0,1000000.0,10.523465131391358,0.0,0.0,789.5841534835303,75030813.86455218,75030813.86455218
2008,SPY,24,2009-12-31,83.16798400878906,1163.65,분할매수,0.0,789.5841534835303,1000000.0,1000000.0,10.332881571668471,0.0,0.0,779.2512719118617,75414710.4568077,75414710.4568077
2008,SPY,25,2010-01-31,80.14543914794922,1158.7,분할매수,0.0,779.2512719118617,1000000.0,1000000.0,10.768375223722739,0.0,0.0,768.482896688139,71364795.59099784,71364795.59099784
2008,SPY,26,2010-02-28,82.64555358886719,1159.0,분할매수,0.0,768.482896688139,1000000.0,1000000.0,10.439917601873455,0.0,0.0,758.0429790862655,72610053.83320591,72610053.83320591
2008,SPY,27,2010-03-31,87.6769790649414,1131.2,분할매수,0.0,758.0429790862655,1000000.0,1000000.0,10.082657757529512,0.0,0.0,747.960321328736,74182853.30275892,74182853.30275892
2008,SPY,28,2010-04-30,89.03337097167969,1108.0,분할매수,0.0,747.960321328736,1000000.0,1000000.0,10.136952762345212,0.0,0.0,737.8233685663907,72785519.06714156,72785519.06714156
2008,SPY,29,2010-05-31,81.95924377441406,1194.5,분할매수,0.0,737.8233685663907,1000000.0,1000000.0,10.21447155458571,0.0,0.0,727.6088970118051,71233141.44285326,71233141.44285326
2008,SPY,30,2010-06-30,77.71862030029297,1220.85,분할매수,0.0,727.6088970118051,1000000.0,1000000.0,10.53932046849478,0.0,0.0,717.0695765433103,68037553.15030493,68037553.15030493
2008,SPY,31,2010-07-31,83.0268325805664,1182.0,분할매수,0.0,717.0695765433103,1000000.0,1000000.0,10.189762301751426,0.0,0.0,706.8798142415588,69371570.53408986,69371570.53408986
2008,SPY,32,2010-08-31,79.29222106933594,1198.0,분할매수,0.0,706.8798142415588,1000000.0,1000000.0,10.527193331759362,0.0,0.0,696.3526209097995,66147984.45935079,66147984.45935079
2008,SPY,33,2010-09-30,86.39324188232422,1140.1,분할매수,0.0,696.3526209097995,1000000.0,1000000.0,10.152600172674752,0.0,0.0,686.2000207371248,67588598.8876032,67588598.8876032
2008,SPY,34,2010-10-31,89.69363403320312,1124.0,분할매수,0.0,686.2000207371248,1000000.0,1000000.0,9.919095428479864,0.0,0.0,676.2809253086449,68179697.451735,68179697.451735
2008,SPY,35,2010-11-30,89.69363403320312,1157.2,분할매수,0.0,676.2809253086449,1000000.0,1000000.0,9.63451716350792,0.0,0.0,666.646408145137,69193546.16650155,69193546.16650155
2008,SPY,36,2010-12-31,95.68986511230469,1130.6,분할매수,0.0,666.646408145137,1000000.0,1000000.0,9.243258024556267,0.0,0.0,657.4031501205808,71122449.28942576,71122449.28942576
2008,SPY,37,2011-01-31,97.9194564819336,1119.1,분할매수,0.0,657.4031501205808,1000000.0,1000000.0,9.125614320760368,0.0,0.0,648.2775357998204,71039330.94400206,71039330.94400206
2008,SPY,38,2011-02-28,101.3209228515625,1123.7,분할매수,0.0,648.2775357998204,1000000.0,1000000.0,8.783153692753505,0.0,0.0,639.4943821070668,72809198.66342294,72809198.66342294
2008,SPY,39,2011-03-31,101.33309173583984,1097.25,분할매수,0.0,639.4943821070668,1000000.0,1000000.0,8.9937977496805,0.0,0.0,630.5005843573863,70103931.8323324,70103931.8323324
2008,SPY,40,2011-04-30,104.26785278320312,1068.4,분할매수,0.0,630.5005843573863,1000000.0,1000000.0,8.976678900406174,0.0,0.0,621.5239054569801,69237622.54978926,69237622.54978926
2008,SPY,41,2011-05-31,103.09854125976562,1078.0,분할매수,0.0,621.5239054569801,1000000.0,1000000.0,8.997642192136976,0.0,0.0,612.5262632648431,68076308.23552072,68076308.23552072
2008,SPY,42,2011-06-30,101.35928344726562,1066.3,분할매수,0.0,612.5262632648431,1000000.0,1000000.0,9.252456652673798,0.0,0.0,603.2738066121693,65201473.431149095,65201473.431149095
2008,SPY,43,2011-07-31,99.33163452148438,1054.0,분할매수,0.0,603.2738066121693,1000000.0,1000000.0,9.551504996229088,0.0,0.0,593.7223016159402,62160078.631623015,62160078.631623015
2008,SPY,44,2011-08-31,93.87081909179688,1063.9,분할매수,0.0,593.7223016159402,1000000.0,1000000.0,10.013100697195348,0.0,0.0,583.7092009187448,58294550.16688695,58294550.16688695
2008,SPY,45,2011-09-30,87.3542251586914,1180.9,분할매수,0.0,583.7092009187448,1000000.0,1000000.0,9.693998798670444,0.0,0.0,574.0152021200744,59213459.17628977,59213459.17628977
2008,SPY,46,2011-10-31,96.88873291015625,1112.05,분할매수,0.0,574.0152021200744,1000000.0,1000000.0,9.281163196899241,0.0,0.0,564.7340389231751,60847334.21257457,60847334.21257457
2008,SPY,47,2011-11-30,96.49495697021484,1140.05,분할매수,0.0,564.7340389231751,1000000.0,1000000.0,9.090159095441884,0.0,0.0,555.6438798277333,61125869.634817734,61125869.634817734
2008,SPY,48,2011-12-31,97.50320434570312,1158.5,분할매수,0.0,555.6438798277333,1000000.0,1000000.0,8.852890107640903,0.0,0.0,546.7909897200924,61764122.57147061,61764122.57147061
2008,SPY,49,2012-01-31,102.02483367919922,1125.7,분할매수,0.0,546.7909897200924,1000000.0,1000000.0,8.70705802070727,0.0,0.0,538.0839316993852,61798592.638260245,61798592.638260245
2008,SPY,50,2012-02-29,106.45328521728516,1117.1,분할매수,0.0,538.0839316993852,1000000.0,1000000.0,8.409087656493107,0.0,0.0,529.6748440428921,62988384.19574588,62988384.19574588
2008,SPY,51,2012-03-31,109.87721252441406,1131.4,분할매수,0.0,529.6748440428921,1000000.0,1000000.0,8.0440765036402,0.0,0.0,521.6307675392519,64846569.68431334,64846569.68431334
2008,SPY,52,2012-04-30,109.14369201660156,1130.05,분할매수,0.0,521.6307675392519,1000000.0,1000000.0,8.10781255664475,0.0,0.0,513.5229549826072,63336806.49310891,63336806.49310891
2008,SPY,53,2012-05-31,102.58901977539062,1180.0,분할매수,0.0,513.5229549826072,1000000.0,1000000.0,8.260704985524532,0.0,0.0,505.2622499970827,61164543.56891671,61164543.56891671
2008,SPY,54,2012-06-30,106.75215911865234,1141.17,분할매수,0.0,505.2622499970827,1000000.0,1000000.0,8.208673582845748,0.0,0.0,497.05357641423694,60552240.43175079,60552240.43175079
2008,SPY,55,2012-07-31,108.01504516601562,1130.27,분할매수,0.0,497.05357641423694,1000000.0,1000000.0,8.190936288174882,0.0,0.0,488.86264012606205,59683364.99355085,59683364.99355085
2008,SPY,56,2012-08-31,110.72108459472656,1133.2,분할매수,0.0,488.86264012606205,1000000.0,1000000.0,7.970087746600781,0.0,0.0,480.8925523794613,60337171.64338129,60337171.64338129
2008,SPY,57,2012-09-30,113.5279769897461,1111.21,분할매수,0.0,480.8925523794613,1000000.0,1000000.0,7.926855837566337,0.0,0.0,472.96569654189494,59666241.72732558,59666241.72732558
2008,SPY,58,2012-10-31,111.46190643310547,1090.17,분할매수,0.0,472.96569654189494,1000000.0,1000000.0,8.229610983056652,0.0,0.0,464.7360855588383,56471209.45517955,56471209.45517955
2008,SPY,59,2012-11-30,112.09275817871094,1081.75,분할매수,0.0,464.7360855588383,1000000.0,1000000.0,8.24699137739907,0.0,0.0,456.4890941814392,55352197.33980205,55352197.33980205
2008,SPY,60,2012-12-31,113.09429168701172,1063.24,분할매수,0.0,456.4890941814392,1000000.0,1000000.0,8.31625903525666,0.0,0.0,448.17283514618254,53891158.66234569,53891158.66234569
2008,SPY,61,2013-01-31,118.88359069824219,1087.46,분할매수,0.0,448.17283514618254,1000000.0,1000000.0,7.735079735542585,0.0,0.0,440.43775541063997,56940299.3206178,56940299.3206178
2008,SPY,62,2013-02-28,120.40040588378906,1083.9,분할매수,0.0,440.43775541063997,1000000.0,1000000.0,7.6627178164272385,0.0,0.0,432.77503759421273,56478007.929045096,56478007.929045096
2008,SPY,63,2013-03-31,124.97216033935547,1112.48,분할매수,0.0,432.77503759421273,1000000.0,1000000.0,7.192742462959839,0.0,0.0,425.5822951312529,59168293.22373991,59168293.22373991
2008,SPY,64,2013-04-30,127.37313842773438,1101.52,분할매수,0.0,425.5822951312529,1000000.0,1000000.0,7.127377525531254,0.0,0.0,418.4549176057217,58710923.633097604,58710923.633097604
2008,SPY,65,2013-05-31,130.38040161132812,1129.34,분할매수,0.0,418.4549176057217,1000000.0,1000000.0,6.7914573060769134,0.0,0.0,411.6634602996448,60614893.35010518,60614893.35010518
2008,SPY,66,2013-06-30,128.64056396484375,1141.45,분할매수,0.0,411.6634602996448,1000000.0,1000000.0,6.810283201993404,0.0,0.0,404.8531770976514,59447333.552758686,59447333.552758686
2008,SPY,67,2013-07-31,135.288330078125,1122.66,분할매수,0.0,404.8531770976514,1000000.0,1000000.0,6.584024142865798,0.0,0.0,398.26915295478557,60490232.76841035,60490232.76841035
2008,SPY,68,2013-08-31,131.23062133789062,1109.42,분할매수,0.0,398.26915295478557,1000000.0,1000000.0,6.868609466480524,0.0,0.0,391.40054348830506,56983956.56331568,56983956.56331568
2008,SPY,69,2013-09-30,135.38365173339844,1073.33,분할매수,0.0,391.40054348830506,1000000.0,1000000.0,6.8817756067335845,0.0,0.0,384.5187678815715,55874935.46074546,55874935.46074546
2008,SPY,70,2013-10-31,141.65283203125,1060.83,분할매수,0.0,384.5187678815715,1000000.0,1000000.0,6.654707101959618,0.0,0.0,377.86406077961186,56781471.369091794,56781471.369091794
2008,SPY,71,2013-11-30,145.85108947753906,1057.76,분할매수,0.0,377.86406077961186,1000000.0,1000000.0,6.481912775711972,0.0,0.0,371.3821480038999,57295147.413196616,57295147.413196616
2008,SPY,72,2013-12-31,149.6324920654297,1055.25,분할매수,0.0,371.3821480038999,1000000.0,1000000.0,6.333134773115586,0.0,0.0,365.0490132307843,57641125.020808354,57641125.020808354
2008,SPY,73,2014-01-31,144.3582305908203,1080.36,분할매수,0.0,365.0490132307843,1000000.0,1000000.0,6.411947438041357,0.0,0.0,358.63706579274293,55932627.21790105,55932627.21790105
2008,SPY,74,2014-02-28,150.92877197265625,1066.01,분할매수,0.0,358.63706579274293,1000000.0,1000000.0,6.215365643691375,0.0,0.0,352.42170014905156,56701684.237477034,56701684.237477034
2008,SPY,75,2014-03-31,152.1807861328125,1064.65,분할매수,0.0,352.42170014905156,1000000.0,1000000.0,6.172105179719101,0.0,0.0,346.24959496933246,56099107.98459379,56099107.98459379
2008,SPY,76,2014-04-30,153.23870849609375,1032.85,분할매수,0.0,346.24959496933246,1000000.0,1000000.0,6.318213004376766,0.0,0.0,339.9313819649557,53801823.669046566,53801823.669046566
2008,SPY,77,2014-05-31,156.79478454589844,1020.3,분할매수,0.0,339.9313819649557,1000000.0,1000000.0,6.250870485590305,0.0,0.0,333.68051147936535,53381446.991835095,53381446.991835095
2008,SPY,78,2014-06-30,160.03182983398438,1011.6,분할매수,0.0,333.68051147936535,1000000.0,1000000.0,6.177102505346989,0.0,0.0,327.5034089740184,53018937.06483367,53018937.06483367
2008,SPY,79,2014-07-31,157.88136291503906,1027.75,분할매수,0.0,327.5034089740184,1000000.0,1000000.0,6.162850714521314,0.0,0.0,321.3405582594971,52141545.06490532,52141545.06490532
2008,SPY,80,2014-08-31,164.11192321777344,1013.85,분할매수,0.0,321.3405582594971,1000000.0,1000000.0,6.010161740306534,0.0,0.0,315.3303965191905,52466208.089619204,52466208.089619204
2008,SPY,81,2014-09-30,161.8478240966797,1054.55,분할매수,0.0,315.3303965191905,1000000.0,1000000.0,5.85903319975545,0.0,0.0,309.47136331943506,52819527.1759771,52819527.1759771
2008,SPY,82,2014-10-31,165.65948486328125,1073.07,분할매수,0.0,309.47136331943506,1000000.0,1000000.0,5.625428900981454,0.0,0.0,303.8459344184536,54012936.571901634,54012936.571901634
2008,SPY,83,2014-11-30,170.2104949951172,1112.06,분할매수,0.0,303.8459344184536,1000000.0,1000000.0,5.283058814029783,0.0,0.0,298.5628756044238,56513259.8583902,56513259.8583902
2008,SPY,84,2014-12-31,169.77871704101562,1090.89,분할매수,0.0,298.5628756044238,1000000.0,1000000.0,5.399279277111115,0.0,0.0,293.1635963273127,54296801.71761183,54296801.71761183
2008,SPY,85,2015-01-31,164.748291015625,1104.3,분할매수,0.0,293.1635963273127,1000000.0,1000000.0,5.49657311901665,0.0,0.0,287.66702320829603,52335703.897587806,52335703.897587806
2008,SPY,86,2015-02-28,174.0078887939453,1100.65,분할매수,0.0,287.66702320829603,1000000.0,1000000.0,5.221338196495144,0.0,0.0,282.4456850118009,54094501.13792559,54094501.13792559
2008,SPY,87,2015-03-31,171.27499389648438,1107.71,분할매수,0.0,282.4456850118009,1000000.0,1000000.0,5.270841575311419,0.0,0.0,277.1748434364895,52586449.331881694,52586449.331881694
2008,SPY,88,2015-04-30,172.9592742919922,1076.74,분할매수,0.0,277.1748434364895,1000000.0,1000000.0,5.369641589653466,0.0,0.0,271.80520184683604,50618872.28573429,50618872.28573429
2008,SPY,89,2015-05-31,175.18284606933594,1111.99,분할매수,0.0,271.80520184683604,1000000.0,1000000.0,5.1334287736819775,0.0,0.0,266.67177307315404,51948080.86952035,51948080.86952035
2008,SPY,90,2015-06-30,171.6245574951172,1117.34,분할매수,0.0,266.67177307315404,1000000.0,1000000.0,5.214770775789676,0.0,0.0,261.45700229736434,50137774.705499254,50137774.705499254
2008,SPY,91,2015-07-31,175.50144958496094,1159.7,분할매수,0.0,261.45700229736434,1000000.0,1000000.0,4.913303987522343,0.0,0.0,256.543698309842,52214090.34762585,52214090.34762585
2008,SPY,92,2015-08-31,164.80459594726562,1182.54,분할매수,0.0,256.543698309842,1000000.0,1000000.0,5.13115154353138,0.0,0.0,251.4125467663106,48997295.17504809,48997295.17504809
2008,SPY,93,2015-09-30,160.5994110107422,1184.62,분할매수,0.0,251.4125467663106,1000000.0,1000000.0,5.256261837680844,0.0,0.0,246.15628492862976,46831054.565051556,46831054.565051556
2008,SPY,94,2015-10-31,174.25997924804688,1140.5,분할매수,0.0,246.15628492862976,1000000.0,1000000.0,5.031610936397113,0.0,0.0,241.12467399223266,47921963.17247257,47921963.17247257
2008,SPY,95,2015-11-30,174.8968963623047,1149.39,분할매수,0.0,241.12467399223266,1000000.0,1000000.0,4.974512000588635,0.0,0.0,236.150161991644,47472025.79141438,47472025.79141438
2008,SPY,96,2015-12-31,171.87423706054688,1169.26,분할매수,0.0,236.150161991644,1000000.0,1000000.0,4.975974244173872,0.0,0.0,231.17418774747014,46458075.625721104,46458075.625721104
2008,SPY,97,2016-01-31,163.3172607421875,1210.04,분할매수,0.0,231.17418774747014,1000000.0,1000000.0,5.060205869245099,0.0,0.0,226.11398187822505,44684739.657036446,44684739.657036446
2008,SPY,98,2016-02-29,163.1823272705078,1238.09,분할매수,0.0,226.11398187822505,1000000.0,1000000.0,4.9496519529814575,0.0,0.0,221.16432992524358,44682804.37213847,44682804.37213847
2008,SPY,99,2016-03-31,174.15895080566406,1138.86,분할매수,0.0,221.16432992524358,1000000.0,1000000.0,5.041779646970021,0.0,0.0,216.12255027827356,42866322.09484951,42866322.09484951
2008,SPY,100,2016-04-30,174.84535217285156,1144.09,분할매수,0.0,216.12255027827356,1000000.0,1000000.0,4.999029714141533,0.0,0.0,211.12352056413204,42232899.70989652,42232899.70989652
2008,SPY,101,2016-05-31,177.8197479248047,1188.99,분할매수,0.0,211.12352056413204,1000000.0,1000000.0,4.729789444613229,0.0,0.0,206.3937311195188,43636980.78665663,43636980.78665663
2008,SPY,102,2016-06-30,178.43783569335938,1154.15,분할매수,0.0,206.3937311195188,1000000.0,1000000.0,4.85568826342465,0.0,0.0,201.53804285609417,41505556.35421953,41505556.35421953
2008,SPY,103,2016-07-31,184.94561767578125,1112.89,분할매수,0.0,201.53804285609417,1000000.0,1000000.0,4.858516868286706,0.0,0.0,196.67952598780747,40481392.02142237,40481392.02142237
2008,SPY,104,2016-08-31,185.1671600341797,1115.98,분할매수,0.0,196.67952598780747,1000000.0,1000000.0,4.839267428241823,0.0,0.0,191.84025855956565,39642417.24687326,39642417.24687326
2008,SPY,105,2016-09-30,185.1779327392578,1097.98,분할매수,0.0,191.84025855956565,1000000.0,1000000.0,4.918314987163567,0.0,0.0,186.92194357240209,38005281.08920521,38005281.08920521
2008,SPY,106,2016-10-31,181.96746826171875,1145.37,분할매수,0.0,186.92194357240209,1000000.0,1000000.0,4.798002208847673,0.0,0.0,182.12394136355442,37958286.269170925,37958286.269170925
2008,SPY,107,2016-11-30,188.67086791992188,1175.87,분할매수,0.0,182.12394136355442,1000000.0,1000000.0,4.507501110308179,0.0,0.0,177.61644025324625,39404635.94053393,39404635.94053393
2008,SPY,108,2016-12-31,192.49554443359375,1203.73,분할매수,0.0,177.61644025324625,1000000.0,1000000.0,4.315689926734243,0.0,0.0,173.300750326512,40155978.13294517,40155978.13294517
2008,SPY,109,2017-01-31,195.94024658203125,1151.45,분할매수,0.0,173.300750326512,1000000.0,1000000.0,4.432321612891038,0.0,0.0,168.86842871362097,38099317.57264212,38099317.57264212
2008,SPY,110,2017-02-28,203.63900756835938,1129.17,분할매수,0.0,168.86842871362097,1000000.0,1000000.0,4.348902758502708,0.0,0.0,164.51952595511827,37830122.927779846,37830122.927779846
2008,SPY,111,2017-03-31,203.8935546875,1117.48,분할매수,0.0,164.51952595511827,1000000.0,1000000.0,4.388910689612172,0.0,0.0,160.1306152655061,36485275.411164984,36485275.411164984
2008,SPY,112,2017-04-30,205.9174346923828,1136.99,분할매수,0.0,160.1306152655061,1000000.0,1000000.0,4.271203225358132,0.0,0.0,155.85941204014796,36490750.68936329,36490750.68936329
2008,SPY,113,2017-05-31,208.8235321044922,1119.58,분할매수,0.0,155.85941204014796,1000000.0,1000000.0,4.277257840097791,0.0,0.0,151.58215420005016,35439096.698595226,35439096.698595226
2008,SPY,114,2017-06-30,210.15472412109375,1143.75,분할매수,0.0,151.58215420005016,1000000.0,1000000.0,4.16034873138002,0.0,0.0,147.42180546867013,35434963.50599657,35434963.50599657
2008,SPY,115,2017-07-31,214.47430419921875,1121.86,분할매수,0.0,147.42180546867013,1000000.0,1000000.0,4.156100769112103,0.0,0.0,143.26570469955803,34471181.68171001,34471181.68171001
2008,SPY,116,2017-08-31,215.10008239746094,1122.36,분할매수,0.0,143.26570469955803,1000000.0,1000000.0,4.142163551826052,0.0,0.0,139.12354114773197,33587167.52900789,33587167.52900789
2008,SPY,117,2017-09-30,219.43421936035156,1142.57,분할매수,0.0,139.12354114773197,1000000.0,1000000.0,3.9885296903595093,0.0,0.0,135.13501145737246,33880908.9936076,33880908.9936076
2008,SPY,118,2017-10-31,224.60499572753906,1115.68,분할매수,0.0,135.13501145737246,1000000.0,1000000.0,3.990625197215137,0.0,0.0,131.14438626015732,32863117.87728815,32863117.87728815
2008,SPY,119,2017-11-30,231.47019958496094,1084.79,분할매수,0.0,131.14438626015732,1000000.0,1000000.0,3.9825316951001892,0.0,0.0,127.16185456505713,31929903.96573808,31929903.96573808
2008,SPY,120,2017-12-31,234.27752685546875,1067.42,분할매수,0.0,127.16185456505713,1000000.0,1000000.0,3.9988400530097943,0.0,0.0,123.16301451204733,30799685.128527857,30799685.128527857
2008,SOXX,0,2007-12-31,16.376056671142578,935.8,분할매수,100000000.0,0.0,0.0,0.0,0.0,8333333.333333333,91666666.66666667,543.7839443022544,8333333.333333333,100000000.0
2008,SOXX,1,2008-01-31,14.115763664245605,943.4,분할매수,91666666.66666667,543.7839443022544,1000000.0,1000000.0,0.0,8333333.333333333,82333333.33333334,1169.559368873548,15574801.584167756,97908134.91750109
2008,SOXX,2,2008-02-29,13.834603309631348,942.8,분할매수,82333333.33333334,1169.559368873548,1000000.0,1000000.0,0.0,8333333.333333333,73000000.00000001,1808.4587527339536,23588204.94559917,96588204.94559918
2008,SOXX,3,2008-03-31,13.660955429077148,988.6,분할매수,73000000.00000001,1808.4587527339536,1000000.0,1000000.0,0.0,8333333.333333333,63666666.66666668,2425.5040879351145,32756967.621409107,96423634.28807579
2008,SOXX,4,2008-04-30,14.716668128967285,1005.0,분할매수,63666666.66666668,2425.5040879351145,1000000.0,1000000.0,0.0,8333333.333333333,54333333.33333334,2988.9382763567855,44207148.73446587,98540482.06779921
2008,SOXX,5,2008-05-31,15.965337753295898,1028.5,분할매수,54333333.33333334,2988.9382763567855,1000000.0,1000000.0,0.0,8333333.333333333,45000000.00000001,3496.4386277260605,57412745.598638505,102412745.5986385
2008,SOXX,6,2008-06-30,14.149591445922852,1046.8,분할매수,45000000.00000001,3496.4386277260605,1000000.0,1000000.0,0.0,8333333.333333333,35666666.66666667,4059.0534112816517,60121856.166389756,95788522.83305642
2008,SOXX,7,2008-07-31,12.986111640930176,1011.5,분할매수,35666666.66666667,4059.0534112816517,1000000.0,1000000.0,0.0,8333333.333333333,26333333.33333334,4693.468837643898,61650834.27742245,87984167.61075579
2008,SOXX,8,2008-08-31,13.558173179626465,1089.0,분할매수,26333333.33333334,4693.468837643898,1000000.0,1000000.0,0.0,8333333.333333333,17000000.000000007,5257.872336417022,77631699.48223153,94631699.48223153
2008,SOXX,9,2008-09-30,11.203596115112305,1206.3,분할매수,17000000.000000007,5257.872336417022,1000000.0,1000000.0,0.0,8333333.333333333,7666666.666666674,5874.475831111737,79392941.62369601,87059608.29036269
2008,SOXX,10,2008-10-31,9.227625846862793,1277.5,분할매수,7666666.666666674,5874.475831111737,1000000.0,1000000.0,0.0,6666666.666666674,0.0,6440.008705230724,75916703.22452676,75916703.22452676
2008,SOXX,11,2008-11-30,7.481041431427002,1468.0,분할매수,0.0,6440.008705230724,1000000.0,1000000.0,91.05669529112684,0.0,0.0,6348.952009939598,69725262.8117098,69725262.8117098
2008,SOXX,12,2008-12-31,7.908021450042725,1262.0,분할매수,0.0,6348.952009939598,1000000.0,1000000.0,100.20117319447608,0.0,0.0,6248.750836745122,62362052.63402649,62362052.63402649
2008,SOXX,13,2009-01-31,7.701746463775635,1380.0,분할매수,0.0,6248.750836745122,1000000.0,1000000.0,94.08744945937632,0.0,0.0,6154.663387285746,65414286.63068516,65414286.63068516
2008,SOXX,14,2009-02-28,7.576310157775879,1532.8,분할매수,0.0,6154.663387285746,1000000.0,1000000.0,86.11062924918446,0.0,0.0,6068.5527580365615,70473910.25880857,70473910.25880857
2008,SOXX,15,2009-03-31,8.680145263671875,1372.3,분할매수,0.0,6068.5527580365615,1000000.0,1000000.0,83.95062687267615,0.0,0.0,5984.602131163885,71287164.30242313,71287164.30242313
2008,SOXX,16,2009-04-30,9.758893966674805,1277.0,분할매수,0.0,5984.602131163885,1000000.0,1000000.0,80.24324877162914,0.0,0.0,5904.358882392256,73580755.67448616,73580755.67448616
2008,SOXX,17,2009-05-31,10.151926040649414,1249.0,분할매수,0.0,5904.358882392256,1000000.0,1000000.0,78.8658732544028,0.0,0.0,5825.493009137854,73865827.74968053,73865827.74968053
2008,SOXX,18,2009-06-30,10.254066467285156,1273.5,분할매수,0.0,5825.493009137854,1000000.0,1000000.0,76.57815919756173,0.0,0.0,5748.914849940292,75072512.97473522,75072512.97473522
2008,SOXX,19,2009-07-31,11.84000301361084,1222.2,분할매수,0.0,5748.914849940292,1000000.0,1000000.0,69.10443295874038,0.0,0.0,5679.8104169815515,82191694.13303414,82191694.13303414
2008,SOXX,20,2009-08-31,12.150481224060059,1248.0,분할매수,0.0,5679.8104169815515,1000000.0,1000000.0,65.94652808444935,0.0,0.0,5613.863888897102,85127512.42503834,85127512.42503834
2008,SOXX,21,2009-09-30,12.52808666229248,1175.0,분할매수,0.0,5613.863888897102,1000000.0,1000000.0,67.9324666829452,0.0,0.0,5545.931422214157,81638893.63974018,81638893.63974018
2008,SOXX,22,2009-10-31,11.356111526489258,1182.0,분할매수,0.0,5545.931422214157,1000000.0,1000000.0,74.49941704868328,0.0,0.0,5471.432005165473,73442615.01522952,73442615.01522952
2008,SOXX,23,2009-11-30,12.128105163574219,1164.4,분할매수,0.0,5471.432005165473,1000000.0,1000000.0,70.81167201574316,0.0,0.0,5400.62033314973,76267374.84674901,76267374.84674901
2008,SOXX,24,2009-12-31,13.834537506103516,1163.65,분할매수,0.0,5400.62033314973,1000000.0,1000000.0,62.11735874351422,0.0,0.0,5338.502974406216,85942208.14264128,85942208.14264128
2008,SOXX,25,2010-01-31,12.078170776367188,1158.7,분할매수,0.0,5338.502974406216,1000000.0,1000000.0,71.45421083992444,0.0,0.0,5267.048763566291,73712223.55762653,73712223.55762653
2008,SOXX,26,2010-02-28,13.042060852050781,1159.0,분할매수,0.0,5267.048763566291,1000000.0,1000000.0,66.15616806398496,0.0,0.0,5200.892595502306,78615384.5922893,78615384.5922893
2008,SOXX,27,2010-03-31,13.887931823730469,1131.2,분할매수,0.0,5200.892595502306,1000000.0,1000000.0,63.65360835191846,0.0,0.0,5137.238987150387,80706170.79158178,80706170.79158178
2008,SOXX,28,2010-04-30,14.168952941894531,1108.0,분할매수,0.0,5137.238987150387,1000000.0,1000000.0,63.6975138186603,0.0,0.0,5073.5414733317275,79650541.58590133,79650541.58590133
2008,SOXX,29,2010-05-31,13.241588592529297,1194.5,분할매수,0.0,5073.5414733317275,1000000.0,1000000.0,63.22280429716924,0.0,0.0,5010.318669034558,79248599.05745897,79248599.05745897
2008,SOXX,30,2010-06-30,12.33794116973877,1220.85,분할매수,0.0,5010.318669034558,1000000.0,1000000.0,66.38882731286313,0.0,0.0,4943.929841721695,74469305.18026768,74469305.18026768
2008,SOXX,31,2010-07-31,12.978693008422852,1182.0,분할매수,0.0,4943.929841721695,1000000.0,1000000.0,65.1855844124084,0.0,0.0,4878.744257309287,74843913.74698779,74843913.74698779
2008,SOXX,32,2010-08-31,11.620979309082031,1198.0,분할매수,0.0,4878.744257309287,1000000.0,1000000.0,71.82910481986215,0.0,0.0,4806.915152489424,66921551.710055806,66921551.710055806
2008,SOXX,33,2010-09-30,13.354104995727539,1140.1,분할매수,0.0,4806.915152489424,1000000.0,1000000.0,65.68137982538235,0.0,0.0,4741.233772664042,72185355.80812824,72185355.80812824
2008,SOXX,34,2010-10-31,14.277120590209961,1124.0,분할매수,0.0,4741.233772664042,1000000.0,1000000.0,62.31506624049656,0.0,0.0,4678.918706423545,75084870.94221953,75084870.94221953
2008,SOXX,35,2010-11-30,14.974329948425293,1157.2,분할매수,0.0,4678.918706423545,1000000.0,1000000.0,57.70908344657977,0.0,0.0,4621.209622976965,80077681.8307075,80077681.8307075
2008,SOXX,36,2010-12-31,15.722329139709473,1130.6,분할매수,0.0,4621.209622976965,1000000.0,1000000.0,56.25668472580782,0.0,0.0,4564.952938251157,81145075.65635094,81145075.65635094
2008,SOXX,37,2011-01-31,16.792133331298828,1119.1,분할매수,0.0,4564.952938251157,1000000.0,1000000.0,53.213917298231046,0.0,0.0,4511.739020952927,84784944.42849272,84784944.42849272
2008,SOXX,38,2011-02-28,17.52320671081543,1123.7,분할매수,0.0,4511.739020952927,1000000.0,1000000.0,50.785067618224915,0.0,0.0,4460.9539533347015,87839874.24945019,87839874.24945019
2008,SOXX,39,2011-03-31,16.704345703125,1097.25,분할매수,0.0,4460.9539533347015,1000000.0,1000000.0,54.55881652709496,0.0,0.0,4406.395136807607,80764126.0806914,80764126.0806914
2008,SOXX,40,2011-04-30,17.182092666625977,1068.4,분할매수,0.0,4406.395136807607,1000000.0,1000000.0,54.47409999642574,0.0,0.0,4351.921036811181,79889728.09274,79889728.09274
2008,SOXX,41,2011-05-31,16.831554412841797,1078.0,분할매수,0.0,4351.921036811181,1000000.0,1000000.0,55.11337586734634,0.0,0.0,4296.807660943835,77963064.19853358,77963064.19853358
2008,SOXX,42,2011-06-30,15.72076416015625,1066.3,분할매수,0.0,4296.807660943835,1000000.0,1000000.0,59.6550121156821,0.0,0.0,4237.152648828152,71027605.20124495,71027605.20124495
2008,SOXX,43,2011-07-31,14.862497329711914,1054.0,분할매수,0.0,4237.152648828152,1000000.0,1000000.0,63.836284196927096,0.0,0.0,4173.316364631225,65375302.10494485,65375302.10494485
2008,SOXX,44,2011-08-31,13.692647933959961,1063.9,분할매수,0.0,4173.316364631225,1000000.0,1000000.0,68.64544890277745,0.0,0.0,4104.670915728448,59795237.43142671,59795237.43142671
2008,SOXX,45,2011-09-30,13.04082202911377,1180.9,분할매수,0.0,4104.670915728448,1000000.0,1000000.0,64.93545819861862,0.0,0.0,4039.735457529829,62211549.276721165,62211549.276721165
2008,SOXX,46,2011-10-31,14.88107967376709,1112.05,분할매수,0.0,4039.735457529829,1000000.0,1000000.0,60.42842063840004,0.0,0.0,3979.307036891429,65851581.0086012,65851581.0086012
2008,SOXX,47,2011-11-30,14.350017547607422,1140.05,분할매수,0.0,3979.307036891429,1000000.0,1000000.0,61.125675132942234,0.0,0.0,3918.1813617584867,64100418.57593939,64100418.57593939
2008,SOXX,48,2011-12-31,14.056510925292969,1158.5,분할매수,0.0,3918.1813617584867,1000000.0,1000000.0,61.40820846673756,0.0,0.0,3856.773153291749,62805498.63917319,62805498.63917319
2008,SOXX,49,2012-01-31,15.795072555541992,1125.7,분할매수,0.0,3856.773153291749,1000000.0,1000000.0,56.24134636128074,0.0,0.0,3800.5318069304685,67575405.86807393,67575405.86807393
2008,SOXX,50,2012-02-29,16.41254234313965,1117.1,분할매수,0.0,3800.5318069304685,1000000.0,1000000.0,54.54212930563989,0.0,0.0,3745.989677624829,68680664.38391648,68680664.38391648
2008,SOXX,51,2012-03-31,16.94625473022461,1131.4,분할매수,0.0,3745.989677624829,1000000.0,1000000.0,52.156698788240455,0.0,0.0,3693.832978836588,70821832.37543057,70821832.37543057
2008,SOXX,52,2012-04-30,15.994181632995605,1130.05,분할매수,0.0,3693.832978836588,1000000.0,1000000.0,55.327406985625835,0.0,0.0,3638.5055718509625,65763168.20335088,65763168.20335088
2008,SOXX,53,2012-05-31,14.315231323242188,1180.0,분할매수,0.0,3638.5055718509625,1000000.0,1000000.0,59.199715881832326,0.0,0.0,3579.3058559691303,60461537.73970351,60461537.73970351
2008,SOXX,54,2012-06-30,14.94796371459961,1141.17,분할매수,0.0,3579.3058559691303,1000000.0,1000000.0,58.622943244982274,0.0,0.0,3520.682912724148,60056399.72751615,60056399.72751615
2008,SOXX,55,2012-07-31,14.91081714630127,1130.27,분할매수,0.0,3520.682912724148,1000000.0,1000000.0,59.33573890942879,0.0,0.0,3461.347173814719,58334946.82013121,58334946.82013121
2008,SOXX,56,2012-08-31,15.413655281066895,1133.2,분할매수,0.0,3461.347173814719,1000000.0,1000000.0,57.251621599629885,0.0,0.0,3404.0955522150894,59458500.16302588,59458500.16302588
2008,SOXX,57,2012-09-30,14.88819408416748,1111.21,분할매수,0.0,3404.0955522150894,1000000.0,1000000.0,60.44520255719029,0.0,0.0,3343.650349657899,55317050.95196431,55317050.95196431
2008,SOXX,58,2012-10-31,14.317110061645508,1090.17,분할매수,0.0,3343.650349657899,1000000.0,1000000.0,64.06936353948034,0.0,0.0,3279.5809861184184,51187975.1091565,51187975.1091565
2008,SOXX,59,2012-11-30,14.615561485290527,1081.75,분할매수,0.0,3279.5809861184184,1000000.0,1000000.0,63.249572115246885,0.0,0.0,3216.3314140031716,50851433.55820182,50851433.55820182
2008,SOXX,60,2012-12-31,14.987213134765625,1063.24,분할매수,0.0,3216.3314140031716,1000000.0,1000000.0,62.75492425582106,0.0,0.0,3153.5764897473505,50252255.534430504,50252255.534430504
2008,SOXX,61,2013-01-31,16.133434295654297,1087.46,분할매수,0.0,3153.5764897473505,1000000.0,1000000.0,56.9980350399548,0.0,0.0,3096.578454707396,54327810.64359041,54327810.64359041
2008,SOXX,62,2013-02-28,16.7209415435791,1083.9,분할매수,0.0,3096.578454707396,1000000.0,1000000.0,55.17597994504447,0.0,0.0,3041.402474762351,55121856.97094283,55121856.97094283
2008,SOXX,63,2013-03-31,17.11033821105957,1112.48,분할매수,0.0,3041.402474762351,1000000.0,1000000.0,52.53505531408447,0.0,0.0,2988.867419448267,56892819.50079078,56892819.50079078
2008,SOXX,64,2013-04-30,17.410873413085938,1101.52,분할매수,0.0,2988.867419448267,1000000.0,1000000.0,52.14192433929762,0.0,0.0,2936.7254951089694,56321770.481640205,56321770.481640205
2008,SOXX,65,2013-05-31,18.40207290649414,1129.34,분할매수,0.0,2936.7254951089694,1000000.0,1000000.0,48.1181079757602,0.0,0.0,2888.607387133209,60031607.82191109,60031607.82191109
2008,SOXX,66,2013-06-30,18.394147872924805,1141.45,분할매수,0.0,2888.607387133209,1000000.0,1000000.0,47.628119438697894,0.0,0.0,2840.9792676945112,59649200.95892371,59649200.95892371
2008,SOXX,67,2013-07-31,18.814044952392578,1122.66,분할매수,0.0,2840.9792676945112,1000000.0,1000000.0,47.34450426457053,0.0,0.0,2793.634763429941,59006526.87835852,59006526.87835852
2008,SOXX,68,2013-08-31,18.072711944580078,1109.42,분할매수,0.0,2793.634763429941,1000000.0,1000000.0,49.87474435367592,0.0,0.0,2743.760019076265,55013014.19450869,55013014.19450869
2008,SOXX,69,2013-09-30,19.387670516967773,1073.33,분할매수,0.0,2743.760019076265,1000000.0,1000000.0,48.055278803816336,0.0,0.0,2695.704740272449,56095913.027110934,56095913.027110934
2008,SOXX,70,2013-10-31,20.033437728881836,1060.83,분할매수,0.0,2695.704740272449,1000000.0,1000000.0,47.05423602720163,0.0,0.0,2648.6505042452472,56289310.54611292,56289310.54611292
2008,SOXX,71,2013-11-30,20.207975387573242,1057.76,분할매수,0.0,2648.6505042452472,1000000.0,1000000.0,46.78321415698745,0.0,0.0,2601.86729008826,55615402.59626754,55615402.59626754
2008,SOXX,72,2013-12-31,21.218782424926758,1055.25,분할매수,0.0,2601.86729008826,1000000.0,1000000.0,44.66056155862515,0.0,0.0,2557.206728529635,57258723.116878726,57258723.116878726
2008,SOXX,73,2014-01-31,20.988237380981445,1080.36,분할매수,0.0,2557.206728529635,1000000.0,1000000.0,44.10172088275238,0.0,0.0,2513.1050076468823,56984284.452939,56984284.452939
2008,SOXX,74,2014-02-28,22.397769927978516,1066.01,분할매수,0.0,2513.1050076468823,1000000.0,1000000.0,41.88262969839527,0.0,0.0,2471.222377948487,59003515.1981675,59003515.1981675
2008,SOXX,75,2014-03-31,23.317424774169922,1064.65,분할매수,0.0,2471.222377948487,1000000.0,1000000.0,40.28214210792898,0.0,0.0,2430.940235840558,60347839.23176869,60347839.23176869
2008,SOXX,76,2014-04-30,22.884382247924805,1032.85,분할매수,0.0,2430.940235840558,1000000.0,1000000.0,42.308102980656926,0.0,0.0,2388.6321328599015,56458029.65810056,56458029.65810056
2008,SOXX,77,2014-05-31,23.896774291992188,1020.3,분할매수,0.0,2388.6321328599015,1000000.0,1000000.0,41.014066544574604,0.0,0.0,2347.618066315327,57239339.18534768,57239339.18534768
2008,SOXX,78,2014-06-30,25.35187530517578,1011.6,분할매수,0.0,2347.618066315327,1000000.0,1000000.0,38.992500755987514,0.0,0.0,2308.6255655593395,59206912.11898834,59206912.11898834
2008,SOXX,79,2014-07-31,24.248594284057617,1027.75,분할매수,0.0,2308.6255655593395,1000000.0,1000000.0,40.126007258501225,0.0,0.0,2268.499558300838,56534395.35328366,56534395.35328366
2008,SOXX,80,2014-08-31,25.803739547729492,1013.85,분할매수,0.0,2268.499558300838,1000000.0,1000000.0,38.224661205680746,0.0,0.0,2230.2748970951575,58346492.20550072,58346492.20550072
2008,SOXX,81,2014-09-30,25.554243087768555,1054.55,분할매수,0.0,2230.2748970951575,1000000.0,1000000.0,37.1081926173158,0.0,0.0,2193.166704477842,59101954.306835316,59101954.306835316
2008,SOXX,82,2014-10-31,25.642515182495117,1073.07,분할매수,0.0,2193.166704477842,1000000.0,1000000.0,36.34220930510624,0.0,0.0,2156.8244951727356,59347643.8668161,59347643.8668161
2008,SOXX,83,2014-11-30,27.49325180053711,1112.06,분할매수,0.0,2156.8244951727356,1000000.0,1000000.0,32.70737351653538,0.0,0.0,2124.1171216562,64943066.14324571,64943066.14324571
2008,SOXX,84,2014-12-31,27.552759170532227,1090.89,분할매수,0.0,2124.1171216562,1000000.0,1000000.0,33.27008750522752,0.0,0.0,2090.847034150973,62844650.884144835,62844650.884144835
2008,SOXX,85,2015-01-31,26.212053298950195,1104.3,분할매수,0.0,2090.847034150973,1000000.0,1000000.0,34.547122938922314,0.0,0.0,2056.2999112120506,59521596.482795164,59521596.482795164
2008,SOXX,86,2015-02-28,28.730329513549805,1100.65,분할매수,0.0,2056.2999112120506,1000000.0,1000000.0,31.623516041569015,0.0,0.0,2024.6763951704816,64024392.24370404,64024392.24370404
2008,SOXX,87,2015-03-31,27.96234703063965,1107.71,분할매수,0.0,2024.6763951704816,1000000.0,1000000.0,32.28496369248259,0.0,0.0,1992.391431477999,61712673.752887584,61712673.752887584
2008,SOXX,88,2015-04-30,27.60248565673828,1076.74,분할매수,0.0,1992.391431477999,1000000.0,1000000.0,33.64658256159053,0.0,0.0,1958.7448489164085,58215268.82651156,58215268.82651156
2008,SOXX,89,2015-05-31,30.059059143066406,1111.99,분할매수,0.0,1958.7448489164085,1000000.0,1000000.0,29.917392237317078,0.0,0.0,1928.8274566790915,64471777.53257496,64471777.53257496
2008,SOXX,90,2015-06-30,27.459665298461914,1117.34,분할매수,0.0,1928.8274566790915,1000000.0,1000000.0,32.592630576728205,0.0,0.0,1896.2348261023633,58179864.360390514,58179864.360390514
2008,SOXX,91,2015-07-31,26.102930068969727,1159.7,분할매수,0.0,1896.2348261023633,1000000.0,1000000.0,33.034298057090666,0.0,0.0,1863.2005280452727,56402001.484192125,56402001.484192125
2008,SOXX,92,2015-08-31,24.755144119262695,1182.54,분할매수,0.0,1863.2005280452727,1000000.0,1000000.0,34.16006599686335,0.0,0.0,1829.0404620484094,53543235.60781047,53543235.60781047
2008,SOXX,93,2015-09-30,24.426544189453125,1184.62,분할매수,0.0,1829.0404620484094,1000000.0,1000000.0,34.55882046606791,0.0,0.0,1794.4816415823416,51925430.82725523,51925430.82725523
2008,SOXX,94,2015-10-31,26.849407196044922,1140.5,분할매수,0.0,1794.4816415823416,1000000.0,1000000.0,32.656527980623935,0.0,0.0,1761.8251136017177,53950166.246915765,53950166.246915765
2008,SOXX,95,2015-11-30,27.470121383666992,1149.39,분할매수,0.0,1761.8251136017177,1000000.0,1000000.0,31.67174610073934,0.0,0.0,1730.1533675009784,54627659.681213155,54627659.681213155
2008,SOXX,96,2015-12-31,26.996599197387695,1169.26,분할매수,0.0,1730.1533675009784,1000000.0,1000000.0,31.679611590969294,0.0,0.0,1698.4737559100092,53614096.594359204,53614096.594359204
2008,SOXX,97,2016-01-31,24.950218200683594,1210.04,분할매수,0.0,1698.4737559100092,1000000.0,1000000.0,33.12271478788137,0.0,0.0,1665.3510411221278,50278216.98152082,50278216.98152082
2008,SOXX,98,2016-02-29,25.382936477661133,1238.09,분할매수,0.0,1665.3510411221278,1000000.0,1000000.0,31.820420997285343,0.0,0.0,1633.5306201248425,51335921.050956614,51335921.050956614
2008,SOXX,99,2016-03-31,27.614622116088867,1138.86,분할매수,0.0,1633.5306201248425,1000000.0,1000000.0,31.797322803054662,0.0,0.0,1601.7332973217879,50373212.46328055,50373212.46328055
2008,SOXX,100,2016-04-30,26.336669921875,1144.09,분할매수,0.0,1601.7332973217879,1000000.0,1000000.0,33.18783709118979,0.0,0.0,1568.545460230598,47262659.98958371,47262659.98958371
2008,SOXX,101,2016-05-31,28.62432098388672,1188.99,분할매수,0.0,1568.545460230598,1000000.0,1000000.0,29.38235520947283,0.0,0.0,1539.1631050211254,52383925.45621739,52383925.45621739
2008,SOXX,102,2016-06-30,28.312902450561523,1154.15,분할매수,0.0,1539.1631050211254,1000000.0,1000000.0,30.602249488199583,0.0,0.0,1508.5608555329259,49295750.500780545,49295750.500780545
2008,SOXX,103,2016-07-31,31.445337295532227,1112.89,분할매수,0.0,1508.5608555329259,1000000.0,1000000.0,28.575346314417025,0.0,0.0,1479.985509218509,51792390.99796374,51792390.99796374
2008,SOXX,104,2016-08-31,32.92689514160156,1115.98,분할매수,0.0,1479.985509218509,1000000.0,1000000.0,27.214026785091583,0.0,0.0,1452.7714824334173,53383187.05665698,53383187.05665698
2008,SOXX,105,2016-09-30,34.30694580078125,1097.98,분할매수,0.0,1452.7714824334173,1000000.0,1000000.0,26.547492952949444,0.0,0.0,1426.223989480468,53723490.65157257,53723490.65157257
2008,SOXX,106,2016-10-31,33.812042236328125,1145.37,분할매수,0.0,1426.223989480468,1000000.0,1000000.0,25.82157884920941,0.0,0.0,1400.4024106312586,54233802.619475976,54233802.619475976
2008,SOXX,107,2016-11-30,36.24713897705078,1175.87,분할매수,0.0,1400.4024106312586,1000000.0,1000000.0,23.462104062069354,0.0,0.0,1376.9403065691893,58687844.147586785,58687844.147586785
2008,SOXX,108,2016-12-31,37.34818649291992,1203.73,분할매수,0.0,1376.9403065691893,1000000.0,1000000.0,22.243411529787917,0.0,0.0,1354.6968950394014,60903287.84436773,60903287.84436773
2008,SOXX,109,2017-01-31,38.9124755859375,1151.45,분할매수,0.0,1354.6968950394014,1000000.0,1000000.0,22.318554054540574,0.0,0.0,1332.3783409848609,59698237.517040074,59698237.517040074
2008,SOXX,110,2017-02-28,40.008094787597656,1129.17,분할매수,0.0,1332.3783409848609,1000000.0,1000000.0,22.13567645383919,0.0,0.0,1310.2426645310218,59191444.51100679,59191444.51100679
2008,SOXX,111,2017-03-31,41.7696647644043,1117.48,분할매수,0.0,1310.2426645310218,1000000.0,1000000.0,21.42393545072434,0.0,0.0,1288.8187290802975,60157888.92029745,60157888.92029745
2008,SOXX,112,2017-04-30,41.531654357910156,1136.99,분할매수,0.0,1288.8187290802975,1000000.0,1000000.0,21.176984755678646,0.0,0.0,1267.641744324619,59859406.754528575,59859406.754528575
2008,SOXX,113,2017-05-31,45.15664291381836,1119.58,분할매수,0.0,1267.641744324619,1000000.0,1000000.0,19.779860331856664,0.0,0.0,1247.8618839927622,63087497.23490237,63087497.23490237
2008,SOXX,114,2017-06-30,42.885135650634766,1143.75,분할매수,0.0,1247.8618839927622,1000000.0,1000000.0,20.387412249628017,0.0,0.0,1227.4744717431342,60207468.054977424,60207468.054977424
2008,SOXX,115,2017-07-31,44.95904541015625,1121.86,분할매수,0.0,1227.4744717431342,1000000.0,1000000.0,19.8264178544101,0.0,0.0,1207.6480538887242,60911056.28645371,60911056.28645371
2008,SOXX,116,2017-08-31,46.26515579223633,1122.36,분할매수,0.0,1207.6480538887242,1000000.0,1000000.0,19.25811566057791,0.0,0.0,1188.3899382281463,61708526.377833806,61708526.377833806
2008,SOXX,117,2017-09-30,48.66284942626953,1142.57,분할매수,0.0,1188.3899382281463,1000000.0,1000000.0,17.985381236782988,0.0,0.0,1170.4045569913633,65075326.54340951,65075326.54340951
2008,SOXX,118,2017-10-31,53.00526428222656,1115.68,분할매수,0.0,1170.4045569913633,1000000.0,1000000.0,16.90991201549886,0.0,0.0,1153.4946449758645,68214112.75934632,68214112.75934632
2008,SOXX,119,2017-11-30,52.9561653137207,1084.79,분할매수,0.0,1153.4946449758645,1000000.0,1000000.0,17.40755586922057,0.0,0.0,1136.087089106644,65264020.84484666,65264020.84484666
2008,SOXX,120,2017-12-31,52.20765686035156,1067.42,분할매수,0.0,1136.087089106644,1000000.0,1000000.0,17.944462828807705,0.0,0.0,1118.1426262778364,62311289.94749239,62311289.94749239
2009,QQQ,0,2008-12-31,25.64301109313965,1262.0,분할매수,100000000.0,0.0,0.0,0.0,0.0,8333333.333333333,91666666.66666667,257.50779424955874,8333333.333333332,100000000.0
2009,QQQ,1,2009-01-31,25.056690216064453,1380.0,분할매수,91666666.66666667,257.50779424955874,1000000.0,1000000.0,0.0,8333333.333333333,82333333.33333334,498.5071956439075,17237497.71298523,99570831.04631858
2009,QQQ,2,2009-02-28,23.73746681213379,1532.8,분할매수,82333333.33333334,498.5071956439075,1000000.0,1000000.0,0.0,8333333.333333333,73000000.00000001,727.5406333159451,26471412.52644443,99471412.52644445
2009,QQQ,3,2009-03-31,26.186351776123047,1372.3,분할매수,73000000.00000001,727.5406333159451,1000000.0,1000000.0,0.0,8333333.333333333,63666666.66666668,959.4373997629305,34477891.98267635,98144558.64934303
2009,QQQ,4,2009-04-30,29.606462478637695,1277.0,분할매수,63666666.66666668,959.4373997629305,1000000.0,1000000.0,0.0,8333333.333333333,54333333.33333334,1179.8524968803436,44607217.33335741,98940550.66669075
2009,QQQ,5,2009-05-31,30.556489944458008,1249.0,분할매수,54333333.33333334,1179.8524968803436,1000000.0,1000000.0,0.0,8333333.333333333,45000000.00000001,1398.2023231270857,53362469.87846132,98362469.87846133
2009,QQQ,6,2009-06-30,31.458803176879883,1273.5,분할매수,45000000.00000001,1398.2023231270857,1000000.0,1000000.0,0.0,8333333.333333333,35666666.66666667,1606.2091593320624,64349213.57381305,100015880.24047972
2009,QQQ,7,2009-07-31,34.11350631713867,1222.2,분할매수,35666666.66666667,1606.2091593320624,1000000.0,1000000.0,0.0,8333333.333333333,26333333.33333334,1806.080310775455,75301858.96149586,101635192.2948292
2009,QQQ,8,2009-08-31,34.61507034301758,1248.0,분할매수,26333333.33333334,1806.080310775455,1000000.0,1000000.0,0.0,8333333.333333333,17000000.000000007,1998.9832967056095,86355294.39261736,103355294.39261737
2009,QQQ,9,2009-09-30,36.57011795043945,1175.0,분할매수,17000000.000000007,1998.9832967056095,1000000.0,1000000.0,0.0,8333333.333333333,7666666.666666674,2192.9175517488056,94229422.88957521,101896089.55624188
2009,QQQ,10,2009-10-31,35.45353698730469,1182.0,분할매수,7666666.666666674,2192.9175517488056,1000000.0,1000000.0,0.0,6666666.666666674,0.0,2352.0034541354007,98563246.60035114,98563246.60035114
2009,QQQ,11,2009-11-30,37.70399475097656,1164.4,분할매수,0.0,2352.0034541354007,1000000.0,1000000.0,22.77772980522746,0.0,0.0,2329.2257243301733,102258905.70515148,102258905.70515148
2009,QQQ,12,2009-12-31,39.6656608581543,1163.65,분할매수,0.0,2329.2257243301733,1000000.0,1000000.0,21.665211437932467,0.0,0.0,2307.5605128922407,106509946.57970685,106509946.57970685
2009,QQQ,13,2010-01-31,37.09930419921875,1158.7,분할매수,0.0,2307.5605128922407,1000000.0,1000000.0,23.262866510400187,0.0,0.0,2284.2976463818404,98195020.17778394,98195020.17778394
2009,QQQ,14,2010-02-28,38.80733108520508,1159.0,분할매수,0.0,2284.2976463818404,1000000.0,1000000.0,22.233241645363485,0.0,0.0,2262.0644047364767,101742446.77488165,101742446.77488165
2009,QQQ,15,2010-03-31,41.79971694946289,1131.2,분할매수,0.0,2262.0644047364767,1000000.0,1000000.0,21.14887462502885,0.0,0.0,2240.915530111448,105959090.96077453,105959090.96077453
2009,QQQ,16,2010-04-30,42.73710632324219,1108.0,분할매수,0.0,2240.915530111448,1000000.0,1000000.0,21.118113823289978,0.0,0.0,2219.797416288158,105113431.76112954,105113431.76112954
2009,QQQ,17,2010-05-31,39.57780838012695,1194.5,분할매수,0.0,2219.797416288158,1000000.0,1000000.0,21.15251951620124,0.0,0.0,2198.6448967719566,103942459.1991493,103942459.1991493
2009,QQQ,18,2010-06-30,37.212764739990234,1220.85,분할매수,0.0,2198.6448967719566,1000000.0,1000000.0,22.011303149260893,0.0,0.0,2176.6335936226956,98887084.4612298,98887084.4612298
2009,QQQ,19,2010-07-31,39.91376876831055,1182.0,분할매수,0.0,2176.6335936226956,1000000.0,1000000.0,21.19628676445561,0.0,0.0,2155.43730685824,101689382.23994623,101689382.23994623
2009,QQQ,20,2010-08-31,37.866233825683594,1198.0,분할매수,0.0,2155.43730685824,1000000.0,1000000.0,22.044033867855443,0.0,0.0,2133.3932729903845,96778715.08359881,96778715.08359881
2009,QQQ,21,2010-09-30,42.85430908203125,1140.1,분할매수,0.0,2133.3932729903845,1000000.0,1000000.0,20.467394323717848,0.0,0.0,2112.9258786666664,103233750.48372348,103233750.48372348
2009,QQQ,22,2010-10-31,45.57032775878906,1124.0,분할매수,0.0,2112.9258786666664,1000000.0,1000000.0,19.523223971785022,0.0,0.0,2093.402654694881,107226278.6986549,107226278.6986549
2009,QQQ,23,2010-11-30,45.49174499511719,1157.2,분할매수,0.0,2093.402654694881,1000000.0,1000000.0,18.995860823607604,0.0,0.0,2074.4067938712737,109203094.98652731,109203094.98652731
2009,QQQ,24,2010-12-31,47.65582275390625,1130.6,분할매수,0.0,2074.4067938712737,1000000.0,1000000.0,18.559875004896806,0.0,0.0,2055.846918866377,110768360.14919098,110768360.14919098
2009,QQQ,25,2011-01-31,49.00342559814453,1119.1,분할매수,0.0,2055.846918866377,1000000.0,1000000.0,18.23495364753519,0.0,0.0,2037.611965218842,111742097.3260475,111742097.3260475
2009,QQQ,26,2011-02-28,50.55229949951172,1123.7,분할매수,0.0,2037.611965218842,1000000.0,1000000.0,17.60389233541176,0.0,0.0,2020.0080728834303,114747808.85929461,114747808.85929461
2009,QQQ,27,2011-03-31,50.32566833496094,1097.25,분할매수,0.0,2020.0080728834303,1000000.0,1000000.0,18.109433268844267,0.0,0.0,2001.898639614586,110544521.73601046,110544521.73601046
2009,QQQ,28,2011-04-30,51.77157211303711,1068.4,분할매수,0.0,2001.898639614586,1000000.0,1000000.0,18.079015101686252,0.0,0.0,1983.8196245128997,109730514.26500918,109730514.26500918
2009,QQQ,29,2011-05-31,51.140628814697266,1078.0,분할매수,0.0,1983.8196245128997,1000000.0,1000000.0,18.139076626293793,0.0,0.0,1965.6805478866058,108367178.13062336,108367178.13062336
2009,QQQ,30,2011-06-30,50.10478210449219,1066.3,분할매수,0.0,1965.6805478866058,1000000.0,1000000.0,18.71722292866374,0.0,0.0,1946.9633249579422,104019882.2431261,104019882.2431261
2009,QQQ,31,2011-07-31,50.93913269042969,1054.0,분할매수,0.0,1946.9633249579422,1000000.0,1000000.0,18.625495828157504,0.0,0.0,1928.3378291297847,103532160.80371816,103532160.80371816
2009,QQQ,32,2011-08-31,48.357059478759766,1063.9,분할매수,0.0,1928.3378291297847,1000000.0,1000000.0,19.437450792623686,0.0,0.0,1908.900378337161,98207342.03795744,98207342.03795744
2009,QQQ,33,2011-09-30,46.185428619384766,1180.9,분할매수,0.0,1908.900378337161,1000000.0,1000000.0,18.335041571785293,0.0,0.0,1890.5653367653758,103112137.99889357,103112137.99889357
2009,QQQ,34,2011-10-31,50.989620208740234,1112.05,분할매수,0.0,1890.5653367653758,1000000.0,1000000.0,17.635748970058064,0.0,0.0,1872.9295877953177,106200739.81406592,106200739.81406592
2009,QQQ,35,2011-11-30,49.616981506347656,1140.05,분할매수,0.0,1872.9295877953177,1000000.0,1000000.0,17.678514172710297,0.0,0.0,1855.2510736226075,104943834.95681405,104943834.95681405
2009,QQQ,36,2011-12-31,49.31224822998047,1158.5,분할매수,0.0,1855.2510736226075,1000000.0,1000000.0,17.50447777577848,0.0,0.0,1837.746595846829,104987227.8046352,104987227.8046352
2009,QQQ,37,2012-01-31,53.46354293823242,1125.7,분할매수,0.0,1837.746595846829,1000000.0,1000000.0,16.615736585660077,0.0,0.0,1821.130859261169,109602776.25205399,109602776.25205399
2009,QQQ,38,2012-02-29,56.89060592651367,1117.1,분할매수,0.0,1821.130859261169,1000000.0,1000000.0,15.735023245667689,0.0,0.0,1805.3958360155013,114737411.43106219,114737411.43106219
2009,QQQ,39,2012-03-31,59.76529312133789,1131.4,분할매수,0.0,1805.3958360155013,1000000.0,1000000.0,14.788862521910008,0.0,0.0,1790.6069734935913,121078072.82952084,121078072.82952084
2009,QQQ,40,2012-04-30,59.06632995605469,1130.05,분할매수,0.0,1790.6069734935913,1000000.0,1000000.0,14.98174335986588,0.0,0.0,1775.6252301337254,118519266.24843886,118519266.24843886
2009,QQQ,41,2012-05-31,54.90799331665039,1180.0,분할매수,0.0,1775.6252301337254,1000000.0,1000000.0,15.434139474582832,0.0,0.0,1760.1910906591424,114045301.5574889,114045301.5574889
2009,QQQ,42,2012-06-30,56.89645767211914,1141.17,분할매수,0.0,1760.1910906591424,1000000.0,1000000.0,15.401549838460959,0.0,0.0,1744.7895408206814,113286621.0946881,113286621.0946881
2009,QQQ,43,2012-07-31,57.4639892578125,1130.27,분할매수,0.0,1744.7895408206814,1000000.0,1000000.0,15.396500739789504,0.0,0.0,1729.393040080892,112323772.0900818,112323772.0900818
2009,QQQ,44,2012-08-31,60.443599700927734,1133.2,분할매수,0.0,1729.393040080892,1000000.0,1000000.0,14.599672487825606,0.0,0.0,1714.7933675930665,117454235.29349722,117454235.29349722
2009,QQQ,45,2012-09-30,60.980621337890625,1111.21,분할매수,0.0,1714.7933675930665,1000000.0,1000000.0,14.75747356101627,0.0,0.0,1700.0358940320502,115198301.8640067,115198301.8640067
2009,QQQ,46,2012-10-31,57.76127243041992,1090.17,분할매수,0.0,1700.0358940320502,1000000.0,1000000.0,15.880677325439748,0.0,0.0,1684.1552167066104,106050591.05436958,106050591.05436958
2009,QQQ,47,2012-11-30,58.5172004699707,1081.75,분할매수,0.0,1684.1552167066104,1000000.0,1000000.0,15.797543333316112,0.0,0.0,1668.3576733732943,105608678.39842059,105608678.39842059
2009,QQQ,48,2012-12-31,58.24393081665039,1063.24,분할매수,0.0,1668.3576733732943,1000000.0,1000000.0,16.147973048707648,0.0,0.0,1652.2097003245867,102316847.77655832,102316847.77655832
2009,QQQ,49,2013-01-31,59.799983978271484,1087.46,분할매수,0.0,1652.2097003245867,1000000.0,1000000.0,15.377496650043287,0.0,0.0,1636.8322036745435,106443346.46432427,106443346.46432427
2009,QQQ,50,2013-02-28,60.00564956665039,1083.9,분할매수,0.0,1636.8322036745435,1000000.0,1000000.0,15.375124541332118,0.0,0.0,1621.4570791332114,105459768.78264211,105459768.78264211
2009,QQQ,51,2013-03-31,61.82072067260742,1112.48,분할매수,0.0,1621.4570791332114,1000000.0,1000000.0,14.540311963056817,0.0,0.0,1606.9167671701546,110514600.4606308,110514600.4606308
2009,QQQ,52,2013-04-30,63.38927459716797,1101.52,분할매수,0.0,1606.9167671701546,1000000.0,1000000.0,14.321609609124232,0.0,0.0,1592.5951575610304,111202246.1879142,111202246.1879142
2009,QQQ,53,2013-05-31,65.65703582763672,1129.34,분할매수,0.0,1592.5951575610304,1000000.0,1000000.0,13.486337296996561,0.0,0.0,1579.108820264034,117089524.41933253,117089524.41933253
2009,QQQ,54,2013-06-30,64.08438873291016,1141.45,분할매수,0.0,1579.108820264034,1000000.0,1000000.0,13.670703414462443,0.0,0.0,1565.4381168495715,114510429.30193855,114510429.30193855
2009,QQQ,55,2013-07-31,68.13067626953125,1122.66,분할매수,0.0,1565.4381168495715,1000000.0,1000000.0,13.074017171919973,0.0,0.0,1552.3640996776517,118736581.05725744,118736581.05725744
2009,QQQ,56,2013-08-31,67.86093139648438,1109.42,분할매수,0.0,1552.3640996776517,1000000.0,1000000.0,13.282633607652684,0.0,0.0,1539.081466069999,115871709.74762635,115871709.74762635
2009,QQQ,57,2013-09-30,71.14009857177734,1073.33,분할매수,0.0,1539.081466069999,1000000.0,1000000.0,13.096410192760567,0.0,0.0,1525.9850558772384,116519338.76664709,116519338.76664709
2009,QQQ,58,2013-10-31,74.66645050048828,1060.83,분할매수,0.0,1525.9850558772384,1000000.0,1000000.0,12.62492191623449,0.0,0.0,1513.3601339610038,119870851.0042317,119870851.0042317
2009,QQQ,59,2013-11-30,77.31796264648438,1057.76,분할매수,0.0,1513.3601339610038,1000000.0,1000000.0,12.2273532291394,0.0,0.0,1501.1327807318644,122768415.42080148,122768415.42080148
2009,QQQ,60,2013-12-31,79.58111572265625,1055.25,분할매수,0.0,1501.1327807318644,1000000.0,1000000.0,11.907884553794045,0.0,0.0,1489.2248961780704,125062087.17849714,125062087.17849714
2009,QQQ,61,2014-01-31,78.0521011352539,1080.36,분할매수,0.0,1489.2248961780704,1000000.0,1000000.0,11.858968219100495,0.0,0.0,1477.36592795897,124577948.1539945,124577948.1539945
2009,QQQ,62,2014-02-28,82.0737075805664,1066.01,분할매수,0.0,1477.36592795897,1000000.0,1000000.0,11.429695716408668,0.0,0.0,1465.9362322425613,128256803.03440082,128256803.03440082
2009,QQQ,63,2014-03-31,79.83014678955078,1064.65,분할매수,0.0,1465.9362322425613,1000000.0,1000000.0,11.765928738928505,0.0,0.0,1454.1703035036328,123591629.33669616,123591629.33669616
2009,QQQ,64,2014-04-30,79.57516479492188,1032.85,분할매수,0.0,1454.1703035036328,1000000.0,1000000.0,12.167047385815852,0.0,0.0,1442.003256117817,118517106.93581101,118517106.93581101
2009,QQQ,65,2014-05-31,83.14461517333984,1020.3,분할매수,0.0,1442.003256117817,1000000.0,1000000.0,11.787941876562028,0.0,0.0,1430.215314241255,121328670.36653389,121328670.36653389
2009,QQQ,66,2014-06-30,85.7419204711914,1011.6,분할매수,0.0,1430.215314241255,1000000.0,1000000.0,11.529168131181608,0.0,0.0,1418.6861461100734,123051908.86002582,123051908.86002582
2009,QQQ,67,2014-07-31,86.75538635253906,1027.75,분할매수,0.0,1418.6861461100734,1000000.0,1000000.0,11.215433544341199,0.0,0.0,1407.4707125657321,125494097.66472007,125494097.66472007
2009,QQQ,68,2014-08-31,91.10139465332031,1013.85,분할매수,0.0,1407.4707125657321,1000000.0,1000000.0,10.826828785717574,0.0,0.0,1396.6438837800144,128998427.09459162,128998427.09459162
2009,QQQ,69,2014-09-30,90.41205596923828,1054.55,분할매수,0.0,1396.6438837800144,1000000.0,1000000.0,10.488333270656577,0.0,0.0,1386.155550509358,132161661.41358547,132161661.41358547
2009,QQQ,70,2014-10-31,92.80071258544922,1073.07,분할매수,0.0,1386.155550509358,1000000.0,1000000.0,10.042009677603716,0.0,0.0,1376.113540831754,137035671.64457566,137035671.64457566
2009,QQQ,71,2014-11-30,97.01976776123047,1112.06,분할매수,0.0,1376.113540831754,1000000.0,1000000.0,9.268544715932244,0.0,0.0,1366.844996115822,147471370.96574312,147471370.96574312
2009,QQQ,72,2014-12-31,94.84590911865234,1090.89,분할매수,0.0,1366.844996115822,1000000.0,1000000.0,9.66496833793112,0.0,0.0,1357.1800277778907,140422604.6402557,140422604.6402557
2009,QQQ,73,2015-01-31,92.87093353271484,1104.3,분할매수,0.0,1357.1800277778907,1000000.0,1000000.0,9.750639875730613,0.0,0.0,1347.42938790216,138188816.8443097,138188816.8443097
2009,QQQ,74,2015-02-28,99.5767593383789,1100.65,분할매수,0.0,1347.42938790216,1000000.0,1000000.0,9.124157507113518,0.0,0.0,1338.3052303950465,146677129.29677683,146677129.29677683
2009,QQQ,75,2015-03-31,97.22775268554688,1107.71,분할매수,0.0,1338.3052303950465,1000000.0,1000000.0,9.285037797392155,0.0,0.0,1329.0201925976544,143135679.31526676,143135679.31526676
2009,QQQ,76,2015-04-30,99.0967788696289,1076.74,분할매수,0.0,1329.0201925976544,1000000.0,1000000.0,9.371942490445559,0.0,0.0,1319.648250107209,140808402.46859756,140808402.46859756
2009,QQQ,77,2015-05-31,101.32494354248047,1111.99,분할매수,0.0,1319.648250107209,1000000.0,1000000.0,8.875293992054415,0.0,0.0,1310.7729561151546,147687835.16226286,147687835.16226286
2009,QQQ,78,2015-06-30,98.80792236328125,1117.34,분할매수,0.0,1310.7729561151546,1000000.0,1000000.0,9.05780331604223,0.0,0.0,1301.7151527991123,143712013.54015395,143712013.54015395
2009,QQQ,79,2015-07-31,103.31134796142578,1159.7,분할매수,0.0,1301.7151527991123,1000000.0,1000000.0,8.346536843016521,0.0,0.0,1293.3686159560957,154958714.04895872,154958714.04895872
2009,QQQ,80,2015-08-31,96.26091003417969,1182.54,분할매수,0.0,1293.3686159560957,1000000.0,1000000.0,8.784846897620374,0.0,0.0,1284.5837690584754,146227223.31181908,146227223.31181908
2009,QQQ,81,2015-09-30,94.13615417480469,1184.62,분할매수,0.0,1284.5837690584754,1000000.0,1000000.0,8.967357575307874,0.0,0.0,1275.6164114831674,142251092.45065114,142251092.45065114
2009,QQQ,82,2015-10-31,104.83930969238281,1140.5,분할매수,0.0,1275.6164114831674,1000000.0,1000000.0,8.363355500274835,0.0,0.0,1267.2530559828926,151524475.54587966,151524475.54587966
2009,QQQ,83,2015-11-30,105.47760009765625,1149.39,분할매수,0.0,1267.2530559828926,1000000.0,1000000.0,8.248449993311175,0.0,0.0,1259.0046059895815,152635295.9659733,152635295.9659733
2009,QQQ,84,2015-12-31,103.79547882080078,1169.26,분할매수,0.0,1259.0046059895815,1000000.0,1000000.0,8.239682369276029,0.0,0.0,1250.7649236203054,151797711.07247216,151797711.07247216
2009,QQQ,85,2016-01-31,96.6227798461914,1210.04,분할매수,0.0,1250.7649236203054,1000000.0,1000000.0,8.55304476513904,0.0,0.0,1242.2118788551663,145236218.55906102,145236218.55906102
2009,QQQ,86,2016-02-29,95.11027526855469,1238.09,분할매수,0.0,1242.2118788551663,1000000.0,1000000.0,8.492202578385012,0.0,0.0,1233.7196762767812,145276760.05008838,145276760.05008838
2009,QQQ,87,2016-03-31,101.62783813476562,1138.86,분할매수,0.0,1233.7196762767812,1000000.0,1000000.0,8.640064273976451,0.0,0.0,1225.0796120028049,141790566.96287534,141790566.96287534
2009,QQQ,88,2016-04-30,98.38910675048828,1144.09,분할매수,0.0,1225.0796120028049,1000000.0,1000000.0,8.883677672856685,0.0,0.0,1216.1959343299482,136902303.20331526,136902303.20331526
2009,QQQ,89,2016-05-31,102.68878173828125,1188.99,분할매수,0.0,1216.1959343299482,1000000.0,1000000.0,8.190280890877412,0.0,0.0,1208.0056534390708,147492579.25751787,147492579.25751787
2009,QQQ,90,2016-06-30,100.3494873046875,1154.15,분할매수,0.0,1208.0056534390708,1000000.0,1000000.0,8.634209578932929,0.0,0.0,1199.3714438601378,138909234.58547366,138909234.58547366
2009,QQQ,91,2016-07-31,107.52534484863281,1112.89,분할매수,0.0,1199.3714438601378,1000000.0,1000000.0,8.356740491820076,0.0,0.0,1191.0147033683177,142521441.7671737,142521441.7671737
2009,QQQ,92,2016-08-31,108.65442657470703,1115.98,분할매수,0.0,1191.0147033683177,1000000.0,1000000.0,8.247003224643937,0.0,0.0,1182.7677001436737,143417877.733974,143417877.733974
2009,QQQ,93,2016-09-30,111.05953216552734,1097.98,분할매수,0.0,1182.7677001436737,1000000.0,1000000.0,8.200677457618157,0.0,0.0,1174.5670226860555,143228047.77487275,143228047.77487275
2009,QQQ,94,2016-10-31,109.44116973876953,1145.37,분할매수,0.0,1174.5670226860555,1000000.0,1000000.0,7.977622285490401,0.0,0.0,1166.589400400565,146232719.30564362,146232719.30564362
2009,QQQ,95,2016-11-30,109.91825103759766,1175.87,분할매수,0.0,1166.589400400565,1000000.0,1000000.0,7.7369694168529275,0.0,0.0,1158.852430983712,149781182.85687685,149781182.85687685
2009,QQQ,96,2016-12-31,111.16280364990234,1203.73,분할매수,0.0,1158.852430983712,1000000.0,1000000.0,7.473282921773574,0.0,0.0,1151.3791480619386,154066045.68754786,154066045.68754786
2009,QQQ,97,2017-01-31,116.87664794921875,1151.45,분할매수,0.0,1151.3791480619386,1000000.0,1000000.0,7.430656208912446,0.0,0.0,1143.948491853026,153949861.18197155,153949861.18197155
2009,QQQ,98,2017-02-28,121.9900894165039,1129.17,분할매수,0.0,1143.948491853026,1000000.0,1000000.0,7.259657288463132,0.0,0.0,1136.688834564563,156576101.23978728,156576101.23978728
2009,QQQ,99,2017-03-31,124.46266174316406,1117.48,분할매수,0.0,1136.688834564563,1000000.0,1000000.0,7.189871959814022,0.0,0.0,1129.4989626047488,157095838.27330986,157095838.27330986
2009,QQQ,100,2017-04-30,127.85678100585938,1136.99,분할매수,0.0,1129.4989626047488,1000000.0,1000000.0,6.878909388273054,0.0,0.0,1122.6200532164758,163197389.2736954,163197389.2736954
2009,QQQ,101,2017-05-31,132.83981323242188,1119.58,분할매수,0.0,1122.6200532164758,1000000.0,1000000.0,6.723828257181356,0.0,0.0,1115.8962249592944,165961440.7562338,165961440.7562338
2009,QQQ,102,2017-06-30,129.76058959960938,1143.75,분할매수,0.0,1115.8962249592944,1000000.0,1000000.0,6.737923606763131,0.0,0.0,1109.1583013525312,164614258.94458398,164614258.94458398
2009,QQQ,103,2017-07-31,135.0306854248047,1121.86,분할매수,0.0,1109.1583013525312,1000000.0,1000000.0,6.601290794258334,0.0,0.0,1102.5570105582729,167021427.3119515,167021427.3119515
2009,QQQ,104,2017-08-31,137.83062744140625,1122.36,분할매수,0.0,1102.5570105582729,1000000.0,1000000.0,6.464308679725856,0.0,0.0,1096.092701878547,169560699.55573824,169560699.55573824
2009,QQQ,105,2017-09-30,137.42367553710938,1142.57,분할매수,0.0,1096.092701878547,1000000.0,1000000.0,6.368770851011641,0.0,0.0,1089.7239310275352,171104276.87226948,171104276.87226948
2009,QQQ,106,2017-10-31,143.75390625,1115.68,분할매수,0.0,1089.7239310275352,1000000.0,1000000.0,6.2350608672292385,0.0,0.0,1083.4888701603059,173773583.48737198,173773583.48737198
2009,QQQ,107,2017-11-30,146.5883331298828,1084.79,분할매수,0.0,1083.4888701603059,1000000.0,1000000.0,6.288613743233513,0.0,0.0,1077.2002564170723,171293754.14035073,171293754.14035073
2009,QQQ,108,2017-12-31,147.47250366210938,1067.42,분할매수,0.0,1077.2002564170723,1000000.0,1000000.0,6.352630725360306,0.0,0.0,1070.847625691712,168567585.9320433,168567585.9320433
2009,QQQ,109,2018-01-31,160.38674926757812,1068.33,분할매수,0.0,1070.847625691712,1000000.0,1000000.0,5.836145232289653,0.0,0.0,1065.0114804594223,182485431.40548164,182485431.40548164
2009,QQQ,110,2018-02-28,158.31326293945312,1082.12,분할매수,0.0,1065.0114804594223,1000000.0,1000000.0,5.837236320435129,0.0,0.0,1059.1742441389872,181451321.4808532,181451321.4808532
2009,QQQ,111,2018-03-31,151.85592651367188,1060.99,분할매수,0.0,1059.1742441389872,1000000.0,1000000.0,6.206645823583529,0.0,0.0,1052.9675983154036,169651632.82145396,169651632.82145396
2009,QQQ,112,2018-04-30,152.62408447265625,1069.07,분할매수,0.0,1052.9675983154036,1000000.0,1000000.0,6.1287341845933945,0.0,0.0,1046.8388641308102,170808332.12874314,170808332.12874314
2009,QQQ,113,2018-05-31,161.28233337402344,1080.75,분할매수,0.0,1046.8388641308102,1000000.0,1000000.0,5.737041055114647,0.0,0.0,1041.1018230756956,181470171.30852494,181470171.30852494
2009,QQQ,114,2018-06-30,163.12913513183594,1111.79,분할매수,0.0,1041.1018230756956,1000000.0,1000000.0,5.51373263308745,0.0,0.0,1035.588090442608,187819787.31216133,187819787.31216133
2009,QQQ,115,2018-07-31,167.6908416748047,1112.75,분할매수,0.0,1035.588090442608,1000000.0,1000000.0,5.359114703004297,0.0,0.0,1030.2289757396038,192238650.0072599,192238650.0072599
2009,QQQ,116,2018-08-31,177.38446044921875,1116.5,분할매수,0.0,1030.2289757396038,1000000.0,1000000.0,5.049236363780962,0.0,0.0,1025.179739375823,203036591.1823049,203036591.1823049
2009,QQQ,117,2018-09-30,176.8848876953125,1109.76,분할매수,0.0,1025.179739375823,1000000.0,1000000.0,5.094249396606257,0.0,0.0,1020.0854899792166,200242550.09163633,200242550.09163633
2009,QQQ,118,2018-10-31,161.68038940429688,1140.78,분할매수,0.0,1020.0854899792166,1000000.0,1000000.0,5.421765814552934,0.0,0.0,1014.6637241646637,187146357.638896,187146357.638896
2009,QQQ,119,2018-11-30,161.25192260742188,1118.61,분할매수,0.0,1014.6637241646637,1000000.0,1000000.0,5.543912933446721,0.0,0.0,1009.119811231217,182023026.57805887,182023026.57805887
2009,QQQ,120,2018-12-31,147.28636169433594,1112.85,분할매수,0.0,1009.119811231217,1000000.0,1000000.0,6.100997339611204,0.0,0.0,1003.0188138916058,164402434.23471558,164402434.23471558
2009,SPY,0,2008-12-31,65.82254791259766,1262.0,분할매수,100000000.0,0.0,0.0,0.0,0.0,8333333.333333333,91666666.66666667,100.31935003913102,8333333.333333332,100000000.0
2009,SPY,1,2009-01-31,60.41757583618164,1380.0,분할매수,91666666.66666667,100.31935003913102,1000000.0,1000000.0,0.0,8333333.333333333,82333333.33333334,200.2678709690103,16697585.00891273,99030918.34224607
2009,SPY,2,2009-02-28,53.92576599121094,1532.8,분할매수,82333333.33333334,200.2678709690103,1000000.0,1000000.0,0.0,8333333.333333333,73000000.00000001,301.0856067151284,24886957.67721284,97886957.67721286
2009,SPY,3,2009-03-31,58.41838455200195,1372.3,분할매수,73000000.00000001,301.0856067151284,1000000.0,1000000.0,0.0,8333333.333333333,63666666.66666668,405.0345664218224,32470628.499207847,96137295.16587453
2009,SPY,4,2009-04-30,64.22201538085938,1277.0,분할매수,63666666.66666668,405.0345664218224,1000000.0,1000000.0,0.0,8333333.333333333,54333333.33333334,506.64631534985256,41550831.20265791,95884164.53599125
2009,SPY,5,2009-05-31,67.97601318359375,1249.0,분할매수,54333333.33333334,506.64631534985256,1000000.0,1000000.0,0.0,8333333.333333333,45000000.00000001,604.7986481744119,51348639.30127265,96348639.30127266
2009,SPY,6,2009-06-30,67.9314956665039,1273.5,분할매수,45000000.00000001,604.7986481744119,1000000.0,1000000.0,0.0,8333333.333333333,35666666.66666667,701.1257797268007,60654923.87136052,96321590.5380272
2009,SPY,7,2009-07-31,72.99956512451172,1222.2,분할매수,35666666.66666667,701.1257797268007,1000000.0,1000000.0,0.0,8333333.333333333,26333333.33333334,794.5277852832489,70887823.42429373,97221156.75762707
2009,SPY,8,2009-08-31,75.69611358642578,1248.0,분할매수,26333333.33333334,794.5277852832489,1000000.0,1000000.0,0.0,8333333.333333333,17000000.000000007,882.7403778587791,83391379.85533375,100391379.85533375
2009,SPY,9,2009-09-30,78.380126953125,1175.0,분할매수,17000000.000000007,882.7403778587791,1000000.0,1000000.0,0.0,8333333.333333333,7666666.666666674,973.2250307581263,89630764.22111759,97297430.88778426
2009,SPY,10,2009-10-31,76.87322998046875,1182.0,분할매수,7666666.666666674,973.2250307581263,1000000.0,1000000.0,0.0,6666666.666666674,0.0,1046.5946280269661,95097939.47230862,95097939.47230862
2009,SPY,11,2009-11-30,81.60918426513672,1164.4,분할매수,0.0,1046.5946280269661,1000000.0,1000000.0,10.523465131391358,0.0,0.0,1036.0711628955748,98453422.89442174,98453422.89442174
2009,SPY,12,2009-12-31,83.16798400878906,1163.65,분할매수,0.0,1036.0711628955748,1000000.0,1000000.0,10.332881571668471,0.0,0.0,1025.7382813239064,99269334.91005632,99269334.91005632
2009,SPY,13,2010-01-31,80.14543914794922,1158.7,분할매수,0.0,1025.7382813239064,1000000.0,1000000.0,10.768375223722739,0.0,0.0,1014.9699061001837,94254693.49026807,94254693.49026807
2009,SPY,14,2010-02-28,82.64555358886719,1159.0,분할매수,0.0,1014.9699061001837,1000000.0,1000000.0,10.439917601873455,0.0,0.0,1004.5299884983102,96220106.97843498,96220106.97843498
2009,SPY,15,2010-03-31,87.6769790649414,1131.2,분할매수,0.0,1004.5299884983102,1000000.0,1000000.0,10.082657757529512,0.0,0.0,994.4473307407807,98629483.87771557,98629483.87771557
2009,SPY,16,2010-04-30,89.03337097167969,1108.0,분할매수,0.0,994.4473307407807,1000000.0,1000000.0,10.136952762345212,0.0,0.0,984.3103779784354,97101209.90548174,97101209.90548174
2009,SPY,17,2010-05-31,81.95924377441406,1194.5,분할매수,0.0,984.3103779784354,1000000.0,1000000.0,10.21447155458571,0.0,0.0,974.0959064238498,95364297.72390299,95364297.72390299
2009,SPY,18,2010-06-30,77.71862030029297,1220.85,분할매수,0.0,974.0959064238498,1000000.0,1000000.0,10.53932046849478,0.0,0.0,963.556585955355,91424925.24406268,91424925.24406268
2009,SPY,19,2010-07-31,83.0268325805664,1182.0,분할매수,0.0,963.556585955355,1000000.0,1000000.0,10.189762301751426,0.0,0.0,953.3668236536035,93561242.68862857,93561242.68862857
2009,SPY,20,2010-08-31,79.29222106933594,1198.0,분할매수,0.0,953.3668236536035,1000000.0,1000000.0,10.527193331759362,0.0,0.0,942.8396303218442,89562298.38369195,89562298.38369195
2009,SPY,21,2010-09-30,86.39324188232422,1140.1,분할매수,0.0,942.8396303218442,1000000.0,1000000.0,10.152600172674752,0.0,0.0,932.6870301491695,91866813.84926915,91866813.84926915
2009,SPY,22,2010-10-31,89.69363403320312,1124.0,분할매수,0.0,932.6870301491695,1000000.0,1000000.0,9.919095428479864,0.0,0.0,922.7679347206896,93029444.20427932,93029444.20427932
2009,SPY,23,2010-11-30,89.69363403320312,1157.2,분할매수,0.0,922.7679347206896,1000000.0,1000000.0,9.63451716350792,0.0,0.0,913.1334175571817,94777288.9975018,94777288.9975018
2009,SPY,24,2010-12-31,95.68986511230469,1130.6,분할매수,0.0,913.1334175571817,1000000.0,1000000.0,9.243258024556267,0.0,0.0,903.8901595326255,97789129.88594384,97789129.88594384
2009,SPY,25,2011-01-31,97.9194564819336,1119.1,분할매수,0.0,903.8901595326255,1000000.0,1000000.0,9.125614320760368,0.0,0.0,894.7645452118651,98049787.52787255,98049787.52787255
2009,SPY,26,2011-02-28,101.3209228515625,1123.7,분할매수,0.0,894.7645452118651,1000000.0,1000000.0,8.783153692753505,0.0,0.0,885.9813915191115,100872809.75739793,100872809.75739793
2009,SPY,27,2011-03-31,101.33309173583984,1097.25,분할매수,0.0,885.9813915191115,1000000.0,1000000.0,8.9937977496805,0.0,0.0,876.987593769431,97510264.09289509,97510264.09289509
2009,SPY,28,2011-04-30,104.26785278320312,1068.4,분할매수,0.0,876.987593769431,1000000.0,1000000.0,8.976678900406174,0.0,0.0,868.0109148690248,96696219.67092408,96696219.67092408
2009,SPY,29,2011-05-31,103.09854125976562,1078.0,분할매수,0.0,868.0109148690248,1000000.0,1000000.0,8.997642192136976,0.0,0.0,859.0132726768878,95470930.53195404,95470930.53195404
2009,SPY,30,2011-06-30,101.35928344726562,1066.3,분할매수,0.0,859.0132726768878,1000000.0,1000000.0,9.252456652673798,0.0,0.0,849.760816024214,91841642.48731153,91841642.48731153
2009,SPY,31,2011-07-31,99.33163452148438,1054.0,분할매수,0.0,849.760816024214,1000000.0,1000000.0,9.551504996229088,0.0,0.0,840.2093110279849,87966169.8716273,87966169.8716273
2009,SPY,32,2011-08-31,93.87081909179688,1063.9,분할매수,0.0,840.2093110279849,1000000.0,1000000.0,10.013100697195348,0.0,0.0,830.1962103307895,82911001.84015188,82911001.84015188
2009,SPY,33,2011-09-30,87.3542251586914,1180.9,분할매수,0.0,830.1962103307895,1000000.0,1000000.0,9.693998798670444,0.0,0.0,820.5022115321191,84640222.118106,84640222.118106
2009,SPY,34,2011-10-31,96.88873291015625,1112.05,분할매수,0.0,820.5022115321191,1000000.0,1000000.0,9.281163196899241,0.0,0.0,811.2210483352198,87405105.49434601,87405105.49434601
2009,SPY,35,2011-11-30,96.49495697021484,1140.05,분할매수,0.0,811.2210483352198,1000000.0,1000000.0,9.090159095441884,0.0,0.0,802.130889239778,88241677.71078879,88241677.71078879
2009,SPY,36,2011-12-31,97.50320434570312,1158.5,분할매수,0.0,802.130889239778,1000000.0,1000000.0,8.852890107640903,0.0,0.0,793.2779991321371,89606669.62842578,89606669.62842578
2009,SPY,37,2012-01-31,102.02483367919922,1125.7,분할매수,0.0,793.2779991321371,1000000.0,1000000.0,8.70705802070727,0.0,0.0,784.5709411114299,90107466.75232325,90107466.75232325
2009,SPY,38,2012-02-29,106.45328521728516,1117.1,분할매수,0.0,784.5709411114299,1000000.0,1000000.0,8.409087656493107,0.0,0.0,776.1618534549368,92300364.22032309,92300364.22032309
2009,SPY,39,2012-03-31,109.87721252441406,1131.4,분할매수,0.0,776.1618534549368,1000000.0,1000000.0,8.0440765036402,0.0,0.0,768.1177769512966,95488621.54701026,95488621.54701026
2009,SPY,40,2012-04-30,109.14369201660156,1130.05,분할매수,0.0,768.1177769512966,1000000.0,1000000.0,8.10781255664475,0.0,0.0,760.0099643946519,93737979.15095934,93737979.15095934
2009,SPY,41,2012-05-31,102.58901977539062,1180.0,분할매수,0.0,760.0099643946519,1000000.0,1000000.0,8.260704985524532,0.0,0.0,751.7492594091274,91003039.17479672,91003039.17479672
2009,SPY,42,2012-06-30,106.75215911865234,1141.17,분할매수,0.0,751.7492594091274,1000000.0,1000000.0,8.208673582845748,0.0,0.0,743.5405858262816,90579869.97803293,90579869.97803293
2009,SPY,43,2012-07-31,108.01504516601562,1130.27,분할매수,0.0,743.5405858262816,1000000.0,1000000.0,8.190936288174882,0.0,0.0,735.3496495381067,89776018.71958384,89776018.71958384
2009,SPY,44,2012-08-31,110.72108459472656,1133.2,분할매수,0.0,735.3496495381067,1000000.0,1000000.0,7.970087746600781,0.0,0.0,727.3795617915059,91263683.02553898,91263683.02553898
2009,SPY,45,2012-09-30,113.5279769897461,1111.21,분할매수,0.0,727.3795617915059,1000000.0,1000000.0,7.926855837566337,0.0,0.0,719.4527059539396,90761421.76629043,90761421.76629043
2009,SPY,46,2012-10-31,111.46190643310547,1090.17,분할매수,0.0,719.4527059539396,1000000.0,1000000.0,8.229610983056652,0.0,0.0,711.2230949708829,86422444.07848299,86422444.07848299
2009,SPY,47,2012-11-30,112.09275817871094,1081.75,분할매수,0.0,711.2230949708829,1000000.0,1000000.0,8.24699137739907,0.0,0.0,702.9761035934839,85240310.24453285,85240310.24453285
2009,SPY,48,2012-12-31,113.09429168701172,1063.24,분할매수,0.0,702.9761035934839,1000000.0,1000000.0,8.31625903525666,0.0,0.0,694.6598445582273,83530327.95313698,83530327.95313698
2009,SPY,49,2013-01-31,118.88359069824219,1087.46,분할매수,0.0,694.6598445582273,1000000.0,1000000.0,7.735079735542585,0.0,0.0,686.9247648226847,88806423.24425885,88806423.24425885
2009,SPY,50,2013-02-28,120.40040588378906,1083.9,분할매수,0.0,686.9247648226847,1000000.0,1000000.0,7.6627178164272385,0.0,0.0,679.2620470062574,88645055.61591527,88645055.61591527
2009,SPY,51,2013-03-31,124.97216033935547,1112.48,분할매수,0.0,679.2620470062574,1000000.0,1000000.0,7.192742462959839,0.0,0.0,672.0693045432976,93437142.7872226,93437142.7872226
2009,SPY,52,2013-04-30,127.37313842773438,1101.52,분할매수,0.0,672.0693045432976,1000000.0,1000000.0,7.127377525531254,0.0,0.0,664.9419270177663,93294051.65305921,93294051.65305921
2009,SPY,53,2013-05-31,130.38040161132812,1129.34,분할매수,0.0,664.9419270177663,1000000.0,1000000.0,6.7914573060769134,0.0,0.0,658.1504697116893,96908577.94582383,96908577.94582383
2009,SPY,54,2013-06-30,128.64056396484375,1141.45,분할매수,0.0,658.1504697116893,1000000.0,1000000.0,6.810283201993404,0.0,0.0,651.3401865096959,95640690.29009621,95640690.29009621
2009,SPY,55,2013-07-31,135.288330078125,1122.66,분할매수,0.0,651.3401865096959,1000000.0,1000000.0,6.584024142865798,0.0,0.0,644.75616236683,97927369.09469928,97927369.09469928
2009,SPY,56,2013-08-31,131.23062133789062,1109.42,분할매수,0.0,644.75616236683,1000000.0,1000000.0,6.868609466480524,0.0,0.0,637.8875529003495,92869969.68066132,92869969.68066132
2009,SPY,57,2013-09-30,135.38365173339844,1073.33,분할매수,0.0,637.8875529003495,1000000.0,1000000.0,6.8817756067335845,0.0,0.0,631.0057772936159,91692291.83761792,91692291.83761792
2009,SPY,58,2013-10-31,141.65283203125,1060.83,분할매수,0.0,631.0057772936159,1000000.0,1000000.0,6.654707101959618,0.0,0.0,624.3510701916563,93820969.221591,93820969.221591
2009,SPY,59,2013-11-30,145.85108947753906,1057.76,분할매수,0.0,624.3510701916563,1000000.0,1000000.0,6.481912775711972,0.0,0.0,617.8691574159443,95322041.31643498,95322041.31643498
2009,SPY,60,2013-12-31,149.6324920654297,1055.25,분할매수,0.0,617.8691574159443,1000000.0,1000000.0,6.333134773115586,0.0,0.0,611.5360226428287,96561346.71866196,96561346.71866196
2009,SPY,61,2014-01-31,144.3582305908203,1080.36,분할매수,0.0,611.5360226428287,1000000.0,1000000.0,6.411947438041357,0.0,0.0,605.1240752047873,94374459.71790954,94374459.71790954
2009,SPY,62,2014-02-28,150.92877197265625,1066.01,분할매수,0.0,605.1240752047873,1000000.0,1000000.0,6.215365643691375,0.0,0.0,598.908709561096,96359368.68315881,96359368.68315881
2009,SPY,63,2014-03-31,152.1807861328125,1064.65,분할매수,0.0,598.908709561096,1000000.0,1000000.0,6.172105179719101,0.0,0.0,592.7366043813769,96034754.28919263,96034754.28919263
2009,SPY,64,2014-04-30,153.23870849609375,1032.85,분할매수,0.0,592.7366043813769,1000000.0,1000000.0,6.318213004376766,0.0,0.0,586.4183913770001,92813963.53221634,92813963.53221634
2009,SPY,65,2014-05-31,156.79478454589844,1020.3,분할매수,0.0,586.4183913770001,1000000.0,1000000.0,6.250870485590305,0.0,0.0,580.1675208914098,92813876.43990216,92813876.43990216
2009,SPY,66,2014-06-30,160.03182983398438,1011.6,분할매수,0.0,580.1675208914098,1000000.0,1000000.0,6.177102505346989,0.0,0.0,573.9904183860629,92922275.11024925,92922275.11024925
2009,SPY,67,2014-07-31,157.88136291503906,1027.75,분할매수,0.0,573.9904183860629,1000000.0,1000000.0,6.162850714521314,0.0,0.0,567.8275676715415,92137160.86511537,92137160.86511537
2009,SPY,68,2014-08-31,164.11192321777344,1013.85,분할매수,0.0,567.8275676715415,1000000.0,1000000.0,6.010161740306534,0.0,0.0,561.8174059312349,93477917.93413211,93477917.93413211
2009,SPY,69,2014-09-30,161.8478240966797,1054.55,분할매수,0.0,561.8174059312349,1000000.0,1000000.0,5.85903319975545,0.0,0.0,555.9583727314795,94889097.5314297,94889097.5314297
2009,SPY,70,2014-10-31,165.65948486328125,1073.07,분할매수,0.0,555.9583727314795,1000000.0,1000000.0,5.625428900981454,0.0,0.0,550.332943830498,97829508.38370438,97829508.38370438
2009,SPY,71,2014-11-30,170.2104949951172,1112.06,분할매수,0.0,550.332943830498,1000000.0,1000000.0,5.283058814029783,0.0,0.0,545.0498850164682,103169376.719605,103169376.719605
2009,SPY,72,2014-12-31,169.77871704101562,1090.89,분할매수,0.0,545.0498850164682,1000000.0,1000000.0,5.399279277111115,0.0,0.0,539.6506057393572,99948637.22405878,99948637.22405878
2009,SPY,73,2015-01-31,164.748291015625,1104.3,분할매수,0.0,539.6506057393572,1000000.0,1000000.0,5.49657311901665,0.0,0.0,534.1540326203406,97179464.55989328,97179464.55989328
2009,SPY,74,2015-02-28,174.0078887939453,1100.65,분할매수,0.0,534.1540326203406,1000000.0,1000000.0,5.221338196495144,0.0,0.0,528.9326944238454,101302132.61782101,101302132.61782101
2009,SPY,75,2015-03-31,171.27499389648438,1107.71,분할매수,0.0,528.9326944238454,1000000.0,1000000.0,5.270841575311419,0.0,0.0,523.661852848534,99350710.00831479,99350710.00831479
2009,SPY,76,2015-04-30,172.9592742919922,1076.74,분할매수,0.0,523.661852848534,1000000.0,1000000.0,5.369641589653466,0.0,0.0,518.2922112588805,96522682.67914858,96522682.67914858
2009,SPY,77,2015-05-31,175.18284606933594,1111.99,분할매수,0.0,518.2922112588805,1000000.0,1000000.0,5.1334287736819775,0.0,0.0,513.1587824851985,99964138.02721038,99964138.02721038
2009,SPY,78,2015-06-30,171.6245574951172,1117.34,분할매수,0.0,513.1587824851985,1000000.0,1000000.0,5.214770775789676,0.0,0.0,507.94401170940876,97404858.91874902,97404858.91874902
2009,SPY,79,2015-07-31,175.50144958496094,1159.7,분할매수,0.0,507.94401170940876,1000000.0,1000000.0,4.913303987522343,0.0,0.0,503.0307077218864,102381352.54797296,102381352.54797296
2009,SPY,80,2015-08-31,164.80459594726562,1182.54,분할매수,0.0,503.0307077218864,1000000.0,1000000.0,5.13115154353138,0.0,0.0,497.89955617835506,97034662.09374295,97034662.09374295
2009,SPY,81,2015-09-30,160.5994110107422,1184.62,분할매수,0.0,497.89955617835506,1000000.0,1000000.0,5.256261837680844,0.0,0.0,492.64329434067423,93725029.2230566,93725029.2230566
2009,SPY,82,2015-10-31,174.25997924804688,1140.5,분할매수,0.0,492.64329434067423,1000000.0,1000000.0,5.031610936397113,0.0,0.0,487.61168340427713,96909655.68840893,96909655.68840893
2009,SPY,83,2015-11-30,174.8968963623047,1149.39,분할매수,0.0,487.61168340427713,1000000.0,1000000.0,4.974512000588635,0.0,0.0,482.6371714036885,97022013.68628278,97022013.68628278
2009,SPY,84,2015-12-31,171.87423706054688,1169.26,분할매수,0.0,482.6371714036885,1000000.0,1000000.0,4.975974244173872,0.0,0.0,477.66119715951464,95993502.72336821,95993502.72336821
2009,SPY,85,2016-01-31,163.3172607421875,1210.04,분할매수,0.0,477.66119715951464,1000000.0,1000000.0,5.060205869245099,0.0,0.0,472.6009912902695,93395605.53507163,93395605.53507163
2009,SPY,86,2016-02-29,163.1823272705078,1238.09,분할매수,0.0,472.6009912902695,1000000.0,1000000.0,4.9496519529814575,0.0,0.0,467.65133933728805,94481661.29248643,94481661.29248643
2009,SPY,87,2016-03-31,174.15895080566406,1138.86,분할매수,0.0,467.65133933728805,1000000.0,1000000.0,5.041779646970021,0.0,0.0,462.609559690318,91755211.86617793,91755211.86617793
2009,SPY,88,2016-04-30,174.84535217285156,1144.09,분할매수,0.0,462.609559690318,1000000.0,1000000.0,4.999029714141533,0.0,0.0,457.61052997617645,91539869.96349761,91539869.96349761
2009,SPY,89,2016-05-31,177.8197479248047,1188.99,분할매수,0.0,457.61052997617645,1000000.0,1000000.0,4.729789444613229,0.0,0.0,452.8807405315632,95750719.10385999,95750719.10385999
2009,SPY,90,2016-06-30,178.43783569335938,1154.15,분할매수,0.0,452.8807405315632,1000000.0,1000000.0,4.85568826342465,0.0,0.0,448.02505226813855,92268083.9383525,92268083.9383525
2009,SPY,91,2016-07-31,184.94561767578125,1112.89,분할매수,0.0,448.02505226813855,1000000.0,1000000.0,4.858516868286706,0.0,0.0,443.16653539985185,91214365.90918514,91214365.90918514
2009,SPY,92,2016-08-31,185.1671600341797,1115.98,분할매수,0.0,443.16653539985185,1000000.0,1000000.0,4.839267428241823,0.0,0.0,438.32726797161,90577194.68313424,90577194.68313424
2009,SPY,93,2016-09-30,185.1779327392578,1097.98,분할매수,0.0,438.32726797161,1000000.0,1000000.0,4.918314987163567,0.0,0.0,433.40895298444644,88121430.63541299,88121430.63541299
2009,SPY,94,2016-10-31,181.96746826171875,1145.37,분할매수,0.0,433.40895298444644,1000000.0,1000000.0,4.798002208847673,0.0,0.0,428.6109507755988,89331128.2736023,89331128.2736023
2009,SPY,95,2016-11-30,188.67086791992188,1175.87,분할매수,0.0,428.6109507755988,1000000.0,1000000.0,4.507501110308179,0.0,0.0,424.1034496652906,94088373.86537983,94088373.86537983
2009,SPY,96,2016-12-31,192.49554443359375,1203.73,분할매수,0.0,424.1034496652906,1000000.0,1000000.0,4.315689926734243,0.0,0.0,419.78775973855636,97270139.1585417,97270139.1585417
2009,SPY,97,2017-01-31,195.94024658203125,1151.45,분할매수,0.0,419.78775973855636,1000000.0,1000000.0,4.432321612891038,0.0,0.0,415.35543812566533,93710582.03846009,93710582.03846009
2009,SPY,98,2017-02-28,203.63900756835938,1129.17,분할매수,0.0,415.35543812566533,1000000.0,1000000.0,4.348902758502708,0.0,0.0,411.0065353671626,94508099.67263304,94508099.67263304
2009,SPY,99,2017-03-31,203.8935546875,1117.48,분할매수,0.0,411.0065353671626,1000000.0,1000000.0,4.388910689612172,0.0,0.0,406.61762467755045,92646593.52489159,92646593.52489159
2009,SPY,100,2017-04-30,205.9174346923828,1136.99,분할매수,0.0,406.61762467755045,1000000.0,1000000.0,4.271203225358132,0.0,0.0,402.3464214521923,94199784.04761022,94199784.04761022
2009,SPY,101,2017-05-31,208.8235321044922,1119.58,분할매수,0.0,402.3464214521923,1000000.0,1000000.0,4.277257840097791,0.0,0.0,398.06916361209454,93066440.81175931,93066440.81175931
2009,SPY,102,2017-06-30,210.15472412109375,1143.75,분할매수,0.0,398.06916361209454,1000000.0,1000000.0,4.16034873138002,0.0,0.0,393.90881488071454,94681681.82864131,94681681.82864131
2009,SPY,103,2017-07-31,214.47430419921875,1121.86,분할매수,0.0,393.90881488071454,1000000.0,1000000.0,4.156100769112103,0.0,0.0,389.7527141116024,93778456.24153815,93778456.24153815
2009,SPY,104,2017-08-31,215.10008239746094,1122.36,분할매수,0.0,389.7527141116024,1000000.0,1000000.0,4.142163551826052,0.0,0.0,385.61055055977636,93093994.41501577,93093994.41501577
2009,SPY,105,2017-09-30,219.43421936035156,1142.57,분할매수,0.0,385.61055055977636,1000000.0,1000000.0,3.9885296903595093,0.0,0.0,381.6220208694169,95679874.66454563,95679874.66454563
2009,SPY,106,2017-10-31,224.60499572753906,1115.68,분할매수,0.0,381.6220208694169,1000000.0,1000000.0,3.990625197215137,0.0,0.0,377.63139567220173,94629632.45351437,94629632.45351437
2009,SPY,107,2017-11-30,231.47019958496094,1084.79,분할매수,0.0,377.63139567220173,1000000.0,1000000.0,3.9825316951001892,0.0,0.0,373.64886397710154,93821943.57343379,93821943.57343379
2009,SPY,108,2017-12-31,234.27752685546875,1067.42,분할매수,0.0,373.64886397710154,1000000.0,1000000.0,3.9988400530097943,0.0,0.0,369.6500239240917,92439312.15650108,92439312.15650108
2009,SPY,109,2018-01-31,247.48110961914062,1068.33,분할매수,0.0,369.6500239240917,1000000.0,1000000.0,3.782269941737877,0.0,0.0,365.86775398235386,96732322.02306665,96732322.02306665
2009,SPY,110,2018-02-28,238.4827117919922,1082.12,분할매수,0.0,365.86775398235386,1000000.0,1000000.0,3.8749640235674403,0.0,0.0,361.99278995878643,93418361.50146292,93418361.50146292
2009,SPY,111,2018-03-31,231.94573974609375,1060.99,분할매수,0.0,361.99278995878643,1000000.0,1000000.0,4.0635191364766685,0.0,0.0,357.9292708223098,88083569.63532288,88083569.63532288
2009,SPY,112,2018-04-30,233.1444854736328,1069.07,분할매수,0.0,357.9292708223098,1000000.0,1000000.0,4.01207192183675,0.0,0.0,353.917198900473,88213074.39036328,88213074.39036328
2009,SPY,113,2018-05-31,238.81192016601562,1080.75,분할매수,0.0,353.917198900473,1000000.0,1000000.0,3.874527567083869,0.0,0.0,350.04267133338914,90344607.2515225,90344607.2515225
2009,SPY,114,2018-06-30,240.18536376953125,1111.79,분할매수,0.0,350.04267133338914,1000000.0,1000000.0,3.74481784263424,0.0,0.0,346.2978534907549,92473884.72363092,92473884.72363092
2009,SPY,115,2018-07-31,249.08338928222656,1112.75,분할매수,0.0,346.2978534907549,1000000.0,1000000.0,3.607926075553593,0.0,0.0,342.6899274152013,94982524.652371,94982524.652371
2009,SPY,116,2018-08-31,257.0340576171875,1116.5,분할매수,0.0,342.6899274152013,1000000.0,1000000.0,3.4845812900164477,0.0,0.0,339.20534612518486,97344650.01491866,97344650.01491866
2009,SPY,117,2018-09-30,258.5623474121094,1109.76,분할매수,0.0,339.20534612518486,1000000.0,1000000.0,3.485023018353097,0.0,0.0,335.72032310683176,96332311.53390826,96332311.53390826
2009,SPY,118,2018-10-31,240.6945037841797,1140.78,분할매수,0.0,335.72032310683176,1000000.0,1000000.0,3.6419328001848617,0.0,0.0,332.0783903066469,91181910.41026098,91181910.41026098
2009,SPY,119,2018-11-30,245.1592254638672,1118.61,분할매수,0.0,332.0783903066469,1000000.0,1000000.0,3.646473501435471,0.0,0.0,328.4319168052114,90068367.88363357,90068367.88363357
2009,SPY,120,2018-12-31,223.5733642578125,1112.85,분할매수,0.0,328.4319168052114,1000000.0,1000000.0,4.01923415090694,0.0,0.0,324.4126826543045,80715049.30388312,80715049.30388312
2009,SOXX,0,2008-12-31,7.908021450042725,1262.0,분할매수,100000000.0,0.0,0.0,0.0,0.0,8333333.333333333,91666666.66666667,835.0097766206339,8333333.333333332,100000000.0
2009,SOXX,1,2009-01-31,7.701746463775635,1380.0,분할매수,91666666.66666667,835.0097766206339,1000000.0,1000000.0,0.0,8333333.333333333,82333333.33333334,1619.0718554487698,17208159.693475682,99541493.02680902
2009,SOXX,2,2009-02-28,7.576310157775879,1532.8,분할매수,82333333.33333334,1619.0718554487698,1000000.0,1000000.0,0.0,8333333.333333333,73000000.00000001,2336.660432525307,27135563.320104726,100135563.32010475
2009,SOXX,3,2009-03-31,8.680145263671875,1372.3,분할매수,73000000.00000001,2336.660432525307,1000000.0,1000000.0,0.0,8333333.333333333,63666666.66666668,3036.2489897976084,36167079.42398738,99833746.09065406
2009,SOXX,4,2009-04-30,9.758893966674805,1277.0,분할매수,63666666.66666668,3036.2489897976084,1000000.0,1000000.0,0.0,8333333.333333333,54333333.33333334,3704.9427295611845,46171394.93074845,100504728.26408179
2009,SOXX,5,2009-05-31,10.151926040649414,1249.0,분할매수,54333333.33333334,3704.9427295611845,1000000.0,1000000.0,0.0,8333333.333333333,45000000.00000001,4362.158340014541,55311101.74794162,100311101.74794163
2009,SOXX,6,2009-06-30,10.254066467285156,1273.5,분할매수,45000000.00000001,4362.158340014541,1000000.0,1000000.0,0.0,8333333.333333333,35666666.66666667,5000.309666660889,65296812.02914185,100963478.69580853
2009,SOXX,7,2009-07-31,11.84000301361084,1222.2,분할매수,35666666.66666667,5000.309666660889,1000000.0,1000000.0,0.0,8333333.333333333,26333333.33333334,5576.179941317058,80692072.88983014,107025406.22316349
2009,SOXX,8,2009-08-31,12.150481224060059,1248.0,분할매수,26333333.33333334,5576.179941317058,1000000.0,1000000.0,0.0,8333333.333333333,17000000.000000007,6125.734342020803,92889413.89266697,109889413.89266697
2009,SOXX,9,2009-09-30,12.52808666229248,1175.0,분할매수,17000000.000000007,6125.734342020803,1000000.0,1000000.0,0.0,8333333.333333333,7666666.666666674,6691.838231045346,98507216.91407928,106173883.58074595
2009,SOXX,10,2009-10-31,11.356111526489258,1182.0,분할매수,7666666.666666674,6691.838231045346,1000000.0,1000000.0,0.0,6666666.666666674,0.0,7188.501011369902,96490701.48659576,96490701.48659576
2009,SOXX,11,2009-11-30,12.128105163574219,1164.4,분할매수,0.0,7188.501011369902,1000000.0,1000000.0,70.81167201574316,0.0,0.0,7117.689339354159,100515764.37528157,100515764.37528157
2009,SOXX,12,2009-12-31,13.834537506103516,1163.65,분할매수,0.0,7117.689339354159,1000000.0,1000000.0,62.11735874351422,0.0,0.0,7055.5719806106445,113584545.82306801,113584545.82306801
2009,SOXX,13,2010-01-31,12.078170776367188,1158.7,분할매수,0.0,7055.5719806106445,1000000.0,1000000.0,71.45421083992444,0.0,0.0,6984.11776977072,97742563.9115505,97742563.9115505
2009,SOXX,14,2010-02-28,13.042060852050781,1159.0,분할매수,0.0,6984.11776977072,1000000.0,1000000.0,66.15616806398496,0.0,0.0,6917.961601706735,104570167.89448589,104570167.89448589
2009,SOXX,15,2010-03-31,13.887931823730469,1131.2,분할매수,0.0,6917.961601706735,1000000.0,1000000.0,63.65360835191846,0.0,0.0,6854.307993354816,107681373.77946828,107681373.77946828
2009,SOXX,16,2010-04-30,14.168952941894531,1108.0,분할매수,0.0,6854.307993354816,1000000.0,1000000.0,63.6975138186603,0.0,0.0,6790.610479536156,106607151.0870623,106607151.0870623
2009,SOXX,17,2010-05-31,13.241588592529297,1194.5,분할매수,0.0,6790.610479536156,1000000.0,1000000.0,63.22280429716924,0.0,0.0,6727.387675238987,106407612.7281213,106407612.7281213
2009,SOXX,18,2010-06-30,12.33794116973877,1220.85,분할매수,0.0,6727.387675238987,1000000.0,1000000.0,66.38882731286313,0.0,0.0,6660.998847926124,100333130.09937027,100333130.09937027
2009,SOXX,19,2010-07-31,12.978693008422852,1182.0,분할매수,0.0,6660.998847926124,1000000.0,1000000.0,65.1855844124084,0.0,0.0,6595.813263513715,101185151.94684929,101185151.94684929
2009,SOXX,20,2010-08-31,11.620979309082031,1198.0,분할매수,0.0,6595.813263513715,1000000.0,1000000.0,71.82910481986215,0.0,0.0,6523.984158693853,90826471.73531032,90826471.73531032
2009,SOXX,21,2010-09-30,13.354104995727539,1140.1,분할매수,0.0,6523.984158693853,1000000.0,1000000.0,65.68137982538235,0.0,0.0,6458.30277886847,98327757.36499798,98327757.36499798
2009,SOXX,22,2010-10-31,14.277120590209961,1124.0,분할매수,0.0,6458.30277886847,1000000.0,1000000.0,62.31506624049656,0.0,0.0,6395.987712627973,102639507.5621604,102639507.5621604
2009,SOXX,23,2010-11-30,14.974329948425293,1157.2,분할매수,0.0,6395.987712627973,1000000.0,1000000.0,57.70908344657977,0.0,0.0,6338.278629181394,109831559.44676578,109831559.44676578
2009,SOXX,24,2010-12-31,15.722329139709473,1130.6,분할매수,0.0,6338.278629181394,1000000.0,1000000.0,56.25668472580782,0.0,0.0,6282.021944455586,111667119.65118167,111667119.65118167
2009,SOXX,25,2011-01-31,16.792133331298828,1119.1,분할매수,0.0,6282.021944455586,1000000.0,1000000.0,53.213917298231046,0.0,0.0,6228.808027157355,117052236.39614321,117052236.39614321
2009,SOXX,26,2011-02-28,17.52320671081543,1123.7,분할매수,0.0,6228.808027157355,1000000.0,1000000.0,50.785067618224915,0.0,0.0,6178.02295953913,121650383.65178946,121650383.65178946
2009,SOXX,27,2011-03-31,16.704345703125,1097.25,분할매수,0.0,6178.02295953913,1000000.0,1000000.0,54.55881652709496,0.0,0.0,6123.4641430120355,112236014.86976911,112236014.86976911
2009,SOXX,28,2011-04-30,17.182092666625977,1068.4,분할매수,0.0,6123.4641430120355,1000000.0,1000000.0,54.47409999642574,0.0,0.0,6068.990043015609,111410561.04486023,111410561.04486023
2009,SOXX,29,2011-05-31,16.831554412841797,1078.0,분할매수,0.0,6068.990043015609,1000000.0,1000000.0,55.11337586734634,0.0,0.0,6013.876667148264,109118277.95893328,109118277.95893328
2009,SOXX,30,2011-06-30,15.72076416015625,1066.3,분할매수,0.0,6013.876667148264,1000000.0,1000000.0,59.6550121156821,0.0,0.0,5954.221655032581,99810920.22052138,99810920.22052138
2009,SOXX,31,2011-07-31,14.862497329711914,1054.0,분할매수,0.0,5954.221655032581,1000000.0,1000000.0,63.836284196927096,0.0,0.0,5890.385370835654,92273312.03465006,92273312.03465006
2009,SOXX,32,2011-08-31,13.692647933959961,1063.9,분할매수,0.0,5890.385370835654,1000000.0,1000000.0,68.64544890277745,0.0,0.0,5821.739921932876,84808825.85789782,84808825.85789782
2009,SOXX,33,2011-09-30,13.04082202911377,1180.9,분할매수,0.0,5821.739921932876,1000000.0,1000000.0,64.93545819861862,0.0,0.0,5756.804463734257,88654251.82842126,88654251.82842126
2009,SOXX,34,2011-10-31,14.88107967376709,1112.05,분할매수,0.0,5756.804463734257,1000000.0,1000000.0,60.42842063840004,0.0,0.0,5696.376043095857,94266505.44422834,94266505.44422834
2009,SOXX,35,2011-11-30,14.350017547607422,1140.05,분할매수,0.0,5696.376043095857,1000000.0,1000000.0,61.125675132942234,0.0,0.0,5635.250367962915,92191216.79567234,92191216.79567234
2009,SOXX,36,2011-12-31,14.056510925292969,1158.5,분할매수,0.0,5635.250367962915,1000000.0,1000000.0,61.40820846673756,0.0,0.0,5573.842159496177,90767053.76473099,90767053.76473099
2009,SOXX,37,2012-01-31,15.795072555541992,1125.7,분할매수,0.0,5573.842159496177,1000000.0,1000000.0,56.24134636128074,0.0,0.0,5517.600813134896,98105773.95660427,98105773.95660427
2009,SOXX,38,2012-02-29,16.41254234313965,1117.1,분할매수,0.0,5517.600813134896,1000000.0,1000000.0,54.54212930563989,0.0,0.0,5463.058683829257,100162182.03025587,100162182.03025587
2009,SOXX,39,2012-03-31,16.94625473022461,1131.4,분할매수,0.0,5463.058683829257,1000000.0,1000000.0,52.156698788240455,0.0,0.0,5410.901985041016,103743183.72812715,103743183.72812715
2009,SOXX,40,2012-04-30,15.994181632995605,1130.05,분할매수,0.0,5410.901985041016,1000000.0,1000000.0,55.327406985625835,0.0,0.0,5355.57457805539,96797859.68366055,96797859.68366055
2009,SOXX,41,2012-05-31,14.315231323242188,1180.0,분할매수,0.0,5355.57457805539,1000000.0,1000000.0,59.199715881832326,0.0,0.0,5296.374862173558,89466220.96541093,89466220.96541093
2009,SOXX,42,2012-06-30,14.94796371459961,1141.17,분할매수,0.0,5296.374862173558,1000000.0,1000000.0,58.622943244982274,0.0,0.0,5237.751918928575,89346450.87743682,89346450.87743682
2009,SOXX,43,2012-07-31,14.91081714630127,1130.27,분할매수,0.0,5237.751918928575,1000000.0,1000000.0,59.33573890942879,0.0,0.0,5178.416180019146,87273138.84004344,87273138.84004344
2009,SOXX,44,2012-08-31,15.413655281066895,1133.2,분할매수,0.0,5178.416180019146,1000000.0,1000000.0,57.251621599629885,0.0,0.0,5121.164558419516,89450122.37788951,89450122.37788951
2009,SOXX,45,2012-09-30,14.88819408416748,1111.21,분할매수,0.0,5121.164558419516,1000000.0,1000000.0,60.44520255719029,0.0,0.0,5060.719355862326,83724086.30898574,83724086.30898574
2009,SOXX,46,2012-10-31,14.317110061645508,1090.17,분할매수,0.0,5060.719355862326,1000000.0,1000000.0,64.06936353948034,0.0,0.0,4996.649992322846,77988132.17871048,77988132.17871048
2009,SOXX,47,2012-11-30,14.615561485290527,1081.75,분할매수,0.0,4996.649992322846,1000000.0,1000000.0,63.249572115246885,0.0,0.0,4933.4004202075985,77998953.2770034,77998953.2770034
2009,SOXX,48,2012-12-31,14.987213134765625,1063.24,분할매수,0.0,4933.4004202075985,1000000.0,1000000.0,62.75492425582106,0.0,0.0,4870.645495951778,77613757.86379,77613757.86379
2009,SOXX,49,2013-01-31,16.133434295654297,1087.46,분할매수,0.0,4870.645495951778,1000000.0,1000000.0,56.9980350399548,0.0,0.0,4813.647460911823,84452866.79685582,84452866.79685582
2009,SOXX,50,2013-02-28,16.7209415435791,1083.9,분할매수,0.0,4813.647460911823,1000000.0,1000000.0,55.17597994504447,0.0,0.0,4758.4714809667785,86241721.22916962,86241721.22916962
2009,SOXX,51,2013-03-31,17.11033821105957,1112.48,분할매수,0.0,4758.4714809667785,1000000.0,1000000.0,52.53505531408447,0.0,0.0,4705.936425652694,89577071.87168504,89577071.87168504
2009,SOXX,52,2013-04-30,17.410873413085938,1101.52,분할매수,0.0,4705.936425652694,1000000.0,1000000.0,52.14192433929762,0.0,0.0,4653.794501313397,89252450.12113962,89252450.12113962
2009,SOXX,53,2013-05-31,18.40207290649414,1129.34,분할매수,0.0,4653.794501313397,1000000.0,1000000.0,48.1181079757602,0.0,0.0,4605.676393337637,95716074.19929674,95716074.19929674
2009,SOXX,54,2013-06-30,18.394147872924805,1141.45,분할매수,0.0,4605.676393337637,1000000.0,1000000.0,47.628119438697894,0.0,0.0,4558.048273898939,95700781.96695544,95700781.96695544
2009,SOXX,55,2013-07-31,18.814044952392578,1122.66,분할매수,0.0,4558.048273898939,1000000.0,1000000.0,47.34450426457053,0.0,0.0,4510.703769634369,95274073.29956728,95274073.29956728
2009,SOXX,56,2013-08-31,18.072711944580078,1109.42,분할매수,0.0,4510.703769634369,1000000.0,1000000.0,49.87474435367592,0.0,0.0,4460.829025280693,89440639.40754649,89440639.40754649
2009,SOXX,57,2013-09-30,19.387670516967773,1073.33,분할매수,0.0,4460.829025280693,1000000.0,1000000.0,48.055278803816336,0.0,0.0,4412.773746476876,91827034.53853302,91827034.53853302
2009,SOXX,58,2013-10-31,20.033437728881836,1060.83,분할매수,0.0,4412.773746476876,1000000.0,1000000.0,47.05423602720163,0.0,0.0,4365.719510449674,92780584.25868164,92780584.25868164
2009,SOXX,59,2013-11-30,20.207975387573242,1057.76,분할매수,0.0,4365.719510449674,1000000.0,1000000.0,46.78321415698745,0.0,0.0,4318.936296292687,92318075.49177593,92318075.49177593
2009,SOXX,60,2013-12-31,21.218782424926758,1055.25,분할매수,0.0,4318.936296292687,1000000.0,1000000.0,44.66056155862515,0.0,0.0,4274.275734734062,95705821.54734652,95705821.54734652
2009,SOXX,61,2014-01-31,20.988237380981445,1080.36,분할매수,0.0,4274.275734734062,1000000.0,1000000.0,44.10172088275238,0.0,0.0,4230.17401385131,95918570.27750762,95918570.27750762
2009,SOXX,62,2014-02-28,22.397769927978516,1066.01,분할매수,0.0,4230.17401385131,1000000.0,1000000.0,41.88262969839527,0.0,0.0,4188.291384152914,100000678.42715684,100000678.42715684
2009,SOXX,63,2014-03-31,23.317424774169922,1064.65,분할매수,0.0,4188.291384152914,1000000.0,1000000.0,40.28214210792898,0.0,0.0,4148.0092420449855,102973899.22638963,102973899.22638963
2009,SOXX,64,2014-04-30,22.884382247924805,1032.85,분할매수,0.0,4148.0092420449855,1000000.0,1000000.0,42.308102980656926,0.0,0.0,4105.701139064328,97042903.12759796,97042903.12759796
2009,SOXX,65,2014-05-31,23.896774291992188,1020.3,분할매수,0.0,4105.701139064328,1000000.0,1000000.0,41.014066544574604,0.0,0.0,4064.6870725197537,99104707.60323657,99104707.60323657
2009,SOXX,66,2014-06-30,25.35187530517578,1011.6,분할매수,0.0,4064.6870725197537,1000000.0,1000000.0,38.992500755987514,0.0,0.0,4025.6945717637664,103242790.11895894,103242790.11895894
2009,SOXX,67,2014-07-31,24.248594284057617,1027.75,분할매수,0.0,4025.6945717637664,1000000.0,1000000.0,40.126007258501225,0.0,0.0,3985.568564505265,99326318.1863396,99326318.1863396
2009,SOXX,68,2014-08-31,25.803739547729492,1013.85,분할매수,0.0,3985.568564505265,1000000.0,1000000.0,38.224661205680746,0.0,0.0,3947.3439032995843,103266942.82676733,103266942.82676733
2009,SOXX,69,2014-09-30,25.554243087768555,1054.55,분할매수,0.0,3947.3439032995843,1000000.0,1000000.0,37.1081926173158,0.0,0.0,3910.2357106822687,105373919.7434702,105373919.7434702
2009,SOXX,70,2014-10-31,25.642515182495117,1073.07,분할매수,0.0,3910.2357106822687,1000000.0,1000000.0,36.34220930510624,0.0,0.0,3873.8935013771625,106594881.69402137,106594881.69402137
2009,SOXX,71,2014-11-30,27.49325180053711,1112.06,분할매수,0.0,3873.8935013771625,1000000.0,1000000.0,32.70737351653538,0.0,0.0,3841.186127860627,117440983.93956017,117440983.93956017
2009,SOXX,72,2014-12-31,27.552759170532227,1090.89,분할매수,0.0,3841.186127860627,1000000.0,1000000.0,33.27008750522752,0.0,0.0,3807.9160403553997,114454644.57396108,114454644.57396108
2009,SOXX,73,2015-01-31,26.212053298950195,1104.3,분할매수,0.0,3807.9160403553997,1000000.0,1000000.0,34.547122938922314,0.0,0.0,3773.3689174164774,109223825.21078864,109223825.21078864
2009,SOXX,74,2015-02-28,28.730329513549805,1100.65,분할매수,0.0,3773.3689174164774,1000000.0,1000000.0,31.623516041569015,0.0,0.0,3741.7454013749084,118321612.19696112,118321612.19696112
2009,SOXX,75,2015-03-31,27.96234703063965,1107.71,분할매수,0.0,3741.7454013749084,1000000.0,1000000.0,32.28496369248259,0.0,0.0,3709.460437682426,114897463.5070182,114897463.5070182
2009,SOXX,76,2015-04-30,27.60248565673828,1076.74,분할매수,0.0,3709.460437682426,1000000.0,1000000.0,33.64658256159053,0.0,0.0,3675.8138551208353,109247762.33640397,109247762.33640397
2009,SOXX,77,2015-05-31,30.059059143066406,1111.99,분할매수,0.0,3675.8138551208353,1000000.0,1000000.0,29.917392237317078,0.0,0.0,3645.8964628835183,121865449.8347572,121865449.8347572
2009,SOXX,78,2015-06-30,27.459665298461914,1117.34,분할매수,0.0,3645.8964628835183,1000000.0,1000000.0,32.592630576728205,0.0,0.0,3613.30383230679,110862602.01675044,110862602.01675044
2009,SOXX,79,2015-07-31,26.102930068969727,1159.7,분할매수,0.0,3613.30383230679,1000000.0,1000000.0,33.034298057090666,0.0,0.0,3580.269534249699,108380372.66789177,108380372.66789177
2009,SOXX,80,2015-08-31,24.755144119262695,1182.54,분할매수,0.0,3580.269534249699,1000000.0,1000000.0,34.16006599686335,0.0,0.0,3546.1094682528355,103808624.62556268,103808624.62556268
2009,SOXX,81,2015-09-30,24.426544189453125,1184.62,분할매수,0.0,3546.1094682528355,1000000.0,1000000.0,34.55882046606791,0.0,0.0,3511.5506477867675,101610836.26203723,101610836.26203723
2009,SOXX,82,2015-10-31,26.849407196044922,1140.5,분할매수,0.0,3511.5506477867675,1000000.0,1000000.0,32.656527980623935,0.0,0.0,3478.8941198061434,106529822.21105294,106529822.21105294
2009,SOXX,83,2015-11-30,27.470121383666992,1149.39,분할매수,0.0,3478.8941198061434,1000000.0,1000000.0,31.67174610073934,0.0,0.0,3447.222373705404,108842195.2721114,108842195.2721114
2009,SOXX,84,2015-12-31,26.996599197387695,1169.26,분할매수,0.0,3447.222373705404,1000000.0,1000000.0,31.679611590969294,0.0,0.0,3415.542762114435,107815171.66984719,107815171.66984719
2009,SOXX,85,2016-01-31,24.950218200683594,1210.04,분할매수,0.0,3415.542762114435,1000000.0,1000000.0,33.12271478788137,0.0,0.0,3382.4200473265537,102117838.73959757,102117838.73959757
2009,SOXX,86,2016-02-29,25.382936477661133,1238.09,분할매수,0.0,3382.4200473265537,1000000.0,1000000.0,31.820420997285343,0.0,0.0,3350.599626329268,105297149.48193534,105297149.48193534
2009,SOXX,87,2016-03-31,27.614622116088867,1138.86,분할매수,0.0,3350.599626329268,1000000.0,1000000.0,31.797322803054662,0.0,0.0,3318.8023035262136,104373639.38096662,104373639.38096662
2009,SOXX,88,2016-04-30,26.336669921875,1144.09,분할매수,0.0,3318.8023035262136,1000000.0,1000000.0,33.18783709118979,0.0,0.0,3285.6144664350236,99000560.2777663,99000560.2777663
2009,SOXX,89,2016-05-31,28.62432098388672,1188.99,분할매수,0.0,3285.6144664350236,1000000.0,1000000.0,29.38235520947283,0.0,0.0,3256.232111225551,110822705.9407323,110822705.9407323
2009,SOXX,90,2016-06-30,28.312902450561523,1154.15,분할매수,0.0,3256.232111225551,1000000.0,1000000.0,30.602249488199583,0.0,0.0,3225.6298617373513,105404991.97554658,105404991.97554658
2009,SOXX,91,2016-07-31,31.445337295532227,1112.89,분할매수,0.0,3225.6298617373513,1000000.0,1000000.0,28.575346314417025,0.0,0.0,3197.0545154229344,111881566.72697733,111881566.72697733
2009,SOXX,92,2016-08-31,32.92689514160156,1115.98,분할매수,0.0,3197.0545154229344,1000000.0,1000000.0,27.214026785091583,0.0,0.0,3169.840488637843,116478186.54953144,116478186.54953144
2009,SOXX,93,2016-09-30,34.30694580078125,1097.98,분할매수,0.0,3169.840488637843,1000000.0,1000000.0,26.547492952949444,0.0,0.0,3143.2929956848934,118402630.38230401,118402630.38230401
2009,SOXX,94,2016-10-31,33.812042236328125,1145.37,분할매수,0.0,3143.2929956848934,1000000.0,1000000.0,25.82157884920941,0.0,0.0,3117.471416835684,120731247.11083007,120731247.11083007
2009,SOXX,95,2016-11-30,36.24713897705078,1175.87,분할매수,0.0,3117.471416835684,1000000.0,1000000.0,23.462104062069354,0.0,0.0,3094.0093127736145,131872627.64619769,131872627.64619769
2009,SOXX,96,2016-12-31,37.34818649291992,1203.73,분할매수,0.0,3094.0093127736145,1000000.0,1000000.0,22.243411529787917,0.0,0.0,3071.7659012438266,138097786.7145146,138097786.7145146
2009,SOXX,97,2017-01-31,38.9124755859375,1151.45,분할매수,0.0,3071.7659012438266,1000000.0,1000000.0,22.318554054540574,0.0,0.0,3049.447347189286,136632836.50622046,136632836.50622046
2009,SOXX,98,2017-02-28,40.008094787597656,1129.17,분할매수,0.0,3049.447347189286,1000000.0,1000000.0,22.13567645383919,0.0,0.0,3027.311670735447,136761651.58306664,136761651.58306664
2009,SOXX,99,2017-03-31,41.7696647644043,1117.48,분할매수,0.0,3027.311670735447,1000000.0,1000000.0,21.42393545072434,0.0,0.0,3005.8877352847226,140305115.37893444,140305115.37893444
2009,SOXX,100,2017-04-30,41.531654357910156,1136.99,분할매수,0.0,3005.8877352847226,1000000.0,1000000.0,21.176984755678646,0.0,0.0,2984.7107505290437,140941252.25871396,140941252.25871396
2009,SOXX,101,2017-05-31,45.15664291381836,1119.58,분할매수,0.0,2984.7107505290437,1000000.0,1000000.0,19.779860331856664,0.0,0.0,2964.930890197187,149896452.27281946,149896452.27281946
2009,SOXX,102,2017-06-30,42.885135650634766,1143.75,분할매수,0.0,2964.930890197187,1000000.0,1000000.0,20.387412249628017,0.0,0.0,2944.543477947559,144429486.28761283,144429486.28761283
2009,SOXX,103,2017-07-31,44.95904541015625,1121.86,분할매수,0.0,2944.543477947559,1000000.0,1000000.0,19.8264178544101,0.0,0.0,2924.717060093149,147516161.5966138,147516161.5966138
2009,SOXX,104,2017-08-31,46.26515579223633,1122.36,분할매수,0.0,2924.717060093149,1000000.0,1000000.0,19.25811566057791,0.0,0.0,2905.458944432571,150869326.7628543,150869326.7628543
2009,SOXX,105,2017-09-30,48.66284942626953,1142.57,분할매수,0.0,2905.458944432571,1000000.0,1000000.0,17.985381236782988,0.0,0.0,2887.4735631957883,160545585.61652517,160545585.61652517
2009,SOXX,106,2017-10-31,53.00526428222656,1115.68,분할매수,0.0,2887.4735631957883,1000000.0,1000000.0,16.90991201549886,0.0,0.0,2870.5636511802895,169756273.63106686,169756273.63106686
2009,SOXX,107,2017-11-30,52.9561653137207,1084.79,분할매수,0.0,2870.5636511802895,1000000.0,1000000.0,17.40755586922057,0.0,0.0,2853.156095311069,163903313.98309165,163903313.98309165
2009,SOXX,108,2017-12-31,52.20765686035156,1067.42,분할매수,0.0,2853.156095311069,1000000.0,1000000.0,17.944462828807705,0.0,0.0,2835.211632482261,157999247.98699826,157999247.98699826
2009,SOXX,109,2018-01-31,56.71483612060547,1068.33,분할매수,0.0,2835.211632482261,1000000.0,1000000.0,16.50432983831426,0.0,0.0,2818.7073026439466,170785928.92032555,170785928.92032555
2009,SOXX,110,2018-02-28,56.84088897705078,1082.12,분할매수,0.0,2818.7073026439466,1000000.0,1000000.0,16.257872546818856,0.0,0.0,2802.449430097128,172374916.95341635,172374916.95341635
2009,SOXX,111,2018-03-31,55.464744567871094,1060.99,분할매수,0.0,2802.449430097128,1000000.0,1000000.0,16.99306396208408,0.0,0.0,2785.456366135044,163917253.0833826,163917253.0833826
2009,SOXX,112,2018-04-30,51.97453308105469,1069.07,분할매수,0.0,2785.456366135044,1000000.0,1000000.0,17.997130295352274,0.0,0.0,2767.4592358396917,153772250.93238243,153772250.93238243
2009,SOXX,113,2018-05-31,57.73817443847656,1080.75,분할매수,0.0,2767.4592358396917,1000000.0,1000000.0,16.02550439168117,0.0,0.0,2751.4337314480103,171690928.6721907,171690928.6721907
2009,SOXX,114,2018-06-30,55.09607696533203,1111.79,분할매수,0.0,2751.4337314480103,1000000.0,1000000.0,16.325126675528914,0.0,0.0,2735.1086047724816,167539808.97877887,167539808.97877887
2009,SOXX,115,2018-07-31,57.340240478515625,1112.75,분할매수,0.0,2735.1086047724816,1000000.0,1000000.0,15.672666310412998,0.0,0.0,2719.4359384620684,173514568.9062021,173514568.9062021
2009,SOXX,116,2018-08-31,58.83015060424805,1116.5,분할매수,0.0,2719.4359384620684,1000000.0,1000000.0,15.224439490134282,0.0,0.0,2704.211498971934,177623058.0261633,177623058.0261633
2009,SOXX,117,2018-09-30,57.4536018371582,1109.76,분할매수,0.0,2704.211498971934,1000000.0,1000000.0,15.683885841737188,0.0,0.0,2688.5276131301966,171419738.72161314,171419738.72161314
2009,SOXX,118,2018-10-31,50.59517288208008,1140.78,분할매수,0.0,2688.5276131301966,1000000.0,1000000.0,17.325629268998846,0.0,0.0,2671.2019838611977,154176332.78352794,154176332.78352794
2009,SOXX,119,2018-11-30,52.23759841918945,1118.61,분할매수,0.0,2671.2019838611977,1000000.0,1000000.0,17.113470878057015,0.0,0.0,2654.088512983141,155087681.03764546,155087681.03764546
2009,SOXX,120,2018-12-31,48.82014083862305,1112.85,분할매수,0.0,2654.088512983141,1000000.0,1000000.0,18.406208696293913,0.0,0.0,2635.682304286847,143195285.2309852,143195285.2309852
2010,QQQ,0,2009-12-31,39.6656608581543,1163.65,분할매수,100000000.0,0.0,0.0,0.0,0.0,8333333.333333333,91666666.66666667,180.5434286494372,8333333.333333333,100000000.0
2010,QQQ,1,2010-01-31,37.09930419921875,1158.7,분할매수,91666666.66666667,180.5434286494372,1000000.0,1000000.0,0.0,8333333.333333333,82333333.33333334,374.40064956943877,16094347.160615591,98427680.49394894
2010,QQQ,2,2010-02-28,38.80733108520508,1159.0,분할매수,82333333.33333334,374.40064956943877,1000000.0,1000000.0,0.0,8333333.333333333,73000000.00000001,559.6776632808012,25173012.204341162,98173012.20434117
2010,QQQ,3,2010-03-31,41.79971694946289,1131.2,분할매수,73000000.00000001,559.6776632808012,1000000.0,1000000.0,0.0,8333333.333333333,63666666.66666668,735.9182851560416,34797042.31094697,98463708.97761366
2010,QQQ,4,2010-04-30,42.73710632324219,1108.0,분할매수,63666666.66666668,735.9182851560416,1000000.0,1000000.0,0.0,8333333.333333333,54333333.33333334,911.9025670167914,43181061.27504178,97514394.60837513
2010,QQQ,5,2010-05-31,39.57780838012695,1194.5,분할매수,54333333.33333334,911.9025670167914,1000000.0,1000000.0,0.0,8333333.333333333,45000000.00000001,1088.173562985135,51444158.325994015,96444158.32599401
2010,QQQ,6,2010-06-30,37.212764739990234,1220.85,분할매수,45000000.00000001,1088.173562985135,1000000.0,1000000.0,0.0,8333333.333333333,35666666.66666667,1271.6010892289758,57770368.27879381,93437034.94546048
2010,QQQ,7,2010-07-31,39.91376876831055,1182.0,분할매수,35666666.66666667,1271.6010892289758,1000000.0,1000000.0,0.0,8333333.333333333,26333333.33333334,1448.2368122661057,68325024.48941562,94658357.82274896
2010,QQQ,8,2010-08-31,37.866233825683594,1198.0,분할매수,26333333.33333334,1448.2368122661057,1000000.0,1000000.0,0.0,8333333.333333333,17000000.000000007,1631.9370944982345,74030783.30767407,91030783.30767408
2010,QQQ,9,2010-09-30,42.85430908203125,1140.1,분할매수,17000000.000000007,1631.9370944982345,1000000.0,1000000.0,0.0,8333333.333333333,7666666.666666674,1802.49871386255,88066838.66806604,95733505.33473271
2010,QQQ,10,2010-10-31,45.57032775878906,1124.0,분할매수,7666666.666666674,1802.49871386255,1000000.0,1000000.0,0.0,6666666.666666674,0.0,1932.653540341117,98992540.53194232,98992540.53194232
2010,QQQ,11,2010-11-30,45.49174499511719,1157.2,분할매수,0.0,1932.653540341117,1000000.0,1000000.0,18.995860823607604,0.0,0.0,1913.6576795175092,100740771.75482677,100740771.75482677
2010,QQQ,12,2010-12-31,47.65582275390625,1130.6,분할매수,0.0,1913.6576795175092,1000000.0,1000000.0,18.559875004896806,0.0,0.0,1895.0978045126124,102107250.39972591,102107250.39972591
2010,QQQ,13,2011-01-31,49.00342559814453,1119.1,분할매수,0.0,1895.0978045126124,1000000.0,1000000.0,18.23495364753519,0.0,0.0,1876.8628508650772,102926658.72055957,102926658.72055957
2010,QQQ,14,2011-02-28,50.55229949951172,1123.7,분할매수,0.0,1876.8628508650772,1000000.0,1000000.0,17.60389233541176,0.0,0.0,1859.2589585296655,105616355.92315026,105616355.92315026
2010,QQQ,15,2011-03-31,50.32566833496094,1097.25,분할매수,0.0,1859.2589585296655,1000000.0,1000000.0,18.109433268844267,0.0,0.0,1841.1495252608213,101667981.42868236,101667981.42868236
2010,QQQ,16,2011-04-30,51.77157211303711,1068.4,분할매수,0.0,1841.1495252608213,1000000.0,1000000.0,18.079015101686252,0.0,0.0,1823.070510159135,100839039.06851071,100839039.06851071
2010,QQQ,17,2011-05-31,51.140628814697266,1078.0,분할매수,0.0,1823.070510159135,1000000.0,1000000.0,18.139076626293793,0.0,0.0,1804.931433532841,99505144.09958848,99505144.09958848
2010,QQQ,18,2011-06-30,50.10478210449219,1066.3,분할매수,0.0,1804.931433532841,1000000.0,1000000.0,18.71722292866374,0.0,0.0,1786.2142106041774,95431582.84815592,95431582.84815592
2010,QQQ,19,2011-07-31,50.93913269042969,1054.0,분할매수,0.0,1786.2142106041774,1000000.0,1000000.0,18.625495828157504,0.0,0.0,1767.58871477602,94901565.63262217,94901565.63262217
2010,QQQ,20,2011-08-31,48.357059478759766,1063.9,분할매수,0.0,1767.58871477602,1000000.0,1000000.0,19.437450792623686,0.0,0.0,1748.1512639833963,89937270.20246924,89937270.20246924
2010,QQQ,21,2011-09-30,46.185428619384766,1180.9,분할매수,0.0,1748.1512639833963,1000000.0,1000000.0,18.335041571785293,0.0,0.0,1729.816222411611,94344821.39781578,94344821.39781578
2010,QQQ,22,2011-10-31,50.989620208740234,1112.05,분할매수,0.0,1729.816222411611,1000000.0,1000000.0,17.635748970058064,0.0,0.0,1712.180473441553,97085781.63300516,97085781.63300516
2010,QQQ,23,2011-11-30,49.616981506347656,1140.05,분할매수,0.0,1712.180473441553,1000000.0,1000000.0,17.678514172710297,0.0,0.0,1694.5019592688427,95850926.3117025,95850926.3117025
2010,QQQ,24,2011-12-31,49.31224822998047,1158.5,분할매수,0.0,1694.5019592688427,1000000.0,1000000.0,17.50447777577848,0.0,0.0,1676.9974814930642,95803913.8884555,95803913.8884555
2010,QQQ,25,2012-01-31,53.46354293823242,1125.7,분할매수,0.0,1676.9974814930642,1000000.0,1000000.0,16.615736585660077,0.0,0.0,1660.3817449074043,99928265.97530246,99928265.97530246
2010,QQQ,26,2012-02-29,56.89060592651367,1117.1,분할매수,0.0,1660.3817449074043,1000000.0,1000000.0,15.735023245667689,0.0,0.0,1644.6467216617366,104521404.00329919,104521404.00329919
2010,QQQ,27,2012-03-31,59.76529312133789,1131.4,분할매수,0.0,1644.6467216617366,1000000.0,1000000.0,14.788862521910008,0.0,0.0,1629.8578591398266,110208466.45407367,110208466.45407367
2010,QQQ,28,2012-04-30,59.06632995605469,1130.05,분할매수,0.0,1629.8578591398266,1000000.0,1000000.0,14.98174335986588,0.0,0.0,1614.8761157799606,107789599.4471512,107789599.4471512
2010,QQQ,29,2012-05-31,54.90799331665039,1180.0,분할매수,0.0,1614.8761157799606,1000000.0,1000000.0,15.434139474582832,0.0,0.0,1599.4419763053777,103630136.22750801,103630136.22750801
2010,QQQ,30,2012-06-30,56.89645767211914,1141.17,분할매수,0.0,1599.4419763053777,1000000.0,1000000.0,15.401549838460959,0.0,0.0,1584.0404264669166,102849417.30417477,102849417.30417477
2010,QQQ,31,2012-07-31,57.4639892578125,1130.27,분할매수,0.0,1584.0404264669166,1000000.0,1000000.0,15.396500739789504,0.0,0.0,1568.6439257271272,101883145.54314588,101883145.54314588
2010,QQQ,32,2012-08-31,60.443599700927734,1133.2,분할매수,0.0,1568.6439257271272,1000000.0,1000000.0,14.599672487825606,0.0,0.0,1554.0442532393017,106443774.99119861,106443774.99119861
2010,QQQ,33,2012-09-30,60.980621337890625,1111.21,분할매수,0.0,1554.0442532393017,1000000.0,1000000.0,14.75747356101627,0.0,0.0,1539.2867796782855,104305575.97233348,104305575.97233348
2010,QQQ,34,2012-10-31,57.76127243041992,1090.17,분할매수,0.0,1539.2867796782855,1000000.0,1000000.0,15.880677325439748,0.0,0.0,1523.4061023528457,95928282.59991495,95928282.59991495
2010,QQQ,35,2012-11-30,58.5172004699707,1081.75,분할매수,0.0,1523.4061023528457,1000000.0,1000000.0,15.797543333316112,0.0,0.0,1507.6085590195296,95433101.6671478,95433101.6671478
2010,QQQ,36,2012-12-31,58.24393081665039,1063.24,분할매수,0.0,1507.6085590195296,1000000.0,1000000.0,16.147973048707648,0.0,0.0,1491.460585970822,92362092.84422767,92362092.84422767
2010,QQQ,37,2013-01-31,59.799983978271484,1087.46,분할매수,0.0,1491.460585970822,1000000.0,1000000.0,15.377496650043287,0.0,0.0,1476.0830893207788,95989816.99772462,95989816.99772462
2010,QQQ,38,2013-02-28,60.00564956665039,1083.9,분할매수,0.0,1476.0830893207788,1000000.0,1000000.0,15.375124541332118,0.0,0.0,1460.7079647794467,95004626.52206194,95004626.52206194
2010,QQQ,39,2013-03-31,61.82072067260742,1112.48,분할매수,0.0,1460.7079647794467,1000000.0,1000000.0,14.540311963056817,0.0,0.0,1446.1676528163898,99459190.1804259,99459190.1804259
2010,QQQ,40,2013-04-30,63.38927459716797,1101.52,분할매수,0.0,1446.1676528163898,1000000.0,1000000.0,14.321609609124232,0.0,0.0,1431.8460432072657,99978011.01176804,99978011.01176804
2010,QQQ,41,2013-05-31,65.65703582763672,1129.34,분할매수,0.0,1431.8460432072657,1000000.0,1000000.0,13.486337296996561,0.0,0.0,1418.3597059102692,105170119.5569342,105170119.5569342
2010,QQQ,42,2013-06-30,64.08438873291016,1141.45,분할매수,0.0,1418.3597059102692,1000000.0,1000000.0,13.670703414462443,0.0,0.0,1404.6890024958068,102751772.15897794,102751772.15897794
2010,QQQ,43,2013-07-31,68.13067626953125,1122.66,분할매수,0.0,1404.6890024958068,1000000.0,1000000.0,13.074017171919973,0.0,0.0,1391.614985323887,106441269.50611329,106441269.50611329
2010,QQQ,44,2013-08-31,67.86093139648438,1109.42,분할매수,0.0,1391.614985323887,1000000.0,1000000.0,13.282633607652684,0.0,0.0,1378.3323517162341,103769507.79716748,103769507.79716748
2010,QQQ,45,2013-09-30,71.14009857177734,1073.33,분할매수,0.0,1378.3323517162341,1000000.0,1000000.0,13.096410192760567,0.0,0.0,1365.2359415234737,104245050.47025394,104245050.47025394
2010,QQQ,46,2013-10-31,74.66645050048828,1060.83,분할매수,0.0,1365.2359415234737,1000000.0,1000000.0,12.62492191623449,0.0,0.0,1352.611019607239,107138169.13733983,107138169.13733983
2010,QQQ,47,2013-11-30,77.31796264648438,1057.76,분할매수,0.0,1352.611019607239,1000000.0,1000000.0,12.2273532291394,0.0,0.0,1340.3836663780996,109621734.25920075,109621734.25920075
2010,QQQ,48,2013-12-31,79.58111572265625,1055.25,분할매수,0.0,1340.3836663780996,1000000.0,1000000.0,11.907884553794045,0.0,0.0,1328.4757818243056,111562702.49538417,111562702.49538417
2010,QQQ,49,2014-01-31,78.0521011352539,1080.36,분할매수,0.0,1328.4757818243056,1000000.0,1000000.0,11.858968219100495,0.0,0.0,1316.6168136052052,111022880.68236943,111022880.68236943
2010,QQQ,50,2014-02-28,82.0737075805664,1066.01,분할매수,0.0,1316.6168136052052,1000000.0,1000000.0,11.429695716408668,0.0,0.0,1305.1871178887966,114192639.09318666,114192639.09318666
2010,QQQ,51,2014-03-31,79.83014678955078,1064.65,분할매수,0.0,1305.1871178887966,1000000.0,1000000.0,11.765928738928505,0.0,0.0,1293.421189149868,109929374.70974831,109929374.70974831
2010,QQQ,52,2014-04-30,79.57516479492188,1032.85,분할매수,0.0,1293.421189149868,1000000.0,1000000.0,12.167047385815852,0.0,0.0,1281.2541417640523,105305264.38630606,105305264.38630606
2010,QQQ,53,2014-05-31,83.14461517333984,1020.3,분할매수,0.0,1281.2541417640523,1000000.0,1000000.0,11.787941876562028,0.0,0.0,1269.4661998874903,107691929.0221112,107691929.0221112
2010,QQQ,54,2014-06-30,85.7419204711914,1011.6,분할매수,0.0,1269.4661998874903,1000000.0,1000000.0,11.529168131181608,0.0,0.0,1257.9370317563087,109109089.00305754,109109089.00305754
2010,QQQ,55,2014-07-31,86.75538635253906,1027.75,분할매수,0.0,1257.9370317563087,1000000.0,1000000.0,11.215433544341199,0.0,0.0,1246.7215982119674,111161248.76340663,111161248.76340663
2010,QQQ,56,2014-08-31,91.10139465332031,1013.85,분할매수,0.0,1246.7215982119674,1000000.0,1000000.0,10.826828785717574,0.0,0.0,1235.8947694262497,114151132.69885682,114151132.69885682
2010,QQQ,57,2014-09-30,90.41205596923828,1054.55,분할매수,0.0,1235.8947694262497,1000000.0,1000000.0,10.488333270656577,0.0,0.0,1225.4064361555932,116835192.44987549,116835192.44987549
2010,QQQ,58,2014-10-31,92.80071258544922,1073.07,분할매수,0.0,1225.4064361555932,1000000.0,1000000.0,10.042009677603716,0.0,0.0,1215.3644264779894,121028007.88855709,121028007.88855709
2010,QQQ,59,2014-11-30,97.01976776123047,1112.06,분할매수,0.0,1215.3644264779894,1000000.0,1000000.0,9.268544715932244,0.0,0.0,1206.0958817620572,130127859.19766115,130127859.19766115
2010,QQQ,60,2014-12-31,94.84590911865234,1090.89,분할매수,0.0,1206.0958817620572,1000000.0,1000000.0,9.66496833793112,0.0,0.0,1196.430913424126,123790463.82683067,123790463.82683067
2010,QQQ,61,2015-01-31,92.87093353271484,1104.3,분할매수,0.0,1196.430913424126,1000000.0,1000000.0,9.750639875730613,0.0,0.0,1186.6802735483952,121702810.14090654,121702810.14090654
2010,QQQ,62,2015-02-28,99.5767593383789,1100.65,분할매수,0.0,1186.6802735483952,1000000.0,1000000.0,9.124157507113518,0.0,0.0,1177.5561160412817,129059161.36621019,129059161.36621019
2010,QQQ,63,2015-03-31,97.22775268554688,1107.71,분할매수,0.0,1177.5561160412817,1000000.0,1000000.0,9.285037797392155,0.0,0.0,1168.2710782438896,125822974.955688,125822974.955688
2010,QQQ,64,2015-04-30,99.0967788696289,1076.74,분할매수,0.0,1168.2710782438896,1000000.0,1000000.0,9.371942490445559,0.0,0.0,1158.8991357534442,123656236.3602754,123656236.3602754
2010,QQQ,65,2015-05-31,101.32494354248047,1111.99,분할매수,0.0,1158.8991357534442,1000000.0,1000000.0,8.875293992054415,0.0,0.0,1150.0238417613898,129575858.8719366,129575858.8719366
2010,QQQ,66,2015-06-30,98.80792236328125,1117.34,분할매수,0.0,1150.0238417613898,1000000.0,1000000.0,9.05780331604223,0.0,0.0,1140.9660384453475,125964982.74858631,125964982.74858631
2010,QQQ,67,2015-07-31,103.31134796142578,1159.7,분할매수,0.0,1140.9660384453475,1000000.0,1000000.0,8.346536843016521,0.0,0.0,1132.619501602331,135699335.2937733,135699335.2937733
2010,QQQ,68,2015-08-31,96.26091003417969,1182.54,분할매수,0.0,1132.619501602331,1000000.0,1000000.0,8.784846897620374,0.0,0.0,1123.8346547047106,127928769.59632993,127928769.59632993
2010,QQQ,69,2015-09-30,94.13615417480469,1184.62,분할매수,0.0,1123.8346547047106,1000000.0,1000000.0,8.967357575307874,0.0,0.0,1114.8672971294027,124325063.18240869,124325063.18240869
2010,QQQ,70,2015-10-31,104.83930969238281,1140.5,분할매수,0.0,1114.8672971294027,1000000.0,1000000.0,8.363355500274835,0.0,0.0,1106.503941629128,132303827.28472634,132303827.28472634
2010,QQQ,71,2015-11-30,105.47760009765625,1149.39,분할매수,0.0,1106.503941629128,1000000.0,1000000.0,8.248449993311175,0.0,0.0,1098.2554916358167,133146893.35892357,133146893.35892357
2010,QQQ,72,2015-12-31,103.79547882080078,1169.26,분할매수,0.0,1098.2554916358167,1000000.0,1000000.0,8.239682369276029,0.0,0.0,1090.0158092665406,132288571.38121864,132288571.38121864
2010,QQQ,73,2016-01-31,96.6227798461914,1210.04,분할매수,0.0,1090.0158092665406,1000000.0,1000000.0,8.55304476513904,0.0,0.0,1081.4627645014016,126441845.47113393,126441845.47113393
2010,QQQ,74,2016-02-29,95.11027526855469,1238.09,분할매수,0.0,1081.4627645014016,1000000.0,1000000.0,8.492202578385012,0.0,0.0,1072.9705619230165,126347735.11574268,126347735.11574268
2010,QQQ,75,2016-03-31,101.62783813476562,1138.86,분할매수,0.0,1072.9705619230165,1000000.0,1000000.0,8.640064273976451,0.0,0.0,1064.3304976490401,123185483.799555,123185483.799555
2010,QQQ,76,2016-04-30,98.38910675048828,1144.09,분할매수,0.0,1064.3304976490401,1000000.0,1000000.0,8.883677672856685,0.0,0.0,1055.4468199761834,118807419.49936011,118807419.49936011
2010,QQQ,77,2016-05-31,102.68878173828125,1188.99,분할매수,0.0,1055.4468199761834,1000000.0,1000000.0,8.190280890877412,0.0,0.0,1047.256539085306,127865765.90453358,127865765.90453358
2010,QQQ,78,2016-06-30,100.3494873046875,1154.15,분할매수,0.0,1047.256539085306,1000000.0,1000000.0,8.634209578932929,0.0,0.0,1038.622329506373,120291535.66535649,120291535.66535649
2010,QQQ,79,2016-07-31,107.52534484863281,1112.89,분할매수,0.0,1038.622329506373,1000000.0,1000000.0,8.356740491820076,0.0,0.0,1030.265589014553,123285578.87169279,123285578.87169279
2010,QQQ,80,2016-08-31,108.65442657470703,1115.98,분할매수,0.0,1030.265589014553,1000000.0,1000000.0,8.247003224643937,0.0,0.0,1022.018585789909,123926056.28380051,123926056.28380051
2010,QQQ,81,2016-09-30,111.05953216552734,1097.98,분할매수,0.0,1022.018585789909,1000000.0,1000000.0,8.200677457618157,0.0,0.0,1013.8179083322908,123626116.69240664,123626116.69240664
2010,QQQ,82,2016-10-31,109.44116973876953,1145.37,분할매수,0.0,1013.8179083322908,1000000.0,1000000.0,7.977622285490401,0.0,0.0,1005.8402860468004,126082716.13413061,126082716.13413061
2010,QQQ,83,2016-11-30,109.91825103759766,1175.87,분할매수,0.0,1005.8402860468004,1000000.0,1000000.0,7.7369694168529275,0.0,0.0,998.1033166299475,129004428.33027688,129004428.33027688
2010,QQQ,84,2016-12-31,111.16280364990234,1203.73,분할매수,0.0,998.1033166299475,1000000.0,1000000.0,7.473282921773574,0.0,0.0,990.6300337081739,132556206.4326444,132556206.4326444
2010,QQQ,85,2017-01-31,116.87664794921875,1151.45,분할매수,0.0,990.6300337081739,1000000.0,1000000.0,7.430656208912446,0.0,0.0,983.1993774992615,132316628.55293946,132316628.55293946
2010,QQQ,86,2017-02-28,121.9900894165039,1129.17,분할매수,0.0,983.1993774992615,1000000.0,1000000.0,7.259657288463132,0.0,0.0,975.9397202107983,134433304.69080648,134433304.69080648
2010,QQQ,87,2017-03-31,124.46266174316406,1117.48,분할매수,0.0,975.9397202107983,1000000.0,1000000.0,7.189871959814022,0.0,0.0,968.7498482509843,134738122.41241118,134738122.41241118
2010,QQQ,88,2017-04-30,127.85678100585938,1136.99,분할매수,0.0,968.7498482509843,1000000.0,1000000.0,6.878909388273054,0.0,0.0,961.8709388627112,139828988.08094177,139828988.08094177
2010,QQQ,89,2017-05-31,132.83981323242188,1119.58,분할매수,0.0,961.8709388627112,1000000.0,1000000.0,6.723828257181356,0.0,0.0,955.1471106055299,142054061.1794165,142054061.1794165
2010,QQQ,90,2017-06-30,129.76058959960938,1143.75,분할매수,0.0,955.1471106055299,1000000.0,1000000.0,6.737923606763131,0.0,0.0,948.4091869987667,140756892.23410153,140756892.23410153
2010,QQQ,91,2017-07-31,135.0306854248047,1121.86,분할매수,0.0,948.4091869987667,1000000.0,1000000.0,6.601290794258334,0.0,0.0,941.8078962045083,142670263.3708658,142670263.3708658
2010,QQQ,92,2017-08-31,137.83062744140625,1122.36,분할매수,0.0,941.8078962045083,1000000.0,1000000.0,6.464308679725856,0.0,0.0,935.3435875247825,144693521.59161577,144693521.59161577
2010,QQQ,93,2017-09-30,137.42367553710938,1142.57,분할매수,0.0,935.3435875247825,1000000.0,1000000.0,6.368770851011641,0.0,0.0,928.9748166737709,145864066.77298003,145864066.77298003
2010,QQQ,94,2017-10-31,143.75390625,1115.68,분할매수,0.0,928.9748166737709,1000000.0,1000000.0,6.2350608672292385,0.0,0.0,922.7397558065417,147992100.71169564,147992100.71169564
2010,QQQ,95,2017-11-30,146.5883331298828,1084.79,분할매수,0.0,922.7397558065417,1000000.0,1000000.0,6.288613743233513,0.0,0.0,916.4511420633081,145731822.54187587,145731822.54187587
2010,QQQ,96,2017-12-31,147.47250366210938,1067.42,분할매수,0.0,916.4511420633081,1000000.0,1000000.0,6.352630725360306,0.0,0.0,910.0985113379478,143263248.0437983,143263248.0437983
2010,QQQ,97,2018-01-31,160.38674926757812,1068.33,분할매수,0.0,910.0985113379478,1000000.0,1000000.0,5.836145232289653,0.0,0.0,904.2623661056581,154941717.54031134,154941717.54031134
2010,QQQ,98,2018-02-28,158.31326293945312,1082.12,분할매수,0.0,904.2623661056581,1000000.0,1000000.0,5.837236320435129,0.0,0.0,898.4251297852229,153912756.0486109,153912756.0486109
2010,QQQ,99,2018-03-31,151.85592651367188,1060.99,분할매수,0.0,898.4251297852229,1000000.0,1000000.0,6.206645823583529,0.0,0.0,892.2184839616393,143752118.18458483,143752118.18458483
2010,QQQ,100,2018-04-30,152.62408447265625,1069.07,분할매수,0.0,892.2184839616393,1000000.0,1000000.0,6.1287341845933945,0.0,0.0,886.0897497770459,144579569.46550664,144579569.46550664
2010,QQQ,101,2018-05-31,161.28233337402344,1080.75,분할매수,0.0,886.0897497770459,1000000.0,1000000.0,5.737041055114647,0.0,0.0,880.3527087219312,153450655.18349138,153450655.18349138
2010,QQQ,102,2018-06-30,163.12913513183594,1111.79,분할매수,0.0,880.3527087219312,1000000.0,1000000.0,5.51373263308745,0.0,0.0,874.8389760888438,158665469.348116,158665469.348116
2010,QQQ,103,2018-07-31,167.6908416748047,1112.75,분할매수,0.0,874.8389760888438,1000000.0,1000000.0,5.359114703004297,0.0,0.0,869.4798613858395,162243189.32722464,162243189.32722464
2010,QQQ,104,2018-08-31,177.38446044921875,1116.5,분할매수,0.0,869.4798613858395,1000000.0,1000000.0,5.049236363780962,0.0,0.0,864.4306250220585,171200269.2571034,171200269.2571034
2010,QQQ,105,2018-09-30,176.8848876953125,1109.76,분할매수,0.0,864.4306250220585,1000000.0,1000000.0,5.094249396606257,0.0,0.0,859.3363756254522,168687535.43906474,168687535.43906474
2010,QQQ,106,2018-10-31,161.68038940429688,1140.78,분할매수,0.0,859.3363756254522,1000000.0,1000000.0,5.421765814552934,0.0,0.0,853.9146098108993,157497508.93313178,157497508.93313178
2010,QQQ,107,2018-11-30,161.25192260742188,1118.61,분할매수,0.0,853.9146098108993,1000000.0,1000000.0,5.543912933446721,0.0,0.0,848.3706968774526,153027420.71564418,153027420.71564418
2010,QQQ,108,2018-12-31,147.28636169433594,1112.85,분할매수,0.0,848.3706968774526,1000000.0,1000000.0,6.100997339611204,0.0,0.0,842.2696995378413,138054428.26033366,138054428.26033366
2010,QQQ,109,2019-01-31,160.5580291748047,1111.82,분할매수,0.0,842.2696995378413,1000000.0,1000000.0,5.601875974242248,0.0,0.0,836.6678235635991,149354935.2771547,149354935.2771547
2010,QQQ,110,2019-02-28,165.36062622070312,1124.65,분할매수,0.0,836.6678235635991,1000000.0,1000000.0,5.377129601423112,0.0,0.0,831.290693962176,154597481.47825307,154597481.47825307
2010,QQQ,111,2019-03-31,171.85032653808594,1136.3,분할매수,0.0,831.290693962176,1000000.0,1000000.0,5.121021882753278,0.0,0.0,826.1696720794226,161329064.97857782,161329064.97857782
2010,QQQ,112,2019-04-30,181.30081176757812,1165.1,분할매수,0.0,826.1696720794226,1000000.0,1000000.0,4.734095875895419,0.0,0.0,821.4355762035273,173514774.042923,173514774.042923
2010,QQQ,113,2019-05-31,166.38851928710938,1190.5,분할매수,0.0,821.4355762035273,1000000.0,1000000.0,5.048324271018796,0.0,0.0,816.3872519325084,161714503.28957462,161714503.28957462
2010,QQQ,114,2019-06-30,179.0174560546875,1154.58,분할매수,0.0,816.3872519325084,1000000.0,1000000.0,4.838164032129153,0.0,0.0,811.5490879003793,167739060.2119038,167739060.2119038
2010,QQQ,115,2019-07-31,183.19715881347656,1182.74,분할매수,0.0,811.5490879003793,1000000.0,1000000.0,4.615215465287106,0.0,0.0,806.9338724350922,174842080.18116745,174842080.18116745
2010,QQQ,116,2019-08-31,179.71728515625,1211.32,분할매수,0.0,806.9338724350922,1000000.0,1000000.0,4.5935797715868,0.0,0.0,802.3402926635055,174665583.82774013,174665583.82774013
2010,QQQ,117,2019-09-30,181.3668212890625,1195.85,분할매수,0.0,802.3402926635055,1000000.0,1000000.0,4.610684981667132,0.0,0.0,797.7296076818384,173017590.84685835,173017590.84685835
2010,QQQ,118,2019-10-31,189.3108673095703,1169.1,분할매수,0.0,797.7296076818384,1000000.0,1000000.0,4.518276394706572,0.0,0.0,793.2113312871318,175556177.17774543,175556177.17774543
2010,QQQ,119,2019-11-30,197.0146942138672,1181.33,분할매수,0.0,793.2113312871318,1000000.0,1000000.0,4.2966516817430955,0.0,0.0,788.9146796053886,183611504.50188142,183611504.50188142
2010,QQQ,120,2019-12-31,204.6714324951172,1155.46,분할매수,0.0,788.9146796053886,1000000.0,1000000.0,4.228514802495237,0.0,0.0,784.6861648028934,185570159.1347988,185570159.1347988
2010,SPY,0,2009-12-31,83.16798400878906,1163.65,분할매수,100000000.0,0.0,0.0,0.0,0.0,8333333.333333333,91666666.66666667,86.10734643057059,8333333.333333333,100000000.0
2010,SPY,1,2010-01-31,80.14543914794922,1158.7,분할매수,91666666.66666667,86.10734643057059,1000000.0,1000000.0,0.0,8333333.333333333,82333333.33333334,175.8438066282601,16329650.757421236,98662984.09075458
2010,SPY,2,2010-02-28,82.64555358886719,1159.0,분할매수,82333333.33333334,175.8438066282601,1000000.0,1000000.0,0.0,8333333.333333333,73000000.00000001,262.84311997720556,25176742.76759024,98176742.76759025
2010,SPY,3,2010-03-31,87.6769790649414,1131.2,분할매수,73000000.00000001,262.84311997720556,1000000.0,1000000.0,0.0,8333333.333333333,63666666.66666668,346.86526795661814,34402166.20440049,98068832.87106717
2010,SPY,4,2010-04-30,89.03337097167969,1108.0,분할매수,63666666.66666668,346.86526795661814,1000000.0,1000000.0,0.0,8333333.333333333,54333333.33333334,431.3398743094949,42551236.49305664,96884569.82638998
2010,SPY,5,2010-05-31,81.95924377441406,1194.5,분할매수,54333333.33333334,431.3398743094949,1000000.0,1000000.0,0.0,8333333.333333333,45000000.00000001,516.4604705977092,50561643.62862689,95561643.6286269
2010,SPY,6,2010-06-30,77.71862030029297,1220.85,분할매수,45000000.00000001,516.4604705977092,1000000.0,1000000.0,0.0,8333333.333333333,35666666.66666667,604.288141168499,57336537.3009483,93003203.96761498
2010,SPY,7,2010-07-31,83.0268325805664,1182.0,분할매수,35666666.66666667,604.288141168499,1000000.0,1000000.0,0.0,8333333.333333333,26333333.33333334,689.2028270164276,67636791.38010578,93970124.71343912
2010,SPY,8,2010-08-31,79.29222106933594,1198.0,분할매수,26333333.33333334,689.2028270164276,1000000.0,1000000.0,0.0,8333333.333333333,17000000.000000007,776.9294381144223,73802143.99316798,90802143.993168
2010,SPY,9,2010-09-30,86.39324188232422,1140.1,분할매수,17000000.000000007,776.9294381144223,1000000.0,1000000.0,0.0,8333333.333333333,7666666.666666674,861.5344395533785,84858501.75329056,92525168.41995724
2010,SPY,10,2010-10-31,89.69363403320312,1124.0,분할매수,7666666.666666674,861.5344395533785,1000000.0,1000000.0,0.0,6666666.666666674,0.0,927.6617424099111,93522816.58127755,93522816.58127755
2010,SPY,11,2010-11-30,89.69363403320312,1157.2,분할매수,0.0,927.6617424099111,1000000.0,1000000.0,9.63451716350792,0.0,0.0,918.0272252464032,95285234.29524413,95285234.29524413
2010,SPY,12,2010-12-31,95.68986511230469,1130.6,분할매수,0.0,918.0272252464032,1000000.0,1000000.0,9.243258024556267,0.0,0.0,908.783967221847,98318576.06998633,98318576.06998633
2010,SPY,13,2011-01-31,97.9194564819336,1119.1,분할매수,0.0,908.783967221847,1000000.0,1000000.0,9.125614320760368,0.0,0.0,899.6583529010866,98586059.11652476,98586059.11652476
2010,SPY,14,2011-02-28,101.3209228515625,1123.7,분할매수,0.0,899.6583529010866,1000000.0,1000000.0,8.783153692753505,0.0,0.0,890.875199208333,101429990.90899946,101429990.90899946
2010,SPY,15,2011-03-31,101.33309173583984,1097.25,분할매수,0.0,890.875199208333,1000000.0,1000000.0,8.9937977496805,0.0,0.0,881.8814014586525,98054395.48493083,98054395.48493083
2010,SPY,16,2011-04-30,104.26785278320312,1068.4,분할매수,0.0,881.8814014586525,1000000.0,1000000.0,8.976678900406174,0.0,0.0,872.9047225582462,97241388.74107988,97241388.74107988
2010,SPY,17,2011-05-31,103.09854125976562,1078.0,분할매수,0.0,872.9047225582462,1000000.0,1000000.0,8.997642192136976,0.0,0.0,863.9070803661093,96014829.43176784,96014829.43176784
2010,SPY,18,2011-06-30,101.35928344726562,1066.3,분할매수,0.0,863.9070803661093,1000000.0,1000000.0,9.252456652673798,0.0,0.0,854.6546237134355,92370562.3053587,92370562.3053587
2010,SPY,19,2011-07-31,99.33163452148438,1054.0,분할매수,0.0,854.6546237134355,1000000.0,1000000.0,9.551504996229088,0.0,0.0,845.1031187172064,88478529.72393891,88478529.72393891
2010,SPY,20,2011-08-31,93.87081909179688,1063.9,분할매수,0.0,845.1031187172064,1000000.0,1000000.0,10.013100697195348,0.0,0.0,835.090018020011,83399742.32496417,83399742.32496417
2010,SPY,21,2011-09-30,87.3542251586914,1180.9,분할매수,0.0,835.090018020011,1000000.0,1000000.0,9.693998798670444,0.0,0.0,825.3960192213406,85145050.70235264,85145050.70235264
2010,SPY,22,2011-10-31,96.88873291015625,1112.05,분할매수,0.0,825.3960192213406,1000000.0,1000000.0,9.281163196899241,0.0,0.0,816.1148560244413,87932389.3687268,87932389.3687268
2010,SPY,23,2011-11-30,96.49495697021484,1140.05,분할매수,0.0,816.1148560244413,1000000.0,1000000.0,9.090159095441884,0.0,0.0,807.0246969289994,88780040.9713037,88780040.9713037
2010,SPY,24,2011-12-31,97.50320434570312,1158.5,분할매수,0.0,807.0246969289994,1000000.0,1000000.0,8.852890107640903,0.0,0.0,798.1718068213586,90159461.7256639,90159461.7256639
2010,SPY,25,2012-01-31,102.02483367919922,1125.7,분할매수,0.0,798.1718068213586,1000000.0,1000000.0,8.70705802070727,0.0,0.0,789.4647488006514,90669517.41025878,90669517.41025878
2010,SPY,26,2012-02-29,106.45328521728516,1117.1,분할매수,0.0,789.4647488006514,1000000.0,1000000.0,8.409087656493107,0.0,0.0,781.0556611441583,92882330.7652244,92882330.7652244
2010,SPY,27,2012-03-31,109.87721252441406,1131.4,분할매수,0.0,781.0556611441583,1000000.0,1000000.0,8.0440765036402,0.0,0.0,773.0115846405181,96096995.63283688,96096995.63283688
2010,SPY,28,2012-04-30,109.14369201660156,1130.05,분할매수,0.0,773.0115846405181,1000000.0,1000000.0,8.10781255664475,0.0,0.0,764.9037720838734,94341570.76769088,94341570.76769088
2010,SPY,29,2012-05-31,102.58901977539062,1180.0,분할매수,0.0,764.9037720838734,1000000.0,1000000.0,8.260704985524532,0.0,0.0,756.6430670983489,91595459.27668838,91595459.27668838
2010,SPY,30,2012-06-30,106.75215911865234,1141.17,분할매수,0.0,756.6430670983489,1000000.0,1000000.0,8.208673582845748,0.0,0.0,748.4343935155031,91176045.18707626,91176045.18707626
2010,SPY,31,2012-07-31,108.01504516601562,1130.27,분할매수,0.0,748.4343935155031,1000000.0,1000000.0,8.190936288174882,0.0,0.0,740.2434572273282,90373484.93309677,90373484.93309677
2010,SPY,32,2012-08-31,110.72108459472656,1133.2,분할매수,0.0,740.2434572273282,1000000.0,1000000.0,7.970087746600781,0.0,0.0,732.2733694807274,91877704.83368139,91877704.83368139
2010,SPY,33,2012-09-30,113.5279769897461,1111.21,분할매수,0.0,732.2733694807274,1000000.0,1000000.0,7.926855837566337,0.0,0.0,724.3465136431611,91378792.3593103,91378792.3593103
2010,SPY,34,2012-10-31,111.46190643310547,1090.17,분할매수,0.0,724.3465136431611,1000000.0,1000000.0,8.229610983056652,0.0,0.0,716.1169026601044,87017102.5258017,87017102.5258017
2010,SPY,35,2012-11-30,112.09275817871094,1081.75,분할매수,0.0,716.1169026601044,1000000.0,1000000.0,8.24699137739907,0.0,0.0,707.8699112827053,85833715.45926762,85833715.45926762
2010,SPY,36,2012-12-31,113.09429168701172,1063.24,분할매수,0.0,707.8699112827053,1000000.0,1000000.0,8.31625903525666,0.0,0.0,699.5536522474487,84118790.58621204,84118790.58621204
2010,SPY,37,2013-01-31,118.88359069824219,1087.46,분할매수,0.0,699.5536522474487,1000000.0,1000000.0,7.735079735542585,0.0,0.0,691.818572511906,89439100.32795256,89439100.32795256
2010,SPY,38,2013-02-28,120.40040588378906,1083.9,분할매수,0.0,691.818572511906,1000000.0,1000000.0,7.6627178164272385,0.0,0.0,684.1558546954788,89283707.30666788,89283707.30666788
2010,SPY,39,2013-03-31,124.97216033935547,1112.48,분할매수,0.0,684.1558546954788,1000000.0,1000000.0,7.192742462959839,0.0,0.0,676.9631122325189,94117524.11804636,94117524.11804636
2010,SPY,40,2013-04-30,127.37313842773438,1101.52,분할매수,0.0,676.9631122325189,1000000.0,1000000.0,7.127377525531254,0.0,0.0,669.8357347069876,93980672.73798014,93980672.73798014
2010,SPY,41,2013-05-31,130.38040161132812,1129.34,분할매수,0.0,669.8357347069876,1000000.0,1000000.0,6.7914573060769134,0.0,0.0,663.0442774009107,97629160.79994006,97629160.79994006
2010,SPY,42,2013-06-30,128.64056396484375,1141.45,분할매수,0.0,663.0442774009107,1000000.0,1000000.0,6.810283201993404,0.0,0.0,656.2339941989172,96359281.21268646,96359281.21268646
2010,SPY,43,2013-07-31,135.288330078125,1122.66,분할매수,0.0,656.2339941989172,1000000.0,1000000.0,6.584024142865798,0.0,0.0,649.6499700560514,98670654.29278351,98670654.29278351
2010,SPY,44,2013-08-31,131.23062133789062,1109.42,분할매수,0.0,649.6499700560514,1000000.0,1000000.0,6.868609466480524,0.0,0.0,642.7813605895709,93582458.53493433,93582458.53493433
2010,SPY,45,2013-09-30,135.38365173339844,1073.33,분할매수,0.0,642.7813605895709,1000000.0,1000000.0,6.8817756067335845,0.0,0.0,635.8995849828373,92403417.565756,92403417.565756
2010,SPY,46,2013-10-31,141.65283203125,1060.83,분할매수,0.0,635.8995849828373,1000000.0,1000000.0,6.654707101959618,0.0,0.0,629.2448778808777,94556359.61732762,94556359.61732762
2010,SPY,47,2013-11-30,145.85108947753906,1057.76,분할매수,0.0,629.2448778808777,1000000.0,1000000.0,6.481912775711972,0.0,0.0,622.7629651051657,96077035.69210118,96077035.69210118
2010,SPY,48,2013-12-31,149.6324920654297,1055.25,분할매수,0.0,622.7629651051657,1000000.0,1000000.0,6.333134773115586,0.0,0.0,616.4298303320501,97334077.42226167,97334077.42226167
2010,SPY,49,2014-01-31,144.3582305908203,1080.36,분할매수,0.0,616.4298303320501,1000000.0,1000000.0,6.411947438041357,0.0,0.0,610.0178828940087,95137692.3763975,95137692.3763975
2010,SPY,50,2014-02-28,150.92877197265625,1066.01,분할매수,0.0,610.0178828940087,1000000.0,1000000.0,6.215365643691375,0.0,0.0,603.8025172503174,97146741.13552429,97146741.13552429
2010,SPY,51,2014-03-31,152.1807861328125,1064.65,분할매수,0.0,603.8025172503174,1000000.0,1000000.0,6.172105179719101,0.0,0.0,597.6304120705983,96827645.45788203,96827645.45788203
2010,SPY,52,2014-04-30,153.23870849609375,1032.85,분할매수,0.0,597.6304120705983,1000000.0,1000000.0,6.318213004376766,0.0,0.0,591.3121990662215,93588519.19943291,93588519.19943291
2010,SPY,53,2014-05-31,156.79478454589844,1020.3,분할매수,0.0,591.3121990662215,1000000.0,1000000.0,6.250870485590305,0.0,0.0,585.0613285806312,93596776.62964419,93596776.62964419
2010,SPY,54,2014-06-30,160.03182983398438,1011.6,분할매수,0.0,585.0613285806312,1000000.0,1000000.0,6.177102505346989,0.0,0.0,578.8842260752842,93714524.82360357,93714524.82360357
2010,SPY,55,2014-07-31,157.88136291503906,1027.75,분할매수,0.0,578.8842260752842,1000000.0,1000000.0,6.162850714521314,0.0,0.0,572.7213753607629,92931242.6814557,92931242.6814557
2010,SPY,56,2014-08-31,164.11192321777344,1013.85,분할매수,0.0,572.7213753607629,1000000.0,1000000.0,6.010161740306534,0.0,0.0,566.7112136204563,94292173.50672372,94292173.50672372
2010,SPY,57,2014-09-30,161.8478240966797,1054.55,분할매수,0.0,566.7112136204563,1000000.0,1000000.0,5.85903319975545,0.0,0.0,560.8521804207008,95724356.1009537,95724356.1009537
2010,SPY,58,2014-10-31,165.65948486328125,1073.07,분할매수,0.0,560.8521804207008,1000000.0,1000000.0,5.625428900981454,0.0,0.0,555.2267515197194,98699452.3071566,98699452.3071566
2010,SPY,59,2014-11-30,170.2104949951172,1112.06,분할매수,0.0,555.2267515197194,1000000.0,1000000.0,5.283058814029783,0.0,0.0,549.9436927056896,104095697.59951368,104095697.59951368
2010,SPY,60,2014-12-31,169.77871704101562,1090.89,분할매수,0.0,549.9436927056896,1000000.0,1000000.0,5.399279277111115,0.0,0.0,544.5444134285785,100855018.8794711,100855018.8794711
2010,SPY,61,2015-01-31,164.748291015625,1104.3,분할매수,0.0,544.5444134285785,1000000.0,1000000.0,5.49657311901665,0.0,0.0,539.0478403095619,98069802.51833689,98069802.51833689
2010,SPY,62,2015-02-28,174.0078887939453,1100.65,분할매수,0.0,539.0478403095619,1000000.0,1000000.0,5.221338196495144,0.0,0.0,533.8265021130668,102239403.3911462,102239403.3911462
2010,SPY,63,2015-03-31,171.27499389648438,1107.71,분할매수,0.0,533.8265021130668,1000000.0,1000000.0,5.270841575311419,0.0,0.0,528.5556605377553,100279177.99948795,100279177.99948795
2010,SPY,64,2015-04-30,172.9592742919922,1076.74,분할매수,0.0,528.5556605377553,1000000.0,1000000.0,5.369641589653466,0.0,0.0,523.1860189481018,97434067.09978682,97434067.09978682
2010,SPY,65,2015-05-31,175.18284606933594,1111.99,분할매수,0.0,523.1860189481018,1000000.0,1000000.0,5.1334287736819775,0.0,0.0,518.0525901744198,100917459.46303333,100917459.46303333
2010,SPY,66,2015-06-30,171.6245574951172,1117.34,분할매수,0.0,518.0525901744198,1000000.0,1000000.0,5.214770775789676,0.0,0.0,512.8378193986301,98343310.0798128,98343310.0798128
2010,SPY,67,2015-07-31,175.50144958496094,1159.7,분할매수,0.0,512.8378193986301,1000000.0,1000000.0,4.913303987522343,0.0,0.0,507.9245154111078,103377384.48527005,103377384.48527005
2010,SPY,68,2015-08-31,164.80459594726562,1182.54,분할매수,0.0,507.9245154111078,1000000.0,1000000.0,5.13115154353138,0.0,0.0,502.79336386757643,97988406.61828168,97988406.61828168
2010,SPY,69,2015-09-30,160.5994110107422,1184.62,분할매수,0.0,502.79336386757643,1000000.0,1000000.0,5.256261837680844,0.0,0.0,497.5371020298956,94656072.58435547,94656072.58435547
2010,SPY,70,2015-10-31,174.25997924804688,1140.5,분할매수,0.0,497.5371020298956,1000000.0,1000000.0,5.031610936397113,0.0,0.0,492.5054910934985,97882268.18788125,97882268.18788125
2010,SPY,71,2015-11-30,174.8968963623047,1149.39,분할매수,0.0,492.5054910934985,1000000.0,1000000.0,4.974512000588635,0.0,0.0,487.5309790929099,98005790.1227739,98005790.1227739
2010,SPY,72,2015-12-31,171.87423706054688,1169.26,분할매수,0.0,487.5309790929099,1000000.0,1000000.0,4.975974244173872,0.0,0.0,482.555004848736,96976990.06656563,96976990.06656563
2010,SPY,73,2016-01-31,163.3172607421875,1210.04,분할매수,0.0,482.555004848736,1000000.0,1000000.0,5.060205869245099,0.0,0.0,477.4947989794909,94362721.85714954,94362721.85714954
2010,SPY,74,2016-02-29,163.1823272705078,1238.09,분할매수,0.0,477.4947989794909,1000000.0,1000000.0,4.9496519529814575,0.0,0.0,472.5451470265094,95470378.82974146,95470378.82974146
2010,SPY,75,2016-03-31,174.15895080566406,1138.86,분할매수,0.0,472.5451470265094,1000000.0,1000000.0,5.041779646970021,0.0,0.0,467.5033673795394,92725862.71407099,92725862.71407099
2010,SPY,76,2016-04-30,174.84535217285156,1144.09,분할매수,0.0,467.5033673795394,1000000.0,1000000.0,4.999029714141533,0.0,0.0,462.5043376653978,92518821.47390321,92518821.47390321
2010,SPY,77,2016-05-31,177.8197479248047,1188.99,분할매수,0.0,462.5043376653978,1000000.0,1000000.0,4.729789444613229,0.0,0.0,457.7745482207846,96785396.80918469,96785396.80918469
2010,SPY,78,2016-06-30,178.43783569335938,1154.15,분할매수,0.0,457.7745482207846,1000000.0,1000000.0,4.85568826342465,0.0,0.0,452.9188599573599,93275934.4064486,93275934.4064486
2010,SPY,79,2016-07-31,184.94561767578125,1112.89,분할매수,0.0,452.9188599573599,1000000.0,1000000.0,4.858516868286706,0.0,0.0,448.0603430890732,92221629.61164647,92221629.61164647
2010,SPY,80,2016-08-31,185.1671600341797,1115.98,분할매수,0.0,448.0603430890732,1000000.0,1000000.0,4.839267428241823,0.0,0.0,443.2210756608314,91588465.0379531,91588465.0379531
2010,SPY,81,2016-09-30,185.1779327392578,1097.98,분할매수,0.0,443.2210756608314,1000000.0,1000000.0,4.918314987163567,0.0,0.0,438.3027606736678,89116447.77075179,89116447.77075179
2010,SPY,82,2016-10-31,181.96746826171875,1145.37,분할매수,0.0,438.3027606736678,1000000.0,1000000.0,4.798002208847673,0.0,0.0,433.50475846482016,90351096.05940223,90351096.05940223
2010,SPY,83,2016-11-30,188.67086791992188,1175.87,분할매수,0.0,433.50475846482016,1000000.0,1000000.0,4.507501110308179,0.0,0.0,428.997257354512,95174076.91224757,95174076.91224757
2010,SPY,84,2016-12-31,192.49554443359375,1203.73,분할매수,0.0,428.997257354512,1000000.0,1000000.0,4.315689926734243,0.0,0.0,424.68156742777774,98404096.36406423,98404096.36406423
2010,SPY,85,2017-01-31,195.94024658203125,1151.45,분할매수,0.0,424.68156742777774,1000000.0,1000000.0,4.432321612891038,0.0,0.0,420.2492458148867,94814700.40274759,94814700.40274759
2010,SPY,86,2017-02-28,203.63900756835938,1129.17,분할매수,0.0,420.2492458148867,1000000.0,1000000.0,4.348902758502708,0.0,0.0,415.900343056384,95633396.77881764,95633396.77881764
2010,SPY,87,2017-03-31,203.8935546875,1117.48,분할매수,0.0,415.900343056384,1000000.0,1000000.0,4.388910689612172,0.0,0.0,411.5114323667718,93761632.77615823,93761632.77615823
2010,SPY,88,2017-04-30,205.9174346923828,1136.99,분할매수,0.0,411.5114323667718,1000000.0,1000000.0,4.271203225358132,0.0,0.0,407.2402291414137,95345551.98020749,95345551.98020749
2010,SPY,89,2017-05-31,208.8235321044922,1119.58,분할매수,0.0,407.2402291414137,1000000.0,1000000.0,4.277257840097791,0.0,0.0,402.9629713013159,94210586.86798806,94210586.86798806
2010,SPY,90,2017-06-30,210.15472412109375,1143.75,분할매수,0.0,402.9629713013159,1000000.0,1000000.0,4.16034873138002,0.0,0.0,398.8026225699359,95857979.29916564,95857979.29916564
2010,SPY,91,2017-07-31,214.47430419921875,1121.86,분할매수,0.0,398.8026225699359,1000000.0,1000000.0,4.156100769112103,0.0,0.0,394.6465218008238,94955956.00901055,94955956.00901055
2010,SPY,92,2017-08-31,215.10008239746094,1122.36,분할매수,0.0,394.6465218008238,1000000.0,1000000.0,4.142163551826052,0.0,0.0,390.50435824899773,94275456.13857904,94275456.13857904
2010,SPY,93,2017-09-30,219.43421936035156,1142.57,분할매수,0.0,390.50435824899773,1000000.0,1000000.0,3.9885296903595093,0.0,0.0,386.51582855863825,96906845.01932323,96906845.01932323
2010,SPY,94,2017-10-31,224.60499572753906,1115.68,분할매수,0.0,386.51582855863825,1000000.0,1000000.0,3.990625197215137,0.0,0.0,382.5252033614231,95855958.51706865,95855958.51706865
2010,SPY,95,2017-11-30,231.47019958496094,1084.79,분할매수,0.0,382.5252033614231,1000000.0,1000000.0,3.9825316951001892,0.0,0.0,378.5426716663229,95050761.83877046,95050761.83877046
2010,SPY,96,2017-12-31,234.27752685546875,1067.42,분할매수,0.0,378.5426716663229,1000000.0,1000000.0,3.9988400530097943,0.0,0.0,374.5438316133131,93663118.96656291,93663118.96656291
2010,SPY,97,2018-01-31,247.48110961914062,1068.33,분할매수,0.0,374.5438316133131,1000000.0,1000000.0,3.782269941737877,0.0,0.0,370.76156167157524,98026203.14858271,98026203.14858271
2010,SPY,98,2018-02-28,238.4827117919922,1082.12,분할매수,0.0,370.76156167157524,1000000.0,1000000.0,3.8749640235674403,0.0,0.0,366.8865976480078,94681291.34015492,94681291.34015492
2010,SPY,99,2018-03-31,231.94573974609375,1060.99,분할매수,0.0,366.8865976480078,1000000.0,1000000.0,4.0635191364766685,0.0,0.0,362.82307851153115,89287897.09751977,89287897.09751977
2010,SPY,100,2018-04-30,233.1444854736328,1069.07,분할매수,0.0,362.82307851153115,1000000.0,1000000.0,4.01207192183675,0.0,0.0,358.8110065896944,89432845.06859703,89432845.06859703
2010,SPY,101,2018-05-31,238.81192016601562,1080.75,분할매수,0.0,358.8110065896944,1000000.0,1000000.0,3.874527567083869,0.0,0.0,354.9364790226105,91607679.35631196,91607679.35631196
2010,SPY,102,2018-06-30,240.18536376953125,1111.79,분할매수,0.0,354.9364790226105,1000000.0,1000000.0,3.74481784263424,0.0,0.0,351.1916611799763,93780706.01504488,93780706.01504488
2010,SPY,103,2018-07-31,249.08338928222656,1112.75,분할매수,0.0,351.1916611799763,1000000.0,1000000.0,3.607926075553593,0.0,0.0,347.58373510442266,96338929.29779336,96338929.29779336
2010,SPY,104,2018-08-31,257.0340576171875,1116.5,분할매수,0.0,347.58373510442266,1000000.0,1000000.0,3.4845812900164477,0.0,0.0,344.09915381440624,98749067.72881801,98749067.72881801
2010,SPY,105,2018-09-30,258.5623474121094,1109.76,분할매수,0.0,344.09915381440624,1000000.0,1000000.0,3.485023018353097,0.0,0.0,340.61413079605313,97736551.23718977,97736551.23718977
2010,SPY,106,2018-10-31,240.6945037841797,1140.78,분할매수,0.0,340.61413079605313,1000000.0,1000000.0,3.6419328001848617,0.0,0.0,336.97219799586827,92525649.56134388,92525649.56134388
2010,SPY,107,2018-11-30,245.1592254638672,1118.61,분할매수,0.0,336.97219799586827,1000000.0,1000000.0,3.646473501435471,0.0,0.0,333.3257244944328,91410433.76928852,91410433.76928852
2010,SPY,108,2018-12-31,223.5733642578125,1112.85,분할매수,0.0,333.3257244944328,1000000.0,1000000.0,4.01923415090694,0.0,0.0,329.30649034352587,81932646.36478516,81932646.36478516
2010,SPY,109,2019-01-31,241.4739532470703,1111.82,분할매수,0.0,329.30649034352587,1000000.0,1000000.0,3.7247336783597245,0.0,0.0,325.58175666516615,87410747.92991477,87410747.92991477
2010,SPY,110,2019-02-28,249.301513671875,1124.65,분할매수,0.0,325.58175666516615,1000000.0,1000000.0,3.5666270335265797,0.0,0.0,322.0151296316396,90285619.04697956,90285619.04697956
2010,SPY,111,2019-03-31,253.8138885498047,1136.3,분할매수,0.0,322.0151296316396,1000000.0,1000000.0,3.46730152470418,0.0,0.0,318.5478281069354,91871971.8597629,91871971.8597629
2010,SPY,112,2019-04-30,264.18280029296875,1165.1,분할매수,0.0,318.5478281069354,1000000.0,1000000.0,3.2488694356088517,0.0,0.0,315.29895867132655,97048824.18958712,97048824.18958712
2010,SPY,113,2019-05-31,247.33560180664062,1190.5,분할매수,0.0,315.29895867132655,1000000.0,1000000.0,3.3961273435785695,0.0,0.0,311.902831327748,91840734.98230179,91840734.98230179
2010,SPY,114,2019-06-30,264.5469055175781,1154.58,분할매수,0.0,311.902831327748,1000000.0,1000000.0,3.273959358218613,0.0,0.0,308.62887196952937,94267777.39154854,94267777.39154854
2010,SPY,115,2019-07-31,268.5466613769531,1182.74,분할매수,0.0,308.62887196952937,1000000.0,1000000.0,3.148407640658817,0.0,0.0,305.48046432887054,97026973.37659477,97026973.37659477
2010,SPY,116,2019-08-31,264.0502014160156,1211.32,분할매수,0.0,305.48046432887054,1000000.0,1000000.0,3.126472471034344,0.0,0.0,302.3539918578362,96707709.61812025,96707709.61812025
2010,SPY,117,2019-09-30,269.1881103515625,1195.85,분할매수,0.0,302.3539918578362,1000000.0,1000000.0,3.1064718200148884,0.0,0.0,299.24752003782135,96330350.7566945,96330350.7566945
2010,SPY,118,2019-10-31,275.138427734375,1169.1,분할매수,0.0,299.24752003782135,1000000.0,1000000.0,3.108830816799036,0.0,0.0,296.13868922102233,95257254.79199198,95257254.79199198
2010,SPY,119,2019-11-30,285.0979309082031,1181.33,분할매수,0.0,296.13868922102233,1000000.0,1000000.0,2.9691675226316336,0.0,0.0,293.1695216983907,98737952.4610146,98737952.4610146
2010,SPY,120,2019-12-31,293.3815612792969,1155.46,분할매수,0.0,293.1695216983907,1000000.0,1000000.0,2.949933793315662,0.0,0.0,290.21958790507506,98381729.29938012,98381729.29938012
2010,SOXX,0,2009-12-31,13.834537506103516,1163.65,분할매수,100000000.0,0.0,0.0,0.0,0.0,8333333.333333333,91666666.66666667,517.6446561959517,8333333.333333332,100000000.0
2010,SOXX,1,2010-01-31,12.078170776367188,1158.7,분할매수,91666666.66666667,517.6446561959517,1000000.0,1000000.0,0.0,8333333.333333333,82333333.33333334,1113.096413195322,15577758.121056579,97911091.45438993
2010,SOXX,2,2010-02-28,13.042060852050781,1159.0,분할매수,82333333.33333334,1113.096413195322,1000000.0,1000000.0,0.0,8333333.333333333,73000000.00000001,1664.3978137285299,25158618.802085944,98158618.80208597
2010,SOXX,3,2010-03-31,13.887931823730469,1131.2,분할매수,73000000.00000001,1664.3978137285299,1000000.0,1000000.0,0.0,8333333.333333333,63666666.66666668,2194.844549994517,34481070.387400374,98147737.05406705
2010,SOXX,4,2010-04-30,14.168952941894531,1108.0,분할매수,63666666.66666668,2194.844549994517,1000000.0,1000000.0,0.0,8333333.333333333,54333333.33333334,2725.6571651500194,42790636.584493086,97123969.91782643
2010,SOXX,5,2010-05-31,13.241588592529297,1194.5,분할매수,54333333.33333334,2725.6571651500194,1000000.0,1000000.0,0.0,8333333.333333333,45000000.00000001,3252.5138676264296,51445264.15403024,96445264.15403025
2010,SOXX,6,2010-06-30,12.33794116973877,1220.85,분할매수,45000000.00000001,3252.5138676264296,1000000.0,1000000.0,0.0,8333333.333333333,35666666.66666667,3805.754095233622,57325219.45746495,92991886.12413162
2010,SOXX,7,2010-07-31,12.978693008422852,1182.0,분할매수,35666666.66666667,3805.754095233622,1000000.0,1000000.0,0.0,8333333.333333333,26333333.33333334,4348.967298670359,66716703.36121909,93050036.69455244
2010,SOXX,8,2010-08-31,11.620979309082031,1198.0,분할매수,26333333.33333334,4348.967298670359,1000000.0,1000000.0,0.0,8333333.333333333,17000000.000000007,4947.54317216921,68879365.60781303,85879365.60781303
2010,SOXX,9,2010-09-30,13.354104995727539,1140.1,분할매수,17000000.000000007,4947.54317216921,1000000.0,1000000.0,0.0,8333333.333333333,7666666.666666674,5494.888004047397,83659752.86536102,91326419.53202769
2010,SOXX,10,2010-10-31,14.277120590209961,1124.0,분할매수,7666666.666666674,5494.888004047397,1000000.0,1000000.0,0.0,6666666.666666674,0.0,5910.321778984041,94845791.48442134,94845791.48442134
2010,SOXX,11,2010-11-30,14.974329948425293,1157.2,분할매수,0.0,5910.321778984041,1000000.0,1000000.0,57.70908344657977,0.0,0.0,5852.612695537461,101415797.0634747,101415797.0634747
2010,SOXX,12,2010-12-31,15.722329139709473,1130.6,분할매수,0.0,5852.612695537461,1000000.0,1000000.0,56.25668472580782,0.0,0.0,5796.3560108116535,103034084.55480081,103034084.55480081
2010,SOXX,13,2011-01-31,16.792133331298828,1119.1,분할매수,0.0,5796.3560108116535,1000000.0,1000000.0,53.213917298231046,0.0,0.0,5743.142093513423,107925565.06085934,107925565.06085934
2010,SOXX,14,2011-02-28,17.52320671081543,1123.7,분할매수,0.0,5743.142093513423,1000000.0,1000000.0,50.785067618224915,0.0,0.0,5692.357025895198,112087219.58760212,112087219.58760212
2010,SOXX,15,2011-03-31,16.704345703125,1097.25,분할매수,0.0,5692.357025895198,1000000.0,1000000.0,54.55881652709496,0.0,0.0,5637.798209368103,103334320.06481048,103334320.06481048
2010,SOXX,16,2011-04-30,17.182092666625977,1068.4,분할매수,0.0,5637.798209368103,1000000.0,1000000.0,54.47409999642574,0.0,0.0,5583.324109371677,102495022.58390725,102495022.58390725
2010,SOXX,17,2011-05-31,16.831554412841797,1078.0,분할매수,0.0,5583.324109371677,1000000.0,1000000.0,55.11337586734634,0.0,0.0,5528.210733504331,100306153.38843168,100306153.38843168
2010,SOXX,18,2011-06-30,15.72076416015625,1066.3,분할매수,0.0,5528.210733504331,1000000.0,1000000.0,59.6550121156821,0.0,0.0,5468.555721388649,91669677.49137504,91669677.49137504
2010,SOXX,19,2011-07-31,14.862497329711914,1054.0,분할매수,0.0,5468.555721388649,1000000.0,1000000.0,63.836284196927096,0.0,0.0,5404.719437191721,84665320.12607165,84665320.12607165
2010,SOXX,20,2011-08-31,13.692647933959961,1063.9,분할매수,0.0,5404.719437191721,1000000.0,1000000.0,68.64544890277745,0.0,0.0,5336.073988288944,77733834.85111192,77733834.85111192
2010,SOXX,21,2011-09-30,13.04082202911377,1180.9,분할매수,0.0,5336.073988288944,1000000.0,1000000.0,64.93545819861862,0.0,0.0,5271.138530090325,81175041.74633604,81175041.74633604
2010,SOXX,22,2011-10-31,14.88107967376709,1112.05,분할매수,0.0,5271.138530090325,1000000.0,1000000.0,60.42842063840004,0.0,0.0,5210.710109451925,86229460.48238617,86229460.48238617
2010,SOXX,23,2011-11-30,14.350017547607422,1140.05,분할매수,0.0,5210.710109451925,1000000.0,1000000.0,61.125675132942234,0.0,0.0,5149.584434318983,84245849.6060641,84245849.6060641
2010,SOXX,24,2011-12-31,14.056510925292969,1158.5,분할매수,0.0,5149.584434318983,1000000.0,1000000.0,61.40820846673756,0.0,0.0,5088.176225852245,82858242.45480655,82858242.45480655
2010,SOXX,25,2012-01-31,15.795072555541992,1125.7,분할매수,0.0,5088.176225852245,1000000.0,1000000.0,56.24134636128074,0.0,0.0,5031.934879490964,89470384.42442393,89470384.42442393
2010,SOXX,26,2012-02-29,16.41254234313965,1117.1,분할매수,0.0,5031.934879490964,1000000.0,1000000.0,54.54212930563989,0.0,0.0,4977.392750185324,91257763.74246982,91257763.74246982
2010,SOXX,27,2012-03-31,16.94625473022461,1131.4,분할매수,0.0,4977.392750185324,1000000.0,1000000.0,52.156698788240455,0.0,0.0,4925.236051397083,94431514.37543733,94431514.37543733
2010,SOXX,28,2012-04-30,15.994181632995605,1130.05,분할매수,0.0,4925.236051397083,1000000.0,1000000.0,55.327406985625835,0.0,0.0,4869.908644411457,88019824.34630759,88019824.34630759
2010,SOXX,29,2012-05-31,14.315231323242188,1180.0,분할매수,0.0,4869.908644411457,1000000.0,1000000.0,59.199715881832326,0.0,0.0,4810.708928529625,81262365.14601202,81262365.14601202
2010,SOXX,30,2012-06-30,14.94796371459961,1141.17,분할매수,0.0,4810.708928529625,1000000.0,1000000.0,58.622943244982274,0.0,0.0,4752.085985284642,81061879.9098148,81061879.9098148
2010,SOXX,31,2012-07-31,14.91081714630127,1130.27,분할매수,0.0,4752.085985284642,1000000.0,1000000.0,59.33573890942879,0.0,0.0,4692.7502463752135,79088089.78579195,79088089.78579195
2010,SOXX,32,2012-08-31,15.413655281066895,1133.2,분할매수,0.0,4692.7502463752135,1000000.0,1000000.0,57.251621599629885,0.0,0.0,4635.498624775583,80967114.90885614,80967114.90885614
2010,SOXX,33,2012-09-30,14.88819408416748,1111.21,분할매수,0.0,4635.498624775583,1000000.0,1000000.0,60.44520255719029,0.0,0.0,4575.053422218393,75689272.74070595,75689272.74070595
2010,SOXX,34,2012-10-31,14.317110061645508,1090.17,분할매수,0.0,4575.053422218393,1000000.0,1000000.0,64.06936353948034,0.0,0.0,4510.984058678913,70407817.55072671,70407817.55072671
2010,SOXX,35,2012-11-30,14.615561485290527,1081.75,분할매수,0.0,4510.984058678913,1000000.0,1000000.0,63.249572115246885,0.0,0.0,4447.734486563666,70320388.5468104,70320388.5468104
2010,SOXX,36,2012-12-31,14.987213134765625,1063.24,분할매수,0.0,4447.734486563666,1000000.0,1000000.0,62.75492425582106,0.0,0.0,4384.979562307845,69874669.02887864,69874669.02887864
2010,SOXX,37,2013-01-31,16.133434295654297,1087.46,분할매수,0.0,4384.979562307845,1000000.0,1000000.0,56.9980350399548,0.0,0.0,4327.981527267891,75932118.08501886,75932118.08501886
2010,SOXX,38,2013-02-28,16.7209415435791,1083.9,분할매수,0.0,4327.981527267891,1000000.0,1000000.0,55.17597994504447,0.0,0.0,4272.805547322846,77439595.12053216,77439595.12053216
2010,SOXX,39,2013-03-31,17.11033821105957,1112.48,분할매수,0.0,4272.805547322846,1000000.0,1000000.0,52.53505531408447,0.0,0.0,4220.270492008762,80332464.99461326,80332464.99461326
2010,SOXX,40,2013-04-30,17.410873413085938,1101.52,분할매수,0.0,4220.270492008762,1000000.0,1000000.0,52.14192433929762,0.0,0.0,4168.128567669464,79938142.30074523,79938142.30074523
2010,SOXX,41,2013-05-31,18.40207290649414,1129.34,분할매수,0.0,4168.128567669464,1000000.0,1000000.0,48.1181079757602,0.0,0.0,4120.010459693704,85622869.08224207,85622869.08224207
2010,SOXX,42,2013-06-30,18.394147872924805,1141.45,분할매수,0.0,4120.010459693704,1000000.0,1000000.0,47.628119438697894,0.0,0.0,4072.3823402550065,85503739.98067604,85503739.98067604
2010,SOXX,43,2013-07-31,18.814044952392578,1122.66,분할매수,0.0,4072.3823402550065,1000000.0,1000000.0,47.34450426457053,0.0,0.0,4025.037835990436,85015946.38097216,85015946.38097216
2010,SOXX,44,2013-08-31,18.072711944580078,1109.42,분할매수,0.0,4025.037835990436,1000000.0,1000000.0,49.87474435367592,0.0,0.0,3975.1630916367603,79702926.66460112,79702926.66460112
2010,SOXX,45,2013-09-30,19.387670516967773,1073.33,분할매수,0.0,3975.1630916367603,1000000.0,1000000.0,48.055278803816336,0.0,0.0,3927.107812832944,81720633.20796031,81720633.20796031
2010,SOXX,46,2013-10-31,20.033437728881836,1060.83,분할매수,0.0,3927.107812832944,1000000.0,1000000.0,47.05423602720163,0.0,0.0,3880.0535768057425,82459176.99232686,82459176.99232686
2010,SOXX,47,2013-11-30,20.207975387573242,1057.76,분할매수,0.0,3880.0535768057425,1000000.0,1000000.0,46.78321415698745,0.0,0.0,3833.270362648755,81936874.83262041,81936874.83262041
2010,SOXX,48,2013-12-31,21.218782424926758,1055.25,분할매수,0.0,3833.270362648755,1000000.0,1000000.0,44.66056155862515,0.0,0.0,3788.60980109013,84831217.27246729,84831217.27246729
2010,SOXX,49,2014-01-31,20.988237380981445,1080.36,분할매수,0.0,3788.60980109013,1000000.0,1000000.0,44.10172088275238,0.0,0.0,3744.5080802073776,84906167.04419366,84906167.04419366
2010,SOXX,50,2014-02-28,22.397769927978516,1066.01,분할매수,0.0,3744.5080802073776,1000000.0,1000000.0,41.88262969839527,0.0,0.0,3702.6254505089823,88404798.77152623,88404798.77152623
2010,SOXX,51,2014-03-31,23.317424774169922,1064.65,분할매수,0.0,3702.6254505089823,1000000.0,1000000.0,40.28214210792898,0.0,0.0,3662.3433084010535,90917292.79412307,90917292.79412307
2010,SOXX,52,2014-04-30,22.884382247924805,1032.85,분할매수,0.0,3662.3433084010535,1000000.0,1000000.0,42.308102980656926,0.0,0.0,3620.035205420397,85563637.94130549,85563637.94130549
2010,SOXX,53,2014-05-31,23.896774291992188,1020.3,분할매수,0.0,3620.035205420397,1000000.0,1000000.0,41.014066544574604,0.0,0.0,3579.021138875822,87263259.66692662,87263259.66692662
2010,SOXX,54,2014-06-30,25.35187530517578,1011.6,분할매수,0.0,3579.021138875822,1000000.0,1000000.0,38.992500755987514,0.0,0.0,3540.028638119835,90787422.43984553,90787422.43984553
2010,SOXX,55,2014-07-31,24.248594284057617,1027.75,분할매수,0.0,3540.028638119835,1000000.0,1000000.0,40.126007258501225,0.0,0.0,3499.9026308613334,87222798.12975492,87222798.12975492
2010,SOXX,56,2014-08-31,25.803739547729492,1013.85,분할매수,0.0,3499.9026308613334,1000000.0,1000000.0,38.224661205680746,0.0,0.0,3461.6779696556528,90561377.40577795,90561377.40577795
2010,SOXX,57,2014-09-30,25.554243087768555,1054.55,분할매수,0.0,3461.6779696556528,1000000.0,1000000.0,37.1081926173158,0.0,0.0,3424.569777038337,92286083.89405444,92286083.89405444
2010,SOXX,58,2014-10-31,25.642515182495117,1073.07,분할매수,0.0,3424.569777038337,1000000.0,1000000.0,36.34220930510624,0.0,0.0,3388.227567733231,93231194.04458357,93231194.04458357
2010,SOXX,59,2014-11-30,27.49325180053711,1112.06,분할매수,0.0,3388.227567733231,1000000.0,1000000.0,32.70737351653538,0.0,0.0,3355.5201942166955,102592162.97267939,102592162.97267939
2010,SOXX,60,2014-12-31,27.552759170532227,1090.89,분할매수,0.0,3355.5201942166955,1000000.0,1000000.0,33.27008750522752,0.0,0.0,3322.250106711468,99856969.30281483,99856969.30281483
2010,SOXX,61,2015-01-31,26.212053298950195,1104.3,분할매수,0.0,3322.250106711468,1000000.0,1000000.0,34.547122938922314,0.0,0.0,3287.702983772546,95165753.4430595,95165753.4430595
2010,SOXX,62,2015-02-28,28.730329513549805,1100.65,분할매수,0.0,3287.702983772546,1000000.0,1000000.0,31.623516041569015,0.0,0.0,3256.079467730977,102963865.98665595,102963865.98665595
2010,SOXX,63,2015-03-31,27.96234703063965,1107.71,분할매수,0.0,3256.079467730977,1000000.0,1000000.0,32.28496369248259,0.0,0.0,3223.7945040384943,99854363.62095524,99854363.62095524
2010,SOXX,64,2015-04-30,27.60248565673828,1076.74,분할매수,0.0,3223.7945040384943,1000000.0,1000000.0,33.64658256159053,0.0,0.0,3190.147921476904,94813430.62515472,94813430.62515472
2010,SOXX,65,2015-05-31,30.059059143066406,1111.99,분할매수,0.0,3190.147921476904,1000000.0,1000000.0,29.917392237317078,0.0,0.0,3160.2305292395868,105631884.76359627,105631884.76359627
2010,SOXX,66,2015-06-30,27.459665298461914,1117.34,분할매수,0.0,3160.2305292395868,1000000.0,1000000.0,32.592630576728205,0.0,0.0,3127.6378986628583,95961505.50965515,95961505.50965515
2010,SOXX,67,2015-07-31,26.102930068969727,1159.7,분할매수,0.0,3127.6378986628583,1000000.0,1000000.0,33.034298057090666,0.0,0.0,3094.6036006057675,93678503.33182801,93678503.33182801
2010,SOXX,68,2015-08-31,24.755144119262695,1182.54,분할매수,0.0,3094.6036006057675,1000000.0,1000000.0,34.16006599686335,0.0,0.0,3060.443534608904,89591265.2771198,89591265.2771198
2010,SOXX,69,2015-09-30,24.426544189453125,1184.62,분할매수,0.0,3060.443534608904,1000000.0,1000000.0,34.55882046606791,0.0,0.0,3025.884714142836,87557522.89386861,87557522.89386861
2010,SOXX,70,2015-10-31,26.849407196044922,1140.5,분할매수,0.0,3025.884714142836,1000000.0,1000000.0,32.656527980623935,0.0,0.0,2993.228186162212,91657881.9382814,91657881.9382814
2010,SOXX,71,2015-11-30,27.470121383666992,1149.39,분할매수,0.0,2993.228186162212,1000000.0,1000000.0,31.67174610073934,0.0,0.0,2961.5564400614726,93507835.99494499,93507835.99494499
2010,SOXX,72,2015-12-31,26.996599197387695,1169.26,분할매수,0.0,2961.5564400614726,1000000.0,1000000.0,31.679611590969294,0.0,0.0,2929.8768284705034,92484619.64431739,92484619.64431739
2010,SOXX,73,2016-01-31,24.950218200683594,1210.04,분할매수,0.0,2929.8768284705034,1000000.0,1000000.0,33.12271478788137,0.0,0.0,2896.754113682622,87455214.11012058,87455214.11012058
2010,SOXX,74,2016-02-29,25.382936477661133,1238.09,분할매수,0.0,2896.754113682622,1000000.0,1000000.0,31.820420997285343,0.0,0.0,2864.9336926853366,90034437.09716316,90034437.09716316
2010,SOXX,75,2016-03-31,27.614622116088867,1138.86,분할매수,0.0,2864.9336926853366,1000000.0,1000000.0,31.797322803054662,0.0,0.0,2833.136369882282,89099839.86482385,89099839.86482385
2010,SOXX,76,2016-04-30,26.336669921875,1144.09,분할매수,0.0,2833.136369882282,1000000.0,1000000.0,33.18783709118979,0.0,0.0,2799.948532791092,84366707.14930019,84366707.14930019
2010,SOXX,77,2016-05-31,28.62432098388672,1188.99,분할매수,0.0,2799.948532791092,1000000.0,1000000.0,29.38235520947283,0.0,0.0,2770.5661775816193,94293536.30196373,94293536.30196373
2010,SOXX,78,2016-06-30,28.312902450561523,1154.15,분할매수,0.0,2770.5661775816193,1000000.0,1000000.0,30.602249488199583,0.0,0.0,2739.96392809342,89534722.90166011,89534722.90166011
2010,SOXX,79,2016-07-31,31.445337295532227,1112.89,분할매수,0.0,2739.96392809342,1000000.0,1000000.0,28.575346314417025,0.0,0.0,2711.388581779003,94885589.55490366,94885589.55490366
2010,SOXX,80,2016-08-31,32.92689514160156,1115.98,분할매수,0.0,2711.388581779003,1000000.0,1000000.0,27.214026785091583,0.0,0.0,2684.1745549939114,98632024.44058587,98632024.44058587
2010,SOXX,81,2016-09-30,34.30694580078125,1097.98,분할매수,0.0,2684.1745549939114,1000000.0,1000000.0,26.547492952949444,0.0,0.0,2657.627062040962,100108400.69723788,100108400.69723788
2010,SOXX,82,2016-10-31,33.812042236328125,1145.37,분할매수,0.0,2657.627062040962,1000000.0,1000000.0,25.82157884920941,0.0,0.0,2631.8054831917525,101922717.37374152,101922717.37374152
2010,SOXX,83,2016-11-30,36.24713897705078,1175.87,분할매수,0.0,2631.8054831917525,1000000.0,1000000.0,23.462104062069354,0.0,0.0,2608.343379129683,111172611.46865901,111172611.46865901
2010,SOXX,84,2016-12-31,37.34818649291992,1203.73,분할매수,0.0,2608.343379129683,1000000.0,1000000.0,22.243411529787917,0.0,0.0,2586.099967599895,116263638.97177568,116263638.97177568
2010,SOXX,85,2017-01-31,38.9124755859375,1151.45,분할매수,0.0,2586.099967599895,1000000.0,1000000.0,22.318554054540574,0.0,0.0,2563.7814135453546,114872200.38001382,114872200.38001382
2010,SOXX,86,2017-02-28,40.008094787597656,1129.17,분할매수,0.0,2563.7814135453546,1000000.0,1000000.0,22.13567645383919,0.0,0.0,2541.6457370915155,114821236.31467767,114821236.31467767
2010,SOXX,87,2017-03-31,41.7696647644043,1117.48,분할매수,0.0,2541.6457370915155,1000000.0,1000000.0,21.42393545072434,0.0,0.0,2520.221801640791,117635800.73499441,117635800.73499441
2010,SOXX,88,2017-04-30,41.531654357910156,1136.99,분할매수,0.0,2520.221801640791,1000000.0,1000000.0,21.176984755678646,0.0,0.0,2499.044816885112,118007584.44683626,118007584.44683626
2010,SOXX,89,2017-05-31,45.15664291381836,1119.58,분할매수,0.0,2499.044816885112,1000000.0,1000000.0,19.779860331856664,0.0,0.0,2479.2649565532556,125342894.99305764,125342894.99305764
2010,SOXX,90,2017-06-30,42.885135650634766,1143.75,분할매수,0.0,2479.2649565532556,1000000.0,1000000.0,20.387412249628017,0.0,0.0,2458.8775443036275,120607633.48465136,120607633.48465136
2010,SOXX,91,2017-07-31,44.95904541015625,1121.86,분할매수,0.0,2458.8775443036275,1000000.0,1000000.0,19.8264178544101,0.0,0.0,2439.0511264492175,123020262.3771841,123020262.3771841
2010,SOXX,92,2017-08-31,46.26515579223633,1122.36,분할매수,0.0,2439.0511264492175,1000000.0,1000000.0,19.25811566057791,0.0,0.0,2419.7930107886395,125650559.6620778,125650559.6620778
2010,SOXX,93,2017-09-30,48.66284942626953,1142.57,분할매수,0.0,2419.7930107886395,1000000.0,1000000.0,17.985381236782988,0.0,0.0,2401.8076295518567,133542213.9754133,133542213.9754133
2010,SOXX,94,2017-10-31,53.00526428222656,1115.68,분할매수,0.0,2401.8076295518567,1000000.0,1000000.0,16.90991201549886,0.0,0.0,2384.897717536358,141035489.4425511,141035489.4425511
2010,SOXX,95,2017-11-30,52.9561653137207,1084.79,분할매수,0.0,2384.897717536358,1000000.0,1000000.0,17.40755586922057,0.0,0.0,2367.4901616671373,136003594.04005995,136003594.04005995
2010,SOXX,96,2017-12-31,52.20765686035156,1067.42,분할매수,0.0,2367.4901616671373,1000000.0,1000000.0,17.944462828807705,0.0,0.0,2349.5456988383294,130934301.08514659,130934301.08514659
2010,SOXX,97,2018-01-31,56.71483612060547,1068.33,분할매수,0.0,2349.5456988383294,1000000.0,1000000.0,16.50432983831426,0.0,0.0,2333.041369000015,141359351.87043685,141359351.87043685
2010,SOXX,98,2018-02-28,56.84088897705078,1082.12,분할매수,0.0,2333.041369000015,1000000.0,1000000.0,16.257872546818856,0.0,0.0,2316.783496453196,142502254.8172526,142502254.8172526
2010,SOXX,99,2018-03-31,55.464744567871094,1060.99,분할매수,0.0,2316.783496453196,1000000.0,1000000.0,16.99306396208408,0.0,0.0,2299.7904324911124,135337007.94762734,135337007.94762734
2010,SOXX,100,2018-04-30,51.97453308105469,1069.07,분할매수,0.0,2299.7904324911124,1000000.0,1000000.0,17.997130295352274,0.0,0.0,2281.79330219576,126786507.89037347,126786507.89037347
2010,SOXX,101,2018-05-31,57.73817443847656,1080.75,분할매수,0.0,2281.79330219576,1000000.0,1000000.0,16.02550439168117,0.0,0.0,2265.767797804079,141385116.0266904,141385116.0266904
2010,SOXX,102,2018-06-30,55.09607696533203,1111.79,분할매수,0.0,2265.767797804079,1000000.0,1000000.0,16.325126675528914,0.0,0.0,2249.44267112855,137790212.34183905,137790212.34183905
2010,SOXX,103,2018-07-31,57.340240478515625,1112.75,분할매수,0.0,2249.44267112855,1000000.0,1000000.0,15.672666310412998,0.0,0.0,2233.770004818137,142526482.76790076,142526482.76790076
2010,SOXX,104,2018-08-31,58.83015060424805,1116.5,분할매수,0.0,2233.770004818137,1000000.0,1000000.0,15.224439490134282,0.0,0.0,2218.5455653280023,145722643.30425173,145722643.30425173
2010,SOXX,105,2018-09-30,57.4536018371582,1109.76,분할매수,0.0,2218.5455653280023,1000000.0,1000000.0,15.683885841737188,0.0,0.0,2202.861679486265,140453820.03636608,140453820.03636608
2010,SOXX,106,2018-10-31,50.59517288208008,1140.78,분할매수,0.0,2202.861679486265,1000000.0,1000000.0,17.325629268998846,0.0,0.0,2185.536050217266,126144685.21082217,126144685.21082217
2010,SOXX,107,2018-11-30,52.23759841918945,1118.61,분할매수,0.0,2185.536050217266,1000000.0,1000000.0,17.113470878057015,0.0,0.0,2168.4225793392093,126708520.71975487,126708520.71975487
2010,SOXX,108,2018-12-31,48.82014083862305,1112.85,분할매수,0.0,2168.4225793392093,1000000.0,1000000.0,18.406208696293913,0.0,0.0,2150.0163706429153,116809300.93310422,116809300.93310422
2010,SOXX,109,2019-01-31,53.729835510253906,1111.82,분할매수,0.0,2150.0163706429153,1000000.0,1000000.0,16.739790054528942,0.0,0.0,2133.2765805883864,127437475.23949556,127437475.23949556
2010,SOXX,110,2019-02-28,57.167877197265625,1124.65,분할매수,0.0,2133.2765805883864,1000000.0,1000000.0,15.55358641519988,0.0,0.0,2117.7229941731866,136156571.07248417,136156571.07248417
2010,SOXX,111,2019-03-31,59.13294219970703,1136.3,분할매수,0.0,2117.7229941731866,1000000.0,1000000.0,14.8825553071194,0.0,0.0,2102.8404388660674,141295657.59853935,141295657.59853935
2010,SOXX,112,2019-04-30,66.00276947021484,1165.1,분할매수,0.0,2102.8404388660674,1000000.0,1000000.0,13.003930474049385,0.0,0.0,2089.836508392018,160708065.34704956,160708065.34704956
2010,SOXX,113,2019-05-31,55.0709342956543,1190.5,분할매수,0.0,2089.836508392018,1000000.0,1000000.0,15.252750131792792,0.0,0.0,2074.5837582602253,136013750.9848777,136013750.9848777
2010,SOXX,114,2019-06-30,62.15456008911133,1154.58,분할매수,0.0,2074.5837582602253,1000000.0,1000000.0,13.934871645222737,0.0,0.0,2060.6488866150025,147877134.36323258,147877134.36323258
2010,SOXX,115,2019-07-31,65.65373229980469,1182.74,분할매수,0.0,2060.6488866150025,1000000.0,1000000.0,12.878085234997833,0.0,0.0,2047.7708013800047,159012055.2871422,159012055.2871422
2010,SOXX,116,2019-08-31,64.13441467285156,1211.32,분할매수,0.0,2047.7708013800047,1000000.0,1000000.0,12.872116942352083,0.0,0.0,2034.8986844376527,158085782.90198645,158085782.90198645
2010,SOXX,117,2019-09-30,66.52364349365234,1195.85,분할매수,0.0,2034.8986844376527,1000000.0,1000000.0,12.570346949952903,0.0,0.0,2022.3283374876999,160880868.72536778,160880868.72536778
2010,SOXX,118,2019-10-31,70.59542846679688,1169.1,분할매수,0.0,2022.3283374876999,1000000.0,1000000.0,12.116348630542843,0.0,0.0,2010.211988857157,165909058.09608534,165909058.09608534
2010,SOXX,119,2019-11-30,73.4651870727539,1181.33,분할매수,0.0,2010.211988857157,1000000.0,1000000.0,11.52251223948843,0.0,0.0,1998.6894766176686,173459522.98215178,173459522.98215178
2010,SOXX,120,2019-12-31,79.29229736328125,1155.46,분할매수,0.0,1998.6894766176686,1000000.0,1000000.0,10.914757305976153,0.0,0.0,1987.7747193116925,182118086.87888342,182118086.87888342
2011,QQQ,0,2010-12-31,47.65582275390625,1130.6,분할매수,100000000.0,0.0,0.0,0.0,0.0,8333333.333333333,91666666.66666667,154.6656250408067,8333333.333333333,100000000.0
2011,QQQ,1,2011-01-31,49.00342559814453,1119.1,분할매수,91666666.66666667,154.6656250408067,1000000.0,1000000.0,0.0,8333333.333333333,82333333.33333334,306.62357210359994,16815155.005619995,99148488.33895335
2011,QQQ,2,2011-02-28,50.55229949951172,1123.7,분할매수,82333333.33333334,306.62357210359994,1000000.0,1000000.0,0.0,8333333.333333333,73000000.00000001,453.3226748986979,25751275.13060279,98751275.1306028
2011,QQQ,3,2011-03-31,50.32566833496094,1097.25,분할매수,73000000.00000001,453.3226748986979,1000000.0,1000000.0,0.0,8333333.333333333,63666666.66666668,604.2346188057335,33365738.719458856,97032405.38612553
2011,QQQ,4,2011-04-30,51.77157211303711,1068.4,분할매수,63666666.66666668,604.2346188057335,1000000.0,1000000.0,0.0,8333333.333333333,54333333.33333334,754.8930779864522,41755210.322051354,96088543.65538469
2011,QQQ,5,2011-05-31,51.140628814697266,1078.0,분할매수,54333333.33333334,754.8930779864522,1000000.0,1000000.0,0.0,8333333.333333333,45000000.00000001,906.0520498722339,49950285.15171778,94950285.15171778
2011,QQQ,6,2011-06-30,50.10478210449219,1066.3,분할매수,45000000.00000001,906.0520498722339,1000000.0,1000000.0,0.0,8333333.333333333,35666666.66666667,1062.0289076110985,56740730.804926015,92407397.4715927
2011,QQQ,7,2011-07-31,50.93913269042969,1054.0,분할매수,35666666.66666667,1062.0289076110985,1000000.0,1000000.0,0.0,8333333.333333333,26333333.33333334,1217.2413728457443,65353501.67728436,91686835.0106177
2011,QQQ,8,2011-08-31,48.357059478759766,1063.9,분할매수,26333333.33333334,1217.2413728457443,1000000.0,1000000.0,0.0,8333333.333333333,17000000.000000007,1379.2201294509416,70956842.24056487,87956842.24056488
2011,QQQ,9,2011-09-30,46.185428619384766,1180.9,분할매수,17000000.000000007,1379.2201294509416,1000000.0,1000000.0,0.0,8333333.333333333,7666666.666666674,1532.0121425491525,83556513.1691152,91223179.83578187
2011,QQQ,10,2011-10-31,50.989620208740234,1112.05,분할매수,7666666.666666674,1532.0121425491525,1000000.0,1000000.0,0.0,6666666.666666674,0.0,1649.5838023495398,93536362.14431265,93536362.14431265
2011,QQQ,11,2011-11-30,49.616981506347656,1140.05,분할매수,0.0,1649.5838023495398,1000000.0,1000000.0,17.678514172710297,0.0,0.0,1631.9052881768296,92310093.04480717,92310093.04480717
2011,QQQ,12,2011-12-31,49.31224822998047,1158.5,분할매수,0.0,1631.9052881768296,1000000.0,1000000.0,17.50447777577848,0.0,0.0,1614.400810401051,92227876.26574902,92227876.26574902
2011,QQQ,13,2012-01-31,53.46354293823242,1125.7,분할매수,0.0,1614.400810401051,1000000.0,1000000.0,16.615736585660077,0.0,0.0,1597.7850738153911,96160953.53812553,96160953.53812553
2011,QQQ,14,2012-02-29,56.89060592651367,1117.1,분할매수,0.0,1597.7850738153911,1000000.0,1000000.0,15.735023245667689,0.0,0.0,1582.0500505697235,100543229.32159048,100543229.32159048
2011,QQQ,15,2012-03-31,59.76529312133789,1131.4,분할매수,0.0,1582.0500505697235,1000000.0,1000000.0,14.788862521910008,0.0,0.0,1567.2611880478134,105975776.41457437,105975776.41457437
2011,QQQ,16,2012-04-30,59.06632995605469,1130.05,분할매수,0.0,1567.2611880478134,1000000.0,1000000.0,14.98174335986588,0.0,0.0,1552.2794446879475,103611402.718745,103611402.718745
2011,QQQ,17,2012-05-31,54.90799331665039,1180.0,분할매수,0.0,1552.2794446879475,1000000.0,1000000.0,15.434139474582832,0.0,0.0,1536.8453052133646,99574408.26190953,99574408.26190953
2011,QQQ,18,2012-06-30,56.89645767211914,1141.17,분할매수,0.0,1536.8453052133646,1000000.0,1000000.0,15.401549838460959,0.0,0.0,1521.4437553749035,98785107.42961292,98785107.42961292
2011,QQQ,19,2012-07-31,57.4639892578125,1130.27,분할매수,0.0,1521.4437553749035,1000000.0,1000000.0,15.396500739789504,0.0,0.0,1506.047254635114,97817502.82666528,97817502.82666528
2011,QQQ,20,2012-08-31,60.443599700927734,1133.2,분할매수,0.0,1506.047254635114,1000000.0,1000000.0,14.599672487825606,0.0,0.0,1491.4475821472886,102156235.58617352,102156235.58617352
2011,QQQ,21,2012-09-30,60.980621337890625,1111.21,분할매수,0.0,1491.4475821472886,1000000.0,1000000.0,14.75747356101627,0.0,0.0,1476.6901085862723,100063883.05428754,100063883.05428754
2011,QQQ,22,2012-10-31,57.76127243041992,1090.17,분할매수,0.0,1476.6901085862723,1000000.0,1000000.0,15.880677325439748,0.0,0.0,1460.8094312608325,91986594.86146203,91986594.86146203
2011,QQQ,23,2012-11-30,58.5172004699707,1081.75,분할매수,0.0,1460.8094312608325,1000000.0,1000000.0,15.797543333316112,0.0,0.0,1445.0118879275165,91470670.9416058,91470670.9416058
2011,QQQ,24,2012-12-31,58.24393081665039,1063.24,분할매수,0.0,1445.0118879275165,1000000.0,1000000.0,16.147973048707648,0.0,0.0,1428.8639148788088,88485651.4541411,88485651.4541411
2011,QQQ,25,2013-01-31,59.799983978271484,1087.46,분할매수,0.0,1428.8639148788088,1000000.0,1000000.0,15.377496650043287,0.0,0.0,1413.4864182287656,91919149.80679165,91919149.80679165
2011,QQQ,26,2013-02-28,60.00564956665039,1083.9,분할매수,0.0,1413.4864182287656,1000000.0,1000000.0,15.375124541332118,0.0,0.0,1398.1112936874335,90933331.29946144,90933331.29946144
2011,QQQ,27,2013-03-31,61.82072067260742,1112.48,분할매수,0.0,1398.1112936874335,1000000.0,1000000.0,14.540311963056817,0.0,0.0,1383.5709817243767,95154146.98389372,95154146.98389372
2011,QQQ,28,2013-04-30,63.38927459716797,1101.52,분할매수,0.0,1383.5709817243767,1000000.0,1000000.0,14.321609609124232,0.0,0.0,1369.2493721152525,95607226.38626528,95607226.38626528
2011,QQQ,29,2013-05-31,65.65703582763672,1129.34,분할매수,0.0,1369.2493721152525,1000000.0,1000000.0,13.486337296996561,0.0,0.0,1355.763034818256,100528631.67823836,100528631.67823836
2011,QQQ,30,2013-06-30,64.08438873291016,1141.45,분할매수,0.0,1355.763034818256,1000000.0,1000000.0,13.670703414462443,0.0,0.0,1342.0923314037937,98172880.40818542,98172880.40818542
2011,QQQ,31,2013-07-31,68.13067626953125,1122.66,분할매수,0.0,1342.0923314037937,1000000.0,1000000.0,13.074017171919973,0.0,0.0,1329.0183142318738,101653401.30394688,101653401.30394688
2011,QQQ,32,2013-08-31,67.86093139648438,1109.42,분할매수,0.0,1329.0183142318738,1000000.0,1000000.0,13.282633607652684,0.0,0.0,1315.735680624221,99056837.63392903,99056837.63392903
2011,QQQ,33,2013-09-30,71.14009857177734,1073.33,분할매수,0.0,1315.735680624221,1000000.0,1000000.0,13.096410192760567,0.0,0.0,1302.6392704314605,99465368.84981911,99465368.84981911
2011,QQQ,34,2013-10-31,74.66645050048828,1060.83,분할매수,0.0,1302.6392704314605,1000000.0,1000000.0,12.62492191623449,0.0,0.0,1290.014348515226,102179986.30600527,102179986.30600527
2011,QQQ,35,2013-11-30,77.31796264648438,1057.76,분할매수,0.0,1290.014348515226,1000000.0,1000000.0,12.2273532291394,0.0,0.0,1277.7869952860865,104502337.61473013,104502337.61473013
2011,QQQ,36,2013-12-31,79.58111572265625,1055.25,분할매수,0.0,1277.7869952860865,1000000.0,1000000.0,11.907884553794045,0.0,0.0,1265.8791107322925,106305960.98019467,106305960.98019467
2011,QQQ,37,2014-01-31,78.0521011352539,1080.36,분할매수,0.0,1265.8791107322925,1000000.0,1000000.0,11.858968219100495,0.0,0.0,1254.020142513192,105744455.95472805,105744455.95472805
2011,QQQ,38,2014-02-28,82.0737075805664,1066.01,분할매수,0.0,1254.020142513192,1000000.0,1000000.0,11.429695716408668,0.0,0.0,1242.5904467967835,108715969.1410594,108715969.1410594
2011,QQQ,39,2014-03-31,79.83014678955078,1064.65,분할매수,0.0,1242.5904467967835,1000000.0,1000000.0,11.765928738928505,0.0,0.0,1230.824518057855,104609210.65972248,104609210.65972248
2011,QQQ,40,2014-04-30,79.57516479492188,1032.85,분할매수,0.0,1230.824518057855,1000000.0,1000000.0,12.167047385815852,0.0,0.0,1218.6574706720392,100160493.50582215,100160493.50582215
2011,QQQ,41,2014-05-31,83.14461517333984,1020.3,분할매수,0.0,1218.6574706720392,1000000.0,1000000.0,11.787941876562028,0.0,0.0,1206.8695287954772,102381699.99761339,102381699.99761339
2011,QQQ,42,2014-06-30,85.7419204711914,1011.6,분할매수,0.0,1206.8695287954772,1000000.0,1000000.0,11.529168131181608,0.0,0.0,1195.3403606642955,103679671.16650824,103679671.16650824
2011,QQQ,43,2014-07-31,86.75538635253906,1027.75,분할매수,0.0,1195.3403606642955,1000000.0,1000000.0,11.215433544341199,0.0,0.0,1184.1249271199542,105579951.27325328,105579951.27325328
2011,QQQ,44,2014-08-31,91.10139465332031,1013.85,분할매수,0.0,1184.1249271199542,1000000.0,1000000.0,10.826828785717574,0.0,0.0,1173.2980983342366,108369507.04180488,108369507.04180488
2011,QQQ,45,2014-09-30,90.41205596923828,1054.55,분할매수,0.0,1173.2980983342366,1000000.0,1000000.0,10.488333270656577,0.0,0.0,1162.80976506358,110866973.33663076,110866973.33663076
2011,QQQ,46,2014-10-31,92.80071258544922,1073.07,분할매수,0.0,1162.80976506358,1000000.0,1000000.0,10.042009677603716,0.0,0.0,1152.7677553859762,114794527.42979793,114794527.42979793
2011,QQQ,47,2014-11-30,97.01976776123047,1112.06,분할매수,0.0,1152.7677553859762,1000000.0,1000000.0,9.268544715932244,0.0,0.0,1143.499210670044,123374191.49571738,123374191.49571738
2011,QQQ,48,2014-12-31,94.84590911865234,1090.89,분할매수,0.0,1143.499210670044,1000000.0,1000000.0,9.66496833793112,0.0,0.0,1133.8342423321128,117313808.24935234,117313808.24935234
2011,QQQ,49,2015-01-31,92.87093353271484,1104.3,분할매수,0.0,1133.8342423321128,1000000.0,1000000.0,9.750639875730613,0.0,0.0,1124.083602456382,115283060.0640099,115283060.0640099
2011,QQQ,50,2015-02-28,99.5767593383789,1100.65,분할매수,0.0,1124.083602456382,1000000.0,1000000.0,9.124157507113518,0.0,0.0,1114.9594449492686,122198618.78535159,122198618.78535159
2011,QQQ,51,2015-03-31,97.22775268554688,1107.71,분할매수,0.0,1114.9594449492686,1000000.0,1000000.0,9.285037797392155,0.0,0.0,1105.6744071518765,119081303.84374116,119081303.84374116
2011,QQQ,52,2015-04-30,99.0967788696289,1076.74,분할매수,0.0,1105.6744071518765,1000000.0,1000000.0,9.371942490445559,0.0,0.0,1096.302464661431,116977079.80806343,116977079.80806343
2011,QQQ,53,2015-05-31,101.32494354248047,1111.99,분할매수,0.0,1096.302464661431,1000000.0,1000000.0,8.875293992054415,0.0,0.0,1087.4271706693767,122522946.4672261,122522946.4672261
2011,QQQ,54,2015-06-30,98.80792236328125,1117.34,분할매수,0.0,1087.4271706693767,1000000.0,1000000.0,9.05780331604223,0.0,0.0,1078.3693673533344,119054182.31409815,119054182.31409815
2011,QQQ,55,2015-07-31,103.31134796142578,1159.7,분할매수,0.0,1078.3693673533344,1000000.0,1000000.0,8.346536843016521,0.0,0.0,1070.0228305103178,128199617.4743537,128199617.4743537
2011,QQQ,56,2015-08-31,96.26091003417969,1182.54,분할매수,0.0,1070.0228305103178,1000000.0,1000000.0,8.784846897620374,0.0,0.0,1061.2379836126975,120803241.76169354,120803241.76169354
2011,QQQ,57,2015-09-30,94.13615417480469,1184.62,분할매수,0.0,1061.2379836126975,1000000.0,1000000.0,8.967357575307874,0.0,0.0,1052.2706260373895,117344559.66547784,117344559.66547784
2011,QQQ,58,2015-10-31,104.83930969238281,1140.5,분할매수,0.0,1052.2706260373895,1000000.0,1000000.0,8.363355500274835,0.0,0.0,1043.9072705371148,124819191.3524195,124819191.3524195
2011,QQQ,59,2015-11-30,105.47760009765625,1149.39,분할매수,0.0,1043.9072705371148,1000000.0,1000000.0,8.248449993311175,0.0,0.0,1035.6588205438036,125557992.27535345,125557992.27535345
2011,QQQ,60,2015-12-31,103.79547882080078,1169.26,분할매수,0.0,1035.6588205438036,1000000.0,1000000.0,8.239682369276029,0.0,0.0,1027.4191381745275,124691595.15244769,124691595.15244769
2011,QQQ,61,2016-01-31,96.6227798461914,1210.04,분할매수,0.0,1027.4191381745275,1000000.0,1000000.0,8.55304476513904,0.0,0.0,1018.8660934093884,119123203.6528252,119123203.6528252
2011,QQQ,62,2016-02-29,95.11027526855469,1238.09,분할매수,0.0,1018.8660934093884,1000000.0,1000000.0,8.492202578385012,0.0,0.0,1010.3738908310035,118976659.05929783,118976659.05929783
2011,QQQ,63,2016-03-31,101.62783813476562,1138.86,분할매수,0.0,1010.3738908310035,1000000.0,1000000.0,8.640064273976451,0.0,0.0,1001.733826557027,115940552.6153563,115940552.6153563
2011,QQQ,64,2016-04-30,98.38910675048828,1144.09,분할매수,0.0,1001.733826557027,1000000.0,1000000.0,8.883677672856685,0.0,0.0,992.8501488841703,111761163.05049413,111761163.05049413
2011,QQQ,65,2016-05-31,102.68878173828125,1188.99,분할매수,0.0,992.8501488841703,1000000.0,1000000.0,8.190280890877412,0.0,0.0,984.6598679932929,120222966.8447681,120222966.8447681
2011,QQQ,66,2016-06-30,100.3494873046875,1154.15,분할매수,0.0,984.6598679932929,1000000.0,1000000.0,8.634209578932929,0.0,0.0,976.02565841436,113041691.82965136,113041691.82965136
2011,QQQ,67,2016-07-31,107.52534484863281,1112.89,분할매수,0.0,976.02565841436,1000000.0,1000000.0,8.356740491820076,0.0,0.0,967.6689179225399,115795018.26935206,115795018.26935206
2011,QQQ,68,2016-08-31,108.65442657470703,1115.98,분할매수,0.0,967.6689179225399,1000000.0,1000000.0,8.247003224643937,0.0,0.0,959.421914697896,116335823.88217373,116335823.88217373
2011,QQQ,69,2016-09-30,111.05953216552734,1097.98,분할매수,0.0,959.421914697896,1000000.0,1000000.0,8.200677457618157,0.0,0.0,951.2212372402778,115993006.93830177,115993006.93830177
2011,QQQ,70,2016-10-31,109.44116973876953,1145.37,분할매수,0.0,951.2212372402778,1000000.0,1000000.0,7.977622285490401,0.0,0.0,943.2436149547874,118236183.81511332,118236183.81511332
2011,QQQ,71,2016-11-30,109.91825103759766,1175.87,분할매수,0.0,943.2436149547874,1000000.0,1000000.0,7.7369694168529275,0.0,0.0,935.5066455379344,120913835.26735705,120913835.26735705
2011,QQQ,72,2016-12-31,111.16280364990234,1203.73,분할매수,0.0,935.5066455379344,1000000.0,1000000.0,7.473282921773574,0.0,0.0,928.0333626161608,124180145.77132028,124180145.77132028
2011,QQQ,73,2017-01-31,116.87664794921875,1151.45,분할매수,0.0,928.0333626161608,1000000.0,1000000.0,7.430656208912446,0.0,0.0,920.6027064072484,123892517.77024256,123892517.77024256
2011,QQQ,74,2017-02-28,121.9900894165039,1129.17,분할매수,0.0,920.6027064072484,1000000.0,1000000.0,7.259657288463132,0.0,0.0,913.3430491187853,125810766.65564467,125810766.65564467
2011,QQQ,75,2017-03-31,124.46266174316406,1117.48,분할매수,0.0,913.3430491187853,1000000.0,1000000.0,7.189871959814022,0.0,0.0,906.1531771589713,126031893.50571002,126031893.50571002
2011,QQQ,76,2017-04-30,127.85678100585938,1136.99,분할매수,0.0,906.1531771589713,1000000.0,1000000.0,6.878909388273054,0.0,0.0,899.2742677706982,130729192.2326746,130729192.2326746
2011,QQQ,77,2017-05-31,132.83981323242188,1119.58,분할매수,0.0,899.2742677706982,1000000.0,1000000.0,6.723828257181356,0.0,0.0,892.5504395135168,132744383.90960272,132744383.90960272
2011,QQQ,78,2017-06-30,129.76058959960938,1143.75,분할매수,0.0,892.5504395135168,1000000.0,1000000.0,6.737923606763131,0.0,0.0,885.8125159067537,131466690.27497244,131466690.27497244
2011,QQQ,79,2017-07-31,135.0306854248047,1121.86,분할매수,0.0,885.8125159067537,1000000.0,1000000.0,6.601290794258334,0.0,0.0,879.2112251124953,133187773.80284701,133187773.80284701
2011,QQQ,80,2017-08-31,137.83062744140625,1122.36,분할매수,0.0,879.2112251124953,1000000.0,1000000.0,6.464308679725856,0.0,0.0,872.7469164327695,135010093.06223005,135010093.06223005
2011,QQQ,81,2017-09-30,137.42367553710938,1142.57,분할매수,0.0,872.7469164327695,1000000.0,1000000.0,6.368770851011641,0.0,0.0,866.3781455817578,136035377.28856093,136035377.28856093
2011,QQQ,82,2017-10-31,143.75390625,1115.68,분할매수,0.0,866.3781455817578,1000000.0,1000000.0,6.2350608672292385,0.0,0.0,860.1430847145286,137952636.39451247,137952636.39451247
2011,QQQ,83,2017-11-30,146.5883331298828,1084.79,분할매수,0.0,860.1430847145286,1000000.0,1000000.0,6.288613743233513,0.0,0.0,853.8544709712951,135777852.77240697,135777852.77240697
2011,QQQ,84,2017-12-31,147.47250366210938,1067.42,분할매수,0.0,853.8544709712951,1000000.0,1000000.0,6.352630725360306,0.0,0.0,847.5018402459348,133409586.81300755,133409586.81300755
2011,QQQ,85,2018-01-31,160.38674926757812,1068.33,분할매수,0.0,847.5018402459348,1000000.0,1000000.0,5.836145232289653,0.0,0.0,841.6656950136451,144216029.84739986,144216029.84739986
2011,QQQ,86,2018-02-28,158.31326293945312,1082.12,분할매수,0.0,841.6656950136451,1000000.0,1000000.0,5.837236320435129,0.0,0.0,835.8284586932099,143189073.1864192,143189073.1864192
2011,QQQ,87,2018-03-31,151.85592651367188,1060.99,분할매수,0.0,835.8284586932099,1000000.0,1000000.0,6.206645823583529,0.0,0.0,829.6218128696263,133666691.55138414,133666691.55138414
2011,QQQ,88,2018-04-30,152.62408447265625,1069.07,분할매수,0.0,829.6218128696263,1000000.0,1000000.0,6.1287341845933945,0.0,0.0,823.4930786850329,134365931.67234364,134365931.67234364
2011,QQQ,89,2018-05-31,161.28233337402344,1080.75,분할매수,0.0,823.4930786850329,1000000.0,1000000.0,5.737041055114647,0.0,0.0,817.7560376299182,142539687.23143056,142539687.23143056
2011,QQQ,90,2018-06-30,163.12913513183594,1111.79,분할매수,0.0,817.7560376299182,1000000.0,1000000.0,5.51373263308745,0.0,0.0,812.2423049968307,147312602.7407699,147312602.7407699
2011,QQQ,91,2018-07-31,167.6908416748047,1112.75,분할매수,0.0,812.2423049968307,1000000.0,1000000.0,5.359114703004297,0.0,0.0,806.8831902938265,150562776.6917344,150562776.6917344
2011,QQQ,92,2018-08-31,177.38446044921875,1116.5,분할매수,0.0,806.8831902938265,1000000.0,1000000.0,5.049236363780962,0.0,0.0,801.8339539300455,158803014.1907671,158803014.1907671
2011,QQQ,93,2018-09-30,176.8848876953125,1109.76,분할매수,0.0,801.8339539300455,1000000.0,1000000.0,5.094249396606257,0.0,0.0,796.7397045334392,156399823.11510307,156399823.11510307
2011,QQQ,94,2018-10-31,161.68038940429688,1140.78,분할매수,0.0,796.7397045334392,1000000.0,1000000.0,5.421765814552934,0.0,0.0,791.3179387188862,145952069.0832598,145952069.0832598
2011,QQQ,95,2018-11-30,161.25192260742188,1118.61,분할매수,0.0,791.3179387188862,1000000.0,1000000.0,5.543912933446721,0.0,0.0,785.7740257854396,141736357.55439505,141736357.55439505
2011,QQQ,96,2018-12-31,147.28636169433594,1112.85,분할매수,0.0,785.7740257854396,1000000.0,1000000.0,6.100997339611204,0.0,0.0,779.6730284458283,127794356.40526181,127794356.40526181
2011,QQQ,97,2019-01-31,160.5580291748047,1111.82,분할매수,0.0,779.6730284458283,1000000.0,1000000.0,5.601875974242248,0.0,0.0,774.0711524715861,138180701.6133185,138180701.6133185
2011,QQQ,98,2019-02-28,165.36062622070312,1124.65,분할매수,0.0,774.0711524715861,1000000.0,1000000.0,5.377129601423112,0.0,0.0,768.6940228701629,142956201.51441398,142956201.51441398
2011,QQQ,99,2019-03-31,171.85032653808594,1136.3,분할매수,0.0,768.6940228701629,1000000.0,1000000.0,5.121021882753278,0.0,0.0,763.5730009874096,149105592.29574713,149105592.29574713
2011,QQQ,100,2019-04-30,181.30081176757812,1165.1,분할매수,0.0,763.5730009874096,1000000.0,1000000.0,4.734095875895419,0.0,0.0,758.8389051115142,160292255.37558118,160292255.37558118
2011,QQQ,101,2019-05-31,166.38851928710938,1190.5,분할매수,0.0,758.8389051115142,1000000.0,1000000.0,5.048324271018796,0.0,0.0,753.7905808404954,149315008.3816573,149315008.3816573
2011,QQQ,102,2019-06-30,179.0174560546875,1154.58,분할매수,0.0,753.7905808404954,1000000.0,1000000.0,4.838164032129153,0.0,0.0,748.9524168083663,154800955.865643,154800955.865643
2011,QQQ,103,2019-07-31,183.19715881347656,1182.74,분할매수,0.0,748.9524168083663,1000000.0,1000000.0,4.615215465287106,0.0,0.0,744.3372013430792,161278971.0342971,161278971.0342971
2011,QQQ,104,2019-08-31,179.71728515625,1211.32,분할매수,0.0,744.3372013430792,1000000.0,1000000.0,4.5935797715868,0.0,0.0,739.7436215714924,161038592.63468423,161038592.63468423
2011,QQQ,105,2019-09-30,181.3668212890625,1195.85,분할매수,0.0,739.7436215714924,1000000.0,1000000.0,4.610684981667132,0.0,0.0,735.1329365898254,159441154.5167018,159441154.5167018
2011,QQQ,106,2019-10-31,189.3108673095703,1169.1,분할매수,0.0,735.1329365898254,1000000.0,1000000.0,4.518276394706572,0.0,0.0,730.6146601951187,161702073.1735396,161702073.1735396
2011,QQQ,107,2019-11-30,197.0146942138672,1181.33,분할매수,0.0,730.6146601951187,1000000.0,1000000.0,4.2966516817430955,0.0,0.0,726.3180085133756,169042794.788224,169042794.788224
2011,QQQ,108,2019-12-31,204.6714324951172,1155.46,분할매수,0.0,726.3180085133756,1000000.0,1000000.0,4.228514802495237,0.0,0.0,722.0894937108803,170766694.0848302,170766694.0848302
2011,QQQ,109,2020-01-31,210.8902130126953,1191.3,분할매수,0.0,722.0894937108803,1000000.0,1000000.0,3.9803607288170673,0.0,0.0,718.1091329820632,180413078.58935684,180413078.58935684
2011,QQQ,110,2020-02-29,198.11569213867188,1214.92,분할매수,0.0,718.1091329820632,1000000.0,1000000.0,4.154640424762609,0.0,0.0,713.9544925573006,171845074.31785634,171845074.31785634
2011,QQQ,111,2020-03-31,183.68128967285156,1218.92,분할매수,0.0,713.9544925573006,1000000.0,1000000.0,4.466423264542408,0.0,0.0,709.4880692927582,158849268.70347705,158849268.70347705
2011,QQQ,112,2020-04-30,211.1852569580078,1203.95,분할매수,0.0,709.4880692927582,1000000.0,1000000.0,3.93303627981846,0.0,0.0,705.5550330129397,179391946.27655622,179391946.27655622
2011,QQQ,113,2020-05-31,225.12539672851562,1236.61,분할매수,0.0,705.5550330129397,1000000.0,1000000.0,3.5920531547728625,0.0,0.0,701.9629798581668,195421100.3045567,195421100.3045567
2011,QQQ,114,2020-06-30,239.2782440185547,1200.5,분할매수,0.0,701.9629798581668,1000000.0,1000000.0,3.481245272186915,0.0,0.0,698.4817345859799,200641345.2583863,200641345.2583863
2011,QQQ,115,2020-07-31,256.8569030761719,1192.68,분할매수,0.0,698.4817345859799,1000000.0,1000000.0,3.264260587394414,0.0,0.0,695.2174739985854,212978546.1011614,212978546.1011614
2011,QQQ,116,2020-08-31,284.96917724609375,1187.48,분할매수,0.0,695.2174739985854,1000000.0,1000000.0,2.95512467123774,0.0,0.0,692.2623493273477,234258255.18129387,234258255.18129387
2011,QQQ,117,2020-09-30,268.50189208984375,1165.97,분할매수,0.0,692.2623493273477,1000000.0,1000000.0,3.194223299599095,0.0,0.0,689.0681260277486,215723217.00684893,215723217.00684893
2011,QQQ,118,2020-10-31,260.3262023925781,1133.99,분할매수,0.0,689.0681260277486,1000000.0,1000000.0,3.3874499894640455,0.0,0.0,685.6806760382846,202417948.0644588,202417948.0644588
2011,QQQ,119,2020-11-30,289.5498962402344,1105.79,분할매수,0.0,685.6806760382846,1000000.0,1000000.0,3.1232297166645946,0.0,0.0,682.55744632162,218542184.9310997,218542184.9310997
2011,QQQ,120,2020-12-31,303.74481201171875,1086.11,분할매수,0.0,682.55744632162,1000000.0,1000000.0,3.0312190300273425,0.0,0.0,679.5262272915926,224175891.13824716,224175891.13824716
2011,SPY,0,2010-12-31,95.68986511230469,1130.6,분할매수,100000000.0,0.0,0.0,0.0,0.0,8333333.333333333,91666666.66666667,77.02715020463555,8333333.333333332,100000000.0
2011,SPY,1,2011-01-31,97.9194564819336,1119.1,분할매수,91666666.66666667,77.02715020463555,1000000.0,1000000.0,0.0,8333333.333333333,82333333.33333334,153.07393621097194,16774096.606596174,99107429.93992952
2011,SPY,2,2011-02-28,101.3209228515625,1123.7,분할매수,82333333.33333334,153.07393621097194,1000000.0,1000000.0,0.0,8333333.333333333,73000000.00000001,226.26688365058448,25761462.40470149,98761462.4047015
2011,SPY,3,2011-03-31,101.33309173583984,1097.25,분할매수,73000000.00000001,226.26688365058448,1000000.0,1000000.0,0.0,8333333.333333333,63666666.66666668,301.2151982312553,33491435.61094153,97158102.27760822
2011,SPY,4,2011-04-30,104.26785278320312,1068.4,분할매수,63666666.66666668,301.2151982312553,1000000.0,1000000.0,0.0,8333333.333333333,54333333.33333334,376.02085573464007,41888638.31562761,96221971.64896095
2011,SPY,5,2011-05-31,103.09854125976562,1078.0,분할매수,54333333.33333334,376.02085573464007,1000000.0,1000000.0,0.0,8333333.333333333,45000000.00000001,451.0012073357815,50124376.77616373,95124376.77616373
2011,SPY,6,2011-06-30,101.35928344726562,1066.3,분할매수,45000000.00000001,451.0012073357815,1000000.0,1000000.0,0.0,8333333.333333333,35666666.66666667,528.1050127747299,57077274.99832348,92743941.66499016
2011,SPY,7,2011-07-31,99.33163452148438,1054.0,분할매수,35666666.66666667,528.1050127747299,1000000.0,1000000.0,0.0,8333333.333333333,26333333.33333334,607.7008877433055,63623574.293603405,89956907.62693675
2011,SPY,8,2011-08-31,93.87081909179688,1063.9,분할매수,26333333.33333334,607.7008877433055,1000000.0,1000000.0,0.0,8333333.333333333,17000000.000000007,691.1433935532668,69023913.2166977,86023913.2166977
2011,SPY,9,2011-09-30,87.3542251586914,1180.9,분할매수,17000000.000000007,691.1433935532668,1000000.0,1000000.0,0.0,8333333.333333333,7666666.666666674,771.9267168755205,79629339.02791406,87296005.69458073
2011,SPY,10,2011-10-31,96.88873291015625,1112.05,분할매수,7666666.666666674,771.9267168755205,1000000.0,1000000.0,0.0,6666666.666666674,0.0,833.8011381881821,89837999.88203505,89837999.88203505
2011,SPY,11,2011-11-30,96.49495697021484,1140.05,분할매수,0.0,833.8011381881821,1000000.0,1000000.0,9.090159095441884,0.0,0.0,824.7109790927402,90725692.52459823,90725692.52459823
2011,SPY,12,2011-12-31,97.50320434570312,1158.5,분할매수,0.0,824.7109790927402,1000000.0,1000000.0,8.852890107640903,0.0,0.0,815.8580889850994,92157259.27524331,92157259.27524331
2011,SPY,13,2012-01-31,102.02483367919922,1125.7,분할매수,0.0,815.8580889850994,1000000.0,1000000.0,8.70705802070727,0.0,0.0,807.1510309643921,92700775.51393501,92700775.51393501
2011,SPY,14,2012-02-29,106.45328521728516,1117.1,분할매수,0.0,807.1510309643921,1000000.0,1000000.0,8.409087656493107,0.0,0.0,798.7419433078991,94985565.1333528,94985565.1333528
2011,SPY,15,2012-03-31,109.87721252441406,1131.4,분할매수,0.0,798.7419433078991,1000000.0,1000000.0,8.0440765036402,0.0,0.0,790.6978668042589,98295667.18397604,98295667.18397604
2011,SPY,16,2012-04-30,109.14369201660156,1130.05,분할매수,0.0,790.6978668042589,1000000.0,1000000.0,8.10781255664475,0.0,0.0,782.5900542476141,96522958.41573733,96522958.41573733
2011,SPY,17,2012-05-31,102.58901977539062,1180.0,분할매수,0.0,782.5900542476141,1000000.0,1000000.0,8.260704985524532,0.0,0.0,774.3293492620896,93736472.93045437,93736472.93045437
2011,SPY,18,2012-06-30,106.75215911865234,1141.17,분할매수,0.0,774.3293492620896,1000000.0,1000000.0,8.208673582845748,0.0,0.0,766.1206756792438,93330629.84502892,93330629.84502892
2011,SPY,19,2012-07-31,108.01504516601562,1130.27,분할매수,0.0,766.1206756792438,1000000.0,1000000.0,8.190936288174882,0.0,0.0,757.929739391069,92532735.29734074,92532735.29734074
2011,SPY,20,2012-08-31,110.72108459472656,1133.2,분할매수,0.0,757.929739391069,1000000.0,1000000.0,7.970087746600781,0.0,0.0,749.9596516444682,94096787.32386902,94096787.32386902
2011,SPY,21,2012-09-30,113.5279769897461,1111.21,분할매수,0.0,749.9596516444682,1000000.0,1000000.0,7.926855837566337,0.0,0.0,742.0327958069018,93609977.39990652,93609977.39990652
2011,SPY,22,2012-10-31,111.46190643310547,1090.17,분할매수,0.0,742.0327958069018,1000000.0,1000000.0,8.229610983056652,0.0,0.0,733.8031848238452,89166205.58792137,89166205.58792137
2011,SPY,23,2012-11-30,112.09275817871094,1081.75,분할매수,0.0,733.8031848238452,1000000.0,1000000.0,8.24699137739907,0.0,0.0,725.5561934464461,87978289.32316302,87978289.32316302
2011,SPY,24,2012-12-31,113.09429168701172,1063.24,분할매수,0.0,725.5561934464461,1000000.0,1000000.0,8.31625903525666,0.0,0.0,717.2399344111894,86245501.89820461,86245501.89820461
2011,SPY,25,2013-01-31,118.88359069824219,1087.46,분할매수,0.0,717.2399344111894,1000000.0,1000000.0,7.735079735542585,0.0,0.0,709.5048546756468,91725603.21718234,91725603.21718234
2011,SPY,26,2013-02-28,120.40040588378906,1083.9,분할매수,0.0,709.5048546756468,1000000.0,1000000.0,7.6627178164272385,0.0,0.0,701.8421368592195,91591802.50049391,91591802.50049391
2011,SPY,27,2013-03-31,124.97216033935547,1112.48,분할매수,0.0,701.8421368592195,1000000.0,1000000.0,7.192742462959839,0.0,0.0,694.6493943962597,96576430.75272974,96576430.75272974
2011,SPY,28,2013-04-30,127.37313842773438,1101.52,분할매수,0.0,694.6493943962597,1000000.0,1000000.0,7.127377525531254,0.0,0.0,687.5220168707284,96462129.92197047,96462129.92197047
2011,SPY,29,2013-05-31,130.38040161132812,1129.34,분할매수,0.0,687.5220168707284,1000000.0,1000000.0,6.7914573060769134,0.0,0.0,680.7305595646515,100233356.2423402,100233356.2423402
2011,SPY,30,2013-06-30,128.64056396484375,1141.45,분할매수,0.0,680.7305595646515,1000000.0,1000000.0,6.810283201993404,0.0,0.0,673.920276362658,98956277.78965169,98956277.78965169
2011,SPY,31,2013-07-31,135.288330078125,1122.66,분할매수,0.0,673.920276362658,1000000.0,1000000.0,6.584024142865798,0.0,0.0,667.3362522197922,101356896.29007402,101356896.29007402
2011,SPY,32,2013-08-31,131.23062133789062,1109.42,분할매수,0.0,667.3362522197922,1000000.0,1000000.0,6.868609466480524,0.0,0.0,660.4676427533117,96157402.16072227,96157402.16072227
2011,SPY,33,2013-09-30,135.38365173339844,1073.33,분할매수,0.0,660.4676427533117,1000000.0,1000000.0,6.8817756067335845,0.0,0.0,653.585867146578,94973434.83665268,94973434.83665268
2011,SPY,34,2013-10-31,141.65283203125,1060.83,분할매수,0.0,653.585867146578,1000000.0,1000000.0,6.654707101959618,0.0,0.0,646.9311600446184,97214069.70024511,97214069.70024511
2011,SPY,35,2013-11-30,145.85108947753906,1057.76,분할매수,0.0,646.9311600446184,1000000.0,1000000.0,6.481912775711972,0.0,0.0,640.4492472689064,98805594.8035431,98805594.8035431
2011,SPY,36,2013-12-31,149.6324920654297,1055.25,분할매수,0.0,640.4492472689064,1000000.0,1000000.0,6.333134773115586,0.0,0.0,634.1161124957908,100126735.84456775,100126735.84456775
2011,SPY,37,2014-01-31,144.3582305908203,1080.36,분할매수,0.0,634.1161124957908,1000000.0,1000000.0,6.411947438041357,0.0,0.0,627.7041650577495,97896024.74493971,97896024.74493971
2011,SPY,38,2014-02-28,150.92877197265625,1066.01,분할매수,0.0,627.7041650577495,1000000.0,1000000.0,6.215365643691375,0.0,0.0,621.4887994140581,99992315.0208986,99992315.0208986
2011,SPY,39,2014-03-31,152.1807861328125,1064.65,분할매수,0.0,621.4887994140581,1000000.0,1000000.0,6.172105179719101,0.0,0.0,615.316694234339,99693164.05303755,99693164.05303755
2011,SPY,40,2014-04-30,153.23870849609375,1032.85,분할매수,0.0,615.316694234339,1000000.0,1000000.0,6.318213004376766,0.0,0.0,608.9984812299623,96387773.06306317,96387773.06306317
2011,SPY,41,2014-05-31,156.79478454589844,1020.3,분할매수,0.0,608.9984812299623,1000000.0,1000000.0,6.250870485590305,0.0,0.0,602.747610744372,96426187.70199189,96426187.70199189
2011,SPY,42,2014-06-30,160.03182983398438,1011.6,분할매수,0.0,602.747610744372,1000000.0,1000000.0,6.177102505346989,0.0,0.0,596.570508239025,96577725.1911596,96577725.1911596
2011,SPY,43,2014-07-31,157.88136291503906,1027.75,분할매수,0.0,596.570508239025,1000000.0,1000000.0,6.162850714521314,0.0,0.0,590.4076575245036,95801064.29210533,95801064.29210533
2011,SPY,44,2014-08-31,164.11192321777344,1013.85,분할매수,0.0,590.4076575245036,1000000.0,1000000.0,6.010161740306534,0.0,0.0,584.3974957841971,97234903.32464685,97234903.32464685
2011,SPY,45,2014-09-30,161.8478240966797,1054.55,분할매수,0.0,584.3974957841971,1000000.0,1000000.0,5.85903319975545,0.0,0.0,578.5384625844416,98742991.01233788,98742991.01233788
2011,SPY,46,2014-10-31,165.65948486328125,1073.07,분할매수,0.0,578.5384625844416,1000000.0,1000000.0,5.625428900981454,0.0,0.0,572.9130336834602,101843440.52122061,101843440.52122061
2011,SPY,47,2014-11-30,170.2104949951172,1112.06,분할매수,0.0,572.9130336834602,1000000.0,1000000.0,5.283058814029783,0.0,0.0,567.6299748694304,107443432.83894974,107443432.83894974
2011,SPY,48,2014-12-31,169.77871704101562,1090.89,분할매수,0.0,567.6299748694304,1000000.0,1000000.0,5.399279277111115,0.0,0.0,562.2306955923193,104130693.51232761,104130693.51232761
2011,SPY,49,2015-01-31,164.748291015625,1104.3,분할매수,0.0,562.2306955923193,1000000.0,1000000.0,5.49657311901665,0.0,0.0,556.7341224733027,101287495.02979481,101287495.02979481
2011,SPY,50,2015-02-28,174.0078887939453,1100.65,분할매수,0.0,556.7341224733027,1000000.0,1000000.0,5.221338196495144,0.0,0.0,551.5127842768076,105626711.68226835,105626711.68226835
2011,SPY,51,2015-03-31,171.27499389648438,1107.71,분할매수,0.0,551.5127842768076,1000000.0,1000000.0,5.270841575311419,0.0,0.0,546.2419427014961,103634672.92587376,103634672.92587376
2011,SPY,52,2015-04-30,172.9592742919922,1076.74,분할매수,0.0,546.2419427014961,1000000.0,1000000.0,5.369641589653466,0.0,0.0,540.8723011118426,100727821.7887068,100727821.7887068
2011,SPY,53,2015-05-31,175.18284606933594,1111.99,분할매수,0.0,540.8723011118426,1000000.0,1000000.0,5.1334287736819775,0.0,0.0,535.7388723381606,104362775.0490632,104362775.0490632
2011,SPY,54,2015-06-30,171.6245574951172,1117.34,분할매수,0.0,535.7388723381606,1000000.0,1000000.0,5.214770775789676,0.0,0.0,530.5241015623709,101734884.30697766,101734884.30697766
2011,SPY,55,2015-07-31,175.50144958496094,1159.7,분할매수,0.0,530.5241015623709,1000000.0,1000000.0,4.913303987522343,0.0,0.0,525.6107975748486,106977056.35752878,106977056.35752878
2011,SPY,56,2015-08-31,164.80459594726562,1182.54,분할매수,0.0,525.6107975748486,1000000.0,1000000.0,5.13115154353138,0.0,0.0,520.4796460313172,101435251.25221907,101435251.25221907
2011,SPY,57,2015-09-30,160.5994110107422,1184.62,분할매수,0.0,520.4796460313172,1000000.0,1000000.0,5.256261837680844,0.0,0.0,515.2233841936363,98020874.93056892,98020874.93056892
2011,SPY,58,2015-10-31,174.25997924804688,1140.5,분할매수,0.0,515.2233841936363,1000000.0,1000000.0,5.031610936397113,0.0,0.0,510.1917732572392,101397301.91908722,101397301.91908722
2011,SPY,59,2015-11-30,174.8968963623047,1149.39,분할매수,0.0,510.1917732572392,1000000.0,1000000.0,4.974512000588635,0.0,0.0,505.2172612566506,101561170.46192032,101561170.46192032
2011,SPY,60,2015-12-31,171.87423706054688,1169.26,분할매수,0.0,505.2172612566506,1000000.0,1000000.0,4.975974244173872,0.0,0.0,500.24128701247673,100531325.61893485,100531325.61893485
2011,SPY,61,2016-01-31,163.3172607421875,1210.04,분할매수,0.0,500.24128701247673,1000000.0,1000000.0,5.060205869245099,0.0,0.0,495.1810811432316,97857892.33454737,97857892.33454737
2011,SPY,62,2016-02-29,163.1823272705078,1238.09,분할매수,0.0,495.1810811432316,1000000.0,1000000.0,4.9496519529814575,0.0,0.0,490.23142919025014,99043616.36881475,99043616.36881475
2011,SPY,63,2016-03-31,174.15895080566406,1138.86,분할매수,0.0,490.23142919025014,1000000.0,1000000.0,5.041779646970021,0.0,0.0,485.1896495432801,96233807.01194797,96233807.01194797
2011,SPY,64,2016-04-30,174.84535217285156,1144.09,분할매수,0.0,485.1896495432801,1000000.0,1000000.0,4.999029714141533,0.0,0.0,480.19061982913854,96056764.46986276,96056764.46986276
2011,SPY,65,2016-05-31,177.8197479248047,1188.99,분할매수,0.0,480.19061982913854,1000000.0,1000000.0,4.729789444613229,0.0,0.0,475.4608303845253,100524734.97018541,100524734.97018541
2011,SPY,66,2016-06-30,178.43783569335938,1154.15,분할매수,0.0,475.4608303845253,1000000.0,1000000.0,4.85568826342465,0.0,0.0,470.60514212110064,96918318.59675221,96918318.59675221
2011,SPY,67,2016-07-31,184.94561767578125,1112.89,분할매수,0.0,470.60514212110064,1000000.0,1000000.0,4.858516868286706,0.0,0.0,465.74662525281394,95861893.22361116,95861893.22361116
2011,SPY,68,2016-08-31,185.1671600341797,1115.98,분할매수,0.0,465.74662525281394,1000000.0,1000000.0,4.839267428241823,0.0,0.0,460.9073578245721,95243208.7416228,95243208.7416228
2011,SPY,69,2016-09-30,185.1779327392578,1097.98,분할매수,0.0,460.9073578245721,1000000.0,1000000.0,4.918314987163567,0.0,0.0,455.98904283740853,92712452.13604777,92712452.13604777
2011,SPY,70,2016-10-31,181.96746826171875,1145.37,분할매수,0.0,455.98904283740853,1000000.0,1000000.0,4.798002208847673,0.0,0.0,451.19104062856087,94037272.38735944,94037272.38735944
2011,SPY,71,2016-11-30,188.67086791992188,1175.87,분할매수,0.0,451.19104062856087,1000000.0,1000000.0,4.507501110308179,0.0,0.0,446.6835395182527,99097821.29542567,99097821.29542567
2011,SPY,72,2016-12-31,192.49554443359375,1203.73,분할매수,0.0,446.6835395182527,1000000.0,1000000.0,4.315689926734243,0.0,0.0,442.36784959151845,102502231.8798204,102502231.8798204
2011,SPY,73,2017-01-31,195.94024658203125,1151.45,분할매수,0.0,442.36784959151845,1000000.0,1000000.0,4.432321612891038,0.0,0.0,437.9355279786274,98804997.97328074,98804997.97328074
2011,SPY,74,2017-02-28,203.63900756835938,1129.17,분할매수,0.0,437.9355279786274,1000000.0,1000000.0,4.348902758502708,0.0,0.0,433.5866252201247,99700234.5873112,99700234.5873112
2011,SPY,75,2017-03-31,203.8935546875,1117.48,분할매수,0.0,433.5866252201247,1000000.0,1000000.0,4.388910689612172,0.0,0.0,429.19771453051254,97791398.56875029,97791398.56875029
2011,SPY,76,2017-04-30,205.9174346923828,1136.99,분할매수,0.0,429.19771453051254,1000000.0,1000000.0,4.271203225358132,0.0,0.0,424.9265113051544,99486371.61125132,99486371.61125132
2011,SPY,77,2017-05-31,208.8235321044922,1119.58,분할매수,0.0,424.9265113051544,1000000.0,1000000.0,4.277257840097791,0.0,0.0,420.64925346505663,98345545.01756184,98345545.01756184
2011,SPY,78,2017-06-30,210.15472412109375,1143.75,분할매수,0.0,420.64925346505663,1000000.0,1000000.0,4.16034873138002,0.0,0.0,416.48890473367663,100109133.06191139,100109133.06191139
2011,SPY,79,2017-07-31,214.47430419921875,1121.86,분할매수,0.0,416.48890473367663,1000000.0,1000000.0,4.156100769112103,0.0,0.0,412.3328039645645,99211454.88795596,99211454.88795596
2011,SPY,80,2017-08-31,215.10008239746094,1122.36,분할매수,0.0,412.3328039645645,1000000.0,1000000.0,4.142163551826052,0.0,0.0,408.19064041273845,98545273.57636316,98545273.57636316
2011,SPY,81,2017-09-30,219.43421936035156,1142.57,분할매수,0.0,408.19064041273845,1000000.0,1000000.0,3.9885296903595093,0.0,0.0,404.20211072237896,101341131.21919517,101341131.21919517
2011,SPY,82,2017-10-31,224.60499572753906,1115.68,분할매수,0.0,404.20211072237896,1000000.0,1000000.0,3.990625197215137,0.0,0.0,400.2114855251638,100287916.24040562,100287916.24040562
2011,SPY,83,2017-11-30,231.47019958496094,1084.79,분할매수,0.0,400.2114855251638,1000000.0,1000000.0,3.9825316951001892,0.0,0.0,396.22895383006363,99491726.41050272,99491726.41050272
2011,SPY,84,2017-12-31,234.27752685546875,1067.42,분할매수,0.0,396.22895383006363,1000000.0,1000000.0,3.9988400530097943,0.0,0.0,392.2301137770538,98085972.07628627,98085972.07628627
2011,SPY,85,2018-01-31,247.48110961914062,1068.33,분할매수,0.0,392.2301137770538,1000000.0,1000000.0,3.782269941737877,0.0,0.0,388.44784383531595,102702305.71031956,102702305.71031956
2011,SPY,86,2018-02-28,238.4827117919922,1082.12,분할매수,0.0,388.44784383531595,1000000.0,1000000.0,3.8749640235674403,0.0,0.0,384.5728798117485,99245535.56440403,99245535.56440403
2011,SPY,87,2018-03-31,231.94573974609375,1060.99,분할매수,0.0,384.5728798117485,1000000.0,1000000.0,4.0635191364766685,0.0,0.0,380.50936067527186,93640351.60055819,93640351.60055819
2011,SPY,88,2018-04-30,233.1444854736328,1069.07,분할매수,0.0,380.50936067527186,1000000.0,1000000.0,4.01207192183675,0.0,0.0,376.4972887534351,93841111.54744016,93841111.54744016
2011,SPY,89,2018-05-31,238.81192016601562,1080.75,분할매수,0.0,376.4972887534351,1000000.0,1000000.0,3.874527567083869,0.0,0.0,372.6227611863512,96172437.73201558,96172437.73201558
2011,SPY,90,2018-06-30,240.18536376953125,1111.79,분할매수,0.0,372.6227611863512,1000000.0,1000000.0,3.74481784263424,0.0,0.0,368.877943343717,98503574.49809493,98503574.49809493
2011,SPY,91,2018-07-31,249.08338928222656,1112.75,분할매수,0.0,368.877943343717,1000000.0,1000000.0,3.607926075553593,0.0,0.0,365.2700172681634,101240992.64204493,101240992.64204493
2011,SPY,92,2018-08-31,257.0340576171875,1116.5,분할매수,0.0,365.2700172681634,1000000.0,1000000.0,3.4845812900164477,0.0,0.0,361.78543597814695,103824650.90273136,103824650.90273136
2011,SPY,93,2018-09-30,258.5623474121094,1109.76,분할매수,0.0,361.78543597814695,1000000.0,1000000.0,3.485023018353097,0.0,0.0,358.30041295979385,102811491.07850498,102811491.07850498
2011,SPY,94,2018-10-31,240.6945037841797,1140.78,분할매수,0.0,358.30041295979385,1000000.0,1000000.0,3.6419328001848617,0.0,0.0,354.658480159609,97381939.65072799,97381939.65072799
2011,SPY,95,2018-11-30,245.1592254638672,1118.61,분할매수,0.0,354.658480159609,1000000.0,1000000.0,3.646473501435471,0.0,0.0,351.0120066581735,96260676.6564995,96260676.6564995
2011,SPY,96,2018-12-31,223.5733642578125,1112.85,분할매수,0.0,351.0120066581735,1000000.0,1000000.0,4.01923415090694,0.0,0.0,346.9927725072666,86333057.36342026,86333057.36342026
2011,SPY,97,2019-01-31,241.4739532470703,1111.82,분할매수,0.0,346.9927725072666,1000000.0,1000000.0,3.7247336783597245,0.0,0.0,343.26803882890687,92159082.6273714,92159082.6273714
2011,SPY,98,2019-02-28,249.301513671875,1124.65,분할매수,0.0,343.26803882890687,1000000.0,1000000.0,3.5666270335265797,0.0,0.0,339.7014117953803,95244444.85003893,95244444.85003893
2011,SPY,99,2019-03-31,253.8138885498047,1136.3,분할매수,0.0,339.7014117953803,1000000.0,1000000.0,3.46730152470418,0.0,0.0,336.2341102706761,96972849.88774164,96972849.88774164
2011,SPY,100,2019-04-30,264.18280029296875,1165.1,분할매수,0.0,336.2341102706761,1000000.0,1000000.0,3.2488694356088517,0.0,0.0,332.98524083506726,102492650.88508072,102492650.88508072
2011,SPY,101,2019-05-31,247.33560180664062,1190.5,분할매수,0.0,332.98524083506726,1000000.0,1000000.0,3.3961273435785695,0.0,0.0,329.5891134914887,97048514.42472526,97048514.42472526
2011,SPY,102,2019-06-30,264.5469055175781,1154.58,분할매수,0.0,329.5891134914887,1000000.0,1000000.0,3.273959358218613,0.0,0.0,326.3151541332701,99669885.42912784,99669885.42912784
2011,SPY,103,2019-07-31,268.5466613769531,1182.74,분할매수,0.0,326.3151541332701,1000000.0,1000000.0,3.148407640658817,0.0,0.0,323.16674649261125,102644505.85089654,102644505.85089654
2011,SPY,104,2019-08-31,264.0502014160156,1211.32,분할매수,0.0,323.16674649261125,1000000.0,1000000.0,3.126472471034344,0.0,0.0,320.0402740215769,102364654.41056536,102364654.41056536
2011,SPY,105,2019-09-30,269.1881103515625,1195.85,분할매수,0.0,320.0402740215769,1000000.0,1000000.0,3.1064718200148884,0.0,0.0,316.93380220156206,102023717.11842637,102023717.11842637
2011,SPY,106,2019-10-31,275.138427734375,1169.1,분할매수,0.0,316.93380220156206,1000000.0,1000000.0,3.108830816799036,0.0,0.0,313.82497138476305,100946300.9980995,100946300.9980995
2011,SPY,107,2019-11-30,285.0979309082031,1181.33,분할매수,0.0,313.82497138476305,1000000.0,1000000.0,2.9691675226316336,0.0,0.0,310.85580386213144,104694599.2412761,104694599.2412761
2011,SPY,108,2019-12-31,293.3815612792969,1155.46,분할매수,0.0,310.85580386213144,1000000.0,1000000.0,2.949933793315662,0.0,0.0,307.9058700688158,104377213.74171458,104377213.74171458
2011,SPY,109,2020-01-31,293.2631530761719,1191.3,분할매수,0.0,307.9058700688158,1000000.0,1000000.0,2.862340915190148,0.0,0.0,305.0435291536256,106571347.78558032,106571347.78558032
2011,SPY,110,2020-02-29,270.0467224121094,1214.92,분할매수,0.0,305.0435291536256,1000000.0,1000000.0,3.0479890886549805,0.0,0.0,301.99554006497067,99080256.28734633,99080256.28734633
2011,SPY,111,2020-03-31,236.32566833496094,1218.92,분할매수,0.0,301.99554006497067,1000000.0,1000000.0,3.4714738827826745,0.0,0.0,298.524066182188,85993464.5231714,85993464.5231714
2011,SPY,112,2020-04-30,266.3350830078125,1203.95,분할매수,0.0,298.524066182188,1000000.0,1000000.0,3.118625109386225,0.0,0.0,295.40544107280175,94722972.69194382,94722972.69194382
2011,SPY,113,2020-05-31,279.02471923828125,1236.61,분할매수,0.0,295.40544107280175,1000000.0,1000000.0,2.8981747342878825,0.0,0.0,292.5072663385139,100928098.9437604,100928098.9437604
2011,SPY,114,2020-06-30,283.97308349609375,1200.5,분할매수,0.0,292.5072663385139,1000000.0,1000000.0,2.9333282065736306,0.0,0.0,289.5739381319403,98718560.53577672,98718560.53577672
2011,SPY,115,2020-07-31,300.69683837890625,1192.68,분할매수,0.0,289.5739381319403,1000000.0,1000000.0,2.7883494546597523,0.0,0.0,286.78558867728054,102851379.7644763,102851379.7644763
2011,SPY,116,2020-08-31,321.6845703125,1187.48,분할매수,0.0,286.78558867728054,1000000.0,1000000.0,2.6178422092305405,0.0,0.0,284.16774646805,108550372.31276636,108550372.31276636
2011,SPY,117,2020-09-30,309.63946533203125,1165.97,분할매수,0.0,284.16774646805,1000000.0,1000000.0,2.769850409023746,0.0,0.0,281.39789605902627,101593174.54194468,101593174.54194468
2011,SPY,118,2020-10-31,301.9190368652344,1133.99,분할매수,0.0,281.39789605902627,1000000.0,1000000.0,2.92078962859694,0.0,0.0,278.47710643042933,95343089.31526896,95343089.31526896
2011,SPY,119,2020-11-30,334.7608642578125,1105.79,분할매수,0.0,278.47710643042933,1000000.0,1000000.0,2.701423424747133,0.0,0.0,275.7756830056822,102085323.0483467,102085323.0483467
2011,SPY,120,2020-12-31,347.1632080078125,1086.11,분할매수,0.0,275.7756830056822,1000000.0,1000000.0,2.6521158728930745,0.0,0.0,273.1235671327891,102983270.80062714,102983270.80062714
2011,SOXX,0,2010-12-31,15.722329139709473,1130.6,분할매수,100000000.0,0.0,0.0,0.0,0.0,8333333.333333333,91666666.66666667,468.8057060483985,8333333.333333334,100000000.0
2011,SOXX,1,2011-01-31,16.792133331298828,1119.1,분할매수,91666666.66666667,468.8057060483985,1000000.0,1000000.0,0.0,8333333.333333333,82333333.33333334,912.2550168669906,17143165.98333414,99476499.31666748
2011,SOXX,2,2011-02-28,17.52320671081543,1123.7,분할매수,82333333.33333334,912.2550168669906,1000000.0,1000000.0,0.0,8333333.333333333,73000000.00000001,1335.4639136855315,26296389.39786076,99296389.39786078
2011,SOXX,3,2011-03-31,16.704345703125,1097.25,분할매수,73000000.00000001,1335.4639136855315,1000000.0,1000000.0,0.0,8333333.333333333,63666666.66666668,1790.1207180779895,32810842.170467183,96477508.83713385
2011,SOXX,4,2011-04-30,17.182092666625977,1068.4,분할매수,63666666.66666668,1790.1207180779895,1000000.0,1000000.0,0.0,8333333.333333333,54333333.33333334,2244.0715513815376,41195201.96806886,95528535.30140221
2011,SOXX,5,2011-05-31,16.831554412841797,1078.0,분할매수,54333333.33333334,2244.0715513815376,1000000.0,1000000.0,0.0,8333333.333333333,45000000.00000001,2703.3496836094237,49050700.3257463,94050700.3257463
2011,SOXX,6,2011-06-30,15.72076416015625,1066.3,분할매수,45000000.00000001,2703.3496836094237,1000000.0,1000000.0,0.0,8333333.333333333,35666666.66666667,3200.474784573441,53649721.47465378,89316388.14132045
2011,SOXX,7,2011-07-31,14.862497329711914,1054.0,분할매수,35666666.66666667,3200.474784573441,1000000.0,1000000.0,0.0,8333333.333333333,26333333.33333334,3732.4438195478333,58469001.8616012,84802335.19493455
2011,SOXX,8,2011-08-31,13.692647933959961,1063.9,분할매수,26333333.33333334,3732.4438195478333,1000000.0,1000000.0,0.0,8333333.333333333,17000000.000000007,4304.489227070979,62706112.28964978,79706112.28964978
2011,SOXX,9,2011-09-30,13.04082202911377,1180.9,분할매수,17000000.000000007,4304.489227070979,1000000.0,1000000.0,0.0,8333333.333333333,7666666.666666674,4845.618045392801,74622065.96851091,82288732.63517758
2011,SOXX,10,2011-10-31,14.88107967376709,1112.05,분할매수,7666666.666666674,4845.618045392801,1000000.0,1000000.0,0.0,6666666.666666674,0.0,5248.474182982135,86854399.4288496,86854399.4288496
2011,SOXX,11,2011-11-30,14.350017547607422,1140.05,분할매수,0.0,5248.474182982135,1000000.0,1000000.0,61.125675132942234,0.0,0.0,5187.348507849193,84863659.9361435,84863659.9361435
2011,SOXX,12,2011-12-31,14.056510925292969,1158.5,분할매수,0.0,5187.348507849193,1000000.0,1000000.0,61.40820846673756,0.0,0.0,5125.940299382455,83473210.29824503,83473210.29824503
2011,SOXX,13,2012-01-31,15.795072555541992,1125.7,분할매수,0.0,5125.940299382455,1000000.0,1000000.0,56.24134636128074,0.0,0.0,5069.698953021174,90141849.03139871,90141849.03139871
2011,SOXX,14,2012-02-29,16.41254234313965,1117.1,분할매수,0.0,5069.698953021174,1000000.0,1000000.0,54.54212930563989,0.0,0.0,5015.156823715534,91950147.3001155,91950147.3001155
2011,SOXX,15,2012-03-31,16.94625473022461,1131.4,분할매수,0.0,5015.156823715534,1000000.0,1000000.0,52.156698788240455,0.0,0.0,4963.000124927294,95155564.67784497,95155564.67784497
2011,SOXX,16,2012-04-30,15.994181632995605,1130.05,분할매수,0.0,4963.000124927294,1000000.0,1000000.0,55.327406985625835,0.0,0.0,4907.6727179416675,88702380.70648585,88702380.70648585
2011,SOXX,17,2012-05-31,14.315231323242188,1180.0,분할매수,0.0,4907.6727179416675,1000000.0,1000000.0,59.199715881832326,0.0,0.0,4848.473002059835,81900274.85499763,81900274.85499763
2011,SOXX,18,2012-06-30,14.94796371459961,1141.17,분할매수,0.0,4848.473002059835,1000000.0,1000000.0,58.622943244982274,0.0,0.0,4789.850058814853,81706065.81109916,81706065.81109916
2011,SOXX,19,2012-07-31,14.91081714630127,1130.27,분할매수,0.0,4789.850058814853,1000000.0,1000000.0,59.33573890942879,0.0,0.0,4730.514319905424,79724537.13142717,79724537.13142717
2011,SOXX,20,2012-08-31,15.413655281066895,1133.2,분할매수,0.0,4730.514319905424,1000000.0,1000000.0,57.251621599629885,0.0,0.0,4673.2626983057935,81626730.69745861,81626730.69745861
2011,SOXX,21,2012-09-30,14.88819408416748,1111.21,분할매수,0.0,4673.2626983057935,1000000.0,1000000.0,60.44520255719029,0.0,0.0,4612.8174957486035,76314038.18002233,76314038.18002233
2011,SOXX,22,2012-10-31,14.317110061645508,1090.17,분할매수,0.0,4612.8174957486035,1000000.0,1000000.0,64.06936353948034,0.0,0.0,4548.7481322091235,70997242.37788203,70997242.37788203
2011,SOXX,23,2012-11-30,14.615561485290527,1081.75,분할매수,0.0,4548.7481322091235,1000000.0,1000000.0,63.249572115246885,0.0,0.0,4485.498560093876,70917453.03700808,70917453.03700808
2011,SOXX,24,2012-12-31,14.987213134765625,1063.24,분할매수,0.0,4485.498560093876,1000000.0,1000000.0,62.75492425582106,0.0,0.0,4422.7436358380555,70476439.71027194,70476439.71027194
2011,SOXX,25,2013-01-31,16.133434295654297,1087.46,분할매수,0.0,4422.7436358380555,1000000.0,1000000.0,56.9980350399548,0.0,0.0,4365.745600798101,76594668.53090245,76594668.53090245
2011,SOXX,26,2013-02-28,16.7209415435791,1083.9,분할매수,0.0,4365.745600798101,1000000.0,1000000.0,55.17597994504447,0.0,0.0,4310.569620853056,78124024.7141311,78124024.7141311
2011,SOXX,27,2013-03-31,17.11033821105957,1112.48,분할매수,0.0,4310.569620853056,1000000.0,1000000.0,52.53505531408447,0.0,0.0,4258.034565538972,81051300.69973311,81051300.69973311
2011,SOXX,28,2013-04-30,17.410873413085938,1101.52,분할매수,0.0,4258.034565538972,1000000.0,1000000.0,52.14192433929762,0.0,0.0,4205.8926411996745,80662397.76328765,80662397.76328765
2011,SOXX,29,2013-05-31,18.40207290649414,1129.34,분할매수,0.0,4205.8926411996745,1000000.0,1000000.0,48.1181079757602,0.0,0.0,4157.774533223915,86407689.49848193,86407689.49848193
2011,SOXX,30,2013-06-30,18.394147872924805,1141.45,분할매수,0.0,4157.774533223915,1000000.0,1000000.0,47.628119438697894,0.0,0.0,4110.146413785217,86296634.47189811,86296634.47189811
2011,SOXX,31,2013-07-31,18.814044952392578,1122.66,분할매수,0.0,4110.146413785217,1000000.0,1000000.0,47.34450426457053,0.0,0.0,4062.801909520647,85813590.67183171,85813590.67183171
2011,SOXX,32,2013-08-31,18.072711944580078,1109.42,분할매수,0.0,4062.801909520647,1000000.0,1000000.0,49.87474435367592,0.0,0.0,4012.927165166971,80460104.95232156,80460104.95232156
2011,SOXX,33,2013-09-30,19.387670516967773,1073.33,분할매수,0.0,4012.927165166971,1000000.0,1000000.0,48.055278803816336,0.0,0.0,3964.8718863631548,82506479.7261832,82506479.7261832
2011,SOXX,34,2013-10-31,20.033437728881836,1060.83,분할매수,0.0,3964.8718863631548,1000000.0,1000000.0,47.05423602720163,0.0,0.0,3917.817650335953,83261741.79240946,83261741.79240946
2011,SOXX,35,2013-11-30,20.207975387573242,1057.76,분할매수,0.0,3917.817650335953,1000000.0,1000000.0,46.78321415698745,0.0,0.0,3871.0344361789657,82744089.0057101,82744089.0057101
2011,SOXX,36,2013-12-31,21.218782424926758,1055.25,분할매수,0.0,3871.0344361789657,1000000.0,1000000.0,44.66056155862515,0.0,0.0,3826.3738746203408,85676797.1803831,85676797.1803831
2011,SOXX,37,2014-01-31,20.988237380981445,1080.36,분할매수,0.0,3826.3738746203408,1000000.0,1000000.0,44.10172088275238,0.0,0.0,3782.2721537375883,85762461.82757884,85762461.82757884
2011,SOXX,38,2014-02-28,22.397769927978516,1066.01,분할매수,0.0,3782.2721537375883,1000000.0,1000000.0,41.88262969839527,0.0,0.0,3740.389524039193,89306463.10832067,89306463.10832067
2011,SOXX,39,2014-03-31,23.317424774169922,1064.65,분할매수,0.0,3740.389524039193,1000000.0,1000000.0,40.28214210792898,0.0,0.0,3700.107381931264,91854782.00284064,91854782.00284064
2011,SOXX,40,2014-04-30,22.884382247924805,1032.85,분할매수,0.0,3700.107381931264,1000000.0,1000000.0,42.308102980656926,0.0,0.0,3657.7992789506075,86456234.65138432,86456234.65138432
2011,SOXX,41,2014-05-31,23.896774291992188,1020.3,분할매수,0.0,3657.7992789506075,1000000.0,1000000.0,41.014066544574604,0.0,0.0,3616.7852124060328,88184018.73111667,88184018.73111667
2011,SOXX,42,2014-06-30,25.35187530517578,1011.6,분할매수,0.0,3616.7852124060328,1000000.0,1000000.0,38.992500755987514,0.0,0.0,3577.7927116500455,91755918.2479635,91755918.2479635
2011,SOXX,43,2014-07-31,24.248594284057617,1027.75,분할매수,0.0,3577.7927116500455,1000000.0,1000000.0,40.126007258501225,0.0,0.0,3537.666704391544,88163935.21540926,88163935.21540926
2011,SOXX,44,2014-08-31,25.803739547729492,1013.85,분할매수,0.0,3537.666704391544,1000000.0,1000000.0,38.224661205680746,0.0,0.0,3499.4420431858634,91549327.91571204,91549327.91571204
2011,SOXX,45,2014-09-30,25.554243087768555,1054.55,분할매수,0.0,3499.4420431858634,1000000.0,1000000.0,37.1081926173158,0.0,0.0,3462.333850568548,93303758.72181171,93303758.72181171
2011,SOXX,46,2014-10-31,25.642515182495117,1073.07,분할매수,0.0,3462.333850568548,1000000.0,1000000.0,36.34220930510624,0.0,0.0,3425.9916412634416,94270318.36454904,94270318.36454904
2011,SOXX,47,2014-11-30,27.49325180053711,1112.06,분할매수,0.0,3425.9916412634416,1000000.0,1000000.0,32.70737351653538,0.0,0.0,3393.284267746906,103746767.25513941,103746767.25513941
2011,SOXX,48,2014-12-31,27.552759170532227,1090.89,분할매수,0.0,3393.284267746906,1000000.0,1000000.0,33.27008750522752,0.0,0.0,3360.014180241679,100992045.17312257,100992045.17312257
2011,SOXX,49,2015-01-31,26.212053298950195,1104.3,분할매수,0.0,3360.014180241679,1000000.0,1000000.0,34.547122938922314,0.0,0.0,3325.4670573027565,96258871.19983988,96258871.19983988
2011,SOXX,50,2015-02-28,28.730329513549805,1100.65,분할매수,0.0,3325.4670573027565,1000000.0,1000000.0,31.623516041569015,0.0,0.0,3293.8435412611875,104158042.92386211,104158042.92386211
2011,SOXX,51,2015-03-31,27.96234703063965,1107.71,분할매수,0.0,3293.8435412611875,1000000.0,1000000.0,32.28496369248259,0.0,0.0,3261.558577568705,101024074.50834903,101024074.50834903
2011,SOXX,52,2015-04-30,27.60248565673828,1076.74,분할매수,0.0,3261.558577568705,1000000.0,1000000.0,33.64658256159053,0.0,0.0,3227.9119950071145,95935805.34065764,95935805.34065764
2011,SOXX,53,2015-05-31,30.059059143066406,1111.99,분할매수,0.0,3227.9119950071145,1000000.0,1000000.0,29.917392237317078,0.0,0.0,3197.9946027697974,106894163.0140083,106894163.0140083
2011,SOXX,54,2015-06-30,27.459665298461914,1117.34,분할매수,0.0,3197.9946027697974,1000000.0,1000000.0,32.592630576728205,0.0,0.0,3165.401972193069,97120174.59717503,97120174.59717503
2011,SOXX,55,2015-07-31,26.102930068969727,1159.7,분할매수,0.0,3165.401972193069,1000000.0,1000000.0,33.034298057090666,0.0,0.0,3132.367674135978,94821681.05169196,94821681.05169196
2011,SOXX,56,2015-08-31,24.755144119262695,1182.54,분할매수,0.0,3132.367674135978,1000000.0,1000000.0,34.16006599686335,0.0,0.0,3098.2076081391147,90696768.80669957,90696768.80669957
2011,SOXX,57,2015-09-30,24.426544189453125,1184.62,분할매수,0.0,3098.2076081391147,1000000.0,1000000.0,34.55882046606791,0.0,0.0,3063.6487876730466,88650270.65032893,88650270.65032893
2011,SOXX,58,2015-10-31,26.849407196044922,1140.5,분할매수,0.0,3063.6487876730466,1000000.0,1000000.0,32.656527980623935,0.0,0.0,3030.9922596924225,92814283.91563237,92814283.91563237
2011,SOXX,59,2015-11-30,27.470121383666992,1149.39,분할매수,0.0,3030.9922596924225,1000000.0,1000000.0,31.67174610073934,0.0,0.0,2999.3205135916833,94700194.42728697,94700194.42728697
2011,SOXX,60,2015-12-31,26.996599197387695,1169.26,분할매수,0.0,2999.3205135916833,1000000.0,1000000.0,31.679611590969294,0.0,0.0,2967.640902000714,93676682.03503734,93676682.03503734
2011,SOXX,61,2016-01-31,24.950218200683594,1210.04,분할매수,0.0,2967.640902000714,1000000.0,1000000.0,33.12271478788137,0.0,0.0,2934.518187212833,88595340.26741332,88595340.26741332
2011,SOXX,62,2016-02-29,25.382936477661133,1238.09,분할매수,0.0,2934.518187212833,1000000.0,1000000.0,31.820420997285343,0.0,0.0,2902.6977662155473,91221224.46032947,91221224.46032947
2011,SOXX,63,2016-03-31,27.614622116088867,1138.86,분할매수,0.0,2902.6977662155473,1000000.0,1000000.0,31.797322803054662,0.0,0.0,2870.9004434124927,90287489.33343203,90287489.33343203
2011,SOXX,64,2016-04-30,26.336669921875,1144.09,분할매수,0.0,2870.9004434124927,1000000.0,1000000.0,33.18783709118979,0.0,0.0,2837.7126063213027,85504596.11224909,85504596.11224909
2011,SOXX,65,2016-05-31,28.62432098388672,1188.99,분할매수,0.0,2837.7126063213027,1000000.0,1000000.0,29.38235520947283,0.0,0.0,2808.33025111183,95578799.96653326,95578799.96653326
2011,SOXX,66,2016-06-30,28.312902450561523,1154.15,분할매수,0.0,2808.33025111183,1000000.0,1000000.0,30.602249488199583,0.0,0.0,2777.7280016236305,90768752.23485579,90768752.23485579
2011,SOXX,67,2016-07-31,31.445337295532227,1112.89,분할매수,0.0,2777.7280016236305,1000000.0,1000000.0,28.575346314417025,0.0,0.0,2749.1526553092135,96207150.91463974,96207150.91463974
2011,SOXX,68,2016-08-31,32.92689514160156,1115.98,분할매수,0.0,2749.1526553092135,1000000.0,1000000.0,27.214026785091583,0.0,0.0,2721.938628524122,100019693.88871394,100019693.88871394
2011,SOXX,69,2016-09-30,34.30694580078125,1097.98,분할매수,0.0,2721.938628524122,1000000.0,1000000.0,26.547492952949444,0.0,0.0,2695.3911355711725,101530910.67198919,101530910.67198919
2011,SOXX,70,2016-10-31,33.812042236328125,1145.37,분할매수,0.0,2695.3911355711725,1000000.0,1000000.0,25.82157884920941,0.0,0.0,2669.569556721963,103385217.93386382,103385217.93386382
2011,SOXX,71,2016-11-30,36.24713897705078,1175.87,분할매수,0.0,2669.569556721963,1000000.0,1000000.0,23.462104062069354,0.0,0.0,2646.1074526598936,112782188.914497,112782188.914497
2011,SOXX,72,2016-12-31,37.34818649291992,1203.73,분할매수,0.0,2646.1074526598936,1000000.0,1000000.0,22.243411529787917,0.0,0.0,2623.8640411301058,117961403.43023737,117961403.43023737
2011,SOXX,73,2017-01-31,38.9124755859375,1151.45,분할매수,0.0,2623.8640411301058,1000000.0,1000000.0,22.318554054540574,0.0,0.0,2601.5454870755652,116564248.77337861,116564248.77337861
2011,SOXX,74,2017-02-28,40.008094787597656,1129.17,분할매수,0.0,2601.5454870755652,1000000.0,1000000.0,22.13567645383919,0.0,0.0,2579.409810621726,116527263.84941158,116527263.84941158
2011,SOXX,75,2017-03-31,41.7696647644043,1117.48,분할매수,0.0,2579.409810621726,1000000.0,1000000.0,21.42393545072434,0.0,0.0,2557.9858751710017,119398505.51988648,119398505.51988648
2011,SOXX,76,2017-04-30,41.531654357910156,1136.99,분할매수,0.0,2557.9858751710017,1000000.0,1000000.0,21.176984755678646,0.0,0.0,2536.808890415323,119790844.62130865,119790844.62130865
2011,SOXX,77,2017-05-31,45.15664291381836,1119.58,분할매수,0.0,2536.808890415323,1000000.0,1000000.0,19.779860331856664,0.0,0.0,2517.0290300834663,127252113.4049485,127252113.4049485
2011,SOXX,78,2017-06-30,42.885135650634766,1143.75,분할매수,0.0,2517.0290300834663,1000000.0,1000000.0,20.387412249628017,0.0,0.0,2496.641617833838,122459956.52927415,122459956.52927415
2011,SOXX,79,2017-07-31,44.95904541015625,1121.86,분할매수,0.0,2496.641617833838,1000000.0,1000000.0,19.8264178544101,0.0,0.0,2476.815199979428,124924997.45376328,124924997.45376328
2011,SOXX,80,2017-08-31,46.26515579223633,1122.36,분할매수,0.0,2476.815199979428,1000000.0,1000000.0,19.25811566057791,0.0,0.0,2457.5570843188502,127611502.99608816,127611502.99608816
2011,SOXX,81,2017-09-30,48.66284942626953,1142.57,분할매수,0.0,2457.5570843188502,1000000.0,1000000.0,17.985381236782988,0.0,0.0,2439.5717030820674,135641923.34676522,135641923.34676522
2011,SOXX,82,2017-10-31,53.00526428222656,1115.68,분할매수,0.0,2439.5717030820674,1000000.0,1000000.0,16.90991201549886,0.0,0.0,2422.6617910665686,143268740.18303975,143268740.18303975
2011,SOXX,83,2017-11-30,52.9561653137207,1084.79,분할매수,0.0,2422.6617910665686,1000000.0,1000000.0,17.40755586922057,0.0,0.0,2405.254235197348,138173001.03860268,138173001.03860268
2011,SOXX,84,2017-12-31,52.20765686035156,1067.42,분할매수,0.0,2405.254235197348,1000000.0,1000000.0,17.944462828807705,0.0,0.0,2387.30977236854,133038798.38275224,133038798.38275224
2011,SOXX,85,2018-01-31,56.71483612060547,1068.33,분할매수,0.0,2387.30977236854,1000000.0,1000000.0,16.50432983831426,0.0,0.0,2370.8054425302257,143647483.16084176,143647483.16084176
2011,SOXX,86,2018-02-28,56.84088897705078,1082.12,분할매수,0.0,2370.8054425302257,1000000.0,1000000.0,16.257872546818856,0.0,0.0,2354.547569983407,144825072.48121566,144825072.48121566
2011,SOXX,87,2018-03-31,55.464744567871094,1060.99,분할매수,0.0,2354.547569983407,1000000.0,1000000.0,16.99306396208408,0.0,0.0,2337.5545060213226,137559330.75029972,137559330.75029972
2011,SOXX,88,2018-04-30,51.97453308105469,1069.07,분할매수,0.0,2337.5545060213226,1000000.0,1000000.0,17.997130295352274,0.0,0.0,2319.5573757259704,128884846.50939,128884846.50939
2011,SOXX,89,2018-05-31,57.73817443847656,1080.75,분할매수,0.0,2319.5573757259704,1000000.0,1000000.0,16.02550439168117,0.0,0.0,2303.531871334289,143741614.30638346,143741614.30638346
2011,SOXX,90,2018-06-30,55.09607696533203,1111.79,분할매수,0.0,2303.531871334289,1000000.0,1000000.0,16.325126675528914,0.0,0.0,2287.2067446587603,140103460.764396,140103460.764396
2011,SOXX,91,2018-07-31,57.340240478515625,1112.75,분할매수,0.0,2287.2067446587603,1000000.0,1000000.0,15.672666310412998,0.0,0.0,2271.534078348347,144936032.7948237,144936032.7948237
2011,SOXX,92,2018-08-31,58.83015060424805,1116.5,분할매수,0.0,2271.534078348347,1000000.0,1000000.0,15.224439490134282,0.0,0.0,2256.3096388582126,148203133.54198313,148203133.54198313
2011,SOXX,93,2018-09-30,57.4536018371582,1109.76,분할매수,0.0,2256.3096388582126,1000000.0,1000000.0,15.683885841737188,0.0,0.0,2240.6257530164753,142861646.3819082,142861646.3819082
2011,SOXX,94,2018-10-31,50.59517288208008,1140.78,분할매수,0.0,2240.6257530164753,1000000.0,1000000.0,17.325629268998846,0.0,0.0,2223.3001237474764,128324350.5461403,128324350.5461403
2011,SOXX,95,2018-11-30,52.23759841918945,1118.61,분할매수,0.0,2223.3001237474764,1000000.0,1000000.0,17.113470878057015,0.0,0.0,2206.1866528694195,128915207.70916225,128915207.70916225
2011,SOXX,96,2018-12-31,48.82014083862305,1112.85,분할매수,0.0,2206.1866528694195,1000000.0,1000000.0,18.406208696293913,0.0,0.0,2187.7804441731255,118861003.92926843,118861003.92926843
2011,SOXX,97,2019-01-31,53.729835510253906,1111.82,분할매수,0.0,2187.7804441731255,1000000.0,1000000.0,16.739790054528942,0.0,0.0,2171.0406541185966,129693421.90353352,129693421.90353352
2011,SOXX,98,2019-02-28,57.167877197265625,1124.65,분할매수,0.0,2171.0406541185966,1000000.0,1000000.0,15.55358641519988,0.0,0.0,2155.487067703397,138584568.86811185,138584568.86811185
2011,SOXX,99,2019-03-31,59.13294219970703,1136.3,분할매수,0.0,2155.487067703397,1000000.0,1000000.0,14.8825553071194,0.0,0.0,2140.6045123962776,143833130.01177105,143833130.01177105
2011,SOXX,100,2019-04-30,66.00276947021484,1165.1,분할매수,0.0,2140.6045123962776,1000000.0,1000000.0,13.003930474049385,0.0,0.0,2127.6005819222282,163612116.0573769,163612116.0573769
2011,SOXX,101,2019-05-31,55.0709342956543,1190.5,분할매수,0.0,2127.6005819222282,1000000.0,1000000.0,15.252750131792792,0.0,0.0,2112.3478317904355,138489637.18270472,138489637.18270472
2011,SOXX,102,2019-06-30,62.15456008911133,1154.58,분할매수,0.0,2112.3478317904355,1000000.0,1000000.0,13.934871645222737,0.0,0.0,2098.4129601452128,150587175.3662408,150587175.3662408
2011,SOXX,103,2019-07-31,65.65373229980469,1182.74,분할매수,0.0,2098.4129601452128,1000000.0,1000000.0,12.878085234997833,0.0,0.0,2085.534874910215,161944484.5140882,161944484.5140882
2011,SOXX,104,2019-08-31,64.13441467285156,1211.32,분할매수,0.0,2085.534874910215,1000000.0,1000000.0,12.872116942352083,0.0,0.0,2072.662757967863,161019571.78064075,161019571.78064075
2011,SOXX,105,2019-09-30,66.52364349365234,1195.85,분할매수,0.0,2072.662757967863,1000000.0,1000000.0,12.570346949952903,0.0,0.0,2060.09241101791,163885087.59701565,163885087.59701565
2011,SOXX,106,2019-10-31,70.59542846679688,1169.1,분할매수,0.0,2060.09241101791,1000000.0,1000000.0,12.116348630542843,0.0,0.0,2047.976062387367,169025844.73550367,169025844.73550367
2011,SOXX,107,2019-11-30,73.4651870727539,1181.33,분할매수,0.0,2047.976062387367,1000000.0,1000000.0,11.52251223948843,0.0,0.0,2036.4535501478786,176736939.6379389,176736939.6379389
2011,SOXX,108,2019-12-31,79.29229736328125,1155.46,분할매수,0.0,2036.4535501478786,1000000.0,1000000.0,10.914757305976153,0.0,0.0,2025.5387928419025,185577996.4738987,185577996.4738987
2011,SOXX,109,2020-01-31,76.75342559814453,1191.3,분할매수,0.0,2025.5387928419025,1000000.0,1000000.0,10.936568829676977,0.0,0.0,2014.6022240122254,184207885.98207256,184207885.98207256
2011,SOXX,110,2020-02-29,73.19461822509766,1214.92,분할매수,0.0,2014.6022240122254,1000000.0,1000000.0,11.24535496322758,0.0,0.0,2003.3568690489979,178149722.76108617,178149722.76108617
2011,SOXX,111,2020-03-31,65.02436065673828,1218.92,분할매수,0.0,2003.3568690489979,1000000.0,1000000.0,12.61678511207264,0.0,0.0,1990.7400839369252,157785051.12463582,157785051.12463582
2011,SOXX,112,2020-04-30,74.47651672363281,1203.95,분할매수,0.0,1990.7400839369252,1000000.0,1000000.0,11.152498987846242,0.0,0.0,1979.587584949079,177501704.96373877,177501704.96373877
2011,SOXX,113,2020-05-31,79.80622863769531,1236.61,분할매수,0.0,1979.587584949079,1000000.0,1000000.0,10.132823030760244,0.0,0.0,1969.4547619183188,194363876.28004935,194363876.28004935
2011,SOXX,114,2020-06-30,86.01689910888672,1200.5,분할매수,0.0,1969.4547619183188,1000000.0,1000000.0,9.683983779423661,0.0,0.0,1959.7707781388951,202372373.06231117,202372373.06231117
2011,SOXX,115,2020-07-31,92.21562194824219,1192.68,분할매수,0.0,1959.7707781388951,1000000.0,1000000.0,9.092254084479634,0.0,0.0,1950.6785240544154,214542896.1762298,214542896.1762298
2011,SOXX,116,2020-08-31,97.56009674072266,1187.48,분할매수,0.0,1950.6785240544154,1000000.0,1000000.0,8.631802082569505,0.0,0.0,1942.046721971846,224987401.63348833,224987401.63348833
2011,SOXX,117,2020-09-30,97.08108520507812,1165.97,분할매수,0.0,1942.046721971846,1000000.0,1000000.0,8.834419165052333,0.0,0.0,1933.2123028067936,218827323.7536994,218827323.7536994
2011,SOXX,118,2020-10-31,97.35835266113281,1133.99,분할매수,0.0,1933.2123028067936,1000000.0,1000000.0,9.05769220049674,0.0,0.0,1924.1546106062967,212433207.93135062,212433207.93135062
2011,SOXX,119,2020-11-30,115.3110580444336,1105.79,분할매수,0.0,1924.1546106062967,1000000.0,1000000.0,7.8425335412860235,0.0,0.0,1916.3120770650107,244348598.18919852,244348598.18919852
2011,SOXX,120,2020-12-31,121.09300994873047,1086.11,분할매수,0.0,1916.3120770650107,1000000.0,1000000.0,7.603387303956039,0.0,0.0,1908.7086897610548,251033994.91013098,251033994.91013098
2012,QQQ,0,2011-12-31,49.31224822998047,1158.5,분할매수,100000000.0,0.0,0.0,0.0,0.0,8333333.333333333,91666666.66666667,145.87064813148731,8333333.333333334,100000000.0
2012,QQQ,1,2012-01-31,53.46354293823242,1125.7,분할매수,91666666.66666667,145.87064813148731,1000000.0,1000000.0,0.0,8333333.333333333,82333333.33333334,284.3351196786546,17112399.33377646,99445732.6671098
2012,QQQ,2,2012-02-29,56.89060592651367,1117.1,분할매수,82333333.33333334,284.3351196786546,1000000.0,1000000.0,0.0,8333333.333333333,73000000.00000001,415.46031339255205,26403539.855394904,99403539.85539491
2012,QQQ,3,2012-03-31,59.76529312133789,1131.4,분할매수,73000000.00000001,415.46031339255205,1000000.0,1000000.0,0.0,8333333.333333333,63666666.66666668,538.7008344084688,36426116.85722092,100092783.5238876
2012,QQQ,4,2012-04-30,59.06632995605469,1130.05,분할매수,63666666.66666668,538.7008344084688,1000000.0,1000000.0,0.0,8333333.333333333,54333333.33333334,663.5486957406845,44290486.080428004,98623819.41376135
2012,QQQ,5,2012-05-31,54.90799331665039,1180.0,분할매수,54333333.33333334,663.5486957406845,1000000.0,1000000.0,0.0,8333333.333333333,45000000.00000001,792.1665246955414,51325603.60751521,96325603.60751522
2012,QQQ,6,2012-06-30,56.89645767211914,1141.17,분할매수,45000000.00000001,792.1665246955414,1000000.0,1000000.0,0.0,8333333.333333333,35666666.66666667,920.5127733493828,59767541.77366396,95434208.44033062
2012,QQQ,7,2012-07-31,57.4639892578125,1130.27,분할매수,35666666.66666667,920.5127733493828,1000000.0,1000000.0,0.0,8333333.333333333,26333333.33333334,1048.816946180962,68120475.15903936,94453808.4923727
2012,QQQ,8,2012-08-31,60.443599700927734,1133.2,분할매수,26333333.33333334,1048.816946180962,1000000.0,1000000.0,0.0,8333333.333333333,17000000.000000007,1170.4808835795088,80171721.9722258,97171721.97222582
2012,QQQ,9,2012-09-30,60.980621337890625,1111.21,분할매수,17000000.000000007,1170.4808835795088,1000000.0,1000000.0,0.0,8333333.333333333,7666666.666666674,1293.459829921311,87647782.29643239,95314448.96309906
2012,QQQ,10,2012-10-31,57.76127243041992,1090.17,분할매수,7666666.666666674,1293.459829921311,1000000.0,1000000.0,0.0,6666666.666666674,0.0,1399.3310120909093,88115323.00636056,88115323.00636056
2012,QQQ,11,2012-11-30,58.5172004699707,1081.75,분할매수,0.0,1399.3310120909093,1000000.0,1000000.0,15.797543333316112,0.0,0.0,1383.5334687575933,87579026.66041754,87579026.66041754
2012,QQQ,12,2012-12-31,58.24393081665039,1063.24,분할매수,0.0,1383.5334687575933,1000000.0,1000000.0,16.147973048707648,0.0,0.0,1367.3854957088856,84678460.3605912,84678460.3605912
2012,QQQ,13,2013-01-31,59.799983978271484,1087.46,분할매수,0.0,1367.3854957088856,1000000.0,1000000.0,15.377496650043287,0.0,0.0,1352.0079990588424,87921202.63964006,87921202.63964006
2012,QQQ,14,2013-02-28,60.00564956665039,1083.9,분할매수,0.0,1352.0079990588424,1000000.0,1000000.0,15.375124541332118,0.0,0.0,1336.6328745175103,86934767.32005079,86934767.32005079
2012,QQQ,15,2013-03-31,61.82072067260742,1112.48,분할매수,0.0,1336.6328745175103,1000000.0,1000000.0,14.540311963056817,0.0,0.0,1322.0925625544535,90926010.79767404,90926010.79767404
2012,QQQ,16,2013-04-30,63.38927459716797,1101.52,분할매수,0.0,1322.0925625544535,1000000.0,1000000.0,14.321609609124232,0.0,0.0,1307.7709529453293,91314523.20220727,91314523.20220727
2012,QQQ,17,2013-05-31,65.65703582763672,1129.34,분할매수,0.0,1307.7709529453293,1000000.0,1000000.0,13.486337296996561,0.0,0.0,1294.2846156483329,95970061.1919719,95970061.1919719
2012,QQQ,18,2013-06-30,64.08438873291016,1141.45,분할매수,0.0,1294.2846156483329,1000000.0,1000000.0,13.670703414462443,0.0,0.0,1280.6139122338705,93675787.80760394,93675787.80760394
2012,QQQ,19,2013-07-31,68.13067626953125,1122.66,분할매수,0.0,1280.6139122338705,1000000.0,1000000.0,13.074017171919973,0.0,0.0,1267.5398950619506,96951065.49074596,96951065.49074596
2012,QQQ,20,2013-08-31,67.86093139648438,1109.42,분할매수,0.0,1267.5398950619506,1000000.0,1000000.0,13.282633607652684,0.0,0.0,1254.2572614542978,94428356.49186826,94428356.49186826
2012,QQQ,21,2013-09-30,71.14009857177734,1073.33,분할매수,0.0,1254.2572614542978,1000000.0,1000000.0,13.096410192760567,0.0,0.0,1241.1608512615373,94771073.36998546,94771073.36998546
2012,QQQ,22,2013-10-31,74.66645050048828,1060.83,분할매수,0.0,1241.1608512615373,1000000.0,1000000.0,12.62492191623449,0.0,0.0,1228.5359293453027,97310378.43216428,97310378.43216428
2012,QQQ,23,2013-11-30,77.31796264648438,1057.76,분할매수,0.0,1228.5359293453027,1000000.0,1000000.0,12.2273532291394,0.0,0.0,1216.3085761161633,99474395.91567035,99474395.91567035
2012,QQQ,24,2013-12-31,79.58111572265625,1055.25,분할매수,0.0,1216.3085761161633,1000000.0,1000000.0,11.907884553794045,0.0,0.0,1204.4006915623693,101143127.99401702,101143127.99401702
2012,QQQ,25,2014-01-31,78.0521011352539,1080.36,분할매수,0.0,1204.4006915623693,1000000.0,1000000.0,11.858968219100495,0.0,0.0,1192.5417233432688,100560327.11366212,100560327.11366212
2012,QQQ,26,2014-02-28,82.0737075805664,1066.01,분할매수,0.0,1192.5417233432688,1000000.0,1000000.0,11.429695716408668,0.0,0.0,1181.1120276268603,103337136.60734078,103337136.60734078
2012,QQQ,27,2014-03-31,79.83014678955078,1064.65,분할매수,0.0,1181.1120276268603,1000000.0,1000000.0,11.765928738928505,0.0,0.0,1169.3460988879317,99384088.14419025,99384088.14419025
2012,QQQ,28,2014-04-30,79.57516479492188,1032.85,분할매수,0.0,1169.3460988879317,1000000.0,1000000.0,12.167047385815852,0.0,0.0,1157.179051502116,95107630.86623108,95107630.86623108
2012,QQQ,29,2014-05-31,83.14461517333984,1020.3,분할매수,0.0,1157.179051502116,1000000.0,1000000.0,11.787941876562028,0.0,0.0,1145.391109625554,97166335.02434686,97166335.02434686
2012,QQQ,30,2014-06-30,85.7419204711914,1011.6,분할매수,0.0,1145.391109625554,1000000.0,1000000.0,11.529168131181608,0.0,0.0,1133.8619414943723,98347246.61771105,98347246.61771105
2012,QQQ,31,2014-07-31,86.75538635253906,1027.75,분할매수,0.0,1133.8619414943723,1000000.0,1000000.0,11.215433544341199,0.0,0.0,1122.646507950031,100098360.30961707,100098360.30961707
2012,QQQ,32,2014-08-31,91.10139465332031,1013.85,분할매수,0.0,1122.646507950031,1000000.0,1000000.0,10.826828785717574,0.0,0.0,1111.8196791643134,102691166.65361811,102691166.65361811
2012,QQQ,33,2014-09-30,90.41205596923828,1054.55,분할매수,0.0,1111.8196791643134,1000000.0,1000000.0,10.488333270656577,0.0,0.0,1101.3313458936568,105005372.87224406,105005372.87224406
2012,QQQ,34,2014-10-31,92.80071258544922,1073.07,분할매수,0.0,1101.3313458936568,1000000.0,1000000.0,10.042009677603716,0.0,0.0,1091.289336216053,108672404.3544701,108672404.3544701
2012,QQQ,35,2014-11-30,97.01976776123047,1112.06,분할매수,0.0,1091.289336216053,1000000.0,1000000.0,9.268544715932244,0.0,0.0,1082.0207915001208,116741174.00978516,116741174.00978516
2012,QQQ,36,2014-12-31,94.84590911865234,1090.89,분할매수,0.0,1082.0207915001208,1000000.0,1000000.0,9.66496833793112,0.0,0.0,1072.3558231621896,110952854.23270594,110952854.23270594
2012,QQQ,37,2015-01-31,92.87093353271484,1104.3,분할매수,0.0,1072.3558231621896,1000000.0,1000000.0,9.750639875730613,0.0,0.0,1062.605183286459,108977994.96536511,108977994.96536511
2012,QQQ,38,2015-02-28,99.5767593383789,1100.65,분할매수,0.0,1062.605183286459,1000000.0,1000000.0,9.124157507113518,0.0,0.0,1053.4810257793454,115460635.67600779,115460635.67600779
2012,QQQ,39,2015-03-31,97.22775268554688,1107.71,분할매수,0.0,1053.4810257793454,1000000.0,1000000.0,9.285037797392155,0.0,0.0,1044.1959879819533,112460068.63593292,112460068.63593292
2012,QQQ,40,2015-04-30,99.0967788696289,1076.74,분할매수,0.0,1044.1959879819533,1000000.0,1000000.0,9.371942490445559,0.0,0.0,1034.8240454915078,110417242.37493804,110417242.37493804
2012,QQQ,41,2015-05-31,101.32494354248047,1111.99,분할매수,0.0,1034.8240454915078,1000000.0,1000000.0,8.875293992054415,0.0,0.0,1025.9487514994535,115596030.10536118,115596030.10536118
2012,QQQ,42,2015-06-30,98.80792236328125,1117.34,분할매수,0.0,1025.9487514994535,1000000.0,1000000.0,9.05780331604223,0.0,0.0,1016.8909481834112,112266839.17748585,112266839.17748585
2012,QQQ,43,2015-07-31,103.31134796142578,1159.7,분할매수,0.0,1016.8909481834112,1000000.0,1000000.0,8.346536843016521,0.0,0.0,1008.5444113403946,120833877.6080807,120833877.6080807
2012,QQQ,44,2015-08-31,96.26091003417969,1182.54,분할매수,0.0,1008.5444113403946,1000000.0,1000000.0,8.784846897620374,0.0,0.0,999.7595644427743,113805007.20093228,113805007.20093228
2012,QQQ,45,2015-09-30,94.13615417480469,1184.62,분할매수,0.0,999.7595644427743,1000000.0,1000000.0,8.967357575307874,0.0,0.0,990.7922068674663,110488758.65011436,110488758.65011436
2012,QQQ,46,2015-10-31,104.83930969238281,1140.5,분할매수,0.0,990.7922068674663,1000000.0,1000000.0,8.363355500274835,0.0,0.0,982.4288513671916,117468263.9444069,117468263.9444069
2012,QQQ,47,2015-11-30,105.47760009765625,1149.39,분할매수,0.0,982.4288513671916,1000000.0,1000000.0,8.248449993311175,0.0,0.0,974.1804013738804,118104662.35036424,118104662.35036424
2012,QQQ,48,2015-12-31,103.79547882080078,1169.26,분할매수,0.0,974.1804013738804,1000000.0,1000000.0,8.239682369276029,0.0,0.0,965.9407190046044,117230334.33987528,117230334.33987528
2012,QQQ,49,2016-01-31,96.6227798461914,1210.04,분할매수,0.0,965.9407190046044,1000000.0,1000000.0,8.55304476513904,0.0,0.0,957.3876742394654,111935304.97369047,111935304.97369047
2012,QQQ,50,2016-02-29,95.11027526855469,1238.09,분할매수,0.0,957.3876742394654,1000000.0,1000000.0,8.492202578385012,0.0,0.0,948.8954716610804,111737262.84818971,111737262.84818971
2012,QQQ,51,2016-03-31,101.62783813476562,1138.86,분할매수,0.0,948.8954716610804,1000000.0,1000000.0,8.640064273976451,0.0,0.0,940.2554073871039,108825047.77413726,108825047.77413726
2012,QQQ,52,2016-04-30,98.38910675048828,1144.09,분할매수,0.0,940.2554073871039,1000000.0,1000000.0,8.883677672856685,0.0,0.0,931.3717297142472,104840783.73982134,104840783.73982134
2012,QQQ,53,2016-05-31,102.68878173828125,1188.99,분할매수,0.0,931.3717297142472,1000000.0,1000000.0,8.190280890877412,0.0,0.0,923.1814488233698,112716701.79854731,112716701.79854731
2012,QQQ,54,2016-06-30,100.3494873046875,1154.15,분할매수,0.0,923.1814488233698,1000000.0,1000000.0,8.634209578932929,0.0,0.0,914.5472392444369,105921362.09849362,105921362.09849362
2012,QQQ,55,2016-07-31,107.52534484863281,1112.89,분할매수,0.0,914.5472392444369,1000000.0,1000000.0,8.356740491820076,0.0,0.0,906.1904987526168,108438272.0319763,108438272.0319763
2012,QQQ,56,2016-08-31,108.65442657470703,1115.98,분할매수,0.0,906.1904987526168,1000000.0,1000000.0,8.247003224643937,0.0,0.0,897.9434955279729,108881186.4223251,108881186.4223251
2012,QQQ,57,2016-09-30,111.05953216552734,1097.98,분할매수,0.0,897.9434955279729,1000000.0,1000000.0,8.200677457618157,0.0,0.0,889.7428180703547,108496258.10411714,108496258.10411714
2012,QQQ,58,2016-10-31,109.44116973876953,1145.37,분할매수,0.0,889.7428180703547,1000000.0,1000000.0,7.977622285490401,0.0,0.0,881.7651957848643,110529825.08191793,110529825.08191793
2012,QQQ,59,2016-11-30,109.91825103759766,1175.87,분할매수,0.0,881.7651957848643,1000000.0,1000000.0,7.7369694168529275,0.0,0.0,874.0282263680114,112967775.78882161,112967775.78882161
2012,QQQ,60,2016-12-31,111.16280364990234,1203.73,분할매수,0.0,874.0282263680114,1000000.0,1000000.0,7.473282921773574,0.0,0.0,866.5549434462378,115953718.40152216,115953718.40152216
2012,QQQ,61,2017-01-31,116.87664794921875,1151.45,분할매수,0.0,866.5549434462378,1000000.0,1000000.0,7.430656208912446,0.0,0.0,859.1242872373253,115618898.66562232,115618898.66562232
2012,QQQ,62,2017-02-28,121.9900894165039,1129.17,분할매수,0.0,859.1242872373253,1000000.0,1000000.0,7.259657288463132,0.0,0.0,851.8646299488622,117342265.08221324,117342265.08221324
2012,QQQ,63,2017-03-31,124.46266174316406,1117.48,분할매수,0.0,851.8646299488622,1000000.0,1000000.0,7.189871959814022,0.0,0.0,844.6747579890482,117481196.14787927,117481196.14787927
2012,QQQ,64,2017-04-30,127.85678100585938,1136.99,분할매수,0.0,844.6747579890482,1000000.0,1000000.0,6.878909388273054,0.0,0.0,837.7958486007751,121791958.77024095,121791958.77024095
2012,QQQ,65,2017-05-31,132.83981323242188,1119.58,분할매수,0.0,837.7958486007751,1000000.0,1000000.0,6.723828257181356,0.0,0.0,831.0720203435937,123601018.43112528,123601018.43112528
2012,QQQ,66,2017-06-30,129.76058959960938,1143.75,분할매수,0.0,831.0720203435937,1000000.0,1000000.0,6.737923606763131,0.0,0.0,824.3340967368306,122342452.19245476,122342452.19245476
2012,QQQ,67,2017-07-31,135.0306854248047,1121.86,분할매수,0.0,824.3340967368306,1000000.0,1000000.0,6.601290794258334,0.0,0.0,817.7328059425722,123874683.21404947,123874683.21404947
2012,QQQ,68,2017-08-31,137.83062744140625,1122.36,분할매수,0.0,817.7328059425722,1000000.0,1000000.0,6.464308679725856,0.0,0.0,811.2684972628464,125499653.16588986,125499653.16588986
2012,QQQ,69,2017-09-30,137.42367553710938,1142.57,분할매수,0.0,811.2684972628464,1000000.0,1000000.0,6.368770851011641,0.0,0.0,804.8997264118348,126382271.4368788,126382271.4368788
2012,QQQ,70,2017-10-31,143.75390625,1115.68,분할매수,0.0,804.8997264118348,1000000.0,1000000.0,6.2350608672292385,0.0,0.0,798.6646655446056,128092521.07582383,128092521.07582383
2012,QQQ,71,2017-11-30,146.5883331298828,1084.79,분할매수,0.0,798.6646655446056,1000000.0,1000000.0,6.288613743233513,0.0,0.0,792.376051801372,126001704.6927013,126001704.6927013
2012,QQQ,72,2017-12-31,147.47250366210938,1067.42,분할매수,0.0,792.376051801372,1000000.0,1000000.0,6.352630725360306,0.0,0.0,786.0234210760117,123731955.3202001,123731955.3202001
2012,QQQ,73,2018-01-31,160.38674926757812,1068.33,분할매수,0.0,786.0234210760117,1000000.0,1000000.0,5.836145232289653,0.0,0.0,780.187275843722,133681950.12131949,133681950.12131949
2012,QQQ,74,2018-02-28,158.31326293945312,1082.12,분할매수,0.0,780.187275843722,1000000.0,1000000.0,5.837236320435129,0.0,0.0,774.3500395232868,132656962.47596225,132656962.47596225
2012,QQQ,75,2018-03-31,151.85592651367188,1060.99,분할매수,0.0,774.3500395232868,1000000.0,1000000.0,6.206645823583529,0.0,0.0,768.1433936997032,123761435.0058403,123761435.0058403
2012,QQQ,76,2018-04-30,152.62408447265625,1069.07,분할매수,0.0,768.1433936997032,1000000.0,1000000.0,6.1287341845933945,0.0,0.0,762.0146595151098,124334754.38218324,124334754.38218324
2012,QQQ,77,2018-05-31,161.28233337402344,1080.75,분할매수,0.0,762.0146595151098,1000000.0,1000000.0,5.737041055114647,0.0,0.0,756.2776184599951,131823637.16671747,131823637.16671747
2012,QQQ,78,2018-06-30,163.12913513183594,1111.79,분할매수,0.0,756.2776184599951,1000000.0,1000000.0,5.51373263308745,0.0,0.0,750.7638858269077,136162548.2747633,136162548.2747633
2012,QQQ,79,2018-07-31,167.6908416748047,1112.75,분할매수,0.0,750.7638858269077,1000000.0,1000000.0,5.359114703004297,0.0,0.0,745.4047711239034,139091027.61059257,139091027.61059257
2012,QQQ,80,2018-08-31,177.38446044921875,1116.5,분할매수,0.0,745.4047711239034,1000000.0,1000000.0,5.049236363780962,0.0,0.0,740.3555347601224,146627228.63814014,146627228.63814014
2012,QQQ,81,2018-09-30,176.8848876953125,1109.76,분할매수,0.0,740.3555347601224,1000000.0,1000000.0,5.094249396606257,0.0,0.0,735.2612853635161,144331623.38956952,144331623.38956952
2012,QQQ,82,2018-10-31,161.68038940429688,1140.78,분할매수,0.0,735.2612853635161,1000000.0,1000000.0,5.421765814552934,0.0,0.0,729.8395195489632,134612881.58001047,134612881.58001047
2012,QQQ,83,2018-11-30,161.25192260742188,1118.61,분할매수,0.0,729.8395195489632,1000000.0,1000000.0,5.543912933446721,0.0,0.0,724.2956066155165,130647002.45305127,130647002.45305127
2012,QQQ,84,2018-12-31,147.28636169433594,1112.85,분할매수,0.0,724.2956066155165,1000000.0,1000000.0,6.100997339611204,0.0,0.0,718.1946092759052,117717574.5698118,117717574.5698118
2012,QQQ,85,2019-01-31,160.5580291748047,1111.82,분할매수,0.0,718.1946092759052,1000000.0,1000000.0,5.601875974242248,0.0,0.0,712.592733301663,127206088.92060548,127206088.92060548
2012,QQQ,86,2019-02-28,165.36062622070312,1124.65,분할매수,0.0,712.592733301663,1000000.0,1000000.0,5.377129601423112,0.0,0.0,707.2156037002399,131522886.0232545,131522886.0232545
2012,QQQ,87,2019-03-31,171.85032653808594,1136.3,분할매수,0.0,707.2156037002399,1000000.0,1000000.0,5.121021882753278,0.0,0.0,702.0945818174865,137100484.60874975,137100484.60874975
2012,QQQ,88,2019-04-30,181.30081176757812,1165.1,분할매수,0.0,702.0945818174865,1000000.0,1000000.0,4.734095875895419,0.0,0.0,697.3604859415912,147305949.06037694,147305949.06037694
2012,QQQ,89,2019-05-31,166.38851928710938,1190.5,분할매수,0.0,697.3604859415912,1000000.0,1000000.0,5.048324271018796,0.0,0.0,692.3121616705723,137137023.00087345,137137023.00087345
2012,QQQ,90,2019-06-30,179.0174560546875,1154.58,분할매수,0.0,692.3121616705723,1000000.0,1000000.0,4.838164032129153,0.0,0.0,687.4739976384432,142093982.98054466,142093982.98054466
2012,QQQ,91,2019-07-31,183.19715881347656,1182.74,분할매수,0.0,687.4739976384432,1000000.0,1000000.0,4.615215465287106,0.0,0.0,682.8587821731561,147958158.68386036,147958158.68386036
2012,QQQ,92,2019-08-31,179.71728515625,1211.32,분할매수,0.0,682.8587821731561,1000000.0,1000000.0,4.5935797715868,0.0,0.0,678.2652024015694,147655039.45243785,147655039.45243785
2012,QQQ,93,2019-09-30,181.3668212890625,1195.85,분할매수,0.0,678.2652024015694,1000000.0,1000000.0,4.610684981667132,0.0,0.0,673.6545174199023,146107253.06510147,146107253.06510147
2012,QQQ,94,2019-10-31,189.3108673095703,1169.1,분할매수,0.0,673.6545174199023,1000000.0,1000000.0,4.518276394706572,0.0,0.0,669.1362410251957,148095464.41406912,148095464.41406912
2012,QQQ,95,2019-11-30,197.0146942138672,1181.33,분할매수,0.0,669.1362410251957,1000000.0,1000000.0,4.2966516817430955,0.0,0.0,664.8395893434525,154734346.3209789,154734346.3209789
2012,QQQ,96,2019-12-31,204.6714324951172,1155.46,분할매수,0.0,664.8395893434525,1000000.0,1000000.0,4.228514802495237,0.0,0.0,660.6110745409572,156227684.0443203,156227684.0443203
2012,QQQ,97,2020-01-31,210.8902130126953,1191.3,분할매수,0.0,660.6110745409572,1000000.0,1000000.0,3.9803607288170673,0.0,0.0,656.6307138121401,164967639.50519776,164967639.50519776
2012,QQQ,98,2020-02-29,198.11569213867188,1214.92,분할매수,0.0,656.6307138121401,1000000.0,1000000.0,4.154640424762609,0.0,0.0,652.4760733873775,157047543.6330111,157047543.6330111
2012,QQQ,99,2020-03-31,183.68128967285156,1218.92,분할매수,0.0,652.4760733873775,1000000.0,1000000.0,4.466423264542408,0.0,0.0,648.0096501228351,145084693.44300368,145084693.44300368
2012,QQQ,100,2020-04-30,211.1852569580078,1203.95,분할매수,0.0,648.0096501228351,1000000.0,1000000.0,3.93303627981846,0.0,0.0,644.0766138430166,163760659.20061782,163760659.20061782
2012,QQQ,101,2020-05-31,225.12539672851562,1236.61,분할매수,0.0,644.0766138430166,1000000.0,1000000.0,3.5920531547728625,0.0,0.0,640.4845606882437,178305980.75566164,178305980.75566164
2012,QQQ,102,2020-06-30,239.2782440185547,1200.5,분할매수,0.0,640.4845606882437,1000000.0,1000000.0,3.481245272186915,0.0,0.0,637.0033154160568,182981452.2134753,182981452.2134753
2012,QQQ,103,2020-07-31,256.8569030761719,1192.68,분할매수,0.0,637.0033154160568,1000000.0,1000000.0,3.264260587394414,0.0,0.0,633.7390548286623,194144749.74086648,194144749.74086648
2012,QQQ,104,2020-08-31,284.96917724609375,1187.48,분할매수,0.0,633.7390548286623,1000000.0,1000000.0,2.95512467123774,0.0,0.0,630.7839301574246,213454253.31690785,213454253.31690785
2012,QQQ,105,2020-09-30,268.50189208984375,1165.97,분할매수,0.0,630.7839301574246,1000000.0,1000000.0,3.194223299599095,0.0,0.0,627.5897068578255,196476466.41879857,196476466.41879857
2012,QQQ,106,2020-10-31,260.3262023925781,1133.99,분할매수,0.0,627.5897068578255,1000000.0,1000000.0,3.3874499894640455,0.0,0.0,624.2022568683615,184269069.30281246,184269069.30281246
2012,QQQ,107,2020-11-30,289.5498962402344,1105.79,분할매수,0.0,624.2022568683615,1000000.0,1000000.0,3.1232297166645946,0.0,0.0,621.0790271516969,198857939.85559562,198857939.85559562
2012,QQQ,108,2020-12-31,303.74481201171875,1086.11,분할매수,0.0,621.0790271516969,1000000.0,1000000.0,3.0312190300273425,0.0,0.0,618.0478081216695,203894143.57698017,203894143.57698017
2012,QQQ,109,2021-01-31,304.53875732421875,1118.35,분할매수,0.0,618.0478081216695,1000000.0,1000000.0,2.9361597889621236,0.0,0.0,615.1116483327074,209495290.63271374,209495290.63271374
2012,QQQ,110,2021-02-28,304.1321105957031,1123.36,분할매수,0.0,615.1116483327074,1000000.0,1000000.0,2.9269733516931584,0.0,0.0,612.1846749810143,209152801.00752726,209152801.00752726
2012,QQQ,111,2021-03-31,309.3533935546875,1126.72,분할매수,0.0,612.1846749810143,1000000.0,1000000.0,2.8689905126039728,0.0,0.0,609.3156844684103,212379818.54299653,212379818.54299653
2012,QQQ,112,2021-04-30,327.6356201171875,1115.58,분할매수,0.0,609.3156844684103,1000000.0,1000000.0,2.7359500783031816,0.0,0.0,606.5797343901071,221707164.61548302,221707164.61548302
2012,QQQ,113,2021-05-31,323.70001220703125,1114.48,분할매수,0.0,606.5797343901071,1000000.0,1000000.0,2.771947528187385,0.0,0.0,603.8077868619197,217828000.24961436,217828000.24961436
2012,QQQ,114,2021-06-30,343.9705505371094,1130.42,분할매수,0.0,603.8077868619197,1000000.0,1000000.0,2.5718101489579706,0.0,0.0,601.2359767129617,233779300.13868508,233779300.13868508
2012,QQQ,115,2021-07-31,353.811279296875,1151.86,분할매수,0.0,601.2359767129617,1000000.0,1000000.0,2.4537404883342546,0.0,0.0,598.7822362246275,244028347.362486,244028347.362486
2012,QQQ,116,2021-08-31,368.7374267578125,1158.32,분할매수,0.0,598.7822362246275,1000000.0,1000000.0,2.341284684869393,0.0,0.0,596.4409515397581,254749435.38232306,254749435.38232306
2012,QQQ,117,2021-09-30,347.7815246582031,1183.7,분할매수,0.0,596.4409515397581,1000000.0,1000000.0,2.4291360838413016,0.0,0.0,594.0118154559168,244536244.5551339,244536244.5551339
2012,QQQ,118,2021-10-31,375.1310729980469,1174.94,분할매수,0.0,594.0118154559168,1000000.0,1000000.0,2.268826423209901,0.0,0.0,591.7429890327069,260814570.46657532,260814570.46657532
2012,QQQ,119,2021-11-30,382.6218566894531,1187.45,분할매수,0.0,591.7429890327069,1000000.0,1000000.0,2.200973904107376,0.0,0.0,589.5420151285995,267855068.1716026,267855068.1716026
2012,QQQ,120,2021-12-31,387.03094482421875,1188.59,분할매수,0.0,589.5420151285995,1000000.0,1000000.0,2.173813281002684,0.0,0.0,587.3682018475968,270201772.60885525,270201772.60885525
2012,SPY,0,2011-12-31,97.50320434570312,1158.5,분할매수,100000000.0,0.0,0.0,0.0,0.0,8333333.333333333,91666666.66666667,73.77408423034086,8333333.333333334,100000000.0
2012,SPY,1,2012-01-31,102.02483367919922,1125.7,분할매수,91666666.66666667,73.77408423034086,1000000.0,1000000.0,0.0,8333333.333333333,82333333.33333334,146.3329010695681,16806239.343019966,99139572.6763533
2012,SPY,2,2012-02-29,106.45328521728516,1117.1,분할매수,82333333.33333334,146.3329010695681,1000000.0,1000000.0,0.0,8333333.333333333,73000000.00000001,216.40863154034398,25735090.461715344,98735090.46171536
2012,SPY,3,2012-03-31,109.87721252441406,1131.4,분할매수,73000000.00000001,216.40863154034398,1000000.0,1000000.0,0.0,8333333.333333333,63666666.66666668,283.4426024040123,35236189.29727303,98902855.96393971
2012,SPY,4,2012-04-30,109.14369201660156,1130.05,분할매수,63666666.66666668,283.4426024040123,1000000.0,1000000.0,0.0,8333333.333333333,54333333.33333334,351.00770704271855,43292528.60625774,97625861.93959108
2012,SPY,5,2012-05-31,102.58901977539062,1180.0,분할매수,54333333.33333334,351.00770704271855,1000000.0,1000000.0,0.0,8333333.333333333,45000000.00000001,419.84691525542297,50824586.5202949,95824586.5202949
2012,SPY,6,2012-06-30,106.75215911865234,1141.17,분할매수,45000000.00000001,419.84691525542297,1000000.0,1000000.0,0.0,8333333.333333333,35666666.66666667,488.2525284458042,59480075.98525301,95146742.6519197
2012,SPY,7,2012-07-31,108.01504516601562,1130.27,분할매수,35666666.66666667,488.2525284458042,1000000.0,1000000.0,0.0,8333333.333333333,26333333.33333334,556.5103308472616,67942212.13155891,94275545.46489225
2012,SPY,8,2012-08-31,110.72108459472656,1133.2,분할매수,26333333.33333334,556.5103308472616,1000000.0,1000000.0,0.0,8333333.333333333,17000000.000000007,622.9277287356014,78158202.08520016,95158202.08520016
2012,SPY,9,2012-09-30,113.5279769897461,1111.21,분할매수,17000000.000000007,622.9277287356014,1000000.0,1000000.0,0.0,8333333.333333333,7666666.666666674,688.9848607153208,86917798.78853574,94584465.45520242
2012,SPY,10,2012-10-31,111.46190643310547,1090.17,분할매수,7666666.666666674,688.9848607153208,1000000.0,1000000.0,0.0,6666666.666666674,0.0,743.8489339356986,90386888.93887635,90386888.93887635
2012,SPY,11,2012-11-30,112.09275817871094,1081.75,분할매수,0.0,743.8489339356986,1000000.0,1000000.0,8.24699137739907,0.0,0.0,735.6019425582995,89196400.10467589,89196400.10467589
2012,SPY,12,2012-12-31,113.09429168701172,1063.24,분할매수,0.0,735.6019425582995,1000000.0,1000000.0,8.31625903525666,0.0,0.0,727.2856835230428,87453466.8099834,87453466.8099834
2012,SPY,13,2013-01-31,118.88359069824219,1087.46,분할매수,0.0,727.2856835230428,1000000.0,1000000.0,7.735079735542585,0.0,0.0,719.5506037875002,93024329.21036032,93024329.21036032
2012,SPY,14,2013-02-28,120.40040588378906,1083.9,분할매수,0.0,719.5506037875002,1000000.0,1000000.0,7.6627178164272385,0.0,0.0,711.8878859710729,92902792.85046053,92902792.85046053
2012,SPY,15,2013-03-31,124.97216033935547,1112.48,분할매수,0.0,711.8878859710729,1000000.0,1000000.0,7.192742462959839,0.0,0.0,704.6951435081131,97973081.49666859,97973081.49666859
2012,SPY,16,2013-04-30,127.37313842773438,1101.52,분할매수,0.0,704.6951435081131,1000000.0,1000000.0,7.127377525531254,0.0,0.0,697.5677659825818,97871589.30248852,97871589.30248852
2012,SPY,17,2013-05-31,130.38040161132812,1129.34,분할매수,0.0,697.5677659825818,1000000.0,1000000.0,6.7914573060769134,0.0,0.0,690.7763086765049,101712530.54309958,101712530.54309958
2012,SPY,18,2013-06-30,128.64056396484375,1141.45,분할매수,0.0,690.7763086765049,1000000.0,1000000.0,6.810283201993404,0.0,0.0,683.9660254745114,100431363.15892284,100431363.15892284
2012,SPY,19,2013-07-31,135.288330078125,1122.66,분할매수,0.0,683.9660254745114,1000000.0,1000000.0,6.584024142865798,0.0,0.0,677.3820013316456,102882672.75958145,102882672.75958145
2012,SPY,20,2013-08-31,131.23062133789062,1109.42,분할매수,0.0,677.3820013316456,1000000.0,1000000.0,6.868609466480524,0.0,0.0,670.5133918651651,97619961.52748749,97619961.52748749
2012,SPY,21,2013-09-30,135.38365173339844,1073.33,분할매수,0.0,670.5133918651651,1000000.0,1000000.0,6.8817756067335845,0.0,0.0,663.6316162584314,96433196.05031735,96433196.05031735
2012,SPY,22,2013-10-31,141.65283203125,1060.83,분할매수,0.0,663.6316162584314,1000000.0,1000000.0,6.654707101959618,0.0,0.0,656.9769091564718,98723640.13782233,98723640.13782233
2012,SPY,23,2013-11-30,145.85108947753906,1057.76,분할매수,0.0,656.9769091564718,1000000.0,1000000.0,6.481912775711972,0.0,0.0,650.4949963807599,100355407.25234607,100355407.25234607
2012,SPY,24,2013-12-31,149.6324920654297,1055.25,분할매수,0.0,650.4949963807599,1000000.0,1000000.0,6.333134773115586,0.0,0.0,644.1618616076443,101712956.48754191,101712956.48754191
2012,SPY,25,2014-01-31,144.3582305908203,1080.36,분할매수,0.0,644.1618616076443,1000000.0,1000000.0,6.411947438041357,0.0,0.0,637.7499141696029,99462748.30418994,99462748.30418994
2012,SPY,26,2014-02-28,150.92877197265625,1066.01,분할매수,0.0,637.7499141696029,1000000.0,1000000.0,6.215365643691375,0.0,0.0,631.5345485259115,101608591.46990362,101608591.46990362
2012,SPY,27,2014-03-31,152.1807861328125,1064.65,분할매수,0.0,631.5345485259115,1000000.0,1000000.0,6.172105179719101,0.0,0.0,625.3624433461924,101320769.03048716,101320769.03048716
2012,SPY,28,2014-04-30,153.23870849609375,1032.85,분할매수,0.0,625.3624433461924,1000000.0,1000000.0,6.318213004376766,0.0,0.0,619.0442303418157,97977739.89464904,97977739.89464904
2012,SPY,29,2014-05-31,156.79478454589844,1020.3,분할매수,0.0,619.0442303418157,1000000.0,1000000.0,6.250870485590305,0.0,0.0,612.7933598562254,98033283.7272593,98033283.7272593
2012,SPY,30,2014-06-30,160.03182983398438,1011.6,분할매수,0.0,612.7933598562254,1000000.0,1000000.0,6.177102505346989,0.0,0.0,606.6162573508784,98204013.42308675,98204013.42308675
2012,SPY,31,2014-07-31,157.88136291503906,1027.75,분할매수,0.0,606.6162573508784,1000000.0,1000000.0,6.162850714521314,0.0,0.0,600.453406636357,97431113.36796287,97431113.36796287
2012,SPY,32,2014-08-31,164.11192321777344,1013.85,분할매수,0.0,600.453406636357,1000000.0,1000000.0,6.010161740306534,0.0,0.0,594.4432448960505,98906364.01837204,98906364.01837204
2012,SPY,33,2014-09-30,161.8478240966797,1054.55,분할매수,0.0,594.4432448960505,1000000.0,1000000.0,5.85903319975545,0.0,0.0,588.584211696295,100457565.54526128,100457565.54526128
2012,SPY,34,2014-10-31,165.65948486328125,1073.07,분할매수,0.0,588.584211696295,1000000.0,1000000.0,5.625428900981454,0.0,0.0,582.9587827953136,103629215.3107839,103629215.3107839
2012,SPY,35,2014-11-30,170.2104949951172,1112.06,분할매수,0.0,582.9587827953136,1000000.0,1000000.0,5.283058814029783,0.0,0.0,577.6757239812838,109344935.25743043,109344935.25743043
2012,SPY,36,2014-12-31,169.77871704101562,1090.89,분할매수,0.0,577.6757239812838,1000000.0,1000000.0,5.399279277111115,0.0,0.0,572.2764447041727,105991265.74729978,105991265.74729978
2012,SPY,37,2015-01-31,164.748291015625,1104.3,분할매수,0.0,572.2764447041727,1000000.0,1000000.0,5.49657311901665,0.0,0.0,566.7798715851561,103115133.6137514,103115133.6137514
2012,SPY,38,2015-02-28,174.0078887939453,1100.65,분할매수,0.0,566.7798715851561,1000000.0,1000000.0,5.221338196495144,0.0,0.0,561.558533388661,107550691.46174264,107550691.46174264
2012,SPY,39,2015-03-31,171.27499389648438,1107.71,분할매수,0.0,561.558533388661,1000000.0,1000000.0,5.270841575311419,0.0,0.0,556.2876918133495,105540582.82058726,105540582.82058726
2012,SPY,40,2015-04-30,172.9592742919922,1076.74,분할매수,0.0,556.2876918133495,1000000.0,1000000.0,5.369641589653466,0.0,0.0,550.918050223696,102598663.43504873,102598663.43504873
2012,SPY,41,2015-05-31,175.18284606933594,1111.99,분할매수,0.0,550.918050223696,1000000.0,1000000.0,5.1334287736819775,0.0,0.0,545.784621450014,106319702.77802205,106319702.77802205
2012,SPY,42,2015-06-30,171.6245574951172,1117.34,분할매수,0.0,545.784621450014,1000000.0,1000000.0,5.214770775789676,0.0,0.0,540.5698506742243,103661287.1238555,103661287.1238555
2012,SPY,43,2015-07-31,175.50144958496094,1159.7,분할매수,0.0,540.5698506742243,1000000.0,1000000.0,4.913303987522343,0.0,0.0,535.656546686702,109021657.94077404,109021657.94077404
2012,SPY,44,2015-08-31,164.80459594726562,1182.54,분할매수,0.0,535.656546686702,1000000.0,1000000.0,5.13115154353138,0.0,0.0,530.5253951431706,103393047.47527502,103393047.47527502
2012,SPY,45,2015-09-30,160.5994110107422,1184.62,분할매수,0.0,530.5253951431706,1000000.0,1000000.0,5.256261837680844,0.0,0.0,525.2691333054897,99932071.40861306,99932071.40861306
2012,SPY,46,2015-10-31,174.25997924804688,1140.5,분할매수,0.0,525.2691333054897,1000000.0,1000000.0,5.031610936397113,0.0,0.0,520.2375223690926,103393829.32131253,103393829.32131253
2012,SPY,47,2015-11-30,174.8968963623047,1149.39,분할매수,0.0,520.2375223690926,1000000.0,1000000.0,4.974512000588635,0.0,0.0,515.263010368504,103580614.60250428,103580614.60250428
2012,SPY,48,2015-12-31,171.87423706054688,1169.26,분할매수,0.0,515.263010368504,1000000.0,1000000.0,4.975974244173872,0.0,0.0,510.2870361243301,102550176.32412398,102550176.32412398
2012,SPY,49,2016-01-31,163.3172607421875,1210.04,분할매수,0.0,510.2870361243301,1000000.0,1000000.0,5.060205869245099,0.0,0.0,505.22683025508496,99843137.47504835,99843137.47504835
2012,SPY,50,2016-02-29,163.1823272705078,1238.09,분할매수,0.0,505.22683025508496,1000000.0,1000000.0,4.9496519529814575,0.0,0.0,500.2771783021035,101073203.33922833,101073203.33922833
2012,SPY,51,2016-03-31,174.15895080566406,1138.86,분할매수,0.0,500.2771783021035,1000000.0,1000000.0,5.041779646970021,0.0,0.0,495.23539865513345,98226307.63975517,98226307.63975517
2012,SPY,52,2016-04-30,174.84535217285156,1144.09,분할매수,0.0,495.23539865513345,1000000.0,1000000.0,4.999029714141533,0.0,0.0,490.2363689409919,98066304.25784108,98066304.25784108
2012,SPY,53,2016-05-31,177.8197479248047,1188.99,분할매수,0.0,490.2363689409919,1000000.0,1000000.0,4.729789444613229,0.0,0.0,485.50657949637866,102648666.53827976,102648666.53827976
2012,SPY,54,2016-06-30,178.43783569335938,1154.15,분할매수,0.0,485.50657949637866,1000000.0,1000000.0,4.85568826342465,0.0,0.0,480.650891232954,98987180.63378261,98987180.63378261
2012,SPY,55,2016-07-31,184.94561767578125,1112.89,분할매수,0.0,480.650891232954,1000000.0,1000000.0,4.858516868286706,0.0,0.0,475.7923743646673,97929550.77923799,97929550.77923799
2012,SPY,56,2016-08-31,185.1671600341797,1115.98,분할매수,0.0,475.7923743646673,1000000.0,1000000.0,4.839267428241823,0.0,0.0,470.95310693642546,97319090.940905,97319090.940905
2012,SPY,57,2016-09-30,185.1779327392578,1097.98,분할매수,0.0,470.95310693642546,1000000.0,1000000.0,4.918314987163567,0.0,0.0,466.0347919492619,94754970.58760525,94754970.58760525
2012,SPY,58,2016-10-31,181.96746826171875,1145.37,분할매수,0.0,466.0347919492619,1000000.0,1000000.0,4.798002208847673,0.0,0.0,461.2367897404142,96131008.21210095,96131008.21210095
2012,SPY,59,2016-11-30,188.67086791992188,1175.87,분할매수,0.0,461.2367897404142,1000000.0,1000000.0,4.507501110308179,0.0,0.0,456.72928863010605,101326494.98091401,101326494.98091401
2012,SPY,60,2016-12-31,192.49554443359375,1203.73,분할매수,0.0,456.72928863010605,1000000.0,1000000.0,4.315689926734243,0.0,0.0,452.4135987033718,104829959.1453089,104829959.1453089
2012,SPY,61,2017-01-31,195.94024658203125,1151.45,분할매수,0.0,452.4135987033718,1000000.0,1000000.0,4.432321612891038,0.0,0.0,447.9812770904808,101071473.64657938,101071473.64657938
2012,SPY,62,2017-02-28,203.63900756835938,1129.17,분할매수,0.0,447.9812770904808,1000000.0,1000000.0,4.348902758502708,0.0,0.0,443.63237433197804,102010184.85975924,102010184.85975924
2012,SPY,63,2017-03-31,203.8935546875,1117.48,분할매수,0.0,443.63237433197804,1000000.0,1000000.0,4.388910689612172,0.0,0.0,439.2434636423659,100080292.06016491,100080292.06016491
2012,SPY,64,2017-04-30,205.9174346923828,1136.99,분할매수,0.0,439.2434636423659,1000000.0,1000000.0,4.271203225358132,0.0,0.0,434.97226041700776,101838343.31145322,101838343.31145322
2012,SPY,65,2017-05-31,208.8235321044922,1119.58,분할매수,0.0,434.97226041700776,1000000.0,1000000.0,4.277257840097791,0.0,0.0,430.69500257691,100694187.41589426,100694187.41589426
2012,SPY,66,2017-06-30,210.15472412109375,1143.75,분할매수,0.0,430.69500257691,1000000.0,1000000.0,4.16034873138002,0.0,0.0,426.53465384553,102523774.1798739,102523774.1798739
2012,SPY,67,2017-07-31,214.47430419921875,1121.86,분할매수,0.0,426.53465384553,1000000.0,1000000.0,4.156100769112103,0.0,0.0,422.37855307641786,101628564.01738632,101628564.01738632
2012,SPY,68,2017-08-31,215.10008239746094,1122.36,분할매수,0.0,422.37855307641786,1000000.0,1000000.0,4.142163551826052,0.0,0.0,418.2363895245918,100970515.59932113,100970515.59932113
2012,SPY,69,2017-09-30,219.43421936035156,1142.57,분할매수,0.0,418.2363895245918,1000000.0,1000000.0,3.9885296903595093,0.0,0.0,414.2478598342323,103859790.94890322,103859790.94890322
2012,SPY,70,2017-10-31,224.60499572753906,1115.68,분할매수,0.0,414.2478598342323,1000000.0,1000000.0,3.990625197215137,0.0,0.0,410.2572346370172,102805253.40323009,102805253.40323009
2012,SPY,71,2017-11-30,231.47019958496094,1084.79,분할매수,0.0,410.2572346370172,1000000.0,1000000.0,3.9825316951001892,0.0,0.0,406.274702941917,102014179.43308955,102014179.43308955
2012,SPY,72,2017-12-31,234.27752685546875,1067.42,분할매수,0.0,406.274702941917,1000000.0,1000000.0,3.9988400530097943,0.0,0.0,402.27586288890717,100598137.84903136,100598137.84903136
2012,SPY,73,2018-01-31,247.48110961914062,1068.33,분할매수,0.0,402.27586288890717,1000000.0,1000000.0,3.782269941737877,0.0,0.0,398.4935929471693,105358316.32473844,105358316.32473844
2012,SPY,74,2018-02-28,238.4827117919922,1082.12,분할매수,0.0,398.4935929471693,1000000.0,1000000.0,3.8749640235674403,0.0,0.0,394.6186289236019,101838011.01727413,101838011.01727413
2012,SPY,75,2018-03-31,231.94573974609375,1060.99,분할매수,0.0,394.6186289236019,1000000.0,1000000.0,4.0635191364766685,0.0,0.0,390.5551097871252,96112531.20017579,96112531.20017579
2012,SPY,76,2018-04-30,233.1444854736328,1069.07,분할매수,0.0,390.5551097871252,1000000.0,1000000.0,4.01207192183675,0.0,0.0,386.54303786528845,96344992.16263472,96344992.16263472
2012,SPY,77,2018-05-31,238.81192016601562,1080.75,분할매수,0.0,386.54303786528845,1000000.0,1000000.0,3.874527567083869,0.0,0.0,382.6685102982046,98765205.22119214,98765205.22119214
2012,SPY,78,2018-06-30,240.18536376953125,1111.79,분할매수,0.0,382.6685102982046,1000000.0,1000000.0,3.74481784263424,0.0,0.0,378.92369245557035,101186147.99939689,101186147.99939689
2012,SPY,79,2018-07-31,249.08338928222656,1112.75,분할매수,0.0,378.92369245557035,1000000.0,1000000.0,3.607926075553593,0.0,0.0,375.3157663800167,104025348.22513764,104025348.22513764
2012,SPY,80,2018-08-31,257.0340576171875,1116.5,분할매수,0.0,375.3157663800167,1000000.0,1000000.0,3.4845812900164477,0.0,0.0,371.8311850900003,106707565.16868205,106707565.16868205
2012,SPY,81,2018-09-30,258.5623474121094,1109.76,분할매수,0.0,371.8311850900003,1000000.0,1000000.0,3.485023018353097,0.0,0.0,368.3461620716472,105694039.93369177,105694039.93369177
2012,SPY,82,2018-10-31,240.6945037841797,1140.78,분할매수,0.0,368.3461620716472,1000000.0,1000000.0,3.6419328001848617,0.0,0.0,364.70422927146234,100140296.17815855,100140296.17815855
2012,SPY,83,2018-11-30,245.1592254638672,1118.61,분할매수,0.0,364.70422927146234,1000000.0,1000000.0,3.646473501435471,0.0,0.0,361.05775577002686,99015598.39332244,99015598.39332244
2012,SPY,84,2018-12-31,223.5733642578125,1112.85,분할매수,0.0,361.05775577002686,1000000.0,1000000.0,4.01923415090694,0.0,0.0,357.03852161911993,88832476.09213167,88832476.09213167
2012,SPY,85,2019-01-31,241.4739532470703,1111.82,분할매수,0.0,357.03852161911993,1000000.0,1000000.0,3.7247336783597245,0.0,0.0,353.3137879407602,94856120.85327679,94856120.85327679
2012,SPY,86,2019-02-28,249.301513671875,1124.65,분할매수,0.0,353.3137879407602,1000000.0,1000000.0,3.5666270335265797,0.0,0.0,349.74716090723365,98061041.31987515,98061041.31987515
2012,SPY,87,2019-03-31,253.8138885498047,1136.3,분할매수,0.0,349.74716090723365,1000000.0,1000000.0,3.46730152470418,0.0,0.0,346.2798593825295,99870131.54619515,99870131.54619515
2012,SPY,88,2019-04-30,264.18280029296875,1165.1,분할매수,0.0,346.2798593825295,1000000.0,1000000.0,3.2488694356088517,0.0,0.0,343.0309899469206,105584726.23958653,105584726.23958653
2012,SPY,89,2019-05-31,247.33560180664062,1190.5,분할매수,0.0,343.0309899469206,1000000.0,1000000.0,3.3961273435785695,0.0,0.0,339.63486260334207,100006515.72901909,100006515.72901909
2012,SPY,90,2019-06-30,264.5469055175781,1154.58,분할매수,0.0,339.63486260334207,1000000.0,1000000.0,3.273959358218613,0.0,0.0,336.36090324512344,102738264.72547905,102738264.72547905
2012,SPY,91,2019-07-31,268.5466613769531,1182.74,분할매수,0.0,336.36090324512344,1000000.0,1000000.0,3.148407640658817,0.0,0.0,333.2124956044646,105835245.50675358,105835245.50675358
2012,SPY,92,2019-08-31,264.0502014160156,1211.32,분할매수,0.0,333.2124956044646,1000000.0,1000000.0,3.126472471034344,0.0,0.0,330.0860231334303,105577780.13130131,105577780.13130131
2012,SPY,93,2019-09-30,269.1881103515625,1195.85,분할매수,0.0,330.0860231334303,1000000.0,1000000.0,3.1064718200148884,0.0,0.0,326.9795513134154,105257530.16869417,105257530.16869417
2012,SPY,94,2019-10-31,275.138427734375,1169.1,분할매수,0.0,326.9795513134154,1000000.0,1000000.0,3.108830816799036,0.0,0.0,323.8707204966164,104177660.21442276,104177660.21442276
2012,SPY,95,2019-11-30,285.0979309082031,1181.33,분할매수,0.0,323.8707204966164,1000000.0,1000000.0,2.9691675226316336,0.0,0.0,320.9015529739848,108077954.68864727,108077954.68864727
2012,SPY,96,2019-12-31,293.3815612792969,1155.46,분할매수,0.0,320.9015529739848,1000000.0,1000000.0,2.949933793315662,0.0,0.0,317.9516191806691,107782628.85123883,107782628.85123883
2012,SPY,97,2020-01-31,293.2631530761719,1191.3,분할매수,0.0,317.9516191806691,1000000.0,1000000.0,2.862340915190148,0.0,0.0,315.089278265479,110080974.83892734,110080974.83892734
2012,SPY,98,2020-02-29,270.0467224121094,1214.92,분할매수,0.0,315.089278265479,1000000.0,1000000.0,3.0479890886549805,0.0,0.0,312.041289176824,102376117.53214046,102376117.53214046
2012,SPY,99,2020-03-31,236.32566833496094,1218.92,분할매수,0.0,312.041289176824,1000000.0,1000000.0,3.4714738827826745,0.0,0.0,308.56981529404135,88887263.94412537,88887263.94412537
2012,SPY,100,2020-04-30,266.3350830078125,1203.95,분할매수,0.0,308.56981529404135,1000000.0,1000000.0,3.118625109386225,0.0,0.0,305.4511901846551,97944183.56516433,97944183.56516433
2012,SPY,101,2020-05-31,279.02471923828125,1236.61,분할매수,0.0,305.4511901846551,1000000.0,1000000.0,2.8981747342878825,0.0,0.0,302.55301545036724,104394332.01556367,104394332.01556367
2012,SPY,102,2020-06-30,283.97308349609375,1200.5,분할매수,0.0,302.55301545036724,1000000.0,1000000.0,2.9333282065736306,0.0,0.0,299.61968724379363,102143253.71853775,102143253.71853775
2012,SPY,103,2020-07-31,300.69683837890625,1192.68,분할매수,0.0,299.61968724379363,1000000.0,1000000.0,2.7883494546597523,0.0,0.0,296.8313377891339,106454138.05399607,106454138.05399607
2012,SPY,104,2020-08-31,321.6845703125,1187.48,분할매수,0.0,296.8313377891339,1000000.0,1000000.0,2.6178422092305405,0.0,0.0,294.21349557990334,112387788.13425168,112387788.13425168
2012,SPY,105,2020-09-30,309.63946533203125,1165.97,분할매수,0.0,294.21349557990334,1000000.0,1000000.0,2.769850409023746,0.0,0.0,291.4436451708796,105219994.63270693,105219994.63270693
2012,SPY,106,2020-10-31,301.9190368652344,1133.99,분할매수,0.0,291.4436451708796,1000000.0,1000000.0,2.92078962859694,0.0,0.0,288.5228555422827,98782484.26980358,98782484.26980358
2012,SPY,107,2020-11-30,334.7608642578125,1105.79,분할매수,0.0,288.5228555422827,1000000.0,1000000.0,2.701423424747133,0.0,0.0,285.82143211753555,105804010.3965893,105804010.3965893
2012,SPY,108,2020-12-31,347.1632080078125,1086.11,분할매수,0.0,285.82143211753555,1000000.0,1000000.0,2.6521158728930745,0.0,0.0,283.16931624464246,106771095.16174562,106771095.16174562
2012,SPY,109,2021-01-31,343.6254577636719,1118.35,분할매수,0.0,283.16931624464246,1000000.0,1000000.0,2.602177554757404,0.0,0.0,280.56713868988504,107820136.3227275,107820136.3227275
2012,SPY,110,2021-02-28,353.18011474609375,1123.36,분할매수,0.0,280.56713868988504,1000000.0,1000000.0,2.52048896849073,0.0,0.0,278.0466497213943,110314567.21188857,110314567.21188857
2012,SPY,111,2021-03-31,369.2143859863281,1126.72,분할매수,0.0,278.0466497213943,1000000.0,1000000.0,2.403839029130101,0.0,0.0,275.6428106922642,114667749.10964549,114667749.10964549
2012,SPY,112,2021-04-30,388.7495422363281,1115.58,분할매수,0.0,275.6428106922642,1000000.0,1000000.0,2.3058411731057307,0.0,0.0,273.3369695191585,118541108.86180498,118541108.86180498
2012,SPY,113,2021-05-31,391.3021545410156,1114.48,분할매수,0.0,273.3369695191585,1000000.0,1000000.0,2.293060332785506,0.0,0.0,271.043909186373,118201821.95429683,118201821.95429683
2012,SPY,114,2021-06-30,400.0780334472656,1130.42,분할매수,0.0,271.043909186373,1000000.0,1000000.0,2.211136025618865,0.0,0.0,268.83277316075413,121581291.26656137,121581291.26656137
2012,SPY,115,2021-07-31,409.8449401855469,1151.86,분할매수,0.0,268.83277316075413,1000000.0,1000000.0,2.1182671203578685,0.0,0.0,266.71450604039626,125911648.94979648,125911648.94979648
2012,SPY,116,2021-08-31,422.04180908203125,1158.32,분할매수,0.0,266.71450604039626,1000000.0,1000000.0,2.0455776452195393,0.0,0.0,264.6689283951767,129385911.60971127,129385911.60971127
2012,SPY,117,2021-09-30,402.3724365234375,1183.7,분할매수,0.0,264.6689283951767,1000000.0,1000000.0,2.099568892292591,0.0,0.0,262.5693595028841,125058701.55857359,125058701.55857359
2012,SPY,118,2021-10-31,430.6042175292969,1174.94,분할매수,0.0,262.5693595028841,1000000.0,1000000.0,1.9765419286148647,0.0,0.0,260.5928175742692,131842797.6667762,131842797.6667762
2012,SPY,119,2021-11-30,427.14447021484375,1187.45,분할매수,0.0,260.5928175742692,1000000.0,1000000.0,1.9715594615822167,0.0,0.0,258.621258112687,131175986.9038584,131175986.9038584
2012,SPY,120,2021-12-31,446.89892578125,1188.59,분할매수,0.0,258.621258112687,1000000.0,1000000.0,1.8826024397958006,0.0,0.0,256.7386556728912,136374334.93432567,136374334.93432567
2012,SOXX,0,2011-12-31,14.056510925292969,1158.5,분할매수,100000000.0,0.0,0.0,0.0,0.0,8333333.333333333,91666666.66666667,511.7350705561463,8333333.333333333,100000000.0
2012,SOXX,1,2012-01-31,15.795072555541992,1125.7,분할매수,91666666.66666667,511.7350705561463,1000000.0,1000000.0,0.0,8333333.333333333,82333333.33333334,980.4129569001525,17432245.49786234,99765578.83119568
2012,SOXX,2,2012-02-29,16.41254234313965,1117.1,분할매수,82333333.33333334,980.4129569001525,1000000.0,1000000.0,0.0,8333333.333333333,73000000.00000001,1434.9307011138183,26308666.70189644,99308666.70189646
2012,SOXX,3,2012-03-31,16.94625473022461,1131.4,분할매수,73000000.00000001,1434.9307011138183,1000000.0,1000000.0,0.0,8333333.333333333,63666666.66666668,1869.5698576824886,35845249.04985,99511915.71651667
2012,SOXX,4,2012-04-30,15.994181632995605,1130.05,분할매수,63666666.66666668,1869.5698576824886,1000000.0,1000000.0,0.0,8333333.333333333,54333333.33333334,2330.631582562704,42124359.50898994,96457692.84232327
2012,SOXX,5,2012-05-31,14.315231323242188,1180.0,분할매수,54333333.33333334,2330.631582562704,1000000.0,1000000.0,0.0,8333333.333333333,45000000.00000001,2823.96254824464,47702299.0090275,92702299.00902751
2012,SOXX,6,2012-06-30,14.94796371459961,1141.17,분할매수,45000000.00000001,2823.96254824464,1000000.0,1000000.0,0.0,8333333.333333333,35666666.66666667,3312.487075286159,56504960.207191326,92171626.873858
2012,SOXX,7,2012-07-31,14.91081714630127,1130.27,분할매수,35666666.66666667,3312.487075286159,1000000.0,1000000.0,0.0,8333333.333333333,26333333.33333334,3806.9515661980654,64159503.802743055,90492837.13607639
2012,SOXX,8,2012-08-31,15.413655281066895,1133.2,분할매수,26333333.33333334,3806.9515661980654,1000000.0,1000000.0,0.0,8333333.333333333,17000000.000000007,4284.048412861648,74828420.45629226,91828420.45629227
2012,SOXX,9,2012-09-30,14.88819408416748,1111.21,분할매수,17000000.000000007,4284.048412861648,1000000.0,1000000.0,0.0,8333333.333333333,7666666.666666674,4787.758434171567,79208245.34654549,86874912.01321216
2012,SOXX,10,2012-10-31,14.317110061645508,1090.17,분할매수,7666666.666666674,4787.758434171567,1000000.0,1000000.0,0.0,6666666.666666674,0.0,5214.88752443477,81394401.8847837,81394401.8847837
2012,SOXX,11,2012-11-30,14.615561485290527,1081.75,분할매수,0.0,5214.88752443477,1000000.0,1000000.0,63.249572115246885,0.0,0.0,5151.637952319523,81449372.3836224,81449372.3836224
2012,SOXX,12,2012-12-31,14.987213134765625,1063.24,분할매수,0.0,5151.637952319523,1000000.0,1000000.0,62.75492425582106,0.0,0.0,5088.883028063702,81091373.91862383,81091373.91862383
2012,SOXX,13,2013-01-31,16.133434295654297,1087.46,분할매수,0.0,5088.883028063702,1000000.0,1000000.0,56.9980350399548,0.0,0.0,5031.8849930237475,88281727.42264657,88281727.42264657
2012,SOXX,14,2013-02-28,16.7209415435791,1083.9,분할매수,0.0,5031.8849930237475,1000000.0,1000000.0,55.17597994504447,0.0,0.0,4976.709013078703,90197020.84195928,90197020.84195928
2012,SOXX,15,2013-03-31,17.11033821105957,1112.48,분할매수,0.0,4976.709013078703,1000000.0,1000000.0,52.53505531408447,0.0,0.0,4924.1739577646185,93731203.44739532,93731203.44739532
2012,SOXX,16,2013-04-30,17.410873413085938,1101.52,분할매수,0.0,4924.1739577646185,1000000.0,1000000.0,52.14192433929762,0.0,0.0,4872.032033425321,93437902.32447241,93437902.32447241
2012,SOXX,17,2013-05-31,18.40207290649414,1129.34,분할매수,0.0,4872.032033425321,1000000.0,1000000.0,48.1181079757602,0.0,0.0,4823.913925449561,100251529.58798042,100251529.58798042
2012,SOXX,18,2013-06-30,18.394147872924805,1141.45,분할매수,0.0,4823.913925449561,1000000.0,1000000.0,47.628119438697894,0.0,0.0,4776.285806010864,100282897.21072058,100282897.21072058
2012,SOXX,19,2013-07-31,18.814044952392578,1122.66,분할매수,0.0,4776.285806010864,1000000.0,1000000.0,47.34450426457053,0.0,0.0,4728.941301746293,99883637.50352155,99883637.50352155
2012,SOXX,20,2013-08-31,18.072711944580078,1109.42,분할매수,0.0,4728.941301746293,1000000.0,1000000.0,49.87474435367592,0.0,0.0,4679.066557392617,93816351.70321941,93816351.70321941
2012,SOXX,21,2013-09-30,19.387670516967773,1073.33,분할매수,0.0,4679.066557392617,1000000.0,1000000.0,48.055278803816336,0.0,0.0,4631.0112785888,96368419.74207892,96368419.74207892
2012,SOXX,22,2013-10-31,20.033437728881836,1060.83,분할매수,0.0,4631.0112785888,1000000.0,1000000.0,47.05423602720163,0.0,0.0,4583.957042561598,97418583.9487789,97418583.9487789
2012,SOXX,23,2013-11-30,20.207975387573242,1057.76,분할매수,0.0,4583.957042561598,1000000.0,1000000.0,46.78321415698745,0.0,0.0,4537.173828404611,96982943.77935442,96982943.77935442
2012,SOXX,24,2013-12-31,21.218782424926758,1055.25,분할매수,0.0,4537.173828404611,1000000.0,1000000.0,44.66056155862515,0.0,0.0,4492.513266845986,100592404.3509561,100592404.3509561
2012,SOXX,25,2014-01-31,20.988237380981445,1080.36,분할매수,0.0,4492.513266845986,1000000.0,1000000.0,44.10172088275238,0.0,0.0,4448.411545963234,100867074.04887119,100867074.04887119
2012,SOXX,26,2014-02-28,22.397769927978516,1066.01,분할매수,0.0,4448.411545963234,1000000.0,1000000.0,41.88262969839527,0.0,0.0,4406.528916264839,105211371.5876268,105211371.5876268
2012,SOXX,27,2014-03-31,23.317424774169922,1064.65,분할매수,0.0,4406.528916264839,1000000.0,1000000.0,40.28214210792898,0.0,0.0,4366.24677415691,108391623.32674147,108391623.32674147
2012,SOXX,28,2014-04-30,22.884382247924805,1032.85,분할매수,0.0,4366.24677415691,1000000.0,1000000.0,42.308102980656926,0.0,0.0,4323.938671176253,102201194.72511302,102201194.72511302
2012,SOXX,29,2014-05-31,23.896774291992188,1020.3,분할매수,0.0,4323.938671176253,1000000.0,1000000.0,41.014066544574604,0.0,0.0,4282.924604631678,104425748.6630091,104425748.6630091
2012,SOXX,30,2014-06-30,25.35187530517578,1011.6,분할매수,0.0,4282.924604631678,1000000.0,1000000.0,38.992500755987514,0.0,0.0,4243.932103875691,108839700.49610145,108839700.49610145
2012,SOXX,31,2014-07-31,24.248594284057617,1027.75,분할매수,0.0,4243.932103875691,1000000.0,1000000.0,40.126007258501225,0.0,0.0,4203.80609661719,104765123.26619683,104765123.26619683
2012,SOXX,32,2014-08-31,25.803739547729492,1013.85,분할매수,0.0,4203.80609661719,1000000.0,1000000.0,38.224661205680746,0.0,0.0,4165.581435411509,108976281.38539113,108976281.38539113
2012,SOXX,33,2014-09-30,25.554243087768555,1054.55,분할매수,0.0,4165.581435411509,1000000.0,1000000.0,37.1081926173158,0.0,0.0,4128.4732427941935,111255034.30926257,111255034.30926257
2012,SOXX,34,2014-10-31,25.642515182495117,1073.07,분할매수,0.0,4128.4732427941935,1000000.0,1000000.0,36.34220930510624,0.0,0.0,4092.1310334890873,112599952.27956945,112599952.27956945
2012,SOXX,35,2014-11-30,27.49325180053711,1112.06,분할매수,0.0,4092.1310334890873,1000000.0,1000000.0,32.70737351653538,0.0,0.0,4059.423659972552,124113410.02114674,124113410.02114674
2012,SOXX,36,2014-12-31,27.552759170532227,1090.89,분할매수,0.0,4059.423659972552,1000000.0,1000000.0,33.27008750522752,0.0,0.0,4026.1535724673245,121014216.50408103,121014216.50408103
2012,SOXX,37,2015-01-31,26.212053298950195,1104.3,분할매수,0.0,4026.1535724673245,1000000.0,1000000.0,34.547122938922314,0.0,0.0,3991.606449528402,115540922.36813393,115540922.36813393
2012,SOXX,38,2015-02-28,28.730329513549805,1100.65,분할매수,0.0,3991.606449528402,1000000.0,1000000.0,31.623516041569015,0.0,0.0,3959.982933486833,125222727.55127695,125222727.55127695
2012,SOXX,39,2015-03-31,27.96234703063965,1107.71,분할매수,0.0,3959.982933486833,1000000.0,1000000.0,32.28496369248259,0.0,0.0,3927.6979697943507,121657190.23896247,121657190.23896247
2012,SOXX,40,2015-04-30,27.60248565673828,1076.74,분할매수,0.0,3927.6979697943507,1000000.0,1000000.0,33.64658256159053,0.0,0.0,3894.05138723276,115733934.64565521,115733934.64565521
2012,SOXX,41,2015-05-31,30.059059143066406,1111.99,분할매수,0.0,3894.05138723276,1000000.0,1000000.0,29.917392237317078,0.0,0.0,3864.133994995443,129160120.78671633,129160120.78671633
2012,SOXX,42,2015-06-30,27.459665298461914,1117.34,분할매수,0.0,3864.133994995443,1000000.0,1000000.0,32.592630576728205,0.0,0.0,3831.5413644187147,117558518.49388655,117558518.49388655
2012,SOXX,43,2015-07-31,26.102930068969727,1159.7,분할매수,0.0,3831.5413644187147,1000000.0,1000000.0,33.034298057090666,0.0,0.0,3798.507066361624,114986764.96158488,114986764.96158488
2012,SOXX,44,2015-08-31,24.755144119262695,1182.54,분할매수,0.0,3798.507066361624,1000000.0,1000000.0,34.16006599686335,0.0,0.0,3764.3470003647603,110197298.81992649,110197298.81992649
2012,SOXX,45,2015-09-30,24.426544189453125,1184.62,분할매수,0.0,3764.3470003647603,1000000.0,1000000.0,34.55882046606791,0.0,0.0,3729.7881798986923,107925795.19780892,107925795.19780892
2012,SOXX,46,2015-10-31,26.849407196044922,1140.5,분할매수,0.0,3729.7881798986923,1000000.0,1000000.0,32.656527980623935,0.0,0.0,3697.131651918068,113212637.12148713,113212637.12148713
2012,SOXX,47,2015-11-30,27.470121383666992,1149.39,분할매수,0.0,3697.131651918068,1000000.0,1000000.0,31.67174610073934,0.0,0.0,3665.459905817329,115732801.53732236,115732801.53732236
2012,SOXX,48,2015-12-31,26.996599197387695,1169.26,분할매수,0.0,3665.459905817329,1000000.0,1000000.0,31.679611590969294,0.0,0.0,3633.7802942263597,114704067.11874644,114704067.11874644
2012,SOXX,49,2016-01-31,24.950218200683594,1210.04,분할매수,0.0,3633.7802942263597,1000000.0,1000000.0,33.12271478788137,0.0,0.0,3600.6575794384785,108706596.13794257,108706596.13794257
2012,SOXX,50,2016-02-29,25.382936477661133,1238.09,분할매수,0.0,3600.6575794384785,1000000.0,1000000.0,31.820420997285343,0.0,0.0,3568.837158441193,112155560.69310512,112155560.69310512
2012,SOXX,51,2016-03-31,27.614622116088867,1138.86,분할매수,0.0,3568.837158441193,1000000.0,1000000.0,31.797322803054662,0.0,0.0,3537.0398356381384,111237032.67554168,111237032.67554168
2012,SOXX,52,2016-04-30,26.336669921875,1144.09,분할매수,0.0,3537.0398356381384,1000000.0,1000000.0,33.18783709118979,0.0,0.0,3503.8519985469484,105576388.99213165,105576388.99213165
2012,SOXX,53,2016-05-31,28.62432098388672,1188.99,분할매수,0.0,3503.8519985469484,1000000.0,1000000.0,29.38235520947283,0.0,0.0,3474.4696433374756,118250208.96273528,118250208.96273528
2012,SOXX,54,2016-06-30,28.312902450561523,1154.15,분할매수,0.0,3474.4696433374756,1000000.0,1000000.0,30.602249488199583,0.0,0.0,3443.867393849276,112536413.21946783,112536413.21946783
2012,SOXX,55,2016-07-31,31.445337295532227,1112.89,분할매수,0.0,3443.867393849276,1000000.0,1000000.0,28.575346314417025,0.0,0.0,3415.292047534859,119518833.12125434,119518833.12125434
2012,SOXX,56,2016-08-31,32.92689514160156,1115.98,분할매수,0.0,3415.292047534859,1000000.0,1000000.0,27.214026785091583,0.0,0.0,3388.078020749768,124497489.75061008,124497489.75061008
2012,SOXX,57,2016-09-30,34.30694580078125,1097.98,분할매수,0.0,3388.078020749768,1000000.0,1000000.0,26.547492952949444,0.0,0.0,3361.530527796818,126623276.01911464,126623276.01911464
2012,SOXX,58,2016-10-31,33.812042236328125,1145.37,분할매수,0.0,3361.530527796818,1000000.0,1000000.0,25.82157884920941,0.0,0.0,3335.708948947609,129182997.22984366,129182997.22984366
2012,SOXX,59,2016-11-30,36.24713897705078,1175.87,분할매수,0.0,3335.708948947609,1000000.0,1000000.0,23.462104062069354,0.0,0.0,3312.2468448855393,141174331.0030055,141174331.0030055
2012,SOXX,60,2016-12-31,37.34818649291992,1203.73,분할매수,0.0,3312.2468448855393,1000000.0,1000000.0,22.243411529787917,0.0,0.0,3290.0034333557514,147909120.36806256,147909120.36806256
2012,SOXX,61,2017-01-31,38.9124755859375,1151.45,분할매수,0.0,3290.0034333557514,1000000.0,1000000.0,22.318554054540574,0.0,0.0,3267.684879301211,146411137.1783254,146411137.1783254
2012,SOXX,62,2017-02-28,40.008094787597656,1129.17,분할매수,0.0,3267.684879301211,1000000.0,1000000.0,22.13567645383919,0.0,0.0,3245.549202847372,146620737.3249019,146620737.3249019
2012,SOXX,63,2017-03-31,41.7696647644043,1117.48,분할매수,0.0,3245.549202847372,1000000.0,1000000.0,21.42393545072434,0.0,0.0,3224.1252673966474,150491737.37534016,150491737.37534016
2012,SOXX,64,2017-04-30,41.531654357910156,1136.99,분할매수,0.0,3224.1252673966474,1000000.0,1000000.0,21.176984755678646,0.0,0.0,3202.9482826409685,151246663.2806208,151246663.2806208
2012,SOXX,65,2017-05-31,45.15664291381836,1119.58,분할매수,0.0,3202.9482826409685,1000000.0,1000000.0,19.779860331856664,0.0,0.0,3183.168422309112,160929772.4505378,160929772.4505378
2012,SOXX,66,2017-06-30,42.885135650634766,1143.75,분할매수,0.0,3183.168422309112,1000000.0,1000000.0,20.387412249628017,0.0,0.0,3162.781010059484,155134009.71804017,155134009.71804017
2012,SOXX,67,2017-07-31,44.95904541015625,1121.86,분할매수,0.0,3162.781010059484,1000000.0,1000000.0,19.8264178544101,0.0,0.0,3142.954592205074,158523572.70408124,158523572.70408124
2012,SOXX,68,2017-08-31,46.26515579223633,1122.36,분할매수,0.0,3142.954592205074,1000000.0,1000000.0,19.25811566057791,0.0,0.0,3123.696476544496,162201563.82894826,162201563.82894826
2012,SOXX,69,2017-09-30,48.66284942626953,1142.57,분할매수,0.0,3123.696476544496,1000000.0,1000000.0,17.985381236782988,0.0,0.0,3105.711095307713,172679747.758476,172679747.758476
2012,SOXX,70,2017-10-31,53.00526428222656,1115.68,분할매수,0.0,3105.711095307713,1000000.0,1000000.0,16.90991201549886,0.0,0.0,3088.8011832922143,182662167.63642287,182662167.63642287
2012,SOXX,71,2017-11-30,52.9561653137207,1084.79,분할매수,0.0,3088.8011832922143,1000000.0,1000000.0,17.40755586922057,0.0,0.0,3071.3936274229936,176440256.77687034,176440256.77687034
2012,SOXX,72,2017-12-31,52.20765686035156,1067.42,분할매수,0.0,3071.3936274229936,1000000.0,1000000.0,17.944462828807705,0.0,0.0,3053.4491645941857,170161079.42179444,170161079.42179444
2012,SOXX,73,2018-01-31,56.71483612060547,1068.33,분할매수,0.0,3053.4491645941857,1000000.0,1000000.0,16.50432983831426,0.0,0.0,3036.9448347558714,184008976.09945384,184008976.09945384
2012,SOXX,74,2018-02-28,56.84088897705078,1082.12,분할매수,0.0,3036.9448347558714,1000000.0,1000000.0,16.257872546818856,0.0,0.0,3020.6869622090526,185798415.7219946,185798415.7219946
2012,SOXX,75,2018-03-31,55.464744567871094,1060.99,분할매수,0.0,3020.6869622090526,1000000.0,1000000.0,16.99306396208408,0.0,0.0,3003.6938982469683,176759994.8395996,176759994.8395996
2012,SOXX,76,2018-04-30,51.97453308105469,1069.07,분할매수,0.0,3003.6938982469683,1000000.0,1000000.0,17.997130295352274,0.0,0.0,2985.696767951616,165898491.53465688,165898491.53465688
2012,SOXX,77,2018-05-31,57.73817443847656,1080.75,분할매수,0.0,2985.696767951616,1000000.0,1000000.0,16.02550439168117,0.0,0.0,2969.6712635599347,185309066.78366324,185309066.78366324
2012,SOXX,78,2018-06-30,55.09607696533203,1111.79,분할매수,0.0,2969.6712635599347,1000000.0,1000000.0,16.325126675528914,0.0,0.0,2953.346136884406,180908007.36703753,180908007.36703753
2012,SOXX,79,2018-07-31,57.340240478515625,1112.75,분할매수,0.0,2953.346136884406,1000000.0,1000000.0,15.672666310412998,0.0,0.0,2937.6734705739927,187439291.59151354,187439291.59151354
2012,SOXX,80,2018-08-31,58.83015060424805,1116.5,분할매수,0.0,2937.6734705739927,1000000.0,1000000.0,15.224439490134282,0.0,0.0,2922.4490310838582,191957742.21951878,191957742.21951878
2012,SOXX,81,2018-09-30,57.4536018371582,1109.76,분할매수,0.0,2922.4490310838582,1000000.0,1000000.0,15.683885841737188,0.0,0.0,2906.765145242121,185334500.30009654,185334500.30009654
2012,SOXX,82,2018-10-31,50.59517288208008,1140.78,분할매수,0.0,2906.765145242121,1000000.0,1000000.0,17.325629268998846,0.0,0.0,2889.439515973122,166772558.22062775,166772558.22062775
2012,SOXX,83,2018-11-30,52.23759841918945,1118.61,분할매수,0.0,2889.439515973122,1000000.0,1000000.0,17.113470878057015,0.0,0.0,2872.326045095065,167840063.86325622,167840063.86325622
2012,SOXX,84,2018-12-31,48.82014083862305,1112.85,분할매수,0.0,2872.326045095065,1000000.0,1000000.0,18.406208696293913,0.0,0.0,2853.919836398771,155052019.86400425,155052019.86400425
2012,SOXX,85,2019-01-31,53.729835510253906,1111.82,분할매수,0.0,2853.919836398771,1000000.0,1000000.0,16.739790054528942,0.0,0.0,2837.1800463442423,169487194.11069584,169487194.11069584
2012,SOXX,86,2019-02-28,57.167877197265625,1124.65,분할매수,0.0,2837.1800463442423,1000000.0,1000000.0,15.55358641519988,0.0,0.0,2821.6264599290425,181413237.08926597,181413237.08926597
2012,SOXX,87,2019-03-31,59.13294219970703,1136.3,분할매수,0.0,2821.6264599290425,1000000.0,1000000.0,14.8825553071194,0.0,0.0,2806.7439046219233,188592875.79998142,188592875.79998142
2012,SOXX,88,2019-04-30,66.00276947021484,1165.1,분할매수,0.0,2806.7439046219233,1000000.0,1000000.0,13.003930474049385,0.0,0.0,2793.739974147874,214838119.88406542,214838119.88406542
2012,SOXX,89,2019-05-31,55.0709342956543,1190.5,분할매수,0.0,2793.739974147874,1000000.0,1000000.0,15.252750131792792,0.0,0.0,2778.487224016081,182163032.89625192,182163032.89625192
2012,SOXX,90,2019-06-30,62.15456008911133,1154.58,분할매수,0.0,2778.487224016081,1000000.0,1000000.0,13.934871645222737,0.0,0.0,2764.5523523708584,198390944.87236446,198390944.87236446
2012,SOXX,91,2019-07-31,65.65373229980469,1182.74,분할매수,0.0,2764.5523523708584,1000000.0,1000000.0,12.878085234997833,0.0,0.0,2751.6742671358606,213671071.19759044,213671071.19759044
2012,SOXX,92,2019-08-31,64.13441467285156,1211.32,분할매수,0.0,2751.6742671358606,1000000.0,1000000.0,12.872116942352083,0.0,0.0,2738.8021501935086,212770142.0410694,212770142.0410694
2012,SOXX,93,2019-09-30,66.52364349365234,1195.85,분할매수,0.0,2738.8021501935086,1000000.0,1000000.0,12.570346949952903,0.0,0.0,2726.2318032435555,216878007.75091335,216878007.75091335
2012,SOXX,94,2019-10-31,70.59542846679688,1169.1,분할매수,0.0,2726.2318032435555,1000000.0,1000000.0,12.116348630542843,0.0,0.0,2714.115454613013,224004404.08022606,224004404.08022606
2012,SOXX,95,2019-11-30,73.4651870727539,1181.33,분할매수,0.0,2714.115454613013,1000000.0,1000000.0,11.52251223948843,0.0,0.0,2702.5929423735242,234548932.22951457,234548932.22951457
2012,SOXX,96,2019-12-31,79.29229736328125,1155.46,분할매수,0.0,2702.5929423735242,1000000.0,1000000.0,10.914757305976153,0.0,0.0,2691.678185067548,246609073.3500574,246609073.3500574
2012,SOXX,97,2020-01-31,76.75342559814453,1191.3,분할매수,0.0,2691.678185067548,1000000.0,1000000.0,10.936568829676977,0.0,0.0,2680.741616237871,245117244.53866482,245117244.53866482
2012,SOXX,98,2020-02-29,73.19461822509766,1214.92,분할매수,0.0,2680.741616237871,1000000.0,1000000.0,11.24535496322758,0.0,0.0,2669.496261274643,237386571.61147174,237386571.61147174
2012,SOXX,99,2020-03-31,65.02436065673828,1218.92,분할매수,0.0,2669.496261274643,1000000.0,1000000.0,12.61678511207264,0.0,0.0,2656.8794761625704,210582922.0805448,210582922.0805448
2012,SOXX,100,2020-04-30,74.47651672363281,1203.95,분할매수,0.0,2656.8794761625704,1000000.0,1000000.0,11.152498987846242,0.0,0.0,2645.726977174724,237231761.2454376,237231761.2454376
2012,SOXX,101,2020-05-31,79.80622863769531,1236.61,분할매수,0.0,2645.726977174724,1000000.0,1000000.0,10.132823030760244,0.0,0.0,2635.594154143964,260104626.9280616,260104626.9280616
2012,SOXX,102,2020-06-30,86.01689910888672,1200.5,분할매수,0.0,2635.594154143964,1000000.0,1000000.0,9.683983779423661,0.0,0.0,2625.91017036454,271160116.55699205,271160116.55699205
2012,SOXX,103,2020-07-31,92.21562194824219,1192.68,분할매수,0.0,2625.91017036454,1000000.0,1000000.0,9.092254084479634,0.0,0.0,2616.8179162800607,287807389.89102125,287807389.89102125
2012,SOXX,104,2020-08-31,97.56009674072266,1187.48,분할매수,0.0,2616.8179162800607,1000000.0,1000000.0,8.631802082569505,0.0,0.0,2608.186114197491,302160092.32467127,302160092.32467127
2012,SOXX,105,2020-09-30,97.08108520507812,1165.97,분할매수,0.0,2608.186114197491,1000000.0,1000000.0,8.834419165052333,0.0,0.0,2599.351695032439,294230061.5885528,294230061.5885528
2012,SOXX,106,2020-10-31,97.35835266113281,1133.99,분할매수,0.0,2599.351695032439,1000000.0,1000000.0,9.05769220049674,0.0,0.0,2590.294002831942,285977260.5973391,285977260.5973391
2012,SOXX,107,2020-11-30,115.3110580444336,1105.79,분할매수,0.0,2590.294002831942,1000000.0,1000000.0,7.8425335412860235,0.0,0.0,2582.451469290656,329287908.7728051,329287908.7728051
2012,SOXX,108,2020-12-31,121.09300994873047,1086.11,분할매수,0.0,2582.451469290656,1000000.0,1000000.0,7.603387303956039,0.0,0.0,2574.8480819867,338644866.9590996,338644866.9590996
2012,SOXX,109,2021-01-31,125.00192260742188,1118.35,분할매수,0.0,2574.8480819867,1000000.0,1000000.0,7.1532856038069825,0.0,0.0,2567.694796382893,358953205.3657084,358953205.3657084
2012,SOXX,110,2021-02-28,133.14227294921875,1123.36,분할매수,0.0,2567.694796382893,1000000.0,1000000.0,6.685980067708036,0.0,0.0,2561.008816315185,383041646.90594155,383041646.90594155
2012,SOXX,111,2021-03-31,135.6584930419922,1126.72,분할매수,0.0,2561.008816315185,1000000.0,1000000.0,6.5423987193747735,0.0,0.0,2554.46641759581,390447988.14095026,390447988.14095026
2012,SOXX,112,2021-04-30,135.03143310546875,1115.58,분할매수,0.0,2554.46641759581,1000000.0,1000000.0,6.638415070470187,0.0,0.0,2547.82800252534,383800647.5158357,383800647.5158357
2012,SOXX,113,2021-05-31,138.43898010253906,1114.48,분할매수,0.0,2547.82800252534,1000000.0,1000000.0,6.481407534546334,0.0,0.0,2541.3465949907936,392097948.0838455,392097948.0838455
2012,SOXX,114,2021-06-30,145.50448608398438,1130.42,분할매수,0.0,2541.3465949907936,1000000.0,1000000.0,6.0797228774334595,0.0,0.0,2535.26687211336,417003689.67863494,417003689.67863494
2012,SOXX,115,2021-07-31,146.3662109375,1151.86,분할매수,0.0,2535.26687211336,1000000.0,1000000.0,5.931430865630563,0.0,0.0,2529.3354412477292,426429220.62935287,426429220.62935287
2012,SOXX,116,2021-08-31,149.9796600341797,1158.32,분할매수,0.0,2529.3354412477292,1000000.0,1000000.0,5.75624247854322,0.0,0.0,2523.579198769186,438407382.62434167,438407382.62434167
2012,SOXX,117,2021-09-30,143.17877197265625,1183.7,분할매수,0.0,2523.579198769186,1000000.0,1000000.0,5.900376425926623,0.0,0.0,2517.6788223432595,426698000.36492944,426698000.36492944
2012,SOXX,118,2021-10-31,152.4142303466797,1174.94,분할매수,0.0,2517.6788223432595,1000000.0,1000000.0,5.584172085829073,0.0,0.0,2512.0946502574307,449859820.15711176,449859820.15711176
2012,SOXX,119,2021-11-30,169.9507293701172,1187.45,분할매수,0.0,2512.0946502574307,1000000.0,1000000.0,4.955205104654725,0.0,0.0,2507.139445152776,505960781.07799554,505960781.07799554
2012,SOXX,120,2021-12-31,174.482666015625,1188.59,분할매수,0.0,2507.139445152776,1000000.0,1000000.0,4.821871577446907,0.0,0.0,2502.317573575329,518951517.76320434,518951517.76320434
2013,QQQ,0,2012-12-31,58.24393081665039,1063.24,분할매수,100000000.0,0.0,0.0,0.0,0.0,8333333.333333333,91666666.66666667,134.56644207256372,8333333.333333333,100000000.0
2013,QQQ,1,2013-01-31,59.799983978271484,1087.46,분할매수,91666666.66666667,134.56644207256372,1000000.0,1000000.0,0.0,8333333.333333333,82333333.33333334,262.7122474895911,17084201.24993827,99417534.58327161
2013,QQQ,2,2013-02-28,60.00564956665039,1083.9,분할매수,82333333.33333334,262.7122474895911,1000000.0,1000000.0,0.0,8333333.333333333,73000000.00000001,390.8382853340254,25420170.372172005,98420170.37217203
2013,QQQ,3,2013-03-31,61.82072067260742,1112.48,분할매수,73000000.00000001,390.8382853340254,1000000.0,1000000.0,0.0,8333333.333333333,63666666.66666668,512.0075516928322,35212968.81344165,98879635.48010832
2013,QQQ,4,2013-04-30,63.38927459716797,1101.52,분할매수,63666666.66666668,512.0075516928322,1000000.0,1000000.0,0.0,8333333.333333333,54333333.33333334,631.3542984355341,44084032.14910293,98417365.48243627
2013,QQQ,5,2013-05-31,65.65703582763672,1129.34,분할매수,54333333.33333334,631.3542984355341,1000000.0,1000000.0,0.0,8333333.333333333,45000000.00000001,743.7404425771722,55147696.976465575,100147696.97646558
2013,QQQ,6,2013-06-30,64.08438873291016,1141.45,분할매수,45000000.00000001,743.7404425771722,1000000.0,1000000.0,0.0,8333333.333333333,35666666.66666667,857.6629710310259,62737296.321101606,98403962.98776828
2013,QQQ,7,2013-07-31,68.13067626953125,1122.66,분할매수,35666666.66666667,857.6629710310259,1000000.0,1000000.0,0.0,8333333.333333333,26333333.33333334,966.613114130359,73933902.74921966,100267236.082553
2013,QQQ,8,2013-08-31,67.86093139648438,1109.42,분할매수,26333333.33333334,966.613114130359,1000000.0,1000000.0,0.0,8333333.333333333,17000000.000000007,1077.3017275274647,81106033.58860895,98106033.58860895
2013,QQQ,9,2013-09-30,71.14009857177734,1073.33,분할매수,17000000.000000007,1077.3017275274647,1000000.0,1000000.0,0.0,8333333.333333333,7666666.666666674,1186.4384791338027,90592648.03645521,98259314.70312189
2013,QQQ,10,2013-10-31,74.66645050048828,1060.83,분할매수,7666666.666666674,1186.4384791338027,1000000.0,1000000.0,0.0,6666666.666666674,0.0,1270.6046252420329,100642572.97371098,100642572.97371098
2013,QQQ,11,2013-11-30,77.31796264648438,1057.76,분할매수,0.0,1270.6046252420329,1000000.0,1000000.0,12.2273532291394,0.0,0.0,1258.3772720128934,102914935.75355408,102914935.75355408
2013,QQQ,12,2013-12-31,79.58111572265625,1055.25,분할매수,0.0,1258.3772720128934,1000000.0,1000000.0,11.907884553794045,0.0,0.0,1246.4693874590994,104675971.77552028,104675971.77552028
2013,QQQ,13,2014-01-31,78.0521011352539,1080.36,분할매수,0.0,1246.4693874590994,1000000.0,1000000.0,11.858968219100495,0.0,0.0,1234.610419239999,104107743.30700116,104107743.30700116
2013,QQQ,14,2014-02-28,82.0737075805664,1066.01,분할매수,0.0,1234.610419239999,1000000.0,1000000.0,11.429695716408668,0.0,0.0,1223.1807235235904,107017785.4137946,107017785.4137946
2013,QQQ,15,2014-03-31,79.83014678955078,1064.65,분할매수,0.0,1223.1807235235904,1000000.0,1000000.0,11.765928738928505,0.0,0.0,1211.4147947846618,102959555.65127641,102959555.65127641
2013,QQQ,16,2014-04-30,79.57516479492188,1032.85,분할매수,0.0,1211.4147947846618,1000000.0,1000000.0,12.167047385815852,0.0,0.0,1199.247747398846,98565223.7038963,98565223.7038963
2013,QQQ,17,2014-05-31,83.14461517333984,1020.3,분할매수,0.0,1199.247747398846,1000000.0,1000000.0,11.787941876562028,0.0,0.0,1187.4598055222841,100735125.60180764,100735125.60180764
2013,QQQ,18,2014-06-30,85.7419204711914,1011.6,분할매수,0.0,1187.4598055222841,1000000.0,1000000.0,11.529168131181608,0.0,0.0,1175.9306373911024,101996139.1846389,101996139.1846389
2013,QQQ,19,2014-07-31,86.75538635253906,1027.75,분할매수,0.0,1175.9306373911024,1000000.0,1000000.0,11.215433544341199,0.0,0.0,1164.7152038467611,103849325.06103821,103849325.06103821
2013,QQQ,20,2014-08-31,91.10139465332031,1013.85,분할매수,0.0,1164.7152038467611,1000000.0,1000000.0,10.826828785717574,0.0,0.0,1153.8883750610435,106576763.87967066,106576763.87967066
2013,QQQ,21,2014-09-30,90.41205596923828,1054.55,분할매수,0.0,1153.8883750610435,1000000.0,1000000.0,10.488333270656577,0.0,0.0,1143.400041790387,109016372.02827074,109016372.02827074
2013,QQQ,22,2014-10-31,92.80071258544922,1073.07,분할매수,0.0,1143.400041790387,1000000.0,1000000.0,10.042009677603716,0.0,0.0,1133.3580321127831,112861674.95341745,112861674.95341745
2013,QQQ,23,2014-11-30,97.01976776123047,1112.06,분할매수,0.0,1133.3580321127831,1000000.0,1000000.0,9.268544715932244,0.0,0.0,1124.089487396851,121280041.45727298,121280041.45727298
2013,QQQ,24,2014-12-31,94.84590911865234,1090.89,분할매수,0.0,1124.089487396851,1000000.0,1000000.0,9.66496833793112,0.0,0.0,1114.4245190589197,115305553.01306586,115305553.01306586
2013,QQQ,25,2015-01-31,92.87093353271484,1104.3,분할매수,0.0,1114.4245190589197,1000000.0,1000000.0,9.750639875730613,0.0,0.0,1104.673879183189,113292449.85580151,113292449.85580151
2013,QQQ,26,2015-02-28,99.5767593383789,1100.65,분할매수,0.0,1104.673879183189,1000000.0,1000000.0,9.124157507113518,0.0,0.0,1095.5497216760755,120071329.41555929,120071329.41555929
2013,QQQ,27,2015-03-31,97.22775268554688,1107.71,분할매수,0.0,1095.5497216760755,1000000.0,1000000.0,9.285037797392155,0.0,0.0,1086.2646838786834,116990873.65953183,116990873.65953183
2013,QQQ,28,2015-04-30,99.0967788696289,1076.74,분할매수,0.0,1086.2646838786834,1000000.0,1000000.0,9.371942490445559,0.0,0.0,1076.892741388238,114906033.88636889,114906033.88636889
2013,QQQ,29,2015-05-31,101.32494354248047,1111.99,분할매수,0.0,1076.892741388238,1000000.0,1000000.0,8.875293992054415,0.0,0.0,1068.0174473961836,120336007.83842467,120336007.83842467
2013,QQQ,30,2015-06-30,98.80792236328125,1117.34,분할매수,0.0,1068.0174473961836,1000000.0,1000000.0,9.05780331604223,0.0,0.0,1058.9596440801413,116911309.19177978,116911309.19177978
2013,QQQ,31,2015-07-31,103.31134796142578,1159.7,분할매수,0.0,1058.9596440801413,1000000.0,1000000.0,8.346536843016521,0.0,0.0,1050.6131072371247,125874135.22485843,125874135.22485843
2013,QQQ,32,2015-08-31,96.26091003417969,1182.54,분할매수,0.0,1050.6131072371247,1000000.0,1000000.0,8.784846897620374,0.0,0.0,1041.8282603395044,118593786.83329281,118593786.83329281
2013,QQQ,33,2015-09-30,94.13615417480469,1184.62,분할매수,0.0,1041.8282603395044,1000000.0,1000000.0,8.967357575307874,0.0,0.0,1032.8609027641965,115180073.2925201,115180073.2925201
2013,QQQ,34,2015-10-31,104.83930969238281,1140.5,분할매수,0.0,1032.8609027641965,1000000.0,1000000.0,8.363355500274835,0.0,0.0,1024.4975472639217,122498385.63364366,122498385.63364366
2013,QQQ,35,2015-11-30,105.47760009765625,1149.39,분할매수,0.0,1024.4975472639217,1000000.0,1000000.0,8.248449993311175,0.0,0.0,1016.2490972706105,123204856.43905295,123204856.43905295
2013,QQQ,36,2015-12-31,103.79547882080078,1169.26,분할매수,0.0,1016.2490972706105,1000000.0,1000000.0,8.239682369276029,0.0,0.0,1008.0094149013345,122335955.4076964,122335955.4076964
2013,QQQ,37,2016-01-31,96.6227798461914,1210.04,분할매수,0.0,1008.0094149013345,1000000.0,1000000.0,8.55304476513904,0.0,0.0,999.4563701361955,116853868.71933998,116853868.71933998
2013,QQQ,38,2016-02-29,95.11027526855469,1238.09,분할매수,0.0,999.4563701361955,1000000.0,1000000.0,8.492202578385012,0.0,0.0,990.9641675578105,116691065.52875769,116691065.52875769
2013,QQQ,39,2016-03-31,101.62783813476562,1138.86,분할매수,0.0,990.9641675578105,1000000.0,1000000.0,8.640064273976451,0.0,0.0,982.324103283834,113694073.577966,113694073.577966
2013,QQQ,40,2016-04-30,98.38910675048828,1144.09,분할매수,0.0,982.324103283834,1000000.0,1000000.0,8.883677672856685,0.0,0.0,973.4404256109773,109576288.27363254,109576288.27363254
2013,QQQ,41,2016-05-31,102.68878173828125,1188.99,분할매수,0.0,973.4404256109773,1000000.0,1000000.0,8.190280890877412,0.0,0.0,965.2501447200999,117853118.54141966,117853118.54141966
2013,QQQ,42,2016-06-30,100.3494873046875,1154.15,분할매수,0.0,965.2501447200999,1000000.0,1000000.0,8.634209578932929,0.0,0.0,956.615935141167,110793689.49709833,110793689.49709833
2013,QQQ,43,2016-07-31,107.52534484863281,1112.89,분할매수,0.0,956.615935141167,1000000.0,1000000.0,8.356740491820076,0.0,0.0,948.2591946493469,113472375.45279075,113472375.45279075
2013,QQQ,44,2016-08-31,108.65442657470703,1115.98,분할매수,0.0,948.2591946493469,1000000.0,1000000.0,8.247003224643937,0.0,0.0,940.012191424703,113982275.23614044,113982275.23614044
2013,QQQ,45,2016-09-30,111.05953216552734,1097.98,분할매수,0.0,940.012191424703,1000000.0,1000000.0,8.200677457618157,0.0,0.0,931.8115139670848,113626163.05576839,113626163.05576839
2013,QQQ,46,2016-10-31,109.44116973876953,1145.37,분할매수,0.0,931.8115139670848,1000000.0,1000000.0,7.977622285490401,0.0,0.0,923.8338916815944,115803162.72454412,115803162.72454412
2013,QQQ,47,2016-11-30,109.91825103759766,1175.87,분할매수,0.0,923.8338916815944,1000000.0,1000000.0,7.7369694168529275,0.0,0.0,916.0969222647415,118405136.80579741,118405136.80579741
2013,QQQ,48,2016-12-31,111.16280364990234,1203.73,분할매수,0.0,916.0969222647415,1000000.0,1000000.0,7.473282921773574,0.0,0.0,908.6236393429679,121582930.66835096,121582930.66835096
2013,QQQ,49,2017-01-31,116.87664794921875,1151.45,분할매수,0.0,908.6236393429679,1000000.0,1000000.0,7.430656208912446,0.0,0.0,901.1929831340555,121280403.47945991,121280403.47945991
2013,QQQ,50,2017-02-28,121.9900894165039,1129.17,분할매수,0.0,901.1929831340555,1000000.0,1000000.0,7.259657288463132,0.0,0.0,893.9333258455923,123137124.84282269,123137124.84282269
2013,QQQ,51,2017-03-31,124.46266174316406,1117.48,분할매수,0.0,893.9333258455923,1000000.0,1000000.0,7.189871959814022,0.0,0.0,886.7434538857783,123332301.16502874,123332301.16502874
2013,QQQ,52,2017-04-30,127.85678100585938,1136.99,분할매수,0.0,886.7434538857783,1000000.0,1000000.0,6.878909388273054,0.0,0.0,879.8645444975052,127907564.2423013,127907564.2423013
2013,QQQ,53,2017-05-31,132.83981323242188,1119.58,분할매수,0.0,879.8645444975052,1000000.0,1000000.0,6.723828257181356,0.0,0.0,873.1407162403239,129857676.7346444,129857676.7346444
2013,QQQ,54,2017-06-30,129.76058959960938,1143.75,분할매수,0.0,873.1407162403239,1000000.0,1000000.0,6.737923606763131,0.0,0.0,866.4027926335607,128586021.92579278,128586021.92579278
2013,QQQ,55,2017-07-31,135.0306854248047,1121.86,분할매수,0.0,866.4027926335607,1000000.0,1000000.0,6.601290794258334,0.0,0.0,859.8015018393023,130247481.68754204,130247481.68754204
2013,QQQ,56,2017-08-31,137.83062744140625,1122.36,분할매수,0.0,859.8015018393023,1000000.0,1000000.0,6.464308679725856,0.0,0.0,853.3371931595765,132007494.60432102,132007494.60432102
2013,QQQ,57,2017-09-30,137.42367553710938,1142.57,분할매수,0.0,853.3371931595765,1000000.0,1000000.0,6.368770851011641,0.0,0.0,846.9684223085649,132987736.8996608,132987736.8996608
2013,QQQ,58,2017-10-31,143.75390625,1115.68,분할매수,0.0,846.9684223085649,1000000.0,1000000.0,6.2350608672292385,0.0,0.0,840.7333614413357,134839639.79568082,134839639.79568082
2013,QQQ,59,2017-11-30,146.5883331298828,1084.79,분할매수,0.0,840.7333614413357,1000000.0,1000000.0,6.288613743233513,0.0,0.0,834.4447476981021,132691365.97806734,132691365.97806734
2013,QQQ,60,2017-12-31,147.47250366210938,1067.42,분할매수,0.0,834.4447476981021,1000000.0,1000000.0,6.352630725360306,0.0,0.0,828.0921169727418,130354203.28572214,130354203.28572214
2013,QQQ,61,2018-01-31,160.38674926757812,1068.33,분할매수,0.0,828.0921169727418,1000000.0,1000000.0,5.836145232289653,0.0,0.0,822.2559717404521,140890251.8722726,140890251.8722726
2013,QQQ,62,2018-02-28,158.31326293945312,1082.12,분할매수,0.0,822.2559717404521,1000000.0,1000000.0,5.837236320435129,0.0,0.0,816.4187354200169,139863916.86111453,139863916.86111453
2013,QQQ,63,2018-03-31,151.85592651367188,1060.99,분할매수,0.0,816.4187354200169,1000000.0,1000000.0,6.206645823583529,0.0,0.0,810.2120895964333,130539443.14300203,130539443.14300203
2013,QQQ,64,2018-04-30,152.62408447265625,1069.07,분할매수,0.0,810.2120895964333,1000000.0,1000000.0,6.1287341845933945,0.0,0.0,804.0833554118399,131198928.0646516,131198928.0646516
2013,QQQ,65,2018-05-31,161.28233337402344,1080.75,분할매수,0.0,804.0833554118399,1000000.0,1000000.0,5.737041055114647,0.0,0.0,798.3463143567252,139156458.30091962,139156458.30091962
2013,QQQ,66,2018-06-30,163.12913513183594,1111.79,분할매수,0.0,798.3463143567252,1000000.0,1000000.0,5.51373263308745,0.0,0.0,792.8325817236378,143792351.65773463,143792351.65773463
2013,QQQ,67,2018-07-31,167.6908416748047,1112.75,분할매수,0.0,792.8325817236378,1000000.0,1000000.0,5.359114703004297,0.0,0.0,787.4734670206335,146940961.4575294,146940961.4575294
2013,QQQ,68,2018-08-31,177.38446044921875,1116.5,분할매수,0.0,787.4734670206335,1000000.0,1000000.0,5.049236363780962,0.0,0.0,782.4242306568525,154958923.34716505,154958923.34716505
2013,QQQ,69,2018-09-30,176.8848876953125,1109.76,분할매수,0.0,782.4242306568525,1000000.0,1000000.0,5.094249396606257,0.0,0.0,777.3299812602462,152589698.843189,152589698.843189
2013,QQQ,70,2018-10-31,161.68038940429688,1140.78,분할매수,0.0,777.3299812602462,1000000.0,1000000.0,5.421765814552934,0.0,0.0,771.9082154456933,142372105.6659735,142372105.6659735
2013,QQQ,71,2018-11-30,161.25192260742188,1118.61,분할매수,0.0,771.9082154456933,1000000.0,1000000.0,5.543912933446721,0.0,0.0,766.3643025122466,138235270.23462614,138235270.23462614
2013,QQQ,72,2018-12-31,147.28636169433594,1112.85,분할매수,0.0,766.3643025122466,1000000.0,1000000.0,6.100997339611204,0.0,0.0,760.2633051726353,124612954.71095623,124612954.71095623
2013,QQQ,73,2019-01-31,160.5580291748047,1111.82,분할매수,0.0,760.2633051726353,1000000.0,1000000.0,5.601875974242248,0.0,0.0,754.6614291983931,134715840.31284702,134715840.31284702
2013,QQQ,74,2019-02-28,165.36062622070312,1124.65,분할매수,0.0,754.6614291983931,1000000.0,1000000.0,5.377129601423112,0.0,0.0,749.28429959697,139346520.38118333,139346520.38118333
2013,QQQ,75,2019-03-31,171.85032653808594,1136.3,분할매수,0.0,749.28429959697,1000000.0,1000000.0,5.121021882753278,0.0,0.0,744.1632777142166,145315387.1926286,145315387.1926286
2013,QQQ,76,2019-04-30,181.30081176757812,1165.1,분할매수,0.0,744.1632777142166,1000000.0,1000000.0,4.734095875895419,0.0,0.0,739.4291818383213,156192270.12348238,156192270.12348238
2013,QQQ,77,2019-05-31,166.38851928710938,1190.5,분할매수,0.0,739.4291818383213,1000000.0,1000000.0,5.048324271018796,0.0,0.0,734.3808575673024,145470223.01701272,145470223.01701272
2013,QQQ,78,2019-06-30,179.0174560546875,1154.58,분할매수,0.0,734.3808575673024,1000000.0,1000000.0,4.838164032129153,0.0,0.0,729.5426935351733,150789160.6589701,150789160.6589701
2013,QQQ,79,2019-07-31,183.19715881347656,1182.74,분할매수,0.0,729.5426935351733,1000000.0,1000000.0,4.615215465287106,0.0,0.0,724.9274780698862,157073376.86016127,157073376.86016127
2013,QQQ,80,2019-08-31,179.71728515625,1211.32,분할매수,0.0,724.9274780698862,1000000.0,1000000.0,4.5935797715868,0.0,0.0,720.3338982982995,156813190.1733511,156813190.1733511
2013,QQQ,81,2019-09-30,181.3668212890625,1195.85,분할매수,0.0,720.3338982982995,1000000.0,1000000.0,4.610684981667132,0.0,0.0,715.7232133166324,155231427.90333104,155231427.90333104
2013,QQQ,82,2019-10-31,189.3108673095703,1169.1,분할매수,0.0,715.7232133166324,1000000.0,1000000.0,4.518276394706572,0.0,0.0,711.2049369219258,157406248.4878403,157406248.4878403
2013,QQQ,83,2019-11-30,197.0146942138672,1181.33,분할매수,0.0,711.2049369219258,1000000.0,1000000.0,4.2966516817430955,0.0,0.0,706.9082852401826,164525388.04667526,164525388.04667526
2013,QQQ,84,2019-12-31,204.6714324951172,1155.46,분할매수,0.0,706.9082852401826,1000000.0,1000000.0,4.228514802495237,0.0,0.0,702.6797704376874,166176495.3555413,166176495.3555413
2013,QQQ,85,2020-01-31,210.8902130126953,1191.3,분할매수,0.0,702.6797704376874,1000000.0,1000000.0,3.9803607288170673,0.0,0.0,698.6994097088702,175536705.6685132,175536705.6685132
2013,QQQ,86,2020-02-29,198.11569213867188,1214.92,분할매수,0.0,698.6994097088702,1000000.0,1000000.0,4.154640424762609,0.0,0.0,694.5447692841076,167173256.47352335,167173256.47352335
2013,QQQ,87,2020-03-31,183.68128967285156,1218.92,분할매수,0.0,694.5447692841076,1000000.0,1000000.0,4.466423264542408,0.0,0.0,690.0783460195652,154503571.45904416,154503571.45904416
2013,QQQ,88,2020-04-30,211.1852569580078,1203.95,분할매수,0.0,690.0783460195652,1000000.0,1000000.0,3.93303627981846,0.0,0.0,686.1453097397467,174456898.16301864,174456898.16301864
2013,QQQ,89,2020-05-31,225.12539672851562,1236.61,분할매수,0.0,686.1453097397467,1000000.0,1000000.0,3.5920531547728625,0.0,0.0,682.5532565849738,190017582.47314522,190017582.47314522
2013,QQQ,90,2020-06-30,239.2782440185547,1200.5,분할매수,0.0,682.5532565849738,1000000.0,1000000.0,3.481245272186915,0.0,0.0,679.0720113127869,195065833.69410062,195065833.69410062
2013,QQQ,91,2020-07-31,256.8569030761719,1192.68,분할매수,0.0,679.0720113127869,1000000.0,1000000.0,3.264260587394414,0.0,0.0,675.8077507253925,207032414.42645767,207032414.42645767
2013,QQQ,92,2020-08-31,284.96917724609375,1187.48,분할매수,0.0,675.8077507253925,1000000.0,1000000.0,2.95512467123774,0.0,0.0,672.8526260541547,227690098.0195646,227690098.0195646
2013,QQQ,93,2020-09-30,268.50189208984375,1165.97,분할매수,0.0,672.8526260541547,1000000.0,1000000.0,3.194223299599095,0.0,0.0,669.6584027545556,209646709.05712953,209646709.05712953
2013,QQQ,94,2020-10-31,260.3262023925781,1133.99,분할매수,0.0,669.6584027545556,1000000.0,1000000.0,3.3874499894640455,0.0,0.0,666.2709527650916,196688055.86426014,196688055.86426014
2013,QQQ,95,2020-11-30,289.5498962402344,1105.79,분할매수,0.0,666.2709527650916,1000000.0,1000000.0,3.1232297166645946,0.0,0.0,663.147723048427,212327552.95266128,212327552.95266128
2013,QQQ,96,2020-12-31,303.74481201171875,1086.11,분할매수,0.0,663.147723048427,1000000.0,1000000.0,3.0312190300273425,0.0,0.0,660.1165040183996,217772618.0389034,217772618.0389034
2013,QQQ,97,2021-01-31,304.53875732421875,1118.35,분할매수,0.0,660.1165040183996,1000000.0,1000000.0,2.9361597889621236,0.0,0.0,657.1803442294375,223823085.7530197,223823085.7530197
2013,QQQ,98,2021-02-28,304.1321105957031,1123.36,분할매수,0.0,657.1803442294375,1000000.0,1000000.0,2.9269733516931584,0.0,0.0,654.2533708777444,223525564.5560559,223525564.5560559
2013,QQQ,99,2021-03-31,309.3533935546875,1126.72,분할매수,0.0,654.2533708777444,1000000.0,1000000.0,2.8689905126039728,0.0,0.0,651.3843803651404,227043058.35223082,227043058.35223082
2013,QQQ,100,2021-04-30,327.6356201171875,1115.58,분할매수,0.0,651.3843803651404,1000000.0,1000000.0,2.7359500783031816,0.0,0.0,648.6484302868372,237083430.51680413,237083430.51680413
2013,QQQ,101,2021-05-31,323.70001220703125,1114.48,분할매수,0.0,648.6484302868372,1000000.0,1000000.0,2.771947528187385,0.0,0.0,645.8764827586498,233004584.75164473,233004584.75164473
2013,QQQ,102,2021-06-30,343.9705505371094,1130.42,분할매수,0.0,645.8764827586498,1000000.0,1000000.0,2.5718101489579706,0.0,0.0,643.3046726096918,250136921.21494347,250136921.21494347
2013,QQQ,103,2021-07-31,353.811279296875,1151.86,분할매수,0.0,643.3046726096918,1000000.0,1000000.0,2.4537404883342546,0.0,0.0,640.8509321213576,261173068.2882465,261173068.2882465
2013,QQQ,104,2021-08-31,368.7374267578125,1158.32,분할매수,0.0,640.8509321213576,1000000.0,1000000.0,2.341284684869393,0.0,0.0,638.5096474364882,272717645.81337404,272717645.81337404
2013,QQQ,105,2021-09-30,347.7815246582031,1183.7,분할매수,0.0,638.5096474364882,1000000.0,1000000.0,2.4291360838413016,0.0,0.0,636.0805113526469,261854622.13660106,261854622.13660106
2013,QQQ,106,2021-10-31,375.1310729980469,1174.94,분할매수,0.0,636.0805113526469,1000000.0,1000000.0,2.268826423209901,0.0,0.0,633.811684929437,279356621.7519319,279356621.7519319
2013,QQQ,107,2021-11-30,382.6218566894531,1187.45,분할매수,0.0,633.811684929437,1000000.0,1000000.0,2.200973904107376,0.0,0.0,631.6107110253296,286968741.3588326,286968741.3588326
2013,QQQ,108,2021-12-31,387.03094482421875,1188.59,분할매수,0.0,631.6107110253296,1000000.0,1000000.0,2.173813281002684,0.0,0.0,629.4368977443269,289554260.82133216,289554260.82133216
2013,QQQ,109,2022-01-31,353.1773376464844,1206.78,분할매수,0.0,629.4368977443269,1000000.0,1000000.0,2.3462758345368178,0.0,0.0,627.09062190979,267270630.62198958,267270630.62198958
2013,QQQ,110,2022-02-28,337.3691711425781,1202.28,분할매수,0.0,627.09062190979,1000000.0,1000000.0,2.4654090348902273,0.0,0.0,624.6252128748998,253355611.19281423,253355611.19281423
2013,QQQ,111,2022-03-31,353.1171875,1211.55,분할매수,0.0,624.6252128748998,1000000.0,1000000.0,2.3374363915648937,0.0,0.0,622.2877764833349,266226614.2210264,266226614.2210264
2013,QQQ,112,2022-04-30,305.1082458496094,1255.87,분할매수,0.0,622.2877764833349,1000000.0,1000000.0,2.6097647975925127,0.0,0.0,619.6780116857424,237445923.19483748,237445923.19483748
2013,QQQ,113,2022-05-31,300.2674255371094,1236.93,분할매수,0.0,619.6780116857424,1000000.0,1000000.0,2.692443860908648,0.0,0.0,616.9855678248338,229154478.12405387,229154478.12405387
2013,QQQ,114,2022-06-30,273.52001953125,1298.95,분할매수,0.0,616.9855678248338,1000000.0,1000000.0,2.8146114297285263,0.0,0.0,614.1709563951052,218208080.13074225,218208080.13074225
2013,QQQ,115,2022-07-31,307.85137939453125,1299.08,분할매수,0.0,614.1709563951052,1000000.0,1000000.0,2.500477779142669,0.0,0.0,611.6704786159626,244621441.43735766,244621441.43735766
2013,QQQ,116,2022-08-31,292.0519714355469,1338.66,분할매수,0.0,611.6704786159626,1000000.0,1000000.0,2.5578175990969676,0.0,0.0,609.1126610168656,238137645.63662067,238137645.63662067
2013,QQQ,117,2022-09-30,261.2827453613281,1431.67,분할매수,0.0,609.1126610168656,1000000.0,1000000.0,2.6732916676119927,0.0,0.0,606.4393693492535,226851180.0251769,226851180.0251769
2013,QQQ,118,2022-10-31,271.73370361328125,1424.6,분할매수,0.0,606.4393693492535,1000000.0,1000000.0,2.5832328328339322,0.0,0.0,603.8561365164196,233759856.58015966,233759856.58015966
2013,QQQ,119,2022-11-30,286.7989807128906,1316.84,분할매수,0.0,603.8561365164196,1000000.0,1000000.0,2.647825658871779,0.0,0.0,601.2083108575479,227057362.6489135,227057362.6489135
2013,QQQ,120,2022-12-31,260.9478759765625,1260.18,분할매수,0.0,601.2083108575479,1000000.0,1000000.0,3.040980610364887,0.0,0.0,598.167330247183,196702119.11525768,196702119.11525768
2013,SPY,0,2012-12-31,113.09429168701172,1063.24,분할매수,100000000.0,0.0,0.0,0.0,0.0,8333333.333333333,91666666.66666667,69.30215862713882,8333333.333333333,100000000.0
2013,SPY,1,2013-01-31,118.88359069824219,1087.46,분할매수,91666666.66666667,69.30215862713882,1000000.0,1000000.0,0.0,8333333.333333333,82333333.33333334,133.761156423327,17292796.0663025,99626129.39963585
2013,SPY,2,2013-02-28,120.40040588378906,1083.9,분할매수,82333333.33333334,133.761156423327,1000000.0,1000000.0,0.0,8333333.333333333,73000000.00000001,197.61713822688733,25789431.76052212,98789431.76052213
2013,SPY,3,2013-03-31,124.97216033935547,1112.48,분할매수,73000000.00000001,197.61713822688733,1000000.0,1000000.0,0.0,8333333.333333333,63666666.66666668,257.5566587515527,35807852.16179799,99474518.82846467
2013,SPY,4,2013-04-30,127.37313842773438,1101.52,분할매수,63666666.66666668,257.5566587515527,1000000.0,1000000.0,0.0,8333333.333333333,54333333.33333334,316.9514714643131,44469578.0922154,98802911.42554873
2013,SPY,5,2013-05-31,130.38040161132812,1129.34,분할매수,54333333.33333334,316.9514714643131,1000000.0,1000000.0,0.0,8333333.333333333,45000000.00000001,373.54694901495407,55002473.28076535,100002473.28076535
2013,SPY,6,2013-06-30,128.64056396484375,1141.45,분할매수,45000000.00000001,373.54694901495407,1000000.0,1000000.0,0.0,8333333.333333333,35666666.66666667,430.29930903156577,63183761.41914553,98850428.08581221
2013,SPY,7,2013-07-31,135.288330078125,1122.66,분할매수,35666666.66666667,430.29930903156577,1000000.0,1000000.0,0.0,8333333.333333333,26333333.33333334,485.16617688878074,73688395.78367716,100021729.1170105
2013,SPY,8,2013-08-31,131.23062133789062,1109.42,분할매수,26333333.33333334,485.16617688878074,1000000.0,1000000.0,0.0,8333333.333333333,17000000.000000007,542.4045891094518,78968616.82942353,95968616.82942355
2013,SPY,9,2013-09-30,135.38365173339844,1073.33,분할매수,17000000.000000007,542.4045891094518,1000000.0,1000000.0,0.0,8333333.333333333,7666666.666666674,599.7527191655649,87150868.24085446,94817534.90752113
2013,SPY,10,2013-10-31,141.65283203125,1060.83,분할매수,7666666.666666674,599.7527191655649,1000000.0,1000000.0,0.0,6666666.666666674,0.0,644.1174331786291,96791252.16329284,96791252.16329284
2013,SPY,11,2013-11-30,145.85108947753906,1057.76,분할매수,0.0,644.1174331786291,1000000.0,1000000.0,6.481912775711972,0.0,0.0,637.6355204029171,98371505.82960127,98371505.82960127
2013,SPY,12,2013-12-31,149.6324920654297,1055.25,분할매수,0.0,637.6355204029171,1000000.0,1000000.0,6.333134773115586,0.0,0.0,631.3023856298015,99682449.25241536,99682449.25241536
2013,SPY,13,2014-01-31,144.3582305908203,1080.36,분할매수,0.0,631.3023856298015,1000000.0,1000000.0,6.411947438041357,0.0,0.0,624.8904381917602,97457199.11619301,97457199.11619301
2013,SPY,14,2014-02-28,150.92877197265625,1066.01,분할매수,0.0,624.8904381917602,1000000.0,1000000.0,6.215365643691375,0.0,0.0,618.6750725480688,99539610.05914862,99539610.05914862
2013,SPY,15,2014-03-31,152.1807861328125,1064.65,분할매수,0.0,618.6750725480688,1000000.0,1000000.0,6.172105179719101,0.0,0.0,612.5029673683497,99237286.06909862,99237286.06909862
2013,SPY,16,2014-04-30,153.23870849609375,1032.85,분할매수,0.0,612.5029673683497,1000000.0,1000000.0,6.318213004376766,0.0,0.0,606.184754363973,95942437.1960957,95942437.1960957
2013,SPY,17,2014-05-31,156.79478454589844,1020.3,분할매수,0.0,606.184754363973,1000000.0,1000000.0,6.250870485590305,0.0,0.0,599.9338838783826,95976054.0970043,95976054.0970043
2013,SPY,18,2014-06-30,160.03182983398438,1011.6,분할매수,0.0,599.9338838783826,1000000.0,1000000.0,6.177102505346989,0.0,0.0,593.7567813730357,96122216.0161777,96122216.0161777
2013,SPY,19,2014-07-31,157.88136291503906,1027.75,분할매수,0.0,593.7567813730357,1000000.0,1000000.0,6.162850714521314,0.0,0.0,587.5939306585143,95344501.73748113,95344501.73748113
2013,SPY,20,2014-08-31,164.11192321777344,1013.85,분할매수,0.0,587.5939306585143,1000000.0,1000000.0,6.010161740306534,0.0,0.0,581.5837689182077,96766741.7363955,96766741.7363955
2013,SPY,21,2014-09-30,161.8478240966797,1054.55,분할매수,0.0,581.5837689182077,1000000.0,1000000.0,5.85903319975545,0.0,0.0,575.7247357184523,98262753.61308457,98262753.61308457
2013,SPY,22,2014-10-31,165.65948486328125,1073.07,분할매수,0.0,575.7247357184523,1000000.0,1000000.0,5.625428900981454,0.0,0.0,570.0993068174708,101343260.54996572,101343260.54996572
2013,SPY,23,2014-11-30,170.2104949951172,1112.06,분할매수,0.0,570.0993068174708,1000000.0,1000000.0,5.283058814029783,0.0,0.0,564.816248003441,106910838.56638226,106910838.56638226
2013,SPY,24,2014-12-31,169.77871704101562,1090.89,분할매수,0.0,564.816248003441,1000000.0,1000000.0,5.399279277111115,0.0,0.0,559.41696872633,103609563.42781478,103609563.42781478
2013,SPY,25,2015-01-31,164.748291015625,1104.3,분할매수,0.0,559.41696872633,1000000.0,1000000.0,5.49657311901665,0.0,0.0,553.9203956073134,100775589.37420468,100775589.37420468
2013,SPY,26,2015-02-28,174.0078887939453,1100.65,분할매수,0.0,553.9203956073134,1000000.0,1000000.0,5.221338196495144,0.0,0.0,548.6990574108182,105087821.69657885,105087821.69657885
2013,SPY,27,2015-03-31,171.27499389648438,1107.71,분할매수,0.0,548.6990574108182,1000000.0,1000000.0,5.270841575311419,0.0,0.0,543.4282158355068,103100844.1575858,103100844.1575858
2013,SPY,28,2015-04-30,172.9592742919922,1076.74,분할매수,0.0,543.4282158355068,1000000.0,1000000.0,5.369641589653466,0.0,0.0,538.0585742458533,100203815.33147676,100203815.33147676
2013,SPY,29,2015-05-31,175.18284606933594,1111.99,분할매수,0.0,538.0585742458533,1000000.0,1000000.0,5.1334287736819775,0.0,0.0,532.9251454721713,103814656.62957431,103814656.62957431
2013,SPY,30,2015-06-30,171.6245574951172,1117.34,분할매수,0.0,532.9251454721713,1000000.0,1000000.0,5.214770775789676,0.0,0.0,527.7103746963816,101195315.64960687,101195315.64960687
2013,SPY,31,2015-07-31,175.50144958496094,1159.7,분할매수,0.0,527.7103746963816,1000000.0,1000000.0,4.913303987522343,0.0,0.0,522.7970707088592,106404381.25475983,106404381.25475983
2013,SPY,32,2015-08-31,164.80459594726562,1182.54,분할매수,0.0,522.7970707088592,1000000.0,1000000.0,5.13115154353138,0.0,0.0,517.6659191653279,100886889.57509485,100886889.57509485
2013,SPY,33,2015-09-30,160.5994110107422,1184.62,분할매수,0.0,517.6659191653279,1000000.0,1000000.0,5.256261837680844,0.0,0.0,512.409657327647,97485565.4363161,97485565.4363161
2013,SPY,34,2015-10-31,174.25997924804688,1140.5,분할매수,0.0,512.409657327647,1000000.0,1000000.0,5.031610936397113,0.0,0.0,507.3780463912499,100838091.97587883,100838091.97587883
2013,SPY,35,2015-11-30,174.8968963623047,1149.39,분할매수,0.0,507.3780463912499,1000000.0,1000000.0,4.974512000588635,0.0,0.0,502.40353439066126,100995541.73981524,100995541.73981524
2013,SPY,36,2015-12-31,171.87423706054688,1169.26,분할매수,0.0,502.40353439066126,1000000.0,1000000.0,4.975974244173872,0.0,0.0,497.4275601464874,99965863.11291729,99965863.11291729
2013,SPY,37,2016-01-31,163.3172607421875,1210.04,분할매수,0.0,497.4275601464874,1000000.0,1000000.0,5.060205869245099,0.0,0.0,492.36735427724227,97301842.45462242,97301842.45462242
2013,SPY,38,2016-02-29,163.1823272705078,1238.09,분할매수,0.0,492.36735427724227,1000000.0,1000000.0,4.9496519529814575,0.0,0.0,487.4177023242608,98475146.72837983,98475146.72837983
2013,SPY,39,2016-03-31,174.15895080566406,1138.86,분할매수,0.0,487.4177023242608,1000000.0,1000000.0,5.041779646970021,0.0,0.0,482.37592267729076,95675724.9331962,95675724.9331962
2013,SPY,40,2016-04-30,174.84535217285156,1144.09,분할매수,0.0,482.37592267729076,1000000.0,1000000.0,4.999029714141533,0.0,0.0,477.3768929631492,95493909.87069331,95493909.87069331
2013,SPY,41,2016-05-31,177.8197479248047,1188.99,분할매수,0.0,477.3768929631492,1000000.0,1000000.0,4.729789444613229,0.0,0.0,472.64710351853597,99929840.22932251,99929840.22932251
2013,SPY,42,2016-06-30,178.43783569335938,1154.15,분할매수,0.0,472.64710351853597,1000000.0,1000000.0,4.85568826342465,0.0,0.0,467.7914152551113,96338848.35209428,96338848.35209428
2013,SPY,43,2016-07-31,184.94561767578125,1112.89,분할매수,0.0,467.7914152551113,1000000.0,1000000.0,4.858516868286706,0.0,0.0,462.9328983868246,95282760.34370793,95282760.34370793
2013,SPY,44,2016-08-31,185.1671600341797,1115.98,분할매수,0.0,462.9328983868246,1000000.0,1000000.0,4.839267428241823,0.0,0.0,458.09363095858276,94661772.21063703,94661772.21063703
2013,SPY,45,2016-09-30,185.1779327392578,1097.98,분할매수,0.0,458.09363095858276,1000000.0,1000000.0,4.918314987163567,0.0,0.0,453.1753159714192,92140360.5003284,92140360.5003284
2013,SPY,46,2016-10-31,181.96746826171875,1145.37,분할매수,0.0,453.1753159714192,1000000.0,1000000.0,4.798002208847673,0.0,0.0,448.37731376257153,93450835.21131963,93450835.21131963
2013,SPY,47,2016-11-30,188.67086791992188,1175.87,분할매수,0.0,448.37731376257153,1000000.0,1000000.0,4.507501110308179,0.0,0.0,443.86981265226336,98473589.19938588,98473589.19938588
2013,SPY,48,2016-12-31,192.49554443359375,1203.73,분할매수,0.0,443.86981265226336,1000000.0,1000000.0,4.315689926734243,0.0,0.0,439.5541227255291,101850255.73840225,101850255.73840225
2013,SPY,49,2017-01-31,195.94024658203125,1151.45,분할매수,0.0,439.5541227255291,1000000.0,1000000.0,4.432321612891038,0.0,0.0,435.1218011126381,98170177.86956674,98170177.86956674
2013,SPY,50,2017-02-28,203.63900756835938,1129.17,분할매수,0.0,435.1218011126381,1000000.0,1000000.0,4.348902758502708,0.0,0.0,430.77289835413535,99053237.62687373,99053237.62687373
2013,SPY,51,2017-03-31,203.8935546875,1117.48,분할매수,0.0,430.77289835413535,1000000.0,1000000.0,4.388910689612172,0.0,0.0,426.3839876645232,97150299.42935587,97150299.42935587
2013,SPY,52,2017-04-30,205.9174346923828,1136.99,분할매수,0.0,426.3839876645232,1000000.0,1000000.0,4.271203225358132,0.0,0.0,422.11278443916507,98827604.81474672,98827604.81474672
2013,SPY,53,2017-05-31,208.8235321044922,1119.58,분할매수,0.0,422.11278443916507,1000000.0,1000000.0,4.277257840097791,0.0,0.0,417.8355265990673,97687710.72952533,97687710.72952533
2013,SPY,54,2017-06-30,210.15472412109375,1143.75,분할매수,0.0,417.8355265990673,1000000.0,1000000.0,4.16034873138002,0.0,0.0,413.6751778676873,99432813.10710414,99432813.10710414
2013,SPY,55,2017-07-31,214.47430419921875,1121.86,분할매수,0.0,413.6751778676873,1000000.0,1000000.0,4.156100769112103,0.0,0.0,409.51907709857517,98534443.66462356,98534443.66462356
2013,SPY,56,2017-08-31,215.10008239746094,1122.36,분할매수,0.0,409.51907709857517,1000000.0,1000000.0,4.142163551826052,0.0,0.0,405.3769135467491,97865984.40036023,97865984.40036023
2013,SPY,57,2017-09-30,219.43421936035156,1142.57,분할매수,0.0,405.3769135467491,1000000.0,1000000.0,3.9885296903595093,0.0,0.0,401.3883838563896,100635676.55684422,100635676.55684422
2013,SPY,58,2017-10-31,224.60499572753906,1115.68,분할매수,0.0,401.3883838563896,1000000.0,1000000.0,3.990625197215137,0.0,0.0,397.3977586591745,99582832.01752423,99582832.01752423
2013,SPY,59,2017-11-30,231.47019958496094,1084.79,분할매수,0.0,397.3977586591745,1000000.0,1000000.0,3.9825316951001892,0.0,0.0,393.4152269640743,98785209.27984156,98785209.27984156
2013,SPY,60,2017-12-31,234.27752685546875,1067.42,분할매수,0.0,393.4152269640743,1000000.0,1000000.0,3.9988400530097943,0.0,0.0,389.4163869110645,97382336.314743,97382336.314743
2013,SPY,61,2018-01-31,247.48110961914062,1068.33,분할매수,0.0,389.4163869110645,1000000.0,1000000.0,3.782269941737877,0.0,0.0,385.6341169693266,101958380.26096454,101958380.26096454
2013,SPY,62,2018-02-28,238.4827117919922,1082.12,분할매수,0.0,385.6341169693266,1000000.0,1000000.0,3.8749640235674403,0.0,0.0,381.7591529457592,98519405.76064937,98519405.76064937
2013,SPY,63,2018-03-31,231.94573974609375,1060.99,분할매수,0.0,381.7591529457592,1000000.0,1000000.0,4.0635191364766685,0.0,0.0,377.6956338092825,92947915.61798054,92947915.61798054
2013,SPY,64,2018-04-30,233.1444854736328,1069.07,분할매수,0.0,377.6956338092825,1000000.0,1000000.0,4.01207192183675,0.0,0.0,373.68356188744576,93139796.3863946,93139796.3863946
2013,SPY,65,2018-05-31,238.81192016601562,1080.75,분할매수,0.0,373.68356188744576,1000000.0,1000000.0,3.874527567083869,0.0,0.0,369.8090343203619,95446226.13143404,95446226.13143404
2013,SPY,66,2018-06-30,240.18536376953125,1111.79,분할매수,0.0,369.8090343203619,1000000.0,1000000.0,3.74481784263424,0.0,0.0,366.06421647772765,97752209.01538561,97752209.01538561
2013,SPY,67,2018-07-31,249.08338928222656,1112.75,분할매수,0.0,366.06421647772765,1000000.0,1000000.0,3.607926075553593,0.0,0.0,362.45629040217403,100461118.88436058,100461118.88436058
2013,SPY,68,2018-08-31,257.0340576171875,1116.5,분할매수,0.0,362.45629040217403,1000000.0,1000000.0,3.4845812900164477,0.0,0.0,358.9717091121576,103017171.71604948,103017171.71604948
2013,SPY,69,2018-09-30,258.5623474121094,1109.76,분할매수,0.0,358.9717091121576,1000000.0,1000000.0,3.485023018353097,0.0,0.0,355.4866860938045,102004114.24019675,102004114.24019675
2013,SPY,70,2018-10-31,240.6945037841797,1140.78,분할매수,0.0,355.4866860938045,1000000.0,1000000.0,3.6419328001848617,0.0,0.0,351.84475329361965,96609348.00218178,96609348.00218178
2013,SPY,71,2018-11-30,245.1592254638672,1118.61,분할매수,0.0,351.84475329361965,1000000.0,1000000.0,3.646473501435471,0.0,0.0,348.19827979218417,95489047.06289855,95489047.06289855
2013,SPY,72,2018-12-31,223.5733642578125,1112.85,분할매수,0.0,348.19827979218417,1000000.0,1000000.0,4.01923415090694,0.0,0.0,344.17904564127724,85632991.93793257,85632991.93793257
2013,SPY,73,2019-01-31,241.4739532470703,1111.82,분할매수,0.0,344.17904564127724,1000000.0,1000000.0,3.7247336783597245,0.0,0.0,340.45431196291753,91403665.70123336,91403665.70123336
2013,SPY,74,2019-02-28,249.301513671875,1124.65,분할매수,0.0,340.45431196291753,1000000.0,1000000.0,3.5666270335265797,0.0,0.0,336.88768492939096,94455540.70067313,94455540.70067313
2013,SPY,75,2019-03-31,253.8138885498047,1136.3,분할매수,0.0,336.88768492939096,1000000.0,1000000.0,3.46730152470418,0.0,0.0,333.4203834046868,96161346.51950502,96161346.51950502
2013,SPY,76,2019-04-30,264.18280029296875,1165.1,분할매수,0.0,333.4203834046868,1000000.0,1000000.0,3.2488694356088517,0.0,0.0,330.1715139690779,101626587.4984916,101626587.4984916
2013,SPY,77,2019-05-31,247.33560180664062,1190.5,분할매수,0.0,330.1715139690779,1000000.0,1000000.0,3.3961273435785695,0.0,0.0,326.7753866254994,96220004.01232581,96220004.01232581
2013,SPY,78,2019-06-30,264.5469055175781,1154.58,분할매수,0.0,326.7753866254994,1000000.0,1000000.0,3.273959358218613,0.0,0.0,323.50142726728075,98810459.10212532,98810459.10212532
2013,SPY,79,2019-07-31,268.5466613769531,1182.74,분할매수,0.0,323.50142726728075,1000000.0,1000000.0,3.148407640658817,0.0,0.0,320.3530196266219,101750807.45248948,101750807.45248948
2013,SPY,80,2019-08-31,264.0502014160156,1211.32,분할매수,0.0,320.3530196266219,1000000.0,1000000.0,3.126472471034344,0.0,0.0,317.2265471555876,101464685.87028314,101464685.87028314
2013,SPY,81,2019-09-30,269.1881103515625,1195.85,분할매수,0.0,317.2265471555876,1000000.0,1000000.0,3.1064718200148884,0.0,0.0,314.1200753355727,101117954.23725018,101117954.23725018
2013,SPY,82,2019-10-31,275.138427734375,1169.1,분할매수,0.0,314.1200753355727,1000000.0,1000000.0,3.108830816799036,0.0,0.0,311.0112445187737,100041225.41444764,100041225.41444764
2013,SPY,83,2019-11-30,285.0979309082031,1181.33,분할매수,0.0,311.0112445187737,1000000.0,1000000.0,2.9691675226316336,0.0,0.0,308.0420769961421,103746950.83661637,103746950.83661637
2013,SPY,84,2019-12-31,293.3815612792969,1155.46,분할매수,0.0,308.0420769961421,1000000.0,1000000.0,2.949933793315662,0.0,0.0,305.09214320282643,103423386.6177415,103423386.6177415
2013,SPY,85,2020-01-31,293.2631530761719,1191.3,분할매수,0.0,305.09214320282643,1000000.0,1000000.0,2.862340915190148,0.0,0.0,302.2298022876363,105588331.80343188,105588331.80343188
2013,SPY,86,2020-02-29,270.0467224121094,1214.92,분할매수,0.0,302.2298022876363,1000000.0,1000000.0,3.0479890886549805,0.0,0.0,299.18181319898133,98157114.24708693,98157114.24708693
2013,SPY,87,2020-03-31,236.32566833496094,1218.92,분할매수,0.0,299.18181319898133,1000000.0,1000000.0,3.4714738827826745,0.0,0.0,295.71033931619866,85182936.4993414,85182936.4993414
2013,SPY,88,2020-04-30,266.3350830078125,1203.95,분할매수,0.0,295.71033931619866,1000000.0,1000000.0,3.118625109386225,0.0,0.0,292.5917142068124,93820739.5708416,93820739.5708416
2013,SPY,89,2020-05-31,279.02471923828125,1236.61,분할매수,0.0,292.5917142068124,1000000.0,1000000.0,2.8981747342878825,0.0,0.0,289.69353947252455,99957237.2380459,99957237.2380459
2013,SPY,90,2020-06-30,283.97308349609375,1200.5,분할매수,0.0,289.69353947252455,1000000.0,1000000.0,2.9333282065736306,0.0,0.0,286.76021126595094,97759333.79132864,97759333.79132864
2013,SPY,91,2020-07-31,300.69683837890625,1192.68,분할매수,0.0,286.76021126595094,1000000.0,1000000.0,2.7883494546597523,0.0,0.0,283.9718618112912,101842278.53389446,101842278.53389446
2013,SPY,92,2020-08-31,321.6845703125,1187.48,분할매수,0.0,283.9718618112912,1000000.0,1000000.0,2.6178422092305405,0.0,0.0,281.35401960206065,107475545.55045497,107475545.55045497
2013,SPY,93,2020-09-30,309.63946533203125,1165.97,분할매수,0.0,281.35401960206065,1000000.0,1000000.0,2.769850409023746,0.0,0.0,278.5841691930369,100577333.81032152,100577333.81032152
2013,SPY,94,2020-10-31,301.9190368652344,1133.99,분할매수,0.0,278.5841691930369,1000000.0,1000000.0,2.92078962859694,0.0,0.0,275.66337956444,94379744.7325436,94379744.7325436
2013,SPY,95,2020-11-30,334.7608642578125,1105.79,분할매수,0.0,275.66337956444,1000000.0,1000000.0,2.701423424747133,0.0,0.0,272.96195613969286,101043751.09771748,101043751.09771748
2013,SPY,96,2020-12-31,347.1632080078125,1086.11,분할매수,0.0,272.96195613969286,1000000.0,1000000.0,2.6521158728930745,0.0,0.0,270.30984026679977,101922334.17461164,101922334.17461164
2013,SPY,97,2021-01-31,343.6254577636719,1118.35,분할매수,0.0,270.30984026679977,1000000.0,1000000.0,2.602177554757404,0.0,0.0,267.70766271204235,102878322.89637905,102878322.89637905
2013,SPY,98,2021-02-28,353.18011474609375,1123.36,분할매수,0.0,267.70766271204235,1000000.0,1000000.0,2.52048896849073,0.0,0.0,265.1871737435516,105212590.51665115,105212590.51665115
2013,SPY,99,2021-03-31,369.2143859863281,1126.72,분할매수,0.0,265.1871737435516,1000000.0,1000000.0,2.403839029130101,0.0,0.0,262.7833347144215,109318191.24740534,109318191.24740534
2013,SPY,100,2021-04-30,388.7495422363281,1115.58,분할매수,0.0,262.7833347144215,1000000.0,1000000.0,2.3058411731057307,0.0,0.0,260.4774935413158,112964195.70411238,112964195.70411238
2013,SPY,101,2021-05-31,391.3021545410156,1114.48,분할매수,0.0,260.4774935413158,1000000.0,1000000.0,2.293060332785506,0.0,0.0,258.1844332085303,112593824.73155408,112593824.73155408
2013,SPY,102,2021-06-30,400.0780334472656,1130.42,분할매수,0.0,258.1844332085303,1000000.0,1000000.0,2.211136025618865,0.0,0.0,255.97329718291147,115765513.39091326,115765513.39091326
2013,SPY,103,2021-07-31,409.8449401855469,1151.86,분할매수,0.0,255.97329718291147,1000000.0,1000000.0,2.1182671203578685,0.0,0.0,253.8550300625536,119840896.18483351,119840896.18483351
2013,SPY,104,2021-08-31,422.04180908203125,1158.32,분할매수,0.0,253.8550300625536,1000000.0,1000000.0,2.0455776452195393,0.0,0.0,251.80945241733406,123099435.02061926,123099435.02061926
2013,SPY,105,2021-09-30,402.3724365234375,1183.7,분할매수,0.0,251.80945241733406,1000000.0,1000000.0,2.099568892292591,0.0,0.0,249.70988352504148,118933884.20914102,118933884.20914102
2013,SPY,106,2021-10-31,430.6042175292969,1174.94,분할매수,0.0,249.70988352504148,1000000.0,1000000.0,1.9765419286148647,0.0,0.0,247.7333415964266,125336750.01270273,125336750.01270273
2013,SPY,107,2021-11-30,427.14447021484375,1187.45,분할매수,0.0,247.7333415964266,1000000.0,1000000.0,1.9715594615822167,0.0,0.0,245.7617821348444,124653497.35767826,124653497.35767826
2013,SPY,108,2021-12-31,446.89892578125,1188.59,분할매수,0.0,245.7617821348444,1000000.0,1000000.0,1.8826024397958006,0.0,0.0,243.8791796950486,129543643.70286345,129543643.70286345
2013,SPY,109,2022-01-31,423.32891845703125,1206.78,분할매수,0.0,243.8791796950486,1000000.0,1000000.0,1.9574647903722322,0.0,0.0,241.92171490467638,123589305.97095054,123589305.97095054
2013,SPY,110,2022-02-28,410.8334655761719,1202.28,분할매수,0.0,241.92171490467638,1000000.0,1000000.0,2.024550267495494,0.0,0.0,239.89716463718088,118494051.9821965,118494051.9821965
2013,SPY,111,2022-03-31,426.27691650390625,1211.55,분할매수,0.0,239.89716463718088,1000000.0,1000000.0,1.9362741274356114,0.0,0.0,237.96089050974527,122896281.64628689,122896281.64628689
2013,SPY,112,2022-04-30,388.86297607421875,1255.87,분할매수,0.0,237.96089050974527,1000000.0,1000000.0,2.047664109121917,0.0,0.0,235.91322640062336,115210900.72814144,115210900.72814144
2013,SPY,113,2022-05-31,389.7406921386719,1236.93,분할매수,0.0,235.91322640062336,1000000.0,1000000.0,2.074336097885777,0.0,0.0,233.83889030273758,112729509.23482114,112729509.23482114
2013,SPY,114,2022-06-30,357.6025695800781,1298.95,분할매수,0.0,233.83889030273758,1000000.0,1000000.0,2.15281611129428,0.0,0.0,231.6860741914433,107620001.99457486,107620001.99457486
2013,SPY,115,2022-07-31,390.53326416015625,1299.08,분할매수,0.0,231.6860741914433,1000000.0,1000000.0,1.9710882634027371,0.0,0.0,229.71498592804056,116542211.82945813,116542211.82945813
2013,SPY,116,2022-08-31,374.5987548828125,1338.66,분할매수,0.0,229.71498592804056,1000000.0,1000000.0,1.9941755348933263,0.0,0.0,227.72081039314725,114192961.6568727,114192961.6568727
2013,SPY,117,2022-09-30,339.9686279296875,1431.67,분할매수,0.0,227.72081039314725,1000000.0,1000000.0,2.0545571816987933,0.0,0.0,225.66625321144846,109836929.93390343,109836929.93390343
2013,SPY,118,2022-10-31,367.5997619628906,1424.6,분할매수,0.0,225.66625321144846,1000000.0,1000000.0,1.909553535108804,0.0,0.0,223.75669967633965,117177494.9287244,117177494.9287244
2013,SPY,119,2022-11-30,388.0351867675781,1316.84,분할매수,0.0,223.75669967633965,1000000.0,1000000.0,1.9570227803199693,0.0,0.0,221.7996768960197,113335255.53532694,113335255.53532694
2013,SPY,120,2022-12-31,365.6734924316406,1260.18,분할매수,0.0,221.7996768960197,1000000.0,1000000.0,2.1700709720132982,0.0,0.0,219.6296059240064,101208489.84042376,101208489.84042376
2013,SOXX,0,2012-12-31,14.987213134765625,1063.24,분할매수,100000000.0,0.0,0.0,0.0,0.0,8333333.333333333,91666666.66666667,522.9577021318421,8333333.333333333,100000000.0
2013,SOXX,1,2013-01-31,16.133434295654297,1087.46,분할매수,91666666.66666667,522.9577021318421,1000000.0,1000000.0,0.0,8333333.333333333,82333333.33333334,997.9413274647987,17508346.152025353,99841679.4853587
2013,SOXX,2,2013-02-28,16.7209415435791,1083.9,분할매수,82333333.33333334,997.9413274647987,1000000.0,1000000.0,0.0,8333333.333333333,73000000.00000001,1457.7411603401692,26419850.844372608,99419850.84437263
2013,SOXX,3,2013-03-31,17.11033821105957,1112.48,분할매수,73000000.00000001,1457.7411603401692,1000000.0,1000000.0,0.0,8333333.333333333,63666666.66666668,1895.5332879575399,36081303.743280806,99747970.40994748
2013,SOXX,4,2013-04-30,17.410873413085938,1101.52,분할매수,63666666.66666668,1895.5332879575399,1000000.0,1000000.0,0.0,8333333.333333333,54333333.33333334,2330.0493241183535,44686676.86593749,99020010.19927083
2013,SOXX,5,2013-05-31,18.40207290649414,1129.34,분할매수,54333333.33333334,2330.0493241183535,1000000.0,1000000.0,0.0,8333333.333333333,45000000.00000001,2731.033557249689,56756877.44467142,101756877.44467142
2013,SOXX,6,2013-06-30,18.394147872924805,1141.45,분할매수,45000000.00000001,2731.033557249689,1000000.0,1000000.0,0.0,8333333.333333333,35666666.66666667,3127.934552572171,65674114.1459119,101340780.81257857
2013,SOXX,7,2013-07-31,18.814044952392578,1122.66,분할매수,35666666.66666667,3127.934552572171,1000000.0,1000000.0,0.0,8333333.333333333,26333333.33333334,3522.472088110259,74400865.37660174,100734198.70993508
2013,SOXX,8,2013-08-31,18.072711944580078,1109.42,분할매수,26333333.33333334,3522.472088110259,1000000.0,1000000.0,0.0,8333333.333333333,17000000.000000007,3938.094957724225,78959702.12494884,95959702.12494886
2013,SOXX,9,2013-09-30,19.387670516967773,1073.33,분할매수,17000000.000000007,3938.094957724225,1000000.0,1000000.0,0.0,8333333.333333333,7666666.666666674,4338.555614422695,90282602.08695629,97949268.75362296
2013,SOXX,10,2013-10-31,20.033437728881836,1060.83,분할매수,7666666.666666674,4338.555614422695,1000000.0,1000000.0,0.0,6666666.666666674,0.0,4652.2505212707065,98869961.85808398,98869961.85808398
2013,SOXX,11,2013-11-30,20.207975387573242,1057.76,분할매수,0.0,4652.2505212707065,1000000.0,1000000.0,46.78321415698745,0.0,0.0,4605.4673071137195,98442729.72907434,98442729.72907434
2013,SOXX,12,2013-12-31,21.218782424926758,1055.25,분할매수,0.0,4605.4673071137195,1000000.0,1000000.0,44.66056155862515,0.0,0.0,4560.8067455550945,102121571.8384598,102121571.8384598
2013,SOXX,13,2014-01-31,20.988237380981445,1080.36,분할매수,0.0,4560.8067455550945,1000000.0,1000000.0,44.10172088275238,0.0,0.0,4516.705024672342,102415618.5805159,102415618.5805159
2013,SOXX,14,2014-02-28,22.397769927978516,1066.01,분할매수,0.0,4516.705024672342,1000000.0,1000000.0,41.88262969839527,0.0,0.0,4474.822394973947,106841963.53471567,106841963.53471567
2013,SOXX,15,2014-03-31,23.317424774169922,1064.65,분할매수,0.0,4474.822394973947,1000000.0,1000000.0,40.28214210792898,0.0,0.0,4434.540252866018,110087001.85269293,110087001.85269293
2013,SOXX,16,2014-04-30,22.884382247924805,1032.85,분할매수,0.0,4434.540252866018,1000000.0,1000000.0,42.308102980656926,0.0,0.0,4392.232149885361,103815388.55319203,103815388.55319203
2013,SOXX,17,2014-05-31,23.896774291992188,1020.3,분할매수,0.0,4392.232149885361,1000000.0,1000000.0,41.014066544574604,0.0,0.0,4351.2180833407865,106090871.98441605,106090871.98441605
2013,SOXX,18,2014-06-30,25.35187530517578,1011.6,분할매수,0.0,4351.2180833407865,1000000.0,1000000.0,38.992500755987514,0.0,0.0,4312.225582584799,110591152.11846557,110591152.11846557
2013,SOXX,19,2014-07-31,24.248594284057617,1027.75,분할매수,0.0,4312.225582584799,1000000.0,1000000.0,40.126007258501225,0.0,0.0,4272.099575326298,106467098.70245555,106467098.70245555
2013,SOXX,20,2014-08-31,25.803739547729492,1013.85,분할매수,0.0,4272.099575326298,1000000.0,1000000.0,38.224661205680746,0.0,0.0,4233.874914120617,110762915.3686626,110762915.3686626
2013,SOXX,21,2014-09-30,25.554243087768555,1054.55,분할매수,0.0,4233.874914120617,1000000.0,1000000.0,37.1081926173158,0.0,0.0,4196.766721503302,113095422.47942747,113095422.47942747
2013,SOXX,22,2014-10-31,25.642515182495117,1073.07,분할매수,0.0,4196.766721503302,1000000.0,1000000.0,36.34220930510624,0.0,0.0,4160.424512198196,114479130.23861313,114479130.23861313
2013,SOXX,23,2014-11-30,27.49325180053711,1112.06,분할매수,0.0,4160.424512198196,1000000.0,1000000.0,32.70737351653538,0.0,0.0,4127.717138681661,126201424.7825455,126201424.7825455
2013,SOXX,24,2014-12-31,27.552759170532227,1090.89,분할매수,0.0,4127.717138681661,1000000.0,1000000.0,33.27008750522752,0.0,0.0,4094.4470511764334,123066915.60498896,123066915.60498896
2013,SOXX,25,2015-01-31,26.212053298950195,1104.3,분할매수,0.0,4094.4470511764334,1000000.0,1000000.0,34.547122938922314,0.0,0.0,4059.899928237511,117517743.38532396,117517743.38532396
2013,SOXX,26,2015-02-28,28.730329513549805,1100.65,분할매수,0.0,4059.899928237511,1000000.0,1000000.0,31.623516041569015,0.0,0.0,4028.276412195942,127382306.4741057,127382306.4741057
2013,SOXX,27,2015-03-31,27.96234703063965,1107.71,분할매수,0.0,4028.276412195942,1000000.0,1000000.0,32.28496369248259,0.0,0.0,3995.9914485034597,123772524.15600233,123772524.15600233
2013,SOXX,28,2015-04-30,27.60248565673828,1076.74,분할매수,0.0,3995.9914485034597,1000000.0,1000000.0,33.64658256159053,0.0,0.0,3962.344865941869,117763664.66605467,117763664.66605467
2013,SOXX,29,2015-05-31,30.059059143066406,1111.99,분할매수,0.0,3962.344865941869,1000000.0,1000000.0,29.917392237317078,0.0,0.0,3932.427473704552,131442855.79808955,131442855.79808955
2013,SOXX,30,2015-06-30,27.459665298461914,1117.34,분할매수,0.0,3932.427473704552,1000000.0,1000000.0,32.592630576728205,0.0,0.0,3899.8348431278237,119653884.14865734,119653884.14865734
2013,SOXX,31,2015-07-31,26.102930068969727,1159.7,분할매수,0.0,3899.8348431278237,1000000.0,1000000.0,33.034298057090666,0.0,0.0,3866.800545070733,117054115.64635143,117054115.64635143
2013,SOXX,32,2015-08-31,24.755144119262695,1182.54,분할매수,0.0,3866.800545070733,1000000.0,1000000.0,34.16006599686335,0.0,0.0,3832.6404790738693,112196518.57305516,112196518.57305516
2013,SOXX,33,2015-09-30,24.426544189453125,1184.62,분할매수,0.0,3832.6404790738693,1000000.0,1000000.0,34.55882046606791,0.0,0.0,3798.0816586078013,109901947.09732655,109901947.09732655
2013,SOXX,34,2015-10-31,26.849407196044922,1140.5,분할매수,0.0,3798.0816586078013,1000000.0,1000000.0,32.656527980623935,0.0,0.0,3765.425130627177,115303902.87850909,115303902.87850909
2013,SOXX,35,2015-11-30,27.470121383666992,1149.39,분할매수,0.0,3765.425130627177,1000000.0,1000000.0,31.67174610073934,0.0,0.0,3733.753384526438,117889091.83126086,117889091.83126086
2013,SOXX,36,2015-12-31,26.996599197387695,1169.26,분할매수,0.0,3733.753384526438,1000000.0,1000000.0,31.679611590969294,0.0,0.0,3702.0737729354687,116859822.04373981,116859822.04373981
2013,SOXX,37,2016-01-31,24.950218200683594,1210.04,분할매수,0.0,3702.0737729354687,1000000.0,1000000.0,33.12271478788137,0.0,0.0,3668.9510581475874,110768428.30195637,110768428.30195637
2013,SOXX,38,2016-02-29,25.382936477661133,1238.09,분할매수,0.0,3668.9510581475874,1000000.0,1000000.0,31.820420997285343,0.0,0.0,3637.130637150302,114301776.12862484,114301776.12862484
2013,SOXX,39,2016-03-31,27.614622116088867,1138.86,분할매수,0.0,3637.130637150302,1000000.0,1000000.0,31.797322803054662,0.0,0.0,3605.3333143472473,113384807.16373064,113384807.16373064
2013,SOXX,40,2016-04-30,26.336669921875,1144.09,분할매수,0.0,3605.3333143472473,1000000.0,1000000.0,33.18783709118979,0.0,0.0,3572.1454772560573,107634175.35890992,107634175.35890992
2013,SOXX,41,2016-05-31,28.62432098388672,1188.99,분할매수,0.0,3572.1454772560573,1000000.0,1000000.0,29.38235520947283,0.0,0.0,3542.7631220465846,120574511.36198922,120574511.36198922
2013,SOXX,42,2016-06-30,28.312902450561523,1154.15,분할매수,0.0,3542.7631220465846,1000000.0,1000000.0,30.602249488199583,0.0,0.0,3512.160872558385,114768062.19466631,114768062.19466631
2013,SOXX,43,2016-07-31,31.445337295532227,1112.89,분할매수,0.0,3512.160872558385,1000000.0,1000000.0,28.575346314417025,0.0,0.0,3483.585526243968,121908777.16454501,121908777.16454501
2013,SOXX,44,2016-08-31,32.92689514160156,1115.98,분할매수,0.0,3483.585526243968,1000000.0,1000000.0,27.214026785091583,0.0,0.0,3456.3714994588768,127006985.28570384,127006985.28570384
2013,SOXX,45,2016-09-30,34.30694580078125,1097.98,분할매수,0.0,3456.3714994588768,1000000.0,1000000.0,26.547492952949444,0.0,0.0,3429.824006505927,129195778.0188382,129195778.0188382
2013,SOXX,46,2016-10-31,33.812042236328125,1145.37,분할매수,0.0,3429.824006505927,1000000.0,1000000.0,25.82157884920941,0.0,0.0,3404.002427656718,131827819.1870107,131827819.1870107
2013,SOXX,47,2016-11-30,36.24713897705078,1175.87,분할매수,0.0,3404.002427656718,1000000.0,1000000.0,23.462104062069354,0.0,0.0,3380.5403235946483,144085130.4150462,144085130.4150462
2013,SOXX,48,2016-12-31,37.34818649291992,1203.73,분할매수,0.0,3380.5403235946483,1000000.0,1000000.0,22.243411529787917,0.0,0.0,3358.2969120648604,150979399.34112617,150979399.34112617
2013,SOXX,49,2017-01-31,38.9124755859375,1151.45,분할매수,0.0,3358.2969120648604,1000000.0,1000000.0,22.318554054540574,0.0,0.0,3335.97835801032,149471079.07878268,149471079.07878268
2013,SOXX,50,2017-02-28,40.008094787597656,1129.17,분할매수,0.0,3335.97835801032,1000000.0,1000000.0,22.13567645383919,0.0,0.0,3313.842681556481,149705959.4481799,149705959.4481799
2013,SOXX,51,2017-03-31,41.7696647644043,1117.48,분할매수,0.0,3313.842681556481,1000000.0,1000000.0,21.42393545072434,0.0,0.0,3292.4187461057563,153679456.03077516,153679456.03077516
2013,SOXX,52,2017-04-30,41.531654357910156,1136.99,분할매수,0.0,3292.4187461057563,1000000.0,1000000.0,21.176984755678646,0.0,0.0,3271.2417613500775,154471554.80776784,154471554.80776784
2013,SOXX,53,2017-05-31,45.15664291381836,1119.58,분할매수,0.0,3271.2417613500775,1000000.0,1000000.0,19.779860331856664,0.0,0.0,3251.461901018221,164382449.94993946,164382449.94993946
2013,SOXX,54,2017-06-30,42.885135650634766,1143.75,분할매수,0.0,3251.461901018221,1000000.0,1000000.0,20.387412249628017,0.0,0.0,3231.074488768593,158483796.23694253,158483796.23694253
2013,SOXX,55,2017-07-31,44.95904541015625,1121.86,분할매수,0.0,3231.074488768593,1000000.0,1000000.0,19.8264178544101,0.0,0.0,3211.248070914183,161968142.4297172,161968142.4297172
2013,SOXX,56,2017-08-31,46.26515579223633,1122.36,분할매수,0.0,3211.248070914183,1000000.0,1000000.0,19.25811566057791,0.0,0.0,3191.989955253605,165747781.94876713,165747781.94876713
2013,SOXX,57,2017-09-30,48.66284942626953,1142.57,분할매수,0.0,3191.989955253605,1000000.0,1000000.0,17.985381236782988,0.0,0.0,3174.004574016822,176476913.790711,176476913.790711
2013,SOXX,58,2017-10-31,53.00526428222656,1115.68,분할매수,0.0,3174.004574016822,1000000.0,1000000.0,16.90991201549886,0.0,0.0,3157.0946620013233,186700833.1626843,186700833.1626843
2013,SOXX,59,2017-11-30,52.9561653137207,1084.79,분할매수,0.0,3157.0946620013233,1000000.0,1000000.0,17.40755586922057,0.0,0.0,3139.6871061321026,180363465.71109313,180363465.71109313
2013,SOXX,60,2017-12-31,52.20765686035156,1067.42,분할매수,0.0,3139.6871061321026,1000000.0,1000000.0,17.944462828807705,0.0,0.0,3121.7426433032947,173966904.05754066,173966904.05754066
2013,SOXX,61,2018-01-31,56.71483612060547,1068.33,분할매수,0.0,3121.7426433032947,1000000.0,1000000.0,16.50432983831426,0.0,0.0,3105.2383134649804,188146888.9609969,188146888.9609969
2013,SOXX,62,2018-02-28,56.84088897705078,1082.12,분할매수,0.0,3105.2383134649804,1000000.0,1000000.0,16.257872546818856,0.0,0.0,3088.9804409181615,189999056.2739758,189999056.2739758
2013,SOXX,63,2018-03-31,55.464744567871094,1060.99,분할매수,0.0,3088.9804409181615,1000000.0,1000000.0,16.99306396208408,0.0,0.0,3071.9873769560772,180778898.01453555,180778898.01453555
2013,SOXX,64,2018-04-30,51.97453308105469,1069.07,분할매수,0.0,3071.9873769560772,1000000.0,1000000.0,17.997130295352274,0.0,0.0,3053.990246660725,169693178.66467926,169693178.66467926
2013,SOXX,65,2018-05-31,57.73817443847656,1080.75,분할매수,0.0,3053.990246660725,1000000.0,1000000.0,16.02550439168117,0.0,0.0,3037.9647422690437,189570616.18890756,189570616.18890756
2013,SOXX,66,2018-06-30,55.09607696533203,1111.79,분할매수,0.0,3037.9647422690437,1000000.0,1000000.0,16.325126675528914,0.0,0.0,3021.639615593515,185091342.66767442,185091342.66767442
2013,SOXX,67,2018-07-31,57.340240478515625,1112.75,분할매수,0.0,3021.639615593515,1000000.0,1000000.0,15.672666310412998,0.0,0.0,3005.9669492831017,191796781.0803145,191796781.0803145
2013,SOXX,68,2018-08-31,58.83015060424805,1116.5,분할매수,0.0,3005.9669492831017,1000000.0,1000000.0,15.224439490134282,0.0,0.0,2990.742509792967,196443521.72906092,196443521.72906092
2013,SOXX,69,2018-09-30,57.4536018371582,1109.76,분할매수,0.0,2990.742509792967,1000000.0,1000000.0,15.683885841737188,0.0,0.0,2975.05862395123,189688872.64112505,189688872.64112505
2013,SOXX,70,2018-10-31,50.59517288208008,1140.78,분할매수,0.0,2975.05862395123,1000000.0,1000000.0,17.325629268998846,0.0,0.0,2957.732994682231,170714318.583197,170714318.583197
2013,SOXX,71,2018-11-30,52.23759841918945,1118.61,분할매수,0.0,2957.732994682231,1000000.0,1000000.0,17.113470878057015,0.0,0.0,2940.619523804174,171830690.84919837,171830690.84919837
2013,SOXX,72,2018-12-31,48.82014083862305,1112.85,분할매수,0.0,2940.619523804174,1000000.0,1000000.0,18.406208696293913,0.0,0.0,2922.21331510788,158762369.9874851,158762369.9874851
2013,SOXX,73,2019-01-31,53.729835510253906,1111.82,분할매수,0.0,2922.21331510788,1000000.0,1000000.0,16.739790054528942,0.0,0.0,2905.4735250533513,173566903.50290722,173566903.50290722
2013,SOXX,74,2019-02-28,57.167877197265625,1124.65,분할매수,0.0,2905.4735250533513,1000000.0,1000000.0,15.55358641519988,0.0,0.0,2889.9199386381515,185804087.97638798,185804087.97638798
2013,SOXX,75,2019-03-31,59.13294219970703,1136.3,분할매수,0.0,2889.9199386381515,1000000.0,1000000.0,14.8825553071194,0.0,0.0,2875.0373833310323,193181703.27616352,193181703.27616352
2013,SOXX,76,2019-04-30,66.00276947021484,1165.1,분할매수,0.0,2875.0373833310323,1000000.0,1000000.0,13.003930474049385,0.0,0.0,2862.033452856983,220089876.5622017,220089876.5622017
2013,SOXX,77,2019-05-31,55.0709342956543,1190.5,분할매수,0.0,2862.033452856983,1000000.0,1000000.0,15.252750131792792,0.0,0.0,2846.78070272519,186640486.3468764,186640486.3468764
2013,SOXX,78,2019-06-30,62.15456008911133,1154.58,분할매수,0.0,2846.78070272519,1000000.0,1000000.0,13.934871645222737,0.0,0.0,2832.8458310799674,203291849.6275598,203291849.6275598
2013,SOXX,79,2019-07-31,65.65373229980469,1182.74,분할매수,0.0,2832.8458310799674,1000000.0,1000000.0,12.878085234997833,0.0,0.0,2819.9677458449696,218974148.282646,218974148.282646
2013,SOXX,80,2019-08-31,64.13441467285156,1211.32,분할매수,0.0,2819.9677458449696,1000000.0,1000000.0,12.872116942352083,0.0,0.0,2807.0956289026176,218075677.95369062,218075677.95369062
2013,SOXX,81,2019-09-30,66.52364349365234,1195.85,분할매수,0.0,2807.0956289026176,1000000.0,1000000.0,12.570346949952903,0.0,0.0,2794.5252819526645,222310910.99383974,222310910.99383974
2013,SOXX,82,2019-10-31,70.59542846679688,1169.1,분할매수,0.0,2794.5252819526645,1000000.0,1000000.0,12.116348630542843,0.0,0.0,2782.408933322122,229640877.64099464,229640877.64099464
2013,SOXX,83,2019-11-30,73.4651870727539,1181.33,분할매수,0.0,2782.408933322122,1000000.0,1000000.0,11.52251223948843,0.0,0.0,2770.886421082633,240475893.05972856,240475893.05972856
2013,SOXX,84,2019-12-31,79.29229736328125,1155.46,분할매수,0.0,2770.886421082633,1000000.0,1000000.0,10.914757305976153,0.0,0.0,2759.971663776657,252866058.89674622,252866058.89674622
2013,SOXX,85,2020-01-31,76.75342559814453,1191.3,분할매수,0.0,2759.971663776657,1000000.0,1000000.0,10.936568829676977,0.0,0.0,2749.03509494698,251361751.36458912,251361751.36458912
2013,SOXX,86,2020-02-29,73.19461822509766,1214.92,분할매수,0.0,2749.03509494698,1000000.0,1000000.0,11.24535496322758,0.0,0.0,2737.789739983752,243459610.56243673,243459610.56243673
2013,SOXX,87,2020-03-31,65.02436065673828,1218.92,분할매수,0.0,2737.789739983752,1000000.0,1000000.0,12.61678511207264,0.0,0.0,2725.1729548716794,215995828.62547448,215995828.62547448
2013,SOXX,88,2020-04-30,74.47651672363281,1203.95,분할매수,0.0,2725.1729548716794,1000000.0,1000000.0,11.152498987846242,0.0,0.0,2714.020455883833,243355364.46508673,243355364.46508673
2013,SOXX,89,2020-05-31,79.80622863769531,1236.61,분할매수,0.0,2714.020455883833,1000000.0,1000000.0,10.132823030760244,0.0,0.0,2703.887632853073,266844454.36823204,266844454.36823204
2013,SOXX,90,2020-06-30,86.01689910888672,1200.5,분할매수,0.0,2703.887632853073,1000000.0,1000000.0,9.683983779423661,0.0,0.0,2694.203649073649,278212325.6751256,278212325.6751256
2013,SOXX,91,2020-07-31,92.21562194824219,1192.68,분할매수,0.0,2694.203649073649,1000000.0,1000000.0,9.092254084479634,0.0,0.0,2685.1113949891696,295318561.27652895,295318561.27652895
2013,SOXX,92,2020-08-31,97.56009674072266,1187.48,분할매수,0.0,2685.1113949891696,1000000.0,1000000.0,8.631802082569505,0.0,0.0,2676.4795929066,310071937.15797853,310071937.15797853
2013,SOXX,93,2020-09-30,97.08108520507812,1165.97,분할매수,0.0,2676.4795929066,1000000.0,1000000.0,8.834419165052333,0.0,0.0,2667.6451737415478,301960448.54814684,301960448.54814684
2013,SOXX,94,2020-10-31,97.35835266113281,1133.99,분할매수,0.0,2667.6451737415478,1000000.0,1000000.0,9.05769220049674,0.0,0.0,2658.587481541051,293517092.73088896,293517092.73088896
2013,SOXX,95,2020-11-30,115.3110580444336,1105.79,분할매수,0.0,2658.587481541051,1000000.0,1000000.0,7.8425335412860235,0.0,0.0,2650.744947999765,337995997.6001702,337995997.6001702
2013,SOXX,96,2020-12-31,121.09300994873047,1086.11,분할매수,0.0,2650.744947999765,1000000.0,1000000.0,7.603387303956039,0.0,0.0,2643.141560695809,347626847.7498948,347626847.7498948
2013,SOXX,97,2021-01-31,125.00192260742188,1118.35,분할매수,0.0,2643.141560695809,1000000.0,1000000.0,7.1532856038069825,0.0,0.0,2635.988275092002,368500353.69608724,368500353.69608724
2013,SOXX,98,2021-02-28,133.14227294921875,1123.36,분할매수,0.0,2635.988275092002,1000000.0,1000000.0,6.685980067708036,0.0,0.0,2629.302295024294,393256077.4034168,393256077.4034168
2013,SOXX,99,2021-03-31,135.6584930419922,1126.72,분할매수,0.0,2629.302295024294,1000000.0,1000000.0,6.5423987193747735,0.0,0.0,2622.759896304919,400886587.4435063,400886587.4435063
2013,SOXX,100,2021-04-30,135.03143310546875,1115.58,분할매수,0.0,2622.759896304919,1000000.0,1000000.0,6.638415070470187,0.0,0.0,2616.1214812344488,394088265.5668522,394088265.5668522
2013,SOXX,101,2021-05-31,138.43898010253906,1114.48,분할매수,0.0,2616.1214812344488,1000000.0,1000000.0,6.481407534546334,0.0,0.0,2609.6400736999026,402634776.4417446,402634776.4417446
2013,SOXX,102,2021-06-30,145.50448608398438,1130.42,분할매수,0.0,2609.6400736999026,1000000.0,1000000.0,6.0797228774334595,0.0,0.0,2603.560350822469,428236681.7221702,428236681.7221702
2013,SOXX,103,2021-07-31,146.3662109375,1151.86,분할매수,0.0,2603.560350822469,1000000.0,1000000.0,5.931430865630563,0.0,0.0,2597.628919956838,437943049.29164624,437943049.29164624
2013,SOXX,104,2021-08-31,149.9796600341797,1158.32,분할매수,0.0,2597.628919956838,1000000.0,1000000.0,5.75624247854322,0.0,0.0,2591.872677478295,450271628.9558118,450271628.9558118
2013,SOXX,105,2021-09-30,143.17877197265625,1183.7,분할매수,0.0,2591.872677478295,1000000.0,1000000.0,5.900376425926623,0.0,0.0,2585.9723010523685,438272427.78773296,438272427.78773296
2013,SOXX,106,2021-10-31,152.4142303466797,1174.94,분할매수,0.0,2585.9723010523685,1000000.0,1000000.0,5.584172085829073,0.0,0.0,2580.3881289665396,462089650.7675289,462089650.7675289
2013,SOXX,107,2021-11-30,169.9507293701172,1187.45,분할매수,0.0,2580.3881289665396,1000000.0,1000000.0,4.955205104654725,0.0,0.0,2575.432923861885,519742950.99159956,519742950.99159956
2013,SOXX,108,2021-12-31,174.482666015625,1188.59,분할매수,0.0,2575.432923861885,1000000.0,1000000.0,4.821871577446907,0.0,0.0,2570.611052284438,533114789.76500016,533114789.76500016
2013,SOXX,109,2022-01-31,154.2616729736328,1206.78,분할매수,0.0,2570.611052284438,1000000.0,1000000.0,5.371726084985697,0.0,0.0,2565.239326199452,477544700.83079123,477544700.83079123
2013,SOXX,110,2022-02-28,152.5532989501953,1202.28,분할매수,0.0,2565.239326199452,1000000.0,1000000.0,5.452212494597611,0.0,0.0,2559.7871137048546,469495111.6159265,469495111.6159265
2013,SOXX,111,2022-03-31,152.55787658691406,1211.55,분할매수,0.0,2559.7871137048546,1000000.0,1000000.0,5.410333330638028,0.0,0.0,2554.3767803742167,472129280.07764447,472129280.07764447
2013,SOXX,112,2022-04-30,129.1881103515625,1255.87,분할매수,0.0,2554.3767803742167,1000000.0,1000000.0,6.163576178230568,0.0,0.0,2548.2132041959862,413430958.0201415,413430958.0201415
2013,SOXX,113,2022-05-31,137.36270141601562,1236.93,분할매수,0.0,2548.2132041959862,1000000.0,1000000.0,5.885536453376521,0.0,0.0,2542.3276677426097,431961926.9852761,431961926.9852761
2013,SOXX,114,2022-06-30,112.86425018310547,1298.95,분할매수,0.0,2542.3276677426097,1000000.0,1000000.0,6.821048932529606,0.0,0.0,2535.50661881008,371717992.9201563,371717992.9201563
2013,SOXX,115,2022-07-31,131.49794006347656,1299.08,분할매수,0.0,2535.50661881008,1000000.0,1000000.0,5.853898038880756,0.0,0.0,2529.6527207711993,432131325.8224873,432131325.8224873
2013,SOXX,116,2022-08-31,119.34664154052734,1338.66,분할매수,0.0,2529.6527207711993,1000000.0,1000000.0,6.259209834029034,0.0,0.0,2523.39351093717,403148892.24809223,403148892.24809223
2013,SOXX,117,2022-09-30,103.45382690429688,1431.67,분할매수,0.0,2523.39351093717,1000000.0,1000000.0,6.751659237423661,0.0,0.0,2516.6418516997464,372744204.5283171,372744204.5283171
2013,SOXX,118,2022-10-31,105.96935272216797,1424.6,분할매수,0.0,2516.6418516997464,1000000.0,1000000.0,6.624098448555965,0.0,0.0,2510.0177532511907,378922169.2196268,378922169.2196268
2013,SOXX,119,2022-11-30,125.94734954833984,1316.84,분할매수,0.0,2510.0177532511907,1000000.0,1000000.0,6.029453599405849,0.0,0.0,2503.988299651785,415292738.9471132,415292738.9471132
2013,SOXX,120,2022-12-31,113.2634506225586,1260.18,분할매수,0.0,2503.988299651785,1000000.0,1000000.0,7.0061209224944765,0.0,0.0,2496.9821787292904,356400097.3366384,356400097.3366384
2014,QQQ,0,2013-12-31,79.58111572265625,1055.25,분할매수,100000000.0,0.0,0.0,0.0,0.0,8333333.333333333,91666666.66666667,99.23237128161703,8333333.333333332,100000000.0
2014,QQQ,1,2014-01-31,78.0521011352539,1080.36,분할매수,91666666.66666667,99.23237128161703,1000000.0,1000000.0,0.0,8333333.333333333,82333333.33333334,198.05710644078783,16701040.325058779,99034373.65839212
2014,QQQ,2,2014-02-28,82.0737075805664,1066.01,분할매수,82333333.33333334,198.05710644078783,1000000.0,1000000.0,0.0,8333333.333333333,73000000.00000001,293.30457074419337,25661625.47294416,98661625.47294417
2014,QQQ,3,2014-03-31,79.83014678955078,1064.65,분할매수,73000000.00000001,293.30457074419337,1000000.0,1000000.0,0.0,8333333.333333333,63666666.66666668,391.3539769019309,33261630.72933676,96928297.39600344
2014,QQQ,4,2014-04-30,79.57516479492188,1032.85,분할매수,63666666.66666668,391.3539769019309,1000000.0,1000000.0,0.0,8333333.333333333,54333333.33333334,492.7460384503963,40498407.1176407,94831740.45097405
2014,QQQ,5,2014-05-31,83.14461517333984,1020.3,분할매수,54333333.33333334,492.7460384503963,1000000.0,1000000.0,0.0,8333333.333333333,45000000.00000001,590.9788874217465,50134187.42730571,95134187.42730573
2014,QQQ,6,2014-06-30,85.7419204711914,1011.6,분할매수,45000000.00000001,590.9788874217465,1000000.0,1000000.0,0.0,8333333.333333333,35666666.66666667,687.0552885149266,59592789.41008134,95259456.07674801
2014,QQQ,7,2014-07-31,86.75538635253906,1027.75,분할매수,35666666.66666667,687.0552885149266,1000000.0,1000000.0,0.0,8333333.333333333,26333333.33333334,780.51723471777,69593139.81326951,95926473.14660285
2014,QQQ,8,2014-08-31,91.10139465332031,1013.85,분할매수,26333333.33333334,780.51723471777,1000000.0,1000000.0,0.0,8333333.333333333,17000000.000000007,870.740807932083,80424362.95665246,97424362.95665246
2014,QQQ,9,2014-09-30,90.41205596923828,1054.55,분할매수,17000000.000000007,870.740807932083,1000000.0,1000000.0,0.0,8333333.333333333,7666666.666666674,958.1435851875545,91353274.20117097,99019940.86783764
2014,QQQ,10,2014-10-31,92.80071258544922,1073.07,분할매수,7666666.666666674,958.1435851875545,1000000.0,1000000.0,0.0,6666666.666666674,0.0,1025.0903163715793,102080196.0246858,102080196.0246858
2014,QQQ,11,2014-11-30,97.01976776123047,1112.06,분할매수,0.0,1025.0903163715793,1000000.0,1000000.0,9.268544715932244,0.0,0.0,1015.8217716556471,109598842.40613218,109598842.40613218
2014,QQQ,12,2014-12-31,94.84590911865234,1090.89,분할매수,0.0,1015.8217716556471,1000000.0,1000000.0,9.66496833793112,0.0,0.0,1006.156803317716,104103476.40446526,104103476.40446526
2014,QQQ,13,2015-01-31,92.87093353271484,1104.3,분할매수,0.0,1006.156803317716,1000000.0,1000000.0,9.750639875730613,0.0,0.0,996.4061634419854,102188797.46774824,102188797.46774824
2014,QQQ,14,2015-02-28,99.5767593383789,1100.65,분할매수,0.0,996.4061634419854,1000000.0,1000000.0,9.124157507113518,0.0,0.0,987.2820059348719,108205278.69725525,108205278.69725525
2014,QQQ,15,2015-03-31,97.22775268554688,1107.71,분할매수,0.0,987.2820059348719,1000000.0,1000000.0,9.285037797392155,0.0,0.0,977.9969681374797,105330424.00884625,105330424.00884625
2014,QQQ,16,2015-04-30,99.0967788696289,1076.74,분할매수,0.0,977.9969681374797,1000000.0,1000000.0,9.371942490445559,0.0,0.0,968.6250256470341,103353709.93094772,103353709.93094772
2014,QQQ,17,2015-05-31,101.32494354248047,1111.99,분할매수,0.0,968.6250256470341,1000000.0,1000000.0,8.875293992054415,0.0,0.0,959.7497316549798,108137232.69496123,108137232.69496123
2014,QQQ,18,2015-06-30,98.80792236328125,1117.34,분할매수,0.0,959.7497316549798,1000000.0,1000000.0,9.05780331604223,0.0,0.0,950.6919283389375,104958332.07762104,104958332.07762104
2014,QQQ,19,2015-07-31,103.31134796142578,1159.7,분할매수,0.0,950.6919283389375,1000000.0,1000000.0,8.346536843016521,0.0,0.0,942.3453914959209,112902561.77139787,112902561.77139787
2014,QQQ,20,2015-08-31,96.26091003417969,1182.54,분할매수,0.0,942.3453914959209,1000000.0,1000000.0,8.784846897620374,0.0,0.0,933.5605445983006,106269415.44663483,106269415.44663483
2014,QQQ,21,2015-09-30,94.13615417480469,1184.62,분할매수,0.0,933.5605445983006,1000000.0,1000000.0,8.967357575307874,0.0,0.0,924.5931870229927,103106537.15526101,103106537.15526101
2014,QQQ,22,2015-10-31,104.83930969238281,1140.5,분할매수,0.0,924.5931870229927,1000000.0,1000000.0,8.363355500274835,0.0,0.0,916.2298315227179,109552897.93583556,109552897.93583556
2014,QQQ,23,2015-11-30,105.47760009765625,1149.39,분할매수,0.0,916.2298315227179,1000000.0,1000000.0,8.248449993311175,0.0,0.0,907.9813815294067,110079030.88043283,110079030.88043283
2014,QQQ,24,2015-12-31,103.79547882080078,1169.26,분할매수,0.0,907.9813815294067,1000000.0,1000000.0,8.239682369276029,0.0,0.0,899.7416991601307,109196163.01170425,109196163.01170425
2014,QQQ,25,2016-01-31,96.6227798461914,1210.04,분할매수,0.0,899.7416991601307,1000000.0,1000000.0,8.55304476513904,0.0,0.0,891.1886543949917,104195485.80259351,104195485.80259351
2014,QQQ,26,2016-02-29,95.11027526855469,1238.09,분할매수,0.0,891.1886543949917,1000000.0,1000000.0,8.492202578385012,0.0,0.0,882.6964518166067,103941991.9236632,103941991.9236632
2014,QQQ,27,2016-03-31,101.62783813476562,1138.86,분할매수,0.0,882.6964518166067,1000000.0,1000000.0,8.640064273976451,0.0,0.0,874.0563875426302,101163181.17855386,101163181.17855386
2014,QQQ,28,2016-04-30,98.38910675048828,1144.09,분할매수,0.0,874.0563875426302,1000000.0,1000000.0,8.883677672856685,0.0,0.0,865.1727098697735,97389025.32599021,97389025.32599021
2014,QQQ,29,2016-05-31,102.68878173828125,1188.99,분할매수,0.0,865.1727098697735,1000000.0,1000000.0,8.190280890877412,0.0,0.0,856.9824289788961,104634070.60109863,104634070.60109863
2014,QQQ,30,2016-06-30,100.3494873046875,1154.15,분할매수,0.0,856.9824289788961,1000000.0,1000000.0,8.634209578932929,0.0,0.0,848.3482193999632,98254300.1353469,98254300.1353469
2014,QQQ,31,2016-07-31,107.52534484863281,1112.89,분할매수,0.0,848.3482193999632,1000000.0,1000000.0,8.356740491820076,0.0,0.0,839.9914789081431,100516640.39709759,100516640.39709759
2014,QQQ,32,2016-08-31,108.65442657470703,1115.98,분할매수,0.0,839.9914789081431,1000000.0,1000000.0,8.247003224643937,0.0,0.0,831.7444756834992,100854147.01888995,100854147.01888995
2014,QQQ,33,2016-09-30,111.05953216552734,1097.98,분할매수,0.0,831.7444756834992,1000000.0,1000000.0,8.200677457618157,0.0,0.0,823.543798225881,100423873.81799002,100423873.81799002
2014,QQQ,34,2016-10-31,109.44116973876953,1145.37,분할매수,0.0,823.543798225881,1000000.0,1000000.0,7.977622285490401,0.0,0.0,815.5661759403906,102231736.0679926,102231736.0679926
2014,QQQ,35,2016-11-30,109.91825103759766,1175.87,분할매수,0.0,815.5661759403906,1000000.0,1000000.0,7.7369694168529275,0.0,0.0,807.8292065235377,104411580.68479589,104411580.68479589
2014,QQQ,36,2016-12-31,111.16280364990234,1203.73,분할매수,0.0,807.8292065235377,1000000.0,1000000.0,7.473282921773574,0.0,0.0,800.3559236017641,107095627.44773242,107095627.44773242
2014,QQQ,37,2017-01-31,116.87664794921875,1151.45,분할매수,0.0,800.3559236017641,1000000.0,1000000.0,7.430656208912446,0.0,0.0,792.9252673928517,106709992.37480596,106709992.37480596
2014,QQQ,38,2017-02-28,121.9900894165039,1129.17,분할매수,0.0,792.9252673928517,1000000.0,1000000.0,7.259657288463132,0.0,0.0,785.6656101043885,108223512.33479697,108223512.33479697
2014,QQQ,39,2017-03-31,124.46266174316406,1117.48,분할매수,0.0,785.6656101043885,1000000.0,1000000.0,7.189871959814022,0.0,0.0,778.4757381445745,108273936.2391526,108273936.2391526
2014,QQQ,40,2017-04-30,127.85678100585938,1136.99,분할매수,0.0,778.4757381445745,1000000.0,1000000.0,6.878909388273054,0.0,0.0,771.5968287563014,112168482.70624049,112168482.70624049
2014,QQQ,41,2017-05-31,132.83981323242188,1119.58,분할매수,0.0,771.5968287563014,1000000.0,1000000.0,6.723828257181356,0.0,0.0,764.87300049912,113755582.57042046,113755582.57042046
2014,QQQ,42,2017-06-30,129.76058959960938,1143.75,분할매수,0.0,764.87300049912,1000000.0,1000000.0,6.737923606763131,0.0,0.0,758.1350768923569,112517612.41866642,112517612.41866642
2014,QQQ,43,2017-07-31,135.0306854248047,1121.86,분할매수,0.0,758.1350768923569,1000000.0,1000000.0,6.601290794258334,0.0,0.0,751.5337860980985,113846489.95492926,113846489.95492926
2014,QQQ,44,2017-08-31,137.83062744140625,1122.36,분할매수,0.0,751.5337860980985,1000000.0,1000000.0,6.464308679725856,0.0,0.0,745.0694774183727,115258957.1960184,115258957.1960184
2014,QQQ,45,2017-09-30,137.42367553710938,1142.57,분할매수,0.0,745.0694774183727,1000000.0,1000000.0,6.368770851011641,0.0,0.0,738.7007065673611,115987954.95209612,115987954.95209612
2014,QQQ,46,2017-10-31,143.75390625,1115.68,분할매수,0.0,738.7007065673611,1000000.0,1000000.0,6.2350608672292385,0.0,0.0,732.4656457001319,117475299.96858361,117475299.96858361
2014,QQQ,47,2017-11-30,146.5883331298828,1084.79,분할매수,0.0,732.4656457001319,1000000.0,1000000.0,6.288613743233513,0.0,0.0,726.1770319568983,115474898.22192653,115474898.22192653
2014,QQQ,48,2017-12-31,147.47250366210938,1067.42,분할매수,0.0,726.1770319568983,1000000.0,1000000.0,6.352630725360306,0.0,0.0,719.824401231538,113311230.00081377,113311230.00081377
2014,QQQ,49,2018-01-31,160.38674926757812,1068.33,분할매수,0.0,719.824401231538,1000000.0,1000000.0,5.836145232289653,0.0,0.0,713.9882559992483,122339014.46608353,122339014.46608353
2014,QQQ,50,2018-02-28,158.31326293945312,1082.12,분할매수,0.0,713.9882559992483,1000000.0,1000000.0,5.837236320435129,0.0,0.0,708.1510196788131,121316147.02658209,121316147.02658209
2014,QQQ,51,2018-03-31,151.85592651367188,1060.99,분할매수,0.0,708.1510196788131,1000000.0,1000000.0,6.206645823583529,0.0,0.0,701.9443738552295,113095606.51713617,113095606.51713617
2014,QQQ,52,2018-04-30,152.62408447265625,1069.07,분할매수,0.0,701.9443738552295,1000000.0,1000000.0,6.1287341845933945,0.0,0.0,695.8156396706361,113533336.36492172,113533336.36492172
2014,QQQ,53,2018-05-31,161.28233337402344,1080.75,분할매수,0.0,695.8156396706361,1000000.0,1000000.0,5.737041055114647,0.0,0.0,690.0785986155214,120284758.63882956,120284758.63882956
2014,QQQ,54,2018-06-30,163.12913513183594,1111.79,분할매수,0.0,690.0785986155214,1000000.0,1000000.0,5.51373263308745,0.0,0.0,684.564865982434,124156340.4569923,124156340.4569923
2014,QQQ,55,2018-07-31,167.6908416748047,1112.75,분할매수,0.0,684.564865982434,1000000.0,1000000.0,5.359114703004297,0.0,0.0,679.2057512794297,126738423.959963,126738423.959963
2014,QQQ,56,2018-08-31,177.38446044921875,1116.5,분할매수,0.0,679.2057512794297,1000000.0,1000000.0,5.049236363780962,0.0,0.0,674.1565149156487,133516529.30163637,133516529.30163637
2014,QQQ,57,2018-09-30,176.8848876953125,1109.76,분할매수,0.0,674.1565149156487,1000000.0,1000000.0,5.094249396606257,0.0,0.0,669.0622655190424,131336770.82334556,131336770.82334556
2014,QQQ,58,2018-10-31,161.68038940429688,1140.78,분할매수,0.0,669.0622655190424,1000000.0,1000000.0,5.421765814552934,0.0,0.0,663.6404997044895,122403018.2054648,122403018.2054648
2014,QQQ,59,2018-11-30,161.25192260742188,1118.61,분할매수,0.0,663.6404997044895,1000000.0,1000000.0,5.543912933446721,0.0,0.0,658.0965867710428,118706154.78116749,118706154.78116749
2014,QQQ,60,2018-12-31,147.28636169433594,1112.85,분할매수,0.0,658.0965867710428,1000000.0,1000000.0,6.100997339611204,0.0,0.0,651.9955894314315,106867050.27689473,106867050.27689473
2014,QQQ,61,2019-01-31,160.5580291748047,1111.82,분할매수,0.0,651.9955894314315,1000000.0,1000000.0,5.601875974242248,0.0,0.0,646.3937134571893,115388794.11635408,115388794.11635408
2014,QQQ,62,2019-02-28,165.36062622070312,1124.65,분할매수,0.0,646.3937134571893,1000000.0,1000000.0,5.377129601423112,0.0,0.0,641.0165838557662,119211667.07347254,119211667.07347254
2014,QQQ,63,2019-03-31,171.85032653808594,1136.3,분할매수,0.0,641.0165838557662,1000000.0,1000000.0,5.121021882753278,0.0,0.0,635.8955619730128,124173568.58298141,124173568.58298141
2014,QQQ,64,2019-04-30,181.30081176757812,1165.1,분할매수,0.0,635.8955619730128,1000000.0,1000000.0,4.734095875895419,0.0,0.0,631.1614660971175,133322493.38480876,133322493.38480876
2014,QQQ,65,2019-05-31,166.38851928710938,1190.5,분할매수,0.0,631.1614660971175,1000000.0,1000000.0,5.048324271018796,0.0,0.0,626.1131418260986,124023954.92311423,124023954.92311423
2014,QQQ,66,2019-06-30,179.0174560546875,1154.58,분할매수,0.0,626.1131418260986,1000000.0,1000000.0,4.838164032129153,0.0,0.0,621.2749777939695,128411309.26281601,128411309.26281601
2014,QQQ,67,2019-07-31,183.19715881347656,1182.74,분할매수,0.0,621.2749777939695,1000000.0,1000000.0,4.615215465287106,0.0,0.0,616.6597623286824,133614512.03455804,133614512.03455804
2014,QQQ,68,2019-08-31,179.71728515625,1211.32,분할매수,0.0,616.6597623286824,1000000.0,1000000.0,4.5935797715868,0.0,0.0,612.0661825570957,133243834.43670216,133243834.43670216
2014,QQQ,69,2019-09-30,181.3668212890625,1195.85,분할매수,0.0,612.0661825570957,1000000.0,1000000.0,4.610684981667132,0.0,0.0,607.4554975754286,131749512.27220578,131749512.27220578
2014,QQQ,70,2019-10-31,189.3108673095703,1169.1,분할매수,0.0,607.4554975754286,1000000.0,1000000.0,4.518276394706572,0.0,0.0,602.937221180722,133444076.57023785,133444076.57023785
2014,QQQ,71,2019-11-30,197.0146942138672,1181.33,분할매수,0.0,602.937221180722,1000000.0,1000000.0,4.2966516817430955,0.0,0.0,598.6405694989788,139327228.23278013,139327228.23278013
2014,QQQ,72,2019-12-31,204.6714324951172,1155.46,분할매수,0.0,598.6405694989788,1000000.0,1000000.0,4.228514802495237,0.0,0.0,594.4120546964836,140572300.7864895,140572300.7864895
2014,QQQ,73,2020-01-31,210.8902130126953,1191.3,분할매수,0.0,594.4120546964836,1000000.0,1000000.0,3.9803607288170673,0.0,0.0,590.4316939676664,148336227.34066573,148336227.34066573
2014,QQQ,74,2020-02-29,198.11569213867188,1214.92,분할매수,0.0,590.4316939676664,1000000.0,1000000.0,4.154640424762609,0.0,0.0,586.2770535429038,141113789.30618358,141113789.30618358
2014,QQQ,75,2020-03-31,183.68128967285156,1218.92,분할매수,0.0,586.2770535429038,1000000.0,1000000.0,4.466423264542408,0.0,0.0,581.8106302783614,130263209.69111484,130263209.69111484
2014,QQQ,76,2020-04-30,211.1852569580078,1203.95,분할매수,0.0,581.8106302783614,1000000.0,1000000.0,3.93303627981846,0.0,0.0,577.8775939985429,146929128.7659356,146929128.7659356
2014,QQQ,77,2020-05-31,225.12539672851562,1236.61,분할매수,0.0,577.8775939985429,1000000.0,1000000.0,3.5920531547728625,0.0,0.0,574.28554084377,159876682.24806213,159876682.24806213
2014,QQQ,78,2020-06-30,239.2782440185547,1200.5,분할매수,0.0,574.28554084377,1000000.0,1000000.0,3.481245272186915,0.0,0.0,570.8042955715831,163965549.95190108,163965549.95190108
2014,QQQ,79,2020-07-31,256.8569030761719,1192.68,분할매수,0.0,570.8042955715831,1000000.0,1000000.0,3.264260587394414,0.0,0.0,567.5400349841887,173864806.37479016,173864806.37479016
2014,QQQ,80,2020-08-31,284.96917724609375,1187.48,분할매수,0.0,567.5400349841887,1000000.0,1000000.0,2.95512467123774,0.0,0.0,564.5849103129509,191052822.84976393,191052822.84976393
2014,QQQ,81,2020-09-30,268.50189208984375,1165.97,분할매수,0.0,564.5849103129509,1000000.0,1000000.0,3.194223299599095,0.0,0.0,561.3906870133518,175751860.26719284,175751860.26719284
2014,QQQ,82,2020-10-31,260.3262023925781,1133.99,분할매수,0.0,561.3906870133518,1000000.0,1000000.0,3.3874499894640455,0.0,0.0,558.0032370238878,164726634.71326223,164726634.71326223
2014,QQQ,83,2020-11-30,289.5498962402344,1105.79,분할매수,0.0,558.0032370238878,1000000.0,1000000.0,3.1232297166645946,0.0,0.0,554.8800073072232,177662246.34280142,177662246.34280142
2014,QQQ,84,2020-12-31,303.74481201171875,1086.11,분할매수,0.0,554.8800073072232,1000000.0,1000000.0,3.0312190300273425,0.0,0.0,551.8487882771958,182055068.5419186,182055068.5419186
2014,QQQ,85,2021-01-31,304.53875732421875,1118.35,분할매수,0.0,551.8487882771958,1000000.0,1000000.0,2.9361597889621236,0.0,0.0,548.9126284882337,186949167.60039952,186949167.60039952
2014,QQQ,86,2021-02-28,304.1321105957031,1123.36,분할매수,0.0,548.9126284882337,1000000.0,1000000.0,2.9269733516931584,0.0,0.0,545.9856551365406,186535915.95588177,186535915.95588177
2014,QQQ,87,2021-03-31,309.3533935546875,1126.72,분할매수,0.0,545.9856551365406,1000000.0,1000000.0,2.8689905126039728,0.0,0.0,543.1166646239366,189305841.98097935,189305841.98097935
2014,QQQ,88,2021-04-30,327.6356201171875,1115.58,분할매수,0.0,543.1166646239366,1000000.0,1000000.0,2.7359500783031816,0.0,0.0,540.3807145456334,197511174.94101867,197511174.94101867
2014,QQQ,89,2021-05-31,323.70001220703125,1114.48,분할매수,0.0,540.3807145456334,1000000.0,1000000.0,2.771947528187385,0.0,0.0,537.608767017446,193946227.89595002,193946227.89595002
2014,QQQ,90,2021-06-30,343.9705505371094,1130.42,분할매수,0.0,537.608767017446,1000000.0,1000000.0,2.5718101489579706,0.0,0.0,535.036956868488,208039056.49305838,208039056.49305838
2014,QQQ,91,2021-07-31,353.811279296875,1151.86,분할매수,0.0,535.036956868488,1000000.0,1000000.0,2.4537404883342546,0.0,0.0,532.5832163801538,217049528.63279486,217049528.63279486
2014,QQQ,92,2021-08-31,368.7374267578125,1158.32,분할매수,0.0,532.5832163801538,1000000.0,1000000.0,2.341284684869393,0.0,0.0,530.2419316952844,226474779.0484366,226474779.0484366
2014,QQQ,93,2021-09-30,347.7815246582031,1183.7,분할매수,0.0,530.2419316952844,1000000.0,1000000.0,2.4291360838413016,0.0,0.0,527.8127956114431,217284160.86792022,217284160.86792022
2014,QQQ,94,2021-10-31,375.1310729980469,1174.94,분할매수,0.0,527.8127956114431,1000000.0,1000000.0,2.268826423209901,0.0,0.0,525.5439691882332,231636921.98396626,231636921.98396626
2014,QQQ,95,2021-11-30,382.6218566894531,1187.45,분할매수,0.0,525.5439691882332,1000000.0,1000000.0,2.200973904107376,0.0,0.0,523.3429952841258,237777919.26904833,237777919.26904833
2014,QQQ,96,2021-12-31,387.03094482421875,1188.59,분할매수,0.0,523.3429952841258,1000000.0,1000000.0,2.173813281002684,0.0,0.0,521.1691820031231,239748825.9721786,239748825.9721786
2014,QQQ,97,2022-01-31,353.1773376464844,1206.78,분할매수,0.0,521.1691820031231,1000000.0,1000000.0,2.3462758345368178,0.0,0.0,518.8229061685862,221126134.67333776,221126134.67333776
2014,QQQ,98,2022-02-28,337.3691711425781,1202.28,분할매수,0.0,518.8229061685862,1000000.0,1000000.0,2.4654090348902273,0.0,0.0,516.357497133696,209440904.05537388,209440904.05537388
2014,QQQ,99,2022-03-31,353.1171875,1211.55,분할매수,0.0,516.357497133696,1000000.0,1000000.0,2.3374363915648937,0.0,0.0,514.0200607421311,219907614.42624715,219907614.42624715
2014,QQQ,100,2022-04-30,305.1082458496094,1255.87,분할매수,0.0,514.0200607421311,1000000.0,1000000.0,2.6097647975925127,0.0,0.0,511.41029594453863,195960301.25638545,195960301.25638545
2014,QQQ,101,2022-05-31,300.2674255371094,1236.93,분할매수,0.0,511.41029594453863,1000000.0,1000000.0,2.692443860908648,0.0,0.0,508.71785208362996,188942788.91740662,188942788.91740662
2014,QQQ,102,2022-06-30,273.52001953125,1298.95,분할매수,0.0,508.71785208362996,1000000.0,1000000.0,2.8146114297285263,0.0,0.0,505.90324065390143,179741770.14647332,179741770.14647332
2014,QQQ,103,2022-07-31,307.85137939453125,1299.08,분할매수,0.0,505.90324065390143,1000000.0,1000000.0,2.500477779142669,0.0,0.0,503.40276287475876,201322630.04846972,201322630.04846972
2014,QQQ,104,2022-08-31,292.0519714355469,1338.66,분할매수,0.0,503.40276287475876,1000000.0,1000000.0,2.5578175990969676,0.0,0.0,500.8449452756618,195809484.40283003,195809484.40283003
2014,QQQ,105,2022-09-30,261.2827453613281,1431.67,분할매수,0.0,500.8449452756618,1000000.0,1000000.0,2.6732916676119927,0.0,0.0,498.17165360804984,186351403.26946005,186351403.26946005
2014,QQQ,106,2022-10-31,271.73370361328125,1424.6,분할매수,0.0,498.17165360804984,1000000.0,1000000.0,2.5832328328339322,0.0,0.0,495.5884207752159,191848142.55845892,191848142.55845892
2014,QQQ,107,2022-11-30,286.7989807128906,1316.84,분할매수,0.0,495.5884207752159,1000000.0,1000000.0,2.647825658871779,0.0,0.0,492.9405951163441,186168070.94708148,186168070.94708148
2014,QQQ,108,2022-12-31,260.9478759765625,1260.18,분할매수,0.0,492.9405951163441,1000000.0,1000000.0,3.040980610364887,0.0,0.0,489.89961450597923,161099223.33480325,161099223.33480325
2014,QQQ,109,2023-01-31,288.72039794921875,1231.95,분할매수,0.0,489.89961450597923,1000000.0,1000000.0,2.8114440846116757,0.0,0.0,487.0881704213676,173251950.15879017,173251950.15879017
2014,QQQ,110,2023-02-28,287.6815490722656,1323.45,분할매수,0.0,487.0881704213676,1000000.0,1000000.0,2.62651843347536,0.0,0.0,484.4616519878922,184450124.47404057,184450124.47404057
2014,QQQ,111,2023-03-31,314.9903564453125,1303.8,분할매수,0.0,484.4616519878922,1000000.0,1000000.0,2.4349596305709547,0.0,0.0,482.0266923573212,197960855.82096267,197960855.82096267
2014,QQQ,112,2023-04-30,316.5902099609375,1338.41,분할매수,0.0,482.0266923573212,1000000.0,1000000.0,2.360007299793776,0.0,0.0,479.66668505752745,203247966.69037506,203247966.69037506
2014,QQQ,113,2023-05-31,341.5495910644531,1324.55,분할매수,0.0,479.66668505752745,1000000.0,1000000.0,2.2104356349401457,0.0,0.0,477.4562494225873,216000973.68839052,216000973.68839052
2014,QQQ,114,2023-06-30,363.080322265625,1317.8,분할매수,0.0,477.4562494225873,1000000.0,1000000.0,2.0900072110586057,0.0,0.0,475.3662422115287,227447178.0270805,227447178.0270805
2014,QQQ,115,2023-07-31,377.0955810546875,1273.85,분할매수,0.0,475.3662422115287,1000000.0,1000000.0,2.081758110659668,0.0,0.0,473.284484100869,227348452.09796953,227348452.09796953
2014,QQQ,116,2023-08-31,371.5032043457031,1322.43,분할매수,0.0,473.284484100869,1000000.0,1000000.0,2.0354701744075046,0.0,0.0,471.2490139264615,231518506.0688178,231518506.0688178
2014,QQQ,117,2023-09-30,352.63140869140625,1347.86,분할매수,0.0,471.2490139264615,1000000.0,1000000.0,2.103944226181571,0.0,0.0,469.1450697002799,222983605.6784295,222983605.6784295
2014,QQQ,118,2023-10-31,345.34783935546875,1351.03,분할매수,0.0,469.1450697002799,1000000.0,1000000.0,2.1432768053146183,0.0,0.0,467.0017928949653,217891497.60635453,217891497.60635453
2014,QQQ,119,2023-11-30,382.7104187011719,1289.95,분할매수,0.0,467.0017928949653,1000000.0,1000000.0,2.0256146893424662,0.0,0.0,464.97617820562283,229548186.3614242,229548186.3614242
2014,QQQ,120,2023-12-31,404.0923156738281,1290.97,분할매수,0.0,464.97617820562283,1000000.0,1000000.0,1.9169167754875625,0.0,0.0,463.0592614301353,241564614.2552837,241564614.2552837
2014,SPY,0,2013-12-31,149.6324920654297,1055.25,분할매수,100000000.0,0.0,0.0,0.0,0.0,8333333.333333333,91666666.66666667,52.77612310929655,8333333.333333333,100000000.0
2014,SPY,1,2014-01-31,144.3582305908203,1080.36,분할매수,91666666.66666667,52.77612310929655,1000000.0,1000000.0,0.0,8333333.333333333,82333333.33333334,106.20901842630785,16564237.223184614,98897570.55651796
2014,SPY,2,2014-02-28,150.92877197265625,1066.01,분할매수,82333333.33333334,106.20901842630785,1000000.0,1000000.0,0.0,8333333.333333333,73000000.00000001,158.00373212373597,25421470.140555684,98421470.1405557
2014,SPY,3,2014-03-31,152.1807861328125,1064.65,분할매수,73000000.00000001,158.00373212373597,1000000.0,1000000.0,0.0,8333333.333333333,63666666.66666668,209.43794195472847,33932983.29440657,97599649.96107325
2014,SPY,4,2014-04-30,153.23870849609375,1032.85,분할매수,63666666.66666668,209.43794195472847,1000000.0,1000000.0,0.0,8333333.333333333,54333333.33333334,262.0897169912015,41481620.95985783,95814954.29319116
2014,SPY,5,2014-05-31,156.79478454589844,1020.3,분할매수,54333333.33333334,262.0897169912015,1000000.0,1000000.0,0.0,8333333.333333333,45000000.00000001,314.1803043711207,50261848.34502309,95261848.3450231
2014,SPY,6,2014-06-30,160.03182983398438,1011.6,분할매수,45000000.00000001,314.1803043711207,1000000.0,1000000.0,0.0,8333333.333333333,35666666.66666667,365.6561585823456,59195416.98811512,94862083.65478179
2014,SPY,7,2014-07-31,157.88136291503906,1027.75,분할매수,35666666.66666667,365.6561585823456,1000000.0,1000000.0,0.0,8333333.333333333,26333333.33333334,417.0132478700232,67665641.63033013,93998974.96366347
2014,SPY,8,2014-08-31,164.11192321777344,1013.85,분할매수,26333333.33333334,417.0132478700232,1000000.0,1000000.0,0.0,8333333.333333333,17000000.000000007,467.0979290392443,77718029.76726897,94718029.76726899
2014,SPY,9,2014-09-30,161.8478240966797,1054.55,분할매수,17000000.000000007,467.0979290392443,1000000.0,1000000.0,0.0,8333333.333333333,7666666.666666674,515.9232057038731,88056030.42587423,95722697.0925409
2014,SPY,10,2014-10-31,165.65948486328125,1073.07,분할매수,7666666.666666674,515.9232057038731,1000000.0,1000000.0,0.0,6666666.666666674,0.0,553.4260650437495,98379354.67412889,98379354.67412889
2014,SPY,11,2014-11-30,170.2104949951172,1112.06,분할매수,0.0,553.4260650437495,1000000.0,1000000.0,5.283058814029783,0.0,0.0,548.1430062297197,103754855.95088619,103754855.95088619
2014,SPY,12,2014-12-31,169.77871704101562,1090.89,분할매수,0.0,548.1430062297197,1000000.0,1000000.0,5.399279277111115,0.0,0.0,542.7437269526087,100521513.90898302,100521513.90898302
2014,SPY,13,2015-01-31,164.748291015625,1104.3,분할매수,0.0,542.7437269526087,1000000.0,1000000.0,5.49657311901665,0.0,0.0,537.247153833592,97742200.85872465,97742200.85872465
2014,SPY,14,2015-02-28,174.0078887939453,1100.65,분할매수,0.0,537.247153833592,1000000.0,1000000.0,5.221338196495144,0.0,0.0,532.0258156370969,101894532.7070027,101894532.7070027
2014,SPY,15,2015-03-31,171.27499389648438,1107.71,분할매수,0.0,532.0258156370969,1000000.0,1000000.0,5.270841575311419,0.0,0.0,526.7549740617854,99937546.31691106,99937546.31691106
2014,SPY,16,2015-04-30,172.9592742919922,1076.74,분할매수,0.0,526.7549740617854,1000000.0,1000000.0,5.369641589653466,0.0,0.0,521.385332472132,97098721.3516759,97098721.3516759
2014,SPY,17,2015-05-31,175.18284606933594,1111.99,분할매수,0.0,521.385332472132,1000000.0,1000000.0,5.1334287736819775,0.0,0.0,516.25190369845,100566682.90503341,100566682.90503341
2014,SPY,18,2015-06-30,171.6245574951172,1117.34,분할매수,0.0,516.25190369845,1000000.0,1000000.0,5.214770775789676,0.0,0.0,511.03713292266025,97998005.06960416,97998005.06960416
2014,SPY,19,2015-07-31,175.50144958496094,1159.7,분할매수,0.0,511.03713292266025,1000000.0,1000000.0,4.913303987522343,0.0,0.0,506.1238289351379,103010892.51153043,103010892.51153043
2014,SPY,20,2015-08-31,164.80459594726562,1182.54,분할매수,0.0,506.1238289351379,1000000.0,1000000.0,5.13115154353138,0.0,0.0,500.99267739160655,97637474.38392973,97637474.38392973
2014,SPY,21,2015-09-30,160.5994110107422,1184.62,분할매수,0.0,500.99267739160655,1000000.0,1000000.0,5.256261837680844,0.0,0.0,495.7364155539257,94313493.28911161,94313493.28911161
2014,SPY,22,2015-10-31,174.25997924804688,1140.5,분할매수,0.0,495.7364155539257,1000000.0,1000000.0,5.031610936397113,0.0,0.0,490.7048046175286,97524393.44384167,97524393.44384167
2014,SPY,23,2015-11-30,174.8968963623047,1149.39,분할매수,0.0,490.7048046175286,1000000.0,1000000.0,4.974512000588635,0.0,0.0,485.73029261694,97643807.58544023,97643807.58544023
2014,SPY,24,2015-12-31,171.87423706054688,1169.26,분할매수,0.0,485.73029261694,1000000.0,1000000.0,4.975974244173872,0.0,0.0,480.75431837276614,96615113.90169638,96615113.90169638
2014,SPY,25,2016-01-31,163.3172607421875,1210.04,분할매수,0.0,480.75431837276614,1000000.0,1000000.0,5.060205869245099,0.0,0.0,475.694112503521,94006869.44274203,94006869.44274203
2014,SPY,26,2016-02-29,163.1823272705078,1238.09,분할매수,0.0,475.694112503521,1000000.0,1000000.0,4.9496519529814575,0.0,0.0,470.74446055053954,95106578.20434897,95106578.20434897
2014,SPY,27,2016-03-31,174.15895080566406,1138.86,분할매수,0.0,470.74446055053954,1000000.0,1000000.0,5.041779646970021,0.0,0.0,465.7026809035695,92368709.76371306,92368709.76371306
2014,SPY,28,2016-04-30,174.84535217285156,1144.09,분할매수,0.0,465.7026809035695,1000000.0,1000000.0,4.999029714141533,0.0,0.0,460.70365118942794,92158614.27791955,92158614.27791955
2014,SPY,29,2016-05-31,177.8197479248047,1188.99,분할매수,0.0,460.70365118942794,1000000.0,1000000.0,4.729789444613229,0.0,0.0,455.9738617448147,96404685.04663028,96404685.04663028
2014,SPY,30,2016-06-30,178.43783569335938,1154.15,분할매수,0.0,455.9738617448147,1000000.0,1000000.0,4.85568826342465,0.0,0.0,451.11817348139004,92905093.78030431,92905093.78030431
2014,SPY,31,2016-07-31,184.94561767578125,1112.89,분할매수,0.0,451.11817348139004,1000000.0,1000000.0,4.858516868286706,0.0,0.0,446.25965661310335,91851004.88710892,91851004.88710892
2014,SPY,32,2016-08-31,185.1671600341797,1115.98,분할매수,0.0,446.25965661310335,1000000.0,1000000.0,4.839267428241823,0.0,0.0,441.4203891848615,91216366.0575452,91216366.0575452
2014,SPY,33,2016-09-30,185.1779327392578,1097.98,분할매수,0.0,441.4203891848615,1000000.0,1000000.0,4.918314987163567,0.0,0.0,436.50207419769794,88750329.19545324,88750329.19545324
2014,SPY,34,2016-10-31,181.96746826171875,1145.37,분할매수,0.0,436.50207419769794,1000000.0,1000000.0,4.798002208847673,0.0,0.0,431.7040719888503,89975796.841605,89975796.841605
2014,SPY,35,2016-11-30,188.67086791992188,1175.87,분할매수,0.0,431.7040719888503,1000000.0,1000000.0,4.507501110308179,0.0,0.0,427.1965708785421,94774590.27166708,94774590.27166708
2014,SPY,36,2016-12-31,192.49554443359375,1203.73,분할매수,0.0,427.1965708785421,1000000.0,1000000.0,4.315689926734243,0.0,0.0,422.88088095180785,97986854.50782816,97986854.50782816
2014,SPY,37,2017-01-31,195.94024658203125,1151.45,분할매수,0.0,422.88088095180785,1000000.0,1000000.0,4.432321612891038,0.0,0.0,418.4485593389168,94408437.80873078,94408437.80873078
2014,SPY,38,2017-02-28,203.63900756835938,1129.17,분할매수,0.0,418.4485593389168,1000000.0,1000000.0,4.348902758502708,0.0,0.0,414.0996565804141,95219341.42371702,95219341.42371702
2014,SPY,39,2017-03-31,203.8935546875,1117.48,분할매수,0.0,414.0996565804141,1000000.0,1000000.0,4.388910689612172,0.0,0.0,409.71074589080195,93351351.81960294,93351351.81960294
2014,SPY,40,2017-04-30,205.9174346923828,1136.99,분할매수,0.0,409.71074589080195,1000000.0,1000000.0,4.271203225358132,0.0,0.0,405.4395426654438,94923964.34296298,94923964.34296298
2014,SPY,41,2017-05-31,208.8235321044922,1119.58,분할매수,0.0,405.4395426654438,1000000.0,1000000.0,4.277257840097791,0.0,0.0,401.16228482534603,93789596.0034465,93789596.0034465
2014,SPY,42,2017-06-30,210.15472412109375,1143.75,분할매수,0.0,401.16228482534603,1000000.0,1000000.0,4.16034873138002,0.0,0.0,397.00193609396604,95425158.2564516,95425158.2564516
2014,SPY,43,2017-07-31,214.47430419921875,1121.86,분할매수,0.0,397.00193609396604,1000000.0,1000000.0,4.156100769112103,0.0,0.0,392.8458353248539,94522692.57869326,94522692.57869326
2014,SPY,44,2017-08-31,215.10008239746094,1122.36,분할매수,0.0,392.8458353248539,1000000.0,1000000.0,4.142163551826052,0.0,0.0,388.70367177302785,93840734.89847349,93840734.89847349
2014,SPY,45,2017-09-30,219.43421936035156,1142.57,분할매수,0.0,388.70367177302785,1000000.0,1000000.0,3.9885296903595093,0.0,0.0,384.71514208266836,96455378.78595853,96455378.78595853
2014,SPY,46,2017-10-31,224.60499572753906,1115.68,분할매수,0.0,384.71514208266836,1000000.0,1000000.0,3.990625197215137,0.0,0.0,380.7245168854532,95404729.35196778,95404729.35196778
2014,SPY,47,2017-11-30,231.47019958496094,1084.79,분할매수,0.0,380.7245168854532,1000000.0,1000000.0,3.9825316951001892,0.0,0.0,376.74198519035303,94598615.66296342,94598615.66296342
2014,SPY,48,2017-12-31,234.27752685546875,1067.42,분할매수,0.0,376.74198519035303,1000000.0,1000000.0,3.9988400530097943,0.0,0.0,372.7431451373432,93212816.76589985,93212816.76589985
2014,SPY,49,2018-01-31,247.48110961914062,1068.33,분할매수,0.0,372.7431451373432,1000000.0,1000000.0,3.782269941737877,0.0,0.0,368.96087519560535,97550116.96126461,97550116.96126461
2014,SPY,50,2018-02-28,238.4827117919922,1082.12,분할매수,0.0,368.96087519560535,1000000.0,1000000.0,3.8749640235674403,0.0,0.0,365.0859111720379,94216593.74166933,94216593.74166933
2014,SPY,51,2018-03-31,231.94573974609375,1060.99,분할매수,0.0,365.0859111720379,1000000.0,1000000.0,4.0635191364766685,0.0,0.0,361.02239203556127,88844762.3624558,88844762.3624558
2014,SPY,52,2018-04-30,233.1444854736328,1069.07,분할매수,0.0,361.02239203556127,1000000.0,1000000.0,4.01207192183675,0.0,0.0,357.0103201137245,88984027.97083536,88984027.97083536
2014,SPY,53,2018-05-31,238.81192016601562,1080.75,분할매수,0.0,357.0103201137245,1000000.0,1000000.0,3.874527567083869,0.0,0.0,353.13579254664063,91142929.41072693,91142929.41072693
2014,SPY,54,2018-06-30,240.18536376953125,1111.79,분할매수,0.0,353.13579254664063,1000000.0,1000000.0,3.74481784263424,0.0,0.0,349.3909747040064,93299858.46741004,93299858.46741004
2014,SPY,55,2018-07-31,249.08338928222656,1112.75,분할매수,0.0,349.3909747040064,1000000.0,1000000.0,3.607926075553593,0.0,0.0,345.7830486284528,95839837.45437372,95839837.45437372
2014,SPY,56,2018-08-31,257.0340576171875,1116.5,분할매수,0.0,345.7830486284528,1000000.0,1000000.0,3.4845812900164477,0.0,0.0,342.29846733843635,98232309.37936324,98232309.37936324
2014,SPY,57,2018-09-30,258.5623474121094,1109.76,분할매수,0.0,342.29846733843635,1000000.0,1000000.0,3.485023018353097,0.0,0.0,338.81344432008325,97219858.38710327,97219858.38710327
2014,SPY,58,2018-10-31,240.6945037841797,1140.78,분할매수,0.0,338.81344432008325,1000000.0,1000000.0,3.6419328001848617,0.0,0.0,335.1715115198984,92031218.01228331,92031218.01228331
2014,SPY,59,2018-11-30,245.1592254638672,1118.61,분할매수,0.0,335.1715115198984,1000000.0,1000000.0,3.646473501435471,0.0,0.0,331.5250380184629,90916617.90163969,90916617.90163969
2014,SPY,60,2018-12-31,223.5733642578125,1112.85,분할매수,0.0,331.5250380184629,1000000.0,1000000.0,4.01923415090694,0.0,0.0,327.505803867556,81484629.05393414,81484629.05393414
2014,SPY,61,2019-01-31,241.4739532470703,1111.82,분할매수,0.0,327.505803867556,1000000.0,1000000.0,3.7247336783597245,0.0,0.0,323.78107018919627,86927307.60062851,86927307.60062851
2014,SPY,62,2019-02-28,249.301513671875,1124.65,분할매수,0.0,323.78107018919627,1000000.0,1000000.0,3.5666270335265797,0.0,0.0,320.2144431556697,89780748.06971076,89780748.06971076
2014,SPY,63,2019-03-31,253.8138885498047,1136.3,분할매수,0.0,320.2144431556697,1000000.0,1000000.0,3.46730152470418,0.0,0.0,316.74714163096553,91352638.1752996,91352638.1752996
2014,SPY,64,2019-04-30,264.18280029296875,1165.1,분할매수,0.0,316.74714163096553,1000000.0,1000000.0,3.2488694356088517,0.0,0.0,313.49827219535666,96494574.00759037,96494574.00759037
2014,SPY,65,2019-05-31,247.33560180664062,1190.5,분할매수,0.0,313.49827219535666,1000000.0,1000000.0,3.3961273435785695,0.0,0.0,310.1021448517781,91310517.38625827,91310517.38625827
2014,SPY,66,2019-06-30,264.5469055175781,1154.58,분할매수,0.0,310.1021448517781,1000000.0,1000000.0,3.273959358218613,0.0,0.0,306.8281854935595,93717774.69482915,93717774.69482915
2014,SPY,67,2019-07-31,268.5466613769531,1182.74,분할매수,0.0,306.8281854935595,1000000.0,1000000.0,3.148407640658817,0.0,0.0,303.67977785290066,96455037.75659573,96455037.75659573
2014,SPY,68,2019-08-31,264.0502014160156,1211.32,분할매수,0.0,303.67977785290066,1000000.0,1000000.0,3.126472471034344,0.0,0.0,300.5533053818663,96131761.32730606,96131761.32730606
2014,SPY,69,2019-09-30,269.1881103515625,1195.85,분할매수,0.0,300.5533053818663,1000000.0,1000000.0,3.1064718200148884,0.0,0.0,297.44683356185146,95750694.29099984,95750694.29099984
2014,SPY,70,2019-10-31,275.138427734375,1169.1,분할매수,0.0,297.44683356185146,1000000.0,1000000.0,3.108830816799036,0.0,0.0,294.33800274505245,94678038.17259939,94678038.17259939
2014,SPY,71,2019-11-30,285.0979309082031,1181.33,분할매수,0.0,294.33800274505245,1000000.0,1000000.0,2.9691675226316336,0.0,0.0,291.36883522242084,98131490.72982407,98131490.72982407
2014,SPY,72,2019-12-31,293.3815612792969,1155.46,분할매수,0.0,291.36883522242084,1000000.0,1000000.0,2.949933793315662,0.0,0.0,288.4189014291052,97771313.40460646,97771313.40460646
2014,SPY,73,2020-01-31,293.2631530761719,1191.3,분할매수,0.0,288.4189014291052,1000000.0,1000000.0,2.862340915190148,0.0,0.0,285.55656051391503,99763294.79081118,99763294.79081118
2014,SPY,74,2020-02-29,270.0467224121094,1214.92,분할매수,0.0,285.55656051391503,1000000.0,1000000.0,3.0479890886549805,0.0,0.0,282.5085714252601,92686870.98546198,92686870.98546198
2014,SPY,75,2020-03-31,236.32566833496094,1218.92,분할매수,0.0,282.5085714252601,1000000.0,1000000.0,3.4714738827826745,0.0,0.0,279.0370975424774,80380007.73285553,80380007.73285553
2014,SPY,76,2020-04-30,266.3350830078125,1203.95,분할매수,0.0,279.0370975424774,1000000.0,1000000.0,3.118625109386225,0.0,0.0,275.91847243309115,88474395.84919988,88474395.84919988
2014,SPY,77,2020-05-31,279.02471923828125,1236.61,분할매수,0.0,275.91847243309115,1000000.0,1000000.0,2.8981747342878825,0.0,0.0,273.0202976988033,94204222.56420222,94204222.56420222
2014,SPY,78,2020-06-30,283.97308349609375,1200.5,분할매수,0.0,273.0202976988033,1000000.0,1000000.0,2.9333282065736306,0.0,0.0,270.0869694922297,92075264.16135806,92075264.16135806
2014,SPY,79,2020-07-31,300.69683837890625,1192.68,분할매수,0.0,270.0869694922297,1000000.0,1000000.0,2.7883494546597523,0.0,0.0,267.29862003756995,95862668.71638836,95862668.71638836
2014,SPY,80,2020-08-31,321.6845703125,1187.48,분할매수,0.0,267.29862003756995,1000000.0,1000000.0,2.6178422092305405,0.0,0.0,264.6807778283394,101106467.33980834,101106467.33980834
2014,SPY,81,2020-09-30,309.63946533203125,1165.97,분할매수,0.0,264.6807778283394,1000000.0,1000000.0,2.769850409023746,0.0,0.0,261.91092741931567,94557787.87404917,94557787.87404917
2014,SPY,82,2020-10-31,301.9190368652344,1133.99,분할매수,0.0,261.91092741931567,1000000.0,1000000.0,2.92078962859694,0.0,0.0,258.99013779071873,88671274.11539388,88671274.11539388
2014,SPY,83,2020-11-30,334.7608642578125,1105.79,분할매수,0.0,258.99013779071873,1000000.0,1000000.0,2.701423424747133,0.0,0.0,256.2887143659716,94871730.22124864,94871730.22124864
2014,SPY,84,2020-12-31,347.1632080078125,1086.11,분할매수,0.0,256.2887143659716,1000000.0,1000000.0,2.6521158728930745,0.0,0.0,253.63659849307854,95635564.45080876,95635564.45080876
2014,SPY,85,2021-01-31,343.6254577636719,1118.35,분할매수,0.0,253.63659849307854,1000000.0,1000000.0,2.602177554757404,0.0,0.0,251.03442093832112,96470903.94710769,96470903.94710769
2014,SPY,86,2021-02-28,353.18011474609375,1123.36,분할매수,0.0,251.03442093832112,1000000.0,1000000.0,2.52048896849073,0.0,0.0,248.5139319698304,98597508.29167116,98597508.29167116
2014,SPY,87,2021-03-31,369.2143859863281,1126.72,분할매수,0.0,248.5139319698304,1000000.0,1000000.0,2.403839029130101,0.0,0.0,246.1100929407003,102382102.11178839,102382102.11178839
2014,SPY,88,2021-04-30,388.7495422363281,1115.58,분할매수,0.0,246.1100929407003,1000000.0,1000000.0,2.3058411731057307,0.0,0.0,243.80425176759456,105733323.96490055,105733323.96490055
2014,SPY,89,2021-05-31,391.3021545410156,1114.48,분할매수,0.0,243.80425176759456,1000000.0,1000000.0,2.293060332785506,0.0,0.0,241.51119143480906,105322650.25117426,105322650.25117426
2014,SPY,90,2021-06-30,400.0780334472656,1130.42,분할매수,0.0,241.51119143480906,1000000.0,1000000.0,2.211136025618865,0.0,0.0,239.3000554091902,108224936.2484217,108224936.2484217
2014,SPY,91,2021-07-31,409.8449401855469,1151.86,분할매수,0.0,239.3000554091902,1000000.0,1000000.0,2.1182671203578685,0.0,0.0,237.18178828883234,111969725.63534002,111969725.63534002
2014,SPY,92,2021-08-31,422.04180908203125,1158.32,분할매수,0.0,237.18178828883234,1000000.0,1000000.0,2.0455776452195393,0.0,0.0,235.1362106436128,114948562.91234891,114948562.91234891
2014,SPY,93,2021-09-30,402.3724365234375,1183.7,분할매수,0.0,235.1362106436128,1000000.0,1000000.0,2.099568892292591,0.0,0.0,233.03664175132022,110992615.01100807,110992615.01100807
2014,SPY,94,2021-10-31,430.6042175292969,1174.94,분할매수,0.0,233.03664175132022,1000000.0,1000000.0,1.9765419286148647,0.0,0.0,231.06009982270535,116901188.1193076,116901188.1193076
2014,SPY,95,2021-11-30,427.14447021484375,1187.45,분할매수,0.0,231.06009982270535,1000000.0,1000000.0,1.9715594615822167,0.0,0.0,229.08854036112314,116196617.36059177,116196617.36059177
2014,SPY,96,2021-12-31,446.89892578125,1188.59,분할매수,0.0,229.08854036112314,1000000.0,1000000.0,1.8826024397958006,0.0,0.0,227.20593792132735,120687157.90359414,120687157.90359414
2014,SPY,97,2022-01-31,423.32891845703125,1206.78,분할매수,0.0,227.20593792132735,1000000.0,1000000.0,1.9574647903722322,0.0,0.0,225.24847313095512,115071532.44279903,115071532.44279903
2014,SPY,98,2022-02-28,410.8334655761719,1202.28,분할매수,0.0,225.24847313095512,1000000.0,1000000.0,2.024550267495494,0.0,0.0,223.22392286345962,110258523.31125508,110258523.31125508
2014,SPY,99,2022-03-31,426.27691650390625,1211.55,분할매수,0.0,223.22392286345962,1000000.0,1000000.0,1.9362741274356114,0.0,0.0,221.287648736024,114285289.2576197,114285289.2576197
2014,SPY,100,2022-04-30,388.86297607421875,1255.87,분할매수,0.0,221.287648736024,1000000.0,1000000.0,2.047664109121917,0.0,0.0,219.2399846269021,107068333.93730624,107068333.93730624
2014,SPY,101,2022-05-31,389.7406921386719,1236.93,분할매수,0.0,219.2399846269021,1000000.0,1000000.0,2.074336097885777,0.0,0.0,217.16564852901632,104691640.25557756,104691640.25557756
2014,SPY,102,2022-06-30,357.6025695800781,1298.95,분할매수,0.0,217.16564852901632,1000000.0,1000000.0,2.15281611129428,0.0,0.0,215.01283241772205,99875150.17641503,99875150.17641503
2014,SPY,103,2022-07-31,390.53326416015625,1299.08,분할매수,0.0,215.01283241772205,1000000.0,1000000.0,1.9710882634027371,0.0,0.0,213.0417441543193,108083310.17431974,108083310.17431974
2014,SPY,104,2022-08-31,374.5987548828125,1338.66,분할매수,0.0,213.0417441543193,1000000.0,1000000.0,1.9941755348933263,0.0,0.0,211.047568619426,105831991.68107109,105831991.68107109
2014,SPY,105,2022-09-30,339.9686279296875,1431.67,분할매수,0.0,211.047568619426,1000000.0,1000000.0,2.0545571816987933,0.0,0.0,208.9930114377272,101721681.58635677,101721681.58635677
2014,SPY,106,2022-10-31,367.5997619628906,1424.6,분할매수,0.0,208.9930114377272,1000000.0,1000000.0,1.909553535108804,0.0,0.0,207.0834579026184,108446007.9778905,108446007.9778905
2014,SPY,107,2022-11-30,388.0351867675781,1316.84,분할매수,0.0,207.0834579026184,1000000.0,1000000.0,1.9570227803199693,0.0,0.0,205.12643512229843,104815558.19639497,104815558.19639497
2014,SPY,108,2022-12-31,365.6734924316406,1260.18,분할매수,0.0,205.12643512229843,1000000.0,1000000.0,2.1700709720132982,0.0,0.0,202.95636415028514,93525219.57472709,93525219.57472709
2014,SPY,109,2023-01-31,388.6696472167969,1231.95,분할매수,0.0,202.95636415028514,1000000.0,1000000.0,2.0884606264823358,0.0,0.0,200.8679035238028,96179885.3072616,96179885.3072616
2014,SPY,110,2023-02-28,378.8974914550781,1323.45,분할매수,0.0,200.8679035238028,1000000.0,1000000.0,1.9942092746703648,0.0,0.0,198.87369424913243,99725588.87131117,99725588.87131117
2014,SPY,111,2023-03-31,392.9461364746094,1303.8,분할매수,0.0,198.87369424913243,1000000.0,1000000.0,1.9518929715015818,0.0,0.0,196.92180127763083,100887602.01136431,100887602.01136431
2014,SPY,112,2023-04-30,399.223388671875,1338.41,분할매수,0.0,196.92180127763083,1000000.0,1000000.0,1.8715216286216885,0.0,0.0,195.05027964900916,104220157.90042299,104220157.90042299
2014,SPY,113,2023-05-31,401.0663146972656,1324.55,분할매수,0.0,195.05027964900916,1000000.0,1000000.0,1.8824153500848693,0.0,0.0,193.1678642989243,102617025.66875863,102617025.66875863
2014,SPY,114,2023-06-30,427.05535888671875,1317.8,분할매수,0.0,193.1678642989243,1000000.0,1000000.0,1.7769136388004667,0.0,0.0,191.39095066012382,107709765.11234684,107709765.11234684
2014,SPY,115,2023-07-31,441.03424072265625,1273.85,분할매수,0.0,191.39095066012382,1000000.0,1000000.0,1.7799565472926073,0.0,0.0,189.6109941128312,106525630.8651118,106525630.8651118
2014,SPY,116,2023-08-31,433.8665771484375,1322.43,분할매수,0.0,189.6109941128312,1000000.0,1000000.0,1.7428945486247591,0.0,0.0,187.86809956420646,107790858.43859276,107790858.43859276
2014,SPY,117,2023-09-30,413.28631591796875,1347.86,분할매수,0.0,187.86809956420646,1000000.0,1000000.0,1.7951642425872565,0.0,0.0,186.0729353216192,103652318.21543196,103652318.21543196
2014,SPY,118,2023-10-31,404.314453125,1351.03,분할매수,0.0,186.0729353216192,1000000.0,1000000.0,1.8306939268066638,0.0,0.0,184.24224139481254,100640658.00239585,100640658.00239585
2014,SPY,119,2023-11-30,441.24603271484375,1289.95,분할매수,0.0,184.24224139481254,1000000.0,1000000.0,1.7568970334210112,0.0,0.0,182.48534436139153,103867979.10749386,103867979.10749386
2014,SPY,120,2023-12-31,461.391357421875,1290.97,분할매수,0.0,182.48534436139153,1000000.0,1000000.0,1.6788596628447634,0.0,0.0,180.80648469854677,107696008.60632811,107696008.60632811
2014,SOXX,0,2013-12-31,21.218782424926758,1055.25,분할매수,100000000.0,0.0,0.0,0.0,0.0,8333333.333333333,91666666.66666667,372.1713463218762,8333333.333333332,100000000.0
2014,SOXX,1,2014-01-31,20.988237380981445,1080.36,분할매수,91666666.66666667,372.1713463218762,1000000.0,1000000.0,0.0,8333333.333333333,82333333.33333334,739.6856870114793,16772263.580779243,99105596.91411258
2014,SOXX,2,2014-02-28,22.397769927978516,1066.01,분할매수,82333333.33333334,739.6856870114793,1000000.0,1000000.0,0.0,8333333.333333333,73000000.00000001,1088.7076011647732,25994251.29235586,98994251.29235588
2014,SOXX,3,2014-03-31,23.317424774169922,1064.65,분할매수,73000000.00000001,1088.7076011647732,1000000.0,1000000.0,0.0,8333333.333333333,63666666.66666668,1424.392118730848,35360386.61783273,99027053.2844994
2014,SOXX,4,2014-04-30,22.884382247924805,1032.85,분할매수,63666666.66666668,1424.392118730848,1000000.0,1000000.0,0.0,8333333.333333333,54333333.33333334,1776.9596435696558,42000456.61187111,96333789.94520445
2014,SOXX,5,2014-05-31,23.896774291992188,1020.3,분할매수,54333333.33333334,1776.9596435696558,1000000.0,1000000.0,0.0,8333333.333333333,45000000.00000001,2118.743531441111,51658948.01332205,96658948.01332206
2014,SOXX,6,2014-06-30,25.35187530517578,1011.6,분할매수,45000000.00000001,2118.743531441111,1000000.0,1000000.0,0.0,8333333.333333333,35666666.66666667,2443.681037741007,62670538.95910398,98337205.62577066
2014,SOXX,7,2014-07-31,24.248594284057617,1027.75,분할매수,35666666.66666667,2443.681037741007,1000000.0,1000000.0,0.0,8333333.333333333,26333333.33333334,2778.0644315618506,69233512.6608761,95566845.99420944
2014,SOXX,8,2014-08-31,25.803739547729492,1013.85,분할매수,26333333.33333334,2778.0644315618506,1000000.0,1000000.0,0.0,8333333.333333333,17000000.000000007,3096.6032749425235,81010614.01905435,98010614.01905435
2014,SOXX,9,2014-09-30,25.554243087768555,1054.55,분할매수,17000000.000000007,3096.6032749425235,1000000.0,1000000.0,0.0,8333333.333333333,7666666.666666674,3405.838213420155,91781301.46470374,99447968.13137041
2014,SOXX,10,2014-10-31,25.642515182495117,1073.07,분할매수,7666666.666666674,3405.838213420155,1000000.0,1000000.0,0.0,6666666.666666674,0.0,3648.1196087875305,100382439.00254445,100382439.00254445
2014,SOXX,11,2014-11-30,27.49325180053711,1112.06,분할매수,0.0,3648.1196087875305,1000000.0,1000000.0,32.70737351653538,0.0,0.0,3615.412235270995,110538140.0754544,110538140.0754544
2014,SOXX,12,2014-12-31,27.552759170532227,1090.89,분할매수,0.0,3615.412235270995,1000000.0,1000000.0,33.27008750522752,0.0,0.0,3582.1421477657677,107668552.03500526,107668552.03500526
2014,SOXX,13,2015-01-31,26.212053298950195,1104.3,분할매수,0.0,3582.1421477657677,1000000.0,1000000.0,34.547122938922314,0.0,0.0,3547.5950248268455,102688580.78569455,102688580.78569455
2014,SOXX,14,2015-02-28,28.730329513549805,1100.65,분할매수,0.0,3547.5950248268455,1000000.0,1000000.0,31.623516041569015,0.0,0.0,3515.9715087852765,111182181.77142423,111182181.77142423
2014,SOXX,15,2015-03-31,27.96234703063965,1107.71,분할매수,0.0,3515.9715087852765,1000000.0,1000000.0,32.28496369248259,0.0,0.0,3483.686545092794,107904304.25368434,107904304.25368434
2014,SOXX,16,2015-04-30,27.60248565673828,1076.74,분할매수,0.0,3483.686545092794,1000000.0,1000000.0,33.64658256159053,0.0,0.0,3450.0399625312034,102537604.11524285,102537604.11524285
2014,SOXX,17,2015-05-31,30.059059143066406,1111.99,분할매수,0.0,3450.0399625312034,1000000.0,1000000.0,29.917392237317078,0.0,0.0,3420.1225702938864,114318873.22143808,114318873.22143808
2014,SOXX,18,2015-06-30,27.459665298461914,1117.34,분할매수,0.0,3420.1225702938864,1000000.0,1000000.0,32.592630576728205,0.0,0.0,3387.529939717158,103935456.56716408,103935456.56716408
2014,SOXX,19,2015-07-31,26.102930068969727,1159.7,분할매수,0.0,3387.529939717158,1000000.0,1000000.0,33.034298057090666,0.0,0.0,3354.495641660067,101545842.92551783,101545842.92551783
2014,SOXX,20,2015-08-31,24.755144119262695,1182.54,분할매수,0.0,3354.495641660067,1000000.0,1000000.0,34.16006599686335,0.0,0.0,3320.3355756632036,97199331.40550968,97199331.40550968
2014,SOXX,21,2015-09-30,24.426544189453125,1184.62,분할매수,0.0,3320.3355756632036,1000000.0,1000000.0,34.55882046606791,0.0,0.0,3285.7767551971356,95077803.8973675,95077803.8973675
2014,SOXX,22,2015-10-31,26.849407196044922,1140.5,분할매수,0.0,3285.7767551971356,1000000.0,1000000.0,32.656527980623935,0.0,0.0,3253.1202272165115,99616230.7623971,99616230.7623971
2014,SOXX,23,2015-11-30,27.470121383666992,1149.39,분할매수,0.0,3253.1202272165115,1000000.0,1000000.0,31.67174610073934,0.0,0.0,3221.448481115772,101713636.84430936,101713636.84430936
2014,SOXX,24,2015-12-31,26.996599197387695,1169.26,분할매수,0.0,3221.448481115772,1000000.0,1000000.0,31.679611590969294,0.0,0.0,3189.768869524803,100688383.13769257,100688383.13769257
2014,SOXX,25,2016-01-31,24.950218200683594,1210.04,분할매수,0.0,3189.768869524803,1000000.0,1000000.0,33.12271478788137,0.0,0.0,3156.6461547369217,95301552.8754861,95301552.8754861
2014,SOXX,26,2016-02-29,25.382936477661133,1238.09,분할매수,0.0,3156.6461547369217,1000000.0,1000000.0,31.820420997285343,0.0,0.0,3124.8257337396362,98201897.89463253,98201897.89463253
2014,SOXX,27,2016-03-31,27.614622116088867,1138.86,분할매수,0.0,3124.8257337396362,1000000.0,1000000.0,31.797322803054662,0.0,0.0,3093.0284109365816,97273233.66479914,97273233.66479914
2014,SOXX,28,2016-04-30,26.336669921875,1144.09,분할매수,0.0,3093.0284109365816,1000000.0,1000000.0,33.18783709118979,0.0,0.0,3059.8405738453916,92197649.56173272,92197649.56173272
2014,SOXX,29,2016-05-31,28.62432098388672,1188.99,분할매수,0.0,3059.8405738453916,1000000.0,1000000.0,29.38235520947283,0.0,0.0,3030.458218635919,103138710.18953931,103138710.18953931
2014,SOXX,30,2016-06-30,28.312902450561523,1154.15,분할매수,0.0,3030.458218635919,1000000.0,1000000.0,30.602249488199583,0.0,0.0,2999.8559691477194,98027302.54534009,98027302.54534009
2014,SOXX,31,2016-07-31,31.445337295532227,1112.89,분할매수,0.0,2999.8559691477194,1000000.0,1000000.0,28.575346314417025,0.0,0.0,2971.2806228333025,103980563.87978794,103980563.87978794
2014,SOXX,32,2016-08-31,32.92689514160156,1115.98,분할매수,0.0,2971.2806228333025,1000000.0,1000000.0,27.214026785091583,0.0,0.0,2944.066596048211,108181954.081894,108181954.081894
2014,SOXX,33,2016-09-30,34.30694580078125,1097.98,분할매수,0.0,2944.066596048211,1000000.0,1000000.0,26.547492952949444,0.0,0.0,2917.5191030952615,109898102.55401625,109898102.55401625
2014,SOXX,34,2016-10-31,33.812042236328125,1145.37,분할매수,0.0,2917.5191030952615,1000000.0,1000000.0,25.82157884920941,0.0,0.0,2891.697524246052,111987634.10760951,111987634.10760951
2014,SOXX,35,2016-11-30,36.24713897705078,1175.87,분할매수,0.0,2891.697524246052,1000000.0,1000000.0,23.462104062069354,0.0,0.0,2868.2354201839826,122249710.11108048,122249710.11108048
2014,SOXX,36,2016-12-31,37.34818649291992,1203.73,분할매수,0.0,2868.2354201839826,1000000.0,1000000.0,22.243411529787917,0.0,0.0,2845.9920086541947,127947639.90419818,127947639.90419818
2014,SOXX,37,2017-01-31,38.9124755859375,1151.45,분할매수,0.0,2845.9920086541947,1000000.0,1000000.0,22.318554054540574,0.0,0.0,2823.673454599654,126516863.39981309,126516863.39981309
2014,SOXX,38,2017-02-28,40.008094787597656,1129.17,분할매수,0.0,2823.673454599654,1000000.0,1000000.0,22.13567645383919,0.0,0.0,2801.537778145815,126562103.66952303,126562103.66952303
2014,SOXX,39,2017-03-31,41.7696647644043,1117.48,분할매수,0.0,2801.537778145815,1000000.0,1000000.0,21.42393545072434,0.0,0.0,2780.1138426950906,129766720.45569925,129766720.45569925
2014,SOXX,40,2017-04-30,41.531654357910156,1136.99,분할매수,0.0,2780.1138426950906,1000000.0,1000000.0,21.176984755678646,0.0,0.0,2758.9368579394118,130279966.18827419,130279966.18827419
2014,SOXX,41,2017-05-31,45.15664291381836,1119.58,분할매수,0.0,2758.9368579394118,1000000.0,1000000.0,19.779860331856664,0.0,0.0,2739.1569976075552,138482120.28049445,138482120.28049445
2014,SOXX,42,2017-06-30,42.885135650634766,1143.75,분할매수,0.0,2739.1569976075552,1000000.0,1000000.0,20.387412249628017,0.0,0.0,2718.769585357927,133355305.32608585,133355305.32608585
2014,SOXX,43,2017-07-31,44.95904541015625,1121.86,분할매수,0.0,2718.769585357927,1000000.0,1000000.0,19.8264178544101,0.0,0.0,2698.943167503517,136128633.3881628,136128633.3881628
2014,SOXX,44,2017-08-31,46.26515579223633,1122.36,분할매수,0.0,2698.943167503517,1000000.0,1000000.0,19.25811566057791,0.0,0.0,2679.685051842939,139145755.43485573,139145755.43485573
2014,SOXX,45,2017-09-30,48.66284942626953,1142.57,분할매수,0.0,2679.685051842939,1000000.0,1000000.0,17.985381236782988,0.0,0.0,2661.6996706061564,147992396.46711266,147992396.46711266
2014,SOXX,46,2017-10-31,53.00526428222656,1115.68,분할매수,0.0,2661.6996706061564,1000000.0,1000000.0,16.90991201549886,0.0,0.0,2644.7897585906576,156404702.52988678,156404702.52988678
2014,SOXX,47,2017-11-30,52.9561653137207,1084.79,분할매수,0.0,2644.7897585906576,1000000.0,1000000.0,17.40755586922057,0.0,0.0,2627.382202721437,150933435.02444717,150933435.02444717
2014,SOXX,48,2017-12-31,52.20765686035156,1067.42,분할매수,0.0,2627.382202721437,1000000.0,1000000.0,17.944462828807705,0.0,0.0,2609.437739892629,145417434.04564255,145417434.04564255
2014,SOXX,49,2018-01-31,56.71483612060547,1068.33,분할매수,0.0,2609.437739892629,1000000.0,1000000.0,16.50432983831426,0.0,0.0,2592.9334100543147,157106252.44745806,157106252.44745806
2014,SOXX,50,2018-02-28,56.84088897705078,1082.12,분할매수,0.0,2592.9334100543147,1000000.0,1000000.0,16.257872546818856,0.0,0.0,2576.675537507496,158487866.72962746,158487866.72962746
2014,SOXX,51,2018-03-31,55.464744567871094,1060.99,분할매수,0.0,2576.675537507496,1000000.0,1000000.0,16.99306396208408,0.0,0.0,2559.682473545412,150631015.05748025,150631015.05748025
2014,SOXX,52,2018-04-30,51.97453308105469,1069.07,분할매수,0.0,2559.682473545412,1000000.0,1000000.0,17.997130295352274,0.0,0.0,2541.6853432500598,141227256.87586123,141227256.87586123
2014,SOXX,53,2018-05-31,57.73817443847656,1080.75,분할매수,0.0,2541.6853432500598,1000000.0,1000000.0,16.02550439168117,0.0,0.0,2525.6598388583784,157602517.65738162,157602517.65738162
2014,SOXX,54,2018-06-30,55.09607696533203,1111.79,분할매수,0.0,2525.6598388583784,1000000.0,1000000.0,16.325126675528914,0.0,0.0,2509.3347121828497,153709968.81416544,153709968.81416544
2014,SOXX,55,2018-07-31,57.340240478515625,1112.75,분할매수,0.0,2509.3347121828497,1000000.0,1000000.0,15.672666310412998,0.0,0.0,2493.6620458724365,159108986.08334658,159108986.08334658
2014,SOXX,56,2018-08-31,58.83015060424805,1116.5,분할매수,0.0,2493.6620458724365,1000000.0,1000000.0,15.224439490134282,0.0,0.0,2478.437606382302,162793356.56254375,162793356.56254375
2014,SOXX,57,2018-09-30,57.4536018371582,1109.76,분할매수,0.0,2478.437606382302,1000000.0,1000000.0,15.683885841737188,0.0,0.0,2462.7537205405647,157024460.99083462,157024460.99083462
2014,SOXX,58,2018-10-31,50.59517288208008,1140.78,분할매수,0.0,2462.7537205405647,1000000.0,1000000.0,17.325629268998846,0.0,0.0,2445.428091271566,141145123.98387906,141145123.98387906
2014,SOXX,59,2018-11-30,52.23759841918945,1118.61,분할매수,0.0,2445.428091271566,1000000.0,1000000.0,17.113470878057015,0.0,0.0,2428.314620393509,141894922.29230407,141894922.29230407
2014,SOXX,60,2018-12-31,48.82014083862305,1112.85,분할매수,0.0,2428.314620393509,1000000.0,1000000.0,18.406208696293913,0.0,0.0,2409.908411697215,130929103.94862847,130929103.94862847
2014,SOXX,61,2019-01-31,53.729835510253906,1111.82,분할매수,0.0,2409.908411697215,1000000.0,1000000.0,16.739790054528942,0.0,0.0,2393.168621642686,142962881.48459876,142962881.48459876
2014,SOXX,62,2019-02-28,57.167877197265625,1124.65,분할매수,0.0,2393.168621642686,1000000.0,1000000.0,15.55358641519988,0.0,0.0,2377.6150352274863,152866031.7792648,152866031.7792648
2014,SOXX,63,2019-03-31,59.13294219970703,1136.3,분할매수,0.0,2377.6150352274863,1000000.0,1000000.0,14.8825553071194,0.0,0.0,2362.732479920367,158758521.71636826,158758521.71636826
2014,SOXX,64,2019-04-30,66.00276947021484,1165.1,분할매수,0.0,2362.732479920367,1000000.0,1000000.0,13.003930474049385,0.0,0.0,2349.7285494463176,180693718.26736775,180693718.26736775
2014,SOXX,65,2019-05-31,55.0709342956543,1190.5,분할매수,0.0,2349.7285494463176,1000000.0,1000000.0,15.252750131792792,0.0,0.0,2334.475799314525,153052779.27870527,153052779.27870527
2014,SOXX,66,2019-06-30,62.15456008911133,1154.58,분할매수,0.0,2334.475799314525,1000000.0,1000000.0,13.934871645222737,0.0,0.0,2320.540927669302,166527614.08569187,166527614.08569187
2014,SOXX,67,2019-07-31,65.65373229980469,1182.74,분할매수,0.0,2320.540927669302,1000000.0,1000000.0,12.878085234997833,0.0,0.0,2307.6628424343044,179193008.92363542,179193008.92363542
2014,SOXX,68,2019-08-31,64.13441467285156,1211.32,분할매수,0.0,2307.6628424343044,1000000.0,1000000.0,12.872116942352083,0.0,0.0,2294.7907254919523,178276093.6502673,178276093.6502673
2014,SOXX,69,2019-09-30,66.52364349365234,1195.85,분할매수,0.0,2294.7907254919523,1000000.0,1000000.0,12.570346949952903,0.0,0.0,2282.2203785419993,181555878.10172176,181555878.10172176
2014,SOXX,70,2019-10-31,70.59542846679688,1169.1,분할매수,0.0,2282.2203785419993,1000000.0,1000000.0,12.116348630542843,0.0,0.0,2270.1040299114566,187358757.91729757,187358757.91729757
2014,SOXX,71,2019-11-30,73.4651870727539,1181.33,분할매수,0.0,2270.1040299114566,1000000.0,1000000.0,11.52251223948843,0.0,0.0,2258.581517671968,196014677.24474666,196014677.24474666
2014,SOXX,72,2019-12-31,79.29229736328125,1155.46,분할매수,0.0,2258.581517671968,1000000.0,1000000.0,10.914757305976153,0.0,0.0,2247.6667603659916,205929156.03678402,205929156.03678402
2014,SOXX,73,2020-01-31,76.75342559814453,1191.3,분할매수,0.0,2247.6667603659916,1000000.0,1000000.0,10.936568829676977,0.0,0.0,2236.7301915363146,204518457.87929618,204518457.87929618
2014,SOXX,74,2020-02-29,73.19461822509766,1214.92,분할매수,0.0,2236.7301915363146,1000000.0,1000000.0,11.24535496322758,0.0,0.0,2225.484836573087,197902586.7880955,197902586.7880955
2014,SOXX,75,2020-03-31,65.02436065673828,1218.92,분할매수,0.0,2225.484836573087,1000000.0,1000000.0,12.61678511207264,0.0,0.0,2212.868051461014,175390801.36536402,175390801.36536402
2014,SOXX,76,2020-04-30,74.47651672363281,1203.95,분할매수,0.0,2212.868051461014,1000000.0,1000000.0,11.152498987846242,0.0,0.0,2201.715552473168,197419031.81274003,197419031.81274003
2014,SOXX,77,2020-05-31,79.80622863769531,1236.61,분할매수,0.0,2201.715552473168,1000000.0,1000000.0,10.132823030760244,0.0,0.0,2191.5827294424075,216285503.33795553,216285503.33795553
2014,SOXX,78,2020-06-30,86.01689910888672,1200.5,분할매수,0.0,2191.5827294424075,1000000.0,1000000.0,9.683983779423661,0.0,0.0,2181.898745662984,225310037.207935,225310037.207935
2014,SOXX,79,2020-07-31,92.21562194824219,1192.68,분할매수,0.0,2181.898745662984,1000000.0,1000000.0,9.092254084479634,0.0,0.0,2172.8064915785044,238973358.13431108,238973358.13431108
2014,SOXX,80,2020-08-31,97.56009674072266,1187.48,분할매수,0.0,2172.8064915785044,1000000.0,1000000.0,8.631802082569505,0.0,0.0,2164.1746894959347,250721074.09252664,250721074.09252664
2014,SOXX,81,2020-09-30,97.08108520507812,1165.97,분할매수,0.0,2164.1746894959347,1000000.0,1000000.0,8.834419165052333,0.0,0.0,2155.3402703308825,243970795.37012377,243970795.37012377
2014,SOXX,82,2020-10-31,97.35835266113281,1133.99,분할매수,0.0,2155.3402703308825,1000000.0,1000000.0,9.05769220049674,0.0,0.0,2146.282578130386,236956890.41107845,236956890.41107845
2014,SOXX,83,2020-11-30,115.3110580444336,1105.79,분할매수,0.0,2146.282578130386,1000000.0,1000000.0,7.8425335412860235,0.0,0.0,2138.4400445890997,272672094.20674497,272672094.20674497
2014,SOXX,84,2020-12-31,121.09300994873047,1086.11,분할매수,0.0,2138.4400445890997,1000000.0,1000000.0,7.603387303956039,0.0,0.0,2130.8366572851437,280248338.28686726,280248338.28686726
2014,SOXX,85,2021-01-31,125.00192260742188,1118.35,분할매수,0.0,2130.8366572851437,1000000.0,1000000.0,7.1532856038069825,0.0,0.0,2123.6833716813367,296882228.57355386,296882228.57355386
2014,SOXX,86,2021-02-28,133.14227294921875,1123.36,분할매수,0.0,2123.6833716813367,1000000.0,1000000.0,6.685980067708036,0.0,0.0,2116.9973916136287,316632321.6903245,316632321.6903245
2014,SOXX,87,2021-03-31,135.6584930419922,1126.72,분할매수,0.0,2116.9973916136287,1000000.0,1000000.0,6.5423987193747735,0.0,0.0,2110.454992894254,322581224.9327323,322581224.9327323
2014,SOXX,88,2021-04-30,135.03143310546875,1115.58,분할매수,0.0,2110.454992894254,1000000.0,1000000.0,6.638415070470187,0.0,0.0,2103.8165778237835,316915491.9496129,316915491.9496129
2014,SOXX,89,2021-05-31,138.43898010253906,1114.48,분할매수,0.0,2103.8165778237835,1000000.0,1000000.0,6.481407534546334,0.0,0.0,2097.3351702892373,323592546.69765806,323592546.69765806
2014,SOXX,90,2021-06-30,145.50448608398438,1130.42,분할매수,0.0,2097.3351702892373,1000000.0,1000000.0,6.0797228774334595,0.0,0.0,2091.2554474118037,343972166.095607,343972166.095607
2014,SOXX,91,2021-07-31,146.3662109375,1151.86,분할매수,0.0,2091.2554474118037,1000000.0,1000000.0,5.931430865630563,0.0,0.0,2085.324016546173,351571832.1239313,351571832.1239313
2014,SOXX,92,2021-08-31,149.9796600341797,1158.32,분할매수,0.0,2085.324016546173,1000000.0,1000000.0,5.75624247854322,0.0,0.0,2079.5677740676297,361271746.59847254,361271746.59847254
2014,SOXX,93,2021-09-30,143.17877197265625,1183.7,분할매수,0.0,2079.5677740676297,1000000.0,1000000.0,5.900376425926623,0.0,0.0,2073.6673976417032,351446627.7998602,351446627.7998602
2014,SOXX,94,2021-10-31,152.4142303466797,1174.94,분할매수,0.0,2073.6673976417032,1000000.0,1000000.0,5.584172085829073,0.0,0.0,2068.0832255558744,370347330.59248644,370347330.59248644
2014,SOXX,95,2021-11-30,169.9507293701172,1187.45,분할매수,0.0,2068.0832255558744,1000000.0,1000000.0,4.955205104654725,0.0,0.0,2063.1280204512195,416355726.3276949,416355726.3276949
2014,SOXX,96,2021-12-31,174.482666015625,1188.59,분할매수,0.0,2063.1280204512195,1000000.0,1000000.0,4.821871577446907,0.0,0.0,2058.3061488737726,426868720.12539333,426868720.12539333
2014,SOXX,97,2022-01-31,154.2616729736328,1206.78,분할매수,0.0,2058.3061488737726,1000000.0,1000000.0,5.371726084985697,0.0,0.0,2052.934422788787,382174070.36573666,382174070.36573666
2014,SOXX,98,2022-02-28,152.5532989501953,1202.28,분할매수,0.0,2052.934422788787,1000000.0,1000000.0,5.452212494597611,0.0,0.0,2047.4822102941891,375532357.244506,375532357.244506
2014,SOXX,99,2022-03-31,152.55787658691406,1211.55,분할매수,0.0,2047.4822102941891,1000000.0,1000000.0,5.410333330638028,0.0,0.0,2042.0718769635512,377439198.6903207,377439198.6903207
2014,SOXX,100,2022-04-30,129.1881103515625,1255.87,분할매수,0.0,2042.0718769635512,1000000.0,1000000.0,6.163576178230568,0.0,0.0,2035.9083007853205,330312831.6927506,330312831.6927506
2014,SOXX,101,2022-05-31,137.36270141601562,1236.93,분할매수,0.0,2035.9083007853205,1000000.0,1000000.0,5.885536453376521,0.0,0.0,2030.022764331944,344917201.7560649,344917201.7560649
2014,SOXX,102,2022-06-30,112.86425018310547,1298.95,분할매수,0.0,2030.022764331944,1000000.0,1000000.0,6.821048932529606,0.0,0.0,2023.2017153994145,296611523.4492394,296611523.4492394
2014,SOXX,103,2022-07-31,131.49794006347656,1299.08,분할매수,0.0,2023.2017153994145,1000000.0,1000000.0,5.853898038880756,0.0,0.0,2017.3478173605338,344616152.1710145,344616152.1710145
2014,SOXX,104,2022-08-31,119.34664154052734,1338.66,분할매수,0.0,2017.3478173605338,1000000.0,1000000.0,6.259209834029034,0.0,0.0,2011.0886075265048,321300716.9999242,321300716.9999242
2014,SOXX,105,2022-09-30,103.45382690429688,1431.67,분할매수,0.0,2011.0886075265048,1000000.0,1000000.0,6.751659237423661,0.0,0.0,2004.3369482890812,296865833.68711424,296865833.68711424
2014,SOXX,106,2022-10-31,105.96935272216797,1424.6,분할매수,0.0,2004.3369482890812,1000000.0,1000000.0,6.624098448555965,0.0,0.0,1997.7128498405252,301582602.5768112,301582602.5768112
2014,SOXX,107,2022-11-30,125.94734954833984,1316.84,분할매수,0.0,1997.7128498405252,1000000.0,1000000.0,6.029453599405849,0.0,0.0,1991.6833962411195,330325685.9688551,330325685.9688551
2014,SOXX,108,2022-12-31,113.2634506225586,1260.18,분할매수,0.0,1991.6833962411195,1000000.0,1000000.0,7.0061209224944765,0.0,0.0,1984.6772753186249,283277622.13558763,283277622.13558763
2014,SOXX,109,2023-01-31,131.39312744140625,1231.95,분할매수,0.0,1984.6772753186249,1000000.0,1000000.0,6.177806029337729,0.0,0.0,1978.4994692892872,320259240.8848074,320259240.8848074
2014,SOXX,110,2023-02-28,133.39492797851562,1323.45,분할매수,0.0,1978.4994692892872,1000000.0,1000000.0,5.664389966391735,0.0,0.0,1972.8350793228954,348287298.5490454,348287298.5490454
2014,SOXX,111,2023-03-31,145.09959411621094,1303.8,분할매수,0.0,1972.8350793228954,1000000.0,1000000.0,5.285947260122633,0.0,0.0,1967.5491320627727,372222618.81158566,372222618.81158566
2014,SOXX,112,2023-04-30,134.4848175048828,1338.41,분할매수,0.0,1967.5491320627727,1000000.0,1000000.0,5.5556844290169,0.0,0.0,1961.9934476337557,353150628.4601802,353150628.4601802
2014,SOXX,113,2023-05-31,155.55125427246094,1324.55,분할매수,0.0,1961.9934476337557,1000000.0,1000000.0,4.85353455180569,0.0,0.0,1957.13991308195,403240131.9475151,403240131.9475151
2014,SOXX,114,2023-06-30,165.74713134765625,1317.8,분할매수,0.0,1957.13991308195,1000000.0,1000000.0,4.578302415002063,0.0,0.0,1952.561610666948,426481571.91819495,426481571.91819495
2014,SOXX,115,2023-07-31,174.90919494628906,1273.85,분할매수,0.0,1952.561610666948,1000000.0,1000000.0,4.488167615176432,0.0,0.0,1948.0734430517714,434046499.6147858,434046499.6147858
2014,SOXX,116,2023-08-31,166.861328125,1322.43,분할매수,0.0,1948.0734430517714,1000000.0,1000000.0,4.531809141396855,0.0,0.0,1943.5416339103745,428866612.26675355,428866612.26675355
2014,SOXX,117,2023-09-30,155.3162384033203,1347.86,분할매수,0.0,1943.5416339103745,1000000.0,1000000.0,4.77681422054513,0.0,0.0,1938.7648196898294,405869839.2227985,405869839.2227985
2014,SOXX,118,2023-10-31,145.06565856933594,1351.03,분할매수,0.0,1938.7648196898294,1000000.0,1000000.0,5.10235172925037,0.0,0.0,1933.662467960579,378974749.40338343,378974749.40338343
2014,SOXX,119,2023-11-30,168.4327850341797,1289.95,분할매수,0.0,1933.662467960579,1000000.0,1000000.0,4.602570964602793,0.0,0.0,1929.0598969959763,419126595.07737887,419126595.07737887
2014,SOXX,120,2023-12-31,189.28341674804688,1290.97,분할매수,0.0,1929.0598969959763,1000000.0,1000000.0,4.092335990489086,0.0,0.0,1924.9675610054871,470383557.3323561,470383557.3323561
2015,QQQ,0,2014-12-31,94.84590911865234,1090.89,분할매수,100000000.0,0.0,0.0,0.0,0.0,8333333.333333333,91666666.66666667,80.54140281609266,8333333.333333333,100000000.0
2015,QQQ,1,2015-01-31,92.87093353271484,1104.3,분할매수,91666666.66666667,80.54140281609266,1000000.0,1000000.0,0.0,8333333.333333333,82333333.33333334,161.79673511384777,16593447.935305312,98926781.26863866
2015,QQQ,2,2015-02-28,99.5767593383789,1100.65,분할매수,82333333.33333334,161.79673511384777,1000000.0,1000000.0,0.0,8333333.333333333,73000000.00000001,237.83138100646042,26066119.61937731,99066119.61937733
2015,QQQ,3,2015-03-31,97.22775268554688,1107.71,분할매수,73000000.00000001,237.83138100646042,1000000.0,1000000.0,0.0,8333333.333333333,63666666.66666668,315.2066959847284,33947809.676473156,97614476.34313983
2015,QQQ,4,2015-04-30,99.0967788696289,1076.74,분할매수,63666666.66666668,315.2066959847284,1000000.0,1000000.0,0.0,8333333.333333333,54333333.33333334,393.30621673844144,41966349.78708058,96299683.12041393
2015,QQQ,5,2015-05-31,101.32494354248047,1111.99,분할매수,54333333.33333334,393.30621673844144,1000000.0,1000000.0,0.0,8333333.333333333,45000000.00000001,467.26700000556156,52648058.805024505,97648058.8050245
2015,QQQ,6,2015-06-30,98.80792236328125,1117.34,분할매수,45000000.00000001,467.26700000556156,1000000.0,1000000.0,0.0,8333333.333333333,35666666.66666667,542.7486943059134,59920565.21526074,95587231.8819274
2015,QQQ,7,2015-07-31,103.31134796142578,1159.7,분할매수,35666666.66666667,542.7486943059134,1000000.0,1000000.0,0.0,8333333.333333333,26333333.33333334,612.3031679977178,73360146.79070479,99693480.12403813
2015,QQQ,8,2015-08-31,96.26091003417969,1182.54,분할매수,26333333.33333334,612.3031679977178,1000000.0,1000000.0,0.0,8333333.333333333,17000000.000000007,685.5102254778875,78033258.11672112,95033258.11672112
2015,QQQ,9,2015-09-30,94.13615417480469,1184.62,분할매수,17000000.000000007,685.5102254778875,1000000.0,1000000.0,0.0,8333333.333333333,7666666.666666674,760.2382052721198,84778397.52542919,92445064.19209586
2015,QQQ,10,2015-10-31,104.83930969238281,1140.5,분할매수,7666666.666666674,760.2382052721198,1000000.0,1000000.0,0.0,6666666.666666674,0.0,815.9939086072854,97567765.54344371,97567765.54344371
2015,QQQ,11,2015-11-30,105.47760009765625,1149.39,분할매수,0.0,815.9939086072854,1000000.0,1000000.0,8.248449993311175,0.0,0.0,807.7454586139743,97926938.91203687,97926938.91203687
2015,QQQ,12,2015-12-31,103.79547882080078,1169.26,분할매수,0.0,807.7454586139743,1000000.0,1000000.0,8.239682369276029,0.0,0.0,799.5057762446983,97031140.32961759,97031140.32961759
2015,QQQ,13,2016-01-31,96.6227798461914,1210.04,분할매수,0.0,799.5057762446983,1000000.0,1000000.0,8.55304476513904,0.0,0.0,790.9527314795592,92476159.44948247,92476159.44948247
2015,QQQ,14,2016-02-29,95.11027526855469,1238.09,분할매수,0.0,790.9527314795592,1000000.0,1000000.0,8.492202578385012,0.0,0.0,782.4605289011743,92138702.73099129,92138702.73099129
2015,QQQ,15,2016-03-31,101.62783813476562,1138.86,분할매수,0.0,782.4605289011743,1000000.0,1000000.0,8.640064273976451,0.0,0.0,773.8204646271978,89561887.51487833,89561887.51487833
2015,QQQ,16,2016-04-30,98.38910675048828,1144.09,분할매수,0.0,773.8204646271978,1000000.0,1000000.0,8.883677672856685,0.0,0.0,764.9367869543411,86105869.11449295,86105869.11449295
2015,QQQ,17,2016-05-31,102.68878173828125,1188.99,분할매수,0.0,764.9367869543411,1000000.0,1000000.0,8.190280890877412,0.0,0.0,756.7465060634637,92395671.91234569,92395671.91234569
2015,QQQ,18,2016-06-30,100.3494873046875,1154.15,분할매수,0.0,756.7465060634637,1000000.0,1000000.0,8.634209578932929,0.0,0.0,748.1122964845308,86645139.85274231,86645139.85274231
2015,QQQ,19,2016-07-31,107.52534484863281,1112.89,분할매수,0.0,748.1122964845308,1000000.0,1000000.0,8.356740491820076,0.0,0.0,739.7555559927107,88522020.84255387,88522020.84255387
2015,QQQ,20,2016-08-31,108.65442657470703,1115.98,분할매수,0.0,739.7555559927107,1000000.0,1000000.0,8.247003224643937,0.0,0.0,731.5085527680668,88699923.21358036,88699923.21358036
2015,QQQ,21,2016-09-30,111.05953216552734,1097.98,분할매수,0.0,731.5085527680668,1000000.0,1000000.0,8.200677457618157,0.0,0.0,723.3078753104486,88200990.5948099,88200990.5948099
2015,QQQ,22,2016-10-31,109.44116973876953,1145.37,분할매수,0.0,723.3078753104486,1000000.0,1000000.0,7.977622285490401,0.0,0.0,715.3302530249582,89667099.72293271,89667099.72293271
2015,QQQ,23,2016-11-30,109.91825103759766,1175.87,분할매수,0.0,715.3302530249582,1000000.0,1000000.0,7.7369694168529275,0.0,0.0,707.5932836081053,91456130.36375737,91456130.36375737
2015,QQQ,24,2016-12-31,111.16280364990234,1203.73,분할매수,0.0,707.5932836081053,1000000.0,1000000.0,7.473282921773574,0.0,0.0,700.1200006863317,93683058.4382824,93683058.4382824
2015,QQQ,25,2017-01-31,116.87664794921875,1151.45,분할매수,0.0,700.1200006863317,1000000.0,1000000.0,7.430656208912446,0.0,0.0,692.6893444774192,93220480.80310819,93220480.80310819
2015,QQQ,26,2017-02-28,121.9900894165039,1129.17,분할매수,0.0,692.6893444774192,1000000.0,1000000.0,7.259657288463132,0.0,0.0,685.4296871889561,94416259.60473698,94416259.60473698
2015,QQQ,27,2017-03-31,124.46266174316406,1117.48,분할매수,0.0,685.4296871889561,1000000.0,1000000.0,7.189871959814022,0.0,0.0,678.2398152291421,94332669.485631,94332669.485631
2015,QQQ,28,2017-04-30,127.85678100585938,1136.99,분할매수,0.0,678.2398152291421,1000000.0,1000000.0,6.878909388273054,0.0,0.0,671.360905840869,97596998.00456505,97596998.00456505
2015,QQQ,29,2017-05-31,132.83981323242188,1119.58,분할매수,0.0,671.360905840869,1000000.0,1000000.0,6.723828257181356,0.0,0.0,664.6370775836876,98848015.17258044,98848015.17258044
2015,QQQ,30,2017-06-30,129.76058959960938,1143.75,분할매수,0.0,664.6370775836876,1000000.0,1000000.0,6.737923606763131,0.0,0.0,657.8991539769245,97641230.79646735,97641230.79646735
2015,QQQ,31,2017-07-31,135.0306854248047,1121.86,분할매수,0.0,657.8991539769245,1000000.0,1000000.0,6.601290794258334,0.0,0.0,651.2978631826661,98662198.57321714,98662198.57321714
2015,QQQ,32,2017-08-31,137.83062744140625,1122.36,분할매수,0.0,651.2978631826661,1000000.0,1000000.0,6.464308679725856,0.0,0.0,644.8335545029403,99752902.66155528,99752902.66155528
2015,QQQ,33,2017-09-30,137.42367553710938,1142.57,분할매수,0.0,644.8335545029403,1000000.0,1000000.0,6.368770851011641,0.0,0.0,638.4647836519287,100249294.34390192,100249294.34390192
2015,QQQ,34,2017-10-31,143.75390625,1115.68,분할매수,0.0,638.4647836519287,1000000.0,1000000.0,6.2350608672292385,0.0,0.0,632.2297227846994,101399126.04664794,101399126.04664794
2015,QQQ,35,2017-11-30,146.5883331298828,1084.79,분할매수,0.0,632.2297227846994,1000000.0,1000000.0,6.288613743233513,0.0,0.0,625.9411090414659,99535626.5464662,99535626.5464662
2015,QQQ,36,2017-12-31,147.47250366210938,1067.42,분할매수,0.0,625.9411090414659,1000000.0,1000000.0,6.352630725360306,0.0,0.0,619.5884783161056,97532582.18562107,97532582.18562107
2015,QQQ,37,2018-01-31,160.38674926757812,1068.33,분할매수,0.0,619.5884783161056,1000000.0,1000000.0,5.836145232289653,0.0,0.0,613.7523330838159,105163992.43941137,105163992.43941137
2015,QQQ,38,2018-02-28,158.31326293945312,1082.12,분할매수,0.0,613.7523330838159,1000000.0,1000000.0,5.837236320435129,0.0,0.0,607.9150967633807,104144335.33128987,104144335.33128987
2015,QQQ,39,2018-03-31,151.85592651367188,1060.99,분할매수,0.0,607.9150967633807,1000000.0,1000000.0,6.206645823583529,0.0,0.0,601.7084509397971,96945833.2314488,96945833.2314488
2015,QQQ,40,2018-04-30,152.62408447265625,1069.07,분할매수,0.0,601.7084509397971,1000000.0,1000000.0,6.1287341845933945,0.0,0.0,595.5797167552037,97178258.80789393,97178258.80789393
2015,QQQ,41,2018-05-31,161.28233337402344,1080.75,분할매수,0.0,595.5797167552037,1000000.0,1000000.0,5.737041055114647,0.0,0.0,589.842675700089,102813047.70762214,102813047.70762214
2015,QQQ,42,2018-06-30,163.12913513183594,1111.79,분할매수,0.0,589.842675700089,1000000.0,1000000.0,5.51373263308745,0.0,0.0,584.3289430670015,105977018.10212782,105977018.10212782
2015,QQQ,43,2018-07-31,167.6908416748047,1112.75,분할매수,0.0,584.3289430670015,1000000.0,1000000.0,5.359114703004297,0.0,0.0,578.9698283639973,108034602.81218262,108034602.81218262
2015,QQQ,44,2018-08-31,177.38446044921875,1116.5,분할매수,0.0,578.9698283639973,1000000.0,1000000.0,5.049236363780962,0.0,0.0,573.9205920002163,113664829.81803884,113664829.81803884
2015,QQQ,45,2018-09-30,176.8848876953125,1109.76,분할매수,0.0,573.9205920002163,1000000.0,1000000.0,5.094249396606257,0.0,0.0,568.82634260361,111660481.91173305,111660481.91173305
2015,QQQ,46,2018-10-31,161.68038940429688,1140.78,분할매수,0.0,568.82634260361,1000000.0,1000000.0,5.421765814552934,0.0,0.0,563.404576789057,103915328.7065229,103915328.7065229
2015,QQQ,47,2018-11-30,161.25192260742188,1118.61,분할매수,0.0,563.404576789057,1000000.0,1000000.0,5.543912933446721,0.0,0.0,557.8606638556104,100625798.15963691,100625798.15963691
2015,QQQ,48,2018-12-31,147.28636169433594,1112.85,분할매수,0.0,557.8606638556104,1000000.0,1000000.0,6.100997339611204,0.0,0.0,551.7596665159991,90437617.95037283,90437617.95037283
2015,QQQ,49,2019-01-31,160.5580291748047,1111.82,분할매수,0.0,551.7596665159991,1000000.0,1000000.0,5.601875974242248,0.0,0.0,546.1577905417569,97495516.33292527,97495516.33292527
2015,QQQ,50,2019-02-28,165.36062622070312,1124.65,분할매수,0.0,546.1577905417569,1000000.0,1000000.0,5.377129601423112,0.0,0.0,540.7806609403337,100570508.99372235,100570508.99372235
2015,QQQ,51,2019-03-31,171.85032653808594,1136.3,분할매수,0.0,540.7806609403337,1000000.0,1000000.0,5.121021882753278,0.0,0.0,535.6596390575804,104600146.47888735,104600146.47888735
2015,QQQ,52,2019-04-30,181.30081176757812,1165.1,분할매수,0.0,535.6596390575804,1000000.0,1000000.0,4.734095875895419,0.0,0.0,530.925543181685,112149300.96473055,112149300.96473055
2015,QQQ,53,2019-05-31,166.38851928710938,1190.5,분할매수,0.0,530.925543181685,1000000.0,1000000.0,5.048324271018796,0.0,0.0,525.8772189106662,104168668.78571959,104168668.78571959
2015,QQQ,54,2019-06-30,179.0174560546875,1154.58,분할매수,0.0,525.8772189106662,1000000.0,1000000.0,4.838164032129153,0.0,0.0,521.0390548785371,107693548.92030005,107693548.92030005
2015,QQQ,55,2019-07-31,183.19715881347656,1182.74,분할매수,0.0,521.0390548785371,1000000.0,1000000.0,4.615215465287106,0.0,0.0,516.42383941325,111895932.76792419,111895932.76792419
2015,QQQ,56,2019-08-31,179.71728515625,1211.32,분할매수,0.0,516.42383941325,1000000.0,1000000.0,4.5935797715868,0.0,0.0,511.8302596416632,111422960.97861327,111422960.97861327
2015,QQQ,57,2019-09-30,181.3668212890625,1195.85,분할매수,0.0,511.8302596416632,1000000.0,1000000.0,4.610684981667132,0.0,0.0,507.21957465999606,110009592.2139091,110009592.2139091
2015,QQQ,58,2019-10-31,189.3108673095703,1169.1,분할매수,0.0,507.21957465999606,1000000.0,1000000.0,4.518276394706572,0.0,0.0,502.7012982652895,111259527.82663624,111259527.82663624
2015,QQQ,59,2019-11-30,197.0146942138672,1181.33,분할매수,0.0,502.7012982652895,1000000.0,1000000.0,4.2966516817430955,0.0,0.0,498.4046465835464,115998382.81081006,115998382.81081006
2015,QQQ,60,2019-12-31,204.6714324951172,1155.46,분할매수,0.0,498.4046465835464,1000000.0,1000000.0,4.228514802495237,0.0,0.0,494.1761317810512,116867542.11891112,116867542.11891112
2015,QQQ,61,2020-01-31,210.8902130126953,1191.3,분할매수,0.0,494.1761317810512,1000000.0,1000000.0,3.9803607288170673,0.0,0.0,490.19577105223414,123153604.52215007,123153604.52215007
2015,QQQ,62,2020-02-29,198.11569213867188,1214.92,분할매수,0.0,490.19577105223414,1000000.0,1000000.0,4.154640424762609,0.0,0.0,486.04113062747155,116987532.23758069,116987532.23758069
2015,QQQ,63,2020-03-31,183.68128967285156,1218.92,분할매수,0.0,486.04113062747155,1000000.0,1000000.0,4.466423264542408,0.0,0.0,481.57470736292913,107821108.48875564,107821108.48875564
2015,QQQ,64,2020-04-30,211.1852569580078,1203.95,분할매수,0.0,481.57470736292913,1000000.0,1000000.0,3.93303627981846,0.0,0.0,477.6416710831107,121443494.82206087,121443494.82206087
2015,QQQ,65,2020-05-31,225.12539672851562,1236.61,분할매수,0.0,477.6416710831107,1000000.0,1000000.0,3.5920531547728625,0.0,0.0,474.0496179283378,131971771.43619232,131971771.43619232
2015,QQQ,66,2020-06-30,239.2782440185547,1200.5,분할매수,0.0,474.0496179283378,1000000.0,1000000.0,3.481245272186915,0.0,0.0,470.56837265615087,135172427.0667491,135172427.0667491
2015,QQQ,67,2020-07-31,256.8569030761719,1192.68,분할매수,0.0,470.56837265615087,1000000.0,1000000.0,3.264260587394414,0.0,0.0,467.30411206875647,143157722.72389755,143157722.72389755
2015,QQQ,68,2020-08-31,284.96917724609375,1187.48,분할매수,0.0,467.30411206875647,1000000.0,1000000.0,2.95512467123774,0.0,0.0,464.3489873975187,157133467.8083237,157133467.8083237
2015,QQQ,69,2020-09-30,268.50189208984375,1165.97,분할매수,0.0,464.3489873975187,1000000.0,1000000.0,3.194223299599095,0.0,0.0,461.1547640979196,144371485.91202092,144371485.91202092
2015,QQQ,70,2020-10-31,260.3262023925781,1133.99,분할매수,0.0,461.1547640979196,1000000.0,1000000.0,3.3874499894640455,0.0,0.0,457.76731410845554,135136257.5188549,135136257.5188549
2015,QQQ,71,2020-11-30,289.5498962402344,1105.79,분할매수,0.0,457.76731410845554,1000000.0,1000000.0,3.1232297166645946,0.0,0.0,454.64408439179095,145568570.24187165,145568570.24187165
2015,QQQ,72,2020-12-31,303.74481201171875,1086.11,분할매수,0.0,454.64408439179095,1000000.0,1000000.0,3.0312190300273425,0.0,0.0,451.6128653617636,148987209.72917947,148987209.72917947
2015,QQQ,73,2021-01-31,304.53875732421875,1118.35,분할매수,0.0,451.6128653617636,1000000.0,1000000.0,2.9361597889621236,0.0,0.0,448.6767055728015,152810724.83163464,152810724.83163464
2015,QQQ,74,2021-02-28,304.1321105957031,1123.36,분할매수,0.0,448.6767055728015,1000000.0,1000000.0,2.9269733516931584,0.0,0.0,445.74973222110833,152290328.15186265,152290328.15186265
2015,QQQ,75,2021-03-31,309.3533935546875,1126.72,분할매수,0.0,445.74973222110833,1000000.0,1000000.0,2.8689905126039728,0.0,0.0,442.88074170850433,154368144.3918523,154368144.3918523
2015,QQQ,76,2021-04-30,327.6356201171875,1115.58,분할매수,0.0,442.88074170850433,1000000.0,1000000.0,2.7359500783031816,0.0,0.0,440.14479163020115,160874569.72284234,160874569.72284234
2015,QQQ,77,2021-05-31,323.70001220703125,1114.48,분할매수,0.0,440.14479163020115,1000000.0,1000000.0,2.771947528187385,0.0,0.0,437.37284410201374,157785398.04756618,157785398.04756618
2015,QQQ,78,2021-06-30,343.9705505371094,1130.42,분할매수,0.0,437.37284410201374,1000000.0,1000000.0,2.5718101489579706,0.0,0.0,434.80103395305576,169064203.33134842,169064203.33134842
2015,QQQ,79,2021-07-31,353.811279296875,1151.86,분할매수,0.0,434.80103395305576,1000000.0,1000000.0,2.4537404883342546,0.0,0.0,432.34729346472153,176199274.34063113,176199274.34063113
2015,QQQ,80,2021-08-31,368.7374267578125,1158.32,분할매수,0.0,432.34729346472153,1000000.0,1000000.0,2.341284684869393,0.0,0.0,430.00600877985215,183662418.99533877,183662418.99533877
2015,QQQ,81,2021-09-30,347.7815246582031,1183.7,분할매수,0.0,430.00600877985215,1000000.0,1000000.0,2.4291360838413016,0.0,0.0,427.57687269601087,176020139.64564076,176020139.64564076
2015,QQQ,82,2021-10-31,375.1310729980469,1174.94,분할매수,0.0,427.57687269601087,1000000.0,1000000.0,2.268826423209901,0.0,0.0,425.308046272801,187457287.13397193,187457287.13397193
2015,QQQ,83,2021-11-30,382.6218566894531,1187.45,분할매수,0.0,425.308046272801,1000000.0,1000000.0,2.200973904107376,0.0,0.0,423.1070723686936,192236296.65899578,192236296.65899578
2015,QQQ,84,2021-12-31,387.03094482421875,1188.59,분할매수,0.0,423.1070723686936,1000000.0,1000000.0,2.173813281002684,0.0,0.0,420.9332590876909,193638185.3797181,193638185.3797181
2015,QQQ,85,2022-01-31,353.1773376464844,1206.78,분할매수,0.0,420.9332590876909,1000000.0,1000000.0,2.3462758345368178,0.0,0.0,418.5869832531541,178404847.8408286,178404847.8408286
2015,QQQ,86,2022-02-28,337.3691711425781,1202.28,분할매수,0.0,418.5869832531541,1000000.0,1000000.0,2.4654090348902273,0.0,0.0,416.12157421826385,168783990.1328145,168783990.1328145
2015,QQQ,87,2022-03-31,353.1171875,1211.55,분할매수,0.0,416.12157421826385,1000000.0,1000000.0,2.3374363915648937,0.0,0.0,413.78413782669895,177024769.2386076,177024769.2386076
2015,QQQ,88,2022-04-30,305.1082458496094,1255.87,분할매수,0.0,413.78413782669895,1000000.0,1000000.0,2.6097647975925127,0.0,0.0,411.17437302910645,157552271.91676873,157552271.91676873
2015,QQQ,89,2022-05-31,300.2674255371094,1236.93,분할매수,0.0,411.17437302910645,1000000.0,1000000.0,2.692443860908648,0.0,0.0,408.4819291681978,151714186.1707538,151714186.1707538
2015,QQQ,90,2022-06-30,273.52001953125,1298.95,분할매수,0.0,408.4819291681978,1000000.0,1000000.0,2.8146114297285263,0.0,0.0,405.66731773846925,144129066.43301612,144129066.43301612
2015,QQQ,91,2022-07-31,307.85137939453125,1299.08,분할매수,0.0,405.66731773846925,1000000.0,1000000.0,2.500477779142669,0.0,0.0,403.1668399593266,161235921.91951376,161235921.91951376
2015,QQQ,92,2022-08-31,292.0519714355469,1338.66,분할매수,0.0,403.1668399593266,1000000.0,1000000.0,2.5578175990969676,0.0,0.0,400.60902236022963,156621419.17455876,156621419.17455876
2015,QQQ,93,2022-09-30,261.2827453613281,1431.67,분할매수,0.0,400.60902236022963,1000000.0,1000000.0,2.6732916676119927,0.0,0.0,397.93573069261765,148856084.62173045,148856084.62173045
2015,QQQ,94,2022-10-31,271.73370361328125,1424.6,분할매수,0.0,397.93573069261765,1000000.0,1000000.0,2.5832328328339322,0.0,0.0,395.35249785978374,153045630.5891958,153045630.5891958
2015,QQQ,95,2022-11-30,286.7989807128906,1316.84,분할매수,0.0,395.35249785978374,1000000.0,1000000.0,2.647825658871779,0.0,0.0,392.70467220091194,148312133.34802443,148312133.34802443
2015,QQQ,96,2022-12-31,260.9478759765625,1260.18,분할매수,0.0,392.70467220091194,1000000.0,1000000.0,3.040980610364887,0.0,0.0,389.66369159054705,128137512.7031117,128137512.7031117
2015,QQQ,97,2023-01-31,288.72039794921875,1231.95,분할매수,0.0,389.66369159054705,1000000.0,1000000.0,2.8114440846116757,0.0,0.0,386.8522475059354,137599125.52533245,137599125.52533245
2015,QQQ,98,2023-02-28,287.6815490722656,1323.45,분할매수,0.0,386.8522475059354,1000000.0,1000000.0,2.62651843347536,0.0,0.0,384.22572907246,146287086.42416027,146287086.42416027
2015,QQQ,99,2023-03-31,314.9903564453125,1303.8,분할매수,0.0,384.22572907246,1000000.0,1000000.0,2.4349596305709547,0.0,0.0,381.79076944188904,156795523.2803453,156795523.2803453
2015,QQQ,100,2023-04-30,316.5902099609375,1338.41,분할매수,0.0,381.79076944188904,1000000.0,1000000.0,2.360007299793776,0.0,0.0,379.43076214209526,160775249.371157,160775249.371157
2015,QQQ,101,2023-05-31,341.5495910644531,1324.55,분할매수,0.0,379.43076214209526,1000000.0,1000000.0,2.2104356349401457,0.0,0.0,377.2203265071551,170654291.19240987,170654291.19240987
2015,QQQ,102,2023-06-30,363.080322265625,1317.8,분할매수,0.0,377.2203265071551,1000000.0,1000000.0,2.0900072110586057,0.0,0.0,375.1303192960965,179487571.77066866,179487571.77066866
2015,QQQ,103,2023-07-31,377.0955810546875,1273.85,분할매수,0.0,375.1303192960965,1000000.0,1000000.0,2.081758110659668,0.0,0.0,373.0485611854368,179198802.8173096,179198802.8173096
2015,QQQ,104,2023-08-31,371.5032043457031,1322.43,분할매수,0.0,373.0485611854368,1000000.0,1000000.0,2.0354701744075046,0.0,0.0,371.0130910110293,182273901.95929828,182273901.95929828
2015,QQQ,105,2023-09-30,352.63140869140625,1347.86,분할매수,0.0,371.0130910110293,1000000.0,1000000.0,2.103944226181571,0.0,0.0,368.90914678484774,175341694.99083042,175341694.99083042
2015,QQQ,106,2023-10-31,345.34783935546875,1351.03,분할매수,0.0,368.90914678484774,1000000.0,1000000.0,2.1432768053146183,0.0,0.0,366.76586997953314,171123892.6628959,171123892.6628959
2015,QQQ,107,2023-11-30,382.7104187011719,1289.95,분할매수,0.0,366.76586997953314,1000000.0,1000000.0,2.0256146893424662,0.0,0.0,364.74025529019065,180063986.11208174,180063986.11208174
2015,QQQ,108,2023-12-31,404.0923156738281,1290.97,분할매수,0.0,364.74025529019065,1000000.0,1000000.0,1.9169167754875625,0.0,0.0,362.8233385147031,189274434.42213082,189274434.42213082
2015,QQQ,109,2024-01-31,411.4435729980469,1334.9,분할매수,0.0,362.8233385147031,1000000.0,1000000.0,1.8207108663647984,0.0,0.0,361.0026276483383,198275648.4389585,198275648.4389585
2015,QQQ,110,2024-02-29,433.1816101074219,1336.19,분할매수,0.0,361.0026276483383,1000000.0,1000000.0,1.7276738968300585,0.0,0.0,359.27495375150824,207952990.67185488,207952990.67185488
2015,QQQ,111,2024-03-31,438.70458984375,1347.08,분할매수,0.0,359.27495375150824,1000000.0,1000000.0,1.6921327602076635,0.0,0.0,357.5828209913006,211320783.68804643,211320783.68804643
2015,QQQ,112,2024-04-30,419.5166320800781,1381.92,분할매수,0.0,357.5828209913006,1000000.0,1000000.0,1.7249158555823825,0.0,0.0,355.8579051357182,206304501.163954,206304501.163954
2015,QQQ,113,2024-05-31,445.3244934082031,1385.43,분할매수,0.0,355.8579051357182,1000000.0,1000000.0,1.620835088433788,0.0,0.0,354.2370700472844,218552197.3056392,218552197.3056392
2015,QQQ,114,2024-06-30,474.1375427246094,1376.55,분할매수,0.0,354.2370700472844,1000000.0,1000000.0,1.5321583933728045,0.0,0.0,352.7049116539116,230201337.65510204,230201337.65510204
2015,QQQ,115,2024-07-31,466.1809997558594,1369.29,분할매수,0.0,352.7049116539116,1000000.0,1000000.0,1.566570682133304,0.0,0.0,351.1383409717783,224144588.54394603,224144588.54394603
2015,QQQ,116,2024-08-31,471.3270263671875,1336.0,분할매수,0.0,351.1383409717783,1000000.0,1000000.0,1.5880756929666378,0.0,0.0,349.55026527881165,220109322.76523104,220109322.76523104
2015,QQQ,117,2024-09-30,483.6833190917969,1314.94,분할매수,0.0,349.55026527881165,1000000.0,1000000.0,1.572291089963802,0.0,0.0,347.97797418884784,221319052.43885794,221319052.43885794
2015,QQQ,118,2024-10-31,479.50128173828125,1377.57,분할매수,0.0,347.97797418884784,1000000.0,1000000.0,1.5138977768444202,0.0,0.0,346.4640764120034,228855661.00385964,228855661.00385964
2015,QQQ,119,2024-11-30,505.1585388183594,1396.99,분할매수,0.0,346.4640764120034,1000000.0,1000000.0,1.4170298677830875,0.0,0.0,345.04704654422034,243500193.17803013,243500193.17803013
2015,QQQ,120,2024-12-31,507.4521179199219,1477.86,분할매수,0.0,345.04704654422034,1000000.0,1000000.0,1.3334343418930037,0.0,0.0,343.71361220232734,257765681.74656126,257765681.74656126
2015,SPY,0,2014-12-31,169.77871704101562,1090.89,분할매수,100000000.0,0.0,0.0,0.0,0.0,8333333.333333333,91666666.66666667,44.99399397592595,8333333.333333333,100000000.0
2015,SPY,1,2015-01-31,164.748291015625,1104.3,분할매수,91666666.66666667,44.99399397592595,1000000.0,1000000.0,0.0,8333333.333333333,82333333.33333334,90.79876996773137,16519159.84772263,98852493.18105598
2015,SPY,2,2015-02-28,174.0078887939453,1100.65,분할매수,82333333.33333334,90.79876996773137,1000000.0,1000000.0,0.0,8333333.333333333,73000000.00000001,134.3099216051909,25723275.63369622,98723275.63369623
2015,SPY,3,2015-03-31,171.27499389648438,1107.71,분할매수,73000000.00000001,134.3099216051909,1000000.0,1000000.0,0.0,8333333.333333333,63666666.66666668,178.23360139945274,33815017.74485075,97481684.41151743
2015,SPY,4,2015-04-30,172.9592742919922,1076.74,분할매수,63666666.66666668,178.23360139945274,1000000.0,1000000.0,0.0,8333333.333333333,54333333.33333334,222.98061464656496,41526163.51084154,95859496.84417489
2015,SPY,5,2015-05-31,175.18284606933594,1111.99,분할매수,54333333.33333334,222.98061464656496,1000000.0,1000000.0,0.0,8333333.333333333,45000000.00000001,265.7591877605814,51770307.81513392,96770307.81513393
2015,SPY,6,2015-06-30,171.6245574951172,1117.34,분할매수,45000000.00000001,265.7591877605814,1000000.0,1000000.0,0.0,8333333.333333333,35666666.66666667,309.2156108921621,59296107.956986345,94962774.62365302
2015,SPY,7,2015-07-31,175.50144958496094,1159.7,분할매수,35666666.66666667,309.2156108921621,1000000.0,1000000.0,0.0,8333333.333333333,26333333.33333334,350.15981078818163,71267687.01416305,97601020.34749639
2015,SPY,8,2015-08-31,164.80459594726562,1182.54,분할매수,26333333.33333334,350.15981078818163,1000000.0,1000000.0,0.0,8333333.333333333,17000000.000000007,392.91940698427646,76575287.95453584,93575287.95453584
2015,SPY,9,2015-09-30,160.5994110107422,1184.62,분할매수,17000000.000000007,392.91940698427646,1000000.0,1000000.0,0.0,8333333.333333333,7666666.666666674,436.7215889649502,83085965.35929792,90752632.02596459
2015,SPY,10,2015-10-31,174.25997924804688,1140.5,분할매수,7666666.666666674,436.7215889649502,1000000.0,1000000.0,0.0,6666666.666666674,0.0,470.2656618742643,93462246.54861693,93462246.54861693
2015,SPY,11,2015-11-30,174.8968963623047,1149.39,분할매수,0.0,470.2656618742643,1000000.0,1000000.0,4.974512000588635,0.0,0.0,465.2911498736757,93535034.15382609,93535034.15382609
2015,SPY,12,2015-12-31,171.87423706054688,1169.26,분할매수,0.0,465.2911498736757,1000000.0,1000000.0,4.975974244173872,0.0,0.0,460.3151756295018,92507547.8773755,92507547.8773755
2015,SPY,13,2016-01-31,163.3172607421875,1210.04,분할매수,0.0,460.3151756295018,1000000.0,1000000.0,5.060205869245099,0.0,0.0,455.2549697602567,89967677.50640418,89967677.50640418
2015,SPY,14,2016-02-29,163.1823272705078,1238.09,분할매수,0.0,455.2549697602567,1000000.0,1000000.0,4.9496519529814575,0.0,0.0,450.30531780727523,90977168.10896787,90977168.10896787
2015,SPY,15,2016-03-31,174.15895080566406,1138.86,분할매수,0.0,450.30531780727523,1000000.0,1000000.0,5.041779646970021,0.0,0.0,445.2635381603052,88314755.76841149,88314755.76841149
2015,SPY,16,2016-04-30,174.84535217285156,1144.09,분할매수,0.0,445.2635381603052,1000000.0,1000000.0,4.999029714141533,0.0,0.0,440.26450844616363,88069992.30285008,88069992.30285008
2015,SPY,17,2016-05-31,177.8197479248047,1188.99,분할매수,0.0,440.26450844616363,1000000.0,1000000.0,4.729789444613229,0.0,0.0,435.5347190015504,92083320.85428923,92083320.85428923
2015,SPY,18,2016-06-30,178.43783569335938,1154.15,분할매수,0.0,435.5347190015504,1000000.0,1000000.0,4.85568826342465,0.0,0.0,430.67903073812573,88695774.3935509,88695774.3935509
2015,SPY,19,2016-07-31,184.94561767578125,1112.89,분할매수,0.0,430.67903073812573,1000000.0,1000000.0,4.858516868286706,0.0,0.0,425.82051386983903,87644136.14560512,87644136.14560512
2015,SPY,20,2016-08-31,185.1671600341797,1115.98,분할매수,0.0,425.82051386983903,1000000.0,1000000.0,4.839267428241823,0.0,0.0,420.9812464415972,86992763.40562685,86992763.40562685
2015,SPY,21,2016-09-30,185.1779327392578,1097.98,분할매수,0.0,420.9812464415972,1000000.0,1000000.0,4.918314987163567,0.0,0.0,416.0629314544336,84594608.62924123,84594608.62924123
2015,SPY,22,2016-10-31,181.96746826171875,1145.37,분할매수,0.0,416.0629314544336,1000000.0,1000000.0,4.798002208847673,0.0,0.0,411.26492924558596,85715869.09384908,85715869.09384908
2015,SPY,23,2016-11-30,188.67086791992188,1175.87,분할매수,0.0,411.26492924558596,1000000.0,1000000.0,4.507501110308179,0.0,0.0,406.7574281352778,90240117.12500004,90240117.12500004
2015,SPY,24,2016-12-31,192.49554443359375,1203.73,분할매수,0.0,406.7574281352778,1000000.0,1000000.0,4.315689926734243,0.0,0.0,402.44173820854354,93250846.3398987,93250846.3398987
2015,SPY,25,2017-01-31,195.94024658203125,1151.45,분할매수,0.0,402.44173820854354,1000000.0,1000000.0,4.432321612891038,0.0,0.0,398.0094165956525,89797052.50586404,89797052.50586404
2015,SPY,26,2017-02-28,203.63900756835938,1129.17,분할매수,0.0,398.0094165956525,1000000.0,1000000.0,4.348902758502708,0.0,0.0,393.6605138371498,90519502.43483575,90519502.43483575
2015,SPY,27,2017-03-31,203.8935546875,1117.48,분할매수,0.0,393.6605138371498,1000000.0,1000000.0,4.388910689612172,0.0,0.0,389.27160314753763,88694355.08653194,88694355.08653194
2015,SPY,28,2017-04-30,205.9174346923828,1136.99,분할매수,0.0,389.27160314753763,1000000.0,1000000.0,4.271203225358132,0.0,0.0,385.0003999221795,90138628.29949936,90138628.29949936
2015,SPY,29,2017-05-31,208.8235321044922,1119.58,분할매수,0.0,385.0003999221795,1000000.0,1000000.0,4.277257840097791,0.0,0.0,380.7231420820817,89011033.77798174,89011033.77798174
2015,SPY,30,2017-06-30,210.15472412109375,1143.75,분할매수,0.0,380.7231420820817,1000000.0,1000000.0,4.16034873138002,0.0,0.0,376.5627933507017,90512314.6313249,90512314.6313249
2015,SPY,31,2017-07-31,214.47430419921875,1121.86,분할매수,0.0,376.5627933507017,1000000.0,1000000.0,4.156100769112103,0.0,0.0,372.4066925815896,89604827.5223003,89604827.5223003
2015,SPY,32,2017-08-31,215.10008239746094,1122.36,분할매수,0.0,372.4066925815896,1000000.0,1000000.0,4.142163551826052,0.0,0.0,368.26452902976354,88906322.60703853,88906322.60703853
2015,SPY,33,2017-09-30,219.43421936035156,1142.57,분할매수,0.0,368.26452902976354,1000000.0,1000000.0,3.9885296903595093,0.0,0.0,364.27599933940405,91330898.25553478,91330898.25553478
2015,SPY,34,2017-10-31,224.60499572753906,1115.68,분할매수,0.0,364.27599933940405,1000000.0,1000000.0,3.990625197215137,0.0,0.0,360.2853741421889,90282939.72423533,90282939.72423533
2015,SPY,35,2017-11-30,231.47019958496094,1084.79,분할매수,0.0,360.2853741421889,1000000.0,1000000.0,3.9825316951001892,0.0,0.0,356.3028424470887,89466417.27558811,89466417.27558811
2015,SPY,36,2017-12-31,234.27752685546875,1067.42,분할매수,0.0,356.3028424470887,1000000.0,1000000.0,3.9988400530097943,0.0,0.0,352.3040023940789,88101548.88013372,88101548.88013372
2015,SPY,37,2018-01-31,247.48110961914062,1068.33,분할매수,0.0,352.3040023940789,1000000.0,1000000.0,3.782269941737877,0.0,0.0,348.52173245234104,92146181.4785759,92146181.4785759
2015,SPY,38,2018-02-28,238.4827117919922,1082.12,분할매수,0.0,348.52173245234104,1000000.0,1000000.0,3.8749640235674403,0.0,0.0,344.6467684287736,88941927.28826386,88941927.28826386
2015,SPY,39,2018-03-31,231.94573974609375,1060.99,분할매수,0.0,344.6467684287736,1000000.0,1000000.0,4.0635191364766685,0.0,0.0,340.58324929229695,83814850.5897291,83814850.5897291
2015,SPY,40,2018-04-30,233.1444854736328,1069.07,분할매수,0.0,340.58324929229695,1000000.0,1000000.0,4.01207192183675,0.0,0.0,336.5711773704602,83889617.11742593,83889617.11742593
2015,SPY,41,2018-05-31,238.81192016601562,1080.75,분할매수,0.0,336.5711773704602,1000000.0,1000000.0,3.874527567083869,0.0,0.0,332.6966498033763,85867668.7784616,85867668.7784616
2015,SPY,42,2018-06-30,240.18536376953125,1111.79,분할매수,0.0,332.6966498033763,1000000.0,1000000.0,3.74481784263424,0.0,0.0,328.9518319607421,87841877.97218609,87841877.97218609
2015,SPY,43,2018-07-31,249.08338928222656,1112.75,분할매수,0.0,328.9518319607421,1000000.0,1000000.0,3.607926075553593,0.0,0.0,325.34390588518846,90174770.51141308,90174770.51141308
2015,SPY,44,2018-08-31,257.0340576171875,1116.5,분할매수,0.0,325.34390588518846,1000000.0,1000000.0,3.4845812900164477,0.0,0.0,321.85932459517204,92366714.33590026,92366714.33590026
2015,SPY,45,2018-09-30,258.5623474121094,1109.76,분할매수,0.0,321.85932459517204,1000000.0,1000000.0,3.485023018353097,0.0,0.0,318.37430157681894,91355006.81062125,91355006.81062125
2015,SPY,46,2018-10-31,240.6945037841797,1140.78,분할매수,0.0,318.37430157681894,1000000.0,1000000.0,3.6419328001848617,0.0,0.0,314.7323687766341,86419048.90739845,86419048.90739845
2015,SPY,47,2018-11-30,245.1592254638672,1118.61,분할매수,0.0,314.7323687766341,1000000.0,1000000.0,3.646473501435471,0.0,0.0,311.0858952751986,85311437.24278718,85311437.24278718
2015,SPY,48,2018-12-31,223.5733642578125,1112.85,분할매수,0.0,311.0858952751986,1000000.0,1000000.0,4.01923415090694,0.0,0.0,307.06666112429167,76399296.38212347,76399296.38212347
2015,SPY,49,2019-01-31,241.4739532470703,1111.82,분할매수,0.0,307.06666112429167,1000000.0,1000000.0,3.7247336783597245,0.0,0.0,303.34192744593196,81439897.08802907,81439897.08802907
2015,SPY,50,2019-02-28,249.301513671875,1124.65,분할매수,0.0,303.34192744593196,1000000.0,1000000.0,3.5666270335265797,0.0,0.0,299.7753004124054,84050083.62088145,84050083.62088145
2015,SPY,51,2019-03-31,253.8138885498047,1136.3,분할매수,0.0,299.7753004124054,1000000.0,1000000.0,3.46730152470418,0.0,0.0,296.3079988877012,85457811.14694989,85457811.14694989
2015,SPY,52,2019-04-30,264.18280029296875,1165.1,분할매수,0.0,296.3079988877012,1000000.0,1000000.0,3.2488694356088517,0.0,0.0,293.05912945209235,90203418.5307825,90203418.5307825
2015,SPY,53,2019-05-31,247.33560180664062,1190.5,분할매수,0.0,293.05912945209235,1000000.0,1000000.0,3.3961273435785695,0.0,0.0,289.6630021085138,85292149.79415052,85292149.79415052
2015,SPY,54,2019-06-30,264.5469055175781,1154.58,분할매수,0.0,289.6630021085138,1000000.0,1000000.0,3.273959358218613,0.0,0.0,286.3890427502952,87474831.36324628,87474831.36324628
2015,SPY,55,2019-07-31,268.5466613769531,1182.74,분할매수,0.0,286.3890427502952,1000000.0,1000000.0,3.148407640658817,0.0,0.0,283.24063510963634,89963139.2872516,89963139.2872516
2015,SPY,56,2019-08-31,264.0502014160156,1211.32,분할매수,0.0,283.24063510963634,1000000.0,1000000.0,3.126472471034344,0.0,0.0,280.114162638602,89594316.03308846,89594316.03308846
2015,SPY,57,2019-09-30,269.1881103515625,1195.85,분할매수,0.0,280.114162638602,1000000.0,1000000.0,3.1064718200148884,0.0,0.0,277.00769081858715,89171158.42926253,89171158.42926253
2015,SPY,58,2019-10-31,275.138427734375,1169.1,분할매수,0.0,277.00769081858715,1000000.0,1000000.0,3.108830816799036,0.0,0.0,273.89886000178814,88103494.8964525,88103494.8964525
2015,SPY,59,2019-11-30,285.0979309082031,1181.33,분할매수,0.0,273.89886000178814,1000000.0,1000000.0,2.9691675226316336,0.0,0.0,270.92969247915653,91247694.98994991,91247694.98994991
2015,SPY,60,2019-12-31,293.3815612792969,1155.46,분할매수,0.0,270.92969247915653,1000000.0,1000000.0,2.949933793315662,0.0,0.0,267.97975868584086,90842634.94084638,90842634.94084638
2015,SPY,61,2020-01-31,293.2631530761719,1191.3,분할매수,0.0,267.97975868584086,1000000.0,1000000.0,2.862340915190148,0.0,0.0,265.1174177706507,92622586.06712425,92622586.06712425
2015,SPY,62,2020-02-29,270.0467224121094,1214.92,분할매수,0.0,265.1174177706507,1000000.0,1000000.0,3.0479890886549805,0.0,0.0,262.06942868199576,85981091.4866634,85981091.4866634
2015,SPY,63,2020-03-31,236.32566833496094,1218.92,분할매수,0.0,262.06942868199576,1000000.0,1000000.0,3.4714738827826745,0.0,0.0,258.5979547992131,74492265.68627541,74492265.68627541
2015,SPY,64,2020-04-30,266.3350830078125,1203.95,분할매수,0.0,258.5979547992131,1000000.0,1000000.0,3.118625109386225,0.0,0.0,255.47932968982687,81920500.4541593,81920500.4541593
2015,SPY,65,2020-05-31,279.02471923828125,1236.61,분할매수,0.0,255.47932968982687,1000000.0,1000000.0,2.8981747342878825,0.0,0.0,252.58115495553898,87151803.50145496,87151803.50145496
2015,SPY,66,2020-06-30,283.97308349609375,1200.5,분할매수,0.0,252.58115495553898,1000000.0,1000000.0,2.9333282065736306,0.0,0.0,249.64782674896534,85107362.41157775,85107362.41157775
2015,SPY,67,2020-07-31,300.69683837890625,1192.68,분할매수,0.0,249.64782674896534,1000000.0,1000000.0,2.7883494546597523,0.0,0.0,246.85947729430558,88532474.60850583,88532474.60850583
2015,SPY,68,2020-08-31,321.6845703125,1187.48,분할매수,0.0,246.85947729430558,1000000.0,1000000.0,2.6178422092305405,0.0,0.0,244.24163508507505,93298837.57847449,93298837.57847449
2015,SPY,69,2020-09-30,309.63946533203125,1165.97,분할매수,0.0,244.24163508507505,1000000.0,1000000.0,2.769850409023746,0.0,0.0,241.4717846760513,87178637.4778123,87178637.4778123
2015,SPY,70,2020-10-31,301.9190368652344,1133.99,분할매수,0.0,241.4717846760513,1000000.0,1000000.0,2.92078962859694,0.0,0.0,238.55099504745436,81673460.0506121,81673460.0506121
2015,SPY,71,2020-11-30,334.7608642578125,1105.79,분할매수,0.0,238.55099504745436,1000000.0,1000000.0,2.701423424747133,0.0,0.0,235.84957162270723,87305666.13961451,87305666.13961451
2015,SPY,72,2020-12-31,347.1632080078125,1086.11,분할매수,0.0,235.84957162270723,1000000.0,1000000.0,2.6521158728930745,0.0,0.0,233.19745574981417,87928833.77883092,87928833.77883092
2015,SPY,73,2021-01-31,343.6254577636719,1118.35,분할매수,0.0,233.19745574981417,1000000.0,1000000.0,2.602177554757404,0.0,0.0,230.59527819505675,88616273.61802168,88616273.61802168
2015,SPY,74,2021-02-28,353.18011474609375,1123.36,분할매수,0.0,230.59527819505675,1000000.0,1000000.0,2.52048896849073,0.0,0.0,228.07478922656603,90488310.83086918,90488310.83086918
2015,SPY,75,2021-03-31,369.2143859863281,1126.72,분할매수,0.0,228.07478922656603,1000000.0,1000000.0,2.403839029130101,0.0,0.0,225.67095019743593,93879393.52956654,93879393.52956654
2015,SPY,76,2021-04-30,388.7495422363281,1115.58,분할매수,0.0,225.67095019743593,1000000.0,1000000.0,2.3058411731057307,0.0,0.0,223.3651090243302,96869251.72017828,96869251.72017828
2015,SPY,77,2021-05-31,391.3021545410156,1114.48,분할매수,0.0,223.3651090243302,1000000.0,1000000.0,2.293060332785506,0.0,0.0,221.0720486915447,96409172.28854437,96409172.28854437
2015,SPY,78,2021-06-30,400.0780334472656,1130.42,분할매수,0.0,221.0720486915447,1000000.0,1000000.0,2.211136025618865,0.0,0.0,218.86091266592584,98981207.00406472,98981207.00406472
2015,SPY,79,2021-07-31,409.8449401855469,1151.86,분할매수,0.0,218.86091266592584,1000000.0,1000000.0,2.1182671203578685,0.0,0.0,216.74264554556797,102320733.51964723,102320733.51964723
2015,SPY,80,2021-08-31,422.04180908203125,1158.32,분할매수,0.0,216.74264554556797,1000000.0,1000000.0,2.0455776452195393,0.0,0.0,214.69706790034843,104956694.45845273,104956694.45845273
2015,SPY,81,2021-09-30,402.3724365234375,1183.7,분할매수,0.0,214.69706790034843,1000000.0,1000000.0,2.099568892292591,0.0,0.0,212.59749900805585,101257691.41869566,101257691.41869566
2015,SPY,82,2021-10-31,430.6042175292969,1174.94,분할매수,0.0,212.59749900805585,1000000.0,1000000.0,1.9765419286148647,0.0,0.0,210.62095707944098,106560328.43535045,106560328.43535045
2015,SPY,83,2021-11-30,427.14447021484375,1187.45,분할매수,0.0,210.62095707944098,1000000.0,1000000.0,1.9715594615822167,0.0,0.0,208.64939761785877,105829624.560455,105829624.560455
2015,SPY,84,2021-12-31,446.89892578125,1188.59,분할매수,0.0,208.64939761785877,1000000.0,1000000.0,1.8826024397958006,0.0,0.0,206.76679517806298,109830302.35554686,109830302.35554686
2015,SPY,85,2022-01-31,423.32891845703125,1206.78,분할매수,0.0,206.76679517806298,1000000.0,1000000.0,1.9574647903722322,0.0,0.0,204.80933038769075,104629892.39706534,104629892.39706534
2015,SPY,86,2022-02-28,410.8334655761719,1202.28,분할매수,0.0,204.80933038769075,1000000.0,1000000.0,2.024550267495494,0.0,0.0,202.78478012019525,100162877.34413914,100162877.34413914
2015,SPY,87,2022-03-31,426.27691650390625,1211.55,분할매수,0.0,202.78478012019525,1000000.0,1000000.0,1.9362741274356114,0.0,0.0,200.84850599275964,103729375.47782145,103729375.47782145
2015,SPY,88,2022-04-30,388.86297607421875,1255.87,분할매수,0.0,200.84850599275964,1000000.0,1000000.0,2.047664109121917,0.0,0.0,198.80084188363773,97086646.68097731,97086646.68097731
2015,SPY,89,2022-05-31,389.7406921386719,1236.93,분할매수,0.0,198.80084188363773,1000000.0,1000000.0,2.074336097885777,0.0,0.0,196.72650578575195,94838298.37713437,94838298.37713437
2015,SPY,90,2022-06-30,357.6025695800781,1298.95,분할매수,0.0,196.72650578575195,1000000.0,1000000.0,2.15281611129428,0.0,0.0,194.57368967445768,90381007.76637134,90381007.76637134
2015,SPY,91,2022-07-31,390.53326416015625,1299.08,분할매수,0.0,194.57368967445768,1000000.0,1000000.0,1.9710882634027371,0.0,0.0,192.60260141105493,97713839.09443022,97713839.09443022
2015,SPY,92,2022-08-31,374.5987548828125,1338.66,분할매수,0.0,192.60260141105493,1000000.0,1000000.0,1.9941755348933263,0.0,0.0,190.60842587616162,95582571.6146687,95582571.6146687
2015,SPY,93,2022-09-30,339.9686279296875,1431.67,분할매수,0.0,190.60842587616162,1000000.0,1000000.0,2.0545571816987933,0.0,0.0,188.55386869446284,91773483.05222571,91773483.05222571
2015,SPY,94,2022-10-31,367.5997619628906,1424.6,분할매수,0.0,188.55386869446284,1000000.0,1000000.0,1.909553535108804,0.0,0.0,186.64431515935402,97742384.13730529,97742384.13730529
2015,SPY,95,2022-11-30,388.0351867675781,1316.84,분할매수,0.0,186.64431515935402,1000000.0,1000000.0,1.9570227803199693,0.0,0.0,184.68729237903406,94371559.81844936,94371559.81844936
2015,SPY,96,2022-12-31,365.6734924316406,1260.18,분할매수,0.0,184.68729237903406,1000000.0,1000000.0,2.1700709720132982,0.0,0.0,182.51722140702077,84106567.83159915,84106567.83159915
2015,SPY,97,2023-01-31,388.6696472167969,1231.95,분할매수,0.0,182.51722140702077,1000000.0,1000000.0,2.0884606264823358,0.0,0.0,180.42876078053843,86393182.85087357,86393182.85087357
2015,SPY,98,2023-02-28,378.8974914550781,1323.45,분할매수,0.0,180.42876078053843,1000000.0,1000000.0,1.9942092746703648,0.0,0.0,178.43455150586806,89476342.21356364,89476342.21356364
2015,SPY,99,2023-03-31,392.9461364746094,1303.8,분할매수,0.0,178.43455150586806,1000000.0,1000000.0,1.9518929715015818,0.0,0.0,176.48265853436646,90416155.55313937,90416155.55313937
2015,SPY,100,2023-04-30,399.223388671875,1338.41,분할매수,0.0,176.48265853436646,1000000.0,1000000.0,1.8715216286216885,0.0,0.0,174.6111369057448,93299021.62783976,93299021.62783976
2015,SPY,101,2023-05-31,401.0663146972656,1324.55,분할매수,0.0,174.6111369057448,1000000.0,1000000.0,1.8824153500848693,0.0,0.0,172.72872155565992,91759091.07831721,91759091.07831721
2015,SPY,102,2023-06-30,427.05535888671875,1317.8,분할매수,0.0,172.72872155565992,1000000.0,1000000.0,1.7769136388004667,0.0,0.0,170.95180791685945,96207156.15209253,96207156.15209253
2015,SPY,103,2023-07-31,441.03424072265625,1273.85,분할매수,0.0,170.95180791685945,1000000.0,1000000.0,1.7799565472926073,0.0,0.0,169.17185136956684,95042686.0851658,95042686.0851658
2015,SPY,104,2023-08-31,433.8665771484375,1322.43,분할매수,0.0,169.17185136956684,1000000.0,1000000.0,1.7428945486247591,0.0,0.0,167.4289568209421,96063733.14613488,96063733.14613488
2015,SPY,105,2023-09-30,413.28631591796875,1347.86,분할매수,0.0,167.4289568209421,1000000.0,1000000.0,1.7951642425872565,0.0,0.0,165.63379257835484,92266650.95536737,92266650.95536737
2015,SPY,106,2023-10-31,404.314453125,1351.03,분할매수,0.0,165.63379257835484,1000000.0,1000000.0,1.8306939268066638,0.0,0.0,163.80309865154817,89475961.13855855,89475961.13855855
2015,SPY,107,2023-11-30,441.24603271484375,1289.95,분할매수,0.0,163.80309865154817,1000000.0,1000000.0,1.7568970334210112,0.0,0.0,162.04620161812716,92234319.1066767,92234319.1066767
2015,SPY,108,2023-12-31,461.391357421875,1290.97,분할매수,0.0,162.04620161812716,1000000.0,1000000.0,1.6788596628447634,0.0,0.0,160.3673419552824,95521588.55466579,95521588.55466579
2015,SPY,109,2024-01-31,468.7396545410156,1334.9,분할매수,0.0,160.3673419552824,1000000.0,1000000.0,1.5981574782424401,0.0,0.0,158.76918447703997,99345143.79123951,99345143.79123951
2015,SPY,110,2024-02-29,493.20166015625,1336.19,분할매수,0.0,158.76918447703997,1000000.0,1000000.0,1.517425063273937,0.0,0.0,157.25175941376602,103630659.08143482,103630659.08143482
2015,SPY,111,2024-03-31,509.3302917480469,1347.08,분할매수,0.0,157.25175941376602,1000000.0,1000000.0,1.4574951079000344,0.0,0.0,155.794264305866,106891792.2684043,106891792.2684043
2015,SPY,112,2024-04-30,488.7943420410156,1381.92,분할매수,0.0,155.794264305866,1000000.0,1000000.0,1.4804403981720522,0.0,0.0,154.31382390769394,104235080.3843439,104235080.3843439
2015,SPY,113,2024-05-31,513.5173950195312,1385.43,분할매수,0.0,154.31382390769394,1000000.0,1000000.0,1.4055951592984768,0.0,0.0,152.90822874839546,108785397.94111907,108785397.94111907
2015,SPY,114,2024-06-30,531.6343994140625,1376.55,분할매수,0.0,152.90822874839546,1000000.0,1000000.0,1.3664537443388227,0.0,0.0,151.54177500405663,110901503.71491878,110901503.71491878
2015,SPY,115,2024-07-31,538.072021484375,1369.29,분할매수,0.0,151.54177500405663,1000000.0,1000000.0,1.3572634473177667,0.0,0.0,150.18451155673887,110652439.54925223,110652439.54925223
2015,SPY,116,2024-08-31,550.644287109375,1336.0,분할매수,0.0,150.18451155673887,1000000.0,1000000.0,1.359322182277177,0.0,0.0,148.8251893744617,109484853.05017631,109484853.05017631
2015,SPY,117,2024-09-30,562.2105102539062,1314.94,분할매수,0.0,148.8251893744617,1000000.0,1000000.0,1.352680106653817,0.0,0.0,147.47250926780788,109022457.37361878,109022457.37361878
2015,SPY,118,2024-10-31,557.193603515625,1377.57,분할매수,0.0,147.47250926780788,1000000.0,1000000.0,1.3028073542794676,0.0,0.0,146.1697019135284,112195944.72919539,112195944.72919539
2015,SPY,119,2024-11-30,590.4208984375,1396.99,분할매수,0.0,146.1697019135284,1000000.0,1000000.0,1.212397358165418,0.0,0.0,144.95730455536298,119562537.46272613,119562537.46272613
2015,SPY,120,2024-12-31,576.2152709960938,1477.86,분할매수,0.0,144.95730455536298,1000000.0,1000000.0,1.1743077890508546,0.0,0.0,143.78299676631212,122440639.58949475,122440639.58949475
2015,SOXX,0,2014-12-31,27.552759170532227,1090.89,분할매수,100000000.0,0.0,0.0,0.0,0.0,8333333.333333333,91666666.66666667,277.25072921022934,8333333.333333332,100000000.0
2015,SOXX,1,2015-01-31,26.212053298950195,1104.3,분할매수,91666666.66666667,277.25072921022934,1000000.0,1000000.0,0.0,8333333.333333333,82333333.33333334,565.1434203679153,16358624.7505201,98691958.08385344
2015,SOXX,2,2015-02-28,28.730329513549805,1100.65,분할매수,82333333.33333334,565.1434203679153,1000000.0,1000000.0,0.0,8333333.333333333,73000000.00000001,828.6727207143238,26204319.583724845,99204319.58372486
2015,SOXX,3,2015-03-31,27.96234703063965,1107.71,분할매수,73000000.00000001,828.6727207143238,1000000.0,1000000.0,0.0,8333333.333333333,63666666.66666668,1097.7140848183453,34000784.2435314,97667450.91019808
2015,SOXX,4,2015-04-30,27.60248565673828,1076.74,분할매수,63666666.66666668,1097.7140848183453,1000000.0,1000000.0,0.0,8333333.333333333,54333333.33333334,1378.1022728315997,40958164.77970578,95291498.11303912
2015,SOXX,5,2015-05-31,30.059059143066406,1111.99,분할매수,54333333.33333334,1378.1022728315997,1000000.0,1000000.0,0.0,8333333.333333333,45000000.00000001,1627.413874809242,54396916.07811019,99396916.07811019
2015,SOXX,6,2015-06-30,27.459665298461914,1117.34,분할매수,45000000.00000001,1627.413874809242,1000000.0,1000000.0,0.0,8333333.333333333,35666666.66666667,1899.0191296153105,58265291.75497876,93931958.42164543
2015,SOXX,7,2015-07-31,26.102930068969727,1159.7,분할매수,35666666.66666667,1899.0191296153105,1000000.0,1000000.0,0.0,8333333.333333333,26333333.33333334,2174.3049467577325,65819620.05065302,92152953.38398635
2015,SOXX,8,2015-08-31,24.755144119262695,1182.54,분할매수,26333333.33333334,2174.3049467577325,1000000.0,1000000.0,0.0,8333333.333333333,17000000.000000007,2458.9721633982604,71983823.5565484,88983823.55654842
2015,SOXX,9,2015-09-30,24.426544189453125,1184.62,분할매수,17000000.000000007,2458.9721633982604,1000000.0,1000000.0,0.0,8333333.333333333,7666666.666666674,2746.962333948826,79486576.70900463,87153243.3756713
2015,SOXX,10,2015-10-31,26.849407196044922,1140.5,분할매수,7666666.666666674,2746.962333948826,1000000.0,1000000.0,0.0,6666666.666666674,0.0,2964.672520486319,90783457.51407942,90783457.51407942
2015,SOXX,11,2015-11-30,27.470121383666992,1149.39,분할매수,0.0,2964.672520486319,1000000.0,1000000.0,31.67174610073934,0.0,0.0,2933.00077438558,92606222.75312798,92606222.75312798
2015,SOXX,12,2015-12-31,26.996599197387695,1169.26,분할매수,0.0,2933.00077438558,1000000.0,1000000.0,31.679611590969294,0.0,0.0,2901.3211627946107,91583230.25720654,91583230.25720654
2015,SOXX,13,2016-01-31,24.950218200683594,1210.04,분할매수,0.0,2901.3211627946107,1000000.0,1000000.0,33.12271478788137,0.0,0.0,2868.1984480067294,86593096.80304705,86593096.80304705
2015,SOXX,14,2016-02-29,25.382936477661133,1238.09,분할매수,0.0,2868.1984480067294,1000000.0,1000000.0,31.820420997285343,0.0,0.0,2836.378027009444,89137036.47262934,89137036.47262934
2015,SOXX,15,2016-03-31,27.614622116088867,1138.86,분할매수,0.0,2836.378027009444,1000000.0,1000000.0,31.797322803054662,0.0,0.0,2804.5807042063893,88201787.35100815,88201787.35100815
2015,SOXX,16,2016-04-30,26.336669921875,1144.09,분할매수,0.0,2804.5807042063893,1000000.0,1000000.0,33.18783709118979,0.0,0.0,2771.3928671151994,83506281.51814409,83506281.51814409
2015,SOXX,17,2016-05-31,28.62432098388672,1188.99,분할매수,0.0,2771.3928671151994,1000000.0,1000000.0,29.38235520947283,0.0,0.0,2742.0105119057266,93321671.87951313,93321671.87951313
2015,SOXX,18,2016-06-30,28.312902450561523,1154.15,분할매수,0.0,2742.0105119057266,1000000.0,1000000.0,30.602249488199583,0.0,0.0,2711.408262417527,88601599.80929057,88601599.80929057
2015,SOXX,19,2016-07-31,31.445337295532227,1112.89,분할매수,0.0,2711.408262417527,1000000.0,1000000.0,28.575346314417025,0.0,0.0,2682.83291610311,93886278.28281294,93886278.28281294
2015,SOXX,20,2016-08-31,32.92689514160156,1115.98,분할매수,0.0,2682.83291610311,1000000.0,1000000.0,27.214026785091583,0.0,0.0,2655.618889318019,97582724.9046739,97582724.9046739
2015,SOXX,21,2016-09-30,34.30694580078125,1097.98,분할매수,0.0,2655.618889318019,1000000.0,1000000.0,26.547492952949444,0.0,0.0,2629.071396365069,99032756.1636278,99032756.1636278
2015,SOXX,22,2016-10-31,33.812042236328125,1145.37,분할매수,0.0,2629.071396365069,1000000.0,1000000.0,25.82157884920941,0.0,0.0,2603.24981751586,100816833.57621506,100816833.57621506
2015,SOXX,23,2016-11-30,36.24713897705078,1175.87,분할매수,0.0,2603.24981751586,1000000.0,1000000.0,23.462104062069354,0.0,0.0,2579.7877134537903,109955514.07618524,109955514.07618524
2015,SOXX,24,2016-12-31,37.34818649291992,1203.73,분할매수,0.0,2579.7877134537903,1000000.0,1000000.0,22.243411529787917,0.0,0.0,2557.5443019240024,114979858.12558438,114979858.12558438
2015,SOXX,25,2017-01-31,38.9124755859375,1151.45,분할매수,0.0,2557.5443019240024,1000000.0,1000000.0,22.318554054540574,0.0,0.0,2535.225747869462,113592741.79115945,113592741.79115945
2015,SOXX,26,2017-02-28,40.008094787597656,1129.17,분할매수,0.0,2535.225747869462,1000000.0,1000000.0,22.13567645383919,0.0,0.0,2513.090071415623,113531207.2642693,113531207.2642693
2015,SOXX,27,2017-03-31,41.7696647644043,1117.48,분할매수,0.0,2513.090071415623,1000000.0,1000000.0,21.42393545072434,0.0,0.0,2491.6661359648983,116302914.63936685,116302914.63936685
2015,SOXX,28,2017-04-30,41.531654357910156,1136.99,분할매수,0.0,2491.6661359648983,1000000.0,1000000.0,21.176984755678646,0.0,0.0,2470.4891512092195,116659155.19662228,116659155.19662228
2015,SOXX,29,2017-05-31,45.15664291381836,1119.58,분할매수,0.0,2470.4891512092195,1000000.0,1000000.0,19.779860331856664,0.0,0.0,2450.709290877363,123899221.21595305,123899221.21595305
2015,SOXX,30,2017-06-30,42.885135650634766,1143.75,분할매수,0.0,2450.709290877363,1000000.0,1000000.0,20.387412249628017,0.0,0.0,2430.321878627735,119206981.68410647,119206981.68410647
2015,SOXX,31,2017-07-31,44.95904541015625,1121.86,분할매수,0.0,2430.321878627735,1000000.0,1000000.0,19.8264178544101,0.0,0.0,2410.495460773325,121579978.71698973,121579978.71698973
2015,SOXX,32,2017-08-31,46.26515579223633,1122.36,분할매수,0.0,2410.495460773325,1000000.0,1000000.0,19.25811566057791,0.0,0.0,2391.237345112747,124167773.59000394,124167773.59000394
2015,SOXX,33,2017-09-30,48.66284942626953,1142.57,분할매수,0.0,2391.237345112747,1000000.0,1000000.0,17.985381236782988,0.0,0.0,2373.251963875964,131954498.63594127,131954498.63594127
2015,SOXX,34,2017-10-31,53.00526428222656,1115.68,분할매수,0.0,2373.251963875964,1000000.0,1000000.0,16.90991201549886,0.0,0.0,2356.3420518604653,139346795.51855436,139346795.51855436
2015,SOXX,35,2017-11-30,52.9561653137207,1084.79,분할매수,0.0,2356.3420518604653,1000000.0,1000000.0,17.40755586922057,0.0,0.0,2338.9344959912446,134363176.17264503,134363176.17264503
2015,SOXX,36,2017-12-31,52.20765686035156,1067.42,분할매수,0.0,2338.9344959912446,1000000.0,1000000.0,17.944462828807705,0.0,0.0,2320.9900331624367,129342965.30940801,129342965.30940801
2015,SOXX,37,2018-01-31,56.71483612060547,1068.33,분할매수,0.0,2320.9900331624367,1000000.0,1000000.0,16.50432983831426,0.0,0.0,2304.4857033241224,139629159.4933067,139629159.4933067
2015,SOXX,38,2018-02-28,56.84088897705078,1082.12,분할매수,0.0,2304.4857033241224,1000000.0,1000000.0,16.257872546818856,0.0,0.0,2288.2278307773036,140745834.0067401,140745834.0067401
2015,SOXX,39,2018-03-31,55.464744567871094,1060.99,분할매수,0.0,2288.2278307773036,1000000.0,1000000.0,16.99306396208408,0.0,0.0,2271.2347668152197,133656577.28841202,133656577.28841202
2015,SOXX,40,2018-04-30,51.97453308105469,1069.07,분할매수,0.0,2271.2347668152197,1000000.0,1000000.0,17.997130295352274,0.0,0.0,2253.2376365198675,125199829.0584006,125199829.0584006
2015,SOXX,41,2018-05-31,57.73817443847656,1080.75,분할매수,0.0,2253.2376365198675,1000000.0,1000000.0,16.02550439168117,0.0,0.0,2237.212132128186,139603227.29620427,139603227.29620427
2015,SOXX,42,2018-06-30,55.09607696533203,1111.79,분할매수,0.0,2237.212132128186,1000000.0,1000000.0,16.325126675528914,0.0,0.0,2220.8870054526574,136041027.40481204,136041027.40481204
2015,SOXX,43,2018-07-31,57.340240478515625,1112.75,분할매수,0.0,2220.8870054526574,1000000.0,1000000.0,15.672666310412998,0.0,0.0,2205.214339142244,140704478.45093778,140704478.45093778
2015,SOXX,44,2018-08-31,58.83015060424805,1116.5,분할매수,0.0,2205.214339142244,1000000.0,1000000.0,15.224439490134282,0.0,0.0,2189.9898996521097,143846996.86784947,143846996.86784947
2015,SOXX,45,2018-09-30,57.4536018371582,1109.76,분할매수,0.0,2189.9898996521097,1000000.0,1000000.0,15.683885841737188,0.0,0.0,2174.3060138103724,138633119.09757823,138633119.09757823
2015,SOXX,46,2018-10-31,50.59517288208008,1140.78,분할매수,0.0,2174.3060138103724,1000000.0,1000000.0,17.325629268998846,0.0,0.0,2156.9803845413735,124496510.40386216,124496510.40386216
2015,SOXX,47,2018-11-30,52.23759841918945,1118.61,분할매수,0.0,2156.9803845413735,1000000.0,1000000.0,17.113470878057015,0.0,0.0,2139.8669136633166,125039913.23040527,125039913.23040527
2015,SOXX,48,2018-12-31,48.82014083862305,1112.85,분할매수,0.0,2139.8669136633166,1000000.0,1000000.0,18.406208696293913,0.0,0.0,2121.4607049670226,115257886.07374524,115257886.07374524
2015,SOXX,49,2019-01-31,53.729835510253906,1111.82,분할매수,0.0,2121.4607049670226,1000000.0,1000000.0,16.739790054528942,0.0,0.0,2104.7209149124938,125731619.57566263,125731619.57566263
2015,SOXX,50,2019-02-28,57.167877197265625,1124.65,분할매수,0.0,2104.7209149124938,1000000.0,1000000.0,15.55358641519988,0.0,0.0,2089.167328497294,134320617.29863387,134320617.29863387
2015,SOXX,51,2019-03-31,59.13294219970703,1136.3,분할매수,0.0,2089.167328497294,1000000.0,1000000.0,14.8825553071194,0.0,0.0,2074.2847731901747,139376923.54470167,139376923.54470167
2015,SOXX,52,2019-04-30,66.00276947021484,1165.1,분할매수,0.0,2074.2847731901747,1000000.0,1000000.0,13.003930474049385,0.0,0.0,2061.2808427161253,158512139.60499194,158512139.60499194
2015,SOXX,53,2019-05-31,55.0709342956543,1190.5,분할매수,0.0,2061.2808427161253,1000000.0,1000000.0,15.252750131792792,0.0,0.0,2046.0280925843326,134141585.93731874,134141585.93731874
2015,SOXX,54,2019-06-30,62.15456008911133,1154.58,분할매수,0.0,2046.0280925843326,1000000.0,1000000.0,13.934871645222737,0.0,0.0,2032.0932209391099,145827910.91841656,145827910.91841656
2015,SOXX,55,2019-07-31,65.65373229980469,1182.74,분할매수,0.0,2032.0932209391099,1000000.0,1000000.0,12.878085234997833,0.0,0.0,2019.215135704112,156794670.8581054,156794670.8581054
2015,SOXX,56,2019-08-31,64.13441467285156,1211.32,분할매수,0.0,2019.215135704112,1000000.0,1000000.0,12.872116942352083,0.0,0.0,2006.34301876176,155867370.35929593,155867370.35929593
2015,SOXX,57,2019-09-30,66.52364349365234,1195.85,분할매수,0.0,2006.34301876176,1000000.0,1000000.0,12.570346949952903,0.0,0.0,1993.7726718118072,158609199.86932242,158609199.86932242
2015,SOXX,58,2019-10-31,70.59542846679688,1169.1,분할매수,0.0,1993.7726718118072,1000000.0,1000000.0,12.116348630542843,0.0,0.0,1981.6563231812643,163552270.0449468,163552270.0449468
2015,SOXX,59,2019-11-30,73.4651870727539,1181.33,분할매수,0.0,1981.6563231812643,1000000.0,1000000.0,11.52251223948843,0.0,0.0,1970.133810941776,170981273.00659257,170981273.00659257
2015,SOXX,60,2019-12-31,79.29229736328125,1155.46,분할매수,0.0,1970.133810941776,1000000.0,1000000.0,10.914757305976153,0.0,0.0,1959.2190536357998,179501843.12051257,179501843.12051257
2015,SOXX,61,2020-01-31,76.75342559814453,1191.3,분할매수,0.0,1959.2190536357998,1000000.0,1000000.0,10.936568829676977,0.0,0.0,1948.2824848061227,178143850.70382875,178143850.70382875
2015,SOXX,62,2020-02-29,73.19461822509766,1214.92,분할매수,0.0,1948.2824848061227,1000000.0,1000000.0,11.24535496322758,0.0,0.0,1937.0371298428952,172252199.79067138,172252199.79067138
2015,SOXX,63,2020-03-31,65.02436065673828,1218.92,분할매수,0.0,1937.0371298428952,1000000.0,1000000.0,12.61678511207264,0.0,0.0,1924.4203447308225,152528582.17339376,152528582.17339376
2015,SOXX,64,2020-04-30,74.47651672363281,1203.95,분할매수,0.0,1924.4203447308225,1000000.0,1000000.0,11.152498987846242,0.0,0.0,1913.2678457429763,171555079.07492438,171555079.07492438
2015,SOXX,65,2020-05-31,79.80622863769531,1236.61,분할매수,0.0,1913.2678457429763,1000000.0,1000000.0,10.132823030760244,0.0,0.0,1903.1350227122161,187818835.57374513,187818835.57374513
2015,SOXX,66,2020-06-30,86.01689910888672,1200.5,분할매수,0.0,1903.1350227122161,1000000.0,1000000.0,9.683983779423661,0.0,0.0,1893.4510389327925,195523978.77369025,195523978.77369025
2015,SOXX,67,2020-07-31,92.21562194824219,1192.68,분할매수,0.0,1893.4510389327925,1000000.0,1000000.0,9.092254084479634,0.0,0.0,1884.3587848483128,207248804.01933444,207248804.01933444
2015,SOXX,68,2020-08-31,97.56009674072266,1187.48,분할매수,0.0,1884.3587848483128,1000000.0,1000000.0,8.631802082569505,0.0,0.0,1875.7269827657433,217304215.8315311,217304215.8315311
2015,SOXX,69,2020-09-30,97.08108520507812,1165.97,분할매수,0.0,1875.7269827657433,1000000.0,1000000.0,8.834419165052333,0.0,0.0,1866.892563600691,211320351.53888148,211320351.53888148
2015,SOXX,70,2020-10-31,97.35835266113281,1133.99,분할매수,0.0,1866.892563600691,1000000.0,1000000.0,9.05769220049674,0.0,0.0,1857.834871400194,205111283.34635913,205111283.34635913
2015,SOXX,71,2020-11-30,115.3110580444336,1105.79,분할매수,0.0,1857.834871400194,1000000.0,1000000.0,7.8425335412860235,0.0,0.0,1849.992337858908,235892180.52047312,235892180.52047312
2015,SOXX,72,2020-12-31,121.09300994873047,1086.11,분할매수,0.0,1849.992337858908,1000000.0,1000000.0,7.603387303956039,0.0,0.0,1842.388950554952,242311600.9882014,242311600.9882014
2015,SOXX,73,2021-01-31,125.00192260742188,1118.35,분할매수,0.0,1842.388950554952,1000000.0,1000000.0,7.1532856038069825,0.0,0.0,1835.235664951145,256558421.76557747,256558421.76557747
2015,SOXX,74,2021-02-28,133.14227294921875,1123.36,분할매수,0.0,1835.235664951145,1000000.0,1000000.0,6.685980067708036,0.0,0.0,1828.549684883437,273490148.9932599,273490148.9932599
2015,SOXX,75,2021-03-31,135.6584930419922,1126.72,분할매수,0.0,1828.549684883437,1000000.0,1000000.0,6.5423987193747735,0.0,0.0,1822.0072861640624,278492241.8085492,278492241.8085492
2015,SOXX,76,2021-04-30,135.03143310546875,1115.58,분할매수,0.0,1822.0072861640624,1000000.0,1000000.0,6.638415070470187,0.0,0.0,1815.3688710935921,273464200.6898513,273464200.6898513
2015,SOXX,77,2021-05-31,138.43898010253906,1114.48,분할매수,0.0,1815.3688710935921,1000000.0,1000000.0,6.481407534546334,0.0,0.0,1808.8874635590457,279088678.48805296,279088678.48805296
2015,SOXX,78,2021-06-30,145.50448608398438,1130.42,분할매수,0.0,1808.8874635590457,1000000.0,1000000.0,6.0797228774334595,0.0,0.0,1802.8077406816124,296527946.59000367,296527946.59000367
2015,SOXX,79,2021-07-31,146.3662109375,1151.86,분할매수,0.0,1802.8077406816124,1000000.0,1000000.0,5.931430865630563,0.0,0.0,1796.8763098159818,302941457.21699446,302941457.21699446
2015,SOXX,80,2021-08-31,149.9796600341797,1158.32,분할매수,0.0,1796.8763098159818,1000000.0,1000000.0,5.75624247854322,0.0,0.0,1791.1200673374385,311161330.3320628,311161330.3320628
2015,SOXX,81,2021-09-30,143.17877197265625,1183.7,분할매수,0.0,1791.1200673374385,1000000.0,1000000.0,5.900376425926623,0.0,0.0,1785.2196909115119,302560304.9776866,302560304.9776866
2015,SOXX,82,2021-10-31,152.4142303466797,1174.94,분할매수,0.0,1785.2196909115119,1000000.0,1000000.0,5.584172085829073,0.0,0.0,1779.6355188256828,318692814.5251568,318692814.5251568
2015,SOXX,83,2021-11-30,169.9507293701172,1187.45,분할매수,0.0,1779.6355188256828,1000000.0,1000000.0,4.955205104654725,0.0,0.0,1774.6803137210281,358144673.37668085,358144673.37668085
2015,SOXX,84,2021-12-31,174.482666015625,1188.59,분할매수,0.0,1774.6803137210281,1000000.0,1000000.0,4.821871577446907,0.0,0.0,1769.8584421435812,367048025.5885804,367048025.5885804
2015,SOXX,85,2022-01-31,154.2616729736328,1206.78,분할매수,0.0,1769.8584421435812,1000000.0,1000000.0,5.371726084985697,0.0,0.0,1764.4867160585954,328476673.63204604,328476673.63204604
2015,SOXX,86,2022-02-28,152.5532989501953,1202.28,분할매수,0.0,1764.4867160585954,1000000.0,1000000.0,5.452212494597611,0.0,0.0,1759.0345035639978,322627649.8406762,322627649.8406762
2015,SOXX,87,2022-03-31,152.55787658691406,1211.55,분할매수,0.0,1759.0345035639978,1000000.0,1000000.0,5.410333330638028,0.0,0.0,1753.6241702333598,324124977.716772,324124977.716772
2015,SOXX,88,2022-04-30,129.1881103515625,1255.87,분할매수,0.0,1753.6241702333598,1000000.0,1000000.0,6.163576178230568,0.0,0.0,1747.4605940551291,283514074.2199423,283514074.2199423
2015,SOXX,89,2022-05-31,137.36270141601562,1236.93,분할매수,0.0,1747.4605940551291,1000000.0,1000000.0,5.885536453376521,0.0,0.0,1741.5750576017526,295907615.45663595,295907615.45663595
2015,SOXX,90,2022-06-30,112.86425018310547,1298.95,분할매수,0.0,1741.5750576017526,1000000.0,1000000.0,6.821048932529606,0.0,0.0,1734.7540086692231,254323642.27680218,254323642.27680218
2015,SOXX,91,2022-07-31,131.49794006347656,1299.08,분할매수,0.0,1734.7540086692231,1000000.0,1000000.0,5.853898038880756,0.0,0.0,1728.9001106303424,295341685.00155526,295341685.00155526
2015,SOXX,92,2022-08-31,119.34664154052734,1338.66,분할매수,0.0,1728.9001106303424,1000000.0,1000000.0,6.259209834029034,0.0,0.0,1722.6409007963134,275216991.6769598,275216991.6769598
2015,SOXX,93,2022-09-30,103.45382690429688,1431.67,분할매수,0.0,1722.6409007963134,1000000.0,1000000.0,6.751659237423661,0.0,0.0,1715.8892415588898,254143341.83927938,254143341.83927938
2015,SOXX,94,2022-10-31,105.96935272216797,1424.6,분할매수,0.0,1715.8892415588898,1000000.0,1000000.0,6.624098448555965,0.0,0.0,1709.2651431103338,258037400.31716296,258037400.31716296
2015,SOXX,95,2022-11-30,125.94734954833984,1316.84,분할매수,0.0,1709.2651431103338,1000000.0,1000000.0,6.029453599405849,0.0,0.0,1703.235689510928,282485910.4444833,282485910.4444833
2015,SOXX,96,2022-12-31,113.2634506225586,1260.18,분할매수,0.0,1703.235689510928,1000000.0,1000000.0,7.0061209224944765,0.0,0.0,1696.2295685884335,242106807.36930582,242106807.36930582
2015,SOXX,97,2023-01-31,131.39312744140625,1231.95,분할매수,0.0,1696.2295685884335,1000000.0,1000000.0,6.177806029337729,0.0,0.0,1690.0517625590958,273568278.85712564,273568278.85712564
2015,SOXX,98,2023-02-28,133.39492797851562,1323.45,분할매수,0.0,1690.0517625590958,1000000.0,1000000.0,5.664389966391735,0.0,0.0,1684.387372592704,297364302.7027804,297364302.7027804
2015,SOXX,99,2023-03-31,145.09959411621094,1303.8,분할매수,0.0,1684.387372592704,1000000.0,1000000.0,5.285947260122633,0.0,0.0,1679.1014253325814,317653836.2385452,317653836.2385452
2015,SOXX,100,2023-04-30,134.4848175048828,1338.41,분할매수,0.0,1679.1014253325814,1000000.0,1000000.0,5.5556844290169,0.0,0.0,1673.5457409035644,301231245.6342494,301231245.6342494
2015,SOXX,101,2023-05-31,155.55125427246094,1324.55,분할매수,0.0,1673.5457409035644,1000000.0,1000000.0,4.85353455180569,0.0,0.0,1668.6922063517586,343809689.31826085,343809689.31826085
2015,SOXX,102,2023-06-30,165.74713134765625,1317.8,분할매수,0.0,1668.6922063517586,1000000.0,1000000.0,4.578302415002063,0.0,0.0,1664.1139039367565,363478371.0407227,363478371.0407227
2015,SOXX,103,2023-07-31,174.90919494628906,1273.85,분할매수,0.0,1664.1139039367565,1000000.0,1000000.0,4.488167615176432,0.0,0.0,1659.62573632158,369778020.47982097,369778020.47982097
2015,SOXX,104,2023-08-31,166.861328125,1322.43,분할매수,0.0,1659.62573632158,1000000.0,1000000.0,4.531809141396855,0.0,0.0,1655.093927180183,365217041.4815898,365217041.4815898
2015,SOXX,105,2023-09-30,155.3162384033203,1347.86,분할매수,0.0,1655.093927180183,1000000.0,1000000.0,4.77681422054513,0.0,0.0,1650.317112959638,345484885.2738728,345484885.2738728
2015,SOXX,106,2023-10-31,145.06565856933594,1351.03,분할매수,0.0,1650.317112959638,1000000.0,1000000.0,5.10235172925037,0.0,0.0,1645.2147612303877,322442443.90264726,322442443.90264726
2015,SOXX,107,2023-11-30,168.4327850341797,1289.95,분할매수,0.0,1645.2147612303877,1000000.0,1000000.0,4.602570964602793,0.0,0.0,1640.6121902657849,356455599.0300458,356455599.0300458
2015,SOXX,108,2023-12-31,189.28341674804688,1290.97,분할매수,0.0,1640.6121902657849,1000000.0,1000000.0,4.092335990489086,0.0,0.0,1636.5198542752958,399898702.8627899,399898702.8627899
2015,SOXX,109,2024-01-31,192.5525665283203,1334.9,분할매수,0.0,1636.5198542752958,1000000.0,1000000.0,3.8904689652283744,0.0,0.0,1632.6293853100674,419648479.3740619,419648479.3740619
2015,SOXX,110,2024-02-29,214.2506866455078,1336.19,분할매수,0.0,1632.6293853100674,1000000.0,1000000.0,3.493088270039858,0.0,0.0,1629.1362970400276,466388528.1723609,466388528.1723609
2015,SOXX,111,2024-03-31,222.9123077392578,1347.08,분할매수,0.0,1629.1362970400276,1000000.0,1000000.0,3.330217232313631,0.0,0.0,1625.806079807714,488198206.42096776,488198206.42096776
2015,SOXX,112,2024-04-30,211.1411590576172,1381.92,분할매수,0.0,1625.806079807714,1000000.0,1000000.0,3.4272374632459965,0.0,0.0,1622.378842344468,473378007.7228394,473378007.7228394
2015,SOXX,113,2024-05-31,230.8945770263672,1385.43,분할매수,0.0,1622.378842344468,1000000.0,1000000.0,3.1260914567629303,0.0,0.0,1619.2527508877051,517979967.407749,517979967.407749
2015,SOXX,114,2024-06-30,243.6568145751953,1376.55,분할매수,0.0,1619.2527508877051,1000000.0,1000000.0,2.9814631573724157,0.0,0.0,1616.2712877303327,542106745.0502269,542106745.0502269
2015,SOXX,115,2024-07-31,232.5424346923828,1369.29,분할매수,0.0,1616.2712877303327,1000000.0,1000000.0,3.1405256754587687,0.0,0.0,1613.130762054874,513649920.0310557,513649920.0310557
2015,SOXX,116,2024-08-31,228.35354614257812,1336.0,분할매수,0.0,1613.130762054874,1000000.0,1000000.0,3.277825138500936,0.0,0.0,1609.852936916373,491134477.55563164,491134477.55563164
2015,SOXX,117,2024-09-30,228.36485290527344,1314.94,분할매수,0.0,1609.852936916373,1000000.0,1000000.0,3.3301576985124117,0.0,0.0,1606.5227792178605,482416427.2867611,482416427.2867611
2015,SOXX,118,2024-10-31,216.1538543701172,1377.57,분할매수,0.0,1606.5227792178605,1000000.0,1000000.0,3.3583297717868055,0.0,0.0,1603.1644494460736,477369573.08784693,477369573.08784693
2015,SOXX,119,2024-11-30,213.32142639160156,1396.99,분할매수,0.0,1603.1644494460736,1000000.0,1000000.0,3.355615746527089,0.0,0.0,1599.8088336995465,476755670.06004083,476755670.06004083
2015,SOXX,120,2024-12-31,213.7470245361328,1477.86,분할매수,0.0,1599.8088336995465,1000000.0,1000000.0,3.1656771941935364,0.0,0.0,1596.643156505353,504360697.11526656,504360697.11526656
2016,QQQ,0,2015-12-31,103.79547882080078,1169.26,분할매수,100000000.0,0.0,0.0,0.0,0.0,8333333.333333333,91666666.66666667,68.6640197439669,8333333.333333333,100000000.0
2016,QQQ,1,2016-01-31,96.6227798461914,1210.04,분할매수,91666666.66666667,68.6640197439669,1000000.0,1000000.0,0.0,8333333.333333333,82333333.33333334,139.93939278679224,16361353.95399364,98694687.28732699
2016,QQQ,2,2016-02-29,95.11027526855469,1238.09,분할매수,82333333.33333334,139.93939278679224,1000000.0,1000000.0,0.0,8333333.333333333,73000000.00000001,210.70774760666734,24811907.825064894,97811907.82506491
2016,QQQ,3,2016-03-31,101.62783813476562,1138.86,분할매수,73000000.00000001,210.70774760666734,1000000.0,1000000.0,0.0,8333333.333333333,63666666.66666668,282.70828322313776,32720622.701227408,96387289.36789408
2016,QQQ,4,2016-04-30,98.38910675048828,1144.09,분할매수,63666666.66666668,282.70828322313776,1000000.0,1000000.0,0.0,8333333.333333333,54333333.33333334,356.73893049694345,40156672.00386261,94490005.33719596
2016,QQQ,5,2016-05-31,102.68878173828125,1188.99,분할매수,54333333.33333334,356.73893049694345,1000000.0,1000000.0,0.0,8333333.333333333,45000000.00000001,424.99127125425525,51889706.460205,96889706.46020502
2016,QQQ,6,2016-06-30,100.3494873046875,1154.15,분할매수,45000000.00000001,424.99127125425525,1000000.0,1000000.0,0.0,8333333.333333333,35666666.66666667,496.943017745363,57555125.71270924,93221792.3793759
2016,QQQ,7,2016-07-31,107.52534484863281,1112.89,분할매수,35666666.66666667,496.943017745363,1000000.0,1000000.0,0.0,8333333.333333333,26333333.33333334,566.5825218438637,67799463.48680542,94132796.82013877
2016,QQQ,8,2016-08-31,108.65442657470703,1115.98,분할매수,26333333.33333334,566.5825218438637,1000000.0,1000000.0,0.0,8333333.333333333,17000000.000000007,635.3075487158965,77034958.20366019,94034958.20366019
2016,QQQ,9,2016-09-30,111.05953216552734,1097.98,분할매수,17000000.000000007,635.3075487158965,1000000.0,1000000.0,0.0,8333333.333333333,7666666.666666674,703.6465275293812,85803463.33164425,93470129.99831092
2016,QQQ,10,2016-10-31,109.44116973876953,1145.37,분할매수,7666666.666666674,703.6465275293812,1000000.0,1000000.0,0.0,6666666.666666674,0.0,756.8306760993172,94869204.00779456,94869204.00779456
2016,QQQ,11,2016-11-30,109.91825103759766,1175.87,분할매수,0.0,756.8306760993172,1000000.0,1000000.0,7.7369694168529275,0.0,0.0,749.0937066824642,96820042.36061256,96820042.36061256
2016,QQQ,12,2016-12-31,111.16280364990234,1203.73,분할매수,0.0,749.0937066824642,1000000.0,1000000.0,7.473282921773574,0.0,0.0,741.6204237606906,99236230.1178192,99236230.1178192
2016,QQQ,13,2017-01-31,116.87664794921875,1151.45,분할매수,0.0,741.6204237606906,1000000.0,1000000.0,7.430656208912446,0.0,0.0,734.1897675517782,98805508.81511372,98805508.81511372
2016,QQQ,14,2017-02-28,121.9900894165039,1129.17,분할매수,0.0,734.1897675517782,1000000.0,1000000.0,7.259657288463132,0.0,0.0,726.9301102633151,100132841.1767501,100132841.1767501
2016,QQQ,15,2017-03-31,124.46266174316406,1117.48,분할매수,0.0,726.9301102633151,1000000.0,1000000.0,7.189871959814022,0.0,0.0,719.7402383035011,100104736.54138876,100104736.54138876
2016,QQQ,16,2017-04-30,127.85678100585938,1136.99,분할매수,0.0,719.7402383035011,1000000.0,1000000.0,6.878909388273054,0.0,0.0,712.861328915228,103629992.58726846,103629992.58726846
2016,QQQ,17,2017-05-31,132.83981323242188,1119.58,분할매수,0.0,712.861328915228,1000000.0,1000000.0,6.723828257181356,0.0,0.0,706.1375006580466,105020157.21532738,105020157.21532738
2016,QQQ,18,2017-06-30,129.76058959960938,1143.75,분할매수,0.0,706.1375006580466,1000000.0,1000000.0,6.737923606763131,0.0,0.0,699.3995770512835,103800461.07220145,103800461.07220145
2016,QQQ,19,2017-07-31,135.0306854248047,1121.86,분할매수,0.0,699.3995770512835,1000000.0,1000000.0,6.601290794258334,0.0,0.0,692.7982862570251,104948911.9400113,104948911.9400113
2016,QQQ,20,2017-08-31,137.83062744140625,1122.36,분할매수,0.0,692.7982862570251,1000000.0,1000000.0,6.464308679725856,0.0,0.0,686.3339775772993,106172834.80441807,106172834.80441807
2016,QQQ,21,2017-09-30,137.42367553710938,1142.57,분할매수,0.0,686.3339775772993,1000000.0,1000000.0,6.368770851011641,0.0,0.0,679.9652067262876,106765531.785192,106765531.785192
2016,QQQ,22,2017-10-31,143.75390625,1115.68,분할매수,0.0,679.9652067262876,1000000.0,1000000.0,6.2350608672292385,0.0,0.0,673.7301458590584,108055103.26292185,108055103.26292185
2016,QQQ,23,2017-11-30,146.5883331298828,1084.79,분할매수,0.0,673.7301458590584,1000000.0,1000000.0,6.288613743233513,0.0,0.0,667.4415321158249,106134922.47540015,106134922.47540015
2016,QQQ,24,2017-12-31,147.47250366210938,1067.42,분할매수,0.0,667.4415321158249,1000000.0,1000000.0,6.352630725360306,0.0,0.0,661.0889013904646,104065375.42806241,104065375.42806241
2016,QQQ,25,2018-01-31,160.38674926757812,1068.33,분할매수,0.0,661.0889013904646,1000000.0,1000000.0,5.836145232289653,0.0,0.0,655.2527561581749,112274922.9290691,112274922.9290691
2016,QQQ,26,2018-02-28,158.31326293945312,1082.12,분할매수,0.0,655.2527561581749,1000000.0,1000000.0,5.837236320435129,0.0,0.0,649.4155198377397,111253936.65564835,111253936.65564835
2016,QQQ,27,2018-03-31,151.85592651367188,1060.99,분할매수,0.0,649.4155198377397,1000000.0,1000000.0,6.206645823583529,0.0,0.0,643.2088740141561,103632282.60425963,103632282.60425963
2016,QQQ,28,2018-04-30,152.62408447265625,1069.07,분할매수,0.0,643.2088740141561,1000000.0,1000000.0,6.1287341845933945,0.0,0.0,637.0801398295627,103949709.78364095,103949709.78364095
2016,QQQ,29,2018-05-31,161.28233337402344,1080.75,분할매수,0.0,637.0801398295627,1000000.0,1000000.0,5.737041055114647,0.0,0.0,631.343098774448,110046815.54642133,110046815.54642133
2016,QQQ,30,2018-06-30,163.12913513183594,1111.79,분할매수,0.0,631.343098774448,1000000.0,1000000.0,5.51373263308745,0.0,0.0,625.8293661413605,113503756.49080457,113503756.49080457
2016,QQQ,31,2018-07-31,167.6908416748047,1112.75,분할매수,0.0,625.8293661413605,1000000.0,1000000.0,5.359114703004297,0.0,0.0,620.4702514383563,115778498.09606114,115778498.09606114
2016,QQQ,32,2018-08-31,177.38446044921875,1116.5,분할매수,0.0,620.4702514383563,1000000.0,1000000.0,5.049236363780962,0.0,0.0,615.4210150745753,121883978.23660935,121883978.23660935
2016,QQQ,33,2018-09-30,176.8848876953125,1109.76,분할매수,0.0,615.4210150745753,1000000.0,1000000.0,5.094249396606257,0.0,0.0,610.326765677969,119807005.53933679,119807005.53933679
2016,QQQ,34,2018-10-31,161.68038940429688,1140.78,분할매수,0.0,610.326765677969,1000000.0,1000000.0,5.421765814552934,0.0,0.0,604.904999863416,111569739.5560223,111569739.5560223
2016,QQQ,35,2018-11-30,161.25192260742188,1118.61,분할매수,0.0,604.904999863416,1000000.0,1000000.0,5.543912933446721,0.0,0.0,599.3610869299694,108111562.01858655,108111562.01858655
2016,QQQ,36,2018-12-31,147.28636169433594,1112.85,분할매수,0.0,599.3610869299694,1000000.0,1000000.0,6.100997339611204,0.0,0.0,593.2600895903581,97239853.8413663,97239853.8413663
2016,QQQ,37,2019-01-31,160.5580291748047,1111.82,분할매수,0.0,593.2600895903581,1000000.0,1000000.0,5.601875974242248,0.0,0.0,587.6582136161159,104903824.41849883,104903824.41849883
2016,QQQ,38,2019-02-28,165.36062622070312,1124.65,분할매수,0.0,587.6582136161159,1000000.0,1000000.0,5.377129601423112,0.0,0.0,582.2810840146927,108288460.04764068,108288460.04764068
2016,QQQ,39,2019-03-31,171.85032653808594,1136.3,분할매수,0.0,582.2810840146927,1000000.0,1000000.0,5.121021882753278,0.0,0.0,577.1600621319394,112704080.42498612,112704080.42498612
2016,QQQ,40,2019-04-30,181.30081176757812,1165.1,분할매수,0.0,577.1600621319394,1000000.0,1000000.0,4.734095875895419,0.0,0.0,572.425966256044,120915583.72754204,120915583.72754204
2016,QQQ,41,2019-05-31,166.38851928710938,1190.5,분할매수,0.0,572.425966256044,1000000.0,1000000.0,5.048324271018796,0.0,0.0,567.3776419850252,112389302.17739825,112389302.17739825
2016,QQQ,42,2019-06-30,179.0174560546875,1154.58,분할매수,0.0,567.3776419850252,1000000.0,1000000.0,4.838164032129153,0.0,0.0,562.539477952896,116271270.30361076,116271270.30361076
2016,QQQ,43,2019-07-31,183.19715881347656,1182.74,분할매수,0.0,562.539477952896,1000000.0,1000000.0,4.615215465287106,0.0,0.0,557.924262487609,120888020.65341954,120888020.65341954
2016,QQQ,44,2019-08-31,179.71728515625,1211.32,분할매수,0.0,557.924262487609,1000000.0,1000000.0,4.5935797715868,0.0,0.0,553.3306827160222,120457401.46684784,120457401.46684784
2016,QQQ,45,2019-09-30,181.3668212890625,1195.85,분할매수,0.0,553.3306827160222,1000000.0,1000000.0,4.610684981667132,0.0,0.0,548.7199977343552,119010515.77285358,119010515.77285358
2016,QQQ,46,2019-10-31,189.3108673095703,1169.1,분할매수,0.0,548.7199977343552,1000000.0,1000000.0,4.518276394706572,0.0,0.0,544.2017213396485,120444539.8641865,120444539.8641865
2016,QQQ,47,2019-11-30,197.0146942138672,1181.33,분할매수,0.0,544.2017213396485,1000000.0,1000000.0,4.2966516817430955,0.0,0.0,539.9050696579054,125657165.0785695,125657165.0785695
2016,QQQ,48,2019-12-31,204.6714324951172,1155.46,분할매수,0.0,539.9050696579054,1000000.0,1000000.0,4.228514802495237,0.0,0.0,535.6765548554101,126681962.78733815,126681962.78733815
2016,QQQ,49,2020-01-31,210.8902130126953,1191.3,분할매수,0.0,535.6765548554101,1000000.0,1000000.0,3.9803607288170673,0.0,0.0,531.696194126593,133579901.50923057,133579901.50923057
2016,QQQ,50,2020-02-29,198.11569213867188,1214.92,분할매수,0.0,531.696194126593,1000000.0,1000000.0,4.154640424762609,0.0,0.0,527.5415537018304,126976464.8121079,126976464.8121079
2016,QQQ,51,2020-03-31,183.68128967285156,1218.92,분할매수,0.0,527.5415537018304,1000000.0,1000000.0,4.466423264542408,0.0,0.0,523.075130437288,117112754.31279077,117112754.31279077
2016,QQQ,52,2020-04-30,211.1852569580078,1203.95,분할매수,0.0,523.075130437288,1000000.0,1000000.0,3.93303627981846,0.0,0.0,519.1420941574695,131995246.73121801,131995246.73121801
2016,QQQ,53,2020-05-31,225.12539672851562,1236.61,분할매수,0.0,519.1420941574695,1000000.0,1000000.0,3.5920531547728625,0.0,0.0,515.5500410026966,143525170.36605394,143525170.36605394
2016,QQQ,54,2020-06-30,239.2782440185547,1200.5,분할매수,0.0,515.5500410026966,1000000.0,1000000.0,3.481245272186915,0.0,0.0,512.0687957305097,147093570.17204034,147093570.17204034
2016,QQQ,55,2020-07-31,256.8569030761719,1192.68,분할매수,0.0,512.0687957305097,1000000.0,1000000.0,3.264260587394414,0.0,0.0,508.8045351431153,155871298.1150967,155871298.1150967
2016,QQQ,56,2020-08-31,284.96917724609375,1187.48,분할매수,0.0,508.8045351431153,1000000.0,1000000.0,2.95512467123774,0.0,0.0,505.84941047187755,171177011.71639735,171177011.71639735
2016,QQQ,57,2020-09-30,268.50189208984375,1165.97,분할매수,0.0,505.84941047187755,1000000.0,1000000.0,3.194223299599095,0.0,0.0,502.65518717227843,157363822.13333878,157363822.13333878
2016,QQQ,58,2020-10-31,260.3262023925781,1133.99,분할매수,0.0,502.65518717227843,1000000.0,1000000.0,3.3874499894640455,0.0,0.0,499.26773718281436,147387485.78892154,147387485.78892154
2016,QQQ,59,2020-11-30,289.5498962402344,1105.79,분할매수,0.0,499.26773718281436,1000000.0,1000000.0,3.1232297166645946,0.0,0.0,496.1445074661498,158856232.96258837,158856232.96258837
2016,QQQ,60,2020-12-31,303.74481201171875,1086.11,분할매수,0.0,496.1445074661498,1000000.0,1000000.0,3.0312190300273425,0.0,0.0,493.11328843612245,162678210.82915094,162678210.82915094
2016,QQQ,61,2021-01-31,304.53875732421875,1118.35,분할매수,0.0,493.11328843612245,1000000.0,1000000.0,2.9361597889621236,0.0,0.0,490.1771286471603,166944977.07171062,166944977.07171062
2016,QQQ,62,2021-02-28,304.1321105957031,1123.36,분할매수,0.0,490.1771286471603,1000000.0,1000000.0,2.9269733516931584,0.0,0.0,487.25015529546715,166468941.37714267,166468941.37714267
2016,QQQ,63,2021-03-31,309.3533935546875,1126.72,분할매수,0.0,487.25015529546715,1000000.0,1000000.0,2.8689905126039728,0.0,0.0,484.38116478286315,168833310.06320614,168833310.06320614
2016,QQQ,64,2021-04-30,327.6356201171875,1115.58,분할매수,0.0,484.38116478286315,1000000.0,1000000.0,2.7359500783031816,0.0,0.0,481.64521470456,176043129.7793537,176043129.7793537
2016,QQQ,65,2021-05-31,323.70001220703125,1114.48,분할매수,0.0,481.64521470456,1000000.0,1000000.0,2.771947528187385,0.0,0.0,478.87326717637256,172756974.0432693,172756974.0432693
2016,QQQ,66,2021-06-30,343.9705505371094,1130.42,분할매수,0.0,478.87326717637256,1000000.0,1000000.0,2.5718101489579706,0.0,0.0,476.3014570274146,185200862.20998833,185200862.20998833
2016,QQQ,67,2021-07-31,353.811279296875,1151.86,분할매수,0.0,476.3014570274146,1000000.0,1000000.0,2.4537404883342546,0.0,0.0,473.84771653908035,193112400.75789618,193112400.75789618
2016,QQQ,68,2021-08-31,368.7374267578125,1158.32,분할매수,0.0,473.84771653908035,1000000.0,1000000.0,2.341284684869393,0.0,0.0,471.506431854211,201387911.04786712,201387911.04786712
2016,QQQ,69,2021-09-30,347.7815246582031,1183.7,분할매수,0.0,471.506431854211,1000000.0,1000000.0,2.4291360838413016,0.0,0.0,469.0772957703697,193104576.92785856,193104576.92785856
2016,QQQ,70,2021-10-31,375.1310729980469,1174.94,분할매수,0.0,469.0772957703697,1000000.0,1000000.0,2.268826423209901,0.0,0.0,466.8084693471598,205748868.4774423,205748868.4774423
2016,QQQ,71,2021-11-30,382.6218566894531,1187.45,분할매수,0.0,466.8084693471598,1000000.0,1000000.0,2.200973904107376,0.0,0.0,464.6074954430524,211091778.3150537,211091778.3150537
2016,QQQ,72,2021-12-31,387.03094482421875,1188.59,분할매수,0.0,464.6074954430524,1000000.0,1000000.0,2.173813281002684,0.0,0.0,462.4336821620497,212729256.0972622,212729256.0972622
2016,QQQ,73,2022-01-31,353.1773376464844,1206.78,분할매수,0.0,462.4336821620497,1000000.0,1000000.0,2.3462758345368178,0.0,0.0,460.0874063275129,196092633.0805174,196092633.0805174
2016,QQQ,74,2022-02-28,337.3691711425781,1202.28,분할매수,0.0,460.0874063275129,1000000.0,1000000.0,2.4654090348902273,0.0,0.0,457.62199729262267,185617068.3308128,185617068.3308128
2016,QQQ,75,2022-03-31,353.1171875,1211.55,분할매수,0.0,457.62199729262267,1000000.0,1000000.0,2.3374363915648937,0.0,0.0,455.2845609010578,194779444.0713095,194779444.0713095
2016,QQQ,76,2022-04-30,305.1082458496094,1255.87,분할매수,0.0,455.2845609010578,1000000.0,1000000.0,2.6097647975925127,0.0,0.0,452.67479610346527,173454250.17651173,173454250.17651173
2016,QQQ,77,2022-05-31,300.2674255371094,1236.93,분할매수,0.0,452.67479610346527,1000000.0,1000000.0,2.692443860908648,0.0,0.0,449.9823522425566,167127849.45150027,167127849.45150027
2016,QQQ,78,2022-06-30,273.52001953125,1298.95,분할매수,0.0,449.9823522425566,1000000.0,1000000.0,2.8146114297285263,0.0,0.0,447.1677408128281,158873703.16546968,158873703.16546968
2016,QQQ,79,2022-07-31,307.85137939453125,1299.08,분할매수,0.0,447.1677408128281,1000000.0,1000000.0,2.500477779142669,0.0,0.0,444.6672630336854,177832919.26959136,177832919.26959136
2016,QQQ,80,2022-08-31,292.0519714355469,1338.66,분할매수,0.0,444.6672630336854,1000000.0,1000000.0,2.5578175990969676,0.0,0.0,442.10944543458845,172846353.70038673,172846353.70038673
2016,QQQ,81,2022-09-30,261.2827453613281,1431.67,분할매수,0.0,442.10944543458845,1000000.0,1000000.0,2.6732916676119927,0.0,0.0,439.4361537669765,164380175.60557377,164380175.60557377
2016,QQQ,82,2022-10-31,271.73370361328125,1424.6,분할매수,0.0,439.4361537669765,1000000.0,1000000.0,2.5832328328339322,0.0,0.0,436.85292093414256,169110935.48423722,169110935.48423722
2016,QQQ,83,2022-11-30,286.7989807128906,1316.84,분할매수,0.0,436.85292093414256,1000000.0,1000000.0,2.647825658871779,0.0,0.0,434.20509527527076,163985530.47494927,163985530.47494927
2016,QQQ,84,2022-12-31,260.9478759765625,1260.18,분할매수,0.0,434.20509527527076,1000000.0,1000000.0,3.040980610364887,0.0,0.0,431.16411466490587,141784565.54287946,141784565.54287946
2016,QQQ,85,2023-01-31,288.72039794921875,1231.95,분할매수,0.0,431.16411466490587,1000000.0,1000000.0,2.8114440846116757,0.0,0.0,428.3526705802942,152360373.41978985,152360373.41978985
2016,QQQ,86,2023-02-28,287.6815490722656,1323.45,분할매수,0.0,428.3526705802942,1000000.0,1000000.0,2.62651843347536,0.0,0.0,425.72615214681883,162087631.566136,162087631.566136
2016,QQQ,87,2023-03-31,314.9903564453125,1303.8,분할매수,0.0,425.72615214681883,1000000.0,1000000.0,2.4349596305709547,0.0,0.0,423.29119251624786,173839100.73983184,173839100.73983184
2016,QQQ,88,2023-04-30,316.5902099609375,1338.41,분할매수,0.0,423.29119251624786,1000000.0,1000000.0,2.360007299793776,0.0,0.0,420.9311852164541,178360120.01032206,178360120.01032206
2016,QQQ,89,2023-05-31,341.5495910644531,1324.55,분할매수,0.0,420.9311852164541,1000000.0,1000000.0,2.2104356349401457,0.0,0.0,418.7207495815139,189429062.29108635,189429062.29108635
2016,QQQ,90,2023-06-30,363.080322265625,1317.8,분할매수,0.0,418.7207495815139,1000000.0,1000000.0,2.0900072110586057,0.0,0.0,416.6307423704553,199344165.0181812,199344165.0181812
2016,QQQ,91,2023-07-31,377.0955810546875,1273.85,분할매수,0.0,416.6307423704553,1000000.0,1000000.0,2.081758110659668,0.0,0.0,414.54898425979565,199134079.09261528,199134079.09261528
2016,QQQ,92,2023-08-31,371.5032043457031,1322.43,분할매수,0.0,414.54898425979565,1000000.0,1000000.0,2.0354701744075046,0.0,0.0,412.5135140853881,202662519.5849233,202662519.5849233
2016,QQQ,93,2023-09-30,352.63140869140625,1347.86,분할매수,0.0,412.5135140853881,1000000.0,1000000.0,2.103944226181571,0.0,0.0,410.40956985920656,195066753.5536601,195066753.5536601
2016,QQQ,94,2023-10-31,345.34783935546875,1351.03,분할매수,0.0,410.40956985920656,1000000.0,1000000.0,2.1432768053146183,0.0,0.0,408.26629305389196,190486964.65222156,190486964.65222156
2016,QQQ,95,2023-11-30,382.7104187011719,1289.95,분할매수,0.0,408.26629305389196,1000000.0,1000000.0,2.0256146893424662,0.0,0.0,406.24067836454947,200551803.1153393,200551803.1153393
2016,QQQ,96,2023-12-31,404.0923156738281,1290.97,분할매수,0.0,406.24067836454947,1000000.0,1000000.0,1.9169167754875625,0.0,0.0,404.3237615890619,210924003.98354453,210924003.98354453
2016,QQQ,97,2024-01-31,411.4435729980469,1334.9,분할매수,0.0,404.3237615890619,1000000.0,1000000.0,1.8207108663647984,0.0,0.0,402.50305072269714,221069175.86883423,221069175.86883423
2016,QQQ,98,2024-02-29,433.1816101074219,1336.19,분할매수,0.0,402.50305072269714,1000000.0,1000000.0,1.7276738968300585,0.0,0.0,400.77537682586706,231973972.38055807,231973972.38055807
2016,QQQ,99,2024-03-31,438.70458984375,1347.08,분할매수,0.0,400.77537682586706,1000000.0,1000000.0,1.6921327602076635,0.0,0.0,399.0832440656594,235846296.13617477,235846296.13617477
2016,QQQ,100,2024-04-30,419.5166320800781,1381.92,분할매수,0.0,399.0832440656594,1000000.0,1000000.0,1.7249158555823825,0.0,0.0,397.35832821007705,230363891.04088628,230363891.04088628
2016,QQQ,101,2024-05-31,445.3244934082031,1385.43,분할매수,0.0,397.35832821007705,1000000.0,1000000.0,1.620835088433788,0.0,0.0,395.73749312164324,244156543.71355206,244156543.71355206
2016,QQQ,102,2024-06-30,474.1375427246094,1376.55,분할매수,0.0,395.73749312164324,1000000.0,1000000.0,1.5321583933728045,0.0,0.0,394.20533472827043,257287586.21390945,257287586.21390945
2016,QQQ,103,2024-07-31,466.1809997558594,1369.29,분할매수,0.0,394.20533472827043,1000000.0,1000000.0,1.566570682133304,0.0,0.0,392.6387640461371,250635843.32591665,250635843.32591665
2016,QQQ,104,2024-08-31,471.3270263671875,1336.0,분할매수,0.0,392.6387640461371,1000000.0,1000000.0,1.5880756929666378,0.0,0.0,391.0506883531705,246241844.82205638,246241844.82205638
2016,QQQ,105,2024-09-30,483.6833190917969,1314.94,분할매수,0.0,391.0506883531705,1000000.0,1000000.0,1.572291089963802,0.0,0.0,389.47839726320666,247713925.07997572,247713925.07997572
2016,QQQ,106,2024-10-31,479.50128173828125,1377.57,분할매수,0.0,389.47839726320666,1000000.0,1000000.0,1.5138977768444202,0.0,0.0,387.96449948636223,256268623.56257522,256268623.56257522
2016,QQQ,107,2024-11-30,505.1585388183594,1396.99,분할매수,0.0,387.96449948636223,1000000.0,1000000.0,1.4170298677830875,0.0,0.0,386.54746961857916,272787100.96867913,272787100.96867913
2016,QQQ,108,2024-12-31,507.4521179199219,1477.86,분할매수,0.0,386.54746961857916,1000000.0,1000000.0,1.3334343418930037,0.0,0.0,385.21403527668616,288888641.28834337,288888641.28834337
2016,QQQ,109,2025-01-31,518.4302978515625,1453.86,분할매수,0.0,385.21403527668616,1000000.0,1000000.0,1.3267437107264872,0.0,0.0,383.8872915659597,289345476.7957814,289345476.7957814
2016,QQQ,110,2025-02-28,504.4147033691406,1459.04,분할매수,0.0,383.8872915659597,1000000.0,1000000.0,1.3587672296616473,0.0,0.0,382.52852433629806,281526162.8230122,281526162.8230122
2016,QQQ,111,2025-03-31,466.1488952636719,1474.44,분할매수,0.0,382.52852433629806,1000000.0,1000000.0,1.4549505611758422,0.0,0.0,381.0735737751222,261915135.7742021,261915135.7742021
2016,QQQ,112,2025-04-30,472.6601867675781,1425.68,분할매수,0.0,381.0735737751222,1000000.0,1000000.0,1.483982981972438,0.0,0.0,379.5895907931498,255791067.28610715,255791067.28610715
2016,QQQ,113,2025-05-31,516.0422973632812,1381.13,분할매수,0.0,379.5895907931498,1000000.0,1000000.0,1.4030725922893774,0.0,0.0,378.1865182008604,269541661.83502865,269541661.83502865
2016,QQQ,114,2025-06-30,548.9959106445312,1353.5,분할매수,0.0,378.1865182008604,1000000.0,1000000.0,1.3457755394876534,0.0,0.0,376.84074266137276,280017530.1186101,280017530.1186101
2016,QQQ,115,2025-07-31,562.3018188476562,1396.19,분할매수,0.0,376.84074266137276,1000000.0,1000000.0,1.273755254543594,0.0,0.0,375.5669874068292,294850196.7447433,294850196.7447433
2016,QQQ,116,2025-08-31,567.666015625,1389.76,분할매수,0.0,375.5669874068292,1000000.0,1000000.0,1.2675564138954651,0.0,0.0,374.2994309929337,295292128.1370298,295292128.1370298
2016,QQQ,117,2025-09-30,598.18505859375,1404.63,분할매수,0.0,374.2994309929337,1000000.0,1000000.0,1.1901521873374437,0.0,0.0,373.10927880559626,313497116.39844984,313497116.39844984
2016,QQQ,118,2025-10-31,626.7805786132812,1428.37,분할매수,0.0,373.10927880559626,1000000.0,1000000.0,1.1169757612266702,0.0,0.0,371.9923030443696,333035251.0387917,333035251.0387917
2016,QQQ,119,2025-11-30,616.996337890625,1467.65,분할매수,0.0,371.9923030443696,1000000.0,1000000.0,1.1043199418763154,0.0,0.0,370.88798310249325,335851929.3533078,335851929.3533078
2016,QQQ,120,2025-12-31,612.8628540039062,1444.55,분할매수,0.0,370.88798310249325,1000000.0,1000000.0,1.129546520507703,0.0,0.0,369.75843658198556,327351224.4681948,327351224.4681948
2016,SPY,0,2015-12-31,171.87423706054688,1169.26,분할매수,100000000.0,0.0,0.0,0.0,0.0,8333333.333333333,91666666.66666667,41.466452034782264,8333333.333333333,100000000.0
2016,SPY,1,2016-01-31,163.3172607421875,1210.04,분할매수,91666666.66666667,41.466452034782264,1000000.0,1000000.0,0.0,8333333.333333333,82333333.33333334,83.63483427849143,16527950.92523941,98861284.25857276
2016,SPY,2,2016-02-29,163.1823272705078,1238.09,분할매수,82333333.33333334,83.63483427849143,1000000.0,1000000.0,0.0,8333333.333333333,73000000.00000001,124.88193388667024,25230447.529032163,98230447.52903217
2016,SPY,3,2016-03-31,174.15895080566406,1138.86,분할매수,73000000.00000001,124.88193388667024,1000000.0,1000000.0,0.0,8333333.333333333,63666666.66666668,166.89676427808706,33102748.62535647,96769415.29202315
2016,SPY,4,2016-04-30,174.84535217285156,1144.09,분할매수,63666666.66666668,166.89676427808706,1000000.0,1000000.0,0.0,8333333.333333333,54333333.33333334,208.5553452292665,41719164.94900872,96052498.28234206
2016,SPY,5,2016-05-31,177.8197479248047,1188.99,분할매수,54333333.33333334,208.5553452292665,1000000.0,1000000.0,0.0,8333333.333333333,45000000.00000001,247.97025726771005,52427335.33310328,97427335.33310328
2016,SPY,6,2016-06-30,178.43783569335938,1154.15,분할매수,45000000.00000001,247.97025726771005,1000000.0,1000000.0,0.0,8333333.333333333,35666666.66666667,288.43432612958213,59401326.955481574,95067993.62214825
2016,SPY,7,2016-07-31,184.94561767578125,1112.89,분할매수,35666666.66666667,288.43432612958213,1000000.0,1000000.0,0.0,8333333.333333333,26333333.33333334,328.921966698638,67700077.12551756,94033410.4588509
2016,SPY,8,2016-08-31,185.1671600341797,1115.98,분할매수,26333333.33333334,328.921966698638,1000000.0,1000000.0,0.0,8333333.333333333,17000000.000000007,369.24919526731986,76302705.05663571,93302705.05663571
2016,SPY,9,2016-09-30,185.1779327392578,1097.98,분할매수,17000000.000000007,369.24919526731986,1000000.0,1000000.0,0.0,8333333.333333333,7666666.666666674,410.2351534936829,83409695.10175046,91076361.76841713
2016,SPY,10,2016-10-31,181.96746826171875,1145.37,분할매수,7666666.666666674,410.2351534936829,1000000.0,1000000.0,0.0,6666666.666666674,0.0,442.22183488600075,92167909.81682526,92167909.81682526
2016,SPY,11,2016-11-30,188.67086791992188,1175.87,분할매수,0.0,442.22183488600075,1000000.0,1000000.0,4.507501110308179,0.0,0.0,437.7143337756926,97107981.35461046,97107981.35461046
2016,SPY,12,2016-12-31,192.49554443359375,1203.73,분할매수,0.0,437.7143337756926,1000000.0,1000000.0,4.315689926734243,0.0,0.0,433.39864384895833,100423953.34386745,100423953.34386745
2016,SPY,13,2017-01-31,195.94024658203125,1151.45,분할매수,0.0,433.39864384895833,1000000.0,1000000.0,4.432321612891038,0.0,0.0,428.9663222360673,96781407.05955419,96781407.05955419
2016,SPY,14,2017-02-28,203.63900756835938,1129.17,분할매수,0.0,428.9663222360673,1000000.0,1000000.0,4.348902758502708,0.0,0.0,424.61741947756457,97637827.98945749,97637827.98945749
2016,SPY,15,2017-03-31,203.8935546875,1117.48,분할매수,0.0,424.61741947756457,1000000.0,1000000.0,4.388910689612172,0.0,0.0,420.2285087879524,95747792.22155604,95747792.22155604
2016,SPY,16,2017-04-30,205.9174346923828,1136.99,분할매수,0.0,420.2285087879524,1000000.0,1000000.0,4.271203225358132,0.0,0.0,415.9573055625943,97386446.7729037,97386446.7729037
2016,SPY,17,2017-05-31,208.8235321044922,1119.58,분할매수,0.0,415.9573055625943,1000000.0,1000000.0,4.277257840097791,0.0,0.0,411.6800477224965,96248592.69954234,96248592.69954234
2016,SPY,18,2017-06-30,210.15472412109375,1143.75,분할매수,0.0,411.6800477224965,1000000.0,1000000.0,4.16034873138002,0.0,0.0,407.5196989911165,97953254.71572646,97953254.71572646
2016,SPY,19,2017-07-31,214.47430419921875,1121.86,분할매수,0.0,407.5196989911165,1000000.0,1000000.0,4.156100769112103,0.0,0.0,403.3635982220044,97053373.01245894,97053373.01245894
2016,SPY,20,2017-08-31,215.10008239746094,1122.36,분할매수,0.0,403.3635982220044,1000000.0,1000000.0,4.142163551826052,0.0,0.0,399.2214346701783,96379930.3613165,96379930.3613165
2016,SPY,21,2017-09-30,219.43421936035156,1142.57,분할매수,0.0,399.2214346701783,1000000.0,1000000.0,3.9885296903595093,0.0,0.0,395.23290497981884,99092381.31914073,99092381.31914073
2016,SPY,22,2017-10-31,224.60499572753906,1115.68,분할매수,0.0,395.23290497981884,1000000.0,1000000.0,3.990625197215137,0.0,0.0,391.2422797826037,98040347.17558359,98040347.17558359
2016,SPY,23,2017-11-30,231.47019958496094,1084.79,분할매수,0.0,391.2422797826037,1000000.0,1000000.0,3.9825316951001892,0.0,0.0,387.2597480875035,97239589.72227618,97239589.72227618
2016,SPY,24,2017-12-31,234.27752685546875,1067.42,분할매수,0.0,387.2597480875035,1000000.0,1000000.0,3.9988400530097943,0.0,0.0,383.2609080344937,95843020.21433088,95843020.21433088
2016,SPY,25,2018-01-31,247.48110961914062,1068.33,분할매수,0.0,383.2609080344937,1000000.0,1000000.0,3.782269941737877,0.0,0.0,379.47863809275583,100330924.005491,100330924.005491
2016,SPY,26,2018-02-28,238.4827117919922,1082.12,분할매수,0.0,379.47863809275583,1000000.0,1000000.0,3.8749640235674403,0.0,0.0,375.6036740691884,96930880.3345723,96930880.3345723
2016,SPY,27,2018-03-31,231.94573974609375,1060.99,분할매수,0.0,375.6036740691884,1000000.0,1000000.0,4.0635191364766685,0.0,0.0,371.54015493271174,91433100.83064131,91433100.83064131
2016,SPY,28,2018-04-30,233.1444854736328,1069.07,분할매수,0.0,371.54015493271174,1000000.0,1000000.0,4.01207192183675,0.0,0.0,367.528083010875,91605556.9718248,91605556.9718248
2016,SPY,29,2018-05-31,238.81192016601562,1080.75,분할매수,0.0,367.528083010875,1000000.0,1000000.0,3.874527567083869,0.0,0.0,363.6535554437911,93857521.76167685,93857521.76167685
2016,SPY,30,2018-06-30,240.18536376953125,1111.79,분할매수,0.0,363.6535554437911,1000000.0,1000000.0,3.74481784263424,0.0,0.0,359.9087376011569,96108476.49347453,96108476.49347453
2016,SPY,31,2018-07-31,249.08338928222656,1112.75,분할매수,0.0,359.9087376011569,1000000.0,1000000.0,3.607926075553593,0.0,0.0,356.30081152560325,98755019.93785535,98755019.93785535
2016,SPY,32,2018-08-31,257.0340576171875,1116.5,분할매수,0.0,356.30081152560325,1000000.0,1000000.0,3.4845812900164477,0.0,0.0,352.81623023558683,101250681.46535376,101250681.46535376
2016,SPY,33,2018-09-30,258.5623474121094,1109.76,분할매수,0.0,352.81623023558683,1000000.0,1000000.0,3.485023018353097,0.0,0.0,349.3312072172337,100237847.89298633,100237847.89298633
2016,SPY,34,2018-10-31,240.6945037841797,1140.78,분할매수,0.0,349.3312072172337,1000000.0,1000000.0,3.6419328001848617,0.0,0.0,345.68927441704886,94919179.83755822,94919179.83755822
2016,SPY,35,2018-11-30,245.1592254638672,1118.61,분할매수,0.0,345.68927441704886,1000000.0,1000000.0,3.646473501435471,0.0,0.0,342.0428009156134,93800983.54779345,93800983.54779345
2016,SPY,36,2018-12-31,223.5733642578125,1112.85,분할매수,0.0,342.0428009156134,1000000.0,1000000.0,4.01923415090694,0.0,0.0,338.02356676470646,84101486.52036893,84101486.52036893
2016,SPY,37,2019-01-31,241.4739532470703,1111.82,분할매수,0.0,338.02356676470646,1000000.0,1000000.0,3.7247336783597245,0.0,0.0,334.29883308634675,89751069.99691941,89751069.99691941
2016,SPY,38,2019-02-28,249.301513671875,1124.65,분할매수,0.0,334.29883308634675,1000000.0,1000000.0,3.5666270335265797,0.0,0.0,330.7322060528202,92729686.3237762,92729686.3237762
2016,SPY,39,2019-03-31,253.8138885498047,1136.3,분할매수,0.0,330.7322060528202,1000000.0,1000000.0,3.46730152470418,0.0,0.0,327.264904528116,94386052.72612895,94386052.72612895
2016,SPY,40,2019-04-30,264.18280029296875,1165.1,분할매수,0.0,327.264904528116,1000000.0,1000000.0,3.2488694356088517,0.0,0.0,324.01603509250714,99731934.91285537,99731934.91285537
2016,SPY,41,2019-05-31,247.33560180664062,1190.5,분할매수,0.0,324.01603509250714,1000000.0,1000000.0,3.3961273435785695,0.0,0.0,320.6199077489286,94407504.58169945,94407504.58169945
2016,SPY,42,2019-06-30,264.5469055175781,1154.58,분할매수,0.0,320.6199077489286,1000000.0,1000000.0,3.273959358218613,0.0,0.0,317.34594839070996,96930326.14900276,96930326.14900276
2016,SPY,43,2019-07-31,268.5466613769531,1182.74,분할매수,0.0,317.34594839070996,1000000.0,1000000.0,3.148407640658817,0.0,0.0,314.19754075005113,99795698.84549768,99795698.84549768
2016,SPY,44,2019-08-31,264.0502014160156,1211.32,분할매수,0.0,314.19754075005113,1000000.0,1000000.0,3.126472471034344,0.0,0.0,311.0710682790168,99495860.3221297,99495860.3221297
2016,SPY,45,2019-09-30,269.1881103515625,1195.85,분할매수,0.0,311.0710682790168,1000000.0,1000000.0,3.1064718200148884,0.0,0.0,307.96459645900194,99136452.63890596,99136452.63890596
2016,SPY,46,2019-10-31,275.138427734375,1169.1,분할매수,0.0,307.96459645900194,1000000.0,1000000.0,3.108830816799036,0.0,0.0,304.8557656422029,98061227.38968903,98061227.38968903
2016,SPY,47,2019-11-30,285.0979309082031,1181.33,분할매수,0.0,304.8557656422029,1000000.0,1000000.0,2.9691675226316336,0.0,0.0,301.8865981195713,101673817.93668655,101673817.93668655
2016,SPY,48,2019-12-31,293.3815612792969,1155.46,분할매수,0.0,301.8865981195713,1000000.0,1000000.0,2.949933793315662,0.0,0.0,298.93666432625565,101336736.77816927,101336736.77816927
2016,SPY,49,2020-01-31,293.2631530761719,1191.3,분할매수,0.0,298.93666432625565,1000000.0,1000000.0,2.862340915190148,0.0,0.0,296.0743234110655,103437826.6543407,103437826.6543407
2016,SPY,50,2020-02-29,270.0467224121094,1214.92,분할매수,0.0,296.0743234110655,1000000.0,1000000.0,3.0479890886549805,0.0,0.0,293.02633432241055,96137592.95041224,96137592.95041224
2016,SPY,51,2020-03-31,236.32566833496094,1218.92,분할매수,0.0,293.02633432241055,1000000.0,1000000.0,3.4714738827826745,0.0,0.0,289.5548604396279,83409776.42831223,83409776.42831223
2016,SPY,52,2020-04-30,266.3350830078125,1203.95,분할매수,0.0,289.5548604396279,1000000.0,1000000.0,3.118625109386225,0.0,0.0,286.43623533024163,91846959.88887711,91846959.88887711
2016,SPY,53,2020-05-31,279.02471923828125,1236.61,분할매수,0.0,286.43623533024163,1000000.0,1000000.0,2.8981747342878825,0.0,0.0,283.53806059595377,97833321.51835303,97833321.51835303
2016,SPY,54,2020-06-30,283.97308349609375,1200.5,분할매수,0.0,283.53806059595377,1000000.0,1000000.0,2.9333282065736306,0.0,0.0,280.60473238938016,95660871.4158003,95660871.4158003
2016,SPY,55,2020-07-31,300.69683837890625,1192.68,분할매수,0.0,280.60473238938016,1000000.0,1000000.0,2.7883494546597523,0.0,0.0,277.8163829347204,99634707.71945295,99634707.71945295
2016,SPY,56,2020-08-31,321.6845703125,1187.48,분할매수,0.0,277.8163829347204,1000000.0,1000000.0,2.6178422092305405,0.0,0.0,275.19854072548986,105124189.59215218,105124189.59215218
2016,SPY,57,2020-09-30,309.63946533203125,1165.97,분할매수,0.0,275.19854072548986,1000000.0,1000000.0,2.769850409023746,0.0,0.0,272.42869031646615,98355019.25625132,98355019.25625132
2016,SPY,58,2020-10-31,301.9190368652344,1133.99,분할매수,0.0,272.42869031646615,1000000.0,1000000.0,2.92078962859694,0.0,0.0,269.5079006878692,92272273.92523055,92272273.92523055
2016,SPY,59,2020-11-30,334.7608642578125,1105.79,분할매수,0.0,269.5079006878692,1000000.0,1000000.0,2.701423424747133,0.0,0.0,266.8064772631221,98765145.37445995,98765145.37445995
2016,SPY,60,2020-12-31,347.1632080078125,1086.11,분할매수,0.0,266.8064772631221,1000000.0,1000000.0,2.6521158728930745,0.0,0.0,264.154361390229,99601365.11760886,99601365.11760886
2016,SPY,61,2021-01-31,343.6254577636719,1118.35,분할매수,0.0,264.154361390229,1000000.0,1000000.0,2.602177554757404,0.0,0.0,261.55218383547157,100512812.18581393,100512812.18581393
2016,SPY,62,2021-02-28,353.18011474609375,1123.36,분할매수,0.0,261.55218383547157,1000000.0,1000000.0,2.52048896849073,0.0,0.0,259.03169486698084,102770414.03680062,102770414.03680062
2016,SPY,63,2021-03-31,369.2143859863281,1126.72,분할매수,0.0,259.03169486698084,1000000.0,1000000.0,2.403839029130101,0.0,0.0,256.62785583785075,106757504.44517867,106757504.44517867
2016,SPY,64,2021-04-30,388.7495422363281,1115.58,분할매수,0.0,256.62785583785075,1000000.0,1000000.0,2.3058411731057307,0.0,0.0,254.322014664745,110294680.15015079,110294680.15015079
2016,SPY,65,2021-05-31,391.3021545410156,1114.48,분할매수,0.0,254.322014664745,1000000.0,1000000.0,2.293060332785506,0.0,0.0,252.0289543319595,109909430.08717358,109909430.08717358
2016,SPY,66,2021-06-30,400.0780334472656,1130.42,분할매수,0.0,252.0289543319595,1000000.0,1000000.0,2.211136025618865,0.0,0.0,249.81781830634065,112981659.839955,112981659.839955
2016,SPY,67,2021-07-31,409.8449401855469,1151.86,분할매수,0.0,249.81781830634065,1000000.0,1000000.0,2.1182671203578685,0.0,0.0,247.69955118598278,116934993.13917284,116934993.13917284
2016,SPY,68,2021-08-31,422.04180908203125,1158.32,분할매수,0.0,247.69955118598278,1000000.0,1000000.0,2.0455776452195393,0.0,0.0,245.65397354076325,120090270.8899122,120090270.8899122
2016,SPY,69,2021-09-30,402.3724365234375,1183.7,분할매수,0.0,245.65397354076325,1000000.0,1000000.0,2.099568892292591,0.0,0.0,243.55440464847067,116002101.9279464,116002101.9279464
2016,SPY,70,2021-10-31,430.6042175292969,1174.94,분할매수,0.0,243.55440464847067,1000000.0,1000000.0,1.9765419286148647,0.0,0.0,241.5778627198558,122222483.22814508,122222483.22814508
2016,SPY,71,2021-11-30,427.14447021484375,1187.45,분할매수,0.0,241.5778627198558,1000000.0,1000000.0,1.9715594615822167,0.0,0.0,239.60630325827358,121531360.28978027,121531360.28978027
2016,SPY,72,2021-12-31,446.89892578125,1188.59,분할매수,0.0,239.60630325827358,1000000.0,1000000.0,1.8826024397958006,0.0,0.0,237.7237008184778,126273978.93113476,126273978.93113476
2016,SPY,73,2022-01-31,423.32891845703125,1206.78,분할매수,0.0,237.7237008184778,1000000.0,1000000.0,1.9574647903722322,0.0,0.0,235.76623602810557,120444688.04124552,120444688.04124552
2016,SPY,74,2022-02-28,410.8334655761719,1202.28,분할매수,0.0,235.76623602810557,1000000.0,1000000.0,2.024550267495494,0.0,0.0,233.74168576061007,115453634.08030586,115453634.08030586
2016,SPY,75,2022-03-31,426.27691650390625,1211.55,분할매수,0.0,233.74168576061007,1000000.0,1000000.0,1.9362741274356114,0.0,0.0,231.80541163317446,119717248.88984393,119717248.88984393
2016,SPY,76,2022-04-30,388.86297607421875,1255.87,분할매수,0.0,231.80541163317446,1000000.0,1000000.0,2.047664109121917,0.0,0.0,229.75774752405255,112204802.78016773,112204802.78016773
2016,SPY,77,2022-05-31,389.7406921386719,1236.93,분할매수,0.0,229.75774752405255,1000000.0,1000000.0,2.074336097885777,0.0,0.0,227.68341142616677,109762063.94818477,109762063.94818477
2016,SPY,78,2022-06-30,357.6025695800781,1298.95,분할매수,0.0,227.68341142616677,1000000.0,1000000.0,2.15281611129428,0.0,0.0,225.5305953148725,104760733.68815638,104760733.68815638
2016,SPY,79,2022-07-31,390.53326416015625,1299.08,분할매수,0.0,225.5305953148725,1000000.0,1000000.0,1.9710882634027371,0.0,0.0,223.55950705146975,113419328.39959872,113419328.39959872
2016,SPY,80,2022-08-31,374.5987548828125,1338.66,분할매수,0.0,223.55950705146975,1000000.0,1000000.0,1.9941755348933263,0.0,0.0,221.56533151657644,111106232.94675438,111106232.94675438
2016,SPY,81,2022-09-30,339.9686279296875,1431.67,분할매수,0.0,221.56533151657644,1000000.0,1000000.0,2.0545571816987933,0.0,0.0,219.51077433487765,106840917.49316852,106840917.49316852
2016,SPY,82,2022-10-31,367.5997619628906,1424.6,분할매수,0.0,219.51077433487765,1000000.0,1000000.0,1.909553535108804,0.0,0.0,217.60122079976884,113953977.6177944,113953977.6177944
2016,SPY,83,2022-11-30,388.0351867675781,1316.84,분할매수,0.0,217.60122079976884,1000000.0,1000000.0,1.9570227803199693,0.0,0.0,215.64419801944888,110189927.36721823,110189927.36721823
2016,SPY,84,2022-12-31,365.6734924316406,1260.18,분할매수,0.0,215.64419801944888,1000000.0,1000000.0,2.1700709720132982,0.0,0.0,213.4741270474356,98371956.40167636,98371956.40167636
2016,SPY,85,2023-01-31,388.6696472167969,1231.95,분할매수,0.0,213.4741270474356,1000000.0,1000000.0,2.0884606264823358,0.0,0.0,211.38566642095324,101216017.07042818,101216017.07042818
2016,SPY,86,2023-02-28,378.8974914550781,1323.45,분할매수,0.0,211.38566642095324,1000000.0,1000000.0,1.9942092746703648,0.0,0.0,209.39145714628287,104999740.90276682,104999740.90276682
2016,SPY,87,2023-03-31,392.9461364746094,1303.8,분할매수,0.0,209.39145714628287,1000000.0,1000000.0,1.9518929715015818,0.0,0.0,207.43956417478128,106276095.66891316,106276095.66891316
2016,SPY,88,2023-04-30,399.223388671875,1338.41,분할매수,0.0,207.43956417478128,1000000.0,1000000.0,1.8715216286216885,0.0,0.0,205.5680425461596,109840057.0970443,109840057.0970443
2016,SPY,89,2023-05-31,401.0663146972656,1324.55,분할매수,0.0,205.5680425461596,1000000.0,1000000.0,1.8824153500848693,0.0,0.0,203.68562719607473,108204401.959903,108204401.959903
2016,SPY,90,2023-06-30,427.05535888671875,1317.8,분할매수,0.0,203.68562719607473,1000000.0,1000000.0,1.7769136388004667,0.0,0.0,201.90871355727427,113628883.89644861,113628883.89644861
2016,SPY,91,2023-07-31,441.03424072265625,1273.85,분할매수,0.0,201.90871355727427,1000000.0,1000000.0,1.7799565472926073,0.0,0.0,200.12875700998165,112434630.67364556,112434630.67364556
2016,SPY,92,2023-08-31,433.8665771484375,1322.43,분할매수,0.0,200.12875700998165,1000000.0,1000000.0,1.7428945486247591,0.0,0.0,198.3858624613569,113825510.91108431,113825510.91108431
2016,SPY,93,2023-09-30,413.28631591796875,1347.86,분할매수,0.0,198.3858624613569,1000000.0,1000000.0,1.7951642425872565,0.0,0.0,196.59069821876966,109511260.05909963,109511260.05909963
2016,SPY,94,2023-10-31,404.314453125,1351.03,분할매수,0.0,196.59069821876966,1000000.0,1000000.0,1.8306939268066638,0.0,0.0,194.76000429196299,106385890.85816705,106385890.85816705
2016,SPY,95,2023-11-30,441.24603271484375,1289.95,분할매수,0.0,194.76000429196299,1000000.0,1000000.0,1.7568970334210112,0.0,0.0,193.00310725854197,109854535.34674618,109854535.34674618
2016,SPY,96,2023-12-31,461.391357421875,1290.97,분할매수,0.0,193.00310725854197,1000000.0,1000000.0,1.6788596628447634,0.0,0.0,191.32424759569722,113960834.14828467,113960834.14828467
2016,SPY,97,2024-01-31,468.7396545410156,1334.9,분할매수,0.0,191.32424759569722,1000000.0,1000000.0,1.5981574782424401,0.0,0.0,189.7260901174548,118715516.27446902,118715516.27446902
2016,SPY,98,2024-02-29,493.20166015625,1336.19,분할매수,0.0,189.7260901174548,1000000.0,1000000.0,1.517425063273937,0.0,0.0,188.20866505418084,124031604.33379765,124031604.33379765
2016,SPY,99,2024-03-31,509.3302917480469,1347.08,분할매수,0.0,188.20866505418084,1000000.0,1000000.0,1.4574951079000344,0.0,0.0,186.7511699462808,128131592.98719893,128131592.98719893
2016,SPY,100,2024-04-30,488.7943420410156,1381.92,분할매수,0.0,186.7511699462808,1000000.0,1000000.0,1.4804403981720522,0.0,0.0,185.27072954810876,125145686.2274689,125145686.2274689
2016,SPY,101,2024-05-31,513.5173950195312,1385.43,분할매수,0.0,185.27072954810876,1000000.0,1000000.0,1.4055951592984768,0.0,0.0,183.86513438881028,130809453.32835107,130809453.32835107
2016,SPY,102,2024-06-30,531.6343994140625,1376.55,분할매수,0.0,183.86513438881028,1000000.0,1000000.0,1.3664537443388227,0.0,0.0,182.49868064447145,133556427.65117958,133556427.65117958
2016,SPY,103,2024-07-31,538.072021484375,1369.29,분할매수,0.0,182.49868064447145,1000000.0,1000000.0,1.3572634473177667,0.0,0.0,181.1414171971537,133460764.41911598,133460764.41911598
2016,SPY,104,2024-08-31,550.644287109375,1336.0,분할매수,0.0,181.1414171971537,1000000.0,1000000.0,1.359322182277177,0.0,0.0,179.78209501487652,132258634.01544745,132258634.01544745
2016,SPY,105,2024-09-30,562.2105102539062,1314.94,분할매수,0.0,179.78209501487652,1000000.0,1000000.0,1.352680106653817,0.0,0.0,178.4294149082227,131908064.61226906,131908064.61226906
2016,SPY,106,2024-10-31,557.193603515625,1377.57,분할매수,0.0,178.4294149082227,1000000.0,1000000.0,1.3028073542794676,0.0,0.0,177.12660755394322,135957635.61827996,135957635.61827996
2016,SPY,107,2024-11-30,590.4208984375,1396.99,분할매수,0.0,177.12660755394322,1000000.0,1000000.0,1.212397358165418,0.0,0.0,175.9142101957778,145096167.53204462,145096167.53204462
2016,SPY,108,2024-12-31,576.2152709960938,1477.86,분할매수,0.0,175.9142101957778,1000000.0,1000000.0,1.1743077890508546,0.0,0.0,174.73990240672694,148802472.4318333,148802472.4318333
2016,SPY,109,2025-01-31,591.6903076171875,1453.86,분할매수,0.0,174.73990240672694,1000000.0,1000000.0,1.16247321997647,0.0,0.0,173.57742918675046,149317357.3411557,149317357.3411557
2016,SPY,110,2025-02-28,584.178955078125,1459.04,분할매수,0.0,173.57742918675046,1000000.0,1000000.0,1.17324008874272,0.0,0.0,172.40418909800775,146947066.29293698,146947066.29293698
2016,SPY,111,2025-03-31,551.62890625,1474.44,분할매수,0.0,172.40418909800775,1000000.0,1000000.0,1.2294924886478034,0.0,0.0,171.17469660935996,139223865.28576356,139223865.28576356
2016,SPY,112,2025-04-30,546.84619140625,1425.68,분할매수,0.0,171.17469660935996,1000000.0,1000000.0,1.2826635431349616,0.0,0.0,169.892033066225,132452531.27799313,132452531.27799313
2016,SPY,113,2025-05-31,581.2128295898438,1381.13,분할매수,0.0,169.892033066225,1000000.0,1000000.0,1.2457481442786047,0.0,0.0,168.6462849219464,135377512.45827228,135377512.45827228
2016,SPY,114,2025-06-30,611.0791015625,1353.5,분할매수,0.0,168.6462849219464,1000000.0,1000000.0,1.209050131046895,0.0,0.0,167.4372347908995,138486594.138093,138486594.138093
2016,SPY,115,2025-07-31,625.1531372070312,1396.19,분할매수,0.0,167.4372347908995,1000000.0,1000000.0,1.145695116554182,0.0,0.0,166.29153967434533,145144670.05365917,145144670.05365917
2016,SPY,116,2025-08-31,637.98095703125,1389.76,분할매수,0.0,166.29153967434533,1000000.0,1000000.0,1.1278529415740959,0.0,0.0,165.16368673277123,146440799.72186744,146440799.72186744
2016,SPY,117,2025-09-30,660.7061157226562,1404.63,분할매수,0.0,165.16368673277123,1000000.0,1000000.0,1.077530900617204,0.0,0.0,164.08615583215402,152279768.253668,152279768.253668
2016,SPY,118,2025-10-31,676.4556274414062,1428.37,분할매수,0.0,164.08615583215402,1000000.0,1000000.0,1.0349514225592045,0.0,0.0,163.05120440959482,157544789.88627845,157544789.88627845
2016,SPY,119,2025-11-30,677.7747192382812,1467.65,분할매수,0.0,163.05120440959482,1000000.0,1000000.0,1.0052917889339752,0.0,0.0,162.04591262066083,161192913.74347788,161192913.74347788
2016,SPY,120,2025-12-31,678.3152465820312,1444.55,분할매수,0.0,162.04591262066083,1000000.0,1000000.0,1.0205536552167347,0.0,0.0,161.0253589654441,157782354.844682,157782354.844682
2016,SOXX,0,2015-12-31,26.996599197387695,1169.26,분할매수,100000000.0,0.0,0.0,0.0,0.0,8333333.333333333,91666666.66666667,263.99676325807746,8333333.333333333,100000000.0
2016,SOXX,1,2016-01-31,24.950218200683594,1210.04,분할매수,91666666.66666667,263.99676325807746,1000000.0,1000000.0,0.0,8333333.333333333,82333333.33333334,540.0193864904222,16303596.78995876,98636930.1232921
2016,SOXX,2,2016-02-29,25.382936477661133,1238.09,분할매수,82333333.33333334,540.0193864904222,1000000.0,1000000.0,0.0,8333333.333333333,73000000.00000001,805.1895614678001,25304176.884915892,98304176.8849159
2016,SOXX,3,2016-03-31,27.614622116088867,1138.86,분할매수,73000000.00000001,805.1895614678001,1000000.0,1000000.0,0.0,8333333.333333333,63666666.66666668,1070.1672514932557,33655891.66489351,97322558.3315602
2016,SOXX,4,2016-04-30,26.336669921875,1144.09,분할매수,63666666.66666668,1070.1672514932557,1000000.0,1000000.0,0.0,8333333.333333333,54333333.33333334,1346.732560586504,40579100.01444518,94912433.34777853
2016,SOXX,5,2016-05-31,28.62432098388672,1188.99,분할매수,54333333.33333334,1346.732560586504,1000000.0,1000000.0,0.0,8333333.333333333,45000000.00000001,1591.5855206654442,54168071.596667625,99168071.59666763
2016,SOXX,6,2016-06-30,28.312902450561523,1154.15,분할매수,45000000.00000001,1591.5855206654442,1000000.0,1000000.0,0.0,8333333.333333333,35666666.66666667,1846.6042664004408,60342108.74310082,96008775.4097675
2016,SOXX,7,2016-07-31,31.445337295532227,1112.89,분할매수,35666666.66666667,1846.6042664004408,1000000.0,1000000.0,0.0,8333333.333333333,26333333.33333334,2084.732152353916,72955621.5842645,99288954.91759785
2016,SOXX,8,2016-08-31,32.92689514160156,1115.98,분할매수,26333333.33333334,2084.732152353916,1000000.0,1000000.0,0.0,8333333.333333333,17000000.000000007,2311.5157088963456,84938393.24662687,101938393.24662688
2016,SOXX,9,2016-09-30,34.30694580078125,1097.98,분할매수,17000000.000000007,2311.5157088963456,1000000.0,1000000.0,0.0,8333333.333333333,7666666.666666674,2532.744816837591,95404293.78120248,103070960.44786915
2016,SOXX,10,2016-10-31,33.812042236328125,1145.37,분할매수,7666666.666666674,2532.744816837591,1000000.0,1000000.0,0.0,6666666.666666674,0.0,2704.8886758323206,104753032.01357642,104753032.01357642
2016,SOXX,11,2016-11-30,36.24713897705078,1175.87,분할매수,0.0,2704.8886758323206,1000000.0,1000000.0,23.462104062069354,0.0,0.0,2681.426571770251,114287557.70055814,114287557.70055814
2016,SOXX,12,2016-12-31,37.34818649291992,1203.73,분할매수,0.0,2681.426571770251,1000000.0,1000000.0,22.243411529787917,0.0,0.0,2659.183160240463,119549249.74882293,119549249.74882293
2016,SOXX,13,2017-01-31,38.9124755859375,1151.45,분할매수,0.0,2659.183160240463,1000000.0,1000000.0,22.318554054540574,0.0,0.0,2636.8646061859226,118146749.10131414,118146749.10131414
2016,SOXX,14,2017-02-28,40.008094787597656,1129.17,분할매수,0.0,2636.8646061859226,1000000.0,1000000.0,22.13567645383919,0.0,0.0,2614.7289297320835,118122838.26901472,118122838.26901472
2016,SOXX,15,2017-03-31,41.7696647644043,1117.48,분할매수,0.0,2614.7289297320835,1000000.0,1000000.0,21.42393545072434,0.0,0.0,2593.304994281359,121047087.74193399,121047087.74193399
2016,SOXX,16,2017-04-30,41.531654357910156,1136.99,분할매수,0.0,2593.304994281359,1000000.0,1000000.0,21.176984755678646,0.0,0.0,2572.12800952568,121458651.41806647,121458651.41806647
2016,SOXX,17,2017-05-31,45.15664291381836,1119.58,분할매수,0.0,2572.12800952568,1000000.0,1000000.0,19.779860331856664,0.0,0.0,2552.3481491938237,129037723.5416123,129037723.5416123
2016,SOXX,18,2017-06-30,42.885135650634766,1143.75,분할매수,0.0,2552.3481491938237,1000000.0,1000000.0,20.387412249628017,0.0,0.0,2531.9607369441956,124192354.86791086,124192354.86791086
2016,SOXX,19,2017-07-31,44.95904541015625,1121.86,분할매수,0.0,2531.9607369441956,1000000.0,1000000.0,19.8264178544101,0.0,0.0,2512.1343190897855,126706414.51910073,126706414.51910073
2016,SOXX,20,2017-08-31,46.26515579223633,1122.36,분할매수,0.0,2512.1343190897855,1000000.0,1000000.0,19.25811566057791,0.0,0.0,2492.8762034292076,129445489.2350771,129445489.2350771
2016,SOXX,21,2017-09-30,48.66284942626953,1142.57,분할매수,0.0,2492.8762034292076,1000000.0,1000000.0,17.985381236782988,0.0,0.0,2474.890822192425,137605691.51188615,137605691.51188615
2016,SOXX,22,2017-10-31,53.00526428222656,1115.68,분할매수,0.0,2474.890822192425,1000000.0,1000000.0,16.90991201549886,0.0,0.0,2457.980910176926,145357403.8660906,145357403.8660906
2016,SOXX,23,2017-11-30,52.9561653137207,1084.79,분할매수,0.0,2457.980910176926,1000000.0,1000000.0,17.40755586922057,0.0,0.0,2440.5733543077054,140201954.40665174,140201954.40665174
2016,SOXX,24,2017-12-31,52.20765686035156,1067.42,분할매수,0.0,2440.5733543077054,1000000.0,1000000.0,17.944462828807705,0.0,0.0,2422.6288914788975,135007044.4900504,135007044.4900504
2016,SOXX,25,2018-01-31,56.71483612060547,1068.33,분할매수,0.0,2422.6288914788975,1000000.0,1000000.0,16.50432983831426,0.0,0.0,2406.124561640583,145787474.2696213,145787474.2696213
2016,SOXX,26,2018-02-28,56.84088897705078,1082.12,분할매수,0.0,2406.124561640583,1000000.0,1000000.0,16.257872546818856,0.0,0.0,2389.8666890937643,146997504.26825583,146997504.26825583
2016,SOXX,27,2018-03-31,55.464744567871094,1060.99,분할매수,0.0,2389.8666890937643,1000000.0,1000000.0,16.99306396208408,0.0,0.0,2372.8736251316805,139637774.00156766,139637774.00156766
2016,SOXX,28,2018-04-30,51.97453308105469,1069.07,분할매수,0.0,2372.8736251316805,1000000.0,1000000.0,17.997130295352274,0.0,0.0,2354.876494836328,130847332.66861278,130847332.66861278
2016,SOXX,29,2018-05-31,57.73817443847656,1080.75,분할매수,0.0,2354.876494836328,1000000.0,1000000.0,16.02550439168117,0.0,0.0,2338.850990444647,145945546.12950236,145945546.12950236
2016,SOXX,30,2018-06-30,55.09607696533203,1111.79,분할매수,0.0,2338.850990444647,1000000.0,1000000.0,16.325126675528914,0.0,0.0,2322.525863769118,142266942.85016143,142266942.85016143
2016,SOXX,31,2018-07-31,57.340240478515625,1112.75,분할매수,0.0,2322.525863769118,1000000.0,1000000.0,15.672666310412998,0.0,0.0,2306.853197458705,147189581.6429155,147189581.6429155
2016,SOXX,32,2018-08-31,58.83015060424805,1116.5,분할매수,0.0,2306.853197458705,1000000.0,1000000.0,15.224439490134282,0.0,0.0,2291.6287579685704,150523029.72819382,150523029.72819382
2016,SOXX,33,2018-09-30,57.4536018371582,1109.76,분할매수,0.0,2291.6287579685704,1000000.0,1000000.0,15.683885841737188,0.0,0.0,2275.944872126833,145113583.14469492,145113583.14469492
2016,SOXX,34,2018-10-31,50.59517288208008,1140.78,분할매수,0.0,2275.944872126833,1000000.0,1000000.0,17.325629268998846,0.0,0.0,2258.6192428578343,130362898.09682323,130362898.09682323
2016,SOXX,35,2018-11-30,52.23759841918945,1118.61,분할매수,0.0,2258.6192428578343,1000000.0,1000000.0,17.113470878057015,0.0,0.0,2241.5057719797774,130979027.45455617,130979027.45455617
2016,SOXX,36,2018-12-31,48.82014083862305,1112.85,분할매수,0.0,2241.5057719797774,1000000.0,1000000.0,18.406208696293913,0.0,0.0,2223.0995632834833,120779873.78960364,120779873.78960364
2016,SOXX,37,2019-01-31,53.729835510253906,1111.82,분할매수,0.0,2223.0995632834833,1000000.0,1000000.0,16.739790054528942,0.0,0.0,2206.3597732289545,131803312.11095594,131803312.11095594
2016,SOXX,38,2019-02-28,57.167877197265625,1124.65,분할매수,0.0,2206.3597732289545,1000000.0,1000000.0,15.55358641519988,0.0,0.0,2190.8061868137547,140855371.12345806,140855371.12345806
2016,SOXX,39,2019-03-31,59.13294219970703,1136.3,분할매수,0.0,2190.8061868137547,1000000.0,1000000.0,14.8825553071194,0.0,0.0,2175.9236315066355,146206319.1840271,146206319.1840271
2016,SOXX,40,2019-04-30,66.00276947021484,1165.1,분할매수,0.0,2175.9236315066355,1000000.0,1000000.0,13.003930474049385,0.0,0.0,2162.919701032586,166328150.19650432,166328150.19650432
2016,SOXX,41,2019-05-31,55.0709342956543,1190.5,분할매수,0.0,2162.919701032586,1000000.0,1000000.0,15.252750131792792,0.0,0.0,2147.6669509007934,140805227.4077579,140805227.4077579
2016,SOXX,42,2019-06-30,62.15456008911133,1154.58,분할매수,0.0,2147.6669509007934,1000000.0,1000000.0,13.934871645222737,0.0,0.0,2133.7320792555706,153121760.54288048,153121760.54288048
2016,SOXX,43,2019-07-31,65.65373229980469,1182.74,분할매수,0.0,2133.7320792555706,1000000.0,1000000.0,12.878085234997833,0.0,0.0,2120.853994020573,164687059.86328483,164687059.86328483
2016,SOXX,44,2019-08-31,64.13441467285156,1211.32,분할매수,0.0,2120.853994020573,1000000.0,1000000.0,12.872116942352083,0.0,0.0,2107.981877078221,163763418.75379482,163763418.75379482
2016,SOXX,45,2019-09-30,66.52364349365234,1195.85,분할매수,0.0,2107.981877078221,1000000.0,1000000.0,12.570346949952903,0.0,0.0,2095.4115301282677,166694804.72343835,166694804.72343835
2016,SOXX,46,2019-10-31,70.59542846679688,1169.1,분할매수,0.0,2095.4115301282677,1000000.0,1000000.0,12.116348630542843,0.0,0.0,2083.295181497725,171940841.66959035,171940841.66959035
2016,SOXX,47,2019-11-30,73.4651870727539,1181.33,분할매수,0.0,2083.295181497725,1000000.0,1000000.0,11.52251223948843,0.0,0.0,2071.7726692582364,179802166.94048116,179802166.94048116
2016,SOXX,48,2019-12-31,79.29229736328125,1155.46,분할매수,0.0,2071.7726692582364,1000000.0,1000000.0,10.914757305976153,0.0,0.0,2060.85791195226,188813901.59943172,188813901.59943172
2016,SOXX,49,2020-01-31,76.75342559814453,1191.3,분할매수,0.0,2060.85791195226,1000000.0,1000000.0,10.936568829676977,0.0,0.0,2049.921343122583,187437337.52765396,187437337.52765396
2016,SOXX,50,2020-02-29,73.19461822509766,1214.92,분할매수,0.0,2049.921343122583,1000000.0,1000000.0,11.24535496322758,0.0,0.0,2038.6759881593555,181290496.81631622,181290496.81631622
2016,SOXX,51,2020-03-31,65.02436065673828,1218.92,분할매수,0.0,2038.6759881593555,1000000.0,1000000.0,12.61678511207264,0.0,0.0,2026.0592030472828,160584426.62296,160584426.62296
2016,SOXX,52,2020-04-30,74.47651672363281,1203.95,분할매수,0.0,2026.0592030472828,1000000.0,1000000.0,11.152498987846242,0.0,0.0,2014.9067040594366,180668629.1794547,180668629.1794547
2016,SOXX,53,2020-05-31,79.80622863769531,1236.61,분할매수,0.0,2014.9067040594366,1000000.0,1000000.0,10.132823030760244,0.0,0.0,2004.7738810286764,197849491.19734725,197849491.19734725
2016,SOXX,54,2020-06-30,86.01689910888672,1200.5,분할매수,0.0,2004.7738810286764,1000000.0,1000000.0,9.683983779423661,0.0,0.0,1995.0898972492528,206019541.40902022,206019541.40902022
2016,SOXX,55,2020-07-31,92.21562194824219,1192.68,분할매수,0.0,1995.0898972492528,1000000.0,1000000.0,9.092254084479634,0.0,0.0,1985.997643164773,218427424.56514126,218427424.56514126
2016,SOXX,56,2020-08-31,97.56009674072266,1187.48,분할매수,0.0,1985.997643164773,1000000.0,1000000.0,8.631802082569505,0.0,0.0,1977.3658410822036,229079145.02293405,229079145.02293405
2016,SOXX,57,2020-09-30,97.08108520507812,1165.97,분할매수,0.0,1977.3658410822036,1000000.0,1000000.0,8.834419165052333,0.0,0.0,1968.5314219171512,222825223.15721363,222825223.15721363
2016,SOXX,58,2020-10-31,97.35835266113281,1133.99,분할매수,0.0,1968.5314219171512,1000000.0,1000000.0,9.05769220049674,0.0,0.0,1959.4737297166544,216332558.70730442,216332558.70730442
2016,SOXX,59,2020-11-30,115.3110580444336,1105.79,분할매수,0.0,1959.4737297166544,1000000.0,1000000.0,7.8425335412860235,0.0,0.0,1951.6311961753684,248852132.5285067,248852132.5285067
2016,SOXX,60,2020-12-31,121.09300994873047,1086.11,분할매수,0.0,1951.6311961753684,1000000.0,1000000.0,7.603387303956039,0.0,0.0,1944.0278088714124,255679177.07676628,255679177.07676628
2016,SOXX,61,2021-01-31,125.00192260742188,1118.35,분할매수,0.0,1944.0278088714124,1000000.0,1000000.0,7.1532856038069825,0.0,0.0,1936.8745232676054,270767117.4539431,270767117.4539431
2016,SOXX,62,2021-02-28,133.14227294921875,1123.36,분할매수,0.0,1936.8745232676054,1000000.0,1000000.0,6.685980067708036,0.0,0.0,1930.1885431998974,288691938.0035736,288691938.0035736
2016,SOXX,63,2021-03-31,135.6584930419922,1126.72,분할매수,0.0,1930.1885431998974,1000000.0,1000000.0,6.5423987193747735,0.0,0.0,1923.6461444805227,294027653.61637217,294027653.61637217
2016,SOXX,64,2021-04-30,135.03143310546875,1115.58,분할매수,0.0,1923.6461444805227,1000000.0,1000000.0,6.638415070470187,0.0,0.0,1917.0077294100524,288774912.24336386,288774912.24336386
2016,SOXX,65,2021-05-31,138.43898010253906,1114.48,분할매수,0.0,1917.0077294100524,1000000.0,1000000.0,6.481407534546334,0.0,0.0,1910.526321875506,294770281.2533039,294770281.2533039
2016,SOXX,66,2021-06-30,145.50448608398438,1130.42,분할매수,0.0,1910.526321875506,1000000.0,1000000.0,6.0797228774334595,0.0,0.0,1904.4465989980727,313245626.0575532,313245626.0575532
2016,SOXX,67,2021-07-31,146.3662109375,1151.86,분할매수,0.0,1904.4465989980727,1000000.0,1000000.0,5.931430865630563,0.0,0.0,1898.515168132442,320077096.2590682,320077096.2590682
2016,SOXX,68,2021-08-31,149.9796600341797,1158.32,분할매수,0.0,1898.515168132442,1000000.0,1000000.0,5.75624247854322,0.0,0.0,1892.7589256538988,328818484.05609816,328818484.05609816
2016,SOXX,69,2021-09-30,143.17877197265625,1183.7,분할매수,0.0,1892.7589256538988,1000000.0,1000000.0,5.900376425926623,0.0,0.0,1886.8585492279722,319786131.0910601,319786131.0910601
2016,SOXX,70,2021-10-31,152.4142303466797,1174.94,분할매수,0.0,1886.8585492279722,1000000.0,1000000.0,5.584172085829073,0.0,0.0,1881.274377142143,336894054.8799068,336894054.8799068
2016,SOXX,71,2021-11-30,169.9507293701172,1187.45,분할매수,0.0,1881.274377142143,1000000.0,1000000.0,4.955205104654725,0.0,0.0,1876.3191720374884,378656207.44435936,378656207.44435936
2016,SOXX,72,2021-12-31,174.482666015625,1188.59,분할매수,0.0,1876.3191720374884,1000000.0,1000000.0,4.821871577446907,0.0,0.0,1871.4973004600415,388126740.91394305,388126740.91394305
2016,SOXX,73,2022-01-31,154.2616729736328,1206.78,분할매수,0.0,1871.4973004600415,1000000.0,1000000.0,5.371726084985697,0.0,0.0,1866.1255743750557,347397753.50626886,347397753.50626886
2016,SOXX,74,2022-02-28,152.5532989501953,1202.28,분할매수,0.0,1866.1255743750557,1000000.0,1000000.0,5.452212494597611,0.0,0.0,1860.673361880458,341269413.7882792,341269413.7882792
2016,SOXX,75,2022-03-31,152.55787658691406,1211.55,분할매수,0.0,1860.673361880458,1000000.0,1000000.0,5.410333330638028,0.0,0.0,1855.26302854982,342911039.8880051,342911039.8880051
2016,SOXX,76,2022-04-30,129.1881103515625,1255.87,분할매수,0.0,1855.26302854982,1000000.0,1000000.0,6.163576178230568,0.0,0.0,1849.0994523715895,300004315.4982838,300004315.4982838
2016,SOXX,77,2022-05-31,137.36270141601562,1236.93,분할매수,0.0,1849.0994523715895,1000000.0,1000000.0,5.885536453376521,0.0,0.0,1843.213915918213,313176875.29753804,313176875.29753804
2016,SOXX,78,2022-06-30,112.86425018310547,1298.95,분할매수,0.0,1843.213915918213,1000000.0,1000000.0,6.821048932529606,0.0,0.0,1836.3928669856834,269224408.9069526,269224408.9069526
2016,SOXX,79,2022-07-31,131.49794006347656,1299.08,분할매수,0.0,1836.3928669856834,1000000.0,1000000.0,5.853898038880756,0.0,0.0,1830.5389689468027,312704279.57381964,312704279.57381964
2016,SOXX,80,2022-08-31,119.34664154052734,1338.66,분할매수,0.0,1830.5389689468027,1000000.0,1000000.0,6.259209834029034,0.0,0.0,1824.2797591127737,291455280.69610834,291455280.69610834
2016,SOXX,81,2022-09-30,103.45382690429688,1431.67,분할매수,0.0,1824.2797591127737,1000000.0,1000000.0,6.751659237423661,0.0,0.0,1817.52809987535,269197250.03314793,269197250.03314793
2016,SOXX,82,2022-10-31,105.96935272216797,1424.6,분할매수,0.0,1817.52809987535,1000000.0,1000000.0,6.624098448555965,0.0,0.0,1810.9040014267941,273381202.8143341,273381202.8143341
2016,SOXX,83,2022-11-30,125.94734954833984,1316.84,분할매수,0.0,1810.9040014267941,1000000.0,1000000.0,6.029453599405849,0.0,0.0,1804.8745478273884,299342969.9840867,299342969.9840867
2016,SOXX,84,2022-12-31,113.2634506225586,1260.18,분할매수,0.0,1804.8745478273884,1000000.0,1000000.0,7.0061209224944765,0.0,0.0,1797.8684269048938,256613958.96443883,256613958.96443883
2016,SOXX,85,2023-01-31,131.39312744140625,1231.95,분할매수,0.0,1797.8684269048938,1000000.0,1000000.0,6.177806029337729,0.0,0.0,1791.690620875556,290020536.8001216,290020536.8001216
2016,SOXX,86,2023-02-28,133.39492797851562,1323.45,분할매수,0.0,1791.690620875556,1000000.0,1000000.0,5.664389966391735,0.0,0.0,1786.0262309091643,315307780.9801429,315307780.9801429
2016,SOXX,87,2023-03-31,145.09959411621094,1303.8,분할매수,0.0,1786.0262309091643,1000000.0,1000000.0,5.285947260122633,0.0,0.0,1780.7402836490417,336881961.93007964,336881961.93007964
2016,SOXX,88,2023-04-30,134.4848175048828,1338.41,분할매수,0.0,1780.7402836490417,1000000.0,1000000.0,5.5556844290169,0.0,0.0,1775.1845992200247,319525815.7479889,319525815.7479889
2016,SOXX,89,2023-05-31,155.55125427246094,1324.55,분할매수,0.0,1775.1845992200247,1000000.0,1000000.0,4.85353455180569,0.0,0.0,1770.331064668219,364750893.55438745,364750893.55438745
2016,SOXX,90,2023-06-30,165.74713134765625,1317.8,분할매수,0.0,1770.331064668219,1000000.0,1000000.0,4.578302415002063,0.0,0.0,1765.7527622532168,385678490.01569754,385678490.01569754
2016,SOXX,91,2023-07-31,174.90919494628906,1273.85,분할매수,0.0,1765.7527622532168,1000000.0,1000000.0,4.488167615176432,0.0,0.0,1761.2645946380403,392423979.14962983,392423979.14962983
2016,SOXX,92,2023-08-31,166.861328125,1322.43,분할매수,0.0,1761.2645946380403,1000000.0,1000000.0,4.531809141396855,0.0,0.0,1756.7327854966434,387644918.5490542,387644918.5490542
2016,SOXX,93,2023-09-30,155.3162384033203,1347.86,분할매수,0.0,1756.7327854966434,1000000.0,1000000.0,4.77681422054513,0.0,0.0,1751.9559712760984,366762425.8320361,366762425.8320361
2016,SOXX,94,2023-10-31,145.06565856933594,1351.03,분할매수,0.0,1751.9559712760984,1000000.0,1000000.0,5.10235172925037,0.0,0.0,1746.853619546848,342362446.2289849,342362446.2289849
2016,SOXX,95,2023-11-30,168.4327850341797,1289.95,분할매수,0.0,1746.853619546848,1000000.0,1000000.0,4.602570964602793,0.0,0.0,1742.2510485822452,378538660.6706244,378538660.6706244
2016,SOXX,96,2023-12-31,189.28341674804688,1290.97,분할매수,0.0,1742.2510485822452,1000000.0,1000000.0,4.092335990489086,0.0,0.0,1738.158712591756,424735094.2423533,424735094.2423533
2016,SOXX,97,2024-01-31,192.5525665283203,1334.9,분할매수,0.0,1738.158712591756,1000000.0,1000000.0,3.8904689652283744,0.0,0.0,1734.2682436265277,445773571.03392917,445773571.03392917
2016,SOXX,98,2024-02-29,214.2506866455078,1336.19,분할매수,0.0,1734.2682436265277,1000000.0,1000000.0,3.493088270039858,0.0,0.0,1730.7751553564879,495485662.41549313,495485662.41549313
2016,SOXX,99,2024-03-31,222.9123077392578,1347.08,분할매수,0.0,1730.7751553564879,1000000.0,1000000.0,3.330217232313631,0.0,0.0,1727.4449381241743,518718395.11323744,518718395.11323744
2016,SOXX,100,2024-04-30,211.1411590576172,1381.92,분할매수,0.0,1727.4449381241743,1000000.0,1000000.0,3.4272374632459965,0.0,0.0,1724.0177006609283,503034213.1671497,503034213.1671497
2016,SOXX,101,2024-05-31,230.8945770263672,1385.43,분할매수,0.0,1724.0177006609283,1000000.0,1000000.0,3.1260914567629303,0.0,0.0,1720.8916092041654,550493046.3506495,550493046.3506495
2016,SOXX,102,2024-06-30,243.6568145751953,1376.55,분할매수,0.0,1720.8916092041654,1000000.0,1000000.0,2.9814631573724157,0.0,0.0,1717.910146046793,576197006.4257978,576197006.4257978
2016,SOXX,103,2024-07-31,232.5424346923828,1369.29,분할매수,0.0,1717.910146046793,1000000.0,1000000.0,3.1405256754587687,0.0,0.0,1714.7696203713342,546013565.1082808,546013565.1082808
2016,SOXX,104,2024-08-31,228.35354614257812,1336.0,분할매수,0.0,1714.7696203713342,1000000.0,1000000.0,3.277825138500936,0.0,0.0,1711.4917952328333,522142494.7688205,522142494.7688205
2016,SOXX,105,2024-09-30,228.36485290527344,1314.94,분할매수,0.0,1711.4917952328333,1000000.0,1000000.0,3.3301576985124117,0.0,0.0,1708.1616375343208,512937161.59368676,512937161.59368676
2016,SOXX,106,2024-10-31,216.1538543701172,1377.57,분할매수,0.0,1708.1616375343208,1000000.0,1000000.0,3.3583297717868055,0.0,0.0,1704.803307762534,507634277.63542426,507634277.63542426
2016,SOXX,107,2024-11-30,213.32142639160156,1396.99,분할매수,0.0,1704.803307762534,1000000.0,1000000.0,3.355615746527089,0.0,0.0,1701.4476920160068,507044852.7299136,507044852.7299136
2016,SOXX,108,2024-12-31,213.7470245361328,1477.86,분할매수,0.0,1701.4476920160068,1000000.0,1000000.0,3.1656771941935364,0.0,0.0,1698.2820148218134,536467210.85042745,536467210.85042745
2016,SOXX,109,2025-01-31,216.3656768798828,1453.86,분할매수,0.0,1698.2820148218134,1000000.0,1000000.0,3.1789891402529213,0.0,0.0,1695.1030256815604,533220766.38069224,533220766.38069224
2016,SOXX,110,2025-02-28,206.8334197998047,1459.04,분할매수,0.0,1695.1030256815604,1000000.0,1000000.0,3.3136916159916243,0.0,0.0,1691.7893340655687,510545195.54599524,510545195.54599524
2016,SOXX,111,2025-03-31,186.8865966796875,1474.44,분할매수,0.0,1691.7893340655687,1000000.0,1000000.0,3.629064945293071,0.0,0.0,1688.1602691202756,465177750.8996731,465177750.8996731
2016,SOXX,112,2025-04-30,182.58612060546875,1425.68,분할매수,0.0,1688.1602691202756,1000000.0,1000000.0,3.841582652027667,0.0,0.0,1684.318686468248,438443953.71247053,438443953.71247053
2016,SOXX,113,2025-05-31,203.54222106933594,1381.13,분할매수,0.0,1684.318686468248,1000000.0,1000000.0,3.5572216913454118,0.0,0.0,1680.7614647769026,472492751.538689,472492751.538689
2016,SOXX,114,2025-06-30,237.59132385253906,1353.5,분할매수,0.0,1680.7614647769026,1000000.0,1000000.0,3.1096475066686824,0.0,0.0,1677.651817270234,539499031.2157524,539499031.2157524
2016,SOXX,115,2025-07-31,238.91513061523438,1396.19,분할매수,0.0,1677.651817270234,1000000.0,1000000.0,2.9978632770232414,0.0,0.0,1674.6539539932107,558615853.7743841,558615853.7743841
2016,SOXX,116,2025-08-31,244.18057250976562,1389.76,분할매수,0.0,1674.6539539932107,1000000.0,1000000.0,2.9467893029334875,0.0,0.0,1671.7071646902773,567297825.8154109,567297825.8154109
2016,SOXX,117,2025-09-30,270.42822265625,1404.63,분할매수,0.0,1671.7071646902773,1000000.0,1000000.0,2.6326070885836765,0.0,0.0,1669.0745576016936,634000631.8602005,634000631.8602005
2016,SOXX,118,2025-10-31,305.767822265625,1428.37,분할매수,0.0,1669.0745576016936,1000000.0,1000000.0,2.289641561140062,0.0,0.0,1666.7849160405535,727967619.1808054,727967619.1808054
2016,SOXX,119,2025-11-30,295.98284912109375,1467.65,분할매수,0.0,1666.7849160405535,1000000.0,1000000.0,2.302029871056863,0.0,0.0,1664.4828861694966,723050081.6244106,723050081.6244106
2016,SOXX,120,2025-12-31,300.82171630859375,1444.55,분할매수,0.0,1664.4828861694966,1000000.0,1000000.0,2.301220512878101,0.0,0.0,1662.1816656566186,722304384.2842134,722304384.2842134
