자치구,동,법정동코드,단지기본일련번호,아파트,면적일련번호,공급면적_㎡,전용면적_㎡,주택형,시작가격_만원,종료가격_만원,연평균상승률,준공연도,세대수
강남구,개포동,1168010300,12616,LG개포자이,12415,160.71,134.3,,120000,298500,0.0954090104004601,2004,212
강남구,개포동,1168010300,12616,LG개포자이,60517,183.14,153.8,,132500,315000,0.0904593171268532,2004,212
강남구,개포동,1168010300,12616,LG개포자이,132966,204.52,168.42,B,140000,325000,0.0878663229744429,2004,212
강남구,개포동,1168010300,12616,LG개포자이,101406,201.74,170.32,A,140000,325000,0.0878663229744429,2004,212
강남구,개포동,1168010300,141,개포6차우성,138,61.32,54.98,,66000,215000,0.1253547604967613,1988,270
강남구,개포동,1168010300,141,개포6차우성,49492,73.72,67.28,,76000,255000,0.1286847541964819,1988,270
강남구,개포동,1168010300,141,개포6차우성,93443,86.52,79.97,,85500,295000,0.1318414385749098,1988,270
강남구,개포동,1168010300,136,개포주공5단지.,133,75.33,53.98,,86250,330000,0.1436035204509487,1983,940
강남구,개포동,1168010300,136,개포주공5단지.,49487,85.39,61.19,,97250,340000,0.1333366433029472,1983,940
강남구,개포동,1168010300,136,개포주공5단지.,93438,103.6,74.25,,108500,370000,0.1305172634658493,1983,940
강남구,개포동,1168010300,136,개포주공5단지.,127825,116.04,83.17,,124750,400000,0.1235746799589394,1983,940
강남구,개포동,1168010300,144,개포주공6단지.,141,68.43,53.06,,85500,305000,0.1356208889293018,1983,1060
강남구,개포동,1168010300,144,개포주공6단지.,49495,77.55,60.13,,96000,327500,0.1305610188295927,1983,1060
강남구,개포동,1168010300,144,개포주공6단지.,93446,94.18,73.02,,108500,357500,0.1266386108624082,1983,1060
강남구,개포동,1168010300,144,개포주공6단지.,127829,107.31,83.21,,123500,380000,0.1189525334021361,1983,1060
강남구,개포동,1168010300,145,개포주공7단지.,142,73.43,53.46,,86000,302250,0.1339314109714269,1983,900
강남구,개포동,1168010300,145,개포주공7단지.,49496,83.48,60.76,,96000,321750,0.1285602050782515,1983,900
강남구,개포동,1168010300,145,개포주공7단지.,93447,100.38,73.26,,108500,351250,0.1246532936846986,1983,900
강남구,개포동,1168010300,145,개포주공7단지.,127830,114.72,83.7,,123500,375000,0.117471436489148,1983,900
강남구,개포동,1168010300,25258,개포현대(200동),24196,101.55,82.2,,76000,250000,0.1264518734192257,1986,72
강남구,개포동,1168010300,36392,경남,1165914,107.64,84.6,,111500,341667,0.1184918314155081,1984,678
강남구,개포동,1168010300,36392,경남,35225,104.98,96.98,,111500,341667,0.1184918314155081,1984,678
강남구,개포동,1168010300,36392,경남,80912,146.79,123.28,,139500,403333,0.1120106712402995,1984,678
강남구,개포동,1168010300,36392,경남,118026,180.27,166.48,,154000,463333,0.1164447896180878,1984,678
강남구,개포동,1168010300,148,대청,145,56.5,39.53,,56500,175000,0.1196929921478116,1992,822
강남구,개포동,1168010300,148,대청,49499,70.83,51.12,,66500,204333,0.1187980135529989,1992,822
강남구,개포동,1168010300,148,대청,93450,81.67,60.0,,75500,226667,0.1162054392683828,1992,822
강남구,개포동,1168010300,128,대치,125,46.73,33.18,,46500,151667,0.1254956332758796,1992,1758
강남구,개포동,1168010300,128,대치,49479,56.4,39.53,,56500,175000,0.1196929921478116,1992,1758
강남구,개포동,1168010300,128,대치,93436,69.96,49.86,,66500,204333,0.1187980135529989,1992,1758
강남구,개포동,1168010300,140,우성(3차),137,110.6,104.43,,96500,300000,0.1201066977650222,1984,405
강남구,개포동,1168010300,140,우성(3차),49491,153.01,133.46,,135000,390000,0.1119188272298632,1984,405
강남구,개포동,1168010300,140,우성(3차),93442,182.45,161.0,,145000,417500,0.1115496026444775,1984,405
강남구,개포동,1168010300,142,우성(8차),49493,109.35,78.93,,90000,261000,0.1123457499326046,1987,261
강남구,개포동,1168010300,142,우성(8차),93444,98.91,79.61,A,91000,261000,0.1111173049314391,1987,261
강남구,개포동,1168010300,142,우성(8차),139,98.87,79.61,B,91000,261000,0.1111173049314391,1987,261
강남구,개포동,1168010300,152,잠실전화국주택조합(220동),149,98.54,77.75,,71500,245000,0.1310609387346504,1988,54
강남구,개포동,1168010300,146,현대(1차),143,102.73,95.4,,94000,310000,0.1267391482467241,1984,416
강남구,개포동,1168010300,146,현대(1차),49497,151.95,128.62,,131500,381667,0.1124381799238021,1984,416
강남구,개포동,1168010300,146,현대(1차),153129,193.8,166.18,C,149000,431667,0.1122342333763282,1984,416
강남구,개포동,1168010300,146,현대(1차),127831,190.13,176.56,B,149000,431667,0.1122342333763282,1984,416
강남구,개포동,1168010300,146,현대(1차),93448,190.81,177.19,A,149000,431667,0.1122342333763282,1984,416
강남구,개포동,1168010300,147,현대(2차),127832,105.78,83.16,B,97000,317500,0.1258932087673094,1986,558
강남구,개포동,1168010300,147,현대(2차),144,106.67,84.81,A,97000,317500,0.1258932087673094,1986,558
강남구,개포동,1168010300,147,현대(2차),49498,159.04,131.83,,138000,372500,0.1043957306103153,1986,558
강남구,개포동,1168010300,147,현대(2차),153130,163.77,134.98,,138000,372500,0.1043957306103153,1986,558
강남구,개포동,1168010300,147,현대(2차),93449,195.17,165.08,,155000,415000,0.1034982273572218,1986,558
강남구,개포동,1168010300,138,현대(3차),135,105.86,84.87,,109500,275000,0.0964576385991382,1986,198
강남구,개포동,1168010300,138,현대(3차),49489,158.34,131.83,,145000,333000,0.0866948856424829,1986,198
강남구,개포동,1168010300,138,현대(3차),93440,193.76,163.85,,172500,408000,0.089901138815466,1986,198
강남구,개포동,1168010300,138,현대(3차),127826,198.26,168.35,,172500,408000,0.089901138815466,1986,198
강남구,논현동,1168010800,12,거평프리젠,12,41.83,30.21,A,23750,37250,0.0460351208677838,1996,113
강남구,논현동,1168010800,12,거평프리젠,200705,43.33,31.29,B,23750,37250,0.0460351208677838,1996,113
강남구,논현동,1168010800,12,거평프리젠,206061,43.73,31.58,C,23750,37250,0.0460351208677838,1996,113
강남구,논현동,1168010800,12,거평프리젠,49375,45.46,32.83,,24000,37250,0.0449403594043613,1996,113
강남구,논현동,1168010800,12,거평프리젠,127753,54.05,39.03,,27000,50500,0.0646154424236946,1996,113
강남구,논현동,1168010800,12,거평프리젠,153075,58.17,42.01,A,27250,50500,0.063634675127598,1996,113
강남구,논현동,1168010800,12,거평프리젠,171089,58.7,42.39,B,27250,50500,0.063634675127598,1996,113
강남구,논현동,1168010800,3,경남논현,3,79.97,59.56,,52000,130000,0.0959582263852172,1996,60
강남구,논현동,1168010800,3,경남논현,153069,112.41,83.72,A,67000,160000,0.0909491744760075,1996,60
강남구,논현동,1168010800,3,경남논현,49366,113.51,84.55,B,67000,160000,0.0909491744760075,1996,60
강남구,논현동,1168010800,3,경남논현,127747,113.97,84.89,C,67000,160000,0.0909491744760075,1996,60
강남구,논현동,1168010800,3,경남논현,93341,153.41,114.27,,75000,180000,0.0914934256178969,1996,60
강남구,논현동,1168010800,2,논현(신동아),2,52.92,35.73,,43500,134000,0.1190810821591277,1997,644
강남구,논현동,1168010800,2,논현(신동아),49365,103.86,84.52,,77500,227500,0.113699359384634,1997,644
강남구,논현동,1168010800,2,논현(신동아),93340,125.48,84.69,,75750,227500,0.116245899118885,1997,644
강남구,논현동,1168010800,2,논현(신동아),127746,140.5,114.34,,95500,250000,0.1010160849535062,1997,644
강남구,논현동,1168010800,13563,논현e-편한세상,61323,109.26,84.49,B,67000,145000,0.080262548767904,2005,63
강남구,논현동,1168010800,13563,논현e-편한세상,13344,109.11,84.98,A,67000,145000,0.080262548767904,2005,63
강남구,논현동,1168010800,13563,논현e-편한세상,156585,125.63,97.94,,70000,150000,0.0791935024728682,2005,63
강남구,논현동,1168010800,13563,논현e-편한세상,173412,142.43,112.2,,78500,170000,0.0803337068423233,2005,63
강남구,논현동,1168010800,13563,논현e-편한세상,185738,166.25,129.18,A,90000,185000,0.0747140384784794,2005,63
강남구,논현동,1168010800,13563,논현e-편한세상,194734,166.4,129.87,B,90000,185000,0.0747140384784794,2005,63
강남구,논현동,1168010800,12337,논현동동부센트레빌,12139,106.82,84.98,,84000,225000,0.1035457008775901,2003,160
강남구,논현동,1168010800,12337,논현동동부센트레빌,60270,131.87,91.59,,91000,232500,0.0983434298799634,2003,160
강남구,논현동,1168010800,12337,논현동동부센트레빌,101217,136.29,114.49,,100000,242500,0.0926251032753893,2003,160
강남구,논현동,1168010800,14802,논현동월드메르디앙,206748,108.17,84.71,C,67500,155000,0.0866827985634193,2007,82
강남구,논현동,1168010800,14802,논현동월드메르디앙,194879,107.56,84.93,A,67500,155000,0.0866827985634193,2007,82
강남구,논현동,1168010800,14802,논현동월드메르디앙,201621,107.95,84.98,B,67500,155000,0.0866827985634193,2007,82
강남구,논현동,1168010800,14802,논현동월드메르디앙,157003,105.11,84.99,B,67500,155000,0.0866827985634193,2007,82
강남구,논현동,1168010800,14802,논현동월드메르디앙,173694,105.65,84.99,C,67500,155000,0.0866827985634193,2007,82
강남구,논현동,1168010800,14802,논현동월드메르디앙,62419,105.02,84.99,A,67500,155000,0.0866827985634193,2007,82
강남구,논현동,1168010800,14802,논현동월드메르디앙,185949,105.85,84.99,D,67500,155000,0.0866827985634193,2007,82
강남구,논현동,1168010800,14802,논현동월드메르디앙,210681,144.5,115.75,A,78000,180000,0.0872208946249377,2007,82
강남구,논현동,1168010800,14802,논현동월드메르디앙,213753,144.15,115.93,B,78000,180000,0.0872208946249377,2007,82
강남구,논현동,1168010800,14802,논현동월드메르디앙,102870,144.01,115.94,C,78000,180000,0.0872208946249377,2007,82
강남구,논현동,1168010800,12572,논현동한진로즈힐,12373,92.44,71.54,,49500,150000,0.117245479191915,2004,81
강남구,논현동,1168010800,12572,논현동한진로즈힐,60481,111.21,84.94,,65000,195000,0.1161231740339043,2004,81
강남구,논현동,1168010800,12572,논현동한진로즈힐,101377,132.97,103.96,,72000,205000,0.1103045932474904,2004,81
강남구,논현동,1168010800,13425,논현동한화꿈에그린,13210,89.17,67.67,,59250,130000,0.0817465026226369,2005,70
강남구,논현동,1168010800,36289,논현두산위브(1단지),166124,107.81,84.87,D,79500,210000,0.102009190911172,2004,130
강남구,논현동,1168010800,36289,논현두산위브(1단지),117971,108.01,84.91,B,79500,210000,0.102009190911172,2004,130
강남구,논현동,1168010800,36289,논현두산위브(1단지),80824,107.83,84.99,A,79500,210000,0.102009190911172,2004,130
강남구,논현동,1168010800,36289,논현두산위브(1단지),191249,139.46,110.77,,103250,230000,0.0833873930530044,2004,130
강남구,논현동,1168010800,36289,논현두산위브(1단지),198979,140.87,111.38,,107500,230000,0.0790260688033626,2004,130
강남구,논현동,1168010800,9,논현베르빌,184190,133.89,111.08,,64500,140000,0.0805797686050278,2002,65
강남구,논현동,1168010800,9,논현베르빌,127751,131.14,111.36,A,64500,140000,0.0805797686050278,2002,65
강남구,논현동,1168010800,9,논현베르빌,153073,130.84,111.6,B,64500,140000,0.0805797686050278,2002,65
강남구,논현동,1168010800,9,논현베르빌,9,133.2,113.84,C,64500,140000,0.0805797686050278,2002,65
강남구,논현동,1168010800,9,논현베르빌,49372,155.67,129.76,A,67500,145000,0.0794596743914788,2002,65
강남구,논현동,1168010800,9,논현베르빌,171087,155.7,132.59,B,67500,145000,0.0794596743914788,2002,65
강남구,논현동,1168010800,1,동현,1,102.47,84.92,,84000,275000,0.1259143148459498,1986,548
강남구,논현동,1168010800,1,동현,127745,141.66,119.67,,107000,355000,0.1274166843311754,1986,548
강남구,논현동,1168010800,1,동현,49364,140.95,120.58,,107000,355000,0.1274166843311754,1986,548
강남구,논현동,1168010800,1,동현,93339,175.38,150.04,,123000,390000,0.1223180549613591,1986,548
강남구,논현동,1168010800,4,쌍용,4,83.17,59.91,,43500,116500,0.103528787133301,1996,111
강남구,논현동,1168010800,4,쌍용,153070,117.82,84.87,,53500,137500,0.0989929124608355,1996,111
강남구,논현동,1168010800,29686,아크로힐스논현,189893,112.21,84.01,C,113000,295000,0.1007136627607894,2014,368
강남구,논현동,1168010800,29686,아크로힐스논현,28580,109.73,84.07,A,113000,295000,0.1007136627607894,2014,368
강남구,논현동,1168010800,29686,아크로힐스논현,75029,109.73,84.07,,113000,295000,0.1007136627607894,2014,368
강남구,논현동,1168010800,29686,아크로힐스논현,197976,111.6,84.13,D,113000,295000,0.1007136627607894,2014,368
강남구,논현동,1168010800,29686,아크로힐스논현,113268,111.02,84.2,B,113000,295000,0.1007136627607894,2014,368
강남구,논현동,1168010800,29686,아크로힐스논현,178808,148.25,113.08,B,150500,347500,0.0872810801225774,2014,368
강남구,논현동,1168010800,29686,아크로힐스논현,142308,147.65,113.23,,150500,347500,0.0872810801225774,2014,368
강남구,논현동,1168010800,29686,아크로힐스논현,163500,147.65,113.23,A,150500,347500,0.0872810801225774,2014,368
강남구,논현동,1168010800,8,우민,8,99.54,74.75,,52000,136500,0.1013184903386179,2002,70
강남구,논현동,1168010800,5,청학,5,87.15,85.12,,61500,135000,0.0817972304953771,1976,70
강남구,논현동,1168010800,5,청학,49368,99.65,97.18,,73500,155000,0.077468136721168,1976,70
강남구,대치동,1168010600,187,개포우성1차,1708325,84.8,84.8,,144000,405000,0.1089430746998159,1983,690
강남구,대치동,1168010600,187,개포우성1차,183,101.19,84.81,,144000,405000,0.1089430746998159,1983,690
강남구,대치동,1168010600,187,개포우성1차,1708323,100.88,94.53,,144000,405000,0.1089430746998159,1983,690
강남구,대치동,1168010600,187,개포우성1차,49531,146.12,127.61,A,189000,510000,0.1043604300480764,1983,690
강남구,대치동,1168010600,187,개포우성1차,1708320,146.12,127.62,B,189000,510000,0.1043604300480764,1983,690
강남구,대치동,1168010600,187,개포우성1차,1708321,146.43,136.9,,189000,510000,0.1043604300480764,1983,690
강남구,대치동,1168010600,187,개포우성1차,1708322,169.81,158.53,,210000,585000,0.1078823846485299,1983,690
강남구,대치동,1168010600,187,개포우성1차,93472,169.82,158.54,,210000,585000,0.1078823846485299,1983,690
강남구,대치동,1168010600,187,개포우성1차,1708319,179.1,167.82,,210000,585000,0.1078823846485299,1983,690
강남구,대치동,1168010600,187,개포우성1차,1708324,213.68,200.29,,262500,665000,0.0974108096843151,1983,690
강남구,대치동,1168010600,200,개포우성2차,196,101.09,94.74,,144000,405000,0.1089430746998159,1984,450
강남구,대치동,1168010600,200,개포우성2차,49541,146.6,137.36,,187500,510000,0.1052407538560173,1984,450
강남구,대치동,1168010600,200,개포우성2차,93479,180.54,169.18,,215000,585000,0.1052785469714585,1984,450
강남구,대치동,1168010600,189,대치삼성(래미안),185,85.68,59.88,,77000,250000,0.1249803283595221,2000,960
강남구,대치동,1168010600,189,대치삼성(래미안),49533,108.21,84.58,,106000,340000,0.1236144227366182,2000,960
강남구,대치동,1168010600,189,대치삼성(래미안),93473,124.57,97.35,,120000,375000,0.1206887238456493,2000,960
강남구,대치동,1168010600,189,대치삼성(래미안),127848,133.46,108.52,,129000,392500,0.1176993415370259,2000,960
강남구,대치동,1168010600,189,대치삼성(래미안),153144,139.27,109.04,,128000,392500,0.1185694893985378,2000,960
강남구,대치동,1168010600,14992,대치아이파크,14752,78.71,59.96,,91500,305000,0.1279448730054992,2007,768
강남구,대치동,1168010600,14992,대치아이파크,134155,107.35,84.93,C,122500,390000,0.1227753047440221,2007,768
강남구,대치동,1168010600,14992,대치아이파크,62592,108.03,84.95,A,122500,390000,0.1227753047440221,2007,768
강남구,대치동,1168010600,14992,대치아이파크,103010,108.17,84.95,B,122500,390000,0.1227753047440221,2007,768
강남구,대치동,1168010600,14992,대치아이파크,157080,111.3,84.98,,124500,390000,0.1209584769469747,2007,768
강남구,대치동,1168010600,14992,대치아이파크,173753,147.99,114.97,,165000,440000,0.1030542524220698,2007,768
강남구,대치동,1168010600,14992,대치아이파크,185990,154.27,119.58,,170000,460000,0.1046657552143379,2007,768
강남구,대치동,1168010600,14992,대치아이파크,194910,179.41,149.78,,192500,515000,0.1034118647445729,2007,768
강남구,대치동,1168010600,13451,대치한신휴플러스,13236,85.9,68.4,,68000,172500,0.0975593622660235,2005,66
강남구,대치동,1168010600,13451,대치한신휴플러스,61224,92.77,74.15,,73000,180000,0.0944475779817166,2005,66
강남구,대치동,1168010600,13451,대치한신휴플러스,101943,101.43,81.07,,76500,185000,0.0923228768871156,2005,66
강남구,대치동,1168010600,13451,대치한신휴플러스,133360,105.97,84.99,,81000,190000,0.0889974384550142,2005,66
강남구,대치동,1168010600,190,대치현대,186,88.68,59.82,,66500,249000,0.141136955603216,1999,630
강남구,대치동,1168010600,190,대치현대,49534,111.62,85.0,,93500,315000,0.1291454641818572,1999,630
강남구,대치동,1168010600,190,대치현대,93474,129.45,101.6,,104000,345000,0.1274014150273035,1999,630
강남구,대치동,1168010600,190,대치현대,127849,143.66,114.59,,118000,370000,0.1210680400693253,1999,630
강남구,대치동,1168010600,191,대치효성,187,78.99,59.84,,60000,200000,0.1279448730054992,1999,83
강남구,대치동,1168010600,191,대치효성,49535,112.09,84.91,A,77000,222500,0.1119465943098105,1999,83
강남구,대치동,1168010600,191,대치효성,93475,112.12,84.94,B,77000,222500,0.1119465943098105,1999,83
강남구,대치동,1168010600,13186,동부센트레빌,12976,152.54,121.74,,194000,512500,0.1020193341691526,2005,805
강남구,대치동,1168010600,13186,동부센트레빌,61000,178.76,145.83,,201500,575000,0.1105529738777284,2005,805
강남구,대치동,1168010600,13186,동부센트레빌,101767,202.99,161.47,,240000,625000,0.1004412906119629,2005,805
강남구,대치동,1168010600,29017,래미안대치팰리스1단지,74436,88.15,59.99,A,108000,330000,0.1181730440153012,2015,1278
강남구,대치동,1168010600,29017,래미안대치팰리스1단지,27912,88.0,59.99,B,108000,330000,0.1181730440153012,2015,1278
강남구,대치동,1168010600,29017,래미안대치팰리스1단지,163224,113.15,84.97,A,146000,435000,0.1153563395975747,2015,1278
강남구,대치동,1168010600,29017,래미안대치팰리스1단지,141940,112.24,84.98,B,146000,435000,0.1153563395975747,2015,1278
강남구,대치동,1168010600,29017,래미안대치팰리스1단지,112788,111.83,84.99,C,146000,435000,0.1153563395975747,2015,1278
강남구,대치동,1168010600,29017,래미안대치팰리스1단지,197861,124.11,93.18,,160000,465000,0.1125852474404751,2015,1278
강남구,대치동,1168010600,29017,래미안대치팰리스1단지,222789,126.57,94.48,D,162500,505000,0.1200664823098704,2015,1278
강남구,대치동,1168010600,29017,래미안대치팰리스1단지,203952,125.23,94.49,C,162500,505000,0.1200664823098704,2015,1278
강남구,대치동,1168010600,29017,래미안대치팰리스1단지,208571,126.22,94.49,A,162500,505000,0.1200664823098704,2015,1278
강남구,대치동,1168010600,29017,래미안대치팰리스1단지,220506,125.57,94.5,B,162500,505000,0.1200664823098704,2015,1278
강남구,대치동,1168010600,29017,래미안대치팰리스1단지,221744,126.12,94.51,E,162500,505000,0.1200664823098704,2015,1278
강남구,대치동,1168010600,29017,래미안대치팰리스1단지,223662,150.66,114.14,D,202500,590000,0.112865549643198,2015,1278
강남구,대치동,1168010600,29017,래미안대치팰리스1단지,217143,150.36,114.14,A,202500,590000,0.112865549643198,2015,1278
강남구,대치동,1168010600,29017,래미안대치팰리스1단지,212128,149.36,114.15,C,202500,590000,0.112865549643198,2015,1278
강남구,대치동,1168010600,29017,래미안대치팰리스1단지,214907,149.4,114.17,B,202500,590000,0.112865549643198,2015,1278
강남구,대치동,1168010600,36794,래미안대치팰리스2단지,166204,118.94,84.99,E,144500,405000,0.108558758576545,2015,330
강남구,대치동,1168010600,36794,래미안대치팰리스2단지,146037,118.76,84.99,D,144500,405000,0.108558758576545,2015,330
강남구,대치동,1168010600,36794,래미안대치팰리스2단지,35627,123.48,91.89,A,158500,425000,0.1036616865627491,2015,330
강남구,대치동,1168010600,36794,래미안대치팰리스2단지,191285,122.58,91.91,E,158500,425000,0.1036616865627491,2015,330
강남구,대치동,1168010600,36794,래미안대치팰리스2단지,81260,123.01,91.93,B,158500,425000,0.1036616865627491,2015,330
강남구,대치동,1168010600,36794,래미안대치팰리스2단지,118237,122.74,91.93,C,158500,425000,0.1036616865627491,2015,330
강남구,대치동,1168010600,36794,래미안대치팰리스2단지,180788,123.92,91.93,D,158500,425000,0.1036616865627491,2015,330
강남구,대치동,1168010600,36794,래미안대치팰리스2단지,204828,183.59,151.27,B,255000,595000,0.0884229198901702,2015,330
강남구,대치동,1168010600,36794,래미안대치팰리스2단지,199000,181.45,151.31,A,255000,595000,0.0884229198901702,2015,330
강남구,대치동,1168010600,193,래미안대치하이스턴(우성2차),49537,142.54,110.39,A,134500,343500,0.0982986397012541,2014,354
강남구,대치동,1168010600,193,래미안대치하이스턴(우성2차),93477,142.62,110.39,B,134500,343500,0.0982986397012541,2014,354
강남구,대치동,1168010600,203,롯데캐슬,199,110.72,84.75,,80000,252500,0.1218044011800956,2002,142
강남구,대치동,1168010600,203,롯데캐슬,49544,136.53,105.18,,95000,295000,0.1199789007056992,2002,142
강남구,대치동,1168010600,203,롯데캐슬,93481,139.4,107.91,,95000,287500,0.117098386092189,2002,142
강남구,대치동,1168010600,203,롯데캐슬,153146,161.03,123.04,,110000,305000,0.1073648025976059,2002,142
강남구,대치동,1168010600,203,롯데캐슬,171139,176.16,135.73,,131000,337500,0.0992595521198749,2002,142
강남구,대치동,1168010600,14665,롯데캐슬리베,14430,146.32,121.08,,127500,375000,0.1139151438721746,2006,144
강남구,대치동,1168010600,36403,"선경(1,2차)",145933,101.66,94.89,A,140500,410000,0.1130399516283635,1983,1034
강남구,대치동,1168010600,36403,"선경(1,2차)",35236,137.45,128.32,,170500,490000,0.1113405723351022,1983,1034
강남구,대치동,1168010600,36403,"선경(1,2차)",80921,157.36,146.75,,184000,515000,0.1084061852204352,1983,1034
강남구,대치동,1168010600,36403,"선경(1,2차)",118029,186.36,174.0,,205000,580000,0.1096024660018817,1983,1034
강남구,대치동,1168010600,195,선경(3차),191,85.48,76.6,,79000,225000,0.1103388677262438,1990,54
강남구,대치동,1168010600,199,세영팔레스타운,195,73.77,59.91,,58000,152500,0.1014991973260555,2002,67
강남구,대치동,1168010600,199,세영팔레스타운,49540,84.03,68.61,,62000,162500,0.1011491999374125,2002,67
강남구,대치동,1168010600,199,세영팔레스타운,93478,103.37,84.85,,76000,210000,0.106982028351374,2002,67
강남구,대치동,1168010600,201,쌍용2차.,197,102.47,95.48,,122500,365000,0.1153615722168241,1983,364
강남구,대치동,1168010600,201,쌍용2차.,49542,141.71,132.05,,145000,430000,0.1148335894311898,1983,364
강남구,대치동,1168010600,192,쌍용대치(1차),188,102.36,96.04,,122500,365000,0.1153615722168241,1983,630
강남구,대치동,1168010600,192,쌍용대치(1차),49536,150.54,141.21,,155250,440000,0.1097933209109893,1983,630
강남구,대치동,1168010600,192,쌍용대치(1차),93476,173.48,162.71,,167500,467500,0.1080941966586064,1983,630
강남구,대치동,1168010600,188,우성(1차),184,102.01,95.27,,110000,350000,0.1227098577832095,1984,476
강남구,대치동,1168010600,188,우성(1차),49532,133.98,125.17,,135000,405000,0.1161231740339043,1984,476
강남구,대치동,1168010600,186,은마,182,101.52,76.79,,110000,344333,0.1208786477483225,1979,4424
강남구,대치동,1168010600,186,은마,49530,115.54,84.43,,121500,382667,0.1215650653430449,1979,4424
강남구,대치동,1168010600,12845,포스코더샵,12636,168.38,139.54,,145000,380000,0.1011375160989167,2004,276
강남구,대치동,1168010600,12845,포스코더샵,60712,208.98,164.88,,162000,407500,0.0966328719078501,2004,276
강남구,대치동,1168010600,37047,풍림아이원,35878,93.22,83.65,B,71000,150000,0.0776637910574316,2003,90
강남구,대치동,1168010600,37047,풍림아이원,1707263,94.54,84.54,C,71000,161000,0.0853173674617204,2003,90
강남구,대치동,1168010600,37047,풍림아이원,81478,94.38,84.69,A,71000,161000,0.0853173674617204,2003,90
강남구,대치동,1168010600,37047,풍림아이원,1707264,94.58,84.87,D,71000,161000,0.0853173674617204,2003,90
강남구,대치동,1168010600,37047,풍림아이원,215340,170.3,156.21,,91000,240000,0.1018360687031278,2003,90
강남구,대치동,1168010600,345179,한보미도맨션,1215165,113.31,84.48,,131000,398333,0.1176285803109919,1983,2436
강남구,대치동,1168010600,345179,한보미도맨션,1215169,114.77,84.96,,131500,395000,0.116264553896058,1983,2436
강남구,대치동,1168010600,345179,한보미도맨션,1215170,135.89,115.05,,147500,446667,0.1171697939878342,1983,2436
강남구,대치동,1168010600,345179,한보미도맨션,1215171,148.17,126.33,,167500,473333,0.1094690645236393,1983,2436
강남구,대치동,1168010600,345179,한보미도맨션,1215166,152.72,128.01,,164000,475000,0.1122053406300784,1983,2436
강남구,대치동,1168010600,345179,한보미도맨션,1215172,183.8,159.15,,205000,550000,0.1037250080416516,1983,2436
강남구,대치동,1168010600,345179,한보미도맨션,1215167,188.85,161.36,,191500,546667,0.1105942176796677,1983,2436
강남구,대치동,1168010600,345179,한보미도맨션,1215173,217.81,190.47,,240000,663333,0.1070112544757437,1983,2436
강남구,대치동,1168010600,345179,한보미도맨션,1215168,220.92,191.06,,235000,666667,0.1099006598326075,1983,2436
강남구,대치동,1168010600,194,현대(1차),190,101.03,84.27,A,81000,250000,0.1192974103971149,1990,120
강남구,대치동,1168010600,194,현대(1차),49538,101.7,84.89,B,81000,250000,0.1192974103971149,1990,120
강남구,도곡동,1168011800,157,개포4차우성(양재우성),154,113.23,84.6,,117500,372500,0.1222996850641091,1985,459
강남구,도곡동,1168011800,157,개포4차우성(양재우성),49504,151.05,126.46,,155000,462500,0.1155216510755234,1985,459
강남구,도곡동,1168011800,157,개포4차우성(양재우성),93453,180.25,152.74,,181500,502500,0.1071996598035125,1985,459
강남구,도곡동,1168011800,160,개포5차우성,157,89.79,70.89,,81500,220000,0.1044002777971577,1986,180
강남구,도곡동,1168011800,160,개포5차우성,49507,98.96,78.99,,90000,250000,0.10756634324829,1986,180
강남구,도곡동,1168011800,156,개포럭키,153,102.41,79.89,,83500,237500,0.1101910294957488,1986,128
강남구,도곡동,1168011800,161,개포한신,158,73.65,52.72,A,82000,310000,0.1422332131150496,1985,620
강남구,도곡동,1168011800,161,개포한신,171129,73.66,52.73,B,82000,310000,0.1422332131150496,1985,620
강남구,도곡동,1168011800,161,개포한신,49508,84.54,59.48,,92000,325000,0.1345132003136517,1985,620
강남구,도곡동,1168011800,161,개포한신,93456,103.93,83.86,,116500,350000,0.1162827456061732,1985,620
강남구,도곡동,1168011800,175,경남,171,76.47,59.76,,63000,200000,0.1224550148970282,2005,348
강남구,도곡동,1168011800,175,경남,49519,81.86,59.76,,62000,200000,0.1242524188058074,2005,348
강남구,도곡동,1168011800,175,경남,127839,116.34,84.94,,75500,222500,0.1141362539074268,2005,348
강남구,도곡동,1168011800,175,경남,93462,106.33,84.94,,75500,222500,0.1141362539074268,2005,348
강남구,도곡동,1168011800,175,경남,153136,147.12,114.96,,100000,235000,0.0891978771492421,2005,348
강남구,도곡동,1168011800,162,대림,159,102.39,84.93,A,75000,255000,0.1301807132434793,1992,197
강남구,도곡동,1168011800,162,대림,49509,104.47,84.95,B,75000,255000,0.1301807132434793,1992,197
강남구,도곡동,1168011800,14799,도곡1차아이파크,14562,109.19,84.12,,95500,262500,0.1064010865805813,2007,321
강남구,도곡동,1168011800,14799,도곡1차아이파크,62417,160.67,130.25,,129500,320000,0.0946821109277304,2007,321
강남구,도곡동,1168011800,14799,도곡1차아이파크,102868,178.59,134.78,,157500,327500,0.075952439636054,2007,321
강남구,도곡동,1168011800,13923,도곡2차아이파크,13699,175.89,148.73,A,132500,261000,0.0701445964252069,2006,58
강남구,도곡동,1168011800,13923,도곡2차아이파크,61646,177.25,148.98,B,133500,261000,0.0693402750530496,2006,58
강남구,도곡동,1168011800,13923,도곡2차아이파크,102265,201.72,173.48,,152500,310000,0.0735176396891752,2006,58
강남구,도곡동,1168011800,13923,도곡2차아이파크,133587,205.85,175.59,,156500,310000,0.0707417458733559,2006,58
강남구,도곡동,1168011800,13923,도곡2차아이파크,156697,232.37,198.13,,165000,315000,0.0667991499386628,2006,58
강남구,도곡동,1168011800,14938,도곡3차아이파크,14698,179.5,155.97,,137000,295000,0.0797175110191437,2007,72
강남구,도곡동,1168011800,14938,도곡3차아이파크,62543,209.05,181.38,,156000,320000,0.0744903958975899,2007,72
강남구,도곡동,1168011800,14938,도곡3차아이파크,102967,214.67,187.21,,157000,320000,0.0738040375366251,2007,72
강남구,도곡동,1168011800,14938,도곡3차아이파크,157055,225.98,194.6,A,161500,330000,0.0740738455085969,2007,72
강남구,도곡동,1168011800,14938,도곡3차아이파크,134122,224.46,194.61,B,160000,330000,0.0750765667453712,2007,72
강남구,도곡동,1168011800,176,도곡동삼성래미안,172,81.35,59.96,,80000,280000,0.1334615816706974,2001,732
강남구,도곡동,1168011800,176,도곡동삼성래미안,49520,112.77,84.76,,102000,320000,0.1211274359773511,2001,732
강남구,도곡동,1168011800,176,도곡동삼성래미안,93463,115.17,84.89,,103000,327500,0.1226319756492317,2001,732
강남구,도곡동,1168011800,176,도곡동삼성래미안,127840,119.54,89.88,,108000,335000,0.1198558038658252,2001,732
강남구,도곡동,1168011800,176,도곡동삼성래미안,153137,158.1,122.81,,140000,385000,0.1064537610602056,2001,732
강남구,도곡동,1168011800,13886,도곡렉슬,61613,88.52,59.92,C,80500,265000,0.1265358044181461,2006,3002
강남구,도곡동,1168011800,13886,도곡렉슬,13663,86.43,59.97,A,79000,262500,0.127587419097177,2006,3002
강남구,도곡동,1168011800,13886,도곡렉슬,156685,88.24,59.97,A1,79000,262500,0.127587419097177,2006,3002
강남구,도곡동,1168011800,13886,도곡렉슬,102237,86.92,59.98,B,87000,282500,0.1249932584991078,2006,3002
강남구,도곡동,1168011800,13886,도곡렉슬,133567,88.72,59.98,B1,87000,282500,0.1249932584991078,2006,3002
강남구,도곡동,1168011800,13886,도곡렉슬,173489,86.76,59.99,D,80000,265000,0.1272379168602879,2006,3002
강남구,도곡동,1168011800,13886,도곡렉슬,206681,110.94,84.92,B,119500,365000,0.1181305044761116,2006,3002
강남구,도곡동,1168011800,13886,도곡렉슬,201536,109.37,84.92,B1,119500,365000,0.1181305044761116,2006,3002
강남구,도곡동,1168011800,13886,도곡렉슬,194760,109.51,84.99,A1,121750,365000,0.1160467560258116,2006,3002
강남구,도곡동,1168011800,13886,도곡렉슬,185789,111.08,84.99,A,123250,365000,0.1146809874516163,2006,3002
강남구,도곡동,1168011800,13886,도곡렉슬,210631,143.06,114.99,A,157500,415000,0.1017340043108621,2006,3002
강남구,도곡동,1168011800,13886,도곡렉슬,216159,143.26,119.89,C,145500,410000,0.1091546042005402,2006,3002
강남구,도곡동,1168011800,13886,도곡렉슬,213709,143.87,120.82,B,145500,410000,0.1091546042005402,2006,3002
강남구,도곡동,1168011800,13886,도곡렉슬,218162,167.32,134.9,,185000,485000,0.1011766683514931,2006,3002
강남구,도곡동,1168011800,13886,도곡렉슬,219831,170.92,138.31,,178500,480000,0.1039777020894887,2006,3002
강남구,도곡동,1168011800,13886,도곡렉슬,221181,225.29,176.99,,246500,580000,0.0893341205688103,2006,3002
강남구,도곡동,1168011800,163,도곡쌍용예가,184222,83.52,66.0,A2,66500,225000,0.1296296610844205,2011,384
강남구,도곡동,1168011800,163,도곡쌍용예가,171130,84.44,66.95,A1,66500,225000,0.1296296610844205,2011,384
강남구,도곡동,1168011800,163,도곡쌍용예가,200723,132.63,107.53,B2,92500,255000,0.1067253169102082,2011,384
강남구,도곡동,1168011800,163,도곡쌍용예가,206075,132.3,108.2,B3,92500,255000,0.1067253169102082,2011,384
강남구,도곡동,1168011800,163,도곡쌍용예가,193653,132.85,108.4,B1,92500,255000,0.1067253169102082,2011,384
강남구,도곡동,1168011800,163,도곡쌍용예가,213358,137.71,112.13,C2,104000,265000,0.0980478184988971,2011,384
강남구,도곡동,1168011800,163,도곡쌍용예가,210176,136.95,112.86,C1,104000,265000,0.0980478184988971,2011,384
강남구,도곡동,1168011800,163,도곡쌍용예가,215872,137.75,112.92,C3,104000,265000,0.0980478184988971,2011,384
강남구,도곡동,1168011800,163,도곡쌍용예가,217929,171.65,142.77,D,117500,287500,0.0936037688120607,2011,384
강남구,도곡동,1168011800,163,도곡쌍용예가,219634,232.86,207.52,E,155000,315000,0.0734897093215285,2011,384
강남구,도곡동,1168011800,30232,도곡한라비발디,75535,111.45,84.88,AA,95000,222500,0.0888314108582508,2016,110
강남구,도곡동,1168011800,30232,도곡한라비발디,113699,111.45,84.88,AB,95000,222500,0.0888314108582508,2016,110
강남구,도곡동,1168011800,30232,도곡한라비발디,29119,111.45,84.88,A,95000,222500,0.0888314108582508,2016,110
강남구,도곡동,1168011800,30232,도곡한라비발디,142657,111.65,84.95,B,95000,222500,0.0888314108582508,2016,110
강남구,도곡동,1168011800,159,도곡한신(MBC),156,79.5,58.46,,62000,187500,0.1170200234650313,1988,421
강남구,도곡동,1168011800,159,도곡한신(MBC),49506,101.46,84.74,,83000,255000,0.1187839021395216,1988,421
강남구,도곡동,1168011800,159,도곡한신(MBC),127835,135.47,116.24,A,96000,275000,0.1109797577226128,1988,421
강남구,도곡동,1168011800,159,도곡한신(MBC),93455,135.75,117.57,B,96000,275000,0.1109797577226128,1988,421
강남구,도곡동,1168011800,12557,도곡현대하이페리온,12358,171.91,142.41,,105000,252500,0.0917097986537676,2004,71
강남구,도곡동,1168011800,12557,도곡현대하이페리온,60467,213.38,179.39,A,127500,295000,0.0875048015334569,2004,71
강남구,도곡동,1168011800,12557,도곡현대하이페리온,101368,214.65,181.2,B,127500,295000,0.0875048015334569,2004,71
강남구,도곡동,1168011800,12557,도곡현대하이페리온,132940,217.26,182.6,,132500,302500,0.0860528261630586,2004,71
강남구,도곡동,1168011800,12557,도곡현대하이페리온,156258,218.57,184.31,,132500,302500,0.0860528261630586,2004,71
강남구,도곡동,1168011800,12298,롯데캐슬모닝,12101,105.37,84.51,A,78500,212500,0.1047116341668017,2003,60
강남구,도곡동,1168011800,12298,롯데캐슬모닝,60235,105.39,84.91,B,78500,212500,0.1047116341668017,2003,60
강남구,도곡동,1168011800,12298,롯데캐슬모닝,101190,177.25,150.78,,110000,266250,0.0924201271154518,2003,60
강남구,도곡동,1168011800,164,매봉(삼성),160,70.84,59.82,,62500,187500,0.1161231740339043,1999,132
강남구,도곡동,1168011800,164,매봉(삼성),49510,98.88,83.49,A,71500,217500,0.1176744470697146,1999,132
강남구,도곡동,1168011800,164,매봉(삼성),93457,100.61,84.95,B,71500,217500,0.1176744470697146,1999,132
강남구,도곡동,1168011800,180,삼성,176,81.09,54.81,,68500,230000,0.1287654985397126,1994,231
강남구,도곡동,1168011800,180,삼성,49524,92.03,73.41,,87250,240000,0.1064825790879766,1994,231
강남구,도곡동,1168011800,180,삼성,93467,97.02,80.75,,91000,267500,0.1138539246052332,1994,231
강남구,도곡동,1168011800,180,삼성,1166165,104.02,84.81,,99000,277500,0.1085691262542931,1994,231
강남구,도곡동,1168011800,180,삼성,127843,104.15,84.91,,99000,277500,0.1085691262542931,1994,231
강남구,도곡동,1168011800,165,삼익,161,113.73,104.01,,84000,255000,0.1174448271752521,1983,247
강남구,도곡동,1168011800,165,삼익,49511,165.21,153.71,,119000,280000,0.0893341205688103,1983,247
강남구,도곡동,1168011800,158,역삼럭키,155,112.0,84.97,,81000,258333,0.122973445645542,1995,1094
강남구,도곡동,1168011800,158,역삼럭키,93454,144.71,124.1,S,107500,291667,0.1049633746395526,1995,1094
강남구,도곡동,1168011800,158,역삼럭키,49505,145.2,124.66,N,107500,291667,0.1049633746395526,1995,1094
강남구,도곡동,1168011800,167,우성,163,93.94,76.38,,75500,240000,0.1226035958987024,1986,390
강남구,도곡동,1168011800,167,우성,49512,101.17,84.83,,81500,260000,0.1230047001248302,1986,390
강남구,도곡동,1168011800,170,중명하니빌,171131,31.88,22.78,A,17500,26000,0.0403836774140042,1997,111
강남구,도곡동,1168011800,170,중명하니빌,184223,32.02,22.88,B,17500,26000,0.0403836774140042,1997,111
강남구,도곡동,1168011800,170,중명하니빌,193654,32.92,23.52,C,17500,26000,0.0403836774140042,1997,111
강남구,도곡동,1168011800,170,중명하니빌,200724,33.43,23.89,D,19500,29000,0.0404862338495914,1997,111
강남구,도곡동,1168011800,170,중명하니빌,206076,34.26,24.48,E,19500,29000,0.0404862338495914,1997,111
강남구,도곡동,1168011800,170,중명하니빌,153133,34.62,24.74,F,19500,29000,0.0404862338495914,1997,111
강남구,도곡동,1168011800,170,중명하니빌,210177,34.79,24.86,A,19500,29000,0.0404862338495914,1997,111
강남구,도곡동,1168011800,170,중명하니빌,166,35.21,25.16,B,19500,29000,0.0404862338495914,1997,111
강남구,도곡동,1168011800,170,중명하니빌,213359,38.99,27.86,A,19500,29000,0.0404862338495914,1997,111
강남구,도곡동,1168011800,170,중명하니빌,215873,39.88,28.5,B,20500,36000,0.0579249606204166,1997,111
강남구,도곡동,1168011800,170,중명하니빌,217930,40.0,28.58,C,20500,36000,0.0579249606204166,1997,111
강남구,도곡동,1168011800,170,중명하니빌,219635,41.65,29.76,A,20500,36000,0.0579249606204166,1997,111
강남구,도곡동,1168011800,170,중명하니빌,221023,42.8,30.58,B,20500,36000,0.0579249606204166,1997,111
강남구,도곡동,1168011800,170,중명하니빌,222172,43.06,30.77,C,20500,36000,0.0579249606204166,1997,111
강남구,도곡동,1168011800,170,중명하니빌,49514,43.33,30.96,D,20500,36000,0.0579249606204166,1997,111
강남구,도곡동,1168011800,170,중명하니빌,223147,44.81,32.02,A,22250,40000,0.060408005114344,1997,111
강남구,도곡동,1168011800,170,중명하니빌,223963,46.35,33.12,B,22250,40000,0.060408005114344,1997,111
강남구,도곡동,1168011800,170,중명하니빌,224675,47.34,33.83,C,22250,40000,0.060408005114344,1997,111
강남구,도곡동,1168011800,170,중명하니빌,225277,47.72,34.1,D,22250,40000,0.060408005114344,1997,111
강남구,도곡동,1168011800,170,중명하니빌,225791,47.74,34.11,,22250,40000,0.060408005114344,1997,111
강남구,도곡동,1168011800,170,중명하니빌,226236,48.03,34.32,,22250,40000,0.060408005114344,1997,111
강남구,도곡동,1168011800,170,중명하니빌,226632,52.03,37.18,A,24250,45000,0.0637757285231177,1997,111
강남구,도곡동,1168011800,170,중명하니빌,226967,52.07,37.21,B,24250,45000,0.0637757285231177,1997,111
강남구,도곡동,1168011800,170,중명하니빌,227262,52.17,37.28,C,24250,45000,0.0637757285231177,1997,111
강남구,도곡동,1168011800,170,중명하니빌,127836,52.72,37.67,D,24250,45000,0.0637757285231177,1997,111
강남구,도곡동,1168011800,170,중명하니빌,93459,53.12,37.96,E,24250,45000,0.0637757285231177,1997,111
강남구,도곡동,1168011800,170,중명하니빌,227520,53.88,38.5,F,24250,45000,0.0637757285231177,1997,111
강남구,도곡동,1168011800,177,포스코트,49521,247.26,200.9,,215000,365000,0.0543515490917971,2002,64
강남구,도곡동,1168011800,177,포스코트,93464,256.17,209.03,,227500,395000,0.056723996012771,2002,64
강남구,도곡동,1168011800,168,현대(도곡),164,102.54,84.96,,71500,227500,0.1227098577832095,1992,211
강남구,도곡동,1168011800,169,현대그린,49513,96.61,84.66,A,73500,230000,0.1208411052304845,1995,171
강남구,도곡동,1168011800,169,현대그린,93458,96.67,84.72,B,73500,230000,0.1208411052304845,1995,171
강남구,도곡동,1168011800,169,현대그린,165,96.91,84.93,C,73500,230000,0.1208411052304845,1995,171
강남구,삼성동,1168010500,12573,IPARK삼성동,12374,182.87,145.04,,260000,715000,0.1064537610602056,2004,449
강남구,삼성동,1168010500,12573,IPARK삼성동,60482,195.52,156.85,,270000,760000,0.1090343119482939,2004,449
강남구,삼성동,1168010500,12573,IPARK삼성동,101378,209.43,167.72,,307500,775000,0.0968460061802143,2004,449
강남구,삼성동,1168010500,12573,IPARK삼성동,132948,216.62,175.05,,342500,830000,0.0925510824751467,2004,449
강남구,삼성동,1168010500,12573,IPARK삼성동,156265,243.76,195.38,,435000,945000,0.0806728859159675,2004,449
강남구,삼성동,1168010500,37051,"래미안삼성1차(102,103번지)",166301,102.54,84.66,D,106000,262500,0.0949198878289474,2006,169
강남구,삼성동,1168010500,37051,"래미안삼성1차(102,103번지)",81482,103.09,84.8,A1,106000,262500,0.0949198878289474,2006,169
강남구,삼성동,1168010500,37051,"래미안삼성1차(102,103번지)",217490,106.2,84.9,,105000,262500,0.0959582263852172,2006,169
강남구,삼성동,1168010500,37051,"래미안삼성1차(102,103번지)",146165,103.05,84.96,C,106000,262500,0.0949198878289474,2006,169
강남구,삼성동,1168010500,37051,"래미안삼성1차(102,103번지)",191339,128.84,106.98,,113500,315000,0.1074687215996859,2006,169
강남구,삼성동,1168010500,37051,"래미안삼성1차(102,103번지)",199042,136.93,113.52,A,128000,335000,0.1009902771669832,2006,169
강남구,삼성동,1168010500,37051,"래미안삼성1차(102,103번지)",209265,138.24,114.12,B,128000,335000,0.1009902771669832,2006,169
강남구,삼성동,1168010500,37051,"래미안삼성1차(102,103번지)",204858,138.32,114.17,A1,128000,335000,0.1009902771669832,2006,169
강남구,삼성동,1168010500,37051,"래미안삼성1차(102,103번지)",221929,151.81,128.44,,132000,335000,0.0976075547347812,2006,169
강남구,삼성동,1168010500,37051,"래미안삼성1차(102,103번지)",212670,169.89,141.53,,150000,355000,0.0899679035661507,2006,169
강남구,삼성동,1168010500,13865,래미안삼성1차(104번지),61596,106.38,84.98,A,108500,262500,0.0923704840650452,2006,77
강남구,삼성동,1168010500,13865,래미안삼성1차(104번지),102224,105.99,84.99,B,108500,262500,0.0923704840650452,2006,77
강남구,삼성동,1168010500,13865,래미안삼성1차(104번지),133556,127.79,101.34,A,114000,282500,0.0949930434331534,2006,77
강남구,삼성동,1168010500,13865,래미안삼성1차(104번지),194756,155.77,125.8,,139000,312500,0.0843850516080453,2006,77
강남구,삼성동,1168010500,13864,래미안삼성1차(105번지),13641,109.65,84.95,,108500,272500,0.0964622319672514,2006,112
강남구,삼성동,1168010500,13864,래미안삼성1차(105번지),61595,148.45,122.85,,137500,317500,0.0872867688366709,2006,112
강남구,삼성동,1168010500,13864,래미안삼성1차(105번지),156674,205.27,181.51,,188500,425000,0.0846952979871158,2006,112
강남구,삼성동,1168010500,14766,래미안삼성2차,14529,115.07,84.92,,109000,295000,0.1046877848638276,2007,275
강남구,삼성동,1168010500,14766,래미안삼성2차,102844,136.24,101.38,,129000,345000,0.1033744890367649,2007,275
강남구,삼성동,1168010500,14766,래미안삼성2차,62388,135.39,105.5,,129000,345000,0.1033744890367649,2007,275
강남구,삼성동,1168010500,14766,래미안삼성2차,134031,149.36,119.29,,147500,380000,0.0992567918638211,2007,275
강남구,삼성동,1168010500,14766,래미안삼성2차,156990,165.67,134.81,,170500,390000,0.0862605873420625,2007,275
강남구,삼성동,1168010500,14766,래미안삼성2차,173687,198.82,164.72,,200000,420000,0.0770154403043632,2007,275
강남구,삼성동,1168010500,14767,롯데캐슬프레미어,14530,107.36,84.46,A,113500,320000,0.1092141769174936,2007,713
강남구,삼성동,1168010500,14767,롯데캐슬프레미어,62389,106.93,84.48,B,109000,320000,0.1137105868151904,2007,713
강남구,삼성동,1168010500,14767,롯데캐슬프레미어,102845,127.06,101.81,,133500,340000,0.0979934898561369,2007,713
강남구,삼성동,1168010500,14767,롯데캐슬프레미어,134032,145.44,121.93,,153750,390000,0.0975516026740765,2007,713
강남구,삼성동,1168010500,14767,롯데캐슬프레미어,156991,148.34,122.48,A,148000,387500,0.1010346817846179,2007,713
강남구,삼성동,1168010500,14767,롯데캐슬프레미어,173688,148.34,122.48,B,148000,377500,0.0981597556937219,2007,713
강남구,삼성동,1168010500,14767,롯데캐슬프레미어,185944,168.58,144.11,,181500,435000,0.0913429889013803,2007,713
강남구,삼성동,1168010500,14767,롯데캐슬프레미어,194876,201.1,176.61,,211500,440000,0.0760048539577815,2007,713
강남구,삼성동,1168010500,14767,롯데캐슬프레미어,201618,239.42,213.43,,271500,455000,0.0529897804801593,2007,713
강남구,삼성동,1168010500,36287,삼부,117969,81.38,59.61,A,65000,175000,0.1041103200045001,1998,83
강남구,삼성동,1168010500,36287,삼부,198978,81.68,59.85,C,66750,185000,0.1073171998885638,1998,83
강남구,삼성동,1168010500,36287,삼부,145901,81.84,59.94,B,65000,175000,0.1041103200045001,1998,83
강남구,삼성동,1168010500,36287,삼부,180731,110.87,81.21,A,73500,192500,0.101068503059414,1998,83
강남구,삼성동,1168010500,36287,삼부,212643,113.81,83.39,B,76500,195000,0.098088435038167,1998,83
강남구,삼성동,1168010500,11957,삼부아그레빌,11768,90.63,69.55,,69500,176500,0.0976806045468532,2003,67
강남구,삼성동,1168010500,11957,삼부아그레빌,132646,108.41,83.75,A,79500,183500,0.0872436853658231,2003,67
강남구,삼성동,1168010500,11957,삼부아그레빌,156063,109.63,84.61,B,87000,197500,0.085437407784993,2003,67
강남구,삼성동,1168010500,11957,삼부아그레빌,173050,109.56,84.75,C,87000,197500,0.085437407784993,2003,67
강남구,삼성동,1168010500,11957,삼부아그레빌,194543,125.95,97.67,,89000,207500,0.0883355349616028,2003,67
강남구,삼성동,1168010500,12297,삼성동금호어울림,173134,103.54,84.32,A,84000,220000,0.101068503059414,2003,68
강남구,삼성동,1168010500,12297,삼성동금호어울림,185547,103.89,84.81,B,83500,220000,0.1017260556074934,2003,68
강남구,삼성동,1168010500,12297,삼성동금호어울림,201405,112.52,92.16,,84500,232500,0.1065132654183469,2003,68
강남구,삼성동,1168010500,12297,삼성동금호어울림,206583,116.07,94.25,,85500,234000,0.1059232140161632,2003,68
강남구,삼성동,1168010500,12297,삼성동금호어울림,213646,143.11,116.81,,101000,255000,0.0970385290044648,2003,68
강남구,삼성동,1168010500,12603,삼성동대성유니드,60506,99.63,80.66,,65500,162500,0.0951187292319641,2004,59
강남구,삼성동,1168010500,12603,삼성동대성유니드,101398,103.57,83.93,,65500,167500,0.0984425587616912,2004,59
강남구,삼성동,1168010500,12603,삼성동대성유니드,132960,105.01,84.91,,65500,167500,0.0984425587616912,2004,59
강남구,삼성동,1168010500,38,삼성동롯데,37,79.36,59.4,,74500,235000,0.1217372940118517,2000,339
강남구,삼성동,1168010500,38,삼성동롯데,49400,104.57,78.27,,78500,250000,0.1228119733804995,2000,339
강남구,삼성동,1168010500,38,삼성동롯데,93370,113.38,84.87,,89000,272500,0.118401265962085,2000,339
강남구,삼성동,1168010500,38,삼성동롯데,127771,122.6,91.77,,106000,297500,0.1087103722598632,2000,339
강남구,삼성동,1168010500,13810,삼성동롯데캐슬킹덤,61548,154.0,123.97,A,125000,280000,0.0839888170467406,2005,118
강남구,삼성동,1168010500,13810,삼성동롯데캐슬킹덤,102193,155.1,131.65,B,125000,280000,0.0839888170467406,2005,118
강남구,삼성동,1168010500,13810,삼성동롯데캐슬킹덤,173468,174.41,148.5,,137500,300000,0.0811398008219386,2005,118
강남구,삼성동,1168010500,13810,삼성동롯데캐슬킹덤,185772,207.63,170.8,,172500,340000,0.0702099435085663,2005,118
강남구,삼성동,1168010500,13207,삼성동중앙하이츠빌리지,12995,83.93,59.92,A,83000,260000,0.1209584769469747,2004,298
강남구,삼성동,1168010500,13207,삼성동중앙하이츠빌리지,61014,84.22,59.98,B,81500,260000,0.1230047001248302,2004,298
강남구,삼성동,1168010500,13207,삼성동중앙하이츠빌리지,133245,108.69,84.55,B,106000,320000,0.1168231594805384,2004,298
강남구,삼성동,1168010500,13207,삼성동중앙하이츠빌리지,101782,108.74,84.87,A,106500,320000,0.1162977183140214,2004,298
강남구,삼성동,1168010500,13207,삼성동중앙하이츠빌리지,156467,192.66,152.98,,171000,415000,0.0927107071774426,2004,298
강남구,삼성동,1168010500,39,삼성동한솔,49401,79.05,58.57,A,71000,200000,0.1091164961242316,1998,263
강남구,삼성동,1168010500,39,삼성동한솔,93371,79.05,58.57,B,72000,200000,0.10756634324829,1998,263
강남구,삼성동,1168010500,39,삼성동한솔,171098,114.73,85.0,,83500,245000,0.1136480498373355,1998,263
강남구,삼성동,1168010500,39,삼성동한솔,184197,147.81,109.51,,94500,255000,0.1043604300480764,1998,263
강남구,삼성동,1168010500,54,삼성동한일,52,83.55,55.34,,58500,180000,0.1189525334021361,2001,127
강남구,삼성동,1168010500,54,삼성동한일,49414,92.22,61.23,,66000,190000,0.1115294313438695,2001,127
강남구,삼성동,1168010500,54,삼성동한일,93384,105.28,70.05,,74000,210000,0.1099380952803446,2001,127
강남구,삼성동,1168010500,54,삼성동한일,127782,108.27,80.29,,77500,220000,0.1099721900477015,2001,127
강남구,삼성동,1168010500,15758,삼성동힐스테이트1단지,15498,41.4,26.5,,55000,122500,0.0833713338683006,2009,1144
강남구,삼성동,1168010500,15758,삼성동힐스테이트1단지,63272,47.93,31.4,,62500,155000,0.0950782873588571,2009,1144
강남구,삼성동,1168010500,15758,삼성동힐스테이트1단지,134592,109.4,84.23,A,120000,350000,0.112983381783869,2009,1144
강남구,삼성동,1168010500,15758,삼성동힐스테이트1단지,157405,109.54,84.34,B,120000,350000,0.112983381783869,2009,1144
강남구,삼성동,1168010500,15758,삼성동힐스테이트1단지,173984,109.58,84.41,D,114000,340000,0.1154687463935488,2009,1144
강남구,삼성동,1168010500,15758,삼성동힐스테이트1단지,186168,109.62,84.5,C,114000,350000,0.1187069065821866,2009,1144
강남구,삼성동,1168010500,15758,삼성동힐스테이트1단지,201736,144.26,114.03,B,147000,425000,0.112006074190019,2009,1144
강남구,삼성동,1168010500,15758,삼성동힐스테이트1단지,195039,143.04,114.46,A,147000,425000,0.112006074190019,2009,1144
강남구,삼성동,1168010500,15759,삼성동힐스테이트2단지,15499,51.81,38.67,A,64000,165000,0.0993358657437997,2009,926
강남구,삼성동,1168010500,15759,삼성동힐스테이트2단지,63273,52.78,39.55,B,66000,165000,0.0959582263852172,2009,926
강남구,삼성동,1168010500,15759,삼성동힐스테이트2단지,103569,54.23,40.55,A,70000,182500,0.1005669906986683,2009,926
강남구,삼성동,1168010500,15759,삼성동힐스테이트2단지,134593,55.11,40.58,B,67500,175000,0.0999512246616067,2009,926
강남구,삼성동,1168010500,15759,삼성동힐스테이트2단지,157406,56.05,40.76,C,70000,182500,0.1005669906986683,2009,926
강남구,삼성동,1168010500,15759,삼성동힐스테이트2단지,173985,59.62,43.84,,74500,200000,0.1037923309268826,2009,926
강남구,삼성동,1168010500,15759,삼성동힐스테이트2단지,186169,109.5,84.23,A,122500,345000,0.1090938590147023,2009,926
강남구,삼성동,1168010500,15759,삼성동힐스테이트2단지,195040,109.54,84.34,B,122500,345000,0.1090938590147023,2009,926
강남구,삼성동,1168010500,15759,삼성동힐스테이트2단지,201737,111.11,84.43,C,116000,335000,0.1118819543928246,2009,926
강남구,삼성동,1168010500,15759,삼성동힐스테이트2단지,206829,111.25,84.67,D,116000,335000,0.1118819543928246,2009,926
강남구,삼성동,1168010500,56,삼성파크,93386,139.75,107.38,,86500,235000,0.1051091518219122,2001,114
강남구,삼성동,1168010500,56,삼성파크,127784,157.08,121.69,,92000,245000,0.1029042892080622,2001,114
강남구,삼성동,1168010500,56,삼성파크,153097,162.21,124.86,,99000,250000,0.0970602549059502,2001,114
강남구,삼성동,1168010500,43,서광,42,77.04,59.67,,77500,240000,0.1196723509334198,1998,304
강남구,삼성동,1168010500,43,서광,49404,100.12,80.91,,83000,250000,0.1165706082505921,1998,304
강남구,삼성동,1168010500,43,서광,127775,104.38,84.9,B,88500,260000,0.1137892137086642,1998,304
강남구,삼성동,1168010500,43,서광,93374,104.43,84.93,A,88500,260000,0.1137892137086642,1998,304
강남구,삼성동,1168010500,44,석탑,93375,81.43,59.82,B,63500,180000,0.1098131796074766,1996,139
강남구,삼성동,1168010500,44,석탑,49405,106.24,84.6,,78000,242500,0.1201126810971431,1996,139
강남구,삼성동,1168010500,22284,진흥,21523,110.92,104.31,,114500,322500,0.1091043872706611,1984,255
강남구,삼성동,1168010500,22284,진흥,68775,180.67,170.01,,176000,460000,0.100840797777314,1984,255
강남구,삼성동,1168010500,22284,진흥,108237,221.01,207.82,,210000,500000,0.0906240515512695,1984,255
강남구,삼성동,1168010500,42,청구.,41,104.76,84.99,,102500,267500,0.1006772550714203,1992,167
강남구,삼성동,1168010500,47,푸른솔,46,82.24,59.4,,63000,156500,0.0952603837278454,1996,61
강남구,삼성동,1168010500,47,푸른솔,49407,106.08,84.9,,72000,192500,0.103341170062347,1996,61
강남구,삼성동,1168010500,51,풍림(1차),49411,82.07,59.7,,72000,215000,0.1156053706674713,1998,252
강남구,삼성동,1168010500,51,풍림(1차),93381,109.71,84.78,,91000,277500,0.1179494316939382,1998,252
강남구,삼성동,1168010500,51,풍림(1차),153093,141.23,113.0,,107500,285000,0.1024112577583846,1998,252
강남구,삼성동,1168010500,53,풍림2차,93383,81.0,59.94,,72000,210000,0.112983381783869,1998,112
강남구,삼성동,1168010500,53,풍림2차,153095,126.74,93.78,,96000,264000,0.1064537610602056,1998,112
강남구,삼성동,1168010500,40,현대,39,45.92,32.61,,25500,87000,0.1305711716390398,1999,198
강남구,삼성동,1168010500,40,현대,49402,83.99,59.83,,68000,190000,0.1082161346753405,1999,198
강남구,삼성동,1168010500,40,현대,93372,98.22,78.28,,70000,205000,0.1134368284758993,1999,198
강남구,삼성동,1168010500,40,현대,127773,108.31,84.87,,84000,250000,0.1152341823827474,1999,198
강남구,삼성동,1168010500,40,현대,153089,144.33,114.83,,106000,290000,0.105883079624625,1999,198
강남구,세곡동,1168011100,24991,강남데시앙파크,70879,108.54,84.95,C,69000,150000,0.0807474433638513,2011,546
강남구,세곡동,1168011100,24991,강남데시앙파크,161457,109.96,84.97,B,67000,150000,0.0839310212619059,2011,546
강남구,세곡동,1168011100,24991,강남데시앙파크,109907,145.53,114.69,A,82500,175000,0.0780984211186959,2011,546
강남구,세곡동,1168011100,24585,강남신동아파밀리에1단지,70537,86.89,59.88,B,55000,145000,0.1017943253725697,2011,395
강남구,세곡동,1168011100,24585,강남신동아파밀리에1단지,23532,86.88,59.97,A,55000,145000,0.1017943253725697,2011,395
강남구,세곡동,1168011100,24586,강남신동아파밀리에2단지,23533,116.72,84.97,D,67000,150000,0.0839310212619059,2011,410
강남구,세곡동,1168011100,24586,강남신동아파밀리에2단지,70538,115.82,84.98,E,67000,150000,0.0839310212619059,2011,410
강남구,세곡동,1168011100,25358,강남엘에이치1단지(e편한세상),139878,81.83,59.86,C,62000,162500,0.1011491999374125,2013,809
강남구,세곡동,1168011100,25358,강남엘에이치1단지(e편한세상),71199,81.87,59.89,AN,62000,162500,0.1011491999374125,2013,809
강남구,세곡동,1168011100,25358,강남엘에이치1단지(e편한세상),24296,81.87,59.89,A,62000,162500,0.1011491999374125,2013,809
강남구,세곡동,1168011100,25358,강남엘에이치1단지(e편한세상),110176,82.0,59.99,B,62000,162500,0.1011491999374125,2013,809
강남구,세곡동,1168011100,25358,강남엘에이치1단지(e편한세상),161626,102.17,74.74,A,70000,170000,0.0927859135334685,2013,809
강남구,세곡동,1168011100,25358,강남엘에이치1단지(e편한세상),177334,115.95,84.82,A,76250,182500,0.0911948360680161,2013,809
강남구,세곡동,1168011100,25358,강남엘에이치1단지(e편한세상),188782,115.96,84.83,B,76250,182500,0.0911948360680161,2013,809
강남구,세곡동,1168011100,25358,강남엘에이치1단지(e편한세상),197120,115.97,84.84,C,76250,182500,0.0911948360680161,2013,809
강남구,세곡동,1168011100,25358,강남엘에이치1단지(e편한세상),203378,115.97,84.84,CN,76250,182500,0.0911948360680161,2013,809
강남구,세곡동,1168011100,24587,세곡리엔파크3단지,23534,118.44,84.96,A,68000,150000,0.0823263571107437,2011,363
강남구,세곡동,1168011100,24932,세곡푸르지오,23874,80.22,59.86,C,61500,155000,0.0968460061802143,2012,912
강남구,세곡동,1168011100,24932,세곡푸르지오,70830,80.26,59.89,A,61500,155000,0.0968460061802143,2012,912
강남구,세곡동,1168011100,24932,세곡푸르지오,109865,80.4,59.99,B,61500,155000,0.0968460061802143,2012,912
강남구,세곡동,1168011100,24932,세곡푸르지오,139614,100.16,74.74,A,69500,180000,0.0998381249422497,2012,912
강남구,세곡동,1168011100,24932,세곡푸르지오,161427,100.16,74.74,AN,69500,180000,0.0998381249422497,2012,912
강남구,세곡동,1168011100,24932,세곡푸르지오,188667,113.69,84.83,BN,75500,195000,0.0995342600941646,2012,912
강남구,세곡동,1168011100,24932,세곡푸르지오,177181,113.69,84.83,B,75500,195000,0.0995342600941646,2012,912
강남구,세곡동,1168011100,24932,세곡푸르지오,197026,113.7,84.84,C,75500,195000,0.0995342600941646,2012,912
강남구,세곡동,1168011100,24932,세곡푸르지오,203307,113.7,84.84,CN,75500,195000,0.0995342600941646,2012,912
강남구,세곡동,1168011100,24932,세곡푸르지오,208078,113.83,84.94,E,75500,195000,0.0995342600941646,2012,912
강남구,세곡동,1168011100,24932,세곡푸르지오,211741,113.85,84.95,D,75500,195000,0.0995342600941646,2012,912
강남구,수서동,1168011500,29637,강남더샵포레스트,28531,142.83,114.48,,122500,280000,0.0861809815646652,2016,400
강남구,수서동,1168011500,29637,강남더샵포레스트,113225,153.53,124.57,B,127500,295000,0.0875048015334569,2016,400
강남구,수서동,1168011500,29637,강남더샵포레스트,74981,153.53,124.57,A,127500,295000,0.0875048015334569,2016,400
강남구,수서동,1168011500,29637,강남더샵포레스트,142274,153.53,124.57,C,127500,295000,0.0875048015334569,2016,400
강남구,수서동,1168011500,29637,강남더샵포레스트,163475,154.0,124.58,D,127500,295000,0.0875048015334569,2016,400
강남구,수서동,1168011500,29637,강남더샵포레스트,178788,180.45,146.68,D,150000,360000,0.0914934256178969,2016,400
강남구,수서동,1168011500,29637,강남더샵포레스트,189879,180.51,146.71,A,150000,360000,0.0914934256178969,2016,400
강남구,수서동,1168011500,29637,강남더샵포레스트,204027,181.29,146.75,C,150000,360000,0.0914934256178969,2016,400
강남구,수서동,1168011500,29637,강남더샵포레스트,197967,181.29,146.75,B,150000,360000,0.0914934256178969,2016,400
강남구,수서동,1168011500,29637,강남더샵포레스트,208629,202.19,165.43,A,162500,387500,0.0907917238188076,2016,400
강남구,수서동,1168011500,29637,강남더샵포레스트,214949,202.19,165.43,C,162500,387500,0.0907917238188076,2016,400
강남구,수서동,1168011500,29637,강남더샵포레스트,212181,202.19,165.43,B,162500,387500,0.0907917238188076,2016,400
강남구,수서동,1168011500,28948,강남데시앙포레,203939,114.58,84.81,A,87000,235000,0.104472383063807,2014,787
강남구,수서동,1168011500,28948,강남데시앙포레,208560,114.91,84.86,C,87000,235000,0.104472383063807,2014,787
강남구,수서동,1168011500,28948,강남데시앙포레,212117,116.07,84.92,B,87000,235000,0.104472383063807,2014,787
강남구,수서동,1168011500,28948,강남데시앙포레,214898,116.07,84.92,BN,87000,235000,0.104472383063807,2014,787
강남구,수서동,1168011500,118,까치마을,116,49.01,34.44,,42250,145000,0.1312383740108849,1993,1404
강남구,수서동,1168011500,118,까치마을,49471,56.36,39.6,,49000,156000,0.1227753047440221,1993,1404
강남구,수서동,1168011500,118,까치마을,93430,70.45,49.5,,59750,194000,0.1249840939273327,1993,1404
강남구,수서동,1168011500,119,동익,117,73.13,60.01,,63000,150000,0.0906240515512695,1993,330
강남구,수서동,1168011500,119,동익,49472,101.82,84.46,,74500,240000,0.124101421211807,1993,330
강남구,수서동,1168011500,120,삼성,118,77.56,59.86,,68000,231000,0.1300829086670374,1997,680
강남구,수서동,1168011500,120,삼성,49473,104.74,84.97,,82000,255000,0.1201408426752128,1997,680
강남구,수서동,1168011500,115,삼익,113,68.72,49.2,,54750,209500,0.1436153879283026,1992,645
강남구,수서동,1168011500,115,삼익,49468,86.06,60.0,,62000,234500,0.1422866883146247,1992,645
강남구,수서동,1168011500,115,삼익,93427,115.17,84.48,,75000,266000,0.134963871925988,1992,645
강남구,수서동,1168011500,116,수서한아름,114,120.76,97.63,,82500,240000,0.1126939567408871,1993,498
강남구,수서동,1168011500,116,수서한아름,49469,152.59,129.45,,93500,277500,0.1149236750389204,1993,498
강남구,수서동,1168011500,116,수서한아름,93428,188.79,163.68,,108500,290000,0.1033081492420733,1993,498
강남구,수서동,1168011500,117,신동아,115,49.0,33.18,,41000,153500,0.1411229826402014,1992,1162
강남구,수서동,1168011500,117,신동아,49470,55.23,39.51,,46750,175000,0.1411050920107963,1992,1162
강남구,수서동,1168011500,117,신동아,93429,60.14,39.53,,51000,177500,0.1328249826635612,1992,1162
강남구,수서동,1168011500,117,신동아,127821,69.85,49.96,,55000,197500,0.1363717823030439,1992,1162
강남구,신사동,1168010700,104,대원칸타빌,102,85.08,59.73,,55500,158000,0.1102899542168973,2001,130
강남구,신사동,1168010700,104,대원칸타빌,153120,107.94,84.85,B,65000,176500,0.1050530696485938,2001,130
강남구,신사동,1168010700,104,대원칸타빌,171121,123.49,97.08,,77500,186000,0.0914934256178969,2001,130
강남구,신사동,1168010700,104,대원칸타빌,184215,144.14,113.31,,90000,219000,0.0929999964523646,2001,130
강남구,신사동,1168010700,110,로데오현대,108,73.95,55.08,,50500,129500,0.0987473459380556,1998,139
강남구,신사동,1168010700,110,로데오현대,49464,114.07,84.96,,66500,168500,0.0974325214593496,1998,139
강남구,신사동,1168010700,110,로데오현대,127818,122.1,90.94,A,69000,197500,0.1108919019782737,1998,139
강남구,신사동,1168010700,110,로데오현대,153122,122.28,91.08,B,69000,197500,0.1108919019782737,1998,139
강남구,신사동,1168010700,113,신성,111,77.96,59.67,,57000,170000,0.1154687463935488,1996,55
강남구,신사동,1168010700,113,신성,49466,106.65,84.9,,75000,216000,0.1115762237178445,1996,55
강남구,신사동,1168010700,12600,압구정하이츠파크,12399,234.38,184.02,,270000,592500,0.0817638370537263,2004,86
강남구,신사동,1168010700,12600,압구정하이츠파크,60504,270.55,213.05,,288000,710000,0.094426464119955,2004,86
강남구,압구정동,1168011000,95,미성(1차),93,111.97,105.62,A,140000,500000,0.1357537955964265,1982,322
강남구,압구정동,1168011000,95,미성(1차),213354,112.0,105.65,B,140000,500000,0.1357537955964265,1982,322
강남구,압구정동,1168011000,95,미성(1차),215869,112.0,106.45,C,140000,500000,0.1357537955964265,1982,322
강남구,압구정동,1168011000,95,미성(1차),217927,112.03,106.48,D,140000,500000,0.1357537955964265,1982,322
강남구,압구정동,1168011000,95,미성(1차),49451,163.87,153.32,D,185000,650000,0.1338984531182094,1982,322
강남구,압구정동,1168011000,95,미성(1차),184211,163.9,153.35,E,185000,650000,0.1338984531182094,1982,322
강남구,압구정동,1168011000,95,미성(1차),193647,163.91,153.36,C,185000,650000,0.1338984531182094,1982,322
강남구,압구정동,1168011000,95,미성(1차),206070,163.81,157.89,B,185000,650000,0.1338984531182094,1982,322
강남구,압구정동,1168011000,95,미성(1차),200717,163.8,157.92,,185000,650000,0.1338984531182094,1982,322
강남구,압구정동,1168011000,95,미성(1차),127807,193.03,180.53,B,205000,740000,0.1369668068355545,1982,322
강남구,압구정동,1168011000,95,미성(1차),93413,193.02,180.56,A,205000,740000,0.1369668068355545,1982,322
강남구,압구정동,1168011000,95,미성(1차),153116,193.06,185.13,C,205000,740000,0.1369668068355545,1982,322
강남구,압구정동,1168011000,95,미성(1차),171117,193.09,185.16,D,205000,740000,0.1369668068355545,1982,322
강남구,압구정동,1168011000,93,미성(2차),91,95.27,74.4,,120000,440000,0.1387467304496019,1987,911
강남구,압구정동,1168011000,93,미성(2차),49449,138.47,118.63,,171500,550000,0.1235951515799442,1987,911
강남구,압구정동,1168011000,93,미성(2차),93411,163.56,140.9,,181500,675000,0.1403619405382086,1987,911
강남구,압구정동,1168011000,96,한양(1차),94,65.45,49.98,A,92500,390000,0.1547614772696603,1977,936
강남구,압구정동,1168011000,96,한양(1차),217928,83.3,60.06,A,111000,425000,0.1436854476036593,1977,936
강남구,압구정동,1168011000,96,한양(1차),219633,83.31,60.07,B,111000,425000,0.1436854476036593,1977,936
강남구,압구정동,1168011000,96,한양(1차),93414,90.98,63.87,,112000,510000,0.1636844080494075,1977,936
강남구,압구정동,1168011000,96,한양(1차),49452,87.14,63.93,,112000,510000,0.1636844080494075,1977,936
강남구,압구정동,1168011000,96,한양(1차),127808,90.04,65.12,A,112500,500000,0.1608650821807935,1977,936
강남구,압구정동,1168011000,96,한양(1차),215870,89.78,65.16,B,112500,500000,0.1608650821807935,1977,936
강남구,압구정동,1168011000,96,한양(1차),153117,102.75,78.05,,128000,520000,0.1504806996871723,1977,936
강남구,압구정동,1168011000,96,한양(1차),171118,107.44,79.04,,128500,545000,0.1554451593076526,1977,936
강남구,압구정동,1168011000,96,한양(1차),184212,115.49,83.04,,129500,550000,0.1556046803035924,1977,936
강남구,압구정동,1168011000,96,한양(1차),193648,121.76,91.21,,143000,595000,0.1532357390826078,1977,936
강남구,압구정동,1168011000,96,한양(1차),200718,134.87,103.01,,151500,620000,0.1513249220135455,1977,936
강남구,압구정동,1168011000,97,한양(2차),95,160.57,147.41,,211500,720000,0.1303220830426066,1978,296
강남구,압구정동,1168011000,97,한양(2차),49453,192.55,175.92,,230500,820000,0.1353095531285437,1978,296
강남구,압구정동,1168011000,98,한양(3차),127809,127.07,116.94,A,164000,605000,0.1394391902874134,1978,312
강남구,압구정동,1168011000,98,한양(3차),153118,127.4,117.26,B,164000,605000,0.1394391902874134,1978,312
강남구,압구정동,1168011000,98,한양(3차),96,128.25,118.61,A,158500,605000,0.1433326632963056,1978,312
강남구,압구정동,1168011000,98,한양(3차),171119,128.16,118.94,C,158500,605000,0.1433326632963056,1978,312
강남구,압구정동,1168011000,98,한양(3차),49454,129.77,119.64,B,164000,605000,0.1394391902874134,1978,312
강남구,압구정동,1168011000,98,한양(3차),184213,130.11,119.97,D,164000,605000,0.1394391902874134,1978,312
강남구,압구정동,1168011000,98,한양(3차),93416,176.43,161.9,,201000,755000,0.1414978278774248,1978,312
강남구,압구정동,1168011000,99,한양(4차),127810,108.46,101.09,A,135000,565000,0.15390875357897,1978,286
강남구,압구정동,1168011000,99,한양(4차),153119,109.16,101.79,B,135000,565000,0.15390875357897,1978,286
강남구,압구정동,1168011000,99,한양(4차),97,110.18,102.81,C,135000,565000,0.15390875357897,1978,286
강남구,압구정동,1168011000,99,한양(4차),171120,112.13,104.76,,135000,565000,0.15390875357897,1978,286
강남구,압구정동,1168011000,99,한양(4차),49455,226.56,208.65,A,256500,867500,0.1295831656561776,1978,286
강남구,압구정동,1168011000,99,한양(4차),184214,228.51,210.6,B,256500,867500,0.1295831656561776,1978,286
강남구,압구정동,1168011000,94,한양(5차),171116,110.65,82.55,A,133500,510000,0.1434281793717173,1979,343
강남구,압구정동,1168011000,94,한양(5차),92,108.26,100.49,B,133500,510000,0.1434281793717173,1979,343
강남구,압구정동,1168011000,94,한양(5차),184210,108.27,100.5,C,133500,510000,0.1434281793717173,1979,343
강남구,압구정동,1168011000,94,한양(5차),193646,108.27,102.22,D,133500,510000,0.1434281793717173,1979,343
강남구,압구정동,1168011000,94,한양(5차),200716,110.65,102.35,E,133500,510000,0.1434281793717173,1979,343
강남구,압구정동,1168011000,94,한양(5차),206069,110.64,105.55,F,133500,510000,0.1434281793717173,1979,343
강남구,압구정동,1168011000,94,한양(5차),93412,127.41,115.24,A,163500,590000,0.1369292124561247,1979,343
강남구,압구정동,1168011000,94,한양(5차),210170,127.41,123.54,B,163500,590000,0.1369292124561247,1979,343
강남구,압구정동,1168011000,94,한양(5차),127806,168.46,153.59,,209000,700000,0.1284834010521471,1979,343
강남구,압구정동,1168011000,94,한양(5차),153115,168.46,156.89,,209000,700000,0.1284834010521471,1979,343
강남구,압구정동,1168011000,100,한양(6차),98,115.17,106.71,A,147500,570000,0.1447437564930647,1980,227
강남구,압구정동,1168011000,100,한양(6차),127811,115.1,110.74,B,147500,570000,0.1447437564930647,1980,227
강남구,압구정동,1168011000,100,한양(6차),93418,168.7,154.12,,197500,725000,0.1388777036918491,1980,227
강남구,압구정동,1168011000,101,한양(7차),99,114.55,106.22,A,146000,540000,0.1397355385717138,1981,239
강남구,압구정동,1168011000,101,한양(7차),93419,114.55,110.25,B,146000,540000,0.1397355385717138,1981,239
강남구,압구정동,1168011000,101,한양(7차),49457,151.04,137.55,,193000,625000,0.1246885423517916,1981,239
강남구,압구정동,1168011000,102,한양(8차),127813,224.21,210.1,,290000,800000,0.1068001234503837,1984,90
강남구,압구정동,1168011000,36367,"현대(1,2차)",35200,141.74,131.48,A,172500,670000,0.145324551108442,1976,960
강남구,압구정동,1168011000,36367,"현대(1,2차)",1249600,141.75,131.49,B,172500,670000,0.145324551108442,1976,960
강남구,압구정동,1168011000,36367,"현대(1,2차)",1249601,142.1,131.6,C,172500,670000,0.145324551108442,1976,960
강남구,압구정동,1168011000,36367,"현대(1,2차)",1471242,176.14,160.51,A,207500,816667,0.1468396264196347,1976,960
강남구,압구정동,1168011000,36367,"현대(1,2차)",1471243,176.15,160.52,B,207500,816667,0.1468396264196347,1976,960
강남구,압구정동,1168011000,36367,"현대(1,2차)",1471244,176.22,160.59,C,207500,816667,0.1468396264196347,1976,960
강남구,압구정동,1168011000,36367,"현대(1,2차)",1249186,176.87,161.18,B,207500,816667,0.1468396264196347,1976,960
강남구,압구정동,1168011000,36367,"현대(1,2차)",80888,176.88,161.19,,207500,816667,0.1468396264196347,1976,960
강남구,압구정동,1168011000,36367,"현대(1,2차)",1471245,176.14,162.27,D,207500,816667,0.1468396264196347,1976,960
강남구,압구정동,1168011000,36367,"현대(1,2차)",1249185,176.87,162.94,A,207500,816667,0.1468396264196347,1976,960
강남구,압구정동,1168011000,36367,"현대(1,2차)",118010,211.23,196.21,A,264000,1066667,0.1498534516963627,1976,960
강남구,압구정동,1168011000,36367,"현대(1,2차)",1249602,211.42,196.36,B,264000,1066667,0.1498534516963627,1976,960
강남구,압구정동,1168011000,36367,"현대(1,2차)",1249187,211.78,196.84,B,264000,1066667,0.1498534516963627,1976,960
강남구,압구정동,1168011000,36367,"현대(1,2차)",1249954,211.79,196.85,C,264000,1066667,0.1498534516963627,1976,960
강남구,압구정동,1168011000,36367,"현대(1,2차)",1249188,213.46,198.41,,264000,1066667,0.1498534516963627,1976,960
강남구,압구정동,1168011000,21227,현대(10차),20522,115.41,108.15,,142500,615000,0.1574600898930525,1982,144
강남구,압구정동,1168011000,21227,현대(10차),67839,164.59,151.93,,197500,765000,0.1450104057412546,1982,144
강남구,압구정동,1168011000,22306,현대(13차),21542,119.5,84.5,A,162500,600000,0.1395405619548677,1984,234
강남구,압구정동,1168011000,22306,현대(13차),138391,116.03,105.31,A,162500,600000,0.1395405619548677,1984,234
강남구,압구정동,1168011000,22306,현대(13차),68794,116.12,105.45,B,162500,600000,0.1395405619548677,1984,234
강남구,압구정동,1168011000,22306,현대(13차),108255,119.5,108.47,C,162500,600000,0.1395405619548677,1984,234
강남구,압구정동,1168011000,106,현대(3차),49462,108.88,82.5,A,135500,515000,0.1428435811203237,1976,432
강남구,압구정동,1168011000,106,현대(3차),104,108.94,82.56,B,135500,515000,0.1428435811203237,1976,432
강남구,압구정동,1168011000,107,현대(4차),1581549,140.7,117.9,,212500,730000,0.1313484666400681,1977,170
강남구,압구정동,1168011000,107,현대(4차),105,140.26,117.91,,212500,730000,0.1313484666400681,1977,170
강남구,압구정동,1168011000,108,현대(5차),106,113.96,82.23,,157500,595000,0.1421513061729127,1977,224
강남구,압구정동,1168011000,36573,"현대(6,7차)",1249165,157.86,129.92,,207500,743333,0.1360999252159347,1978,1288
강남구,압구정동,1168011000,36573,"현대(6,7차)",1249164,156.13,144.2,C,207500,743333,0.1360999252159347,1978,1288
강남구,압구정동,1168011000,36573,"현대(6,7차)",35406,156.13,144.2,A,207500,743333,0.1360999252159347,1978,1288
강남구,압구정동,1168011000,36573,"현대(6,7차)",145974,156.67,144.7,B,207500,743333,0.1360999252159347,1978,1288
강남구,압구정동,1168011000,36573,"현대(6,7차)",81065,170.23,157.36,,228500,836667,0.1385881080889059,1978,1288
강남구,압구정동,1168011000,36573,"현대(6,7차)",118112,212.93,196.7,A,285000,1003333,0.1341226491318423,1978,1288
강남구,압구정동,1168011000,36573,"현대(6,7차)",1249166,212.93,196.7,B,285000,1003333,0.1341226491318423,1978,1288
강남구,압구정동,1168011000,36573,"현대(6,7차)",1249167,264.87,245.2,,395000,1316667,0.1279449015610625,1978,1288
강남구,압구정동,1168011000,12450,현대(65동),132892,281.81,243.23,B,340000,1250000,0.1390508424539789,2004,56
강남구,압구정동,1168011000,12450,현대(65동),101297,282.65,243.96,A,340000,1250000,0.1390508424539789,2004,56
강남구,압구정동,1168011000,103,현대(8차),101,115.26,107.64,,135000,555000,0.151849986256443,1980,515
강남구,압구정동,1168011000,103,현대(8차),93421,119.65,111.5,B,135000,555000,0.151849986256443,1980,515
강남구,압구정동,1168011000,103,현대(8차),127814,119.64,112.53,A,135000,555000,0.151849986256443,1980,515
강남구,압구정동,1168011000,103,현대(8차),49459,177.73,163.67,,192500,745000,0.1449131773224665,1980,515
강남구,압구정동,1168011000,92,현대(신현대),210169,118.1,84.88,A,150000,640000,0.1561358587625148,1982,1924
강남구,압구정동,1168011000,92,현대(신현대),213352,114.08,107.16,A,150000,640000,0.1561358587625148,1982,1924
강남구,압구정동,1168011000,92,현대(신현대),215868,115.4,108.3,B,150000,640000,0.1561358587625148,1982,1924
강남구,압구정동,1168011000,92,현대(신현대),217926,115.41,108.31,C,150000,640000,0.1561358587625148,1982,1924
강남구,압구정동,1168011000,92,현대(신현대),90,115.42,108.32,D,150000,640000,0.1561358587625148,1982,1924
강남구,압구정동,1168011000,92,현대(신현대),219632,119.37,108.36,B,150000,640000,0.1561358587625148,1982,1924
강남구,압구정동,1168011000,92,현대(신현대),221022,116.54,108.88,E,150000,640000,0.1561358587625148,1982,1924
강남구,압구정동,1168011000,92,현대(신현대),222171,116.94,109.24,F,150000,640000,0.1561358587625148,1982,1924
강남구,압구정동,1168011000,92,현대(신현대),223145,116.39,109.29,G,150000,640000,0.1561358587625148,1982,1924
강남구,압구정동,1168011000,92,현대(신현대),223961,118.1,110.82,C,150000,640000,0.1561358587625148,1982,1924
강남구,압구정동,1168011000,92,현대(신현대),49448,119.26,111.38,D,150000,640000,0.1561358587625148,1982,1924
강남구,압구정동,1168011000,92,현대(신현대),224673,119.33,112.05,E,150000,640000,0.1561358587625148,1982,1924
강남구,압구정동,1168011000,92,현대(신현대),225275,126.98,115.23,,150000,640000,0.1561358587625148,1982,1924
강남구,압구정동,1168011000,92,현대(신현대),93410,128.28,121.18,A,162500,705000,0.1580667038251717,1982,1924
강남구,압구정동,1168011000,92,현대(신현대),127805,129.08,121.98,B,162500,705000,0.1580667038251717,1982,1924
강남구,압구정동,1168011000,92,현대(신현대),225789,129.37,122.27,C,162500,705000,0.1580667038251717,1982,1924
강남구,압구정동,1168011000,92,현대(신현대),226234,164.96,152.28,A,220000,830000,0.1419985202087899,1982,1924
강남구,압구정동,1168011000,92,현대(신현대),153114,165.09,152.39,B,220000,830000,0.1419985202087899,1982,1924
강남구,압구정동,1168011000,92,현대(신현대),226630,167.48,155.52,A,220000,830000,0.1419985202087899,1982,1924
강남구,압구정동,1168011000,92,현대(신현대),171115,167.49,155.53,B,220000,830000,0.1419985202087899,1982,1924
강남구,압구정동,1168011000,92,현대(신현대),184209,183.49,170.38,,227500,895000,0.1467907028857134,1982,1924
강남구,압구정동,1168011000,92,현대(신현대),193645,188.25,170.81,A,227500,895000,0.1467907028857134,1982,1924
강남구,압구정동,1168011000,92,현대(신현대),226966,188.94,171.43,B,227500,895000,0.1467907028857134,1982,1924
강남구,압구정동,1168011000,92,현대(신현대),200715,197.02,182.95,,250000,1000000,0.1486983549970351,1982,1924
강남구,압구정동,1168011000,92,현대(신현대),206068,202.05,183.41,,250000,1000000,0.1486983549970351,1982,1924
강남구,역삼동,1168010100,25248,개나리SK뷰,71101,113.05,84.98,B,126000,340000,0.1043604300480764,2012,240
강남구,역삼동,1168010100,25248,개나리SK뷰,24186,112.96,84.99,A,126000,340000,0.1043604300480764,2012,240
강남구,역삼동,1168010100,25248,개나리SK뷰,110095,160.22,127.27,,170000,380000,0.0837608727269985,2012,240
강남구,역삼동,1168010100,14176,개나리래미안,13950,77.36,59.7,B,83500,255000,0.1181121595813698,2006,438
강남구,역삼동,1168010100,14176,개나리래미안,61876,77.64,59.93,C,83500,255000,0.1181121595813698,2006,438
강남구,역삼동,1168010100,14176,개나리래미안,102450,77.59,59.95,A,83500,255000,0.1181121595813698,2006,438
강남구,역삼동,1168010100,14176,개나리래미안,133735,109.27,84.93,A,110000,325000,0.1144204362443335,2006,438
강남구,역삼동,1168010100,14176,개나리래미안,156791,109.23,84.94,B,110000,325000,0.1144204362443335,2006,438
강남구,역삼동,1168010100,14176,개나리래미안,173566,146.56,114.65,,131500,340000,0.0996521214948487,2006,438
강남구,역삼동,1168010100,14176,개나리래미안,185849,165.44,129.8,A,138000,355000,0.099094226815571,2006,438
강남구,역삼동,1168010100,14176,개나리래미안,194805,165.29,129.96,B,138000,355000,0.099094226815571,2006,438
강남구,역삼동,1168010100,14176,개나리래미안,201570,183.09,144.55,,145000,362500,0.0959582263852172,2006,438
강남구,역삼동,1168010100,14176,개나리래미안,206709,184.38,144.98,,145000,362500,0.0959582263852172,2006,438
강남구,역삼동,1168010100,14175,개나리푸르지오,13949,79.81,59.68,B,91000,272500,0.1159185871979691,2006,332
강남구,역삼동,1168010100,14175,개나리푸르지오,61875,79.97,59.98,A,91000,272500,0.1159185871979691,2006,332
강남구,역삼동,1168010100,14175,개나리푸르지오,102449,109.39,84.68,A,112500,327500,0.1127712030181602,2006,332
강남구,역삼동,1168010100,14175,개나리푸르지오,133734,110.65,84.98,B,120000,327500,0.1056126671507373,2006,332
강남구,역삼동,1168010100,14175,개나리푸르지오,156790,167.28,132.83,,147500,370000,0.0963291721499901,2006,332
강남구,역삼동,1168010100,14175,개나리푸르지오,173565,166.7,133.16,,147500,370000,0.0963291721499901,2006,332
강남구,역삼동,1168010100,14175,개나리푸르지오,185848,184.22,147.95,B,157500,377500,0.0913489621696312,2006,332
강남구,역삼동,1168010100,14175,개나리푸르지오,194804,184.18,148.8,A,157500,377500,0.0913489621696312,2006,332
강남구,역삼동,1168010100,28,경남,27,110.85,81.01,A,66500,175000,0.1015941992032318,2002,164
강남구,역삼동,1168010100,28,경남,93362,112.71,84.68,C,67000,175000,0.1007693401267317,2002,164
강남구,역삼동,1168010100,28,경남,49391,117.5,84.93,B,67000,175000,0.1007693401267317,2002,164
강남구,역삼동,1168010100,12338,금호어울림,12140,103.7,84.95,,79000,222500,0.1090989455629034,2003,183
강남구,역삼동,1168010100,12338,금호어울림,60271,153.43,132.88,,90000,242500,0.1041979165277529,2003,183
강남구,역삼동,1168010100,12338,금호어울림,132834,155.39,133.77,A,94000,247500,0.1016527806185794,2003,183
강남구,역삼동,1168010100,12338,금호어울림,101218,156.18,133.95,B,94000,247500,0.1016527806185794,2003,183
강남구,역삼동,1168010100,22,대림역삼,21,78.01,59.66,A,60500,192500,0.1227098577832095,1997,129
강남구,역삼동,1168010100,22,대림역삼,93356,78.47,59.99,B,60500,192500,0.1227098577832095,1997,129
강남구,역삼동,1168010100,22,대림역삼,49385,111.09,84.96,,71000,235000,0.1271480171107621,1997,129
강남구,역삼동,1168010100,18,동부센트레빌,17,77.83,59.82,A,68500,225000,0.1262873197603624,1998,206
강남구,역삼동,1168010100,18,동부센트레빌,93353,78.03,59.97,B,68500,225000,0.1262873197603624,1998,206
강남구,역삼동,1168010100,18,동부센트레빌,49381,110.66,84.97,,86500,242500,0.1085864437234367,1998,206
강남구,역삼동,1168010100,21221,래미안그레이튼,20517,85.64,59.97,,83500,272500,0.1255583213869313,2009,476
강남구,역삼동,1168010100,21221,래미안그레이튼,67833,97.47,70.98,,95000,280000,0.1141494304533847,2009,476
강남구,역삼동,1168010100,21221,래미안그레이튼,107442,113.47,84.97,,111000,297500,0.103611961992226,2009,476
강남구,역삼동,1168010100,21221,래미안그레이튼,137716,172.22,142.06,,161500,365000,0.0849557698995633,2009,476
강남구,역삼동,1168010100,21222,래미안그레이튼(진달래2차),196343,86.0,59.78,A,83250,267500,0.1238127485174866,2010,464
강남구,역삼동,1168010100,21222,래미안그레이튼(진달래2차),67834,87.31,59.91,B,81500,257500,0.1219201869960533,2010,464
강남구,역삼동,1168010100,21222,래미안그레이튼(진달래2차),202783,109.57,84.81,A,103000,307500,0.1155801794564572,2010,464
강남구,역삼동,1168010100,21222,래미안그레이튼(진달래2차),137717,109.21,84.87,B,104000,320000,0.1189525334021361,2010,464
강남구,역삼동,1168010100,21222,래미안그레이튼(진달래2차),159940,135.18,105.89,,125500,345000,0.1064136801425248,2010,464
강남구,역삼동,1168010100,21222,래미안그레이튼(진달래2차),176018,154.89,120.37,A,129000,350000,0.1049632483581035,2010,464
강남구,역삼동,1168010100,21222,래미안그레이튼(진달래2차),187800,154.96,121.54,B,138500,357500,0.0994680848786759,2010,464
강남구,역삼동,1168010100,15113,래미안펜타빌,134217,161.43,135.67,D,142500,370000,0.10011651903828,2007,288
강남구,역삼동,1168010100,15113,래미안펜타빌,14869,161.97,136.28,A,142500,370000,0.10011651903828,2007,288
강남구,역삼동,1168010100,15113,래미안펜타빌,103098,161.75,138.16,C,142500,370000,0.10011651903828,2007,288
강남구,역삼동,1168010100,15113,래미안펜타빌,62699,161.95,138.54,B,142500,370000,0.10011651903828,2007,288
강남구,역삼동,1168010100,15113,래미안펜타빌,157126,185.97,157.37,A,152500,380000,0.095598364555836,2007,288
강남구,역삼동,1168010100,15113,래미안펜타빌,194930,185.97,157.41,D,152500,380000,0.095598364555836,2007,288
강남구,역삼동,1168010100,15113,래미안펜타빌,186013,185.41,158.58,C,152500,380000,0.095598364555836,2007,288
강남구,역삼동,1168010100,15113,래미안펜타빌,173784,185.31,158.58,B,152500,380000,0.095598364555836,2007,288
강남구,역삼동,1168010100,36285,"세방하이빌1,2",180729,75.71,59.77,,56000,125000,0.083607989875942,2002,67
강남구,역삼동,1168010100,15141,역삼2차아이파크,14897,74.98,59.36,A,73500,202500,0.1066588688690313,2008,150
강남구,역삼동,1168010100,15141,역삼2차아이파크,62726,75.98,59.94,B,73500,212500,0.112006074190019,2008,150
강남구,역삼동,1168010100,15141,역삼2차아이파크,103117,106.26,84.58,A,93000,290000,0.1204474819659127,2008,150
강남구,역삼동,1168010100,15141,역삼2차아이파크,134231,106.95,84.89,B,93000,290000,0.1204474819659127,2008,150
강남구,역삼동,1168010100,15141,역삼2차아이파크,157137,149.58,119.09,,125000,340000,0.1052407538560173,2008,150
강남구,역삼동,1168010100,13850,역삼e-편한세상,13627,79.52,59.6,A,84000,277500,0.1269337099801788,2005,840
강남구,역삼동,1168010100,13850,역삼e-편한세상,61582,81.07,59.94,B,84000,277500,0.1269337099801788,2005,840
강남구,역삼동,1168010100,13850,역삼e-편한세상,102214,108.2,84.67,A,111000,325000,0.1134123602944066,2005,840
강남구,역삼동,1168010100,13850,역삼e-편한세상,133550,106.62,84.99,B,111000,325000,0.1134123602944066,2005,840
강남구,역삼동,1168010100,14789,역삼동롯데캐슬노블,14552,183.02,154.26,,127500,245000,0.0674943619858645,2007,117
강남구,역삼동,1168010100,14789,역삼동롯데캐슬노블,62409,201.79,176.03,,132500,270000,0.0737787092814457,2007,117
강남구,역삼동,1168010100,13715,역삼동월드메르디앙,13492,102.65,81.76,A,63500,152500,0.0915650247824719,2005,93
강남구,역삼동,1168010100,13715,역삼동월드메르디앙,61460,104.5,83.27,B,63500,152500,0.0915650247824719,2005,93
강남구,역삼동,1168010100,13715,역삼동월드메르디앙,102130,105.48,84.53,C,63500,152500,0.0915650247824719,2005,93
강남구,역삼동,1168010100,13715,역삼동월드메르디앙,133486,129.5,103.07,,80500,162500,0.0727678473239674,2005,93
강남구,역삼동,1168010100,13697,역삼래미안,13474,80.66,59.4,A,81500,280000,0.1313579742094708,2005,1050
강남구,역삼동,1168010100,13697,역삼래미안,61444,80.89,59.53,C,81500,280000,0.1313579742094708,2005,1050
강남구,역삼동,1168010100,13697,역삼래미안,102113,81.4,59.65,B,81500,280000,0.1313579742094708,2005,1050
강남구,역삼동,1168010100,13697,역삼래미안,133477,81.24,59.73,D,81500,280000,0.1313579742094708,2005,1050
강남구,역삼동,1168010100,13697,역삼래미안,156624,109.4,80.87,,104000,335000,0.1240901616756486,2005,1050
강남구,역삼동,1168010100,14324,역삼아이파크,14096,36.27,28.24,,43500,98000,0.0846101938050063,2006,541
강남구,역삼동,1168010100,14324,역삼아이파크,61997,145.61,116.28,,135000,365000,0.1045767804799864,2006,541
강남구,역삼동,1168010100,14324,역삼아이파크,133800,162.62,130.14,B,143500,380000,0.1022831523164489,2006,541
강남구,역삼동,1168010100,14324,역삼아이파크,102542,162.52,130.15,A,145000,380000,0.1011375160989167,2006,541
강남구,역삼동,1168010100,14324,역삼아이파크,156834,164.8,131.38,C,145000,380000,0.1011375160989167,2006,541
강남구,역삼동,1168010100,14324,역삼아이파크,173591,179.7,144.01,A,150000,387500,0.0995577521571979,2006,541
강남구,역삼동,1168010100,14324,역삼아이파크,194823,180.05,144.43,C,150000,387500,0.0995577521571979,2006,541
강남구,역삼동,1168010100,14324,역삼아이파크,185872,181.03,144.64,B,148500,387500,0.1006634001407593,2006,541
강남구,역삼동,1168010100,29462,역삼자이,113090,88.11,59.99,,92750,255000,0.1064266457505895,2016,408
강남구,역삼동,1168010100,29462,역삼자이,189840,115.56,84.48,D,108000,300000,0.10756634324829,2016,408
강남구,역삼동,1168010100,29462,역삼자이,142173,113.08,84.99,A,113000,300000,0.1025652007520907,2016,408
강남구,역삼동,1168010100,29462,역삼자이,163402,113.21,84.99,B,113000,300000,0.1025652007520907,2016,408
강남구,역삼동,1168010100,29462,역삼자이,178736,115.06,84.99,C,113000,300000,0.1025652007520907,2016,408
강남구,역삼동,1168010100,29462,역삼자이,28356,151.96,114.01,B,145000,360000,0.0952000371391701,2016,408
강남구,역삼동,1168010100,29462,역삼자이,74817,151.98,114.59,A,145000,360000,0.0952000371391701,2016,408
강남구,역삼동,1168010100,13857,역삼푸르지오,13634,79.41,59.88,,81000,267500,0.1268961022739723,2006,738
강남구,역삼동,1168010100,13857,역삼푸르지오,102218,104.4,84.9,,103000,315000,0.1182716961936785,2006,738
강남구,역삼동,1168010100,26,역삼한스빌,25,45.98,31.78,,19500,30000,0.0440196296278845,1996,216
강남구,역삼동,1168010100,26,역삼한스빌,49389,57.7,39.89,,26500,44500,0.0532013659780992,1996,216
강남구,역삼동,1168010100,26,역삼한스빌,93360,60.71,41.95,,27150,44750,0.0512410723278451,1996,216
강남구,역삼동,1168010100,26,역삼한스빌,127763,69.75,48.21,,28000,47500,0.0542741493930731,1996,216
강남구,역삼동,1168010100,17,현대까르띠에710,16,199.67,149.7,,131500,370000,0.1089899159463481,2001,137
강남구,역삼동,1168010100,17,현대까르띠에710,49380,220.59,171.94,,140000,380000,0.1050083406172208,2001,137
강남구,역삼동,1168010100,17,현대까르띠에710,93352,266.95,200.14,,182500,440000,0.0919908032870859,2001,137
강남구,역삼동,1168010100,17,현대까르띠에710,127758,295.17,230.07,,197500,460000,0.0882259380398353,2001,137
강남구,일원동,1168011400,132,가람,129,90.35,75.16,,90000,287500,0.1231545839907162,1993,496
강남구,일원동,1168011400,132,가람,49483,100.94,84.95,,102000,320000,0.1211274359773511,1993,496
강남구,일원동,1168011400,123,개포한신,121,87.45,82.3,,76750,280000,0.1381721764529828,1984,364
강남구,일원동,1168011400,123,개포한신,93433,114.51,84.5,B,91000,300000,0.1266992007485434,1984,364
강남구,일원동,1168011400,123,개포한신,127823,91.41,84.5,,91000,300000,0.1266992007485434,1984,364
강남구,일원동,1168011400,123,개포한신,49476,114.51,107.6,A,91000,300000,0.1266992007485434,1984,364
강남구,일원동,1168011400,133,목련타운,130,121.11,99.79,,105500,305000,0.1119998738333083,1993,650
강남구,일원동,1168011400,133,목련타운,49484,158.71,134.71,,122000,325000,0.1029411824258577,1993,650
강남구,일원동,1168011400,129,삼성사원.,126,77.27,61.35,,57000,170000,0.1154687463935488,1986,80
강남구,일원동,1168011400,129,삼성사원.,49480,103.57,84.67,,73000,210000,0.1114492662233153,1986,80
강남구,일원동,1168011400,134,상록수,131,90.12,74.54,,89500,275000,0.1187961568087869,1993,740
강남구,일원동,1168011400,134,상록수,49485,101.4,84.95,,101000,310000,0.1186752559643153,1993,740
강남구,일원동,1168011400,131,샘터마을,128,119.77,101.97,,102500,275000,0.1037250080416516,1994,628
강남구,일원동,1168011400,131,샘터마을,49482,135.5,115.36,,110000,295000,0.1036793910871107,1994,628
강남구,일원동,1168011400,131,샘터마을,93437,157.91,134.43,,129000,310000,0.0916343635190843,1994,628
강남구,일원동,1168011400,131,샘터마을,127824,179.36,152.7,,136500,330000,0.0922904305285337,1994,628
강남구,일원동,1168011400,126,수서,153126,58.75,39.98,,38000,146000,0.1440814022032146,1992,720
강남구,일원동,1168011400,126,수서,193651,70.48,49.68,,47000,170000,0.1371954315803225,1992,720
강남구,일원동,1168011400,126,수서,200721,73.68,50.82,C,47000,170000,0.1371954315803225,1992,720
강남구,일원동,1168011400,126,수서,206074,71.64,51.76,A,47000,170000,0.1371954315803225,1992,720
강남구,일원동,1168011400,126,수서,171125,72.37,52.29,B,47000,170000,0.1371954315803225,1992,720
강남구,일원동,1168011400,126,수서,210175,85.04,59.94,,56000,185000,0.1269337099801788,1992,720
강남구,일원동,1168011400,126,수서,184219,88.11,59.96,,56000,185000,0.1269337099801788,1992,720
강남구,일원동,1168011400,121,우성7차(개포),119,83.85,68.39,,80500,267500,0.12759408906112,1987,802
강남구,일원동,1168011400,121,우성7차(개포),153125,76.5,68.4,,80500,267500,0.12759408906112,1987,802
강남구,일원동,1168011400,121,우성7차(개포),93431,105.58,83.69,B,93000,327500,0.1341561068493317,1987,802
강남구,일원동,1168011400,121,우성7차(개포),49474,100.17,83.69,A,93000,327500,0.1341561068493317,1987,802
강남구,일원동,1168011400,121,우성7차(개포),127822,92.16,84.06,,93000,327500,0.1341561068493317,1987,802
강남구,일원동,1168011400,127,청솔빌리지,124,79.81,59.75,,70000,252500,0.1368844706360665,1993,291
강남구,일원동,1168011400,130,푸른마을,127,82.14,59.76,,68500,220000,0.123759072412807,1994,930
강남구,일원동,1168011400,130,푸른마을,49481,103.49,84.93,,85000,245000,0.1116670053981812,1994,930
강남구,일원동,1168011400,135,한솔마을,132,84.72,63.76,,74500,257500,0.1320408429468229,1994,570
강남구,일원동,1168011400,135,한솔마을,49486,110.26,84.73,,98500,285000,0.1120923747639168,1994,570
강남구,일원동,1168011400,124,현대4차.,122,91.6,73.0,,69000,247500,0.1362466381043756,1987,142
강남구,일원동,1168011400,124,현대4차.,93434,106.62,84.96,A,78000,260000,0.1279448730054992,1987,142
강남구,일원동,1168011400,124,현대4차.,49477,106.65,84.98,B,78000,260000,0.1279448730054992,1987,142
강남구,자곡동,1168011200,28602,강남한양수자인,112487,113.76,84.83,A1,79000,215000,0.1053024606561854,2014,1304
강남구,자곡동,1168011200,28602,강남한양수자인,223650,113.92,84.89,C,79000,215000,0.1053024606561854,2014,1304
강남구,자곡동,1168011200,28602,강남한양수자인,222774,114.88,84.99,B1,79000,215000,0.1053024606561854,2014,1304
강남구,자곡동,1168011200,28602,강남한양수자인,221728,114.76,84.99,B,79000,215000,0.1053024606561854,2014,1304
강남구,자곡동,1168011200,28602,강남한양수자인,225045,136.47,101.18,T,90000,225000,0.0959582263852172,2014,1304
강남구,자곡동,1168011200,28602,강남한양수자인,178450,136.41,101.4,A,90000,220000,0.0934980606439574,2014,1304
강남구,자곡동,1168011200,28602,강남한양수자인,224409,135.89,101.51,D,90000,220000,0.0934980606439574,2014,1304
강남구,자곡동,1168011200,28602,강남한양수자인,225593,154.34,114.32,B,96000,226000,0.0893908434277721,2014,1304
강남구,자곡동,1168011200,28602,강남한양수자인,226060,153.53,114.46,C,96000,231000,0.0917773361484701,2014,1304
강남구,자곡동,1168011200,28602,강남한양수자인,189633,153.12,114.46,A,96000,226000,0.0893908434277721,2014,1304
강남구,자곡동,1168011200,26542,래미안강남힐즈,72253,119.0,91.95,B,100000,225000,0.0844717711976985,2014,1020
강남구,자곡동,1168011200,26542,래미안강남힐즈,25459,118.8,91.96,A,100000,225000,0.0844717711976985,2014,1020
강남구,자곡동,1168011200,26542,래미안강남힐즈,111024,124.23,94.91,,101500,226000,0.0833386551190382,2014,1020
강남구,자곡동,1168011200,26542,래미안강남힐즈,177771,132.06,101.54,C,112500,236000,0.0769014161087249,2014,1020
강남구,자곡동,1168011200,26542,래미안강남힐즈,140552,130.93,101.94,A,112500,236000,0.0769014161087249,2014,1020
강남구,자곡동,1168011200,26542,래미안강남힐즈,162157,131.25,101.95,B,112500,236000,0.0769014161087249,2014,1020
강남구,자곡동,1168011200,28601,래미안포레,27497,85.07,59.97,A2,66000,170000,0.0992348748897014,2014,1070
강남구,자곡동,1168011200,28601,래미안포레,112486,118.53,84.89,C,78500,207500,0.1020843731845793,2014,1070
강남구,자곡동,1168011200,28601,래미안포레,74066,119.49,84.99,B,78500,207500,0.1020843731845793,2014,1070
강남구,자곡동,1168011200,28601,래미안포레,141700,141.4,101.51,D,90000,212500,0.0897117718777056,2014,1070
강남구,청담동,1168010400,65,건영,63,105.06,84.59,B,90500,370000,0.1512120173269571,1994,240
강남구,청담동,1168010400,65,건영,49423,104.51,84.6,A,90500,370000,0.1512120173269571,1994,240
강남구,청담동,1168010400,86,대림(e-편한세상),49443,101.41,81.84,,90000,252500,0.1086689568815542,2002,271
강남구,청담동,1168010400,86,대림(e-편한세상),93406,122.64,98.47,,95000,270000,0.1101048904267945,2002,271
강남구,청담동,1168010400,86,대림(e-편한세상),127801,140.52,113.57,,105000,284000,0.1046200048355572,2002,271
강남구,청담동,1168010400,86,대림(e-편한세상),153110,165.32,134.24,,125000,315000,0.096831852506676,2002,271
강남구,청담동,1168010400,91,삼성청담(래미안),89,86.34,59.99,,60000,205000,0.1307335050964195,1999,217
강남구,청담동,1168010400,91,삼성청담(래미안),171114,107.45,84.86,B,85000,250000,0.1139151438721746,1999,217
강남구,청담동,1168010400,91,삼성청담(래미안),49447,107.6,84.98,A,85000,250000,0.1139151438721746,1999,217
강남구,청담동,1168010400,91,삼성청담(래미안),153113,144.89,114.83,,100000,290000,0.1123457499326046,1999,217
강남구,청담동,1168010400,91,삼성청담(래미안),127804,163.55,129.16,,115500,300000,0.1001551270689602,1999,217
강남구,청담동,1168010400,84,삼성청담공원,82,81.95,59.93,,68000,202500,0.1152997670347044,1999,391
강남구,청담동,1168010400,84,삼성청담공원,49441,106.46,84.96,,84000,230000,0.1059738410954342,1999,391
강남구,청담동,1168010400,84,삼성청담공원,93404,132.18,107.22,,107500,272500,0.097477952199753,1999,391
강남구,청담동,1168010400,83,삼환,171109,63.11,48.7,A,34750,100500,0.1120418339160169,1999,184
강남구,청담동,1168010400,83,삼환,222170,64.38,49.68,B,34750,100500,0.1120418339160169,1999,184
강남구,청담동,1168010400,83,삼환,221021,73.64,56.83,A,43000,137500,0.1232680970210495,1999,184
강남구,청담동,1168010400,83,삼환,184205,74.87,57.78,B,43000,137500,0.1232680970210495,1999,184
강남구,청담동,1168010400,83,삼환,213350,109.84,84.76,A,80000,208000,0.100265093106018,1999,184
강남구,청담동,1168010400,83,삼환,215867,110.0,84.88,B,80000,208000,0.100265093106018,1999,184
강남구,청담동,1168010400,83,삼환,217925,110.03,84.91,C,80000,208000,0.100265093106018,1999,184
강남구,청담동,1168010400,83,삼환,219631,110.11,84.97,D,80000,208000,0.100265093106018,1999,184
강남구,청담동,1168010400,83,삼환,193641,110.13,84.98,E,80000,208000,0.100265093106018,1999,184
강남구,청담동,1168010400,83,삼환,200712,128.31,99.01,,86500,244000,0.1092702660258411,1999,184
강남구,청담동,1168010400,83,삼환,206066,148.99,114.97,,89000,259000,0.1127330198793679,1999,184
강남구,청담동,1168010400,74,신동아,72,103.81,84.94,,100500,300000,0.115566641765638,1997,106
강남구,청담동,1168010400,60,진흥,58,107.19,83.58,,117500,340000,0.1121006767797152,1984,375
강남구,청담동,1168010400,60,진흥,153099,109.31,102.81,,117500,340000,0.1121006767797152,1984,375
강남구,청담동,1168010400,60,진흥,127786,142.71,126.46,A,159000,435000,0.105883079624625,1984,375
강남구,청담동,1168010400,60,진흥,171102,143.27,126.47,,159000,435000,0.105883079624625,1984,375
강남구,청담동,1168010400,60,진흥,93388,145.69,137.13,B,159000,435000,0.105883079624625,1984,375
강남구,청담동,1168010400,60,진흥,49418,180.67,170.01,,196000,545000,0.1076793083600546,1984,375
강남구,청담동,1168010400,14186,청담2차e-편한세상,61883,103.57,84.41,B,82500,217500,0.1017943253725697,2006,142
강남구,청담동,1168010400,14186,청담2차e-편한세상,13960,103.39,84.97,A,82500,217500,0.1017943253725697,2006,142
강남구,청담동,1168010400,14186,청담2차e-편한세상,156793,123.77,100.74,B,89000,242500,0.1054323595636013,2006,142
강남구,청담동,1168010400,14186,청담2차e-편한세상,133738,122.57,101.7,A,89000,242500,0.1054323595636013,2006,142
강남구,청담동,1168010400,14186,청담2차e-편한세상,173567,124.11,102.26,C,89000,242500,0.1054323595636013,2006,142
강남구,청담동,1168010400,14186,청담2차e-편한세상,185850,132.23,107.18,,102000,256500,0.0966012075161011,2006,142
강남구,청담동,1168010400,14186,청담2차e-편한세상,194806,137.37,112.5,A,103150,270000,0.1010054105558271,2006,142
강남구,청담동,1168010400,14186,청담2차e-편한세상,201571,138.19,113.21,B,103150,270000,0.1010054105558271,2006,142
강남구,청담동,1168010400,21791,청담4차e-편한세상,68337,107.21,84.51,B,89000,247500,0.1076907260276129,2010,94
강남구,청담동,1168010400,21791,청담4차e-편한세상,21063,106.23,84.57,A,89000,247500,0.1076907260276129,2010,94
강남구,청담동,1168010400,21791,청담4차e-편한세상,107867,115.13,97.19,,96750,256000,0.1021961740389445,2010,94
강남구,청담동,1168010400,21791,청담4차e-편한세상,138060,140.27,118.16,,114000,280000,0.094020142342013,2010,94
강남구,청담동,1168010400,21791,청담4차e-편한세상,160218,160.85,136.41,,129000,322500,0.0959582263852172,2010,94
강남구,청담동,1168010400,12508,청담대우유로카운티,101333,124.96,105.52,B,96000,257500,0.1036988754041039,2003,196
강남구,청담동,1168010400,12508,청담대우유로카운티,60423,124.43,105.66,A,96000,257500,0.1036988754041039,2003,196
강남구,청담동,1168010400,12508,청담대우유로카운티,132913,141.99,120.89,,116500,290000,0.095486947134016,2003,196
강남구,청담동,1168010400,12508,청담대우유로카운티,156238,142.83,121.48,,116500,290000,0.095486947134016,2003,196
강남구,청담동,1168010400,12508,청담대우유로카운티,173178,161.21,137.9,,136500,310000,0.0854826950418041,2003,196
강남구,청담동,1168010400,12508,청담대우유로카운티,185580,184.15,155.37,A,155000,320000,0.0751816111199294,2003,196
강남구,청담동,1168010400,12508,청담대우유로카운티,201426,186.67,156.57,D,162500,325000,0.0717734625362931,2003,196
강남구,청담동,1168010400,12508,청담대우유로카운티,210573,186.54,157.2,B,162500,325000,0.0717734625362931,2003,196
강남구,청담동,1168010400,12508,청담대우유로카운티,216114,212.73,179.0,B,175000,340000,0.0686711538464983,2003,196
강남구,청담동,1168010400,12508,청담대우유로카운티,213658,213.46,179.38,A,175000,340000,0.0686711538464983,2003,196
강남구,청담동,1168010400,72,청담동삼성1차,70,79.1,59.4,,58000,182500,0.1214592244250079,1997,158
강남구,청담동,1168010400,72,청담동삼성1차,49430,112.37,84.3,,75000,225000,0.1161231740339043,1997,158
강남구,청담동,1168010400,72,청담동삼성1차,93396,108.15,84.57,,75000,225000,0.1161231740339043,1997,158
강남구,청담동,1168010400,14265,청담동양파라곤,14039,204.84,171.1,,230500,580000,0.0966693513112746,2006,92
강남구,청담동,1168010400,14265,청담동양파라곤,61948,235.61,197.46,,290500,600000,0.0752278664331234,2006,92
강남구,청담동,1168010400,14265,청담동양파라곤,102504,259.25,219.66,A,287500,610000,0.0781252031785055,2006,92
강남구,청담동,1168010400,14265,청담동양파라곤,133768,259.1,219.96,B,287500,610000,0.0781252031785055,2006,92
강남구,청담동,1168010400,14265,청담동양파라곤,156811,273.16,224.38,,322500,630000,0.0692544910626897,2006,92
강남구,청담동,1168010400,14265,청담동양파라곤,173575,290.11,244.92,B,322500,640000,0.0709397178335367,2006,92
강남구,청담동,1168010400,14265,청담동양파라곤,185857,287.34,244.97,A,322500,640000,0.0709397178335367,2006,92
강남구,청담동,1168010400,36781,청담래미안로이뷰,35614,136.11,110.2,,140000,335000,0.0911681404963056,2014,177
강남구,청담동,1168010400,36781,청담래미안로이뷰,81251,136.11,110.2,E,140000,335000,0.0911681404963056,2014,177
강남구,청담동,1168010400,67,청담아이파크(청구),153103,137.01,110.11,(5호),125000,315000,0.096831852506676,2014,108
강남구,청담동,1168010400,67,청담아이파크(청구),171105,137.03,110.13,(6호),125000,315000,0.096831852506676,2014,108
강남구,청담동,1168010400,67,청담아이파크(청구),49425,137.05,110.14,(1호),125000,315000,0.096831852506676,2014,108
강남구,청담동,1168010400,67,청담아이파크(청구),93393,137.1,110.18,"(2,4호)",125000,315000,0.096831852506676,2014,108
강남구,청담동,1168010400,67,청담아이파크(청구),127791,137.11,110.19,(3호),125000,315000,0.096831852506676,2014,108
강남구,청담동,1168010400,80,청담우방,78,83.51,59.97,,70000,213000,0.1177074773894786,1999,100
강남구,청담동,1168010400,80,청담우방,49437,106.62,84.91,,83000,245000,0.114317110435119,1999,100
강남구,청담동,1168010400,80,청담우방,93401,148.77,118.47,A,95500,263000,0.1066116492253905,1999,100
강남구,청담동,1168010400,80,청담우방,127797,149.27,118.53,B,95500,263000,0.1066116492253905,1999,100
강남구,청담동,1168010400,62,청담자이,49420,70.8,49.59,B,95000,265000,0.1080318057222227,2011,708
강남구,청담동,1168010400,62,청담자이,93390,71.2,49.61,C,92500,265000,0.1109906759597287,2011,708
강남구,청담동,1168010400,62,청담자이,127787,71.29,49.61,D,88500,262500,0.1148555589765198,2011,708
강남구,청담동,1168010400,62,청담자이,60,71.31,49.63,A,95000,265000,0.1080318057222227,2011,708
강남구,청담동,1168010400,62,청담자이,153100,71.23,50.31,E,91500,265000,0.1121989429646748,2011,708
강남구,청담동,1168010400,62,청담자이,184201,110.48,82.36,B,145500,400000,0.1064191903217397,2011,708
강남구,청담동,1168010400,62,청담자이,171103,111.51,82.95,A,142500,400000,0.1087267166034382,2011,708
강남구,청담동,1168010400,62,청담자이,200710,120.07,89.11,B,177500,485000,0.1057433549444657,2011,708
강남구,청담동,1168010400,62,청담자이,193637,119.63,89.35,A,181500,495000,0.1055359178042305,2011,708
강남구,청담동,1168010400,62,청담자이,206064,120.58,90.19,C,155000,450000,0.1124694194932649,2011,708
강남구,청담동,1168010400,64,청담현대3차,62,91.43,59.95,,68500,227500,0.1275325366440298,1999,317
강남구,청담동,1168010400,64,청담현대3차,49422,108.28,85.0,,87500,267500,0.118231117352386,1999,317
강남구,청담동,1168010400,64,청담현대3차,127789,142.19,109.53,,125500,400000,0.1229014084063586,1999,317
강남구,청담동,1168010400,87,한신오페라하우스(1차),171112,139.25,117.19,,97500,212500,0.0810242388634399,2002,63
강남구,청담동,1168010400,87,한신오페라하우스(1차),193643,160.24,134.91,,107500,242500,0.084751671150496,2002,63
강남구,청담동,1168010400,68,현대(1차),66,103.32,95.38,,90000,265000,0.114038850380832,1982,96
강남구,청담동,1168010400,68,현대(1차),49426,172.47,159.08,,142500,380000,0.1030542524220698,1982,96
강남구,청담동,1168010400,69,현대(2차),93394,97.75,84.76,A,84500,240000,0.1100318836246478,1988,214
강남구,청담동,1168010400,69,현대(2차),67,97.8,84.78,B,84500,240000,0.1100318836246478,1988,214
강남구,청담동,1168010400,69,현대(2차),49427,97.9,84.92,C,84500,240000,0.1100318836246478,1988,214
서초구,내곡동,1165010900,28957,서초더샵포레,112753,80.87,59.69,B1,69500,155000,0.0835144046221116,2014,1264
서초구,내곡동,1165010900,28957,서초더샵포레,27852,80.7,59.94,A,69500,155000,0.0835144046221116,2014,1264
서초구,내곡동,1165010900,28957,서초더샵포레,74387,80.7,59.94,A1,69500,155000,0.0835144046221116,2014,1264
서초구,내곡동,1165010900,28957,서초더샵포레,203944,113.35,84.3,B1,81500,181500,0.0833577689205413,2014,1264
서초구,내곡동,1165010900,28957,서초더샵포레,197847,112.56,84.41,B,81500,181500,0.0833577689205413,2014,1264
서초구,내곡동,1165010900,28957,서초더샵포레,163197,112.17,84.6,A,81500,181500,0.0833577689205413,2014,1264
서초구,내곡동,1165010900,28957,서초더샵포레,214900,113.81,84.61,H,81500,181500,0.0833577689205413,2014,1264
서초구,내곡동,1165010900,28957,서초더샵포레,217136,114.82,84.81,E,81500,181500,0.0833577689205413,2014,1264
서초구,내곡동,1165010900,28957,서초더샵포레,178580,112.5,84.81,C,81500,181500,0.0833577689205413,2014,1264
서초구,내곡동,1165010900,28957,서초더샵포레,212120,113.56,84.93,F,81500,181500,0.0833577689205413,2014,1264
서초구,내곡동,1165010900,28957,서초더샵포레,208563,113.55,84.93,F1,81500,181500,0.0833577689205413,2014,1264
서초구,내곡동,1165010900,28957,서초더샵포레,221741,135.12,101.31,A,95500,186500,0.0692211638228428,2014,1264
서초구,내곡동,1165010900,28957,서초더샵포레,218981,134.92,101.34,B,95500,186500,0.0692211638228428,2014,1264
서초구,내곡동,1165010900,28957,서초더샵포레,223660,135.18,101.78,F,95500,186500,0.0692211638228428,2014,1264
서초구,내곡동,1165010900,28957,서초더샵포레,224419,136.14,101.85,C,95500,186500,0.0692211638228428,2014,1264
서초구,내곡동,1165010900,28957,서초더샵포레,222787,135.15,101.95,E,95500,186500,0.0692211638228428,2014,1264
서초구,내곡동,1165010900,28957,서초더샵포레,225054,152.56,114.62,A,107500,195000,0.0613597521438957,2014,1264
서초구,내곡동,1165010900,28957,서초더샵포레,226489,153.1,114.68,D,107500,195000,0.0613597521438957,2014,1264
서초구,내곡동,1165010900,28957,서초더샵포레,225602,152.71,114.71,B,107500,195000,0.0613597521438957,2014,1264
서초구,반포동,1165010700,1587,라인,1496,83.04,59.97,,56500,175000,0.1196929921478116,1995,85
서초구,반포동,1165010700,1587,라인,50808,106.04,84.89,,75000,202500,0.1044253752367947,1995,85
서초구,반포동,1165010700,1587,라인,94500,126.13,100.98,,81000,212500,0.1012537278487319,1995,85
서초구,반포동,1165010700,21363,래미안퍼스티지,20652,87.46,59.89,T1,119000,400000,0.1288891604832518,2009,2444
서초구,반포동,1165010700,21363,래미안퍼스티지,221485,86.57,59.96,T2,119000,400000,0.1288891604832518,2009,2444
서초구,반포동,1165010700,21363,래미안퍼스티지,222571,87.33,59.98,P,119000,400000,0.1288891604832518,2009,2444
서초구,반포동,1165010700,21363,래미안퍼스티지,160003,113.07,84.76,T2,160000,515000,0.1240062461657116,2009,2444
서초구,반포동,1165010700,21363,래미안퍼스티지,137790,113.73,84.85,T1,160000,515000,0.1240062461657116,2009,2444
서초구,반포동,1165010700,21363,래미안퍼스티지,223475,114.06,84.93,P,160000,515000,0.1240062461657116,2009,2444
서초구,반포동,1165010700,21363,래미안퍼스티지,107542,114.01,84.93,L2,160000,515000,0.1240062461657116,2009,2444
서초구,반포동,1165010700,21363,래미안퍼스티지,67961,113.15,84.93,L1,160000,515000,0.1240062461657116,2009,2444
서초구,반포동,1165010700,21363,래미안퍼스티지,176073,147.17,115.65,T1,207000,565000,0.1056248981235097,2009,2444
서초구,반포동,1165010700,21363,래미안퍼스티지,187846,148.43,117.12,T2,207000,565000,0.1056248981235097,2009,2444
서초구,반포동,1165010700,21363,래미안퍼스티지,196376,172.74,135.92,T1,237500,690000,0.1125474628805924,2009,2444
서초구,반포동,1165010700,21363,래미안퍼스티지,202807,173.33,136.65,T2,237500,690000,0.1125474628805924,2009,2444
서초구,반포동,1165010700,21363,래미안퍼스티지,211433,205.03,168.65,T2,261500,745000,0.1103718880448787,2009,2444
서초구,반포동,1165010700,21363,래미안퍼스티지,207694,205.62,169.31,T1,261500,745000,0.1103718880448787,2009,2444
서초구,반포동,1165010700,21363,래미안퍼스티지,214360,238.21,198.04,T1,297500,790000,0.1025899056043817,2009,2444
서초구,반포동,1165010700,21363,래미안퍼스티지,216699,238.85,198.22,T2,297500,790000,0.1025899056043817,2009,2444
서초구,반포동,1165010700,21363,래미안퍼스티지,220202,268.46,222.15,T2,317500,880000,0.1073219127891469,2009,2444
서초구,반포동,1165010700,21363,래미안퍼스티지,218609,268.8,222.76,T1,317500,880000,0.1073219127891469,2009,2444
서초구,반포동,1165010700,1597,반포두산힐스빌,94506,74.11,47.7,A,41000,132000,0.1240328596274873,2001,76
서초구,반포동,1165010700,1597,반포두산힐스빌,153621,74.12,47.84,B,41000,132000,0.1240328596274873,2001,76
서초구,반포동,1165010700,1597,반포두산힐스빌,171453,90.52,58.7,,50500,145000,0.1112394795881828,2001,76
서초구,반포동,1165010700,23387,반포리체,22545,84.73,59.99,A,94750,347500,0.1387740421270618,2010,1119
서초구,반포동,1165010700,23387,반포리체,69663,84.84,59.99,B,94750,347500,0.1387740421270618,2010,1119
서초구,반포동,1165010700,23387,반포리체,138883,113.23,84.96,B,130000,427500,0.1264172085615618,2010,1119
서초구,반포동,1165010700,23387,반포리체,196760,113.41,84.96,C,127500,427500,0.1286066201894333,2010,1119
서초구,반포동,1165010700,23387,반포리체,108916,113.42,84.97,A,128000,427500,0.1281649813531091,2010,1119
서초구,반포동,1165010700,23387,반포리체,160845,132.36,106.14,,141500,442500,0.1207678992859679,2010,1119
서초구,반포동,1165010700,23387,반포리체,176732,172.1,138.25,A,174500,500000,0.1110086936317649,2010,1119
서초구,반포동,1165010700,1576,반포미도(1차),1485,110.46,84.96,,100500,400000,0.1481255797729976,1986,1260
서초구,반포동,1165010700,1596,반포미도2차,1505,76.99,59.07,,66750,270000,0.1499825474985709,1989,435
서초구,반포동,1165010700,1596,반포미도2차,50814,92.94,71.49,,80000,305000,0.1431967608157893,1989,435
서초구,반포동,1165010700,15891,반포자이,63395,84.23,59.97,B,107500,366667,0.1305410496843704,2008,3410
서초구,반포동,1165010700,15891,반포자이,15625,84.74,59.98,A,107500,366667,0.1305410496843704,2008,3410
서초구,반포동,1165010700,15891,반포자이,103670,116.87,84.94,A,150000,483333,0.1241273618418747,2008,3410
서초구,반포동,1165010700,15891,반포자이,157454,116.11,84.98,C,150000,483333,0.1241273618418747,2008,3410
서초구,반포동,1165010700,15891,반포자이,174024,116.7,84.98,D,150000,483333,0.1241273618418747,2008,3410
서초구,반포동,1165010700,15891,반포자이,134664,116.71,84.99,B,150000,483333,0.1241273618418747,2008,3410
서초구,반포동,1165010700,15891,반포자이,195060,166.05,132.17,B,197500,590000,0.1156513394027607,2008,3410
서초구,반포동,1165010700,15891,반포자이,186200,165.52,132.43,A,197500,590000,0.1156513394027607,2008,3410
서초구,반포동,1165010700,15891,반포자이,206842,199.8,165.05,B,213500,620000,0.1124983640463539,2008,3410
서초구,반포동,1165010700,15891,반포자이,201753,200.12,165.44,A,213500,620000,0.1124983640463539,2008,3410
서초구,반포동,1165010700,15891,반포자이,210751,232.68,194.51,A,233500,707667,0.1172598853201662,2008,3410
서초구,반포동,1165010700,15891,반포자이,213808,232.69,194.69,B,233500,707667,0.1172598853201662,2008,3410
서초구,반포동,1165010700,15891,반포자이,216234,264.8,216.49,,237500,730000,0.1188346930950654,2008,3410
서초구,반포동,1165010700,15891,반포자이,218216,297.53,244.54,,267500,770000,0.1115184959907822,2008,3410
서초구,반포동,1165010700,15891,반포자이,219873,301.06,244.62,A,282500,783333,0.1073701103799826,2008,3410
서초구,반포동,1165010700,15891,반포자이,221217,301.38,244.97,B,282500,783333,0.1073701103799826,2008,3410
서초구,반포동,1165010700,1584,반포푸르지오,1493,64.17,50.02,,51000,150000,0.1139151438721746,2000,237
서초구,반포동,1165010700,1584,반포푸르지오,50806,67.41,52.55,,53500,160000,0.115774983714044,2000,237
서초구,반포동,1165010700,1584,반포푸르지오,94498,72.04,56.16,,58500,185000,0.1220225524081903,2000,237
서초구,반포동,1165010700,1584,반포푸르지오,128568,75.53,58.88,A,65000,227500,0.1334615816706974,2000,237
서초구,반포동,1165010700,1584,반포푸르지오,193805,76.72,59.81,C,69000,245000,0.1350936636801616,2000,237
서초구,반포동,1165010700,1584,반포푸르지오,153616,76.85,59.91,B,69000,245000,0.1350936636801616,2000,237
서초구,반포동,1165010700,1584,반포푸르지오,171449,102.62,80.0,,87500,260000,0.1150556163082492,2000,237
서초구,반포동,1165010700,1584,반포푸르지오,184434,108.81,84.82,,89000,295000,0.1273095883951118,2000,237
서초구,반포동,1165010700,22428,반포힐스테이트,160526,86.61,59.7,C,102500,340000,0.1273934444561968,2011,397
서초구,반포동,1165010700,22428,반포힐스테이트,176491,86.6,59.7,A,102500,340000,0.1273934444561968,2011,397
서초구,반포동,1165010700,22428,반포힐스테이트,188149,87.75,59.96,B,102500,340000,0.1273934444561968,2011,397
서초구,반포동,1165010700,22428,반포힐스테이트,21641,115.54,84.77,A,135500,460000,0.1300088730118971,2011,397
서초구,반포동,1165010700,22428,반포힐스테이트,68891,115.73,84.8,B,135500,460000,0.1300088730118971,2011,397
서초구,반포동,1165010700,22428,반포힐스테이트,138454,190.99,155.38,B,200000,570000,0.1104128681200198,2011,397
서초구,반포동,1165010700,22428,반포힐스테이트,108336,190.91,155.95,A,200000,570000,0.1104128681200198,2011,397
서초구,반포동,1165010700,1580,삼호가든5차.,1489,115.6,98.64,,101500,307500,0.1172179577798182,1985,168
서초구,반포동,1165010700,1580,삼호가든5차.,50803,166.54,142.11,,145500,415000,0.1104998656401357,1985,168
서초구,반포동,1165010700,1580,삼호가든5차.,94495,179.94,153.54,,152000,445000,0.1134010904252198,1985,168
서초구,반포동,1165010700,1578,신반포궁전,1487,128.67,117.11,A,105000,292500,0.1078823846485299,1984,108
서초구,반포동,1165010700,1578,신반포궁전,128564,161.11,146.63,A,120000,360000,0.1161231740339043,1984,108
서초구,반포동,1165010700,1578,신반포궁전,50801,161.29,146.81,B,120000,360000,0.1161231740339043,1984,108
서초구,반포동,1165010700,1578,신반포궁전,153612,161.3,146.82,C,120000,360000,0.1161231740339043,1984,108
서초구,반포동,1165010700,1578,신반포궁전,94493,225.47,205.22,,176500,402500,0.085930715993111,1984,108
서초구,반포동,1165010700,1589,엠브이,1498,74.52,59.82,,51500,185000,0.1364136718185493,1994,154
서초구,반포동,1165010700,1589,엠브이,94501,104.15,83.4,B,67500,210000,0.1201896409875356,1994,154
서초구,반포동,1165010700,1589,엠브이,128570,162.23,129.93,,82500,245000,0.1149906193307455,1994,154
서초구,반포동,1165010700,1583,한신서래,1492,67.44,45.72,,48500,215000,0.160565542580765,1988,414
서초구,반포동,1165010700,1583,한신서래,50805,89.58,64.53,,68000,272500,0.1489093383150015,1988,414
서초구,반포동,1165010700,1583,한신서래,94497,136.65,115.0,,97500,345000,0.1347010270037607,1988,414
서초구,반포동,1165010700,1583,한신서래,128567,140.6,118.32,,101000,355000,0.1339416254027259,1988,414
서초구,반포동,1165010700,1583,한신서래,153615,161.31,137.47,,111500,367500,0.1266739358853752,1988,414
서초구,반포동,1165010700,1583,한신서래,171448,175.47,147.67,,114500,380000,0.1274513500762173,1988,414
서초구,반포동,1165010700,1593,현대동궁,1502,82.31,70.38,,64000,275000,0.156951815677925,1991,224
서초구,반포동,1165010700,1593,현대동궁,94504,95.76,81.9,A,72000,287500,0.1484987722255806,1991,224
서초구,반포동,1165010700,1593,현대동궁,50812,96.28,82.35,B,72000,287500,0.1484987722255806,1991,224
서초구,방배동,1165010100,1622,(구)삼호2차.,94526,137.63,127.94,A,83500,287500,0.1316057286181751,1976,264
서초구,방배동,1165010100,1622,(구)삼호2차.,1218816,137.64,128.5,B,83500,287500,0.1316057286181751,1976,264
서초구,방배동,1165010100,1622,(구)삼호2차.,1531,141.54,131.41,A,83500,287500,0.1316057286181751,1976,264
서초구,방배동,1165010100,1622,(구)삼호2차.,1218817,141.55,132.39,B,83500,287500,0.1316057286181751,1976,264
서초구,방배동,1165010100,1622,(구)삼호2차.,50839,191.78,177.52,A,103000,347500,0.1293063195014687,1976,264
서초구,방배동,1165010100,1622,(구)삼호2차.,1218943,191.79,179.08,B,103000,347500,0.1293063195014687,1976,264
서초구,방배동,1165010100,1623,(구)삼호3차.,1417722,196.29,168.77,A,99000,320000,0.1244793342960923,1976,120
서초구,방배동,1165010100,1623,(구)삼호3차.,94527,196.29,181.6,B,99000,320000,0.1244793342960923,1976,120
서초구,방배동,1165010100,1623,(구)삼호3차.,1218899,197.85,183.16,,99000,320000,0.1244793342960923,1976,120
서초구,방배동,1165010100,1623,(구)삼호3차.,1417723,289.35,257.11,A,139000,387500,0.1079641049726707,1976,120
서초구,방배동,1165010100,1623,(구)삼호3차.,128591,289.36,257.12,B,139000,387500,0.1079641049726707,1976,120
서초구,방배동,1165010100,1611,대우효령,1520,97.44,84.91,,68000,197500,0.1125148551539809,1992,364
서초구,방배동,1165010100,12990,동부센트레빌,12781,164.49,134.04,,115000,290000,0.0969075247889608,2004,122
서초구,방배동,1165010100,12990,동부센트레빌,60829,191.55,157.55,,131500,315000,0.0912857396219553,2004,122
서초구,방배동,1165010100,13069,래미안방배아트힐,12860,126.48,105.27,A,93500,200000,0.0790009783829834,2004,588
서초구,방배동,1165010100,13069,래미안방배아트힐,185660,126.92,105.63,B,93500,200000,0.0790009783829834,2004,588
서초구,방배동,1165010100,13069,래미안방배아트힐,194671,126.99,105.7,C,93500,200000,0.0790009783829834,2004,588
서초구,방배동,1165010100,13069,래미안방배아트힐,201469,127.18,105.89,D,93500,200000,0.0790009783829834,2004,588
서초구,방배동,1165010100,13069,래미안방배아트힐,60903,136.65,114.09,A,95000,245000,0.0993709272461349,2004,588
서초구,방배동,1165010100,13069,래미안방배아트힐,206632,136.81,114.18,B,95000,245000,0.0993709272461349,2004,588
서초구,방배동,1165010100,13069,래미안방배아트힐,210598,152.09,127.31,B,104000,270000,0.1001022235490614,2004,588
서초구,방배동,1165010100,13069,래미안방배아트힐,101696,152.27,127.61,A,104000,270000,0.1001022235490614,2004,588
서초구,방배동,1165010100,13069,래미안방배아트힐,156416,190.0,163.31,,125000,275000,0.0820373898183428,2004,588
서초구,방배동,1165010100,13069,래미안방배아트힐,173302,201.28,174.5,,132500,285000,0.0796000554077991,2004,588
서초구,방배동,1165010100,14117,래미안방배에버뉴,13891,196.32,181.48,,103500,252500,0.0932817618775339,2005,96
서초구,방배동,1165010100,1660,롯데캐슬파크,153648,161.23,141.66,,117500,195000,0.0519610853276883,2003,57
서초구,방배동,1165010100,1660,롯데캐슬파크,171473,245.6,219.96,,175000,270000,0.0443175381257701,2003,57
서초구,방배동,1165010100,1660,롯데캐슬파크,200842,270.74,243.22,A,180000,290000,0.0488479876220699,2003,57
서초구,방배동,1165010100,1660,롯데캐슬파크,184450,273.24,244.71,B,180000,300000,0.0524097791489255,2003,57
서초구,방배동,1165010100,1660,롯데캐슬파크,50870,272.44,244.75,C,180000,295000,0.0506424671684802,2003,57
서초구,방배동,1165010100,1660,롯데캐슬파크,1568,278.74,244.9,,180000,300000,0.0524097791489255,2003,57
서초구,방배동,1165010100,1660,롯데캐슬파크,128612,273.46,244.91,D,180000,300000,0.0524097791489255,2003,57
서초구,방배동,1165010100,1660,롯데캐슬파크,210244,272.64,244.92,D,180000,295000,0.0506424671684802,2003,57
서초구,방배동,1165010100,1639,방배1차현대,1547,85.04,59.94,,67000,220000,0.1262499580536404,1999,644
서초구,방배동,1165010100,1639,방배1차현대,50853,109.44,84.96,,88500,260000,0.1137892137086642,1999,644
서초구,방배동,1165010100,1639,방배1차현대,94536,141.97,114.78,,103000,290000,0.1090626437527089,1999,644
서초구,방배동,1165010100,1639,방배1차현대,128597,151.84,124.81,,99000,280000,0.1095638113023602,1999,644
서초구,방배동,1165010100,1639,방배1차현대,153638,163.97,134.76,,107500,297500,0.1071535338510329,1999,644
서초구,방배동,1165010100,12427,방배2차e-편한세상,12228,186.75,163.36,A,140000,280000,0.0717734625362931,2004,89
서초구,방배동,1165010100,12427,방배2차e-편한세상,132881,187.77,164.12,D,140000,280000,0.0717734625362931,2004,89
서초구,방배동,1165010100,12427,방배2차e-편한세상,156219,188.86,164.16,E,142500,280000,0.0698781466422535,2004,89
서초구,방배동,1165010100,12427,방배2차e-편한세상,60351,187.68,164.2,B,140000,280000,0.0717734625362931,2004,89
서초구,방배동,1165010100,12427,방배2차e-편한세상,101279,187.84,164.53,C,140000,280000,0.0717734625362931,2004,89
서초구,방배동,1165010100,1615,방배2차현대홈타운,50832,81.58,59.86,C,68500,202500,0.1144829931763391,2001,384
서초구,방배동,1165010100,1615,방배2차현대홈타운,1524,81.58,59.86,,68500,202500,0.1144829931763391,2001,384
서초구,방배동,1165010100,1615,방배2차현대홈타운,94520,108.29,84.94,,88500,260000,0.1137892137086642,2001,384
서초구,방배동,1165010100,1615,방배2차현대홈타운,128586,141.51,114.74,,105000,275000,0.101068503059414,2001,384
서초구,방배동,1165010100,1615,방배2차현대홈타운,153632,176.05,147.26,,120000,287500,0.0913037820252502,2001,384
서초구,방배동,1165010100,13993,방배3차e-편한세상,13768,231.63,198.53,,208500,375000,0.060455675685622,2006,192
서초구,방배동,1165010100,13993,방배3차e-편한세상,61707,235.96,202.46,,217500,387500,0.0594519009575444,2006,192
서초구,방배동,1165010100,13993,방배3차e-편한세상,102316,244.99,216.73,,232500,410000,0.0583665123817396,2006,192
서초구,방배동,1165010100,13993,방배3차e-편한세상,133634,277.18,244.87,,275000,475000,0.0561755063153761,2006,192
서초구,방배동,1165010100,12622,방배3차현대홈타운,12421,106.36,84.98,,81500,220000,0.1044002777971577,2004,123
서초구,방배동,1165010100,12622,방배3차현대홈타운,60523,148.8,120.91,A,99000,255000,0.0992348748897014,2004,123
서초구,방배동,1165010100,12622,방배3차현대홈타운,101409,150.06,122.82,B,99000,255000,0.0992348748897014,2004,123
서초구,방배동,1165010100,12622,방배3차현대홈타운,132969,150.23,122.96,C,99000,255000,0.0992348748897014,2004,123
서초구,방배동,1165010100,12622,방배3차현대홈타운,156275,152.1,123.34,,99000,255000,0.0992348748897014,2004,123
서초구,방배동,1165010100,14559,방배IPARK,14326,114.5,84.32,A,82500,187500,0.0855622496420565,2006,138
서초구,방배동,1165010100,14559,방배IPARK,62206,114.6,84.66,B,82500,187500,0.0855622496420565,2006,138
서초구,방배동,1165010100,14559,방배IPARK,102702,155.01,125.58,,99000,247500,0.0959582263852172,2006,138
서초구,방배동,1165010100,14559,방배IPARK,133924,199.17,157.56,,110000,257500,0.088775788706362,2006,138
서초구,방배동,1165010100,12303,방배e-편한세상(1차),12106,201.97,164.25,A,145000,275000,0.0660963811833246,2003,199
서초구,방배동,1165010100,12303,방배e-편한세상(1차),60239,201.98,164.38,B,145000,275000,0.0660963811833246,2003,199
서초구,방배동,1165010100,12303,방배e-편한세상(1차),101194,224.85,188.21,,172500,315000,0.0620675638445424,2003,199
서초구,방배동,1165010100,1642,방배금강(프리빌),1550,106.77,81.73,A,60000,160000,0.1030542524220698,2001,87
서초구,방배동,1165010100,1642,방배금강(프리빌),50856,106.77,81.73,B,60000,160000,0.1030542524220698,2001,87
서초구,방배동,1165010100,1642,방배금강(프리빌),94539,121.52,93.07,,64000,180000,0.1089430746998159,2001,87
서초구,방배동,1165010100,1642,방배금강(프리빌),128600,124.31,95.43,,64000,180000,0.1089430746998159,2001,87
서초구,방배동,1165010100,1642,방배금강(프리빌),153639,164.37,127.2,,92000,195000,0.0780146885665795,2001,87
서초구,방배동,1165010100,1618,방배대우(대우사원),1527,111.83,84.55,A,54000,170000,0.1215161094207333,1992,95
서초구,방배동,1165010100,1618,방배대우(대우사원),50835,111.97,84.67,B,54000,170000,0.1215161094207333,1992,95
서초구,방배동,1165010100,1618,방배대우(대우사원),94522,111.98,84.68,C,54000,170000,0.1215161094207333,1992,95
서초구,방배동,1165010100,1618,방배대우(대우사원),128588,112.1,84.76,D,54000,170000,0.1215161094207333,1992,95
서초구,방배동,1165010100,1618,방배대우(대우사원),153633,112.28,84.91,E,54000,170000,0.1215161094207333,1992,95
서초구,방배동,1165010100,1644,방배대우유로카운티,50857,230.94,202.4,A,200000,300000,0.0413797439924106,2002,65
서초구,방배동,1165010100,1644,방배대우유로카운티,94540,231.19,202.44,B,200000,300000,0.0413797439924106,2002,65
서초구,방배동,1165010100,1644,방배대우유로카운티,128601,245.67,216.15,,217500,320000,0.0393673539298042,2002,65
서초구,방배동,1165010100,1644,방배대우유로카운티,153640,261.39,229.17,,227500,340000,0.0409976559715801,2002,65
서초구,방배동,1165010100,12718,방배동롯데캐슬포레스트,12514,270.95,239.33,,192500,337500,0.0577530939660448,2003,60
서초구,방배동,1165010100,12327,방배래미안(1차),12130,78.51,59.9,A,63000,172500,0.1059738410954342,2003,303
서초구,방배동,1165010100,12327,방배래미안(1차),60262,78.51,59.9,B,62750,172500,0.1064136801425248,2003,303
서초구,방배동,1165010100,12327,방배래미안(1차),101213,106.49,84.91,,78000,210000,0.1041103200045001,2003,303
서초구,방배동,1165010100,12327,방배래미안(1차),132831,135.51,114.94,,88500,215000,0.0928222253487003,2003,303
서초구,방배동,1165010100,13180,방배래미안타워,60995,124.65,102.93,B,82500,225000,0.1055359178042305,2005,344
서초구,방배동,1165010100,13180,방배래미안타워,12970,125.49,103.34,A,83000,225000,0.1048681200109875,2005,344
서초구,방배동,1165010100,13180,방배래미안타워,133232,157.64,134.36,B,92000,247500,0.1040245671890791,2005,344
서초구,방배동,1165010100,13180,방배래미안타워,101764,158.44,134.96,A,92500,247500,0.1034263405609614,2005,344
서초구,방배동,1165010100,21667,방배롯데캐슬로제,20946,202.76,172.27,,191250,415000,0.0805494964481563,2009,130
서초구,방배동,1165010100,21667,방배롯데캐슬로제,68228,238.4,198.16,A,212500,435000,0.0742689720664917,2009,130
서초구,방배동,1165010100,21667,방배롯데캐슬로제,107773,240.42,204.41,B,212500,435000,0.0742689720664917,2009,130
서초구,방배동,1165010100,26102,방배롯데캐슬아르떼,71861,84.27,59.97,B,85500,262500,0.1187069065821866,2013,744
서초구,방배동,1165010100,26102,방배롯데캐슬아르떼,25022,84.93,59.99,A,85500,262500,0.1187069065821866,2013,744
서초구,방배동,1165010100,26102,방배롯데캐슬아르떼,161962,109.67,84.91,C,108500,300000,0.1070548824806909,2013,744
서초구,방배동,1165010100,26102,방배롯데캐슬아르떼,110704,110.78,84.93,A,108500,300000,0.1070548824806909,2013,744
서초구,방배동,1165010100,26102,방배롯데캐슬아르떼,140307,110.09,84.97,B,108500,300000,0.1070548824806909,2013,744
서초구,방배동,1165010100,26102,방배롯데캐슬아르떼,188996,149.45,121.63,B,140000,337500,0.09197972332905,2013,744
서초구,방배동,1165010100,26102,방배롯데캐슬아르떼,177615,151.33,121.65,A,140000,337500,0.09197972332905,2013,744
서초구,방배동,1165010100,12016,방배브라운가,11825,106.41,84.85,A,68000,180000,0.1022404868690627,2003,161
서초구,방배동,1165010100,12016,방배브라운가,59999,105.93,84.94,B,68000,180000,0.1022404868690627,2003,161
서초구,방배동,1165010100,12016,방배브라운가,100998,156.43,124.67,,85000,190000,0.0837608727269985,2003,161
서초구,방배동,1165010100,1608,방배삼호(신삼호),1517,113.05,105.04,,95500,320000,0.1285340333142839,1983,481
서초구,방배동,1165010100,1608,방배삼호(신삼호),1243438,179.02,164.55,,130000,400000,0.1189525334021361,1983,481
서초구,방배동,1165010100,1608,방배삼호(신삼호),50826,180.22,164.97,,130000,400000,0.1189525334021361,1983,481
서초구,방배동,1165010100,1608,방배삼호(신삼호),94515,202.95,185.46,,137500,430000,0.1207702018181466,1983,481
서초구,방배동,1165010100,15968,방배서리풀e편한세상,15700,83.92,59.94,A,82500,230000,0.10796843711191,2010,496
서초구,방배동,1165010100,15968,방배서리풀e편한세상,63466,85.42,59.97,B,75000,220000,0.1136177427777871,2010,496
서초구,방배동,1165010100,15968,방배서리풀e편한세상,103735,110.78,84.97,,114000,290000,0.0978659471834453,2010,496
서초구,방배동,1165010100,15968,방배서리풀e편한세상,206852,114.67,84.97,A,114000,290000,0.0978659471834453,2010,496
서초구,방배동,1165010100,15968,방배서리풀e편한세상,134721,114.72,84.97,B,114000,290000,0.0978659471834453,2010,496
서초구,방배동,1165010100,15968,방배서리풀e편한세상,157508,137.19,108.28,,131500,315000,0.0912857396219553,2010,496
서초구,방배동,1165010100,15968,방배서리풀e편한세상,174064,151.55,121.48,,150000,325000,0.0803866526987886,2010,496
서초구,방배동,1165010100,15968,방배서리풀e편한세상,186229,158.64,124.79,,150000,330000,0.0820373898183428,2010,496
서초구,방배동,1165010100,15968,방배서리풀e편한세상,195080,187.42,148.56,,180000,400000,0.0831254203977676,2010,496
서초구,방배동,1165010100,15968,방배서리풀e편한세상,201769,210.7,164.46,,190000,420000,0.0825539997129258,2010,496
서초구,방배동,1165010100,15209,방배서리풀힐스,62785,102.99,84.99,,67500,150000,0.0831254203977676,2006,66
서초구,방배동,1165010100,15209,방배서리풀힐스,103163,154.05,128.11,,87500,180000,0.0747969991555654,2006,66
서초구,방배동,1165010100,1645,방배신동아럭스빌,1553,200.3,164.43,,114000,250000,0.0816917458953716,2003,55
서초구,방배동,1165010100,1645,방배신동아럭스빌,50858,199.65,164.79,,114000,250000,0.0816917458953716,2003,55
서초구,방배동,1165010100,1645,방배신동아럭스빌,94541,215.6,187.91,,121500,260000,0.0790453734947305,2003,55
서초구,방배동,1165010100,1640,방배씨티,1548,50.59,36.84,,22750,50000,0.0819292455497913,2000,91
서초구,방배동,1165010100,1640,방배씨티,1222531,51.94,37.8,,22750,50000,0.0819292455497913,2000,91
서초구,방배동,1165010100,1640,방배씨티,50854,101.85,74.16,,54000,145000,0.1038178790141375,2000,91
서초구,방배동,1165010100,1640,방배씨티,94537,105.81,77.04,,57000,145000,0.0978659471834453,2000,91
서초구,방배동,1165010100,1640,방배씨티,128598,123.14,89.66,,60000,146000,0.0929999964523646,2000,91
서초구,방배동,1165010100,14009,방배아트e-편한세상,225847,84.48,74.87,B,57500,161500,0.1087929813541821,2005,93
서초구,방배동,1165010100,14009,방배아트e-편한세상,218167,83.39,74.87,,57500,161500,0.1087929813541821,2005,93
서초구,방배동,1165010100,14009,방배아트e-편한세상,225345,84.48,74.87,D,57500,161500,0.1087929813541821,2005,93
서초구,방배동,1165010100,14009,방배아트e-편한세상,223253,83.39,74.87,C,57500,161500,0.1087929813541821,2005,93
서초구,방배동,1165010100,14009,방배아트e-편한세상,210640,82.67,74.87,A,57500,161500,0.1087929813541821,2005,93
서초구,방배동,1165010100,14009,방배아트e-편한세상,61723,83.61,74.87,A,57500,161500,0.1087929813541821,2005,93
서초구,방배동,1165010100,14009,방배아트e-편한세상,216166,82.67,74.87,B,57500,161500,0.1087929813541821,2005,93
서초구,방배동,1165010100,14009,방배아트e-편한세상,219835,121.39,108.98,B,69500,190000,0.1058007486680758,2005,93
서초구,방배동,1165010100,14009,방배아트e-편한세상,185811,121.7,108.98,A,69500,190000,0.1058007486680758,2005,93
서초구,방배동,1165010100,14009,방배아트e-편한세상,194777,122.97,108.98,C,69500,190000,0.1058007486680758,2005,93
서초구,방배동,1165010100,14009,방배아트e-편한세상,201551,131.76,113.18,,70000,195000,0.1078823846485299,2005,93
서초구,방배동,1165010100,14009,방배아트e-편한세상,224057,129.48,117.26,A,72500,200000,0.1068001234503837,2005,93
서초구,방배동,1165010100,15818,방배어울림,15555,149.95,122.78,,100000,202500,0.0731057025811261,2008,64
서초구,방배동,1165010100,1627,방배우성,1536,98.62,80.2,,70500,215000,0.1179565744789969,1990,468
서초구,방배동,1165010100,1627,방배우성,1219405,106.5,84.95,A,71500,215000,0.1163830701040529,1990,468
서초구,방배동,1165010100,1627,방배우성,50844,106.55,84.99,B,71500,215000,0.1163830701040529,1990,468
서초구,방배동,1165010100,1627,방배우성,94530,138.46,117.19,,85500,250000,0.1132620108881814,1990,468
서초구,방배동,1165010100,1629,방배임광(3차),1537,58.25,44.61,,40000,132500,0.1272379168602879,1988,316
서초구,방배동,1165010100,1629,방배임광(3차),50846,65.86,51.84,,44500,155000,0.1329145871754169,1988,316
서초구,방배동,1165010100,1629,방배임광(3차),94531,86.42,65.85,,55500,167500,0.1167917134030007,1988,316
서초구,방배동,1165010100,1629,방배임광(3차),128592,88.55,67.47,,55500,167500,0.1167917134030007,1988,316
서초구,방배동,1165010100,1629,방배임광(3차),193811,104.73,79.8,C,63500,210000,0.1270535646800075,1988,316
서초구,방배동,1165010100,1629,방배임광(3차),153635,104.98,82.34,A,63500,210000,0.1270535646800075,1988,316
서초구,방배동,1165010100,1629,방배임광(3차),184443,107.1,84.0,B,63500,210000,0.1270535646800075,1988,316
서초구,방배동,1165010100,1629,방배임광(3차),171463,128.29,100.82,,73000,220000,0.1166317751210017,1988,316
서초구,방배동,1165010100,13352,방배자이,13138,185.43,164.96,,130000,285000,0.0816584584631319,2003,136
서초구,방배동,1165010100,13352,방배자이,61144,218.51,194.92,,140000,315000,0.0844717711976985,2003,136
서초구,방배동,1165010100,13231,방배한진로즈힐,101800,110.49,84.37,A,79500,190000,0.0910349105937382,2005,84
서초구,방배동,1165010100,13231,방배한진로즈힐,13019,106.36,84.95,,77500,177500,0.0863997712403854,2005,84
서초구,방배동,1165010100,13231,방배한진로즈힐,133255,122.11,97.34,,86500,195000,0.084680544342899,2005,84
서초구,방배동,1165010100,13231,방배한진로즈힐,156472,132.65,102.5,,89000,200000,0.0843363053416235,2005,84
서초구,방배동,1165010100,1641,방배한화,1222466,111.45,84.7,A,72500,192500,0.1025778732598572,2001,89
서초구,방배동,1165010100,1641,방배한화,1549,111.5,84.74,B,72500,192500,0.1025778732598572,2001,89
서초구,방배동,1165010100,1641,방배한화,1222467,111.55,84.78,C,72500,192500,0.1025778732598572,2001,89
서초구,방배동,1165010100,1641,방배한화,50855,145.86,110.85,A,79000,197500,0.0959582263852172,2001,89
서초구,방배동,1165010100,1641,방배한화,94538,148.26,112.68,B,86000,205000,0.0907508019926748,2001,89
서초구,방배동,1165010100,1641,방배한화,128599,163.67,124.39,,87500,220000,0.0965828836452997,2001,89
서초구,방배동,1165010100,1646,방배현대멤피스2,1554,188.22,162.8,,117500,245000,0.0762491507704716,2002,90
서초구,방배동,1165010100,13621,브라운스톤방배,102064,106.71,84.9,B,83000,207500,0.0959582263852172,2005,145
서초구,방배동,1165010100,13621,브라운스톤방배,133442,107.03,84.95,C,83000,207500,0.0959582263852172,2005,145
서초구,방배동,1165010100,13621,브라운스톤방배,61375,106.08,84.96,A,83000,207500,0.0959582263852172,2005,145
서초구,방배동,1165010100,13621,브라운스톤방배,156604,106.64,84.98,D,83000,205000,0.0946305807123262,2005,145
서초구,방배동,1165010100,13621,브라운스톤방배,173425,121.76,97.64,,86000,217500,0.0972259768973686,2005,145
서초구,방배동,1165010100,13621,브라운스톤방배,185748,143.07,114.65,,99000,250000,0.0970602549059502,2005,145
서초구,방배동,1165010100,1613,삼호(1차),153630,80.86,78.02,A,61000,227500,0.1406834923311675,1975,419
서초구,방배동,1165010100,1613,삼호(1차),94518,80.85,80.33,B,61000,227500,0.1406834923311675,1975,419
서초구,방배동,1165010100,1613,삼호(1차),1522,82.08,81.39,A,61000,227500,0.1406834923311675,1975,419
서초구,방배동,1165010100,1613,삼호(1차),1219472,82.08,81.88,C,61000,227500,0.1406834923311675,1975,419
서초구,방배동,1165010100,1613,삼호(1차),171460,82.32,81.92,B,61000,227500,0.1406834923311675,1975,419
서초구,방배동,1165010100,1613,삼호(1차),50830,117.15,116.13,A,82000,272500,0.1276005146661698,1975,419
서초구,방배동,1165010100,1613,삼호(1차),1219541,117.15,116.96,B,82000,272500,0.1276005146661698,1975,419
서초구,방배동,1165010100,1610,삼호한숲,1519,80.16,59.98,,54000,137500,0.0979710614570064,1998,116
서초구,방배동,1165010100,1610,삼호한숲,94516,106.34,84.87,A,72000,175000,0.092875160621848,1998,116
서초구,방배동,1165010100,1610,삼호한숲,171458,113.42,84.87,,70500,175000,0.0951784591813007,1998,116
서초구,방배동,1165010100,1610,삼호한숲,50828,107.19,84.88,B,72000,175000,0.092875160621848,1998,116
서초구,방배동,1165010100,1610,삼호한숲,153628,139.13,114.46,B,81500,182500,0.0839531855008819,1998,116
서초구,방배동,1165010100,1610,삼호한숲,128582,139.2,114.52,A,81500,182500,0.0839531855008819,1998,116
서초구,방배동,1165010100,1647,삼환나띠르빌,1555,105.42,84.98,,65000,155000,0.0907917238188076,2003,126
서초구,방배동,1165010100,1647,삼환나띠르빌,94542,114.51,92.93,B,65500,155000,0.0899561841742373,2003,126
서초구,방배동,1165010100,1647,삼환나띠르빌,50859,114.51,92.93,A,65500,155000,0.0899561841742373,2003,126
서초구,방배동,1165010100,1647,삼환나띠르빌,128602,150.07,114.16,,76000,175000,0.0869822333743861,2003,126
서초구,방배동,1165010100,1647,삼환나띠르빌,153641,189.26,148.99,,82500,190000,0.0870010541110573,2003,126
서초구,방배동,1165010100,1648,서초ESA3차,1556,78.99,59.4,,55500,132500,0.0909184569250338,2002,86
서초구,방배동,1165010100,1617,쌍용예가클래식,1526,117.07,89.84,,82000,230000,0.1086421809952051,2007,216
서초구,방배동,1165010100,1617,쌍용예가클래식,50834,148.82,121.07,,95500,245000,0.0987939797647168,2007,216
서초구,방배동,1165010100,1617,쌍용예가클래식,128587,177.45,155.23,A,112500,260000,0.0873818571079063,2007,216
서초구,방배동,1165010100,1617,쌍용예가클래식,94521,175.79,155.44,B,112500,260000,0.0873818571079063,2007,216
서초구,방배동,1165010100,1609,임광(1차/2차),1518,116.28,84.78,,80500,232500,0.111892261573439,1985,418
서초구,방배동,1165010100,1609,임광(1차/2차),50827,160.67,136.38,,101500,275000,0.1048076306650986,1985,418
서초구,방배동,1165010100,1637,현대멤피스,1545,165.14,133.31,,99000,252500,0.0981524094310002,2001,206
서초구,방배동,1165010100,1637,현대멤피스,171465,196.74,158.82,D,106500,277500,0.1005032715925264,2001,206
서초구,방배동,1165010100,1637,현대멤피스,153637,196.95,158.99,C,106500,277500,0.1005032715925264,2001,206
서초구,방배동,1165010100,1637,현대멤피스,128595,197.55,159.47,B,106500,277500,0.1005032715925264,2001,206
서초구,방배동,1165010100,1637,현대멤피스,94534,197.55,159.47,A,106500,277500,0.1005032715925264,2001,206
서초구,방배동,1165010100,1637,현대멤피스,184444,231.07,186.53,,126000,300000,0.0906240515512695,2001,206
서초구,방배동,1165010100,13725,황실자이,13502,193.77,163.58,,160000,320000,0.0717734625362931,2005,67
서초구,방배동,1165010100,13725,황실자이,102138,228.05,186.98,B,187500,360000,0.067407187560915,2005,67
서초구,방배동,1165010100,13725,황실자이,61470,225.72,191.29,A,192500,360000,0.0646017523497688,2005,67
서초구,서초동,1165010800,13765,경남아너스빌,194750,105.79,84.95,,82500,210000,0.0979347594923716,2005,141
서초구,서초동,1165010800,13765,경남아너스빌,13542,149.03,127.04,B,103500,220000,0.0783214222153196,2005,141
서초구,서초동,1165010800,13765,경남아너스빌,61506,159.91,136.22,A,108500,230000,0.0780274258627153,2005,141
서초구,서초동,1165010800,13765,경남아너스빌,102161,160.21,136.37,B,108500,230000,0.0780274258627153,2005,141
서초구,서초동,1165010800,13765,경남아너스빌,133511,160.54,137.07,,108500,230000,0.0780274258627153,2005,141
서초구,서초동,1165010800,12446,대성유니드,12247,105.85,84.99,,77500,197500,0.0980611841431384,2004,83
서초구,서초동,1165010800,12446,대성유니드,60368,119.25,95.55,,80500,205000,0.0979834602742615,2004,83
서초구,서초동,1165010800,12446,대성유니드,101293,151.01,122.11,,95000,219500,0.0873543392512967,2004,83
서초구,서초동,1165010800,36277,더샵오데움,209227,200.44,171.03,,162500,297500,0.0623395751490671,2005,139
서초구,서초동,1165010800,36277,더샵오데움,35112,232.07,205.19,A,185000,362500,0.0695808737079284,2005,139
서초구,서초동,1165010800,36277,더샵오데움,80813,233.92,207.22,B,185000,362500,0.0695808737079284,2005,139
서초구,서초동,1165010800,36277,더샵오데움,117961,261.98,232.3,,220000,385000,0.0575570503382523,2005,139
서초구,서초동,1165010800,36277,더샵오데움,145893,265.55,235.57,,227500,392500,0.0560532708402261,2005,139
서초구,서초동,1165010800,36277,더샵오데움,166114,270.34,239.98,,237500,397500,0.0528520616924315,2005,139
서초구,서초동,1165010800,1706,동원베네스트,1614,105.53,84.9,A,71000,182500,0.0990069832623123,2002,126
서초구,서초동,1165010800,1706,동원베네스트,50914,105.68,84.9,B,71000,182500,0.0990069832623123,2002,126
서초구,서초동,1165010800,1706,동원베네스트,94590,142.48,120.81,,85500,200000,0.0886954004215472,2002,126
서초구,서초동,1165010800,15999,두산위브트레지움,15731,106.22,84.62,A,94000,240000,0.0982680226867609,2008,98
서초구,서초동,1165010800,15999,두산위브트레지움,63496,105.77,84.96,B,94000,240000,0.0982680226867609,2008,98
서초구,서초동,1165010800,15999,두산위브트레지움,103764,160.95,130.3,,130000,275000,0.0778018734377266,2008,98
서초구,서초동,1165010800,36741,래미안서초4차,35574,112.43,84.94,,80250,175000,0.0810836537561714,2005,56
서초구,서초동,1165010800,36741,래미안서초4차,81216,136.33,102.63,,83500,200000,0.0912753667256673,2005,56
서초구,서초동,1165010800,36741,래미안서초4차,118201,144.94,124.93,,85500,205000,0.0913869955548831,2005,56
서초구,서초동,1165010800,36741,래미안서초4차,146014,154.32,133.14,,91500,225000,0.0941481802922687,2005,56
서초구,서초동,1165010800,13956,래미안서초7차,61672,130.6,110.68,,101000,220000,0.0809612622959567,2006,79
서초구,서초동,1165010800,13956,래미안서초7차,156709,173.19,148.08,,125000,245000,0.0696103757250687,2006,79
서초구,서초동,1165010800,15998,래미안서초스위트,15730,80.1,59.99,,83500,257500,0.1192035416642707,2009,392
서초구,서초동,1165010800,15998,래미안서초스위트,63495,112.74,84.95,A,105000,302500,0.1116129767219857,2009,392
서초구,서초동,1165010800,15998,래미안서초스위트,103763,114.81,84.97,B,105000,300000,0.1106908537107527,2009,392
서초구,서초동,1165010800,15998,래미안서초스위트,134742,125.95,95.65,C,113500,310000,0.1056981507067467,2009,392
서초구,서초동,1165010800,15998,래미안서초스위트,157525,125.96,95.75,A,114500,310000,0.104728659109377,2009,392
서초구,서초동,1165010800,15998,래미안서초스위트,174077,125.85,95.8,B,117500,310000,0.1018751346706199,2009,392
서초구,서초동,1165010800,1676,롯데캐슬84.,153661,249.8,208.63,,150000,317500,0.0778671769553174,2001,84
서초구,서초동,1165010800,12020,롯데캐슬SPA,11829,207.68,182.74,,137500,225000,0.0504804684523814,2003,58
서초구,서초동,1165010800,12020,롯데캐슬SPA,60003,220.45,194.51,,145000,240000,0.0516817169310639,2003,58
서초구,서초동,1165010800,12020,롯데캐슬SPA,101002,275.29,241.17,,175000,270000,0.0443175381257701,2003,58
서초구,서초동,1165010800,13276,롯데캐슬주피터,61075,158.06,138.97,,93500,195000,0.0762726396595909,2003,110
서초구,서초동,1165010800,13276,롯데캐슬주피터,133278,186.25,162.41,B,97500,240000,0.0942603488580748,2003,110
서초구,서초동,1165010800,13276,롯데캐슬주피터,156490,187.99,164.05,,97500,240000,0.0942603488580748,2003,110
서초구,서초동,1165010800,13276,롯데캐슬주피터,224047,197.29,172.33,,102500,245000,0.0910489153676867,2003,110
서초구,서초동,1165010800,14066,롯데캐슬클래식,13841,94.91,74.3,,92000,285000,0.1197103774701784,2006,990
서초구,서초동,1165010800,14066,롯데캐슬클래식,61777,106.52,84.98,,103500,302500,0.1132135987193547,2006,990
서초구,서초동,1165010800,14066,롯데캐슬클래식,102372,142.14,120.18,,132000,360000,0.1055359178042305,2006,990
서초구,서초동,1165010800,14066,롯데캐슬클래식,133675,154.9,133.45,,141000,375000,0.1027605352345477,2006,990
서초구,서초동,1165010800,1690,삼성서초가든스위트,184461,236.14,162.73,,164500,310000,0.0654168944231843,2000,141
서초구,서초동,1165010800,1690,삼성서초가든스위트,193820,238.26,164.19,,164500,310000,0.0654168944231843,2000,141
서초구,서초동,1165010800,1690,삼성서초가든스위트,1598,238.46,164.33,A,164500,310000,0.0654168944231843,2000,141
서초구,서초동,1165010800,1690,삼성서초가든스위트,200847,238.5,164.36,B,164500,310000,0.0654168944231843,2000,141
서초구,서초동,1165010800,1690,삼성서초가든스위트,206164,238.91,164.64,C,164500,310000,0.0654168944231843,2000,141
서초구,서초동,1165010800,1690,삼성서초가든스위트,210247,239.04,164.73,D,164500,310000,0.0654168944231843,2000,141
서초구,서초동,1165010800,1690,삼성서초가든스위트,50899,255.74,176.24,,170000,350000,0.0748847771014427,2000,141
서초구,서초동,1165010800,1690,삼성서초가든스위트,94578,263.38,181.5,,172500,390000,0.0849945351647558,2000,141
서초구,서초동,1165010800,1690,삼성서초가든스위트,128635,275.44,189.81,B,187500,420000,0.0839888170467406,2000,141
서초구,서초동,1165010800,1690,삼성서초가든스위트,153666,287.01,197.79,,195000,430000,0.0822893488063021,2000,141
서초구,서초동,1165010800,1690,삼성서초가든스위트,221046,353.58,243.66,A,310000,470000,0.0424941255620689,2000,141
서초구,서초동,1165010800,1690,삼성서초가든스위트,222191,353.93,243.9,B,310000,470000,0.0424941255620689,2000,141
서초구,서초동,1165010800,1690,삼성서초가든스위트,223164,354.1,244.02,C,310000,470000,0.0424941255620689,2000,141
서초구,서초동,1165010800,1690,삼성서초가든스위트,171488,354.43,244.25,D,310000,470000,0.0424941255620689,2000,141
서초구,서초동,1165010800,1690,삼성서초가든스위트,223977,354.48,244.28,E,310000,470000,0.0424941255620689,2000,141
서초구,서초동,1165010800,1690,삼성서초가든스위트,224689,354.59,244.36,F,310000,470000,0.0424941255620689,2000,141
서초구,서초동,1165010800,1690,삼성서초가든스위트,225288,354.94,244.6,G,310000,470000,0.0424941255620689,2000,141
서초구,서초동,1165010800,1690,삼성서초가든스위트,225802,355.07,244.69,H,310000,470000,0.0424941255620689,2000,141
서초구,서초동,1165010800,1690,삼성서초가든스위트,226247,355.28,244.83,I,310000,470000,0.0424941255620689,2000,141
서초구,서초동,1165010800,1690,삼성서초가든스위트,226641,355.33,244.87,J,310000,470000,0.0424941255620689,2000,141
서초구,서초동,1165010800,1690,삼성서초가든스위트,219666,355.48,244.97,,310000,470000,0.0424941255620689,2000,141
서초구,서초동,1165010800,1666,삼풍,1574,105.63,79.47,,111000,335000,0.1167917134030007,1988,2390
서초구,서초동,1165010800,1666,삼풍,94559,151.0,130.23,,160500,410000,0.0983250326297699,1988,2390
서초구,서초동,1165010800,1666,삼풍,50876,151.07,130.73,,160500,410000,0.0983250326297699,1988,2390
서초구,서초동,1165010800,1666,삼풍,128618,185.91,163.81,,174000,437500,0.0965864643884109,1988,2390
서초구,서초동,1165010800,1666,삼풍,171479,192.9,165.36,,176500,447500,0.0975007684335147,1988,2390
서초구,서초동,1165010800,1666,삼풍,153654,189.05,165.92,,174500,445000,0.0981368313647776,1988,2390
서초구,서초동,1165010800,12957,서초1차e-편한세상,12748,158.86,130.53,,110000,262500,0.0908716675156933,2004,154
서초구,서초동,1165010800,13243,서초2차e-편한세상,13031,107.2,84.67,,84000,217500,0.0998108441661085,2005,159
서초구,서초동,1165010800,13243,서초2차e-편한세상,61046,123.48,94.6,,85500,225000,0.1015941992032318,2005,159
서초구,서초동,1165010800,13243,서초2차e-편한세상,101807,134.77,102.42,,95500,228500,0.0911596134468974,2005,159
서초구,서초동,1165010800,13243,서초2차e-편한세상,133260,146.92,116.74,A,105500,240000,0.0856651026744155,2005,159
서초구,서초동,1165010800,13243,서초2차e-편한세상,173342,152.78,119.05,,111000,247500,0.0834907860368348,2005,159
서초구,서초동,1165010800,13243,서초2차e-편한세상,156475,146.23,123.11,B,105500,232500,0.0822237231495843,2005,159
서초구,서초동,1165010800,14553,서초3차e-편한세상,14320,160.08,131.01,,111500,235000,0.0774057760216369,2005,77
서초구,서초동,1165010800,14553,서초3차e-편한세상,62202,189.85,158.24,,129000,255000,0.0705206448259037,2005,77
서초구,서초동,1165010800,1686,서초3차현대,1108897,101.21,83.25,A,69500,175000,0.0967441445453494,1997,96
서초구,서초동,1165010800,1686,서초3차현대,1108898,102.16,84.04,B,69500,175000,0.0967441445453494,1997,96
서초구,서초동,1165010800,1686,서초3차현대,1594,102.63,84.49,C,69500,175000,0.0967441445453494,1997,96
서초구,서초동,1165010800,1670,서초4차현대,1578,67.04,52.36,A,46500,145000,0.1204474819659127,2000,160
서초구,서초동,1165010800,1670,서초4차현대,128622,79.07,64.26,,59500,170000,0.1106908537107527,2000,160
서초구,서초동,1165010800,1670,서초4차현대,171481,103.75,84.33,,79500,240000,0.1168231594805384,2000,160
서초구,서초동,1165010800,1670,서초4차현대,184455,104.3,84.78,B,79500,240000,0.1168231594805384,2000,160
서초구,서초동,1165010800,1670,서초4차현대,206162,108.77,84.95,B,79500,240000,0.1168231594805384,2000,160
서초구,서초동,1165010800,1670,서초4차현대,210245,104.52,84.96,C,79500,240000,0.1168231594805384,2000,160
서초구,서초동,1165010800,1670,서초4차현대,213407,108.8,84.98,A,79500,240000,0.1168231594805384,2000,160
서초구,서초동,1165010800,1670,서초4차현대,200845,107.25,84.99,A,79500,240000,0.1168231594805384,2000,160
서초구,서초동,1165010800,1670,서초4차현대,217965,147.0,116.49,,96500,245000,0.0976499882904717,2000,160
서초구,서초동,1165010800,1670,서초4차현대,219665,172.27,140.03,,106500,270000,0.0974921325091253,2000,160
서초구,서초동,1165010800,14554,서초5차e-편한세상,14321,190.3,158.24,,129000,267500,0.0756560087944004,2005,161
서초구,서초동,1165010800,22976,서초교대e편한세상,22156,81.47,59.9,A,82500,255000,0.1194601108267241,2010,435
서초구,서초동,1165010800,22976,서초교대e편한세상,69327,82.34,59.93,B,82500,255000,0.1194601108267241,2010,435
서초구,서초동,1165010800,22976,서초교대e편한세상,138671,113.35,84.68,B,112000,302500,0.10446189180626,2010,435
서초구,서초동,1165010800,22976,서초교대e편한세상,160684,113.74,84.93,C,112000,302500,0.10446189180626,2010,435
서초구,서초동,1165010800,22976,서초교대e편한세상,176608,114.1,84.94,D,112000,302500,0.10446189180626,2010,435
서초구,서초동,1165010800,22976,서초교대e편한세상,108652,113.88,84.97,A,112500,302500,0.1039700353380796,2010,435
서초구,서초동,1165010800,22976,서초교대e편한세상,218681,141.8,110.32,,135000,325000,0.0918298393275309,2010,435
서초구,서초동,1165010800,22976,서초교대e편한세상,188228,167.18,131.16,,148500,377500,0.0977894435082307,2010,435
서초구,서초동,1165010800,22976,서초교대e편한세상,196680,173.76,136.44,,152000,377500,0.0952350576854852,2010,435
서초구,서초동,1165010800,12274,서초극동스타클래스1,60217,102.8,84.3,,65000,165000,0.0976327555190745,2003,90
서초구,서초동,1165010800,12274,서초극동스타클래스1,101171,117.24,90.18,,69000,177500,0.099094226815571,2003,90
서초구,서초동,1165010800,12274,서초극동스타클래스1,156164,133.56,109.97,A,78500,192500,0.0938458103570647,2003,90
서초구,서초동,1165010800,12274,서초극동스타클래스1,173124,133.4,110.72,B,78500,192500,0.0938458103570647,2003,90
서초구,서초동,1165010800,12274,서초극동스타클래스1,185541,150.31,124.09,,83000,195000,0.0891699529364244,2003,90
서초구,서초동,1165010800,14301,서초극동스타클래스II,14074,74.92,59.97,,50000,112500,0.0844717711976985,2006,60
서초구,서초동,1165010800,14301,서초극동스타클래스II,61982,90.75,72.5,,58000,131500,0.0852999323177723,2006,60
서초구,서초동,1165010800,14301,서초극동스타클래스II,102531,101.2,81.06,A,62500,150000,0.0914934256178969,2006,60
서초구,서초동,1165010800,14301,서초극동스타클래스II,133793,102.04,82.43,B,62500,150000,0.0914934256178969,2006,60
서초구,서초동,1165010800,14301,서초극동스타클래스II,156831,105.31,84.99,,64000,152500,0.0907092266152256,2006,60
서초구,서초동,1165010800,14301,서초극동스타클래스II,173588,120.14,96.55,,73000,157500,0.0799304076639186,2006,60
서초구,서초동,1165010800,14301,서초극동스타클래스II,185869,130.76,105.47,,79000,167500,0.0780496725740413,2006,60
서초구,서초동,1165010800,1700,서초금호어울림,1608,156.91,124.35,A,81000,175000,0.080078454901576,2001,84
서초구,서초동,1165010800,1700,서초금호어울림,50909,156.91,124.35,B,81000,175000,0.080078454901576,2001,84
서초구,서초동,1165010800,1700,서초금호어울림,94586,185.88,146.13,,98500,195000,0.0706803644590865,2001,84
서초구,서초동,1165010800,36653,서초대우,35486,204.38,183.16,,99000,220000,0.0831254203977676,2000,73
서초구,서초동,1165010800,36653,서초대우,1251644,206.39,185.09,B,99000,220000,0.0831254203977676,2000,73
서초구,서초동,1165010800,36653,서초대우,81135,207.46,186.05,A,99000,220000,0.0831254203977676,2000,73
서초구,서초동,1165010800,36653,서초대우,118150,210.16,188.47,,99000,220000,0.0831254203977676,2000,73
서초구,서초동,1165010800,12170,서초동IPARK,11975,183.0,156.53,,106000,207500,0.0694764445385309,2003,115
서초구,서초동,1165010800,12170,서초동IPARK,60129,193.05,164.74,C,120000,245000,0.0739856629363202,2003,115
서초구,서초동,1165010800,12170,서초동IPARK,156137,204.47,164.8,,126500,255000,0.0726177153499034,2003,115
서초구,서초동,1165010800,12170,서초동IPARK,132750,192.95,164.83,F,120000,245000,0.0739856629363202,2003,115
서초구,서초동,1165010800,12170,서초동IPARK,101098,192.85,164.98,D,120000,245000,0.0739856629363202,2003,115
서초구,서초동,1165010800,12170,서초동IPARK,173101,233.92,192.63,,140000,262500,0.0648786680336062,2003,115
서초구,서초동,1165010800,15815,서초동동일하이빌,15552,119.85,84.98,,78000,150000,0.0675781231703915,2006,54
서초구,서초동,1165010800,15815,서초동동일하이빌,63323,142.06,100.39,B,91500,177500,0.0685078726155503,2006,54
서초구,서초동,1165010800,15815,서초동동일하이빌,103609,142.23,100.45,A,91500,177500,0.0685078726155503,2006,54
서초구,서초동,1165010800,13452,서초동롯데캐슬리버티,101944,106.8,84.99,,75000,180000,0.0914934256178969,2005,132
서초구,서초동,1165010800,13452,서초동롯데캐슬리버티,194716,150.85,123.75,B,95000,240000,0.097106438166846,2005,132
서초구,서초동,1165010800,13452,서초동롯데캐슬리버티,173384,151.21,125.79,A,95000,240000,0.097106438166846,2005,132
서초구,서초동,1165010800,13452,서초동롯데캐슬리버티,201503,152.02,126.52,C,95000,240000,0.097106438166846,2005,132
서초구,서초동,1165010800,12018,서초래미안,60001,112.73,84.95,B,94000,270000,0.1112802373314723,2003,1129
서초구,서초동,1165010800,12018,서초래미안,11827,113.66,84.97,A,91500,265000,0.1121989429646748,2003,1129
서초구,서초동,1165010800,12018,서초래미안,101000,129.54,96.87,,100500,307500,0.11832467100203,2003,1129
서초구,서초동,1165010800,12018,서초래미안,132682,146.45,111.32,A,115500,327500,0.1098465388869114,2003,1129
서초구,서초동,1165010800,12018,서초래미안,156092,146.93,111.92,B,111500,317500,0.1103167364165822,2003,1129
서초구,서초동,1165010800,12018,서초래미안,173071,165.5,126.31,A,129000,337500,0.1009520556367853,2003,1129
서초구,서초동,1165010800,12018,서초래미안,185502,167.09,127.66,B,117000,322500,0.1067114055487268,2003,1129
서초구,서초동,1165010800,26329,서초롯데캐슬프레지던트,72064,111.22,84.97,B,111500,290000,0.1003030404789302,2014,280
서초구,서초동,1165010800,26329,서초롯데캐슬프레지던트,25248,111.05,84.97,A,111500,290000,0.1003030404789302,2014,280
서초구,서초동,1165010800,26329,서초롯데캐슬프레지던트,110864,152.89,119.13,,153500,320000,0.0762276853895933,2014,280
서초구,서초동,1165010800,15354,서초벽산블루밍,15103,105.25,84.39,,69000,182500,0.1021517074767013,2006,60
서초구,서초동,1165010800,15354,서초벽산블루밍,134347,149.13,120.27,,84000,195000,0.0878663229744429,2006,60
서초구,서초동,1165010800,15354,서초벽산블루밍,157218,164.92,133.28,,92500,207500,0.0841456630694956,2006,60
서초구,서초동,1165010800,1688,서초삼성래미안,50897,108.06,84.89,B,89000,240000,0.1042874168934784,2001,299
서초구,서초동,1165010800,1688,서초삼성래미안,1596,108.16,84.97,A,89000,240000,0.1042874168934784,2001,299
서초구,서초동,1165010800,1688,서초삼성래미안,94577,154.86,121.66,,103750,275000,0.1023879536761569,2001,299
서초구,서초동,1165010800,1688,서초삼성래미안,128634,191.27,150.25,,117500,285000,0.0926490672427013,2001,299
서초구,서초동,1165010800,14557,서초신원아침도시2차,14324,105.8,84.34,,70000,177500,0.0975139062026659,2005,88
서초구,서초동,1165010800,13948,서초쌍용플래티넘,133604,72.73,55.59,B,40000,79000,0.0704261495957114,2006,109
서초구,서초동,1165010800,13948,서초쌍용플래티넘,156707,73.26,56.0,C,40500,79000,0.0690972361642594,2006,109
서초구,서초동,1165010800,13948,서초쌍용플래티넘,173504,89.24,68.21,,47000,100000,0.0784256632618027,2006,109
서초구,서초동,1165010800,13948,서초쌍용플래티넘,185799,94.06,71.9,A,48500,105000,0.0803009451339324,2006,109
서초구,서초동,1165010800,13948,서초쌍용플래티넘,194770,94.82,72.47,B,49000,105000,0.0791935024728682,2006,109
서초구,서초동,1165010800,13948,서초쌍용플래티넘,206688,107.89,82.46,,58500,132500,0.0851905450367369,2006,109
서초구,서초동,1165010800,14031,서초자이,13806,106.97,84.98,,92500,200000,0.080161829675438,2006,184
서초구,서초동,1165010800,14031,서초자이,61744,147.27,116.85,,112500,240000,0.0787128989241652,2006,184
서초구,서초동,1165010800,14031,서초자이,102347,165.28,133.47,,121500,250000,0.074821569033008,2006,184
서초구,서초동,1165010800,14031,서초자이,133657,184.32,148.83,,130000,275000,0.0778018734377266,2006,184
서초구,서초동,1165010800,20962,서초지웰,20263,112.46,84.74,,76500,190000,0.0952397982547847,2005,60
서초구,서초동,1165010800,1669,서초한빛삼성,1577,84.96,59.52,,59000,149000,0.0970676923756908,1999,264
서초구,서초동,1165010800,1669,서초한빛삼성,50879,126.18,99.06,A,85500,230000,0.1040180455167121,1999,264
서초구,서초동,1165010800,1669,서초한빛삼성,128621,126.22,99.09,B,85500,230000,0.1040180455167121,1999,264
서초구,서초동,1165010800,1669,서초한빛삼성,94562,140.87,110.59,,95500,240000,0.0965306790843918,1999,264
서초구,서초동,1165010800,1689,서초한일,1597,76.82,59.96,,54500,137000,0.0965600169691607,1997,86
서초구,서초동,1165010800,1689,서초한일,50898,108.87,84.98,,67500,175000,0.0999512246616067,1997,86
서초구,서초동,1165010800,1696,서초현대,1604,72.72,53.01,,51250,157500,0.1188160008329395,1999,299
서초구,서초동,1165010800,1696,서초현대,50905,75.02,54.45,A,51500,162500,0.121772046570715,1999,299
서초구,서초동,1165010800,1696,서초현대,94583,77.01,59.4,B,58500,175000,0.1158047818149743,1999,299
서초구,서초동,1165010800,1696,서초현대,128640,87.41,63.45,,59000,175000,0.1148555589765198,1999,299
서초구,서초동,1165010800,1696,서초현대,184462,110.23,84.69,C,76000,215000,0.1095898791245209,1999,299
서초구,서초동,1165010800,1696,서초현대,153668,110.36,84.78,A,76000,215000,0.1095898791245209,1999,299
서초구,서초동,1165010800,1696,서초현대,171490,110.42,84.81,B,76000,215000,0.1095898791245209,1999,299
서초구,서초동,1165010800,1696,서초현대,193821,110.64,84.99,D,76000,215000,0.1095898791245209,1999,299
서초구,서초동,1165010800,1696,서초현대,200848,144.29,114.84,,89500,240000,0.1036689401220387,1999,299
서초구,서초동,1165010800,14555,서초현대홈타운,14322,110.27,84.97,,78000,165000,0.0778018734377266,2005,68
서초구,서초동,1165010800,14555,서초현대홈타운,62203,155.73,134.19,,103000,225000,0.0812709355095528,2005,68
서초구,서초동,1165010800,1672,아남,1580,92.08,71.1,,60000,195000,0.125092775800282,1990,166
서초구,서초동,1165010800,1672,아남,1283601,102.49,84.38,A,68000,210000,0.1193632339992398,1990,166
서초구,서초동,1165010800,1672,아남,50882,103.18,84.96,B,68000,210000,0.1193632339992398,1990,166
서초구,서초동,1165010800,22104,아이파크빌,68620,218.34,179.28,,123500,235000,0.0664489978603048,2001,66
서초구,서초동,1165010800,22104,아이파크빌,108102,258.59,204.71,,141000,240000,0.0546277945413589,2001,66
서초구,서초동,1165010800,22104,아이파크빌,138257,272.0,226.19,,153000,280000,0.0622987245756072,2001,66
서초구,서초동,1165010800,1673,우성(5차),1581,74.48,57.26,,70000,175000,0.0959582263852172,1998,408
서초구,서초동,1165010800,1673,우성(5차),50883,79.88,59.93,,73000,222500,0.1178942324911447,1998,408
서초구,서초동,1165010800,1673,우성(5차),94565,99.73,76.67,,82000,250000,0.1179248643463397,1998,408
서초구,서초동,1165010800,1673,우성(5차),128624,110.47,84.93,,88500,257500,0.112713600200704,1998,408
서초구,서초동,1165010800,1673,우성(5차),153658,167.83,134.91,,117000,275000,0.0892176827276203,1998,408
서초구,서초동,1165010800,13173,우정에쉐르,218145,87.76,72.44,,47500,96500,0.0734538312540091,2004,77
서초구,서초동,1165010800,13173,우정에쉐르,219815,93.76,77.39,,48500,112500,0.0877800220439397,2004,77
서초구,서초동,1165010800,13173,우정에쉐르,222290,99.5,82.13,A,56500,119000,0.0773327230297471,2004,77
서초구,서초동,1165010800,13173,우정에쉐르,223240,99.82,82.39,B,56500,119000,0.0773327230297471,2004,77
서초구,서초동,1165010800,13173,우정에쉐르,224045,100.02,82.55,C,56500,119000,0.0773327230297471,2004,77
서초구,서초동,1165010800,13173,우정에쉐르,224747,102.69,84.76,A,57000,127500,0.0838359020402721,2004,77
서초구,서초동,1165010800,13173,우정에쉐르,225338,102.78,84.84,B,57000,127500,0.0838359020402721,2004,77
서초구,서초동,1165010800,1674,유원서초,1582,105.8,84.82,A,84500,272500,0.1242191524707354,1993,590
서초구,서초동,1165010800,1674,유원서초,50884,105.8,84.82,B,84500,272500,0.1242191524707354,1993,590
서초구,서초동,1165010800,1674,유원서초,171483,105.81,84.82,A1,84500,272500,0.1242191524707354,1993,590
서초구,서초동,1165010800,1674,유원서초,94566,105.8,84.82,C,84500,272500,0.1242191524707354,1993,590
서초구,서초동,1165010800,1674,유원서초,184457,105.86,84.87,D1,84500,272500,0.1242191524707354,1993,590
서초구,서초동,1165010800,1674,유원서초,128625,105.86,84.87,D,84500,272500,0.1242191524707354,1993,590
서초구,서초동,1165010800,1674,유원서초,153659,105.86,84.87,E,84500,272500,0.1242191524707354,1993,590
서초구,서초동,1165010800,1668,진흥,1576,107.5,101.32,,103000,313333,0.1176784856491297,1979,615
서초구,서초동,1165010800,1668,진흥,50878,140.69,131.04,A,130000,378333,0.1127384297519609,1979,615
서초구,서초동,1165010800,1668,진흥,128620,140.72,131.07,B,130000,378333,0.1127384297519609,1979,615
서초구,서초동,1165010800,1668,진흥,94561,172.16,160.46,,148500,406667,0.1059901211953595,1979,615
서초구,서초동,1165010800,1691,한신(플러스타운),1599,113.63,84.99,A,76000,200000,0.1015941992032318,2001,194
서초구,서초동,1165010800,1691,한신(플러스타운),94579,115.12,85.0,C,76000,200000,0.1015941992032318,2001,194
서초구,서초동,1165010800,1691,한신(플러스타운),50900,114.71,85.0,B,76000,200000,0.1015941992032318,2001,194
서초구,서초동,1165010800,1691,한신(플러스타운),153667,130.16,95.86,B,81000,210000,0.0999512246616067,2001,194
서초구,서초동,1165010800,1691,한신(플러스타운),128636,130.37,95.88,A,81000,210000,0.0999512246616067,2001,194
서초구,서초동,1165010800,1691,한신(플러스타운),171489,147.27,115.3,,93500,220000,0.0893341205688103,2001,194
서초구,서초동,1165010800,1675,현대,1583,91.52,62.05,A,57500,180000,0.1208834738678974,1989,413
서초구,서초동,1165010800,1675,현대,50885,92.42,74.13,B,59000,185000,0.1210680400693253,1989,413
서초구,서초동,1165010800,1675,현대,94567,103.53,84.33,,70500,237000,0.1289011693675237,1989,413
서초구,서초동,1165010800,1675,현대,171484,102.93,84.33,S,70500,237000,0.1289011693675237,1989,413
서초구,서초동,1165010800,1675,현대,184458,109.44,84.34,,70500,237000,0.1289011693675237,1989,413
서초구,서초동,1165010800,1675,현대,128626,103.45,84.79,R,70500,237000,0.1289011693675237,1989,413
서초구,서초동,1165010800,1675,현대,153660,103.46,84.8,L,70500,237000,0.1289011693675237,1989,413
서초구,신원동,1165011100,28959,서초포레스타3단지,27854,82.02,59.93,C,68000,157500,0.0876199484339927,2014,482
서초구,신원동,1165011100,28959,서초포레스타3단지,197848,82.11,59.96,A1,68000,157500,0.0876199484339927,2014,482
서초구,신원동,1165011100,28959,서초포레스타3단지,74388,82.11,59.96,A,68000,157500,0.0876199484339927,2014,482
서초구,신원동,1165011100,28959,서초포레스타3단지,141911,114.49,84.34,B,82000,177500,0.0802852602975681,2014,482
서초구,신원동,1165011100,28959,서초포레스타3단지,112754,113.95,84.39,A1,82000,177500,0.0802852602975681,2014,482
서초구,신원동,1165011100,28959,서초포레스타3단지,189728,115.38,84.61,G,82000,177500,0.0802852602975681,2014,482
서초구,신원동,1165011100,28959,서초포레스타3단지,163198,155.43,114.39,A,100000,200000,0.0717734625362931,2014,482
서초구,신원동,1165011100,28959,서초포레스타3단지,178581,155.43,114.81,B,100000,200000,0.0717734625362931,2014,482
서초구,신원동,1165011100,28960,서초포레스타5단지,27855,80.4,59.93,C,68500,157500,0.0868234454955234,2014,547
서초구,신원동,1165011100,28960,서초포레스타5단지,112755,111.67,84.39,A1,85500,187500,0.0816917458953716,2014,547
서초구,신원동,1165011100,28960,서초포레스타5단지,74389,112.56,84.4,B3,85500,187500,0.0816917458953716,2014,547
서초구,신원동,1165011100,28960,서초포레스타5단지,141912,112.52,84.41,B1,85500,187500,0.0816917458953716,2014,547
서초구,신원동,1165011100,28960,서초포레스타5단지,208564,112.76,84.51,H,85500,187500,0.0816917458953716,2014,547
서초구,신원동,1165011100,28960,서초포레스타5단지,214901,113.09,84.61,G,85500,187500,0.0816917458953716,2014,547
서초구,신원동,1165011100,28960,서초포레스타5단지,203945,112.23,84.81,C,85500,187500,0.0816917458953716,2014,547
서초구,신원동,1165011100,28960,서초포레스타5단지,212121,112.81,84.84,I,85500,187500,0.0816917458953716,2014,547
서초구,신원동,1165011100,28960,서초포레스타5단지,218982,134.91,101.35,G,95500,217500,0.0857893785554686,2014,547
서초구,신원동,1165011100,28960,서초포레스타5단지,163199,134.93,101.35,B,95500,217500,0.0857893785554686,2014,547
서초구,신원동,1165011100,28960,서초포레스타5단지,178582,135.39,101.47,A,95500,217500,0.0857893785554686,2014,547
서초구,신원동,1165011100,28960,서초포레스타5단지,217137,135.33,101.99,D,95500,217500,0.0857893785554686,2014,547
서초구,신원동,1165011100,29664,서초포레스타6단지,113251,86.52,59.93,C,70000,170000,0.0927859135334685,2015,585
서초구,신원동,1165011100,29664,서초포레스타6단지,1085245,86.35,59.98,AS,70000,170000,0.0927859135334685,2015,585
서초구,신원동,1165011100,29664,서초포레스타6단지,28558,86.35,59.98,A,70000,170000,0.0927859135334685,2015,585
서초구,신원동,1165011100,29664,서초포레스타6단지,75008,86.35,59.98,A1,70000,170000,0.0927859135334685,2015,585
서초구,신원동,1165011100,29664,서초포레스타6단지,163493,121.38,84.33,B1,84500,190000,0.0844004501750492,2015,585
서초구,신원동,1165011100,29664,서초포레스타6단지,189888,121.75,84.79,H,84500,190000,0.0844004501750492,2015,585
서초구,신원동,1165011100,27988,서초포레스타7단지,112032,87.72,59.81,B,70000,160000,0.0861809815646652,2013,310
서초구,신원동,1165011100,27988,서초포레스타7단지,162743,87.89,59.92,B1,70000,160000,0.0861809815646652,2013,310
서초구,신원동,1165011100,27988,서초포레스타7단지,26891,87.67,59.94,A,70000,160000,0.0861809815646652,2013,310
서초구,신원동,1165011100,27988,서초포레스타7단지,73528,87.67,59.94,A1,70000,160000,0.0861809815646652,2013,310
서초구,신원동,1165011100,27988,서초포레스타7단지,178218,108.78,74.9,A,76000,170000,0.0838359020402721,2013,310
서초구,신원동,1165011100,27988,서초포레스타7단지,203768,123.05,84.33,B1,84500,187500,0.082965087984739,2013,310
서초구,신원동,1165011100,27988,서초포레스타7단지,197627,122.62,84.6,A,84500,187500,0.082965087984739,2013,310
서초구,신원동,1165011100,27988,서초포레스타7단지,208421,123.42,84.79,H,84500,187500,0.082965087984739,2013,310
서초구,신원동,1165011100,28230,힐스테이트서초젠트리스,27130,114.32,84.95,A,92000,195000,0.0780146885665795,2015,256
서초구,신원동,1165011100,28230,힐스테이트서초젠트리스,73738,114.49,84.99,B,92000,195000,0.0780146885665795,2015,256
서초구,신원동,1165011100,28230,힐스테이트서초젠트리스,112214,135.93,101.9,,102000,220000,0.0798967916761115,2015,256
서초구,신원동,1165011100,28230,힐스테이트서초젠트리스,141480,153.03,114.9,,110000,230000,0.0765482890953748,2015,256
서초구,양재동,1165010200,1723,신영체르니,1631,43.79,32.08,,27750,48500,0.0574208637185844,2002,175
서초구,양재동,1165010200,1723,신영체르니,50931,48.94,35.91,,30200,57000,0.0655817928252484,2002,175
서초구,양재동,1165010200,1723,신영체르니,94604,53.16,39.1,,33500,59500,0.0591249913528431,2002,175
서초구,양재동,1165010200,1723,신영체르니,128656,75.39,55.96,,45500,112500,0.0947478793283147,2002,175
서초구,양재동,1165010200,1723,신영체르니,153681,78.38,58.21,,47000,115000,0.0936037688120607,2002,175
서초구,양재동,1165010200,1721,양재대웅,1629,117.43,84.58,A,69500,190000,0.1058007486680758,1991,54
서초구,양재동,1165010200,1721,양재대웅,50929,117.76,84.91,B,69500,190000,0.1058007486680758,1991,54
서초구,양재동,1165010200,36275,우성,35110,89.42,73.15,,64000,200000,0.1206887238456493,1991,944
서초구,양재동,1165010200,36275,우성,80811,100.98,84.58,,71500,215000,0.1163830701040529,1991,944
서초구,양재동,1165010200,36275,우성,145891,101.38,84.88,N,71500,215000,0.1163830701040529,1991,944
서초구,양재동,1165010200,36275,우성,166112,101.31,84.91,S,71500,215000,0.1163830701040529,1991,944
서초구,우면동,1165010300,1738,대림,1645,155.59,130.89,,98500,207500,0.0773534011790277,1995,412
서초구,우면동,1165010300,1737,동고(동양고속),1644,96.98,77.14,,61000,160000,0.1012324867818847,1995,330
서초구,우면동,1165010300,1737,동고(동양고속),50943,105.47,84.96,,66500,165000,0.0951313962270938,1995,330
서초구,우면동,1165010300,27465,서초네이처힐1단지,73074,112.1,84.73,F,84000,165000,0.0698440257334618,2012,178
서초구,우면동,1165010300,27465,서초네이처힐1단지,26373,110.25,84.78,A,84000,165000,0.0698440257334618,2012,178
서초구,우면동,1165010300,27465,서초네이처힐1단지,111682,110.84,84.82,E,84000,165000,0.0698440257334618,2012,178
서초구,우면동,1165010300,27465,서초네이처힐1단지,141080,148.68,114.71,C,98500,202500,0.0747287818958861,2012,178
서초구,우면동,1165010300,26688,서초네이처힐3단지,72388,113.55,84.61,B,85500,202500,0.0900486748398508,2013,1251
서초구,우면동,1165010300,26688,서초네이처힐3단지,25604,112.57,84.77,A,85500,202500,0.0900486748398508,2013,1251
서초구,우면동,1165010300,26688,서초네이처힐3단지,111144,112.06,84.84,C,85500,202500,0.0900486748398508,2013,1251
서초구,우면동,1165010300,26688,서초네이처힐3단지,140646,151.95,114.79,F,108000,215000,0.0712762343451167,2013,1251
서초구,우면동,1165010300,25074,서초네이처힐4단지,70945,117.32,84.61,B,82000,196000,0.0910489153676867,2011,409
서초구,우면동,1165010300,25074,서초네이처힐4단지,24014,116.35,84.77,A,82000,196000,0.0910489153676867,2011,409
서초구,우면동,1165010300,25074,서초네이처힐4단지,109962,115.84,84.84,C,82000,196000,0.0910489153676867,2011,409
서초구,우면동,1165010300,26689,서초네이처힐6단지,25605,81.93,59.99,A,66000,152500,0.0873580920553684,2013,382
서초구,우면동,1165010300,26689,서초네이처힐6단지,72389,114.89,84.77,A,84000,172500,0.0746102565151591,2013,382
서초구,우면동,1165010300,26689,서초네이처힐6단지,111145,154.45,114.95,A,94000,190000,0.0729082252353598,2013,382
서초구,우면동,1165010300,26689,서초네이처힐6단지,140647,155.53,114.98,B,94000,190000,0.0729082252353598,2013,382
서초구,우면동,1165010300,25075,서초네이처힐7단지,24015,85.73,59.99,A,65500,150000,0.0863880902132174,2011,275
서초구,우면동,1165010300,25075,서초네이처힐7단지,70946,120.25,84.77,A,82000,167500,0.0740391096846784,2011,275
서초구,우면동,1165010300,25380,서초호반써밋,161636,129.95,101.01,C-2,86500,195000,0.084680544342899,2013,550
서초구,우면동,1165010300,25380,서초호반써밋,139891,129.95,101.01,C-1,86500,195000,0.084680544342899,2013,550
서초구,우면동,1165010300,25380,서초호반써밋,24318,128.07,101.04,A,86500,195000,0.084680544342899,2013,550
서초구,우면동,1165010300,25380,서초호반써밋,110191,132.0,101.05,B-2,86500,195000,0.084680544342899,2013,550
서초구,우면동,1165010300,25380,서초호반써밋,71217,129.66,101.05,B-1,86500,195000,0.084680544342899,2013,550
서초구,우면동,1165010300,25380,서초호반써밋,197127,149.78,118.01,B-1,99500,240000,0.0920406784074168,2013,550
서초구,우면동,1165010300,25380,서초호반써밋,203384,149.78,118.01,B-2,99500,240000,0.0920406784074168,2013,550
서초구,우면동,1165010300,25380,서초호반써밋,208133,149.45,118.04,C-1,99500,240000,0.0920406784074168,2013,550
서초구,우면동,1165010300,25380,서초호반써밋,211784,149.45,118.04,C-2,99500,240000,0.0920406784074168,2013,550
서초구,우면동,1165010300,25380,서초호반써밋,188789,148.94,118.13,A-2,99500,240000,0.0920406784074168,2013,550
서초구,우면동,1165010300,25380,서초호반써밋,177343,148.94,118.13,A-1,99500,240000,0.0920406784074168,2013,550
서초구,우면동,1165010300,25380,서초호반써밋,214635,169.35,134.02,A-1,118000,250000,0.0779678295674111,2013,550
서초구,우면동,1165010300,25380,서초호반써밋,216922,169.35,134.02,A-2,118000,250000,0.0779678295674111,2013,550
서초구,우면동,1165010300,24933,서초힐스,23875,81.96,59.89,C,62000,165000,0.1028316604287222,2012,1082
서초구,우면동,1165010300,24933,서초힐스,70831,81.98,59.91,B,62000,165000,0.1028316604287222,2012,1082
서초구,우면동,1165010300,24933,서초힐스,109866,82.07,59.97,A,62000,165000,0.1028316604287222,2012,1082
서초구,우면동,1165010300,24933,서초힐스,139615,82.07,59.97,AN,62000,165000,0.1028316604287222,2012,1082
서초구,우면동,1165010300,24933,서초힐스,177182,102.57,74.95,B,71000,177500,0.0959582263852172,2012,1082
서초구,우면동,1165010300,24933,서초힐스,188668,102.58,74.96,A,71000,177500,0.0959582263852172,2012,1082
서초구,우면동,1165010300,24933,서초힐스,161428,102.58,74.96,AN,71000,177500,0.0959582263852172,2012,1082
서초구,우면동,1165010300,24933,서초힐스,197027,102.59,74.97,A1,71000,177500,0.0959582263852172,2012,1082
서초구,우면동,1165010300,24933,서초힐스,203308,116.23,84.93,C,77000,190000,0.0945265168273261,2012,1082
서초구,우면동,1165010300,24933,서초힐스,208079,116.25,84.95,A1,77000,190000,0.0945265168273261,2012,1082
서초구,우면동,1165010300,24933,서초힐스,214601,116.27,84.96,DN,77000,190000,0.0945265168273261,2012,1082
서초구,우면동,1165010300,24933,서초힐스,211742,116.27,84.96,D,77000,190000,0.0945265168273261,2012,1082
서초구,우면동,1165010300,24933,서초힐스,216895,116.28,84.97,B,77000,190000,0.0945265168273261,2012,1082
서초구,우면동,1165010300,24933,서초힐스,218776,116.29,84.98,A,77000,190000,0.0945265168273261,2012,1082
서초구,우면동,1165010300,1740,우면한라,1647,78.93,59.98,,55000,155000,0.1091669002013531,1994,252
서초구,우면동,1165010300,1739,코오롱,1646,73.06,52.47,,55000,157500,0.1109430256544459,1994,300
서초구,우면동,1165010300,25652,호반써밋서초파크뷰,24581,81.97,59.93,A,49250,129500,0.1015046969072295,2013,358
서초구,우면동,1165010300,25652,호반써밋서초파크뷰,110390,82.05,59.99,BN,49250,129500,0.1015046969072295,2013,358
서초구,우면동,1165010300,25652,호반써밋서초파크뷰,71458,82.05,59.99,B,49250,129500,0.1015046969072295,2013,358
서초구,우면동,1165010300,25652,호반써밋서초파크뷰,140059,116.19,84.95,A,61500,147500,0.0914194536435837,2013,358
서초구,우면동,1165010300,25652,호반써밋서초파크뷰,177447,116.25,84.99,BN,61500,147500,0.0914194536435837,2013,358
서초구,우면동,1165010300,25652,호반써밋서초파크뷰,161764,116.25,84.99,B,61500,147500,0.0914194536435837,2013,358
서초구,잠원동,1165010600,1523,강변,1432,89.35,66.29,,82000,280000,0.1306662215560234,1987,360
서초구,잠원동,1165010600,1523,강변,50757,101.08,84.53,,93000,310000,0.1279448730054992,1987,360
서초구,잠원동,1165010600,1568,금호베스트빌,1477,101.34,84.97,,94500,310000,0.1261415657679834,2002,117
서초구,잠원동,1165010600,1568,금호베스트빌,50794,166.07,140.36,,131000,380000,0.1123750264267362,2002,117
서초구,잠원동,1165010600,1525,동아,1434,81.33,59.8,,83500,305000,0.1383120582192227,2002,991
서초구,잠원동,1165010600,1525,동아,50759,86.94,59.92,,81000,310000,0.1436356040410642,2002,991
서초구,잠원동,1165010600,1525,동아,94462,109.07,84.91,,104000,357500,0.1314210921766812,2002,991
서초구,잠원동,1165010600,28490,래미안신반포팰리스,141638,114.22,84.42,D,140000,405000,0.1120714690035047,2016,843
서초구,잠원동,1165010600,28490,래미안신반포팰리스,112409,113.31,84.46,B,136000,400000,0.1139151438721746,2016,843
서초구,잠원동,1165010600,28490,래미안신반포팰리스,73971,113.29,84.46,C,136000,400000,0.1139151438721746,2016,843
서초구,잠원동,1165010600,28490,래미안신반포팰리스,27386,111.79,84.49,A,142500,415000,0.1128159024986812,2016,843
서초구,잠원동,1165010600,28490,래미안신반포팰리스,162988,137.17,104.02,D,160000,450000,0.1089430746998159,2016,843
서초구,잠원동,1165010600,28490,래미안신반포팰리스,178412,138.01,104.03,A,165000,460000,0.10796843711191,2016,843
서초구,잠원동,1165010600,28490,래미안신반포팰리스,197750,137.46,104.04,C,165000,460000,0.10796843711191,2016,843
서초구,잠원동,1165010600,28490,래미안신반포팰리스,189604,137.14,104.08,B,166000,470000,0.1096831128363771,2016,843
서초구,잠원동,1165010600,28490,래미안신반포팰리스,214861,168.6,133.01,D,185000,495000,0.1034263405609614,2016,843
서초구,잠원동,1165010600,28490,래미안신반포팰리스,212073,168.19,133.02,C,191000,495000,0.0999100826879255,2016,843
서초구,잠원동,1165010600,28490,래미안신반포팰리스,203869,169.02,133.04,A,192500,515000,0.1034118647445729,2016,843
서초구,잠원동,1165010600,28490,래미안신반포팰리스,208501,168.21,133.06,B,196000,515000,0.1014254715981322,2016,843
서초구,잠원동,1165010600,1564,롯데캐슬갤럭시(1차),1473,140.41,106.15,,115000,350000,0.1177302903068722,2002,256
서초구,잠원동,1165010600,1564,롯데캐슬갤럭시(1차),50790,162.59,123.6,,114500,340000,0.1149806822900472,2002,256
서초구,잠원동,1165010600,1564,롯데캐슬갤럭시(1차),94486,171.98,133.41,,130000,395000,0.1175459122449171,2002,256
서초구,잠원동,1165010600,1564,롯데캐슬갤럭시(1차),128557,193.84,151.11,,130000,405000,0.1203434181603182,2002,256
서초구,잠원동,1165010600,12529,롯데캐슬갤럭시(2차),12330,128.98,109.56,A,119500,340000,0.1102252521746873,2004,428
서초구,잠원동,1165010600,12529,롯데캐슬갤럭시(2차),132921,129.34,110.11,B,119500,340000,0.1102252521746873,2004,428
서초구,잠원동,1165010600,12529,롯데캐슬갤럭시(2차),60442,153.85,132.16,A,134000,385000,0.1113109488307146,2004,428
서초구,잠원동,1165010600,12529,롯데캐슬갤럭시(2차),156244,152.49,132.78,B,134000,385000,0.1113109488307146,2004,428
서초구,잠원동,1165010600,12529,롯데캐슬갤럭시(2차),101345,168.28,148.86,,147500,400000,0.1049097275778006,2004,428
서초구,잠원동,1165010600,1562,미주파스텔,50788,77.2,59.57,,62500,220000,0.1341076145111557,2002,91
서초구,잠원동,1165010600,1562,미주파스텔,153605,70.91,59.76,,62500,220000,0.1341076145111557,2002,91
서초구,잠원동,1165010600,1562,미주파스텔,128556,104.68,84.64,,80000,235000,0.1137758260949708,2002,91
서초구,잠원동,1165010600,1544,반포한신타워,206151,83.77,59.4,,72000,250000,0.1325587799849565,1996,250
서초구,잠원동,1165010600,1544,반포한신타워,1453,84.91,59.81,,72000,250000,0.1325587799849565,1996,250
서초구,잠원동,1165010600,1544,반포한신타워,50774,97.14,68.09,,74000,265000,0.1360603833891873,1996,250
서초구,잠원동,1165010600,1544,반포한신타워,215908,106.91,84.93,B,90500,310000,0.1310226739988045,1996,250
서초구,잠원동,1165010600,1544,반포한신타워,128551,121.76,96.72,,97500,317500,0.1253144908729442,1996,250
서초구,잠원동,1165010600,1544,반포한신타워,153602,131.05,104.1,,103000,340000,0.1268449668855924,1996,250
서초구,잠원동,1165010600,1544,반포한신타워,193800,159.43,131.87,B,135000,377500,0.10830251498558,1996,250
서초구,잠원동,1165010600,1544,반포한신타워,171439,159.44,131.88,C,135000,377500,0.10830251498558,1996,250
서초구,잠원동,1165010600,1544,반포한신타워,200831,159.58,131.99,D,135000,377500,0.10830251498558,1996,250
서초구,잠원동,1165010600,12302,브라운스톤잠원,12105,103.19,84.94,,96000,310000,0.124369473573817,2003,83
서초구,잠원동,1165010600,1565,블루힐하우스(청구2차),1474,80.07,59.85,,77000,210000,0.1055359178042305,1999,125
서초구,잠원동,1165010600,1565,블루힐하우스(청구2차),50791,113.1,84.54,,86000,260000,0.1169853823513153,1999,125
서초구,잠원동,1165010600,1524,신반포(한신12차),1433,59.35,55.45,A,75500,247500,0.1260633537601856,1982,324
서초구,잠원동,1165010600,1524,신반포(한신12차),128545,59.36,56.2,B,75500,247500,0.1260633537601856,1982,324
서초구,잠원동,1165010600,1524,신반포(한신12차),50758,81.28,75.79,A,95000,350000,0.1392904157546661,1982,324
서초구,잠원동,1165010600,1524,신반포(한신12차),153597,81.28,76.4,B,95000,350000,0.1392904157546661,1982,324
서초구,잠원동,1165010600,1524,신반포(한신12차),94461,114.1,105.36,A,122000,370000,0.117337022929149,1982,324
서초구,잠원동,1165010600,1524,신반포(한신12차),171434,114.1,106.19,B,122000,370000,0.117337022929149,1982,324
서초구,잠원동,1165010600,1538,신반포(한신16차),1447,57.58,52.32,,73500,270000,0.1389578245367746,1983,396
서초구,잠원동,1165010600,1538,신반포(한신16차),50768,91.49,83.12,,94000,330000,0.1338056285497668,1983,396
서초구,잠원동,1165010600,1540,신반포(한신19차),1070052,88.42,80.25,A,96000,292500,0.1178549743835128,1983,242
서초구,잠원동,1165010600,1540,신반포(한신19차),1449,89.36,81.0,B,96000,292500,0.1178549743835128,1983,242
서초구,잠원동,1165010600,1540,신반포(한신19차),1070053,89.18,81.01,C,96000,292500,0.1178549743835128,1983,242
서초구,잠원동,1165010600,1540,신반포(한신19차),1070054,90.24,81.88,D,96000,292500,0.1178549743835128,1983,242
서초구,잠원동,1165010600,1540,신반포(한신19차),1070055,90.78,82.42,E,96000,292500,0.1178549743835128,1983,242
서초구,잠원동,1165010600,1540,신반포(한신19차),1070056,117.89,107.01,A,122500,380000,0.1198626258280877,1983,242
서초구,잠원동,1165010600,1540,신반포(한신19차),50770,119.01,107.93,B,122500,380000,0.1198626258280877,1983,242
서초구,잠원동,1165010600,1540,신반포(한신19차),1070057,118.89,108.01,C,122500,380000,0.1198626258280877,1983,242
서초구,잠원동,1165010600,1540,신반포(한신19차),1070058,120.14,109.06,D,122500,380000,0.1198626258280877,1983,242
서초구,잠원동,1165010600,1540,신반포(한신19차),94472,120.96,109.88,,122500,380000,0.1198626258280877,1983,242
서초구,잠원동,1165010600,1561,신반포(한신20차),1470,155.6,143.95,,147500,380000,0.0992567918638211,1983,112
서초구,잠원동,1165010600,1550,신반포(한신25차),1459,113.97,84.49,,110000,377500,0.1312339411804701,1984,169
서초구,잠원동,1165010600,1550,신반포(한신25차),50778,126.22,117.06,,131000,410000,0.120859703926363,1984,169
서초구,잠원동,1165010600,1543,신반포(한신26차),1452,126.72,115.83,,127500,305000,0.0911362027770212,1984,66
서초구,잠원동,1165010600,1543,신반포(한신26차),50773,155.93,142.54,,145000,330000,0.0857118895096977,1984,66
서초구,잠원동,1165010600,1519,신반포(한신27차),1428,58.06,53.46,,71500,272500,0.1431574380922688,1985,156
서초구,잠원동,1165010600,1519,신반포(한신27차),50753,118.82,84.49,,116500,292500,0.0964276887476449,1985,156
서초구,잠원동,1165010600,1520,신반포(한신2차),1429,74.18,68.91,,100000,405000,0.1501262145228152,1978,1572
서초구,잠원동,1165010600,1520,신반포(한신2차),50754,85.52,79.42,,108000,450000,0.1533971549865145,1978,1572
서초구,잠원동,1165010600,1520,신반포(한신2차),94459,99.13,92.2,,130000,490000,0.1418926374401463,1978,1572
서초구,잠원동,1165010600,1520,신반포(한신2차),184425,100.92,93.71,,130000,490000,0.1418926374401463,1978,1572
서초구,잠원동,1165010600,1520,신반포(한신2차),128543,115.58,107.31,,140000,570000,0.1507333028614399,1978,1572
서초구,잠원동,1165010600,1520,신반포(한신2차),193796,146.49,135.97,,167500,660000,0.1469722546674396,1978,1572
서초구,잠원동,1165010600,1520,신반포(한신2차),153595,147.5,137.66,,167500,660000,0.1469722546674396,1978,1572
서초구,잠원동,1165010600,1520,신반포(한신2차),171432,164.72,150.58,,191000,800000,0.1539996098052261,1978,1572
서초구,잠원동,1165010600,1530,신반포(한신4차),153599,103.57,96.48,A,124000,460000,0.1400755046791122,1979,1212
서초구,잠원동,1165010600,1530,신반포(한신4차),171436,103.87,96.78,B,124000,460000,0.1400755046791122,1979,1212
서초구,잠원동,1165010600,1530,신반포(한신4차),1439,108.55,100.11,,124000,460000,0.1400755046791122,1979,1212
서초구,잠원동,1165010600,1530,신반포(한신4차),184427,113.14,105.44,A,136000,480000,0.1344104876001453,1979,1212
서초구,잠원동,1165010600,1530,신반포(한신4차),193798,113.47,105.77,B,136000,480000,0.1344104876001453,1979,1212
서초구,잠원동,1165010600,1530,신반포(한신4차),50762,113.78,105.89,C,136000,480000,0.1344104876001453,1979,1212
서초구,잠원동,1165010600,1530,신반포(한신4차),200830,114.2,106.31,A,136000,480000,0.1344104876001453,1979,1212
서초구,잠원동,1165010600,1530,신반포(한신4차),206150,115.23,107.39,B,136000,480000,0.1344104876001453,1979,1212
서초구,잠원동,1165010600,1530,신반포(한신4차),210237,116.26,108.42,C,136000,480000,0.1344104876001453,1979,1212
서초구,잠원동,1165010600,1530,신반포(한신4차),94465,149.53,137.1,,170000,590000,0.1325054718114287,1979,1212
서초구,잠원동,1165010600,1530,신반포(한신4차),128547,168.64,155.0,,188000,642500,0.1307628408904078,1979,1212
서초구,잠원동,1165010600,1533,신반포(한신7차),1442,116.4,107.29,,135000,360000,0.1030542524220698,1980,320
서초구,잠원동,1165010600,1533,신반포(한신7차),94467,121.86,112.25,,135000,360000,0.1030542524220698,1980,320
서초구,잠원동,1165010600,1533,신반포(한신7차),50764,153.62,140.04,,162500,430000,0.1022027976349071,1980,320
서초구,잠원동,1165010600,1556,신반포청구(1차),1465,80.09,59.55,A,78500,280000,0.1356090305785393,1998,347
서초구,잠원동,1165010600,1556,신반포청구(1차),94480,80.55,59.91,B,78500,280000,0.1356090305785393,1998,347
서초구,잠원동,1165010600,1556,신반포청구(1차),128554,109.64,84.84,A,95500,310000,0.1249567663414799,1998,347
서초구,잠원동,1165010600,1556,신반포청구(1차),50783,109.65,84.86,B,95500,310000,0.1249567663414799,1998,347
서초구,잠원동,1165010600,1551,신화,1460,76.94,57.33,,63000,210000,0.1279448730054992,1997,166
서초구,잠원동,1165010600,1551,신화,128553,105.84,81.37,,75500,242500,0.1237675290730868,1997,166
서초구,잠원동,1165010600,1551,신화,50779,109.7,84.33,A,75500,242500,0.1237675290730868,1997,166
서초구,잠원동,1165010600,1551,신화,153603,108.66,84.85,B,75500,242500,0.1237675290730868,1997,166
서초구,잠원동,1165010600,387334,잠원2차중앙하이츠,1378994,83.33,59.93,,65500,237500,0.1374759719772149,1998,126
서초구,잠원동,1165010600,387334,잠원2차중앙하이츠,1378995,104.9,75.44,,82000,280000,0.1306662215560234,1998,126
서초구,잠원동,1165010600,1566,잠원동대우아이빌,1475,39.6,27.07,,23500,54000,0.0867573591206094,2001,168
서초구,잠원동,1165010600,1566,잠원동대우아이빌,50792,41.89,28.87,,24500,58000,0.0899992294340608,2001,168
서초구,잠원동,1165010600,1566,잠원동대우아이빌,128558,49.98,34.72,B,33000,65000,0.0701383838828109,2001,168
서초구,잠원동,1165010600,1566,잠원동대우아이빌,94487,51.0,35.38,A,33000,65000,0.0701383838828109,2001,168
서초구,잠원동,1165010600,1566,잠원동대우아이빌,153606,69.65,49.06,,40000,90000,0.0844717711976985,2001,168
서초구,잠원동,1165010600,1567,잠원동월드메르디앙,1476,107.46,84.78,,68500,210000,0.1185434843188677,2002,107
서초구,잠원동,1165010600,1567,잠원동월드메르디앙,50793,146.22,116.42,,82500,220000,0.1030542524220698,2002,107
서초구,잠원동,1165010600,1529,잠원한신.,1438,94.42,84.52,,100500,340000,0.1296171714673337,1992,540
서초구,잠원동,1165010600,1526,잠원한신그린,1435,96.5,84.89,,85000,290000,0.1305711716390398,1993,150
서초구,잠원동,1165010600,1545,잠원현대,1454,103.77,84.87,,88000,285000,0.1246987663748373,1992,238
서초구,잠원동,1165010600,1571,킴스빌리지,1480,34.79,23.7,,30250,110000,0.1378020990121296,1996,160
서초구,잠원동,1165010600,1571,킴스빌리지,94490,44.28,30.18,B,36000,145000,0.1494935802619883,1996,160
서초구,잠원동,1165010600,1571,킴스빌리지,128561,50.25,34.23,,42000,155000,0.1394840245042912,1996,160
서초구,잠원동,1165010600,1571,킴스빌리지,153609,54.89,37.38,A,44000,162500,0.1395675368407636,1996,160
서초구,잠원동,1165010600,1571,킴스빌리지,171443,55.09,37.58,B,44000,162500,0.1395675368407636,1996,160
서초구,잠원동,1165010600,1522,한강,1431,94.84,76.68,,83000,275000,0.1272635391067429,1989,450
서초구,잠원동,1165010600,1522,한강,50756,103.75,84.53,,96500,335000,0.1325353050746747,1989,450
서초구,잠원동,1165010600,1527,한신로얄.,50760,90.37,81.05,A,84000,292500,0.1328819529170903,1992,208
서초구,잠원동,1165010600,1527,한신로얄.,94463,90.43,81.23,B,84000,292500,0.1328819529170903,1992,208
서초구,잠원동,1165010600,1527,한신로얄.,1436,93.78,84.56,C,84000,292500,0.1328819529170903,1992,208
서초구,잠원동,1165010600,1559,한신타운,1468,79.93,63.94,,72500,205000,0.10953647911488,1989,110
서초구,잠원동,1165010600,1559,한신타운,94483,91.26,72.99,,75000,221000,0.1141229002433463,1989,110
서초구,잠원동,1165010600,1559,한신타운,50786,98.02,78.39,,80000,250000,0.1206887238456493,1989,110
서초구,잠원동,1165010600,1546,한신훼미리.,50775,101.05,84.38,A,86500,280000,0.1246417257363059,1992,288
서초구,잠원동,1165010600,1546,한신훼미리.,94475,102.99,84.69,B,86500,280000,0.1246417257363059,1992,288
서초구,잠원동,1165010600,1546,한신훼미리.,128552,103.17,84.83,C,86500,280000,0.1246417257363059,1992,288
서초구,잠원동,1165010600,1546,한신훼미리.,1455,102.47,84.9,D,86500,280000,0.1246417257363059,1992,288
서초구,잠원동,1165010600,1555,현대훼밀리,1464,73.43,59.56,,69000,240000,0.1327555927509871,1997,113
서초구,잠원동,1165010600,1555,현대훼밀리,94479,104.19,84.51,A,83000,270000,0.1251970041439252,1997,113
서초구,잠원동,1165010600,1555,현대훼밀리,50782,104.2,84.52,B,83000,270000,0.1251970041439252,1997,113
송파구,가락동,1171010700,1961,가락2차쌍용,1848,81.34,59.88,,47500,150000,0.1218628452357521,1999,492
송파구,가락동,1171010700,1961,가락2차쌍용,51148,108.34,84.42,,56500,186000,0.1265395663779915,1999,492
송파구,가락동,1171010700,37050,가락3차쌍용스윗닷홈,35881,79.58,59.94,,51500,146000,0.1098251511210566,2005,258
송파구,가락동,1171010700,37050,가락3차쌍용스윗닷홈,1707792,107.76,84.35,A,64000,161500,0.0969813781850765,2005,258
송파구,가락동,1171010700,37050,가락3차쌍용스윗닷홈,1707793,105.81,84.82,B,64000,161500,0.0969813781850765,2005,258
송파구,가락동,1171010700,37050,가락3차쌍용스윗닷홈,118408,110.69,84.93,C,60500,158000,0.1007537438170456,2005,258
송파구,가락동,1171010700,37050,가락3차쌍용스윗닷홈,81481,105.81,84.94,,64000,161500,0.0969813781850765,2005,258
송파구,가락동,1171010700,37050,가락3차쌍용스윗닷홈,1707794,105.9,84.99,D,64000,161500,0.0969813781850765,2005,258
송파구,가락동,1171010700,37050,가락3차쌍용스윗닷홈,166300,154.87,119.71,,76500,175500,0.0865796536837897,2005,258
송파구,가락동,1171010700,37050,가락3차쌍용스윗닷홈,146164,134.76,122.43,,77500,176500,0.0857861577801712,2005,258
송파구,가락동,1171010700,1952,가락7차현대,1840,97.89,84.65,,47000,110500,0.0892471743904357,1991,72
송파구,가락동,1171010700,1960,가락금호,1847,81.11,59.91,A,49250,181500,0.1393234582994726,1997,915
송파구,가락동,1171010700,1960,가락금호,153760,107.98,84.85,B,60000,202500,0.1293469354568555,1997,915
송파구,가락동,1171010700,1960,가락금호,51147,108.14,85.0,A,60000,202500,0.1293469354568555,1997,915
송파구,가락동,1171010700,1941,가락대림,1829,73.93,59.24,,37000,140000,0.1423327584795259,1988,443
송파구,가락동,1171010700,1941,가락대림,51132,88.85,68.78,,42000,150000,0.1357537955964265,1988,443
송파구,가락동,1171010700,1941,가락대림,94760,90.09,69.74,,42500,150000,0.1344104876001453,1988,443
송파구,가락동,1171010700,1941,가락대림,128772,95.45,76.49,,46500,155000,0.1279448730054992,1988,443
송파구,가락동,1171010700,1941,가락대림,153757,101.02,84.11,,52500,160000,0.1178822694299641,1988,443
송파구,가락동,1171010700,1941,가락대림,171544,101.59,84.11,,53000,160000,0.1168231594805384,1988,443
송파구,가락동,1171010700,1941,가락대림,184496,118.07,99.38,,58000,180000,0.1199134259208474,1988,443
송파구,가락동,1171010700,1941,가락대림,193844,133.27,113.08,,62000,190000,0.1185005220750878,1988,443
송파구,가락동,1171010700,1941,가락대림,200865,141.31,120.96,,64500,200000,0.1198169274076836,1988,443
송파구,가락동,1171010700,1953,가락동부센트레빌,1841,141.91,115.93,,80000,195000,0.0931870099283531,2001,264
송파구,가락동,1171010700,1953,가락동부센트레빌,51141,170.81,143.02,,89000,222500,0.0959582263852172,2001,264
송파구,가락동,1171010700,1947,가락쌍용(1차),1835,81.21,59.92,,48500,188500,0.145399427204895,1996,2064
송파구,가락동,1171010700,1947,가락쌍용(1차),51138,110.67,84.69,,58250,215000,0.1394997992937103,1996,2064
송파구,가락동,1171010700,1956,가락우성(1차),1844,62.51,43.79,,39250,155000,0.1472265882809165,1986,838
송파구,가락동,1171010700,1956,가락우성(1차),51143,78.82,58.46,,50000,170000,0.1301807132434793,1986,838
송파구,가락동,1171010700,1956,가락우성(1차),94768,128.41,109.25,,66000,211500,0.1235092273464748,1986,838
송파구,가락동,1171010700,1956,가락우성(1차),128780,147.1,127.75,,70000,212500,0.1174448271752521,1986,838
송파구,가락동,1171010700,1962,가락우성(2차),1849,69.61,46.81,,32000,95000,0.1149550596800084,1997,162
송파구,가락동,1171010700,1962,가락우성(2차),94772,89.19,59.97,,39250,130000,0.1272243692231942,1997,162
송파구,가락동,1171010700,1962,가락우성(2차),51149,80.79,59.99,,39250,130000,0.1272243692231942,1997,162
송파구,가락동,1171010700,1962,가락우성(2차),128783,107.47,84.95,,50500,140000,0.1073468275011453,1997,162
송파구,가락동,1171010700,1957,가락풍림,1845,80.02,59.94,,34500,100500,0.1128450456302869,1995,105
송파구,가락동,1171010700,1957,가락풍림,51144,97.71,73.2,,40250,111500,0.1072632814131802,1995,105
송파구,가락동,1171010700,1957,가락풍림,94769,107.49,80.52,,41000,125500,0.1183712314193758,1995,105
송파구,가락동,1171010700,1942,가락한신,1830,102.12,84.51,N,53000,165000,0.1202651025849572,1992,256
송파구,가락동,1171010700,1942,가락한신,51133,102.31,84.53,S,52750,165000,0.1207949049823056,1992,256
송파구,가락동,1171010700,22679,가락현대,21872,93.36,82.16,,56000,146000,0.1005669906986683,1991,90
송파구,가락동,1171010700,22679,가락현대,108489,95.79,84.31,A,56250,146000,0.1000768687695579,1991,90
송파구,가락동,1171010700,22679,가락현대,69090,95.97,84.46,B,56250,146000,0.1000768687695579,1991,90
송파구,가락동,1171010700,1951,가락현대(6차),1839,100.59,84.8,,49250,151000,0.118554298868732,1992,160
송파구,가락동,1171010700,1943,극동,1831,79.36,59.4,,48000,145000,0.1168958480287181,1984,555
송파구,가락동,1171010700,1943,극동,51134,102.19,84.96,,61000,177500,0.112722454838257,1984,555
송파구,가락동,1171010700,1943,극동,94761,139.57,120.4,,72750,210000,0.1118306182032509,1984,555
송파구,가락동,1171010700,1943,극동,128773,171.42,149.74,,82000,237500,0.1122053406300784,1984,555
송파구,가락동,1171010700,15139,래미안파크팰리스,14895,86.42,59.96,,61500,197000,0.1234638719097371,2007,919
송파구,가락동,1171010700,15139,래미안파크팰리스,62724,106.64,84.88,,75000,229000,0.1180916957127409,2007,919
송파구,가락동,1171010700,15139,래미안파크팰리스,134230,106.05,84.92,B,75000,229000,0.1180916957127409,2007,919
송파구,가락동,1171010700,15139,래미안파크팰리스,103116,106.45,84.93,A,75000,229000,0.1180916957127409,2007,919
송파구,가락동,1171010700,15139,래미안파크팰리스,157136,142.72,114.75,,94500,245500,0.1001754986144829,2007,919
송파구,가락동,1171010700,1944,미륭,1832,67.92,50.0,,35750,161500,0.1627588348757298,1986,435
송파구,가락동,1171010700,1944,미륭,51135,80.82,60.72,,40000,174500,0.1587067688346102,1986,435
송파구,가락동,1171010700,1944,미륭,94762,87.28,64.26,,42500,182000,0.1565602071359735,1986,435
송파구,가락동,1171010700,1944,미륭,128774,100.02,83.58,,52250,189500,0.1375023222368163,1986,435
송파구,가락동,1171010700,1945,삼환가락,1833,93.44,72.7,A1,49750,185000,0.1403492055382174,1984,648
송파구,가락동,1171010700,1945,삼환가락,51136,93.68,72.88,A2,49750,185000,0.1403492055382174,1984,648
송파구,가락동,1171010700,1945,삼환가락,94763,107.97,84.7,B1,56000,207500,0.1399426622773427,1984,648
송파구,가락동,1171010700,1945,삼환가락,128775,108.31,84.97,B2,56000,207500,0.1399426622773427,1984,648
송파구,가락동,1171010700,1945,삼환가락,153758,143.74,121.04,C,65250,225000,0.1317752702974266,1984,648
송파구,가락동,1171010700,13250,송파동부센트레빌,13038,106.48,84.98,,67500,189000,0.108449222600272,2005,206
송파구,거여동,1171011300,1891,거여1단지(도시개발),128745,54.87,38.9,B,26500,90000,0.1300552142897044,1997,1004
송파구,거여동,1171011300,1891,거여1단지(도시개발),1781,55.81,39.6,A,26500,90000,0.1300552142897044,1997,1004
송파구,거여동,1171011300,1891,거여1단지(도시개발),51085,70.18,49.8,,34250,118000,0.1316760976008606,1997,1004
송파구,거여동,1171011300,1891,거여1단지(도시개발),153741,83.18,58.99,B,38250,126000,0.1266108009793722,1997,1004
송파구,거여동,1171011300,1891,거여1단지(도시개발),94725,84.17,59.73,A,38250,126000,0.1266108009793722,1997,1004
송파구,거여동,1171011300,1888,거여2단지동아(효성),1778,122.89,101.95,,57000,160000,0.1087267166034382,1997,478
송파구,거여동,1171011300,1888,거여2단지동아(효성),51082,158.37,134.88,,63500,180000,0.1098131796074766,1997,478
송파구,거여동,1171011300,1892,거여4단지(도시개발),128746,56.58,38.9,B,27500,90000,0.1258770889999561,1997,546
송파구,거여동,1171011300,1892,거여4단지(도시개발),1782,57.55,39.6,A,27500,90000,0.1258770889999561,1997,546
송파구,거여동,1171011300,1892,거여4단지(도시개발),51086,72.38,49.8,,34750,112500,0.1246561730219493,1997,546
송파구,거여동,1171011300,1892,거여4단지(도시개발),94726,86.8,59.73,,41000,135000,0.1265617229449747,1997,546
송파구,거여동,1171011300,1887,거여5단지(도시개발),1173231,80.73,59.4,,39000,131000,0.1288095340551542,1997,605
송파구,거여동,1171011300,1887,거여5단지(도시개발),1777,81.12,59.74,,39000,131000,0.1288095340551542,1997,605
송파구,거여동,1171011300,1887,거여5단지(도시개발),51081,114.29,84.17,,53000,145000,0.105883079624625,1997,605
송파구,거여동,1171011300,1884,삼호,1774,84.1,59.79,,32000,80000,0.0959582263852172,1999,142
송파구,거여동,1171011300,1884,삼호,51078,119.5,84.96,,41000,100000,0.0932553576131938,1999,142
송파구,거여동,1171011300,14032,쌍용스윗닷홈거여역1차,13807,104.2,84.95,,52750,110000,0.0762595599232951,2006,95
송파구,거여동,1171011300,14032,쌍용스윗닷홈거여역1차,61745,128.2,105.2,,56000,135000,0.09197972332905,2006,95
송파구,거여동,1171011300,12437,어울림(금호),12238,108.32,84.98,,49500,102500,0.0755035955904368,2003,140
송파구,거여동,1171011300,12437,어울림(금호),60360,129.37,101.98,,55500,119000,0.0792583013881507,2003,140
송파구,거여동,1171011300,12437,어울림(금호),101288,133.2,104.5,,56500,119000,0.0773327230297471,2003,140
송파구,거여동,1171011300,12437,어울림(금호),132886,151.28,120.36,,60000,123000,0.0744232213528401,2003,140
송파구,거여동,1171011300,1885,우방(1차),1775,85.44,59.91,,34000,92500,0.1052646537956452,1999,257
송파구,거여동,1171011300,1885,우방(1차),51079,114.02,84.9,,44250,106500,0.0918013658470586,1999,257
송파구,거여동,1171011300,1885,우방(1차),94723,142.53,114.72,,52500,117500,0.0838966058365189,1999,257
송파구,거여동,1171011300,1886,현대(1차),1776,86.05,70.38,,41000,103000,0.0964916702245706,1991,497
송파구,거여동,1171011300,1886,현대(1차),51080,93.22,74.83,,42250,121000,0.1109534595426207,1991,497
송파구,거여동,1171011300,1886,현대(1차),94724,102.62,84.64,A,49750,137500,0.1070085146601844,1991,497
송파구,거여동,1171011300,1886,현대(1차),128744,103.74,84.85,B,49750,137500,0.1070085146601844,1991,497
송파구,거여동,1171011300,1886,현대(1차),153740,102.89,84.86,C,49750,137500,0.1070085146601844,1991,497
송파구,거여동,1171011300,1886,현대(1차),171534,102.93,84.89,D,49750,137500,0.1070085146601844,1991,497
송파구,거여동,1171011300,1886,현대(1차),184492,103.15,84.91,E,49750,137500,0.1070085146601844,1991,497
송파구,거여동,1171011300,1883,현대(2차),1773,100.76,82.96,,42250,125000,0.1145725167511844,1992,280
송파구,거여동,1171011300,1890,현대3차,51084,101.86,84.83,B,42750,122500,0.1110151905876577,1993,303
송파구,거여동,1171011300,1890,현대3차,1780,104.21,84.94,A,42750,122500,0.1110151905876577,1993,303
송파구,마천동,1171011400,1904,금호어울림1차(금호베스트빌),171536,110.06,80.88,A,46000,109000,0.0901013227519385,2002,215
송파구,마천동,1171011400,1904,금호어울림1차(금호베스트빌),1792,110.69,81.18,B,46000,109000,0.0901013227519385,2002,215
송파구,마천동,1171011400,1904,금호어울림1차(금호베스트빌),94735,116.16,84.75,A,46750,112500,0.0917849182251231,2002,215
송파구,마천동,1171011400,1904,금호어울림1차(금호베스트빌),51096,115.45,84.95,B,46750,112500,0.0917849182251231,2002,215
송파구,마천동,1171011400,1904,금호어울림1차(금호베스트빌),128755,133.26,101.91,,51000,116500,0.086114407998717,2002,215
송파구,마천동,1171011400,1904,금호어울림1차(금호베스트빌),153747,147.17,114.81,,55000,120000,0.0811398008219386,2002,215
송파구,마천동,1171011400,1896,마천금호(금호타운),1786,78.94,59.93,,36250,116500,0.123833028376836,1998,199
송파구,마천동,1171011400,1896,마천금호(금호타운),51090,111.69,84.79,A,44000,126500,0.1113830908014028,1998,199
송파구,마천동,1171011400,1896,마천금호(금호타운),94730,111.86,84.92,B,44000,126500,0.1113830908014028,1998,199
송파구,마천동,1171011400,14114,마천동금호어울림(2차),13888,81.32,59.98,,38250,91500,0.0911362027770212,2006,173
송파구,마천동,1171011400,14114,마천동금호어울림(2차),61818,110.55,84.96,A,47750,113500,0.0904411912914693,2006,173
송파구,마천동,1171011400,14114,마천동금호어울림(2차),102403,111.03,84.96,B,47750,113500,0.0904411912914693,2006,173
송파구,마천동,1171011400,14114,마천동금호어울림(2차),133698,125.16,98.01,,50250,118500,0.0895777559891102,2006,173
송파구,마천동,1171011400,14114,마천동금호어울림(2차),156763,142.79,116.25,,56000,126000,0.0844717711976985,2006,173
송파구,마천동,1171011400,1898,마천동삼익,1788,78.72,53.6,,31500,81500,0.0997265383980288,1996,96
송파구,마천동,1171011400,1898,마천동삼익,184493,84.52,59.4,A,31500,88500,0.1088256703085979,1996,96
송파구,마천동,1171011400,1898,마천동삼익,51092,85.3,59.94,B,31500,88500,0.1088256703085979,1996,96
송파구,마천동,1171011400,1898,마천동삼익,94732,120.81,84.9,,42000,110000,0.101068503059414,1996,96
송파구,마천동,1171011400,1895,마천동우방,1785,74.19,55.32,,31500,71500,0.0854243216331331,2002,247
송파구,마천동,1171011400,1895,마천동우방,51089,105.17,79.07,A,39500,93000,0.0894030461378916,2002,247
송파구,마천동,1171011400,1895,마천동우방,94729,105.46,79.31,B,40000,93000,0.088033571269483,2002,247
송파구,마천동,1171011400,1895,마천동우방,128749,141.79,106.77,,51000,107000,0.0769148363607981,2002,247
송파구,마천동,1171011400,24343,송파파크데일1단지,23293,78.62,59.91,,45000,95000,0.0775839374884732,2011,812
송파구,마천동,1171011400,24343,송파파크데일1단지,70321,108.75,84.13,A,53000,127500,0.091750580506668,2011,812
송파구,마천동,1171011400,24343,송파파크데일1단지,161167,109.67,84.85,D,53000,127500,0.091750580506668,2011,812
송파구,마천동,1171011400,24343,송파파크데일1단지,109449,110.31,84.86,B,53000,127500,0.091750580506668,2011,812
송파구,마천동,1171011400,24343,송파파크데일1단지,139282,110.11,84.99,C,53000,127500,0.091750580506668,2011,812
송파구,마천동,1171011400,24343,송파파크데일1단지,188510,147.35,114.81,A,64000,145000,0.0852225334390071,2011,812
송파구,마천동,1171011400,24343,송파파크데일1단지,176980,148.35,114.84,C,63000,145000,0.0869329270646257,2011,812
송파구,마천동,1171011400,24336,송파파크데일2단지,23286,79.35,59.91,,44500,95000,0.078788627306543,2011,889
송파구,마천동,1171011400,24336,송파파크데일2단지,70315,109.77,84.13,A,53000,127500,0.091750580506668,2011,889
송파구,마천동,1171011400,24336,송파파크데일2단지,109443,111.35,84.86,B,53000,127500,0.091750580506668,2011,889
송파구,마천동,1171011400,24336,송파파크데일2단지,139277,111.15,84.99,C,53000,127500,0.091750580506668,2011,889
송파구,마천동,1171011400,24336,송파파크데일2단지,161162,148.75,114.81,A,64000,145000,0.0852225334390071,2011,889
송파구,마천동,1171011400,24336,송파파크데일2단지,176975,150.33,114.91,B,64000,145000,0.0852225334390071,2011,889
송파구,마천동,1171011400,1902,신동아,1791,84.23,59.88,,29500,71500,0.0925678142873496,2001,134
송파구,마천동,1171011400,1902,신동아,51095,109.06,84.71,,41750,94000,0.0845439034143189,2001,134
송파구,마천동,1171011400,1899,아남,1789,90.97,70.42,,34000,78000,0.0865796536837897,1992,122
송파구,마천동,1171011400,1899,아남,51093,106.1,82.13,,36500,92000,0.0968556995287501,1992,122
송파구,마천동,1171011400,1900,한보,1790,49.11,34.06,,22000,72750,0.1270444161837938,1996,84
송파구,마천동,1171011400,1900,한보,51094,56.37,39.1,,23000,86250,0.1413086972194139,1996,84
송파구,마천동,1171011400,1900,한보,94733,71.43,49.54,,26000,93000,0.1359284060994703,1996,84
송파구,마천동,1171011400,1900,한보,128752,85.44,59.26,,29500,98000,0.1275619343038341,1996,84
송파구,마천동,1171011400,1900,한보,153745,137.17,95.14,,42500,137500,0.1245826444538944,1996,84
송파구,마천동,1171011400,1901,현대그린빌,206176,89.4,59.67,,29500,65500,0.0830335950843323,1998,70
송파구,마천동,1171011400,1901,현대그린빌,210257,104.15,69.51,,33250,73500,0.0825539997129258,1998,70
송파구,문정동,1171010800,1986,건영,1872,94.03,77.68,,53250,155000,0.1127592384439784,1993,545
송파구,문정동,1171010800,1986,건영,1173322,103.61,84.17,A,56000,177500,0.1222795078621892,1993,545
송파구,문정동,1171010800,1986,건영,51172,103.86,84.39,B,56000,177500,0.1222795078621892,1993,545
송파구,문정동,1171010800,1986,건영,1173323,103.87,84.42,C,56000,177500,0.1222795078621892,1993,545
송파구,문정동,1171010800,1986,건영,1173324,103.91,84.47,D,56000,177500,0.1222795078621892,1993,545
송파구,문정동,1171010800,1986,건영,1173325,104.42,84.87,,56000,177500,0.1222795078621892,1993,545
송파구,문정동,1171010800,1992,문정3차푸르지오,1878,106.36,84.96,,52750,142500,0.1044835197207501,2002,150
송파구,문정동,1171010800,1989,문정동아,1875,70.31,54.1,,30000,64500,0.0795526951800109,1996,78
송파구,문정동,1171010800,1989,문정동아,171554,75.01,57.72,,32500,82500,0.0976327555190745,1996,78
송파구,문정동,1171010800,1989,문정동아,94791,109.89,84.47,A,41000,95500,0.0882331503508309,1996,78
송파구,문정동,1171010800,1989,문정동아,193850,110.08,84.7,B,41000,95500,0.0882331503508309,1996,78
송파구,문정동,1171010800,1989,문정동아,51175,110.29,84.87,C,41000,95500,0.0882331503508309,1996,78
송파구,문정동,1171010800,12853,문정래미안,12644,111.46,84.96,,70000,190000,0.1050083406172208,2004,1696
송파구,문정동,1171010800,12853,문정래미안,60720,146.39,120.97,,79250,210000,0.1023563353726431,2004,1696
송파구,문정동,1171010800,12853,문정래미안,133084,161.67,131.39,,86500,220000,0.0978440623033827,2004,1696
송파구,문정동,1171010800,12853,문정래미안,101558,159.03,133.29,,80750,217500,0.1041591431196615,2004,1696
송파구,문정동,1171010800,12853,문정래미안,156352,177.14,150.58,,85250,225000,0.1019168218357109,2004,1696
송파구,문정동,1171010800,12853,문정래미안,185637,199.48,169.48,B,118500,242500,0.0742351016601428,2004,1696
송파구,문정동,1171010800,12853,문정래미안,173260,199.27,170.7,A,111500,240000,0.0796764719448972,2004,1696
송파구,문정동,1171010800,1987,문정시영,1873,37.45,25.65,,19750,73500,0.1404389036200326,1989,1316
송파구,문정동,1171010800,1987,문정시영,51173,52.79,35.46,,23250,84500,0.1377409120515123,1989,1316
송파구,문정동,1171010800,1987,문정시영,94790,61.04,39.69,,30000,116500,0.1453031813189185,1989,1316
송파구,문정동,1171010800,1987,문정시영,128800,74.69,46.26,,32750,130000,0.147818459234815,1989,1316
송파구,문정동,1171010800,1993,문정연합주택조합,1879,67.5,54.6,,32500,95500,0.113812278199765,1993,120
송파구,문정동,1171010800,1993,문정연합주택조합,51178,100.68,81.43,,42500,125000,0.1139151438721746,1993,120
송파구,문정동,1171010800,1990,문정푸르지오1차,1876,78.38,59.84,,45000,145000,0.1241274393679292,1999,233
송파구,문정동,1171010800,1990,문정푸르지오1차,51176,111.14,84.86,,58500,162500,0.10756634324829,1999,233
송파구,문정동,1171010800,1994,문정푸르지오2차,94793,79.72,59.3,A,42500,143000,0.1290019986314379,2001,165
송파구,문정동,1171010800,1994,문정푸르지오2차,1880,80.08,59.57,B,42500,143000,0.1290019986314379,2001,165
송파구,문정동,1171010800,1994,문정푸르지오2차,51179,114.04,84.82,,52000,160000,0.1189525334021361,2001,165
송파구,문정동,1171010800,1994,문정푸르지오2차,128803,114.12,84.88,C,52000,160000,0.1189525334021361,2001,165
송파구,문정동,1171010800,12532,세양청마루,12333,77.44,59.91,,40500,112000,0.1070731042566082,2004,157
송파구,문정동,1171010800,1985,올림픽훼밀리타운,51171,103.12,84.7,B,75500,252500,0.1283178093222807,1988,4494
송파구,문정동,1171010800,1985,올림픽훼밀리타운,1871,104.39,84.75,A,79000,257500,0.1254209987493679,1988,4494
송파구,문정동,1171010800,1985,올림픽훼밀리타운,94789,138.73,117.58,,89500,277500,0.1198091072113236,1988,4494
송파구,문정동,1171010800,1985,올림픽훼밀리타운,128799,158.84,136.32,,98500,300000,0.117811317552424,1988,4494
송파구,문정동,1171010800,1985,올림픽훼밀리타운,153774,182.8,158.7,,107500,315000,0.1134999681655992,1988,4494
송파구,문정동,1171010800,1985,올림픽훼밀리타운,171553,219.66,192.23,,142500,367500,0.0993709272461349,1988,4494
송파구,문정동,1171010800,1995,현대,1881,88.77,71.52,,37250,98500,0.1021253591938304,1991,120
송파구,문정동,1171010800,1995,현대,51180,101.42,84.03,,41250,104500,0.0974108096843151,1991,120
송파구,문정동,1171010800,1988,현대(1차),1874,102.73,84.98,,58750,197500,0.1289011693675237,1984,514
송파구,문정동,1171010800,1988,현대(1차),51174,144.34,123.61,,68000,215000,0.1220002526684269,1984,514
송파구,문정동,1171010800,1991,현대2차,94792,76.2,58.08,,35500,95000,0.1034420377540903,1995,108
송파구,문정동,1171010800,1991,현대2차,128802,78.4,59.21,A,35500,95000,0.1034420377540903,1995,108
송파구,문정동,1171010800,1991,현대2차,153776,79.09,59.91,B,35500,95000,0.1034420377540903,1995,108
송파구,문정동,1171010800,1991,현대2차,171555,79.13,59.94,C,35500,95000,0.1034420377540903,1995,108
송파구,문정동,1171010800,1991,현대2차,193851,112.15,84.96,A,45000,110000,0.0934980606439574,1995,108
송파구,문정동,1171010800,1991,현대2차,200868,112.17,84.98,B,45000,110000,0.0934980606439574,1995,108
송파구,방이동,1171011100,1920,대림,1808,101.94,84.91,,66000,235000,0.1354091575571308,1985,480
송파구,방이동,1171011100,1920,대림,51112,145.25,125.07,,81000,250000,0.1192974103971149,1985,480
송파구,방이동,1171011100,1920,대림,94749,175.53,153.47,,87500,265000,0.1171816201704922,1985,480
송파구,방이동,1171011100,1925,방이금호어울림,1813,75.28,59.67,,43500,110000,0.0972114797218399,2001,144
송파구,방이동,1171011100,1925,방이금호어울림,51117,106.34,84.3,,55000,140000,0.0979347594923716,2001,144
송파구,방이동,1171011100,12624,신구블레스벨리,12423,142.27,115.17,,76000,188500,0.0950899069047019,2004,104
송파구,방이동,1171011100,12624,신구블레스벨리,60525,177.06,145.65,,83500,198500,0.0904541347172052,2004,104
송파구,방이동,1171011100,1934,옥산크리스탈,1822,84.02,62.5,,37500,75000,0.0717734625362931,2001,77
송파구,방이동,1171011100,1934,옥산크리스탈,94755,99.51,74.53,,44500,90000,0.0729716565077105,2001,77
송파구,방이동,1171011100,1923,올림픽베어스타운,1811,75.02,59.37,,46500,116500,0.0961936885495082,1996,140
송파구,방이동,1171011100,1923,올림픽베어스타운,51115,106.47,84.24,,58000,150000,0.0996799999602198,1996,140
송파구,방이동,1171011100,1940,올림픽선수기자촌,1828,82.65,62.19,,69000,245000,0.1350936636801616,1989,5540
송파구,방이동,1171011100,1940,올림픽선수기자촌,51131,95.87,73.14,,72000,255000,0.134803766023521,1989,5540
송파구,방이동,1171011100,1940,올림픽선수기자촌,128771,112.4,83.06,,86750,292000,0.1290452209420036,1989,5540
송파구,방이동,1171011100,1940,올림픽선수기자촌,94759,109.09,84.58,A,85750,292000,0.1303550327165841,1989,5540
송파구,방이동,1171011100,1940,올림픽선수기자촌,221051,109.09,84.96,B,85750,292000,0.1303550327165841,1989,5540
송파구,방이동,1171011100,1940,올림픽선수기자촌,153756,132.23,100.31,A,98000,307000,0.1209628762353589,1989,5540
송파구,방이동,1171011100,1940,올림픽선수기자촌,171543,132.23,100.82,B,95500,307000,0.1238633282672421,1989,5540
송파구,방이동,1171011100,1940,올림픽선수기자촌,184495,142.15,110.25,,109000,330000,0.1171429372657217,1989,5540
송파구,방이동,1171011100,1940,올림픽선수기자촌,222196,155.37,120.42,B,120000,375000,0.1206887238456493,1989,5540
송파구,방이동,1171011100,1940,올림픽선수기자촌,193843,155.37,121.23,A,118500,375000,0.1220993007645443,1989,5540
송파구,방이동,1171011100,1940,올림픽선수기자촌,200864,161.98,126.18,,117000,375000,0.1235296568299761,1989,5540
송파구,방이동,1171011100,1940,올림픽선수기자촌,206178,165.29,128.97,,117000,375000,0.1235296568299761,1989,5540
송파구,방이동,1171011100,1940,올림픽선수기자촌,210259,168.6,131.76,,129500,400000,0.119383812609892,1989,5540
송파구,방이동,1171011100,1940,올림픽선수기자촌,213416,171.9,135.99,,128500,400000,0.1202518927683313,1989,5540
송파구,방이동,1171011100,1940,올림픽선수기자촌,215920,175.21,136.98,,145500,400000,0.1064191903217397,1989,5540
송파구,방이동,1171011100,1940,올림픽선수기자촌,217970,188.43,148.77,,150500,420000,0.1080804153352132,1989,5540
송파구,방이동,1171011100,1940,올림픽선수기자촌,219670,211.57,163.44,,134500,420000,0.1206053733733729,1989,5540
송파구,방이동,1171011100,1924,코오롱,51116,108.31,84.95,,56000,207500,0.1399426622773427,1991,758
송파구,방이동,1171011100,1922,한양(3차),1810,103.33,84.92,,56000,220000,0.1466304358341195,1985,252
송파구,방이동,1171011100,1922,한양(3차),51114,148.02,126.9,,75000,247500,0.126811819999242,1985,252
송파구,방이동,1171011100,1922,한양(3차),94751,169.55,146.96,,82500,265000,0.1237745502285647,1985,252
송파구,방이동,1171011100,13142,현대홈타운스위트,221168,164.74,142.07,A,77500,170000,0.0817196572799034,2004,77
송파구,방이동,1171011100,13142,현대홈타운스위트,222289,169.25,143.69,A,80000,172500,0.0798661088672618,2004,77
송파구,방이동,1171011100,13142,현대홈타운스위트,224044,164.86,144.7,B,77500,170000,0.0817196572799034,2004,77
송파구,방이동,1171011100,13142,현대홈타운스위트,223239,167.8,144.71,B,77500,170000,0.0817196572799034,2004,77
송파구,방이동,1171011100,13142,현대홈타운스위트,224746,166.75,144.91,C,77500,170000,0.0817196572799034,2004,77
송파구,방이동,1171011100,13142,현대홈타운스위트,225337,165.26,146.25,D,77500,170000,0.0817196572799034,2004,77
송파구,방이동,1171011100,13142,현대홈타운스위트,133212,166.86,147.67,E,77500,170000,0.0817196572799034,2004,77
송파구,방이동,1171011100,13142,현대홈타운스위트,228180,166.87,147.69,F,77500,170000,0.0817196572799034,2004,77
송파구,방이동,1171011100,13142,현대홈타운스위트,226283,172.19,148.5,A,80000,172500,0.0798661088672618,2004,77
송파구,방이동,1171011100,13142,현대홈타운스위트,227548,169.41,148.68,E,80000,172500,0.0798661088672618,2004,77
송파구,방이동,1171011100,13142,현대홈타운스위트,225840,168.01,148.68,C,80000,172500,0.0798661088672618,2004,77
송파구,방이동,1171011100,13142,현대홈타운스위트,226999,172.41,148.68,C,80000,172500,0.0798661088672618,2004,77
송파구,방이동,1171011100,13142,현대홈타운스위트,226669,171.1,148.68,B,80000,172500,0.0798661088672618,2004,77
송파구,방이동,1171011100,13142,현대홈타운스위트,227291,170.13,149.32,D,80000,172500,0.0798661088672618,2004,77
송파구,삼전동,1171010600,1983,현대,1869,98.65,80.01,,49000,145000,0.1145952610403941,1989,120
송파구,삼전동,1171010600,1983,현대,51169,100.81,82.0,,49500,145000,0.1134642567441142,1989,120
송파구,석촌동,1171010500,1984,잠실한솔,1870,77.33,59.86,A,51000,150000,0.1139151438721746,2000,393
송파구,석촌동,1171010500,1984,잠실한솔,94788,77.37,59.88,D,51000,150000,0.1139151438721746,2000,393
송파구,석촌동,1171010500,1984,잠실한솔,128798,109.63,84.86,E,62000,185000,0.1155216510755234,2000,393
송파구,석촌동,1171010500,1984,잠실한솔,51170,109.65,84.87,,62000,185000,0.1155216510755234,2000,393
송파구,석촌동,1171010500,1984,잠실한솔,153773,109.73,84.94,N,62000,185000,0.1155216510755234,2000,393
송파구,송파동,1171010400,1970,가락삼익맨숀,1856,102.8,84.82,,64000,242500,0.1424920241388718,1984,936
송파구,송파동,1171010400,1970,가락삼익맨숀,51157,127.88,108.33,,74000,257500,0.1328034196255003,1984,936
송파구,송파동,1171010400,1970,가락삼익맨숀,94779,148.97,127.8,,80500,277500,0.131740117084111,1984,936
송파구,송파동,1171010400,1970,가락삼익맨숀,128789,174.65,151.5,,89000,287500,0.1244102197183658,1984,936
송파구,송파동,1171010400,24993,래미안송파파인탑,23934,75.31,53.36,A,58750,195000,0.1274639748750936,2012,794
송파구,송파동,1171010400,24993,래미안송파파인탑,208084,75.6,53.59,B,58750,195000,0.1274639748750936,2012,794
송파구,송파동,1171010400,24993,래미안송파파인탑,109909,88.39,64.66,B,64000,207000,0.1245506919982697,2012,794
송파구,송파동,1171010400,24993,래미안송파파인탑,70881,88.05,64.99,A,66500,210000,0.1218628452357521,2012,794
송파구,송파동,1171010400,24993,래미안송파파인탑,139652,94.72,71.58,A,70500,225000,0.1230506411224219,2012,794
송파구,송파동,1171010400,24993,래미안송파파인탑,177205,94.59,71.73,C,70500,225000,0.1230506411224219,2012,794
송파구,송파동,1171010400,24993,래미안송파파인탑,161459,94.76,71.76,B,70500,225000,0.1230506411224219,2012,794
송파구,송파동,1171010400,24993,래미안송파파인탑,203315,111.64,87.01,C,79000,245000,0.1198346447684683,2012,794
송파구,송파동,1171010400,24993,래미안송파파인탑,197040,111.15,87.01,B,79000,245000,0.1198346447684683,2012,794
송파구,송파동,1171010400,24993,래미안송파파인탑,188687,111.06,87.05,A,79000,245000,0.1198346447684683,2012,794
송파구,송파동,1171010400,1969,미성,1855,89.16,58.98,,46000,145000,0.1216594433411806,1985,378
송파구,송파동,1171010400,1969,미성,51156,103.19,84.95,,59250,191000,0.1241764968405787,1985,378
송파구,송파동,1171010400,1969,미성,94778,137.44,116.94,,70500,230000,0.1255216982125055,1985,378
송파구,송파동,1171010400,1969,미성,128788,192.91,169.44,,82500,242500,0.1138476154445642,1985,378
송파구,송파동,1171010400,12292,송파KCC(금강KCC),12095,74.59,58.45,,42000,95000,0.0850442041685746,2003,106
송파구,송파동,1171010400,12292,송파KCC(금강KCC),60231,88.97,70.04,,45500,102500,0.0846041126345682,2003,106
송파구,송파동,1171010400,12292,송파KCC(금강KCC),132813,106.43,84.33,C,54500,137500,0.096959565600168,2003,106
송파구,송파동,1171010400,12292,송파KCC(금강KCC),156175,107.7,84.7,B,54500,137500,0.096959565600168,2003,106
송파구,송파동,1171010400,12292,송파KCC(금강KCC),101186,108.11,84.99,A,54500,137500,0.096959565600168,2003,106
송파구,송파동,1171010400,1978,송파SK,1864,102.8,83.8,A,51500,147500,0.1109601448714494,2001,71
송파구,송파동,1171010400,1978,송파SK,51165,102.85,83.82,B,51500,147500,0.1109601448714494,2001,71
송파구,송파동,1171010400,1975,송파삼성래미안,1214955,109.83,79.62,A,67500,204000,0.1169471889405984,2001,845
송파구,송파동,1171010400,1975,송파삼성래미안,1861,109.94,79.7,B,67500,204000,0.1169471889405984,2001,845
송파구,송파동,1171010400,1975,송파삼성래미안,51162,119.48,87.98,,70500,211500,0.1161231740339043,2001,845
송파구,송파동,1171010400,1975,송파삼성래미안,94782,142.74,105.99,,77500,219500,0.1097196652691618,2001,845
송파구,송파동,1171010400,1975,송파삼성래미안,128792,163.79,126.4,,86000,235000,0.1057499823331737,2001,845
송파구,송파동,1171010400,1975,송파삼성래미안,1214956,191.42,148.11,A,102500,247500,0.0921571512210233,2001,845
송파구,송파동,1171010400,1975,송파삼성래미안,153767,191.52,148.19,B,102500,247500,0.0921571512210233,2001,845
송파구,송파동,1171010400,1968,한양(1차),1854,88.65,64.26,,53000,195000,0.1391367793732094,1983,576
송파구,송파동,1171010400,1968,한양(1차),51155,113.11,105.52,,64000,215000,0.1288229971867298,1983,576
송파구,송파동,1171010400,1968,한양(1차),94777,129.42,119.68,,73000,225000,0.1191439873851343,1983,576
송파구,송파동,1171010400,1968,한양(1차),128787,148.39,137.1,A,77500,245000,0.1219834173193823,1983,576
송파구,송파동,1171010400,1968,한양(1차),171547,148.59,137.28,B,77500,245000,0.1219834173193823,1983,576
송파구,송파동,1171010400,1968,한양(1차),153764,171.68,158.61,,86000,257500,0.1159066822250585,1983,576
송파구,송파동,1171010400,1972,한양(2차),1858,87.87,64.26,,55000,202500,0.1392164142311422,1984,744
송파구,송파동,1171010400,1972,한양(2차),51159,105.3,84.92,,66000,230000,0.1329699471700169,1984,744
송파구,송파동,1171010400,1972,한양(2차),94780,131.05,108.68,,74500,240000,0.124101421211807,1984,744
송파구,송파동,1171010400,1972,한양(2차),128790,150.2,126.9,,80000,252500,0.1218044011800956,1984,744
송파구,송파동,1171010400,1972,한양(2차),153765,172.06,146.96,,88000,262500,0.1154873858466141,1984,744
송파구,송파동,1171010400,1973,현대,1859,86.3,59.91,,40500,150000,0.1398917844714016,1997,243
송파구,송파동,1171010400,1973,현대,51160,109.41,84.96,,52500,165000,0.1213274766108452,1997,243
송파구,송파동,1171010400,1974,호수임광,1860,68.82,53.2,,33000,73250,0.0830022749784153,1995,227
송파구,송파동,1171010400,1974,호수임광,51161,73.24,56.6,A,45500,122500,0.1041103200045001,1995,227
송파구,송파동,1171010400,1974,호수임광,184499,74.69,57.72,A,45500,122500,0.1041103200045001,1995,227
송파구,송파동,1171010400,1974,호수임광,94781,77.34,59.78,B,49000,122500,0.0959582263852172,1995,227
송파구,송파동,1171010400,1974,호수임광,171548,109.65,84.75,A,61500,145000,0.0895553276946339,1995,227
송파구,송파동,1171010400,1974,호수임광,128791,109.82,84.87,B,61500,145000,0.0895553276946339,1995,227
송파구,신천동,1171010200,2005,장미(1차),200870,92.59,71.2,,82750,300000,0.1374578839287084,1979,2100
송파구,신천동,1171010200,2005,장미(1차),51190,108.43,82.45,,92750,317500,0.130948896411235,1979,2100
송파구,신천동,1171010200,2005,장미(1차),226249,126.78,99.0,,104000,345000,0.1274014150273035,1979,2100
송파구,신천동,1171010200,2005,장미(1차),229298,150.05,120.0,,117500,380000,0.1245391327145841,1979,2100
송파구,신천동,1171010200,2005,장미(1차),229642,186.78,174.55,,143500,425000,0.1146889678230276,1979,2100
송파구,신천동,1171010200,2005,장미(1차),229661,212.56,196.76,,155500,470000,0.1169577516383251,1979,2100
송파구,신천동,1171010200,2014,장미(2차),153784,108.95,82.45,,92000,317500,0.1318675007562775,1979,1302
송파구,신천동,1171010200,2014,장미(2차),1899,92.43,86.41,,82000,290000,0.134640848220205,1979,1302
송파구,신천동,1171010200,2014,장미(2차),219673,127.28,119.57,,108500,347500,0.1234467884343972,1979,1302
송파구,신천동,1171010200,2014,장미(2차),223170,151.04,119.97,,119500,362500,0.1173622908997875,1979,1302
송파구,신천동,1171010200,2007,장미(3차),1892,157.11,134.16,,110000,367500,0.1282009623124873,1984,120
송파구,신천동,1171010200,15616,파크리오,15359,52.99,35.24,,47250,135000,0.1106908537107527,2008,6864
송파구,신천동,1171010200,15616,파크리오,63145,87.14,59.64,C,80000,265000,0.1272379168602879,2008,6864
송파구,신천동,1171010200,15616,파크리오,134502,86.74,59.86,B,80500,267500,0.12759408906112,2008,6864
송파구,신천동,1171010200,15616,파크리오,103462,86.85,59.95,A,80500,267500,0.12759408906112,2008,6864
송파구,신천동,1171010200,15616,파크리오,173943,108.82,84.79,B,95000,291500,0.1186429640291453,2008,6864
송파구,신천동,1171010200,15616,파크리오,186138,108.82,84.79,B1,95000,291500,0.1186429640291453,2008,6864
송파구,신천동,1171010200,15616,파크리오,195017,109.62,84.9,C,91000,287500,0.1219142020012826,2008,6864
송파구,신천동,1171010200,15616,파크리오,157339,108.23,84.97,A,97000,302500,0.1204574393305994,2008,6864
송파구,신천동,1171010200,15616,파크리오,201721,149.93,121.63,,126250,352500,0.108135258584872,2008,6864
송파구,신천동,1171010200,15616,파크리오,206820,174.08,144.77,,140750,365000,0.0999791319350849,2008,6864
송파구,신천동,1171010200,2010,한신잠실코아,1895,42.97,31.5,,32000,110000,0.1314210921766812,1988,493
송파구,신천동,1171010200,2010,한신잠실코아,51192,59.5,41.99,,41250,135000,0.1258770889999561,1988,493
송파구,신천동,1171010200,2010,한신잠실코아,94800,72.72,50.76,,44750,155000,0.1322800772231398,1988,493
송파구,신천동,1171010200,2010,한신잠실코아,128810,76.03,52.51,,51000,165000,0.1245826444538944,1988,493
송파구,신천동,1171010200,2010,한신잠실코아,153781,85.95,59.85,,51500,165000,0.1234860169833693,1988,493
송파구,신천동,1171010200,2010,한신잠실코아,171558,92.56,64.08,,55000,170000,0.1194601108267241,1988,493
송파구,오금동,1171011200,1907,가락상아(1차),1795,83.26,60.7,,44000,125000,0.1100581599893524,1984,226
송파구,오금동,1171011200,1907,가락상아(1차),51099,126.89,106.61,,64000,165000,0.0993358657437997,1984,226
송파구,오금동,1171011200,1907,가락상아(1차),94737,145.37,122.67,,74500,175000,0.0891512082400429,1984,226
송파구,오금동,1171011200,1911,가락우창,1799,93.47,76.42,,46500,164000,0.1343291416078378,1985,264
송파구,오금동,1171011200,1911,가락우창,51103,129.54,109.72,,59500,182500,0.1185994212832064,1985,264
송파구,오금동,1171011200,1911,가락우창,94740,154.76,132.86,,69000,190000,0.1065994525368421,1985,264
송파구,오금동,1171011200,1906,대림,1794,103.63,84.91,,63500,227000,0.1358610653128473,1988,749
송파구,오금동,1171011200,1906,대림,51098,145.62,125.79,,75000,246500,0.1263557125944914,1988,749
송파구,오금동,1171011200,1909,삼성,1797,93.09,73.59,,41500,121500,0.1134041048763516,1989,215
송파구,오금동,1171011200,1909,삼성,51101,105.77,84.87,,45750,131500,0.1113566830577386,1989,215
송파구,오금동,1171011200,1914,상아(2차),1802,64.11,45.77,,32500,136000,0.1538930424904032,1988,750
송파구,오금동,1171011200,1914,상아(2차),51106,70.82,50.72,,37250,150000,0.1494669750014232,1988,750
송파구,오금동,1171011200,1914,상아(2차),94743,82.26,60.0,,42500,155000,0.1381363045955519,1988,750
송파구,오금동,1171011200,1914,상아(2차),128760,104.82,84.98,,54000,182500,0.1295017571870009,1988,750
송파구,오금동,1171011200,1919,오금동반석블레스빌,128765,103.33,83.15,B,47000,111000,0.0897390456961118,2002,87
송파구,오금동,1171011200,1919,오금동반석블레스빌,94748,103.36,83.15,A,47000,111000,0.0897390456961118,2002,87
송파구,오금동,1171011200,1919,오금동반석블레스빌,153754,104.43,84.15,C,47000,111000,0.0897390456961118,2002,87
송파구,오금동,1171011200,36271,오금동쌍용스윗닷홈,35106,107.17,84.94,,56000,145000,0.0998108441661085,2005,183
송파구,오금동,1171011200,36271,오금동쌍용스윗닷홈,80807,173.8,143.82,,82500,185000,0.084106074759076,2005,183
송파구,오금동,1171011200,36271,오금동쌍용스윗닷홈,117957,188.18,156.81,A,83000,190000,0.0863444522824798,2005,183
송파구,오금동,1171011200,36271,오금동쌍용스윗닷홈,145888,188.18,156.81,B,83000,190000,0.0863444522824798,2005,183
송파구,오금동,1171011200,1915,오금동우방,1803,83.07,59.72,A,33500,95000,0.1098591831804145,2000,196
송파구,오금동,1171011200,1915,오금동우방,51107,83.35,59.92,B,33000,95000,0.1115294313438695,2000,196
송파구,오금동,1171011200,1915,오금동우방,94744,96.58,72.77,,40000,100000,0.0959582263852172,2000,196
송파구,오금동,1171011200,1915,오금동우방,128761,107.14,84.95,,45500,110000,0.0922904305285337,2000,196
송파구,오금동,1171011200,1915,오금동우방,153750,129.86,102.96,,48500,115000,0.0901734729156089,2000,196
송파구,오금동,1171011200,1915,오금동우방,171538,144.99,114.96,,57000,125000,0.0816917458953716,2000,196
송파구,오금동,1171011200,1908,"현대(2,3,4차)",1796,102.27,84.98,,67500,252500,0.1410265789960509,1984,1316
송파구,오금동,1171011200,1908,"현대(2,3,4차)",51100,152.51,130.93,,86000,287500,0.1282723358178685,1984,1316
송파구,오금동,1171011200,1908,"현대(2,3,4차)",94738,157.46,134.98,,85000,289000,0.1301807132434793,1984,1316
송파구,오금동,1171011200,1908,"현대(2,3,4차)",128757,193.73,170.32,,96500,310000,0.1237855359076687,1984,1316
송파구,오금동,1171011200,1913,현대백조,1801,44.51,31.0,,21000,66000,0.1213274766108452,1997,438
송파구,오금동,1171011200,1913,현대백조,171537,102.0,78.39,B,50000,160500,0.1237003166390093,1997,438
송파구,오금동,1171011200,1913,현대백조,51105,102.27,78.59,A,50000,160500,0.1237003166390093,1997,438
송파구,오금동,1171011200,1913,현대백조,94742,104.42,80.25,,50000,154000,0.1190643783344795,1997,438
송파구,오금동,1171011200,1913,현대백조,128759,110.51,84.92,,52000,160000,0.1189525334021361,1997,438
송파구,오금동,1171011200,1913,현대백조,153749,140.43,114.36,,61000,168000,0.1066185468169282,1997,438
송파구,잠실동,1171010100,14618,레이크팰리스,62256,86.43,59.97,B,80750,267500,0.1272445014054526,2006,2678
송파구,잠실동,1171010100,14618,레이크팰리스,14385,86.43,59.97,A,80750,267500,0.1272445014054526,2006,2678
송파구,잠실동,1171010100,14618,레이크팰리스,102745,114.8,84.82,,98250,310000,0.1217676551367428,2006,2678
송파구,잠실동,1171010100,14618,레이크팰리스,133955,144.32,116.19,,120500,350000,0.112520698362978,2006,2678
송파구,잠실동,1171010100,14618,레이크팰리스,156937,166.86,135.82,A,166500,410000,0.0943014177601586,2006,2678
송파구,잠실동,1171010100,14618,레이크팰리스,173656,167.9,136.74,B,142000,390000,0.1063120079488233,2006,2678
송파구,잠실동,1171010100,15524,리센츠,63059,42.6,27.68,B,51000,152500,0.1157578903944085,2008,5563
송파구,잠실동,1171010100,15524,리센츠,103392,42.52,27.68,C,55000,162500,0.1144204362443335,2008,5563
송파구,잠실동,1171010100,15524,리센츠,15271,42.28,27.68,A,45000,145000,0.1241274393679292,2008,5563
송파구,잠실동,1171010100,15524,리센츠,194991,82.47,59.99,E,86000,297500,0.1321366554682865,2008,5563
송파구,잠실동,1171010100,15524,리센츠,173907,82.1,59.99,C,86000,297500,0.1321366554682865,2008,5563
송파구,잠실동,1171010100,15524,리센츠,157294,82.32,59.99,B,86000,297500,0.1321366554682865,2008,5563
송파구,잠실동,1171010100,15524,리센츠,186105,82.13,59.99,D,86000,297500,0.1321366554682865,2008,5563
송파구,잠실동,1171010100,15524,리센츠,134447,82.1,59.99,A,86000,297500,0.1321366554682865,2008,5563
송파구,잠실동,1171010100,15524,리센츠,201699,82.16,59.99,F,86000,297500,0.1321366554682865,2008,5563
송파구,잠실동,1171010100,15524,리센츠,213782,109.34,84.99,C,105500,335000,0.1224816105211938,2008,5563
송파구,잠실동,1171010100,15524,리센츠,221205,109.4,84.99,G,105500,335000,0.1224816105211938,2008,5563
송파구,잠실동,1171010100,15524,리센츠,224064,109.31,84.99,J,105500,335000,0.1224816105211938,2008,5563
송파구,잠실동,1171010100,15524,리센츠,219860,109.26,84.99,F,105500,335000,0.1224816105211938,2008,5563
송파구,잠실동,1171010100,15524,리센츠,218199,109.47,84.99,E,105500,335000,0.1224816105211938,2008,5563
송파구,잠실동,1171010100,15524,리센츠,216216,109.51,84.99,D,105500,335000,0.1224816105211938,2008,5563
송파구,잠실동,1171010100,15524,리센츠,206800,109.2,84.99,A,105500,335000,0.1224816105211938,2008,5563
송파구,잠실동,1171010100,15524,리센츠,210719,109.35,84.99,B,105500,335000,0.1224816105211938,2008,5563
송파구,잠실동,1171010100,15524,리센츠,223262,109.2,84.99,I,105500,335000,0.1224816105211938,2008,5563
송파구,잠실동,1171010100,15524,리센츠,222317,110.3,84.99,H,105500,335000,0.1224816105211938,2008,5563
송파구,잠실동,1171010100,15524,리센츠,224763,126.59,98.55,,126000,385000,0.1181730440153012,2008,5563
송파구,잠실동,1171010100,15524,리센츠,225348,158.69,124.22,A,145500,430000,0.1144498913829681,2008,5563
송파구,잠실동,1171010100,15524,리센츠,225850,158.87,124.22,B,145500,430000,0.1144498913829681,2008,5563
송파구,잠실동,1171010100,1999,아시아선수촌,1885,124.77,99.38,A,142500,420000,0.1141494304533847,1986,1356
송파구,잠실동,1171010100,1999,아시아선수촌,51184,154.14,122.78,B,150000,445000,0.1148767925005476,1986,1356
송파구,잠실동,1171010100,1999,아시아선수촌,94794,168.84,134.48,B,170000,510000,0.1161231740339043,1986,1356
송파구,잠실동,1171010100,1999,아시아선수촌,128804,171.64,139.66,C,160000,517500,0.1245506919982697,1986,1356
송파구,잠실동,1171010100,1999,아시아선수촌,153777,185.58,151.0,C,181500,552500,0.1177522822653542,1986,1356
송파구,잠실동,1171010100,1999,아시아선수촌,171556,213.36,178.32,D,210000,640000,0.1178822694299641,1986,1356
송파구,잠실동,1171010100,2002,우성(4차),1888,89.29,81.14,,63000,235000,0.1407033875686807,1983,555
송파구,잠실동,1171010100,2002,우성(4차),1699280,94.63,84.95,,74000,270000,0.1381859084798131,1983,555
송파구,잠실동,1171010100,2002,우성(4차),51187,105.52,95.84,,74000,270000,0.1381859084798131,1983,555
송파구,잠실동,1171010100,2002,우성(4차),94797,127.42,115.83,,83500,282500,0.1296221450266443,1983,555
송파구,잠실동,1171010100,2001,"우성1,2,3차",1887,86.13,80.35,A,84500,295000,0.1331738157033259,1981,1842
송파구,잠실동,1171010100,2001,"우성1,2,3차",171557,86.09,80.39,B,84500,295000,0.1331738157033259,1981,1842
송파구,잠실동,1171010100,2001,"우성1,2,3차",184506,86.46,80.76,C,84500,295000,0.1331738157033259,1981,1842
송파구,잠실동,1171010100,2001,"우성1,2,3차",193852,86.56,80.78,D,84500,295000,0.1331738157033259,1981,1842
송파구,잠실동,1171010100,2001,"우성1,2,3차",200869,87.93,82.06,E,84500,295000,0.1331738157033259,1981,1842
송파구,잠실동,1171010100,2001,"우성1,2,3차",215921,88.43,82.56,F,84500,295000,0.1331738157033259,1981,1842
송파구,잠실동,1171010100,2001,"우성1,2,3차",217971,104.6,84.96,B,102000,327500,0.1237277694955072,1981,1842
송파구,잠실동,1171010100,2001,"우성1,2,3차",210260,102.65,96.04,B1,102000,327500,0.1237277694955072,1981,1842
송파구,잠실동,1171010100,2001,"우성1,2,3차",213417,102.75,96.05,B2,102000,327500,0.1237277694955072,1981,1842
송파구,잠실동,1171010100,2001,"우성1,2,3차",51186,104.6,96.65,A,102000,327500,0.1237277694955072,1981,1842
송파구,잠실동,1171010100,2001,"우성1,2,3차",94796,141.57,131.08,,135000,375000,0.10756634324829,1981,1842
송파구,잠실동,1171010100,2001,"우성1,2,3차",128806,144.85,136.34,,137000,382500,0.1081309560743113,1981,1842
송파구,잠실동,1171010100,2001,"우성1,2,3차",153779,173.63,160.74,,150000,434000,0.1120897733508614,1981,1842
송파구,잠실동,1171010100,15617,잠실엘스,15360,84.75,59.96,,88000,290000,0.1266565154721104,2008,5678
송파구,잠실동,1171010100,15617,잠실엘스,63146,111.52,84.8,C,105000,332500,0.1221740849520802,2008,5678
송파구,잠실동,1171010100,15617,잠실엘스,103463,109.29,84.88,A,101000,330000,0.1256911625954764,2008,5678
송파구,잠실동,1171010100,15617,잠실엘스,134503,109.47,84.97,B,105000,330000,0.1213274766108452,2008,5678
송파구,잠실동,1171010100,15617,잠실엘스,157340,149.88,119.93,,148500,425000,0.1108776971985141,2008,5678
송파구,잠실동,1171010100,2000,잠실주공(5단지),153778,112.39,76.49,B,137000,400000,0.1130993840228107,1978,3930
송파구,잠실동,1171010100,2000,잠실주공(5단지),1886,112.39,76.49,A,137000,400000,0.1130993840228107,1978,3930
송파구,잠실동,1171010100,2000,잠실주공(5단지),51185,115.7,81.75,T,139500,407500,0.1131542289092246,1978,3930
송파구,잠실동,1171010100,2000,잠실주공(5단지),128805,119.0,82.51,A,146500,430000,0.1136868279093441,1978,3930
송파구,잠실동,1171010100,2000,잠실주공(5단지),94795,119.0,82.61,B,146500,430000,0.1136868279093441,1978,3930
송파구,잠실동,1171010100,14988,트리지움,14748,84.7,59.88,,86500,282500,0.1256418582930691,2007,3696
송파구,잠실동,1171010100,14988,트리지움,62588,110.54,84.83,,102000,312500,0.118471661641647,2007,3696
송파구,잠실동,1171010100,14988,트리지움,103006,110.84,84.95,A,98000,312500,0.1229551070568211,2007,3696
송파구,잠실동,1171010100,14988,트리지움,134151,110.86,84.97,B,95000,310000,0.1255474512059746,2007,3696
송파구,잠실동,1171010100,14988,트리지움,157077,143.14,114.7,,127000,352500,0.1074791023834211,2007,3696
송파구,잠실동,1171010100,14988,트리지움,173750,180.31,149.45,,150000,404000,0.1041523741412471,2007,3696
송파구,잠실동,1171010100,2003,현대,94798,87.63,71.82,B,57000,169000,0.1148108449198972,1990,336
송파구,잠실동,1171010100,2003,현대,1889,86.91,71.9,A,57000,169000,0.1148108449198972,1990,336
송파구,잠실동,1171010100,2003,현대,128807,102.35,84.67,B,66250,186500,0.1090453247065406,1990,336
송파구,잠실동,1171010100,2003,현대,51188,102.37,84.68,A,66250,186500,0.1090453247065406,1990,336
송파구,장지동,1171010900,28759,송파와이즈더샵,112597,127.08,96.27,A1,79250,217500,0.1062314444017002,2016,390
송파구,장지동,1171010900,28759,송파와이즈더샵,163097,127.24,96.53,G1,79250,217500,0.1062314444017002,2016,390
송파구,장지동,1171010900,28759,송파와이즈더샵,197801,127.58,96.68,A2,79250,217500,0.1062314444017002,2016,390
송파구,장지동,1171010900,28759,송파와이즈더샵,208530,127.78,96.71,E1,79250,217500,0.1062314444017002,2016,390
송파구,장지동,1171010900,28759,송파와이즈더샵,74201,126.95,96.75,C1,79250,217500,0.1062314444017002,2016,390
송파구,장지동,1171010900,28759,송파와이즈더샵,221732,128.52,96.76,E4,79250,217500,0.1062314444017002,2016,390
송파구,장지동,1171010900,28759,송파와이즈더샵,27654,126.68,96.78,B1,79250,217500,0.1062314444017002,2016,390
송파구,장지동,1171010900,28759,송파와이즈더샵,220490,128.44,96.93,D2,79250,217500,0.1062314444017002,2016,390
송파구,장지동,1171010900,28759,송파와이즈더샵,212094,127.8,96.99,G2,79250,217500,0.1062314444017002,2016,390
송파구,장지동,1171010900,28759,송파와이즈더샵,189667,127.55,97.07,F1,79250,217500,0.1062314444017002,2016,390
송파구,장지동,1171010900,28759,송파와이즈더샵,218969,128.22,97.07,E3,79250,217500,0.1062314444017002,2016,390
송파구,장지동,1171010900,28759,송파와이즈더샵,223654,128.62,97.08,D1,79250,217500,0.1062314444017002,2016,390
송파구,장지동,1171010900,28759,송파와이즈더샵,203904,127.66,97.16,F3,79250,217500,0.1062314444017002,2016,390
송파구,장지동,1171010900,28759,송파와이즈더샵,224413,129.01,97.16,E5,79250,217500,0.1062314444017002,2016,390
송파구,장지동,1171010900,28759,송파와이즈더샵,178499,127.47,97.19,C3,79250,217500,0.1062314444017002,2016,390
송파구,장지동,1171010900,28759,송파와이즈더샵,141788,127.21,97.21,B2,79250,217500,0.1062314444017002,2016,390
송파구,장지동,1171010900,28759,송파와이즈더샵,222778,128.62,97.39,E2,79250,217500,0.1062314444017002,2016,390
송파구,장지동,1171010900,28759,송파와이즈더샵,214880,127.82,97.48,C2,79250,217500,0.1062314444017002,2016,390
송파구,장지동,1171010900,28759,송파와이즈더샵,217121,128.16,97.58,F2,79250,217500,0.1062314444017002,2016,390
송파구,장지동,1171010900,28759,송파와이즈더샵,225048,152.51,98.22,H1,76250,227500,0.1155117656866351,2016,390
송파구,장지동,1171010900,28759,송파와이즈더샵,225596,154.56,99.63,H2,76250,227500,0.1155117656866351,2016,390
송파구,장지동,1171010900,15041,송파파인타운10단지,62634,82.14,59.95,A,54500,165000,0.1171429372657217,2007,545
송파구,장지동,1171010900,15041,송파파인타운10단지,103044,82.83,59.96,B,54500,165000,0.1171429372657217,2007,545
송파구,장지동,1171010900,15042,송파파인타운11단지,103045,109.81,84.94,A1,59500,172500,0.1123135131657806,2007,333
송파구,장지동,1171010900,15042,송파파인타운11단지,62635,109.81,84.94,A,59500,172500,0.1123135131657806,2007,333
송파구,장지동,1171010900,23558,송파파인타운12단지,69776,112.41,84.76,B,64000,187500,0.1134792540066509,2011,149
송파구,장지동,1171010900,23558,송파파인타운12단지,109005,113.26,84.9,D,64000,187500,0.1134792540066509,2011,149
송파구,장지동,1171010900,23558,송파파인타운12단지,22672,112.81,84.92,A,64000,187500,0.1134792540066509,2011,149
송파구,장지동,1171010900,23559,송파파인타운13단지,69777,113.95,84.76,B,68000,185000,0.1052646537956452,2011,197
송파구,장지동,1171010900,23559,송파파인타운13단지,109006,114.74,84.85,C,68000,185000,0.1052646537956452,2011,197
송파구,장지동,1171010900,23559,송파파인타운13단지,138949,114.79,84.9,D,68000,185000,0.1052646537956452,2011,197
송파구,장지동,1171010900,23559,송파파인타운13단지,22673,114.35,84.92,A,68000,185000,0.1052646537956452,2011,197
송파구,장지동,1171010900,22402,송파파인타운1단지,108315,106.64,84.94,D,55500,163500,0.1140956470809402,2009,221
송파구,장지동,1171010900,22402,송파파인타운1단지,21617,106.04,84.95,A2,55500,171000,0.1191036513306613,2009,221
송파구,장지동,1171010900,22402,송파파인타운1단지,68868,106.04,84.95,A3,55500,171000,0.1191036513306613,2009,221
송파구,장지동,1171010900,15738,송파파인타운2단지,63253,114.58,84.94,D,58000,169500,0.1132024946370291,2008,374
송파구,장지동,1171010900,15738,송파파인타운2단지,15478,113.98,84.95,A2,58500,169500,0.1122473601381033,2008,374
송파구,장지동,1171010900,15663,송파파인타운3단지,63187,104.77,84.93,T1,59000,177500,0.1164380629905557,2008,625
송파구,장지동,1171010900,15663,송파파인타운3단지,15406,105.0,84.94,A,59500,177500,0.1154963129951875,2008,625
송파구,장지동,1171010900,15663,송파파인타운3단지,103493,105.0,84.98,T2,58000,177500,0.1183481827529173,2008,625
송파구,장지동,1171010900,15449,송파파인타운4단지,134406,109.47,84.94,D,58000,175000,0.1167629712244286,2008,181
송파구,장지동,1171010900,15449,송파파인타운4단지,157263,109.47,84.94,A1,58000,175000,0.1167629712244286,2008,181
송파구,장지동,1171010900,15449,송파파인타운4단지,103346,108.87,84.95,A2,58500,177500,0.1173886332223472,2008,181
송파구,장지동,1171010900,15699,송파파인타운5단지,103518,109.81,84.93,T1,62500,187500,0.1161231740339043,2008,455
송파구,장지동,1171010900,15699,송파파인타운5단지,63218,109.84,84.95,A2,63000,188500,0.1158275512501414,2008,455
송파구,장지동,1171010900,15699,송파파인타운5단지,134547,110.04,84.98,T2,62250,186500,0.1159736698695137,2008,455
송파구,장지동,1171010900,15700,송파파인타운6단지,157370,105.6,84.9,TC,61500,181500,0.1142949219440829,2008,564
송파구,장지동,1171010900,15700,송파파인타운6단지,173963,105.95,84.93,TD,59000,177500,0.1164380629905557,2008,564
송파구,장지동,1171010900,15700,송파파인타운6단지,103519,105.23,84.93,T1,60500,177500,0.1136386579473542,2008,564
송파구,장지동,1171010900,15700,송파파인타운6단지,63219,105.46,84.94,A,61500,181500,0.1142949219440829,2008,564
송파구,장지동,1171010900,15700,송파파인타운6단지,134548,105.46,84.98,T2,59500,177500,0.1154963129951875,2008,564
송파구,장지동,1171010900,15308,송파파인타운7단지,62880,114.83,84.9,TC,62500,182500,0.113110514515788,2008,537
송파구,장지동,1171010900,15308,송파파인타운7단지,103241,115.19,84.93,TD,61500,182000,0.1146015103655377,2008,537
송파구,장지동,1171010900,15308,송파파인타운7단지,15059,114.7,84.94,A,62500,182500,0.113110514515788,2008,537
송파구,장지동,1171010900,15813,송파파인타운8단지,15550,83.44,59.97,T1,54500,167500,0.1188241468890345,2008,700
송파구,장지동,1171010900,15813,송파파인타운8단지,63321,83.77,59.97,T2,54500,167500,0.1188241468890345,2008,700
송파구,장지동,1171010900,15309,송파파인타운9단지,103242,85.2,59.93,TB1,54500,167500,0.1188241468890345,2008,796
송파구,장지동,1171010900,15309,송파파인타운9단지,15060,84.03,59.95,A,54500,167500,0.1188241468890345,2008,796
송파구,장지동,1171010900,15309,송파파인타운9단지,62881,83.75,59.99,TA1,54500,167500,0.1188241468890345,2008,796
송파구,장지동,1171010900,28686,위례2차아이파크,74141,118.8,90.05,A,76000,217500,0.1108733980613492,2016,495
송파구,장지동,1171010900,28686,위례2차아이파크,112548,118.88,90.29,B,76000,217500,0.1108733980613492,2016,495
송파구,장지동,1171010900,28686,위례2차아이파크,27581,118.58,90.88,C,76000,217500,0.1108733980613492,2016,495
송파구,장지동,1171010900,28686,위례2차아이파크,163068,141.45,108.13,B,87500,227500,0.100265093106018,2016,495
송파구,장지동,1171010900,28686,위례2차아이파크,141746,141.35,108.13,A,87500,227500,0.100265093106018,2016,495
송파구,장지동,1171010900,28686,위례2차아이파크,178474,149.54,115.64,A,92500,240000,0.1000361334792943,2016,495
송파구,장지동,1171010900,26826,위례신도시송파푸르지오,218880,139.66,106.08,E2,95000,215000,0.0851043024394562,2015,549
송파구,장지동,1171010900,26826,위례신도시송파푸르지오,111239,138.04,106.84,A3,95000,215000,0.0851043024394562,2015,549
송파구,장지동,1171010900,26826,위례신도시송파푸르지오,217017,140.31,106.96,E1,95000,215000,0.0851043024394562,2015,549
송파구,장지동,1171010900,26826,위례신도시송파푸르지오,214750,140.69,107.63,D3,96000,215000,0.0839686518762905,2015,549
송파구,장지동,1171010900,26826,위례신도시송파푸르지오,72515,139.57,108.11,A2,95000,215000,0.0851043024394562,2015,549
송파구,장지동,1171010900,26826,위례신도시송파푸르지오,25742,139.77,108.28,A1,95000,215000,0.0851043024394562,2015,549
송파구,장지동,1171010900,26826,위례신도시송파푸르지오,208317,141.84,108.59,D1,96000,215000,0.0839686518762905,2015,549
송파구,장지동,1171010900,26826,위례신도시송파푸르지오,211930,142.11,108.81,D2,96000,215000,0.0839686518762905,2015,549
송파구,장지동,1171010900,26826,위례신도시송파푸르지오,189193,143.99,110.15,B3,98500,220000,0.0836739783678088,2015,549
송파구,장지동,1171010900,26826,위례신도시송파푸르지오,177878,145.53,111.43,B2,98500,220000,0.0836739783678088,2015,549
송파구,장지동,1171010900,26826,위례신도시송파푸르지오,162303,145.73,111.6,B1,98500,220000,0.0836739783678088,2015,549
송파구,장지동,1171010900,26826,위례신도시송파푸르지오,203630,145.37,111.97,C2,98500,220000,0.0836739783678088,2015,549
송파구,장지동,1171010900,26826,위례신도시송파푸르지오,197438,145.54,112.11,C1,98500,220000,0.0836739783678088,2015,549
송파구,장지동,1171010900,26826,위례신도시송파푸르지오,140723,146.65,112.94,A2T,98500,220000,0.0836739783678088,2015,549
송파구,장지동,1171010900,28489,위례아이파크,112408,115.82,87.68,B,71250,207500,0.1128159024986812,2015,400
송파구,장지동,1171010900,28489,위례아이파크,141637,116.09,87.76,D,71000,207500,0.1132071195972788,2015,400
송파구,장지동,1171010900,28489,위례아이파크,73970,115.35,87.83,C,71000,207500,0.1132071195972788,2015,400
송파구,장지동,1171010900,28489,위례아이파크,27385,115.07,87.88,A,73250,207500,0.109739506747837,2015,400
송파구,장지동,1171010900,28489,위례아이파크,162987,116.55,87.96,E,72000,207500,0.1116512494754362,2015,400
송파구,장지동,1171010900,28489,위례아이파크,178411,131.33,100.78,A,81000,225000,0.10756634324829,2015,400
송파구,장지동,1171010900,28489,위례아이파크,189603,132.66,100.85,B,81000,225000,0.10756634324829,2015,400
송파구,장지동,1171010900,28489,위례아이파크,197749,142.28,108.8,A,85250,232500,0.1055359178042305,2015,400
송파구,장지동,1171010900,28489,위례아이파크,208500,151.09,114.83,B,88500,240000,0.1049097275778006,2015,400
송파구,장지동,1171010900,28489,위례아이파크,203868,150.06,114.95,A,91000,240000,0.1018360687031278,2015,400
송파구,장지동,1171010900,28832,힐스테이트송파위례,163131,130.59,101.38,F,85000,210000,0.0946619864300426,2016,490
송파구,장지동,1171010900,28832,힐스테이트송파위례,178528,130.59,101.38,G,85000,210000,0.0946619864300426,2016,490
송파구,장지동,1171010900,28832,힐스테이트송파위례,27727,130.32,101.68,H,85000,210000,0.0946619864300426,2016,490
송파구,장지동,1171010900,28832,힐스테이트송파위례,74268,130.32,101.68,K,85000,210000,0.0946619864300426,2016,490
송파구,장지동,1171010900,28832,힐스테이트송파위례,112654,130.32,101.68,J,85000,210000,0.0946619864300426,2016,490
송파구,장지동,1171010900,28832,힐스테이트송파위례,141833,130.32,101.68,I,85000,210000,0.0946619864300426,2016,490
송파구,장지동,1171010900,28832,힐스테이트송파위례,189687,130.61,101.8,A,85000,210000,0.0946619864300426,2016,490
송파구,장지동,1171010900,28832,힐스테이트송파위례,203918,130.61,101.8,D,85000,210000,0.0946619864300426,2016,490
송파구,장지동,1171010900,28832,힐스테이트송파위례,208541,130.61,101.8,E,85000,210000,0.0946619864300426,2016,490
송파구,장지동,1171010900,28832,힐스테이트송파위례,197818,130.61,101.8,B,85000,210000,0.0946619864300426,2016,490
송파구,장지동,1171010900,28832,힐스테이트송파위례,212101,130.79,101.95,C,85000,210000,0.0946619864300426,2016,490
송파구,장지동,1171010900,28832,힐스테이트송파위례,214886,144.9,112.89,,88000,217500,0.0947064045355547,2016,490
송파구,풍납동,1171010300,1874,갑을,184489,78.18,59.4,A,31500,85000,0.1043604300480764,1996,85
송파구,풍납동,1171010300,1874,갑을,1764,78.61,59.73,B,31500,85000,0.1043604300480764,1996,85
송파구,풍납동,1171010300,1874,갑을,51069,91.11,69.22,,36500,88500,0.0926096719161719,1996,85
송파구,풍납동,1171010300,1874,갑을,94716,105.89,84.42,A,41500,95000,0.0863444522824798,1996,85
송파구,풍납동,1171010300,1874,갑을,193838,106.5,84.9,B,41500,95000,0.0863444522824798,1996,85
송파구,풍납동,1171010300,1868,극동,94711,82.43,58.11,B,39000,137500,0.1342892315908959,1987,415
송파구,풍납동,1171010300,1868,극동,1758,81.74,59.97,A,39000,137500,0.1342892315908959,1987,415
송파구,풍납동,1171010300,1868,극동,51063,96.95,79.94,,49000,166000,0.1297730242180177,1987,415
송파구,풍납동,1171010300,1881,대동,1771,84.79,59.96,,32500,79500,0.0935745049869776,1999,93
송파구,풍납동,1171010300,1881,대동,51076,96.24,68.06,,36250,82500,0.0857118895096977,1999,93
송파구,풍납동,1171010300,1881,대동,94721,106.69,75.44,,38500,88000,0.0861809815646652,1999,93
송파구,풍납동,1171010300,1875,대아,1765,80.07,60.0,,32000,83500,0.1006611810411906,1998,140
송파구,풍납동,1171010300,1875,대아,94717,113.44,84.99,,41500,93500,0.0846168607597201,1998,140
송파구,풍납동,1171010300,1875,대아,128739,133.43,99.98,,43250,98500,0.0857879357332358,1998,140
송파구,풍납동,1171010300,1875,대아,153737,152.4,114.18,,48500,102500,0.0777008184518741,1998,140
송파구,풍납동,1171010300,1869,동아한가람,51064,74.45,59.9,G,38000,112500,0.1146458221907928,1994,782
송파구,풍납동,1171010300,1869,동아한가람,1759,74.56,59.98,F,39750,113000,0.1101307462046745,1994,782
송파구,풍납동,1171010300,1869,동아한가람,94712,104.94,84.38,A,51500,149000,0.1120847976801351,1994,782
송파구,풍납동,1171010300,1869,동아한가람,153734,105.82,84.93,C,47750,137000,0.1111551900213181,1994,782
송파구,풍납동,1171010300,1869,동아한가람,128736,105.58,84.98,B,50250,143500,0.1106355830841745,1994,782
송파구,풍납동,1171010300,1870,미성맨션,1760,86.93,63.39,,36000,117500,0.125572662541209,1985,275
송파구,풍납동,1171010300,1870,미성맨션,51065,119.65,98.32,,44250,135000,0.1180006327496545,1985,275
송파구,풍납동,1171010300,1870,미성맨션,1215024,139.9,116.96,A,53500,162000,0.1171619187019743,1985,275
송파구,풍납동,1171010300,1870,미성맨션,94713,139.91,116.97,B,53500,162000,0.1171619187019743,1985,275
송파구,풍납동,1171010300,15888,송파해모로,186199,106.73,84.9,A,56500,119000,0.0773327230297471,2006,114
송파구,풍납동,1171010300,15888,송파해모로,195059,106.36,84.95,B,56500,119000,0.0773327230297471,2006,114
송파구,풍납동,1171010300,15888,송파해모로,63392,105.97,84.96,C,56500,119000,0.0773327230297471,2006,114
송파구,풍납동,1171010300,15888,송파해모로,103667,146.93,118.44,,68500,137500,0.0721639798021787,2006,114
송파구,풍납동,1171010300,13925,송파현대힐스테이트,13701,79.39,59.98,,48000,95000,0.0706517637893808,2006,166
송파구,풍납동,1171010300,13925,송파현대힐스테이트,61648,105.84,84.99,,57000,132500,0.0880130444642559,2006,166
송파구,풍납동,1171010300,13925,송파현대힐스테이트,102266,122.37,101.23,,62500,137500,0.0820373898183428,2006,166
송파구,풍납동,1171010300,13925,송파현대힐스테이트,156698,148.8,124.19,B,71000,150000,0.0776637910574316,2006,166
송파구,풍납동,1171010300,13925,송파현대힐스테이트,133588,148.81,125.64,A,70000,150000,0.0791935024728682,2006,166
송파구,풍납동,1171010300,1871,신동아,1761,80.76,59.36,,32000,75000,0.0889078495858388,1993,135
송파구,풍납동,1171010300,1871,신동아,51066,101.24,84.63,,41500,100000,0.0919309862001631,1993,135
송파구,풍납동,1171010300,1866,신성노바빌,1756,83.73,59.78,,39000,117000,0.1161231740339043,2000,236
송파구,풍납동,1171010300,1866,신성노바빌,51062,109.36,84.96,,52000,141500,0.1052876301213057,2000,236
송파구,풍납동,1171010300,1866,신성노바빌,94710,142.0,114.6,,66500,150000,0.0847432625813136,2000,236
송파구,풍납동,1171010300,1872,쌍용,94714,106.15,84.79,C,55000,163500,0.1151043416740589,1994,417
송파구,풍납동,1171010300,1872,쌍용,1762,106.22,84.85,A,55000,163500,0.1151043416740589,1994,417
송파구,풍납동,1171010300,1872,쌍용,51067,106.24,84.86,B,55000,163500,0.1151043416740589,1994,417
송파구,풍납동,1171010300,1864,씨티극동,1754,77.45,59.69,B,39000,120000,0.1189525334021361,1998,442
송파구,풍납동,1171010300,1864,씨티극동,51060,80.29,59.95,A,39000,120000,0.1189525334021361,1998,442
송파구,풍납동,1171010300,1864,씨티극동,94708,101.04,80.15,,48500,140000,0.1118306182032509,1998,442
송파구,풍납동,1171010300,1864,씨티극동,128735,105.25,83.5,A,50000,145000,0.1123457499326046,1998,442
송파구,풍납동,1171010300,1864,씨티극동,153733,109.28,84.22,B,50000,145000,0.1123457499326046,1998,442
송파구,풍납동,1171010300,1864,씨티극동,221050,109.55,84.43,,50000,145000,0.1123457499326046,1998,442
송파구,풍납동,1171010300,1864,씨티극동,184488,144.33,114.5,A,65000,172500,0.1025227870568661,1998,442
송파구,풍납동,1171010300,1864,씨티극동,222195,144.5,114.63,B,65000,172500,0.1025227870568661,1998,442
송파구,풍납동,1171010300,1865,한강극동,1755,79.85,59.26,,39500,150000,0.1427452278736238,1995,895
송파구,풍납동,1171010300,1865,한강극동,51061,106.39,84.76,,52000,165000,0.1224010390351202,1995,895
송파구,풍납동,1171010300,1865,한강극동,94709,138.86,114.76,,62500,190000,0.1176024839595073,1995,895
송파구,풍납동,1171010300,1867,현대(강변),1757,98.07,83.19,,41000,107500,0.1011905118814642,1991,104
송파구,풍납동,1171010300,1876,현대(토성),1766,65.83,49.14,,27250,75000,0.1065460078253486,1986,132
송파구,풍납동,1171010300,1876,현대(토성),51071,76.68,57.24,,31000,80000,0.0994432804638472,1986,132
송파구,풍납동,1171010300,1873,현대(풍납),1763,88.59,71.17,,49500,149000,0.1164984049011395,1995,708
송파구,풍납동,1171010300,1873,현대(풍납),51068,101.17,83.02,N,56250,177500,0.1217797165709337,1995,708
송파구,풍납동,1171010300,1873,현대(풍납),94715,102.85,84.0,S,56250,178500,0.1224101086127085,1995,708
송파구,풍납동,1171010300,1877,현대리버빌(1지구),1767,58.83,43.2,,32250,109000,0.1295089535512821,1999,557
송파구,풍납동,1171010300,1877,현대리버빌(1지구),51072,65.61,47.4,,34000,113000,0.1276126846149123,1999,557
송파구,풍납동,1171010300,1877,현대리버빌(1지구),94718,80.47,58.13,,43250,125000,0.1119682579282721,1999,557
송파구,풍납동,1171010300,1877,현대리버빌(1지구),128740,83.04,59.96,,45000,135000,0.1161231740339043,1999,557
송파구,풍납동,1171010300,1877,현대리버빌(1지구),153738,104.11,84.93,,56000,157500,0.1089430746998159,1999,557
송파구,풍납동,1171010300,1877,현대리버빌(1지구),171532,107.97,84.95,,57500,162500,0.1094776349312274,1999,557
송파구,풍납동,1171010300,1877,현대리버빌(1지구),184490,140.4,114.56,,70000,170000,0.0927859135334685,1999,557
송파구,풍납동,1171010300,1877,현대리버빌(1지구),193839,187.66,153.08,,77500,175000,0.0848598452419557,1999,557
송파구,풍납동,1171010300,1877,현대리버빌(1지구),200861,204.81,167.08,,81000,180000,0.0831254203977676,1999,557
송파구,풍납동,1171010300,1877,현대리버빌(1지구),206174,221.25,184.96,,85000,187500,0.0823263571107437,1999,557
송파구,풍납동,1171010300,1877,현대리버빌(1지구),210255,223.83,187.12,,85000,187500,0.0823263571107437,1999,557
송파구,풍납동,1171010300,1878,현대리버빌(2지구),1768,60.18,40.95,,27500,75500,0.1062707399683453,1999,384
송파구,풍납동,1171010300,1878,현대리버빌(2지구),51073,87.29,59.4,,42250,109500,0.0999140270749905,1999,384
송파구,풍납동,1171010300,1878,현대리버빌(2지구),94719,103.4,78.78,,45000,124000,0.1066770841266886,1999,384
송파구,풍납동,1171010300,1878,현대리버빌(2지구),128741,108.53,84.97,,53250,142500,0.1034420377540903,1999,384
송파구,풍납동,1171010300,1878,현대리버빌(2지구),153739,141.74,114.88,,64500,150000,0.0880607758495348,1999,384
