start_year,strategy,date,actual_withdrawal_krw,tax_paid_krw,ending_balance_krw
2002,세전 기준,2001-12-31,0.0,0.0,400000000.0
2002,세전 기준,2002-01-31,4000000.0,0.0,395679940.4619381
2002,세전 기준,2002-02-28,4000000.0,0.0,383947076.46404994
2002,세전 기준,2002-03-31,4000000.0,0.0,386308823.68166125
2002,세전 기준,2002-04-30,4000000.0,0.0,363714646.0386509
2002,세전 기준,2002-05-31,4000000.0,0.0,343917912.0531225
2002,세전 기준,2002-06-30,4000000.0,0.0,316748354.99531925
2002,세전 기준,2002-07-31,4000000.0,0.0,294837086.38566095
2002,세전 기준,2002-08-31,4000000.0,0.0,290958474.58746517
2002,세전 기준,2002-09-30,4000000.0,0.0,264888344.7477038
2002,세전 기준,2002-10-31,4000000.0,0.0,303346736.53322
2002,세전 기준,2002-11-30,4000000.0,0.0,331436353.50000274
2002,세전 기준,2002-12-31,4000000.0,0.0,284367642.7265451
2002,세전 기준,2003-01-31,4000000.0,0.0,276063899.1497849
2002,세전 기준,2003-02-28,4000000.0,0.0,287198138.5878917
2002,세전 기준,2003-03-31,4000000.0,0.0,298302157.98462725
2002,세전 기준,2003-04-30,4000000.0,0.0,310838658.24121714
2002,세전 기준,2003-05-31,4000000.0,0.0,331809991.04662
2002,세전 기준,2003-06-30,4000000.0,0.0,325732491.5280304
2002,세전 기준,2003-07-31,4000000.0,0.0,337515056.46480024
2002,세전 기준,2003-08-31,4000000.0,0.0,348590406.4981755
2002,세전 기준,2003-09-30,4000000.0,0.0,327319965.82974803
2002,세전 기준,2003-10-31,4000000.0,0.0,361623139.7397314
2002,세전 기준,2003-11-30,4000000.0,0.0,365238587.6451911
2002,세전 기준,2003-12-31,4000000.0,0.0,369371312.1463983
2002,세전 기준,2004-01-31,4000000.0,0.0,365879809.29034626
2002,세전 기준,2004-02-29,4000000.0,0.0,358482179.5752739
2002,세전 기준,2004-03-31,4000000.0,0.0,337701246.91287947
2002,세전 기준,2004-04-30,4000000.0,0.0,331304765.92318475
2002,세전 기준,2004-05-31,4000000.0,0.0,341713239.9221102
2002,세전 기준,2004-06-30,4000000.0,0.0,346113233.7467859
2002,세전 기준,2004-07-31,4000000.0,0.0,319850991.36951005
2002,세전 기준,2004-08-31,4000000.0,0.0,303077156.3574605
2002,세전 기준,2004-09-30,4000000.0,0.0,309055131.13246226
2002,세전 기준,2004-10-31,4000000.0,0.0,311519317.1748518
2002,세전 기준,2004-11-30,4000000.0,0.0,305030121.18180203
2002,세전 기준,2004-12-31,4000000.0,0.0,306381057.30527496
2002,세전 기준,2005-01-31,4000000.0,0.0,280752493.17249686
2002,세전 기준,2005-02-28,4000000.0,0.0,268326958.7199598
2002,세전 기준,2005-03-31,4000000.0,0.0,263473572.59564647
2002,세전 기준,2005-04-30,4000000.0,0.0,243451449.64504698
2002,세전 기준,2005-05-31,4000000.0,0.0,263153257.2185939
2002,세전 기준,2005-06-30,4000000.0,0.0,257872152.28001198
2002,세전 기준,2005-07-31,4000000.0,0.0,271357633.8647757
2002,세전 기준,2005-08-31,4000000.0,0.0,266498219.68373084
2002,세전 기준,2005-09-30,4000000.0,0.0,266662629.06880832
2002,세전 기준,2005-10-31,4000000.0,0.0,258952702.50324762
2002,세전 기준,2005-11-30,4000000.0,0.0,269135607.35462713
2002,세전 기준,2005-12-31,4000000.0,0.0,253372903.93936077
2002,세전 기준,2006-01-31,4000000.0,0.0,246018746.82776883
2002,세전 기준,2006-02-28,4000000.0,0.0,239759822.30002034
2002,세전 기준,2006-03-31,4000000.0,0.0,240899336.8585964
2002,세전 기준,2006-04-30,4000000.0,0.0,229360646.78154796
2002,세전 기준,2006-05-31,4000000.0,0.0,209318647.6993883
2002,세전 기준,2006-06-30,4000000.0,0.0,205898005.69222096
2002,세전 기준,2006-07-31,4000000.0,0.0,194358481.0144095
2002,세전 기준,2006-08-31,4000000.0,0.0,200953225.82636154
2002,세전 기준,2006-09-30,4000000.0,0.0,202972941.6915019
2002,세전 기준,2006-10-31,4000000.0,0.0,207755659.53849667
2002,세전 기준,2006-11-30,4000000.0,0.0,207868791.84075782
2002,세전 기준,2006-12-31,4000000.0,0.0,200183079.6034519
2002,세전 기준,2007-01-31,4000000.0,0.0,202821506.76959172
2002,세전 기준,2007-02-28,4000000.0,0.0,195691282.22635475
2002,세전 기준,2007-03-31,4000000.0,0.0,192467861.5538881
2002,세전 기준,2007-04-30,4000000.0,0.0,197031268.057455
2002,세전 기준,2007-05-31,4000000.0,0.0,198461524.20795828
2002,세전 기준,2007-06-30,4000000.0,0.0,194380454.10358566
2002,세전 기준,2007-07-31,4000000.0,0.0,189337234.05162632
2002,세전 기준,2007-08-31,4000000.0,0.0,194721259.02966318
2002,세전 기준,2007-09-30,4000000.0,0.0,195595773.77989608
2002,세전 기준,2007-10-31,4000000.0,0.0,202985139.34628898
2002,세전 기준,2007-11-30,4000000.0,0.0,188972434.44579378
2002,세전 기준,2007-12-31,4000000.0,0.0,187893004.63577074
2002,세전 기준,2008-01-31,4000000.0,0.0,162897224.93692234
2002,세전 기준,2008-02-29,4000000.0,0.0,150929929.93220815
2002,세전 기준,2008-03-31,4000000.0,0.0,157225019.0765784
2002,세전 기준,2008-04-30,4000000.0,0.0,168592184.3065918
2002,세전 기준,2008-05-31,4000000.0,0.0,178767339.5407219
2002,세전 기준,2008-06-30,4000000.0,0.0,160453732.1535212
2002,세전 기준,2008-07-31,4000000.0,0.0,152038316.91850704
2002,세전 기준,2008-08-31,4000000.0,0.0,162063827.8463098
2002,세전 기준,2008-09-30,4000000.0,0.0,147557714.83028477
2002,세전 기준,2008-10-31,4000000.0,0.0,128090040.22378515
2002,세전 기준,2008-11-30,4000000.0,0.0,126319101.02555111
2002,세전 기준,2008-12-31,4000000.0,0.0,107066220.04310183
2002,세전 기준,2009-01-31,4000000.0,0.0,110400183.98758762
2002,세전 기준,2009-02-28,4000000.0,0.0,112168094.98521957
2002,세전 기준,2009-03-31,4000000.0,0.0,106783051.78529166
2002,세전 기준,2009-04-30,4000000.0,0.0,108345515.37684213
2002,세전 기준,2009-05-31,4000000.0,0.0,105370368.89520414
2002,세전 기준,2009-06-30,4000000.0,0.0,106609840.86945218
2002,세전 기준,2009-07-31,4000000.0,0.0,106949336.67970403
2002,세전 기준,2009-08-31,4000000.0,0.0,106812543.80376485
2002,세전 기준,2009-09-30,4000000.0,0.0,102244570.50654753
2002,세전 기준,2009-10-31,4000000.0,0.0,95713358.51217492
2002,세전 기준,2009-11-30,4000000.0,0.0,96273296.60814472
2002,세전 기준,2009-12-31,4000000.0,0.0,97216951.75854339
2002,세전 기준,2010-01-31,4000000.0,0.0,86540254.62831995
2002,세전 기준,2010-02-28,4000000.0,0.0,86547928.19645752
2002,세전 기준,2010-03-31,4000000.0,0.0,86985494.3331319
2002,세전 기준,2010-04-30,4000000.0,0.0,83112166.94905114
2002,세전 기준,2010-05-31,4000000.0,0.0,78977066.2191537
2002,세전 기준,2010-06-30,4000000.0,0.0,71895687.1993164
2002,세전 기준,2010-07-31,4000000.0,0.0,70660098.02548407
2002,세전 기준,2010-08-31,4000000.0,0.0,63942742.39828595
2002,세전 기준,2010-09-30,4000000.0,0.0,64868341.90541086
2002,세전 기준,2010-10-31,4000000.0,0.0,64005524.52268199
2002,세전 기준,2010-11-30,4000000.0,0.0,61782402.00534001
2002,세전 기준,2010-12-31,4000000.0,0.0,59233759.86950917
2002,세전 기준,2011-01-31,4000000.0,0.0,56289212.66571926
2002,세전 기준,2011-02-28,4000000.0,0.0,54307040.82613339
2002,세전 기준,2011-03-31,4000000.0,0.0,48791027.459585056
2002,세전 기준,2011-04-30,4000000.0,0.0,44873125.963813424
2002,세전 기준,2011-05-31,4000000.0,0.0,40724533.672898695
2002,세전 기준,2011-06-30,4000000.0,0.0,35466621.37321965
2002,세전 기준,2011-07-31,4000000.0,0.0,31641282.411182057
2002,세전 기준,2011-08-31,4000000.0,0.0,26319533.292730976
2002,세전 기준,2011-09-30,4000000.0,0.0,23902020.94569112
2002,세전 기준,2011-10-31,4000000.0,0.0,20849781.863333266
2002,세전 기준,2011-11-30,4000000.0,0.0,16799353.159362063
2002,세전 기준,2011-12-31,4000000.0,0.0,12966368.462623302
2002,미국계좌,2001-12-31,0.0,0.0,400000000.0
2002,미국계좌,2002-01-31,4000000.0,0.0,395679940.4619381
2002,미국계좌,2002-02-28,4000000.0,0.0,383947076.46404994
2002,미국계좌,2002-03-31,4000000.0,0.0,386308823.68166125
2002,미국계좌,2002-04-30,4000000.0,0.0,363714646.0386509
2002,미국계좌,2002-05-31,4000000.0,0.0,343917912.0531225
2002,미국계좌,2002-06-30,4000000.0,0.0,316748354.99531925
2002,미국계좌,2002-07-31,4000000.0,0.0,294837086.38566095
2002,미국계좌,2002-08-31,4000000.0,0.0,290958474.58746517
2002,미국계좌,2002-09-30,4000000.0,0.0,264888344.7477038
2002,미국계좌,2002-10-31,4000000.0,0.0,303346736.53322
2002,미국계좌,2002-11-30,4000000.0,0.0,331436353.50000274
2002,미국계좌,2002-12-31,4000000.0,0.0,284367642.7265451
2002,미국계좌,2003-01-31,4000000.0,0.0,276063899.1497849
2002,미국계좌,2003-02-28,4000000.0,0.0,287198138.5878917
2002,미국계좌,2003-03-31,4000000.0,0.0,298302157.98462725
2002,미국계좌,2003-04-30,4000000.0,0.0,310838658.24121714
2002,미국계좌,2003-05-31,4000000.0,0.0,331809991.04662
2002,미국계좌,2003-06-30,4000000.0,0.0,325732491.5280304
2002,미국계좌,2003-07-31,4000000.0,0.0,337515056.46480024
2002,미국계좌,2003-08-31,4000000.0,0.0,348590406.4981755
2002,미국계좌,2003-09-30,4000000.0,0.0,327319965.82974803
2002,미국계좌,2003-10-31,4000000.0,0.0,361623139.7397314
2002,미국계좌,2003-11-30,4000000.0,0.0,365238587.6451911
2002,미국계좌,2003-12-31,4000000.0,0.0,369371312.1463983
2002,미국계좌,2004-01-31,4000000.0,0.0,365879809.29034626
2002,미국계좌,2004-02-29,4000000.0,0.0,358482179.5752739
2002,미국계좌,2004-03-31,4000000.0,0.0,337701246.91287947
2002,미국계좌,2004-04-30,4000000.0,0.0,331304765.92318475
2002,미국계좌,2004-05-31,4000000.0,0.0,341713239.9221102
2002,미국계좌,2004-06-30,4000000.0,0.0,346113233.7467859
2002,미국계좌,2004-07-31,4000000.0,0.0,319850991.36951005
2002,미국계좌,2004-08-31,4000000.0,0.0,303077156.3574605
2002,미국계좌,2004-09-30,4000000.0,0.0,309055131.13246226
2002,미국계좌,2004-10-31,4000000.0,107915.73707078182,311411401.4377809
2002,미국계좌,2004-11-30,4000000.0,112203.93603151434,304810863.80970484
2002,미국계좌,2004-12-31,4000000.0,126297.60071996851,306031656.04938203
2002,미국계좌,2005-01-31,4000000.0,0.0,280427757.43456256
2002,미국계좌,2005-02-28,4000000.0,0.0,268011968.47748658
2002,미국계좌,2005-03-31,4000000.0,0.0,263159584.1470426
2002,미국계좌,2005-04-30,4000000.0,0.0,243156555.18556336
2002,미국계좌,2005-05-31,4000000.0,0.0,262829652.5922849
2002,미국계좌,2005-06-30,4000000.0,0.0,257550123.05310825
2002,미국계좌,2005-07-31,4000000.0,0.0,271013768.87132263
2002,미국계좌,2005-08-31,4000000.0,0.0,266155443.74182764
2002,미국계좌,2005-09-30,4000000.0,0.0,266314496.77086213
2002,미국계좌,2005-10-31,4000000.0,0.0,258609413.57336167
2002,미국계좌,2005-11-30,4000000.0,0.0,268773516.4034375
2002,미국계좌,2005-12-31,4000000.0,0.0,253026638.35037443
2002,미국계좌,2006-01-31,4000000.0,0.0,245677065.11168185
2002,미국계좌,2006-02-28,4000000.0,0.0,239421277.8782213
2002,미국계좌,2006-03-31,4000000.0,0.0,240553535.36608443
2002,미국계좌,2006-04-30,4000000.0,0.0,229025666.78117546
2002,미국계좌,2006-05-31,4000000.0,0.0,209007096.95304838
2002,미국계좌,2006-06-30,4000000.0,0.0,205585592.62703344
2002,미국계좌,2006-07-31,4000000.0,0.0,194057507.81726116
2002,미국계좌,2006-08-31,4000000.0,0.0,200635846.17140192
2002,미국계좌,2006-09-30,4000000.0,0.0,202646054.6731428
2002,미국계좌,2006-10-31,4000000.0,0.0,207414627.9921716
2002,미국계좌,2006-11-30,4000000.0,0.0,207521008.57526222
2002,미국계좌,2006-12-31,4000000.0,0.0,199841462.867459
2002,미국계좌,2007-01-31,4000000.0,0.0,202468561.41469097
2002,미국계좌,2007-02-28,4000000.0,0.0,195343784.0167293
2002,미국계좌,2007-03-31,4000000.0,0.0,192118984.3358425
2002,미국계좌,2007-04-30,4000000.0,0.0,196666868.36509165
2002,미국계좌,2007-05-31,4000000.0,0.0,198087081.52246895
2002,미국계좌,2007-06-30,4000000.0,0.0,194006164.37523857
2002,미국계좌,2007-07-31,4000000.0,0.0,188964953.09803832
2002,미국계좌,2007-08-31,4000000.0000000005,99172.33928698157,194231354.5653384
2002,미국계좌,2007-09-30,4000000.0000000005,225897.57889571015,194867707.8136224
2002,미국계좌,2007-10-31,4000000.0,267211.2427552304,201947467.51243716
2002,미국계좌,2007-11-30,4000000.0,230358.65336899378,187755589.4881609
2002,미국계좌,2007-12-31,4000000.0,241661.3270122187,186415692.00447774
2002,미국계좌,2008-01-31,4000000.0,0.0,161584992.0573374
2002,미국계좌,2008-02-29,4000000.0,0.0,149681878.29616857
2002,미국계좌,2008-03-31,4000000.0,0.0,155891836.52677256
2002,미국계좌,2008-04-30,4000000.0,0.0,167128696.56334433
2002,미국계좌,2008-05-31,4000000.0,0.0,177180802.4044726
2002,미국계좌,2008-06-30,4000000.0,27314.70627791187,158966911.73480904
2002,미국계좌,2008-07-31,4000000.0,211921.9721485347,150380489.3099976
2002,미국계좌,2008-08-31,4000000.0000000005,276456.4822970821,159976609.41822025
2002,미국계좌,2008-09-30,4000000.0000000005,227779.63683894437,145378024.89046997
2002,미국계좌,2008-10-31,4000000.0,142604.88811870018,125996230.46537778
2002,미국계좌,2008-11-30,4000000.0,156268.10006738885,124032586.06977616
2002,미국계좌,2008-12-31,4000000.0,50832.585014572534,105004966.4596147
2002,미국계좌,2009-01-31,4000000.0,0.0,108197735.92225878
2002,미국계좌,2009-02-28,4000000.0,0.0,109850578.9557001
2002,미국계좌,2009-03-31,4000000.0,0.0,104494152.26938803
2002,미국계좌,2009-04-30,4000000.0,0.0,105937384.20376942
2002,미국계좌,2009-05-31,4000000.0,0.0,102939458.91401169
2002,미국계좌,2009-06-30,4000000.0,0.0,104058055.49556707
2002,미국계좌,2009-07-31,4000000.0,74179.74892875008,104219502.51583049
2002,미국계좌,2009-08-31,4000000.0,276222.17489287606,103707880.82453871
2002,미국계좌,2009-09-30,4000000.0000000005,272427.6150773525,98883988.88774693
2002,미국계좌,2009-10-31,4000000.0000000005,254405.34378583505,92181567.60058106
2002,미국계좌,2009-11-30,4000000.0,287628.2270115587,92285617.27916338
2002,미국계좌,2009-12-31,3999999.9999999995,322231.3251090399,92702272.88577348
2002,미국계좌,2010-01-31,4000000.0,0.0,82335636.32552727
2002,미국계좌,2010-02-28,4000000.0,0.0,82148594.29329388
2002,미국계좌,2010-03-31,4000000.0,0.0,82360593.67684749
2002,미국계좌,2010-04-30,3999999.9999999995,68599.23348234901,78411932.04824619
2002,미국계좌,2010-05-31,4000000.0000000005,338366.8192283711,73946104.83854477
2002,미국계좌,2010-06-30,4000000.0,311406.8225840975,66749607.60989388
2002,미국계좌,2010-07-31,4000000.0,336983.9213745808,64979166.204590976
2002,미국계좌,2010-08-31,4000000.0000000005,310385.73200607166,58169894.85155158
2002,미국계좌,2010-09-30,4000000.0000000005,360117.01145251706,58290686.76992924
2002,미국계좌,2010-10-31,3999999.9999999995,390452.4684989066,56719306.34662107
2002,미국계좌,2010-11-30,3999999.9999999995,407579.9437960735,53886328.89270191
2002,미국계좌,2010-12-31,4000000.0,421841.6912615271,50730354.9027782
2002,미국계좌,2011-01-31,4000000.0,0.0,47634290.34521546
2002,미국계좌,2011-02-28,4000000.0,0.0,45341861.08404825
2002,미국계좌,2011-03-31,4000000.0,101252.92811303178,39974863.1176875
2002,미국계좌,2011-04-30,4000000.0000000005,437678.28364440677,35604448.768409185
2002,미국계좌,2011-05-31,4000000.0,435693.8928516674,31050854.762837037
2002,미국계좌,2011-06-30,3999999.9999999995,416684.0650060245,25675062.057436354
2002,미국계좌,2011-07-31,4000000.0000000005,419689.1503633556,21381813.848303646
2002,미국계좌,2011-08-31,4000000.0,393228.8600209907,16095403.94594624
2002,미국계좌,2011-09-30,4000000.0,429232.0541071703,12633923.77902396
2002,미국계좌,2011-10-31,4000000.0,452377.376797065,8682505.681839077
2002,미국계좌,2011-11-30,3999999.9999999995,450955.20574664656,4210550.375869426
2002,미국계좌,2011-12-31,3816603.198081274,435807.50069770636,0.0
2002,절세계좌,2001-12-31,0.0,0.0,400000000.0
2002,절세계좌,2002-01-31,4000000.0,0.0,395679940.4619381
2002,절세계좌,2002-02-28,4000000.0,0.0,383947076.46404994
2002,절세계좌,2002-03-31,4000000.0,0.0,386308823.6816611
2002,절세계좌,2002-04-30,4000000.0,0.0,363714646.0386509
2002,절세계좌,2002-05-31,4000000.0,0.0,343917912.0531224
2002,절세계좌,2002-06-30,4000000.0,0.0,316748354.9953192
2002,절세계좌,2002-07-31,4000000.0,0.0,294837086.3856609
2002,절세계좌,2002-08-31,4000000.0,0.0,290958474.58746517
2002,절세계좌,2002-09-30,4000000.0,0.0,264888344.74770373
2002,절세계좌,2002-10-31,4000000.0,0.0,303346736.53322
2002,절세계좌,2002-11-30,4000000.0,79435.65506504673,331356917.84493774
2002,절세계좌,2002-12-31,4000000.0,0.0,284298529.3889234
2002,절세계좌,2003-01-31,3999999.9999999995,34009.34557881651,275961822.45789343
2002,절세계좌,2003-02-28,4000000.0,67388.18786182077,287023077.70988977
2002,절세계좌,2003-03-31,4000000.0,98293.82960598821,298019596.66130126
2002,절세계좌,2003-04-30,4000000.0,129632.3266913528,310410800.69045144
2002,절세계좌,2003-05-31,4000000.0,172430.48545531373,331175330.9237546
2002,절세계좌,2003-06-30,4000000.0,169041.8687637347,324932763.21451616
2002,절세계좌,2003-07-31,4000000.0,194183.70778642574,336482395.5794222
2002,절세계좌,2003-08-31,4000000.0,216622.83447393117,347294998.24546295
2002,절세계좌,2003-09-30,4000000.0,190458.98429591482,325898277.8442417
2002,절세계좌,2003-10-31,3999999.9999999995,246170.81874854345,359788914.17561036
2002,절세계좌,2003-11-30,4000000.0,256143.875044479,363109591.1169503
2002,절세계좌,2003-12-31,4000000.0,266508.63656205416,366928400.8673076
2002,절세계좌,2004-01-31,3999999.9999999995,267150.2145154164,363166384.74885994
2002,절세계좌,2004-02-29,4000000.0,262785.71615694446,355531166.69561553
2002,절세계좌,2004-03-31,3999999.9999999995,239851.75861137666,334648522.3307712
2002,절세계좌,2004-04-30,4000000.0,236371.87020946154,328037332.9870509
2002,절세계좌,2004-05-31,4000000.0,256891.42190423398,338046814.6124835
2002,절세계좌,2004-06-30,4000000.0,268296.76979031943,342088383.61155653
2002,절세계좌,2004-07-31,4000000.0,236554.69601582733,315848467.68034875
2002,절세계좌,2004-08-31,4000000.0,216276.33520224207,299018204.4455516
2002,절세계좌,2004-09-30,4000000.0,115454.94603880224,304747094.54049987
2002,절세계좌,2004-10-31,4000000.0,0.0,307121173.8439855
2002,절세계좌,2004-11-30,4000000.0,0.0,300667121.2277746
2002,절세계좌,2004-12-31,4000000.0,0.0,301941520.20806223
2002,절세계좌,2005-01-31,4000000.0,0.0,276626359.3048161
2002,절세계좌,2005-02-28,4000000.0,0.0,264324652.3654921
2002,절세계좌,2005-03-31,4000000.0,0.0,259483995.1623593
2002,절세계좌,2005-04-30,4000000.0,0.0,239704482.8824519
2002,절세계좌,2005-05-31,4000000.0,0.0,259041495.40006053
2002,절세계좌,2005-06-30,4000000.0,0.0,253780407.6880472
2002,절세계좌,2005-07-31,4000000.0,46452.88129993496,266941988.34572643
2002,절세계좌,2005-08-31,3999999.9999999995,58792.15284375221,262037766.7607593
2002,절세계좌,2005-09-30,3999999.9999999995,64154.62766080619,262068320.66975692
2002,절세계좌,2005-10-31,4000000.0,59312.35216951967,254362999.770234
2002,절세계좌,2005-11-30,4000000.0,77444.57507714456,264217080.86984044
2002,절세계좌,2005-12-31,4000000.0,62303.02011361059,248607041.04125524
2002,절세계좌,2006-01-31,4000000.0,57677.77441818011,241258296.77260792
2002,절세계좌,2006-02-28,4000000.0,54446.22798268956,234988636.08991545
2002,절세계좌,2006-03-31,4000000.0,61839.83923233618,235964035.2038084
2002,절세계좌,2006-04-30,4000000.0,50707.70204373046,224529082.47258297
2002,절세계좌,2006-05-31,4000000.0,24204.085903103754,204800809.77034956
2002,절세계좌,2006-06-30,4000000.0,25243.444677285916,201342419.72064286
2002,절세계좌,2006-07-31,4000000.0,11017.074328132461,189958693.3426451
2002,절세계좌,2006-08-31,4000000.0,31129.8803676546,196282469.8716765
2002,절세계좌,2006-09-30,4000000.0,41943.81757233597,198120325.65959257
2002,절세계좌,2006-10-31,4000000.0,57012.53523409089,202636056.39507288
2002,절세계좌,2006-11-30,4000000.0,63809.8017847027,202584021.34355405
2002,절세계좌,2006-12-31,4000000.0,57611.39233034628,194934401.74288923
2002,절세계좌,2007-01-31,4000000.0,68845.93759263122,197329927.4730152
2002,절세계좌,2007-02-28,4000000.0,63527.711078096596,190220928.93426543
2002,절세계좌,2007-03-31,4000000.0,64888.456987609316,186910911.30950874
2002,절세계좌,2007-04-30,4000000.0,79552.54114093333,191147521.79201794
2002,절세계좌,2007-05-31,3999999.9999999995,88443.60640065638,192327176.06722808
2002,절세계좌,2007-06-30,4000000.0,88311.48841830899,188160300.3115056
2002,절세계좌,2007-07-31,4000000.0,86567.118564686,183063896.07133895
2002,절세계좌,2007-08-31,4000000.0,101966.67509283396,188035032.11645257
2002,절세계좌,2007-09-30,4000000.0,109597.57567499521,188632570.9992191
2002,절세계좌,2007-10-31,4000000.0,35141.32768961794,195581334.21773028
2002,절세계좌,2007-11-30,4000000.0,111428.7576268906,181822410.13175607
2002,절세계좌,2007-12-31,3999999.9999999995,116058.30372135797,180516418.34624368
2002,절세계좌,2008-01-31,4000000.0,78674.9346182083,156266247.62353092
2002,절세계좌,2008-02-29,4000000.0,61698.0213474129,144561575.3613486
2002,절세계좌,2008-03-31,4000000.0,83890.93038395346,150338381.41707045
2002,절세계좌,2008-04-30,4000000.0,113227.35695916283,160919219.68158624
2002,절세계좌,2008-05-31,4000000.0,22587.023654976972,170426648.46811482
2002,절세계좌,2008-06-30,4000000.0,112402.73398756605,152668463.78784853
2002,절세계좌,2008-07-31,4000000.0,103846.38328692227,144363439.58296937
2002,절세계좌,2008-08-31,4000000.0,130221.12156955076,153550723.15682086
2002,절세계좌,2008-09-30,4000000.0,110370.39513923106,139486118.8489309
2002,절세계좌,2008-10-31,4000000.0,74992.75008257251,120789553.10308662
2002,절세계좌,2008-11-30,4000000.0,80723.82252055398,118810844.84410651
2002,절세계좌,2008-12-31,4000000.0,35930.214766361925,100428646.63725838
2002,절세계좌,2009-01-31,3999999.9999999995,59588.87160704035,103248352.40344325
2002,절세계좌,2009-02-28,4000000.0,76911.8731124968,104565700.62850374
2002,절세계좌,2009-03-31,4000000.0,72753.05038195824,99201778.17188114
2002,절세계좌,2009-04-30,4000000.0,89480.30514106981,100279843.3720668
2002,절세계좌,2009-05-31,3999999.9999999995,92503.89556915246,97135898.81412408
2002,절세계좌,2009-06-30,3999999.9999999995,107712.79573824332,97858204.40843403
2002,절세계좌,2009-07-31,4000000.0,119755.54646403539,97721714.05180529
2002,절세계좌,2009-08-31,4000000.0,130126.19791817815,97121476.2442282
2002,절세계좌,2009-09-30,4000000.0,128588.08782700177,92476446.8927759
2002,절세계좌,2009-10-31,4000000.0,119239.35916497113,86067819.545454
2002,절세계좌,2009-11-30,4000000.0,0.0,86168228.67624891
2002,절세계좌,2009-12-31,4000000.0,0.0,86592986.3453452
2002,절세계좌,2010-01-31,4000000.0,0.0,76645925.33416063
2002,절세계좌,2010-02-28,4000000.0,0.0,76195393.15565513
2002,절세계좌,2010-03-31,4000000.0,0.0,76102154.45525101
2002,절세계좌,2010-04-30,4000000.0,0.0,72212978.20874971
2002,절세계좌,2010-05-31,4000000.0,0.0,68095594.35964312
2002,절세계좌,2010-06-30,4000000.0,0.0,61438768.19670484
2002,절세계좌,2010-07-31,4000000.0,0.0,59801107.337834746
2002,절세계좌,2010-08-31,4000000.0,0.0,53501352.87841499
2002,절세계좌,2010-09-30,4000000.0,0.0,53622637.44464437
2002,절세계좌,2010-10-31,4000000.0,0.0,52215951.85876751
2002,절세계좌,2010-11-30,4000000.0,0.0,49665535.30934168
2002,절세계좌,2010-12-31,4000000.0,0.0,46832250.47271706
2002,절세계좌,2011-01-31,4000000.0,0.0,43666727.80157703
2002,절세계좌,2011-02-28,4000000.0,0.0,41232071.29917443
2002,절세계좌,2011-03-31,4000000.0,0.0,36081053.48879243
2002,절세계좌,2011-04-30,4000000.0,0.0,32141765.4818913
2002,절세계좌,2011-05-31,4000000.0,0.0,28035331.653972797
2002,절세계좌,2011-06-30,4000000.0,0.0,23169367.446834866
2002,절세계좌,2011-07-31,4000000.0,46583.9013748242,19236884.79363397
2002,절세계좌,2011-08-31,4000000.0,118928.15431733218,14314375.571162935
2002,절세계좌,2011-09-30,4000000.0,165423.42727125104,11009617.960008413
2002,절세계좌,2011-10-31,4000000.0,195464.72766940077,7250705.674677495
2002,절세계좌,2011-11-30,4000000.0,193615.40805226984,3039553.215520931
2002,절세계좌,2011-12-31,2922790.269051632,146981.48507928033,0.0
2003,세전 기준,2002-12-31,0.0,0.0,400000000.0
2003,세전 기준,2003-01-31,4000000.0,0.0,395495518.8366375
2003,세전 기준,2003-02-28,4000000.0,0.0,395122629.66220826
2003,세전 기준,2003-03-31,4000000.0,0.0,396545945.44802314
2003,세전 기준,2003-04-30,4000000.0,0.0,400411080.4032104
2003,세전 기준,2003-05-31,4000000.0,0.0,411118695.5280882
2003,세전 기준,2003-06-30,4000000.0,0.0,405671635.4887502
2003,세전 기준,2003-07-31,4000000.0,0.0,414414892.9380013
2003,세전 기준,2003-08-31,4000000.0,0.0,424220240.6125808
2003,세전 기준,2003-09-30,4000000.0,0.0,402571790.122522
2003,세전 기준,2003-10-31,4000000.0,0.0,442092345.2638265
2003,세전 기준,2003-11-30,4000000.0,0.0,447402399.9997659
2003,세전 기준,2003-12-31,4000000.0,0.0,453364656.4082034
2003,세전 기준,2004-01-31,4000000.0,0.0,449988783.4732181
2003,세전 기준,2004-02-29,4000000.0,0.0,441810101.7767798
2003,세전 기준,2004-03-31,4000000.0,0.0,417128500.31958663
2003,세전 기준,2004-04-30,4000000.0,0.0,410168367.5678895
2003,세전 기준,2004-05-31,4000000.0,0.0,424006626.67900026
2003,세전 기준,2004-06-30,4000000.0,0.0,430429556.28669405
2003,세전 기준,2004-07-31,4000000.0,0.0,398744029.77658087
2003,세전 기준,2004-08-31,4000000.0,0.0,378819456.816538
2003,세전 기준,2004-09-30,4000000.0,0.0,387291036.75949204
2003,세전 기준,2004-10-31,4000000.0,0.0,391391602.1990293
2003,세전 기준,2004-11-30,4000000.0,0.0,384264186.48451585
2003,세전 기준,2004-12-31,4000000.0,0.0,387005071.9696953
2003,세전 기준,2005-01-31,4000000.0,0.0,355684962.52028245
2003,세전 기준,2005-02-28,4000000.0,0.0,341010664.0586736
2003,세전 기준,2005-03-31,4000000.0,0.0,335926114.9312254
2003,세전 기준,2005-04-30,4000000.0,0.0,311498071.7589205
2003,세전 기준,2005-05-31,4000000.0,0.0,337824723.61137563
2003,세전 기준,2005-06-30,4000000.0,0.0,332180096.7260086
2003,세전 기준,2005-07-31,4000000.0,0.0,350704161.1229298
2003,세전 기준,2005-08-31,4000000.0,0.0,345593449.310154
2003,세전 기준,2005-09-30,4000000.0,0.0,346993832.86782455
2003,세전 기준,2005-10-31,4000000.0,0.0,338166303.62933534
2003,세전 기준,2005-11-30,4000000.0,0.0,352687757.40044403
2003,세전 기준,2005-12-31,4000000.0,0.0,333273366.38294303
2003,세전 기준,2006-01-31,4000000.0,0.0,324861484.8653161
2003,세전 기준,2006-02-28,4000000.0,0.0,317878632.6000097
2003,세전 기준,2006-03-31,4000000.0,0.0,320692709.47258776
2003,세전 기준,2006-04-30,4000000.0,0.0,306656970.1542107
2003,세전 기준,2006-05-31,4000000.0,0.0,281208692.5059656
2003,세전 기준,2006-06-30,4000000.0,0.0,277987029.7704569
2003,세전 기준,2006-07-31,4000000.0,0.0,263807766.18789053
2003,세전 기준,2006-08-31,4000000.0,0.0,274188285.8728771
2003,세전 기준,2006-09-30,4000000.0,0.0,278401816.99544185
2003,세전 기준,2006-10-31,4000000.0,0.0,286448371.50849605
2003,세전 기준,2006-11-30,4000000.0,0.0,288119456.7265783
2003,세전 기준,2006-12-31,4000000.0,0.0,279010823.54475564
2003,세전 기준,2007-01-31,4000000.0,0.0,284263318.9821103
2003,세전 기준,2007-02-28,4000000.0,0.0,275876170.7353978
2003,세전 기준,2007-03-31,4000000.0,0.0,272970954.97266585
2003,세전 기준,2007-04-30,4000000.0,0.0,281116157.98071873
2003,세전 기준,2007-05-31,4000000.0,0.0,284863825.44959736
2003,세전 기준,2007-06-30,4000000.0,0.0,280747460.6269782
2003,세전 기준,2007-07-31,4000000.0,0.0,275240717.6686217
2003,세전 기준,2007-08-31,4000000.0,0.0,284882333.2890911
2003,세전 기준,2007-09-30,4000000.0,0.0,288013876.8227475
2003,세전 기준,2007-10-31,4000000.0,0.0,300784665.2091042
2003,세전 기준,2007-11-30,4000000.0,0.0,281947775.66619456
2003,세전 기준,2007-12-31,4000000.0,0.0,282305280.35282236
2003,세전 기준,2008-01-31,4000000.0,0.0,246759563.75949115
2003,세전 기준,2008-02-29,4000000.0,0.0,230690566.01893583
2003,세전 기준,2008-03-31,4000000.0,0.0,242426211.97727507
2003,세전 기준,2008-04-30,4000000.0,0.0,262120937.3932506
2003,세전 기준,2008-05-31,4000000.0,0.0,280159948.23439395
2003,세전 기준,2008-06-30,4000000.0,0.0,253728001.12958118
2003,세전 기준,2008-07-31,4000000.0,0.0,242745835.82434955
2003,세전 기준,2008-08-31,4000000.0,0.0,261139101.16717708
2003,세전 기준,2008-09-30,4000000.0,0.0,240210234.6444922
2003,세전 기준,2008-10-31,4000000.0,0.0,211030299.11278954
2003,세전 기준,2008-11-30,4000000.0,0.0,210702710.8546817
2003,세전 기준,2008-12-31,4000000.0,0.0,181260609.4998295
2003,세전 기준,2009-01-31,4000000.0,0.0,189676839.13875866
2003,세전 기준,2009-02-28,4000000.0,0.0,195586597.31984568
2003,세전 기준,2009-03-31,4000000.0,0.0,189171508.72758073
2003,세전 기준,2009-04-30,4000000.0,0.0,195025690.756126
2003,세전 기준,2009-05-31,4000000.0,0.0,192870462.6845921
2003,세전 기준,2009-06-30,4000000.0,0.0,198460819.01048866
2003,세전 기준,2009-07-31,4000000.0,0.0,202539059.12014014
2003,세전 기준,2009-08-31,4000000.0,0.0,205855143.16876596
2003,세전 기준,2009-09-30,4000000.0,0.0,200760513.07897508
2003,세전 기준,2009-10-31,4000000.0,0.0,191790396.65925425
2003,세전 기준,2009-11-30,4000000.0,0.0,196927599.13299718
2003,세전 기준,2009-12-31,4000000.0,0.0,203039875.0600597
2003,세전 기준,2010-01-31,4000000.0,0.0,185095437.11366734
2003,세전 기준,2010-02-28,4000000.0,0.0,189667194.77822778
2003,세전 기준,2010-03-31,4000000.0,0.0,195391988.17681006
2003,세전 기준,2010-04-30,4000000.0,0.0,191676527.73667312
2003,세전 기준,2010-05-31,4000000.0,0.0,187364953.15316713
2003,세전 기준,2010-06-30,4000000.0,0.0,176054698.88141567
2003,세전 기준,2010-07-31,4000000.0,0.0,178824055.07709718
2003,세전 기준,2010-08-31,4000000.0,0.0,167947068.40539905
2003,세전 기준,2010-09-30,4000000.0,0.0,176884267.6297927
2003,세전 기준,2010-10-31,4000000.0,0.0,181438798.75201693
2003,세전 기준,2010-11-30,4000000.0,0.0,182475778.26881987
2003,세전 기준,2010-12-31,4000000.0,0.0,182762397.8759363
2003,세전 기준,2011-01-31,4000000.0,0.0,182018937.46257013
2003,세전 기준,2011-02-28,4000000.0,0.0,184543863.29377314
2003,세전 기준,2011-03-31,4000000.0,0.0,175392211.5150742
2003,세전 기준,2011-04-30,4000000.0,0.0,171687336.23304862
2003,세전 기준,2011-05-31,4000000.0,0.0,167118813.0008475
2003,세전 기준,2011-06-30,4000000.0,0.0,157956794.1531909
2003,세전 기준,2011-07-31,4000000.0,0.0,154734677.5982952
2003,세전 기준,2011-08-31,4000000.0,0.0,144270956.531254
2003,세전 기준,2011-09-30,4000000.0,0.0,148945388.74295712
2003,세전 기준,2011-10-31,4000000.0,0.0,150851358.7291076
2003,세전 기준,2011-11-30,4000000.0,0.0,146486499.34770647
2003,세전 기준,2011-12-31,4000000.0,0.0,143942834.41490513
2003,세전 기준,2012-01-31,4000000.0,0.0,147642073.33736378
2003,세전 기준,2012-02-29,4000000.0,0.0,151905805.97118378
2003,세전 기준,2012-03-31,4000000.0,0.0,157624570.08404088
2003,세전 기준,2012-04-30,4000000.0,0.0,151595160.42154917
2003,세전 기준,2012-05-31,4000000.0,0.0,143151696.66506785
2003,세전 기준,2012-06-30,4000000.0,0.0,139454594.93768734
2003,세전 기준,2012-07-31,4000000.0,0.0,135500345.83665016
2003,세전 기준,2012-08-31,4000000.0,0.0,138895777.36560237
2003,세전 기준,2012-09-30,4000000.0,0.0,133410483.96967788
2003,세전 기준,2012-10-31,4000000.0,0.0,119974641.13572727
2003,세전 기준,2012-11-30,4000000.0,0.0,116606043.31380814
2003,세전 기준,2012-12-31,4000000.0,0.0,110075594.42495728
2003,미국계좌,2002-12-31,0.0,0.0,400000000.0
2003,미국계좌,2003-01-31,4000000.0,0.0,395495518.8366375
2003,미국계좌,2003-02-28,4000000.0,0.0,395122629.66220826
2003,미국계좌,2003-03-31,4000000.0,0.0,396545945.44802314
2003,미국계좌,2003-04-30,4000000.0,0.0,400411080.4032104
2003,미국계좌,2003-05-31,4000000.0,0.0,411118695.5280882
2003,미국계좌,2003-06-30,4000000.0,0.0,405671635.4887502
2003,미국계좌,2003-07-31,4000000.0,0.0,414414892.9380013
2003,미국계좌,2003-08-31,4000000.0,0.0,424220240.6125808
2003,미국계좌,2003-09-30,4000000.0,0.0,402571790.122522
2003,미국계좌,2003-10-31,4000000.0,0.0,442092345.2638265
2003,미국계좌,2003-11-30,4000000.0,0.0,447402399.9997659
2003,미국계좌,2003-12-31,4000000.0,0.0,453364656.4082034
2003,미국계좌,2004-01-31,4000000.0,0.0,449988783.4732181
2003,미국계좌,2004-02-29,4000000.0,0.0,441810101.7767798
2003,미국계좌,2004-03-31,4000000.0,0.0,417128500.31958663
2003,미국계좌,2004-04-30,4000000.0,0.0,410168367.5678895
2003,미국계좌,2004-05-31,4000000.0,0.0,424006626.67900026
2003,미국계좌,2004-06-30,4000000.0,0.0,430429556.28669405
2003,미국계좌,2004-07-31,4000000.0,65723.2935081491,398678306.4830727
2003,미국계좌,2004-08-31,4000000.0,114761.3368195179,378641596.96628094
2003,미국계좌,2004-09-30,4000000.0,140843.56420041434,386966477.80276716
2003,미국계좌,2004-10-31,4000000.0,157242.06082301843,390903012.7179787
2003,미국계좌,2004-11-30,3999999.9999999995,150911.5452412565,383628589.5338669
2003,미국계좌,2004-12-31,4000000.0,164594.09056642524,386193731.08311373
2003,미국계좌,2005-01-31,4000000.0,0.0,354930897.1668337
2003,미국계좌,2005-02-28,4000000.0,0.0,340279228.6150902
2003,미국계좌,2005-03-31,4000000.0,0.0,335197005.74237746
2003,미국계좌,2005-04-30,4000000.0,0.0,310813300.51620144
2003,미국계좌,2005-05-31,4000000.0,0.0,337073284.8000284
2003,미국계좌,2005-06-30,4000000.0,0.0,331432316.13262314
2003,미국계좌,2005-07-31,4000000.0,0.0,349905675.9316284
2003,미국계좌,2005-08-31,4000000.0,0.0,344797492.9937067
2003,미국계좌,2005-09-30,4000000.0,0.0,346185438.61480016
2003,미국계좌,2005-10-31,4000000.0,0.0,337369156.10902804
2003,미국계좌,2005-11-30,4000000.0,163238.98943942678,351683710.91988516
2003,미국계좌,2005-12-31,4000000.0,157519.66344104707,332155682.58168477
2003,미국계좌,2006-01-31,4000000.0,0.0,323758596.9913737
2003,미국계좌,2006-02-28,4000000.0,0.0,316785871.35463494
2003,미국계좌,2006-03-31,4000000.0,0.0,319576523.69229406
2003,미국계좌,2006-04-30,4000000.0,0.0,305575714.22792065
2003,미국계좌,2006-05-31,4000000.0,0.0,280203062.0490859
2003,미국계좌,2006-06-30,4000000.0,0.0,276978615.9015428
2003,미국계좌,2006-07-31,4000000.0,0.0,262836278.18051916
2003,미국계좌,2006-08-31,4000000.0,0.0,273163840.73457813
2003,미국계좌,2006-09-30,4000000.0,0.0,277346683.7772346
2003,미국계좌,2006-10-31,4000000.0,0.0,285347582.2670313
2003,미국계좌,2006-11-30,4000000.0,133103.42930998755,286863770.7058794
2003,미국계좌,2006-12-31,4000000.0000000005,146838.04927088806,277630563.9873744
2003,미국계좌,2007-01-31,4000000.0,0.0,282837287.5614917
2003,미국계좌,2007-02-28,4000000.0,0.0,274472147.821783
2003,미국계좌,2007-03-31,4000000.0,0.0,271561360.3485604
2003,미국계좌,2007-04-30,4000000.0,0.0,279643846.74681675
2003,미국계좌,2007-05-31,4000000.0,0.0,283350936.76211566
2003,미국계좌,2007-06-30,4000000.0,0.0,279235189.9436375
2003,미국계좌,2007-07-31,3999999.9999999995,188750.59614771872,273547812.59149593
2003,미국계좌,2007-08-31,4000000.0,249048.7291730604,282856474.88997
2003,미국계좌,2007-09-30,4000000.0,266913.3839200167,285670391.1284591
2003,미국계좌,2007-10-31,4000000.0,306714.1387461636,297998006.3168779
2003,미국계좌,2007-11-30,4000000.0,271212.79713615315,279027362.2815931
2003,미국계좌,2007-12-31,4000000.0,282104.0355857733,279057627.9249897
2003,미국계좌,2008-01-31,4000000.0,0.0,243874814.65020078
2003,미국계좌,2008-02-29,4000000.0,0.0,227946909.84218132
2003,미국계좌,2008-03-31,4000000.0,0.0,239495408.1291881
2003,미국계좌,2008-04-30,4000000.0,0.0,258903676.92868593
2003,미국계좌,2008-05-31,4000000.0,0.0,276672181.95307744
2003,미국계좌,2008-06-30,4000000.0,270047.8645321585,250249446.7038656
2003,미국계좌,2008-07-31,4000000.0,253441.55627566786,239109563.77474046
2003,미국계좌,2008-08-31,3999999.9999999995,315615.97579843603,256851767.61460295
2003,미국계좌,2008-09-30,4000000.0,268727.2898112314,235932108.807341
2003,미국계좌,2008-10-31,4000000.0,186563.22744045674,207014062.76685667
2003,미국계좌,2008-11-30,4000000.0,199753.62970053416,206416829.14512658
2003,미국계좌,2008-12-31,4000000.0,97865.99619078817,177394376.90533724
2003,미국계좌,2009-01-31,4000000.0,0.0,185545772.2161507
2003,미국계좌,2009-02-28,4000000.0,0.0,191239700.80824408
2003,미국계좌,2009-03-31,4000000.0,0.0,184878287.36714378
2003,미국계좌,2009-04-30,4000000.0,0.0,190508830.09049374
2003,미국계좌,2009-05-31,4000000.0,0.0,188310876.47993755
2003,미국계좌,2009-06-30,4000000.0,75996.90714980167,193598513.48721382
2003,미국계좌,2009-07-31,4000000.0,290824.2599590506,197188011.82502988
2003,미국계좌,2009-08-31,4000000.0000000005,315390.3932957842,199995415.7913031
2003,미국계좌,2009-09-30,3999999.9999999995,311736.97320852015,194620207.6967249
2003,미국계좌,2009-10-31,4000000.0000000005,294380.9745687661,185507722.4293938
2003,미국계좌,2009-11-30,4000000.0000000005,326370.3996520924,190019237.81445986
2003,미국계좌,2009-12-31,3999999.9999999995,359664.51337500795,195417103.3410068
2003,미국계좌,2010-01-31,4000000.0,0.0,177996184.56632593
2003,미국계좌,2010-02-28,4000000.0,0.0,182239176.30675417
2003,미국계좌,2010-03-31,4000000.0,0.0,187583113.41081282
2003,미국계좌,2010-04-30,4000000.0,210046.01983689243,183646235.27787697
2003,미국계좌,2010-05-31,3999999.9999999995,375181.16242482926,178972532.95615947
2003,미국계좌,2010-06-30,4000000.0000000005,349252.14737224905,167640466.24527913
2003,미국계좌,2010-07-31,4000000.0,373851.51367403404,169712441.14825073
2003,미국계좌,2010-08-31,4000000.0,348269.80917411187,158837587.45585862
2003,미국계좌,2010-09-30,4000000.0,396088.6574224558,166676981.87503406
2003,미국계좌,2010-10-31,3999999.9999999995,425232.4780535265,170312632.63953426
2003,미국계좌,2010-11-30,3999999.9999999995,441678.7680037518,170599056.39402688
2003,미국계좌,2010-12-31,3999999.9999999995,455368.69026620354,170151305.95880857
2003,미국계좌,2011-01-31,4000000.0,0.0,169183135.64594388
2003,미국계좌,2011-02-28,4000000.0,0.0,171247929.93256667
2003,미국계좌,2011-03-31,4000000.0000000005,190442.4708163509,162276999.57616156
2003,미국계좌,2011-04-30,3999999.9999999995,470565.4035329357,158079490.50346538
2003,미국계좌,2011-05-31,4000000.0,468661.47534607083,153087366.6408659
2003,미국계좌,2011-06-30,4000000.0000000005,450418.34303583717,143908337.21121195
2003,미국계좌,2011-07-31,3999999.9999999995,453302.7241384074,140163734.0636206
2003,미국계좌,2011-08-31,4000000.0000000005,427898.85913207725,129880785.16163908
2003,미국계좌,2011-09-30,4000000.0,462461.087656904,133227533.17313552
2003,미국계좌,2011-10-31,3999999.9999999995,484665.9565838961,134025594.11994901
2003,미국계좌,2011-11-30,4000000.0000000005,483301.89003109786,129218128.78999601
2003,미국계좌,2011-12-31,4000000.0,488858.7887907371,126013926.90209813
2003,미국계좌,2012-01-31,4000000.0,0.0,128754181.35602897
2003,미국계좌,2012-02-29,4000000.0,0.0,131960732.3489926
2003,미국계좌,2012-03-31,4000000.0,392834.899680567,136010597.98771688
2003,미국계좌,2012-04-30,3999999.9999999995,570989.2956712159,129688478.00467645
2003,미국계좌,2012-05-31,4000000.0,556040.6441733642,121331088.75514817
2003,미국계좌,2012-06-30,4000000.0,557114.2077129942,117030702.04738903
2003,미국계좌,2012-07-31,4000000.0,557280.6524201224,112511815.68256705
2003,미국계좌,2012-08-31,4000000.0,583690.9152422713,114068872.40852717
2003,미국계좌,2012-09-30,4000000.0000000005,578436.1493257635,108270631.40924563
2003,미국계좌,2012-10-31,4000000.0,541380.826351907,96071496.62599751
2003,미국계좌,2012-11-30,3999999.9999999995,544103.075571447,92032998.33196084
2003,미국계좌,2012-12-31,4000000.0,532651.0986681107,85503154.01973014
2003,절세계좌,2002-12-31,0.0,0.0,400000000.0
2003,절세계좌,2003-01-31,4000000.0,0.0,395495518.8366375
2003,절세계좌,2003-02-28,4000000.0,0.0,395122629.6622082
2003,절세계좌,2003-03-31,4000000.0,0.0,396545945.4480231
2003,절세계좌,2003-04-30,4000000.0,0.0,400189338.7923777
2003,절세계좌,2003-05-31,4000000.0,0.0,410236457.41670513
2003,절세계좌,2003-06-30,4000000.0,0.0,404870054.51306796
2003,절세계좌,2003-07-31,4000000.0,0.0,412799232.7725361
2003,절세계좌,2003-08-31,4000000.0,0.0,421639101.6130452
2003,절세계좌,2003-09-30,4000000.0,0.0,401307577.73781306
2003,절세계좌,2003-10-31,4000000.0,133380.59783080764,437738319.3664257
2003,절세계좌,2003-11-30,3999999.9999999995,300983.23999446846,442206438.90284926
2003,절세계좌,2003-12-31,4000000.0,198119.93239953465,447854877.5267171
2003,절세계좌,2004-01-31,4000000.0,33087.46328922371,444141580.0148286
2003,절세계좌,2004-02-29,4000000.0,27537.983442461707,435989658.58184713
2003,절세계좌,2004-03-31,4000000.0,0.0,411580518.2702406
2003,절세계좌,2004-04-30,4000000.0,0.0,404659756.51179266
2003,절세계좌,2004-05-31,4000000.0,20049.58602557009,418238396.04774463
2003,절세계좌,2004-06-30,4000000.0,32610.614880992838,424486920.4127201
2003,절세계좌,2004-07-31,4000000.0,0.0,393183628.34869885
2003,절세계좌,2004-08-31,4000000.0,0.0,373481120.20120007
2003,절세계좌,2004-09-30,4000000.0,0.0,381776950.21720994
2003,절세계좌,2004-10-31,3999999.9999999995,12891.592914172268,385749291.62740797
2003,절세계좌,2004-11-30,4000000.0,7652.084115010777,378659308.7275068
2003,절세계좌,2004-12-31,4000000.0,18973.708938145042,381282897.9422206
2003,절세계좌,2005-01-31,4000000.0,0.0,350366737.77420485
2003,절세계좌,2005-02-28,4000000.0,0.0,335852042.1190327
2003,절세계좌,2005-03-31,4000000.0,0.0,330783899.45482206
2003,절세계좌,2005-04-30,4000000.0,0.0,306668560.16317475
2003,절세계좌,2005-05-31,4000000.0,0.0,332525023.17640346
2003,절세계좌,2005-06-30,4000000.0,0.0,326906196.7408276
2003,절세계좌,2005-07-31,4000000.0,8580.46747605131,345064074.4679147
2003,절세계좌,2005-08-31,4000000.0,6502.937902583814,339964722.3820326
2003,절세계좌,2005-09-30,4000000.0,16615.9742570857,341260533.19307685
2003,절세계좌,2005-10-31,4000000.0,7482.913381175359,332505285.2018088
2003,절세계좌,2005-11-30,3999999.9999999995,41784.39633020503,346674899.1690038
2003,절세계좌,2005-12-31,4000000.0,13121.301110218612,327510181.761663
2003,절세계좌,2006-01-31,4000000.0,4248.114638630399,319170345.3177468
2003,절세계좌,2006-02-28,4000000.0,0.0,312239748.6422303
2003,절세계좌,2006-03-31,4000000.0,0.0,314932949.8571727
2003,절세계좌,2006-04-30,4000000.0,0.0,301077456.12695354
2003,절세계좌,2006-05-31,4000000.0,0.0,276019422.22871584
2003,절세계좌,2006-06-30,4000000.0,0.0,272783396.48615956
2003,절세계좌,2006-07-31,4000000.0,0.0,258794678.32159925
2003,절세계좌,2006-08-31,4000000.0,0.0,268901927.7773371
2003,절세계좌,2006-09-30,4000000.0,0.0,272957101.7818925
2003,절세계좌,2006-10-31,4000000.0,0.0,280768061.35761493
2003,절세계좌,2006-11-30,3999999.9999999995,34685.2163084763,282292002.9685061
2003,절세계좌,2006-12-31,4000000.0,58777.85210114224,273227918.2561444
2003,절세계좌,2007-01-31,4000000.0,69981.20808687563,278218661.054764
2003,절세계좌,2007-02-28,4000000.0,64677.76961943226,269860124.635285
2003,절세계좌,2007-03-31,4000000.0,66034.73583351058,266865000.11953446
2003,절세계좌,2007-04-30,4000000.0,80657.91168921784,274657875.0623585
2003,절세계좌,2007-05-31,4000000.0,39192.308978116365,278188357.5062557
2003,절세계좌,2007-06-30,4000000.0,89392.27018974499,273985327.29406035
2003,절세계좌,2007-07-31,4000000.0,87652.80644720164,268427223.20847648
2003,절세계좌,2007-08-31,4000000.0,1173.345450571657,277729971.7249381
2003,절세계좌,2007-09-30,4000000.0,47689.50396647843,280634778.5765377
2003,절세계좌,2007-10-31,4000000.0,0.0,292975888.72469795
2003,절세계좌,2007-11-30,4000000.0,112444.08974476681,274411740.7998451
2003,절세계좌,2007-12-31,4000000.0,117060.43224381933,274535715.58689195
2003,절세계좌,2008-01-31,4000000.0,79782.76250156641,239778412.84379435
2003,절세계좌,2008-02-29,3999999.9999999995,62853.15777077785,223988009.68246517
2003,절세계좌,2008-03-31,4000000.0,84984.13627448317,235181483.09259516
2003,절세계좌,2008-04-30,4000000.0,114237.56324295877,254053871.518968
2003,절세계좌,2008-05-31,4000000.0,0.0,271414607.0799005
2003,절세계좌,2008-06-30,4000000.0,113415.29096987905,245569469.79276544
2003,절세계좌,2008-07-31,4000000.0,104883.2710495387,234706930.19534332
2003,절세계좌,2008-08-31,4000000.0,131182.65757437065,252227425.09514612
2003,절세계좌,2008-09-30,4000000.0,111388.74121829208,231764887.1246031
2003,절세계좌,2008-10-31,4000000.0,76110.87563400145,203394120.673836
2003,절세계좌,2008-11-30,4000000.0,81825.91163047582,202851819.46616852
2003,절세계좌,2008-12-31,4000000.0,37156.329974169974,174320547.56482953
2003,절세계좌,2009-01-31,4000000.0,60749.855253101734,182200637.7813452
2003,절세계좌,2009-02-28,4000000.0,78024.63414734647,187641773.573169
2003,절세계좌,2009-03-31,4000000.0,73877.4295647946,181250909.63737732
2003,절세계좌,2009-04-30,4000000.0,90557.79701216808,186601939.89143994
2003,절세계좌,2009-05-31,4000000.0,93572.86734291735,184273457.65997392
2003,절세계좌,2009-06-30,4000000.0,108738.70260729153,189327594.88852566
2003,절세계좌,2009-07-31,4000000.0,120747.10723937929,192913324.95153064
2003,절세계좌,2009-08-31,4000000.0,131088.00698905997,195750621.73696867
2003,절세계좌,2009-09-30,4000000.0,129554.31968091859,190580167.89274734
2003,절세계좌,2009-10-31,3999999.9999999995,122248.38057568418,181739832.2389822
2003,절세계좌,2009-11-30,4000000.0,135238.3057973611,186262971.3787561
2003,절세계좌,2009-12-31,4000000.0,0.0,191827616.30343455
2003,절세계좌,2010-01-31,3999999.9999999995,129669.11668148244,174523548.35915154
2003,절세계좌,2010-02-28,4000000.0,142465.24349564966,178463257.29899445
2003,절세계좌,2010-03-31,4000000.0,42779.75903199154,183570812.20115697
2003,절세계좌,2010-04-30,4000000.0,151237.45290924428,179686899.7219829
2003,절세계좌,2010-05-31,4000000.0,155982.20081389384,175238832.35245562
2003,절세계좌,2010-06-30,4000000.0,145233.89427935972,164256458.42092472
2003,절세계좌,2010-07-31,4000000.0,155432.77542354434,166416735.94211382
2003,절세계좌,2010-08-31,3999999.9999999995,144825.26718452465,155872068.80506444
2003,절세계좌,2010-09-30,4000000.0,45676.99480312716,163833436.80840248
2003,절세계좌,2010-10-31,4000000.0,0.0,167756799.65360314
2003,절세계좌,2010-11-30,4000000.0,49643.646054626384,168349873.25990546
2003,절세계좌,2010-12-31,4000000.0,94194.82979312632,168079131.16769466
2003,절세계좌,2011-01-31,4000000.0,114800.33051434769,166959237.61612383
2003,절세계좌,2011-02-28,4000000.0,37257.028227449046,168907053.66581956
2003,절세계좌,2011-03-31,3999999.9999999995,194520.8189982748,159997391.91543666
2003,절세계좌,2011-04-30,4000000.0,194909.68715300728,156071702.7641204
2003,절세계좌,2011-05-31,4000000.0,194141.93980418355,151360746.99950305
2003,절세계좌,2011-06-30,4000000.0,186766.55105621842,142498701.7363915
2003,절세계좌,2011-07-31,4000000.0,187934.9474034567,139012524.39064014
2003,절세계좌,2011-08-31,4000000.0,177614.6995693992,129027949.05087703
2003,절세계좌,2011-09-30,4000000.0,191639.0836865042,132594241.46197794
2003,절세계좌,2011-10-31,3999999.9999999995,200584.05937430394,133651273.07650855
2003,절세계좌,2011-11-30,4000000.0,200036.01956971292,129127978.97541413
2003,절세계좌,2011-12-31,4000000.0,176162.73271072604,126235576.89488485
2003,절세계좌,2012-01-31,4000000.0,0.0,128987687.00150283
2003,절세계좌,2012-02-29,4000000.0,0.0,132207307.6309127
2003,절세계좌,2012-03-31,4000000.0,126402.54582474453,136539381.235134
2003,절세계좌,2012-04-30,4000000.0,273615.17445022915,130507827.31140451
2003,절세계좌,2012-05-31,4000000.0,228996.95622638197,122453465.48876174
2003,절세계좌,2012-06-30,4000000.0,229420.41429490582,118483147.43955857
2003,절세계좌,2012-07-31,4000000.0,229486.0567307063,114292532.17449829
2003,절세계좌,2012-08-31,4000000.0,358691.23687189363,116171777.7543046
2003,절세계좌,2012-09-30,4000000.0,237806.96997432283,110691678.34345146
2003,절세계좌,2012-10-31,4000000.0,223203.0118131244,98639485.81899692
2003,절세계좌,2012-11-30,4000000.0,224280.53947624634,94934324.8668044
2003,절세계좌,2012-12-31,4000000.0,219742.57971083376,88654427.85559022
2004,세전 기준,2003-12-31,0.0,0.0,400000000.0
2004,세전 기준,2004-01-31,4000000.0,0.0,396045888.5252885
2004,세전 기준,2004-02-29,4000000.0,0.0,391426383.00972533
2004,세전 기준,2004-03-31,4000000.0,0.0,382772128.117255
2004,세전 기준,2004-04-30,4000000.0,0.0,377863033.7450876
2004,세전 기준,2004-05-31,4000000.0,0.0,380844484.8207848
2004,세전 기준,2004-06-30,4000000.0,0.0,381781643.33591676
2004,세전 기준,2004-07-31,4000000.0,0.0,362401602.79536366
2004,세전 기준,2004-08-31,4000000.0,0.0,348135110.74267066
2004,세전 기준,2004-09-30,4000000.0,0.0,353357782.29659647
2004,세전 기준,2004-10-31,4000000.0,0.0,356107178.1018518
2004,세전 기준,2004-11-30,4000000.0,0.0,349261702.6787986
2004,세전 기준,2004-12-31,4000000.0,0.0,351388563.37756795
2004,세전 기준,2005-01-31,4000000.0,0.0,322582754.08445656
2004,세전 기준,2005-02-28,4000000.0,0.0,308901870.83522755
2004,세전 기준,2005-03-31,4000000.0,0.0,303919440.40183854
2004,세전 기준,2005-04-30,4000000.0,0.0,281437758.9442876
2004,세전 기준,2005-05-31,4000000.0,0.0,304837815.98298466
2004,세전 기준,2005-06-30,4000000.0,0.0,299353778.75065076
2004,세전 기준,2005-07-31,4000000.0,0.0,315651996.0625775
2004,세전 기준,2005-08-31,4000000.0,0.0,310652297.6283463
2004,세전 기준,2005-09-30,4000000.0,0.0,311506676.56293976
2004,세전 기준,2005-10-31,4000000.0,0.0,303172860.08942044
2004,세전 기준,2005-11-30,4000000.0,0.0,315777714.1287982
2004,세전 기준,2005-12-31,4000000.0,0.0,297976494.6136356
2004,세전 기준,2006-01-31,4000000.0,0.0,290031874.0052111
2004,세전 기준,2006-02-28,4000000.0,0.0,283368824.45119524
2004,세전 기준,2006-03-31,4000000.0,0.0,285443145.7646766
2004,세전 기준,2006-04-30,4000000.0,0.0,272510504.277993
2004,세전 기준,2006-05-31,4000000.0,0.0,249450507.19109023
2004,세전 기준,2006-06-30,4000000.0,0.0,246140943.26425305
2004,세전 기준,2006-07-31,4000000.0,0.0,233127812.17674422
2004,세전 기준,2006-08-31,4000000.0,0.0,241835925.89367625
2004,세전 기준,2006-09-30,4000000.0,0.0,245080315.99429086
2004,세전 기준,2006-10-31,4000000.0,0.0,251685036.2456321
2004,세전 기준,2006-11-30,4000000.0,0.0,252667879.33581445
2004,세전 기준,2006-12-31,4000000.0,0.0,244187836.48476663
2004,세전 기준,2007-01-31,4000000.0,0.0,248285539.70010582
2004,세전 기준,2007-02-28,4000000.0,0.0,240453650.75263336
2004,세전 기준,2007-03-31,4000000.0,0.0,237407864.6158163
2004,세전 기준,2007-04-30,4000000.0,0.0,243970771.25090554
2004,세전 기준,2007-05-31,4000000.0,0.0,246694697.8346899
2004,세전 기준,2007-06-30,4000000.0,0.0,242593924.82600996
2004,세전 기준,2007-07-31,4000000.0,0.0,237291947.99902338
2004,세전 기준,2007-08-31,4000000.0,0.0,245052728.06039622
2004,세전 기준,2007-09-30,4000000.0,0.0,247187205.33045763
2004,세전 기준,2007-10-31,4000000.0,0.0,257580693.44340464
2004,세전 기준,2007-11-30,4000000.0,0.0,240874938.3333526
2004,세전 기준,2007-12-31,4000000.0,0.0,240597662.05478892
2004,세전 기준,2008-01-31,4000000.0,0.0,209712491.32502872
2004,세전 기준,2008-02-29,4000000.0,0.0,195455464.01712307
2004,세전 기준,2008-03-31,4000000.0,0.0,204787686.63668138
2004,세전 기준,2008-04-30,4000000.0,0.0,220803624.53321487
2004,세전 기준,2008-05-31,4000000.0,0.0,235368694.24205142
2004,세전 기준,2008-06-30,4000000.0,0.0,212523109.30872872
2004,세전 기준,2008-07-31,4000000.0,0.0,202674832.91129032
2004,세전 기준,2008-08-31,4000000.0,0.0,217371554.51017225
2004,세전 기준,2008-09-30,4000000.0,0.0,199280007.07172316
2004,세전 기준,2008-10-31,4000000.0,0.0,174390565.21155596
2004,세전 기준,2008-11-30,4000000.0,0.0,173425361.45669532
2004,세전 기준,2008-12-31,4000000.0,0.0,148484455.6383254
2004,세전 기준,2009-01-31,4000000.0,0.0,154655540.8184101
2004,세전 기준,2009-02-28,4000000.0,0.0,158735594.33382377
2004,세전 기준,2009-03-31,4000000.0,0.0,152775539.15460768
2004,세전 기준,2009-04-30,4000000.0,0.0,156733809.31095892
2004,세전 기준,2009-05-31,4000000.0,0.0,154216373.6363943
2004,세전 기준,2009-06-30,4000000.0,0.0,157884680.92344248
2004,세전 기준,2009-07-31,4000000.0,0.0,160311291.31684145
2004,세전 기준,2009-08-31,4000000.0,0.0,162102030.576285
2004,세전 기준,2009-09-30,4000000.0,0.0,157240056.6777775
2004,세전 기준,2009-10-31,4000000.0,0.0,149347352.0042014
2004,세전 기준,2009-11-30,4000000.0,0.0,152462499.67556372
2004,세전 기준,2009-12-31,4000000.0,0.0,156291482.87566736
2004,세전 기준,2010-01-31,4000000.0,0.0,141557646.06718466
2004,세전 기준,2010-02-28,4000000.0,0.0,144113171.45762625
2004,세전 기준,2010-03-31,4000000.0,0.0,147502276.46378496
2004,세전 기준,2010-04-30,4000000.0,0.0,143717076.6365834
2004,세전 기준,2010-05-31,4000000.0,0.0,139483461.23868105
2004,세전 기준,2010-06-30,4000000.0,0.0,130041357.19948433
2004,세전 기준,2010-07-31,4000000.0,0.0,131041486.54931839
2004,세전 기준,2010-08-31,4000000.0,0.0,122002060.75142647
2004,세전 기준,2010-09-30,4000000.0,0.0,127400051.32496743
2004,세전 기준,2010-10-31,4000000.0,0.0,129561411.62363108
2004,세전 기준,2010-11-30,4000000.0,0.0,129158206.69174798
2004,세전 기준,2010-12-31,4000000.0,0.0,128192319.52840738
2004,세전 기준,2011-01-31,4000000.0,0.0,126476505.81671628
2004,세전 기준,2011-02-28,4000000.0,0.0,127010373.72819935
2004,세전 기준,2011-03-31,4000000.0,0.0,119464803.55289364
2004,세전 기준,2011-04-30,4000000.0,0.0,115665821.694759
2004,세전 기준,2011-05-31,4000000.0,0.0,111282807.38369855
2004,세전 기준,2011-06-30,4000000.0,0.0,103845468.7692131
2004,세전 기준,2011-07-31,4000000.0,0.0,100356872.35547686
2004,세전 기준,2011-08-31,4000000.0,0.0,92164671.61460291
2004,세전 기준,2011-09-30,4000000.0,0.0,93706162.53874163
2004,세전 기준,2011-10-31,4000000.0,0.0,93421791.38862984
2004,세전 기준,2011-11-30,4000000.0,0.0,89195835.07439703
2004,세전 기준,2011-12-31,4000000.0,0.0,86082599.54105674
2004,세전 기준,2012-01-31,4000000.0,0.0,86687000.33410029
2004,세전 기준,2012-02-29,4000000.0,0.0,87538992.57043241
2004,세전 기준,2012-03-31,4000000.0,0.0,89139639.72167148
2004,세전 기준,2012-04-30,4000000.0,0.0,83991970.63641569
2004,세전 기준,2012-05-31,4000000.0,0.0,77530049.84474571
2004,세전 기준,2012-06-30,4000000.0,0.0,73694097.62567435
2004,세전 기준,2012-07-31,4000000.0,0.0,69718274.46413663
2004,세전 기준,2012-08-31,4000000.0,0.0,69523406.63507432
2004,세전 기준,2012-09-30,4000000.0,0.0,64779952.37969087
2004,세전 기준,2012-10-31,4000000.0,0.0,56198202.64565575
2004,세전 기준,2012-11-30,4000000.0,0.0,52493962.376368806
2004,세전 기준,2012-12-31,4000000.0,0.0,47354799.387970485
2004,세전 기준,2013-01-31,4000000.0,0.0,45727458.4164844
2004,세전 기준,2013-02-28,4000000.0,0.0,41734530.8060571
2004,세전 기준,2013-03-31,4000000.0,0.0,40130621.85560432
2004,세전 기준,2013-04-30,4000000.0,0.0,36743471.015012406
2004,세전 기준,2013-05-31,4000000.0,0.0,35019169.37418266
2004,세전 기준,2013-06-30,4000000.0,0.0,30546884.9166253
2004,세전 기준,2013-07-31,4000000.0,0.0,27941020.966102753
2004,세전 기준,2013-08-31,4000000.0,0.0,23502183.648914535
2004,세전 기준,2013-09-30,4000000.0,0.0,19836366.060338162
2004,세전 기준,2013-10-31,4000000.0,0.0,16577169.860568414
2004,세전 기준,2013-11-30,4000000.0,0.0,13116175.075886274
2004,세전 기준,2013-12-31,4000000.0,0.0,9468061.498984182
2004,미국계좌,2003-12-31,0.0,0.0,400000000.0
2004,미국계좌,2004-01-31,4000000.0,0.0,396045888.5252885
2004,미국계좌,2004-02-29,4000000.0,0.0,391426383.00972533
2004,미국계좌,2004-03-31,4000000.0,0.0,382772128.117255
2004,미국계좌,2004-04-30,4000000.0,0.0,377863033.7450876
2004,미국계좌,2004-05-31,4000000.0,0.0,380844484.8207848
2004,미국계좌,2004-06-30,4000000.0,0.0,381781643.33591676
2004,미국계좌,2004-07-31,4000000.0,0.0,362401602.79536366
2004,미국계좌,2004-08-31,4000000.0,0.0,348135110.74267066
2004,미국계좌,2004-09-30,4000000.0,0.0,353357782.29659647
2004,미국계좌,2004-10-31,4000000.0,0.0,356107178.1018518
2004,미국계좌,2004-11-30,4000000.0,0.0,349261702.6787986
2004,미국계좌,2004-12-31,4000000.0,0.0,351388563.37756795
2004,미국계좌,2005-01-31,4000000.0,0.0,322582754.08445656
2004,미국계좌,2005-02-28,4000000.0,0.0,308901870.83522755
2004,미국계좌,2005-03-31,4000000.0,0.0,303919440.40183854
2004,미국계좌,2005-04-30,4000000.0,0.0,281437758.9442876
2004,미국계좌,2005-05-31,4000000.0,0.0,304837815.98298466
2004,미국계좌,2005-06-30,4000000.0,0.0,299353778.75065076
2004,미국계좌,2005-07-31,4000000.0,0.0,315651996.0625775
2004,미국계좌,2005-08-31,4000000.0,0.0,310652297.6283463
2004,미국계좌,2005-09-30,4000000.0,0.0,311506676.56293976
2004,미국계좌,2005-10-31,4000000.0,0.0,303172860.08942044
2004,미국계좌,2005-11-30,4000000.0,0.0,315777714.1287982
2004,미국계좌,2005-12-31,4000000.0,0.0,297976494.6136356
2004,미국계좌,2006-01-31,4000000.0,0.0,290031874.0052111
2004,미국계좌,2006-02-28,4000000.0,0.0,283368824.45119524
2004,미국계좌,2006-03-31,4000000.0,0.0,285443145.7646766
2004,미국계좌,2006-04-30,4000000.0,0.0,272510504.277993
2004,미국계좌,2006-05-31,4000000.0,0.0,249450507.19109023
2004,미국계좌,2006-06-30,4000000.0,0.0,246140943.26425305
2004,미국계좌,2006-07-31,4000000.0,0.0,233127812.17674422
2004,미국계좌,2006-08-31,4000000.0,0.0,241835925.89367625
2004,미국계좌,2006-09-30,4000000.0,0.0,245080315.99429086
2004,미국계좌,2006-10-31,4000000.0,0.0,251685036.2456321
2004,미국계좌,2006-11-30,4000000.0,0.0,252667879.33581445
2004,미국계좌,2006-12-31,4000000.0,0.0,244187836.48476663
2004,미국계좌,2007-01-31,4000000.0,0.0,248285539.70010582
2004,미국계좌,2007-02-28,4000000.0,0.0,240453650.75263336
2004,미국계좌,2007-03-31,4000000.0,0.0,237407864.6158163
2004,미국계좌,2007-04-30,4000000.0,0.0,243970771.25090554
2004,미국계좌,2007-05-31,4000000.0,0.0,246694697.8346899
2004,미국계좌,2007-06-30,4000000.0,0.0,242593924.82600996
2004,미국계좌,2007-07-31,4000000.0,0.0,237291947.99902338
2004,미국계좌,2007-08-31,4000000.0,0.0,245052728.06039622
2004,미국계좌,2007-09-30,4000000.0,0.0,247187205.33045763
2004,미국계좌,2007-10-31,4000000.0,0.0,257580693.44340464
2004,미국계좌,2007-11-30,4000000.0,0.0,240874938.3333526
2004,미국계좌,2007-12-31,4000000.0,0.0,240597662.05478892
2004,미국계좌,2008-01-31,4000000.0,0.0,209712491.32502872
2004,미국계좌,2008-02-29,4000000.0,0.0,195455464.01712307
2004,미국계좌,2008-03-31,4000000.0,0.0,204787686.63668138
2004,미국계좌,2008-04-30,4000000.0,0.0,220803624.53321487
2004,미국계좌,2008-05-31,4000000.0,0.0,235368694.24205142
2004,미국계좌,2008-06-30,4000000.0,0.0,212523109.30872872
2004,미국계좌,2008-07-31,4000000.0,0.0,202674832.91129032
2004,미국계좌,2008-08-31,4000000.0,0.0,217371554.51017225
2004,미국계좌,2008-09-30,4000000.0,0.0,199280007.07172316
2004,미국계좌,2008-10-31,4000000.0,0.0,174390565.21155596
2004,미국계좌,2008-11-30,4000000.0,0.0,173425361.45669532
2004,미국계좌,2008-12-31,4000000.0,0.0,148484455.6383254
2004,미국계좌,2009-01-31,4000000.0,0.0,154655540.8184101
2004,미국계좌,2009-02-28,4000000.0,0.0,158735594.33382377
2004,미국계좌,2009-03-31,4000000.0,0.0,152775539.15460768
2004,미국계좌,2009-04-30,4000000.0,0.0,156733809.31095892
2004,미국계좌,2009-05-31,4000000.0,0.0,154216373.6363943
2004,미국계좌,2009-06-30,4000000.0,0.0,157884680.92344248
2004,미국계좌,2009-07-31,4000000.0,0.0,160311291.31684145
2004,미국계좌,2009-08-31,4000000.0,0.0,162102030.576285
2004,미국계좌,2009-09-30,4000000.0,0.0,157240056.6777775
2004,미국계좌,2009-10-31,4000000.0,0.0,149347352.0042014
2004,미국계좌,2009-11-30,4000000.0,0.0,152462499.67556372
2004,미국계좌,2009-12-31,4000000.0,113139.6419784582,156178343.2336889
2004,미국계좌,2010-01-31,4000000.0,0.0,141452276.6659847
2004,미국계좌,2010-02-28,4000000.0,0.0,144002922.40630397
2004,미국계좌,2010-03-31,4000000.0,0.0,147386374.6202244
2004,미국계좌,2010-04-30,4000000.0,0.0,143601006.01097673
2004,미국계좌,2010-05-31,4000000.0,0.0,139367579.2885333
2004,미국계좌,2010-06-30,4000000.0,101116.98832604707,129828879.52556312
2004,미국계좌,2010-07-31,4000000.0,231529.30251330152,130589309.74232817
2004,미국계좌,2010-08-31,4000000.0,202143.04286909115,121365130.13856651
2004,미국계좌,2010-09-30,4000000.0,257126.33296930493,126456930.71694435
2004,미국계좌,2010-10-31,4000000.0,290748.1111403324,128281931.41679011
2004,미국계좌,2010-11-30,4000000.0000000005,309758.80020962417,127533447.63254568
2004,미국계좌,2010-12-31,4000000.0,325603.97654117574,126203788.5554939
2004,미국계좌,2011-01-31,4000000.0,0.0,124452542.33740216
2004,미국계좌,2011-02-28,4000000.0,0.0,124913856.19614935
2004,미국계좌,2011-03-31,4000000.0,0.0,117426811.55553381
2004,미국계좌,2011-04-30,4000000.0,188255.87865704272,113436144.57973397
2004,미국계좌,2011-05-31,4000000.0,341007.47382812784,108719506.1189042
2004,미국계좌,2011-06-30,4000000.0,319872.1110405654,101041471.45502853
2004,미국계좌,2011-07-31,4000000.0,323211.5547902306,97215854.75416791
2004,미국계좌,2011-08-31,4000000.0,293828.413220809,88861035.11274773
2004,미국계좌,2011-09-30,4000000.0000000005,333820.3429556718,89870071.32166027
2004,미국계좌,2011-10-31,4000000.0,359576.7972508046,89074015.00905438
2004,미국계좌,2011-11-30,4000000.0000000005,357993.1242306936,84500581.39897776
2004,미국계좌,2011-12-31,4000000.0,364445.8227280134,80976220.91133516
2004,미국계좌,2012-01-31,4000000.0,0.0,81307490.8517137
2004,미국계좌,2012-02-29,4000000.0,0.0,81858384.44415207
2004,미국계좌,2012-03-31,4000000.0,77800.81929697988,83017791.80123778
2004,미국계좌,2012-04-30,4000000.0,460180.0016068008,77488761.24701518
2004,미국계좌,2012-05-31,4000000.0,442704.43767232547,70774754.07660201
2004,미국계좌,2012-06-30,4000000.0,443958.71871130617,66480549.43873147
2004,미국계좌,2012-07-31,4000000.0000000005,444153.192245658,62058206.534642495
2004,미국계좌,2012-08-31,3999999.9999999995,475046.56836289854,60970215.655346245
2004,미국계좌,2012-09-30,4000000.0,468894.1524990257,55849331.49725757
2004,미국계좌,2012-10-31,4000000.0000000005,425588.5791016551,47473637.2090041
2004,미국계좌,2012-11-30,4000000.0,428765.2531345244,43294716.07002097
2004,미국계좌,2012-12-31,3999999.9999999995,415406.66570139705,37939777.77234689
2004,미국계좌,2013-01-31,4000000.0,0.0,35840707.718937226
2004,미국계좌,2013-02-28,4000000.0,0.0,31846250.984544534
2004,미국계좌,2013-03-31,4000000.0,142443.85332246436,29532185.585991398
2004,미국계좌,2013-04-30,4000000.0,485928.2406102617,25497253.972769074
2004,미국계좌,2013-05-31,4000000.0,518937.0510364248,22557483.435573187
2004,미국계좌,2013-06-30,4000000.0000000005,511609.32403769676,17741653.62262569
2004,미국계좌,2013-07-31,4000000.0,535411.0358427844,14015957.847771207
2004,미국계좌,2013-08-31,4000000.0000000005,527060.9451400057,9268764.45481546
2004,미국계좌,2013-09-30,4000000.0,534513.1961172223,4866045.737998503
2004,미국계좌,2013-10-31,4000000.0,553491.5198067764,494280.3047056815
2004,미국계좌,2013-11-30,446734.700852048,63617.08434796007,0.0
2004,절세계좌,2003-12-31,0.0,0.0,400000000.0
2004,절세계좌,2004-01-31,4000000.0,0.0,396045888.52528846
2004,절세계좌,2004-02-29,4000000.0,0.0,391426383.0097252
2004,절세계좌,2004-03-31,4000000.0,0.0,382772128.1172549
2004,절세계좌,2004-04-30,4000000.0,0.0,377863033.74508756
2004,절세계좌,2004-05-31,4000000.0,0.0,380844484.8207848
2004,절세계좌,2004-06-30,4000000.0,0.0,381781643.33591676
2004,절세계좌,2004-07-31,4000000.0,0.0,362430634.79315203
2004,절세계좌,2004-08-31,4000000.0,0.0,348181009.3133505
2004,절세계좌,2004-09-30,4000000.0,0.0,353390332.0664486
2004,절세계좌,2004-10-31,4000000.0,0.0,356130967.98343796
2004,절세계좌,2004-11-30,4000000.0,0.0,349285302.467268
2004,절세계좌,2004-12-31,4000000.0,8212.00744322596,351404365.1536453
2004,절세계좌,2005-01-31,4000000.0,0.0,322597440.35512275
2004,절세계좌,2005-02-28,4000000.0,0.0,308916116.36295295
2004,절세계좌,2005-03-31,4000000.0,0.0,303933640.6231372
2004,절세계좌,2005-04-30,4000000.0,0.0,281451095.6342297
2004,절세계좌,2005-05-31,4000000.0,0.0,304852451.0987901
2004,절세계좌,2005-06-30,4000000.0,0.0,299368342.618548
2004,절세계좌,2005-07-31,4000000.0,23824.755811844767,315643722.703722
2004,절세계좌,2005-08-31,4000000.0,21779.966620285384,310622270.5053466
2004,절세계좌,2005-09-30,4000000.0,31733.23972055045,311444446.9842038
2004,절세계좌,2005-10-31,4000000.0,22744.50353467294,303088751.7721358
2004,절세계좌,2005-11-30,3999999.9999999995,56499.80700271933,315632499.37075216
2004,절세계좌,2005-12-31,4000000.0,28293.885279529844,297809332.65236825
2004,절세계좌,2006-01-31,4000000.0,19714.446495843753,289847210.4918515
2004,절세계좌,2006-02-28,3999999.9999999995,13730.299080550087,283172126.20441866
2004,절세계좌,2006-03-31,4000000.0,27433.956106059177,285214797.11930054
2004,절세계좌,2006-04-30,4000000.0,261.88444119035154,272289039.677631
2004,절세계좌,2006-05-31,4000000.0,0.0,249244532.3225789
2004,절세계좌,2006-06-30,4000000.0,0.0,245934398.29275423
2004,절세계좌,2006-07-31,4000000.0,0.0,232928830.42036474
2004,절세계좌,2006-08-31,4000000.0,0.0,241626097.37146446
2004,절세계좌,2006-09-30,4000000.0,0.0,244864201.88955653
2004,절세계좌,2006-10-31,4000000.0,0.0,251459570.79983318
2004,절세계좌,2006-11-30,4000000.0,0.0,252437950.14057916
2004,절세계좌,2006-12-31,4000000.0,0.0,243961984.1537931
2004,절세계좌,2007-01-31,4000000.0,0.0,248052197.7039097
2004,절세계좌,2007-02-28,4000000.0,0.0,240223910.01576662
2004,절세계좌,2007-03-31,4000000.0,0.0,237177212.17810673
2004,절세계좌,2007-04-30,4000000.0,0.0,243729856.47345158
2004,절세계좌,2007-05-31,4000000.0,0.0,246447143.35499513
2004,절세계좌,2007-06-30,4000000.0,0.0,242346471.4705386
2004,절세계좌,2007-07-31,4000000.0,0.0,237045822.70044714
2004,절세계좌,2007-08-31,4000000.0,0.0,244794404.1788993
2004,절세계좌,2007-09-30,4000000.0,0.0,246922414.75098962
2004,절세계좌,2007-10-31,4000000.0,0.0,257300484.34721807
2004,절세계좌,2007-11-30,4000000.0,0.0,240608551.1898449
2004,절세계좌,2007-12-31,4000000.0,0.0,240327157.89626473
2004,절세계좌,2008-01-31,4000000.0,0.0,209472214.1870953
2004,절세계좌,2008-02-29,4000000.0,0.0,195226938.821812
2004,절세계좌,2008-03-31,4000000.0,0.0,204543573.4976237
2004,절세계좌,2008-04-30,4000000.0,0.0,220535651.7885757
2004,절세계좌,2008-05-31,4000000.0,0.0,235078190.46924266
2004,절세계좌,2008-06-30,4000000.0,0.0,212255865.6960766
2004,절세계좌,2008-07-31,4000000.0,34114.82286046067,202380828.56784478
2004,절세계좌,2008-08-31,4000000.0,76971.09083825344,216973457.22124422
2004,절세계좌,2008-09-30,4000000.0,54021.68260840473,198853695.5562023
2004,절세계좌,2008-10-31,4000000.0,13215.560400472988,173995726.0586664
2004,절세계좌,2008-11-30,4000000.0,19817.877348130525,173003833.31862462
2004,절세계좌,2008-12-31,4000000.0,0.0,148113826.5208189
2004,절세계좌,2009-01-31,4000000.0,0.0,154259523.85604015
2004,절세계좌,2009-02-28,4000000.0,15426.0802855569,158303461.19347098
2004,절세계좌,2009-03-31,4000000.0,10636.234110388126,152338105.72765782
2004,절세계좌,2009-04-30,3999999.9999999995,29911.61271078356,156243677.81342453
2004,절세계좌,2009-05-31,4000000.0,33398.661793467596,153688207.26311737
2004,절세계좌,2009-06-30,3999999.9999999995,50952.11421555918,157279299.7120027
2004,절세계좌,2009-07-31,4000000.0,64867.116805151716,159616401.27438682
2004,절세계좌,2009-08-31,4000000.0,76861.25931048859,161305178.56566286
2004,절세계좌,2009-09-30,4000000.0,75081.70827400175,156372360.20150983
2004,절세계좌,2009-10-31,4000000.0,66607.75011752718,148434528.85712758
2004,절세계좌,2009-11-30,4000000.0,81927.9672939408,151424260.20065853
2004,절세계좌,2009-12-31,4000000.0,0.0,155199929.57327005
2004,절세계좌,2010-01-31,4000000.0,75214.90021248853,140465843.9139086
2004,절세계좌,2010-02-28,4000000.0,90069.62548315896,142880738.39209807
2004,절세계좌,2010-03-31,4000000.0,29016.985630291783,146177635.954446
2004,절세계좌,2010-04-30,4000000.0,102763.33792155041,142287743.7817365
2004,절세계좌,2010-05-31,4000000.0,105778.737406667,137950673.05970192
2004,절세계좌,2010-06-30,4000000.0,93285.81802074338,128475086.65635622
2004,절세계좌,2010-07-31,3999999.9999999995,105139.85447535137,129309852.57760642
2004,절세계좌,2010-08-31,4000000.0,92811.09022119832,120244208.65283139
2004,절세계좌,2010-09-30,4000000.0,32135.421735323325,125474653.98163468
2004,절세계좌,2010-10-31,4000000.0,0.0,127542897.62432379
2004,절세계좌,2010-11-30,4000000.0,36756.82606950744,127046899.26483485
2004,절세계좌,2010-12-31,4000000.0,67108.31818066022,125964306.12219542
2004,절세계좌,2011-01-31,4000000.0,88544.96249415491,124120247.73985791
2004,절세계좌,2011-02-28,4000000.0,29328.37928477605,124540321.28513749
2004,절세계좌,2011-03-31,4000000.0,150666.97325545968,116913037.12062392
2004,절세계좌,2011-04-30,4000000.0,151120.66372656514,112958640.8542335
2004,절세계좌,2011-05-31,4000000.0,150224.95133577404,108434366.11557782
2004,절세계좌,2011-06-30,4000000.0,141623.2516637768,100943387.80584843
2004,절세계좌,2011-07-31,4000000.0,142985.55722168298,97297514.07397035
2004,절세계좌,2011-08-31,3999999.9999999995,130957.23823153024,89102154.45837803
2004,절세계좌,2011-09-30,4000000.0,147305.33672918018,90312203.20974258
2004,절세계좌,2011-10-31,4000000.0,119791.9280676857,89773463.14263815
2004,절세계좌,2011-11-30,4000000.0,0.0,85556330.92384735
2004,절세계좌,2011-12-31,4000000.0,0.0,82406912.27776109
2004,절세계좌,2012-01-31,4000000.0,0.0,82814707.28240685
2004,절세계좌,2012-02-29,4000000.0,0.0,83449961.87928662
2004,절세계좌,2012-03-31,4000000.0,0.0,84788997.40558873
2004,절세계좌,2012-04-30,4000000.0,92440.47328235576,79604902.18256691
2004,절세계좌,2012-05-31,4000000.0,324201.6840677049,72947370.74903446
2004,절세계좌,2012-06-30,3999999.9999999995,325633.62329318875,68776088.30080079
2004,절세계좌,2012-07-31,4000000.0,325855.6548576483,64472796.03202815
2004,절세계좌,2012-08-31,4000000.0,361169.52182972146,63630467.33374709
2004,절세계좌,2012-09-30,4000000.0,354129.98788951157,58595899.72058957
2004,절세계좌,2012-10-31,4000000.0,304675.4685049473,50146859.55130834
2004,절세계좌,2012-11-30,4000000.0,308297.536098941,46102474.75580925
2004,절세계좌,2012-12-31,4000000.0,293072.0025398069,40808940.404116906
2004,절세계좌,2013-01-31,4000000.0,0.0,38853626.521370545
2004,절세계좌,2013-02-28,4000000.0,0.0,34859635.77691606
2004,절세계좌,2013-03-31,4000000.0,0.0,32861020.713138275
2004,절세계좌,2013-04-30,4000000.0,196088.80916806785,29166764.369806413
2004,절세계좌,2013-05-31,4000000.0,411486.6606094298,26561714.49878485
2004,절세계좌,2013-06-30,4000000.0,403073.9887364308,21800417.1384484
2004,절세계좌,2013-07-31,3999999.9999999995,430417.36704413814,18364953.839857105
2004,절세계좌,2013-08-31,3999999.9999999995,420819.0063192383,13655697.733005797
2004,절세계좌,2013-09-30,4000000.0,429385.0073047225,9420485.916850438
2004,절세계좌,2013-10-31,4000000.0,451222.20198104426,5321078.747219094
2004,절세계좌,2013-11-30,4000000.0,469803.9707471651,1024289.1824285418
2004,절세계좌,2013-12-31,938064.5281175557,113704.72792522967,0.0
2005,세전 기준,2004-12-31,0.0,0.0,400000000.0
2005,세전 기준,2005-01-31,4000000.0,0.0,393646877.57102126
2005,세전 기준,2005-02-28,4000000.0,0.0,387716793.25862134
2005,세전 기준,2005-03-31,4000000.0,0.0,383412375.90294325
2005,세전 기준,2005-04-30,4000000.0,0.0,371583205.1727482
2005,세전 기준,2005-05-31,4000000.0,0.0,382600576.3402337
2005,세전 기준,2005-06-30,4000000.0,0.0,377614259.0829352
2005,세전 기준,2005-07-31,4000000.0,0.0,389545299.9660095
2005,세전 기준,2005-08-31,4000000.0,0.0,384645174.9499265
2005,세전 기준,2005-09-30,4000000.0,0.0,385593201.01879054
2005,세전 기준,2005-10-31,4000000.0,0.0,376655308.5843934
2005,세전 기준,2005-11-30,4000000.0,0.0,393284814.8678911
2005,세전 기준,2005-12-31,4000000.0,0.0,372096109.5884615
2005,세전 기준,2006-01-31,4000000.0,0.0,363170291.58358705
2005,세전 기준,2006-02-28,4000000.0,0.0,355835690.907883
2005,세전 기준,2006-03-31,4000000.0,0.0,359463418.9247714
2005,세전 기준,2006-04-30,4000000.0,0.0,344214391.24105996
2005,세전 기준,2006-05-31,4000000.0,0.0,316139263.1585406
2005,세전 기준,2006-06-30,4000000.0,0.0,313014282.23100364
2005,세전 기준,2006-07-31,4000000.0,0.0,297552398.96771544
2005,세전 기준,2006-08-31,4000000.0,0.0,309772384.4234227
2005,세전 기준,2006-09-30,4000000.0,0.0,315051865.90190023
2005,세전 기준,2006-10-31,4000000.0,0.0,324684282.23447335
2005,세전 기준,2006-11-30,4000000.0,0.0,327112359.3913684
2005,세전 기준,2006-12-31,4000000.0,0.0,317312344.7989597
2005,세전 기준,2007-01-31,4000000.0,0.0,323834986.84262127
2005,세전 기준,2007-02-28,4000000.0,0.0,314837113.39261705
2005,세전 기준,2007-03-31,4000000.0,0.0,312086509.8451283
2005,세전 기준,2007-04-30,4000000.0,0.0,321972067.8105292
2005,세전 기준,2007-05-31,4000000.0,0.0,326845739.5823037
2005,세전 기준,2007-06-30,4000000.0,0.0,322712225.44989216
2005,세전 기준,2007-07-31,4000000.0,0.0,316980261.8831113
2005,세전 기준,2007-08-31,4000000.0,0.0,328690593.29232955
2005,세전 기준,2007-09-30,4000000.0,0.0,332918801.9288718
2005,세전 기준,2007-10-31,4000000.0,0.0,348304363.6197921
2005,세전 기준,2007-11-30,4000000.0,0.0,327123456.5853604
2005,세전 기준,2007-12-31,4000000.0,0.0,328179151.71119887
2005,세전 기준,2008-01-31,4000000.0,0.0,287507338.49260557
2005,세전 기준,2008-02-29,4000000.0,0.0,269445369.1577823
2005,세전 기준,2008-03-31,4000000.0,0.0,283824520.96858007
2005,세전 기준,2008-04-30,4000000.0,0.0,307565514.96349394
2005,세전 기준,2008-05-31,4000000.0,0.0,329425485.5024854
2005,세전 기준,2008-06-30,4000000.0,0.0,299048927.7099114
2005,세전 기준,2008-07-31,4000000.0,0.0,286819607.1842809
2005,세전 기준,2008-08-31,4000000.0,0.0,309278671.0334779
2005,세전 기준,2008-09-30,4000000.0,0.0,285229060.2442944
2005,세전 기준,2008-10-31,4000000.0,0.0,251330045.4943659
2005,세전 기준,2008-11-30,4000000.0,0.0,251703765.35376143
2005,세전 기준,2008-12-31,4000000.0,0.0,217310835.50700223
2005,세전 기준,2009-01-31,4000000.0,0.0,228196481.3410743
2005,세전 기준,2009-02-28,4000000.0,0.0,236118716.85561004
2005,세전 기준,2009-03-31,4000000.0,0.0,229203140.7000226
2005,세전 기준,2009-04-30,4000000.0,0.0,237142620.83191094
2005,세전 기준,2009-05-31,4000000.0,0.0,235385781.96754128
2005,세전 기준,2009-06-30,4000000.0,0.0,243090184.45456266
2005,세전 기준,2009-07-31,4000000.0,0.0,248985038.70395303
2005,세전 기준,2009-08-31,4000000.0,0.0,253978837.12447387
2005,세전 기준,2009-09-30,4000000.0,0.0,248628310.3753868
2005,세전 기준,2009-10-31,4000000.0,0.0,238473157.507661
2005,세전 기준,2009-11-30,4000000.0,0.0,245834401.6713695
2005,세전 기준,2009-12-31,4000000.0,0.0,254458052.7645121
2005,세전 기준,2010-01-31,4000000.0,0.0,232982300.64594436
2005,세전 기준,2010-02-28,4000000.0,0.0,239771695.8488223
2005,세전 기준,2010-03-31,4000000.0,0.0,248065493.9813034
2005,세전 기준,2010-04-30,4000000.0,0.0,244426739.32781568
2005,세전 기준,2010-05-31,4000000.0,0.0,240029418.0678625
2005,세전 기준,2010-06-30,4000000.0,0.0,226664400.49522072
2005,세전 기준,2010-07-31,4000000.0,0.0,231379714.9604499
2005,세전 기준,2010-08-31,4000000.0,0.0,218481609.97564623
2005,세전 기준,2010-09-30,4000000.0,0.0,231311556.11259434
2005,세전 기준,2010-10-31,4000000.0,0.0,238498316.42887485
2005,세전 기준,2010-11-30,4000000.0,0.0,241119343.14921892
2005,세전 기준,2010-12-31,4000000.0,0.0,242783584.80257308
2005,세전 기준,2011-01-31,4000000.0,0.0,243109607.9018714
2005,세전 기준,2011-02-28,4000000.0,0.0,247824482.20300704
2005,세전 기준,2011-03-31,4000000.0,0.0,236906314.28477123
2005,세전 기준,2011-04-30,4000000.0,0.0,233304946.06314778
2005,세전 기준,2011-05-31,4000000.0,0.0,228532383.0719888
2005,세전 기준,2011-06-30,4000000.0,0.0,217473402.41305187
2005,세전 기준,2011-07-31,4000000.0,0.0,214544384.89528403
2005,세전 기준,2011-08-31,4000000.0,0.0,201582237.03038725
2005,세전 기준,2011-09-30,4000000.0,0.0,209702565.97424343
2005,세전 기준,2011-10-31,4000000.0,0.0,214017674.42516676
2005,세전 기준,2011-11-30,4000000.0,0.0,209500036.68588793
2005,세전 기준,2011-12-31,4000000.0,0.0,207582837.84069514
2005,세전 기준,2012-01-31,4000000.0,0.0,214686064.14045465
2005,세전 기준,2012-02-29,4000000.0,0.0,222702342.3879836
2005,세전 기준,2012-03-31,4000000.0,0.0,232950589.9728069
2005,세전 기준,2012-04-30,4000000.0,0.0,225951360.9952313
2005,세전 기준,2012-05-31,4000000.0,0.0,215328414.19061005
2005,세전 기준,2012-06-30,4000000.0,0.0,211784032.9937656
2005,세전 기준,2012-07-31,4000000.0,0.0,207853513.0270321
2005,세전 기준,2012-08-31,4000000.0,0.0,215197885.72329584
2005,세전 기준,2012-09-30,4000000.0,0.0,208896649.46871635
2005,세전 기준,2012-10-31,4000000.0,0.0,190121828.97279727
2005,세전 기준,2012-11-30,4000000.0,0.0,187122401.5586185
2005,세전 기준,2012-12-31,4000000.0,0.0,179061688.58314404
2005,세전 기준,2013-01-31,4000000.0,0.0,184033373.34516776
2005,세전 기준,2013-02-28,4000000.0,0.0,180061836.674549
2005,세전 기준,2013-03-31,4000000.0,0.0,186399668.3666284
2005,세전 기준,2013-04-30,4000000.0,0.0,185246244.74123496
2005,세전 기준,2013-05-31,4000000.0,0.0,192719427.96412212
2005,세전 기준,2013-06-30,4000000.0,0.0,186120326.04013696
2005,세전 기준,2013-07-31,4000000.0,0.0,190614712.84197518
2005,세전 기준,2013-08-31,4000000.0,0.0,183620947.89324066
2005,세전 기준,2013-09-30,4000000.0,0.0,182231892.1387423
2005,세전 기준,2013-10-31,4000000.0,0.0,185037477.28517956
2005,세전 기준,2013-11-30,4000000.0,0.0,187053954.5321921
2005,세전 기준,2013-12-31,4000000.0,0.0,188072319.0024608
2005,세전 기준,2014-01-31,4000000.0,0.0,184848123.9588703
2005,세전 기준,2014-02-28,4000000.0,0.0,187790511.8111323
2005,세전 기준,2014-03-31,4000000.0,0.0,178424017.2262193
2005,세전 기준,2014-04-30,4000000.0,0.0,168541916.85039344
2005,세전 기준,2014-05-31,4000000.0,0.0,169962314.46813524
2005,세전 기준,2014-06-30,4000000.0,0.0,169777077.92870626
2005,세전 기준,2014-07-31,4000000.0,0.0,170526316.47153792
2005,세전 기준,2014-08-31,4000000.0,0.0,172646932.84831992
2005,세전 기준,2014-09-30,4000000.0,0.0,174218948.2083531
2005,세전 기준,2014-10-31,4000000.0,0.0,177962146.0720006
2005,세전 기준,2014-11-30,4000000.0,0.0,188813198.5737292
2005,세전 기준,2014-12-31,4000000.0,0.0,177068776.30188203
2005,미국계좌,2004-12-31,0.0,0.0,400000000.0
2005,미국계좌,2005-01-31,4000000.0,0.0,393646877.57102126
2005,미국계좌,2005-02-28,4000000.0,0.0,387716793.25862134
2005,미국계좌,2005-03-31,4000000.0,0.0,383412375.90294325
2005,미국계좌,2005-04-30,4000000.0,0.0,371583205.1727482
2005,미국계좌,2005-05-31,4000000.0,0.0,382600576.3402337
2005,미국계좌,2005-06-30,4000000.0,0.0,377614259.0829352
2005,미국계좌,2005-07-31,4000000.0,0.0,389545299.9660095
2005,미국계좌,2005-08-31,4000000.0,0.0,384645174.9499265
2005,미국계좌,2005-09-30,4000000.0,0.0,385593201.01879054
2005,미국계좌,2005-10-31,4000000.0,0.0,376655308.5843934
2005,미국계좌,2005-11-30,4000000.0,0.0,393284814.8678911
2005,미국계좌,2005-12-31,4000000.0,0.0,372096109.5884615
2005,미국계좌,2006-01-31,4000000.0,0.0,363170291.58358705
2005,미국계좌,2006-02-28,4000000.0,0.0,355835690.907883
2005,미국계좌,2006-03-31,4000000.0,0.0,359463418.9247714
2005,미국계좌,2006-04-30,4000000.0,0.0,344214391.24105996
2005,미국계좌,2006-05-31,4000000.0,0.0,316139263.1585406
2005,미국계좌,2006-06-30,4000000.0,0.0,313014282.23100364
2005,미국계좌,2006-07-31,4000000.0,0.0,297552398.96771544
2005,미국계좌,2006-08-31,4000000.0,0.0,309772384.4234227
2005,미국계좌,2006-09-30,4000000.0,0.0,315051865.90190023
2005,미국계좌,2006-10-31,4000000.0,0.0,324684282.23447335
2005,미국계좌,2006-11-30,4000000.0,0.0,327112359.3913684
2005,미국계좌,2006-12-31,4000000.0,0.0,317312344.7989597
2005,미국계좌,2007-01-31,4000000.0,0.0,323834986.84262127
2005,미국계좌,2007-02-28,4000000.0,0.0,314837113.39261705
2005,미국계좌,2007-03-31,4000000.0,0.0,312086509.8451283
2005,미국계좌,2007-04-30,4000000.0,0.0,321972067.8105292
2005,미국계좌,2007-05-31,4000000.0,0.0,326845739.5823037
2005,미국계좌,2007-06-30,4000000.0,0.0,322712225.44989216
2005,미국계좌,2007-07-31,4000000.0,0.0,316980261.8831113
2005,미국계좌,2007-08-31,4000000.0,0.0,328690593.29232955
2005,미국계좌,2007-09-30,4000000.0,0.0,332918801.9288718
2005,미국계좌,2007-10-31,4000000.0,0.0,348304363.6197921
2005,미국계좌,2007-11-30,4000000.0,0.0,327123456.5853604
2005,미국계좌,2007-12-31,4000000.0,70640.5316330139,328108511.17956585
2005,미국계좌,2008-01-31,4000000.0,0.0,287444591.5653292
2005,미국계좌,2008-02-29,4000000.0,0.0,269385691.1795347
2005,미국계좌,2008-03-31,4000000.0,0.0,283760772.2927161
2005,미국계좌,2008-04-30,4000000.0,0.0,307495535.49534917
2005,미국계좌,2008-05-31,4000000.0,0.0,329349622.19204843
2005,미국계좌,2008-06-30,4000000.0,0.0,298979138.6501932
2005,미국계좌,2008-07-31,4000000.0,0.0,286751738.601409
2005,미국계좌,2008-08-31,4000000.0,0.0,309204541.58446383
2005,미국계좌,2008-09-30,4000000.0,24418.540605345446,285135317.84503716
2005,미국계좌,2008-10-31,4000000.0,56272.28770572504,251189857.31447652
2005,미국계좌,2008-11-30,4000000.0,70826.83346347201,251490310.7441987
2005,미국계좌,2008-12-31,4000000.0,0.0,217123155.28728536
2005,미국계좌,2009-01-31,4000000.0,0.0,227995945.15274337
2005,미국계좌,2009-02-28,4000000.0,0.0,235907703.5571483
2005,미국계좌,2009-03-31,4000000.0,0.0,228994732.97789854
2005,미국계좌,2009-04-30,4000000.0,0.0,236923356.88918698
2005,미국계좌,2009-05-31,4000000.0,0.0,235164443.98029068
2005,미국계좌,2009-06-30,4000000.0,0.0,242857840.5821359
2005,미국계좌,2009-07-31,4000000.0,0.0,248743237.40008545
2005,미국계좌,2009-08-31,4000000.0,0.0,253728301.51192603
2005,미국계좌,2009-09-30,4000000.0,0.0,248379106.98031893
2005,미국계좌,2009-10-31,4000000.0,63466.84718847903,238166656.65532443
2005,미국계좌,2009-11-30,4000000.0000000005,211186.78386214815,245302111.8423866
2005,미국계좌,2009-12-31,4000000.0,248290.87465736465,253650138.86000234
2005,미국계좌,2010-01-31,4000000.0,0.0,232229872.9128289
2005,미국계좌,2010-02-28,4000000.0,0.0,238984423.23628175
2005,미국계좌,2010-03-31,4000000.0,0.0,247237855.59272936
2005,미국계좌,2010-04-30,4000000.0,0.0,243597895.6909353
2005,미국계좌,2010-05-31,4000000.0000000005,54719.42177706496,239147202.31350985
2005,미국계좌,2010-06-30,3999999.9999999995,236678.15766971975,225579927.22258866
2005,미국계좌,2010-07-31,4000000.0,264126.3145860005,229989417.0492803
2005,미국계좌,2010-08-31,4000000.0,235582.98906433015,216909195.37333673
2005,미국계좌,2010-09-30,4000000.0,288977.3618994801,229329038.83690134
2005,미국계좌,2010-10-31,4000000.0,321602.69077559095,236098317.35476983
2005,미국계좌,2010-11-30,4000000.0000000005,340041.62404132506,238312675.32247734
2005,미국계좌,2010-12-31,4000000.0,355405.65053686703,239555578.64397708
2005,미국계좌,2011-01-31,4000000.0,0.0,239824083.7310172
2005,미국계좌,2011-02-28,4000000.0,0.0,244421180.16886944
2005,미국계좌,2011-03-31,4000000.0,0.0,233598017.4524577
2005,미국계좌,2011-04-30,4000000.0,296892.2629874965,229694190.2430693
2005,미국계좌,2011-05-31,4000000.0,370337.4040217445,224563246.4581695
2005,미국계좌,2011-06-30,4000000.0,349848.31964906974,213277017.42893425
2005,미국계좌,2011-07-31,4000000.0,353086.14423395495,209974247.99927154
2005,미국계좌,2011-08-31,4000000.0,324590.75992685463,196878417.38933203
2005,미국계좌,2011-09-30,3999999.9999999995,363370.87583955703,204352553.7058787
2005,미국계좌,2011-10-31,4000000.0000000005,388332.7798994225,208067191.14188126
2005,미국계좌,2011-11-30,3999999.9999999995,386798.27934347035,203177147.36783713
2005,미국계좌,2011-12-31,4000000.0,393050.3626915942,200804037.44936925
2005,미국계좌,2012-01-31,4000000.0,0.0,207544678.11551508
2005,미국계좌,2012-02-29,4000000.0,0.0,215161243.03329316
2005,미국계좌,2012-03-31,4000000.0,150446.92738626682,224776572.56126094
2005,미국계좌,2012-04-30,4000000.0,485726.88328460895,217396856.82830414
2005,미국계좌,2012-05-31,4000000.0,468820.82552550384,206555833.54325858
2005,미국계좌,2012-06-30,4000000.0000000005,470034.3999460428,202522855.8226065
2005,미국계좌,2012-07-31,4000000.0000000005,470222.5596705048,198119074.9798155
2005,미국계좌,2012-08-31,4000000.0,500104.9799822031,204432049.80819702
2005,미국계좌,2012-09-30,4000000.0,494155.1582973179,197751783.74534586
2005,미국계좌,2012-10-31,4000000.0,452257.83832581155,179312958.31478658
2005,미국계좌,2012-11-30,4000000.0,455332.26788124244,175801313.74095732
2005,미국계좌,2012-12-31,3999999.9999999995,442402.511017838,167543875.35039124
2005,미국계좌,2013-01-31,4000000.0,0.0,171938473.01863304
2005,미국계좌,2013-02-28,4000000.0,0.0,167965065.70289397
2005,미국계좌,2013-03-31,4000000.0,212760.23869678949,173395629.17706147
2005,미국계좌,2013-04-30,4000000.0000000005,510626.7907543345,171532989.40152347
2005,미국계좌,2013-05-31,4000000.0000000005,542531.9807544382,177614313.35329992
2005,미국계좌,2013-06-30,3999999.9999999995,535450.8087261909,170683475.0714965
2005,미국계좌,2013-07-31,4000000.0,558448.4209779005,173914887.59040615
2005,미국계좌,2013-08-31,4000000.0,550381.4918838835,166633026.00043088
2005,미국계좌,2013-09-30,3999999.9999999995,557581.0834646956,164444834.3866214
2005,미국계좌,2013-10-31,4000000.0,575911.8187092122,166010236.85255924
2005,미국계좌,2013-11-30,4000000.0,591483.7936648809,166816561.2621225
2005,미국계좌,2013-12-31,4000000.0,604073.7191229637,166687914.4655892
2005,미국계좌,2014-01-31,4000000.0,0.0,163375507.99823594
2005,미국계좌,2014-02-28,4000000.0,0.0,165511443.36935425
2005,미국계좌,2014-03-31,4000000.0000000005,569765.1806483144,156211853.1511338
2005,미국계좌,2014-04-30,4000000.0000000005,593855.2851189071,146468165.38038185
2005,미국계좌,2014-05-31,4000000.0,608818.5331492292,146569840.88657328
2005,미국계좌,2014-06-30,4000000.0,619088.2088080375,145240477.66877574
2005,미국계좌,2014-07-31,3999999.9999999995,631600.7730514291,144671743.8206309
2005,미국계좌,2014-08-31,4000000.0,647193.6036202331,145217181.25958622
2005,미국계좌,2014-09-30,4000000.0,660861.9116654799,145243065.59455124
2005,미국계좌,2014-10-31,4000000.0000000005,679007.1874684099,147019417.06230986
2005,미국계좌,2014-11-30,4000000.0,710789.5771147732,154577489.87957492
2005,미국계좌,2014-12-31,4000000.0,694446.527784127,143542843.80857846
2005,절세계좌,2004-12-31,0.0,0.0,400000000.0
2005,절세계좌,2005-01-31,4000000.0,0.0,393646877.57102126
2005,절세계좌,2005-02-28,4000000.0,0.0,387716793.2586213
2005,절세계좌,2005-03-31,4000000.0,0.0,383412375.9029432
2005,절세계좌,2005-04-30,4000000.0,0.0,371583205.17274815
2005,절세계좌,2005-05-31,4000000.0,0.0,382600576.3402337
2005,절세계좌,2005-06-30,4000000.0,0.0,377614259.08293515
2005,절세계좌,2005-07-31,4000000.0,0.0,389545299.9660095
2005,절세계좌,2005-08-31,4000000.0,0.0,384656756.5040429
2005,절세계좌,2005-09-30,4000000.0,0.0,385547820.2304137
2005,절세계좌,2005-10-31,4000000.0,0.0,376677128.7171276
2005,절세계좌,2005-11-30,4000000.0,2739.235444286295,393305090.85935616
2005,절세계좌,2005-12-31,3999999.9999999995,3852.9179538794547,372111646.48984414
2005,절세계좌,2006-01-31,4000000.0,0.0,363185622.8070639
2005,절세계좌,2006-02-28,4000000.0,0.0,355850881.36128765
2005,절세계좌,2006-03-31,4000000.0,2865.392734244646,359476069.6094587
2005,절세계좌,2006-04-30,4000000.0,0.0,344226646.03594387
2005,절세계좌,2006-05-31,4000000.0,0.0,316150660.8255299
2005,절세계좌,2006-06-30,4000000.0,0.0,313025711.44477355
2005,절세계좌,2006-07-31,4000000.0,0.0,297563409.6692274
2005,절세계좌,2006-08-31,4000000.0,0.0,309783995.33323073
2005,절세계좌,2006-09-30,4000000.0,0.0,315063824.625871
2005,절세계좌,2006-10-31,4000000.0,0.0,324696758.4170647
2005,절세계좌,2006-11-30,4000000.0,6618.836810234096,327118463.73975706
2005,절세계좌,2006-12-31,4000000.0,0.0,317318340.9114205
2005,절세계좌,2007-01-31,3999999.9999999995,16229.83582978585,323824951.96101224
2005,절세계좌,2007-02-28,3999999.9999999995,6081.150371281776,314821152.232934
2005,절세계좌,2007-03-31,4000000.0,8675.478794140652,312061809.86654466
2005,절세계좌,2007-04-30,4000000.0,31413.507244966444,321914855.3570312
2005,절세계좌,2007-05-31,4000000.0,20120.610027643488,326766829.7219552
2005,절세계좌,2007-06-30,4000000.0,37989.423129875926,322595358.40052384
2005,절세계좌,2007-07-31,4000000.0,0.0,316864022.04726535
2005,절세계좌,2007-08-31,4000000.0,0.0,328568592.3206538
2005,절세계좌,2007-09-30,4000000.0,0.0,332793746.8708629
2005,절세계좌,2007-10-31,4000000.0,0.0,348172026.71849966
2005,절세계좌,2007-11-30,4000000.0,0.0,326997647.503515
2005,절세계좌,2007-12-31,4000000.0,0.0,328051398.24918425
2005,절세계좌,2008-01-31,4000000.0,0.0,287393860.6208366
2005,절세계좌,2008-02-29,4000000.0,0.0,269337441.4829627
2005,절세계좌,2008-03-31,4000000.0,0.0,283709231.43363166
2005,절세계좌,2008-04-30,3999999.9999999995,82409.13970621901,307356547.89565825
2005,절세계좌,2008-05-31,4000000.0,0.0,329198948.57731867
2005,절세계좌,2008-06-30,4000000.0,82797.26041264576,298757731.964015
2005,절세계좌,2008-07-31,4000000.0,73535.42146961471,286462889.23116386
2005,절세계좌,2008-08-31,4000000.0,102096.00975660922,308786949.89528835
2005,절세계좌,2008-09-30,4000000.0,80597.03530584423,284688618.8808117
2005,절세계좌,2008-10-31,4000000.0,42328.44195022487,250803927.22466493
2005,절세계좌,2008-11-30,4000000.0,48523.79726222486,251119967.62090862
2005,절세계좌,2008-12-31,4000000.0,142.9499356146017,216797387.7050587
2005,절세계좌,2009-01-31,4000000.0,25684.408346382934,227622178.3022512
2005,절세계좌,2009-02-28,4000000.0,44402.86213846615,235470006.2146747
2005,절세계좌,2009-03-31,4000000.0,39907.72512998931,228522532.56415755
2005,절세계좌,2009-04-30,4000000.0,57992.67244233479,236368566.28902143
2005,절세계좌,2009-05-31,4000000.0,61263.09744109893,234543142.45035285
2005,절세계좌,2009-06-30,4000000.0,77720.19542719422,242127925.04869378
2005,절세계좌,2009-07-31,4000000.0,90759.11416765083,247892851.9361629
2005,절세계좌,2009-08-31,4000000.0,101993.159676549,252745205.3983039
2005,절세계좌,2009-09-30,4000000.0,100326.67238731425,247300911.78576314
2005,절세계좌,2009-10-31,4000000.0,92389.72366290742,237086230.86335814
2005,절세계좌,2009-11-30,4000000.0,106637.74502598608,244274761.86958015
2005,절세계좌,2009-12-31,4000000.0,0.0,252818325.11271107
2005,절세계좌,2010-01-31,4000000.0,100451.40546881354,231354735.33256474
2005,절세계좌,2010-02-28,4000000.0,114359.18189360303,237954398.90965158
2005,절세계좌,2010-03-31,4000000.0,35399.10809442191,246119619.7895628
2005,절세계좌,2010-04-30,4000000.0,125242.12596615238,242352789.3310454
2005,절세계좌,2010-05-31,4000000.0,129059.24263084469,237829780.08165595
2005,절세계좌,2010-06-30,4000000.0,117369.42608398377,224433214.43166357
2005,절세계좌,2010-07-31,4000000.0,128461.5504615124,228934277.5703047
2005,절세계좌,2010-08-31,4000000.0,116925.11809957448,216013290.96916217
2005,절세계좌,2010-09-30,4000000.0,38416.19806392442,228614682.81847185
2005,절세계좌,2010-10-31,4000000.0,0.0,235671016.12257987
2005,절세계좌,2010-11-30,4000000.0,42429.723349368134,238171123.5471754
2005,절세계좌,2010-12-31,4000000.0,76802.16573584147,239689305.0978111
2005,절세계좌,2011-01-31,4000000.0,100730.46616456931,239859462.5145777
2005,절세계좌,2011-02-28,4000000.0,33008.86188923132,244424818.33186737
2005,절세계좌,2011-03-31,4000000.0,171020.93654533153,233430533.1174249
2005,절세계좌,2011-04-30,4000000.0,171444.72165632312,229651871.63088375
2005,절세계좌,2011-05-31,4000000.0,170608.0445654404,224720797.3387472
2005,절세계좌,2011-06-30,3999999.9999999995,162571.97659584208,213616978.17104578
2005,절세계좌,2011-07-31,4000000.0,163844.85592924594,210505124.22062525
2005,절세계좌,2011-08-31,4000000.0,152604.07963639573,197559104.03501844
2005,절세계좌,2011-09-30,4000000.0,167880.68149983554,205269657.49549598
2005,절세계좌,2011-10-31,4000000.0,177629.4603817077,209231363.17309523
2005,절세계좌,2011-11-30,4000000.0,177032.05854219355,204548269.8740034
2005,절세계좌,2011-12-31,4000000.0,156302.79404847248,202425538.90861368
2005,절세계좌,2012-01-31,4000000.0,0.0,209252910.72187486
2005,절세계좌,2012-02-29,4000000.0,0.0,216965087.79963043
2005,절세계좌,2012-03-31,4000000.0,0.0,226846272.2321066
2005,절세계좌,2012-04-30,4000000.0,120706.50975752957,219685352.9071529
2005,절세계좌,2012-05-31,3999999.9999999995,208622.04007061626,209037449.42327976
2005,절세계좌,2012-06-30,4000000.0,209084.2498697425,205270672.76611173
2005,절세계좌,2012-07-31,4000000.0,209155.9002147195,201128860.05967242
2005,절세계좌,2012-08-31,4000000.0,307546.7961130016,207798663.202287
2005,절세계좌,2012-09-30,4000000.0,218240.1267919176,201358311.01427752
2005,절세계좌,2012-10-31,4000000.0,202298.7767572989,182914362.55973098
2005,절세계좌,2012-11-30,4000000.0,203474.61747593718,179673529.09566206
2005,절세계좌,2012-12-31,4000000.0,198523.0087540309,171575939.88814786
2005,절세계좌,2013-01-31,4000000.0,209425.4377902767,175963134.1829456
2005,절세계좌,2013-02-28,4000000.0,209459.17457192595,171780890.16264796
2005,절세계좌,2013-03-31,4000000.0,200806.8391365978,177442483.72558415
2005,절세계좌,2013-04-30,4000000.0,146562.29799503088,176005709.41407454
2005,절세계좌,2013-05-31,4000000.0,0.0,182906582.2236836
2005,절세계좌,2013-06-30,4000000.0,211455.63471995687,176228365.16906345
2005,절세계좌,2013-07-31,4000000.0,9356.200757593173,180107516.61082286
2005,절세계좌,2013-08-31,4000000.0,239356.73463395002,173039419.31259918
2005,절세계좌,2013-09-30,4000000.0,242038.0578609446,171257864.5562505
2005,절세계좌,2013-10-31,4000000.0,300354.8399067938,173237968.6154791
2005,절세계좌,2013-11-30,4000000.0,407726.6702649154,174463059.2089696
2005,절세계좌,2013-12-31,4000000.0,390623.4251500088,174753006.26359525
2005,절세계좌,2014-01-31,4000000.0,235574.78349872582,171238293.80117515
2005,절세계좌,2014-02-28,4000000.0,38999.635598748355,173630534.17638588
2005,절세계좌,2014-03-31,3999999.9999999995,261294.28825872348,164407395.37081596
2005,절세계좌,2014-04-30,4000000.0,255470.5717847839,154731910.06596357
2005,절세계좌,2014-05-31,4000000.0,260974.39493308662,155447196.1312379
2005,절세계좌,2014-06-30,4000000.0,264739.36285769165,154671431.87268683
2005,절세계좌,2014-07-31,4000000.0,152391.8741037159,154845722.57956848
2005,절세계좌,2014-08-31,4000000.0,73620.63899387297,155996395.70303088
2005,절세계좌,2014-09-30,4000000.0,402825.0524653436,156565904.91542235
2005,절세계좌,2014-10-31,4000000.0,553329.8635955309,158971179.68656087
2005,절세계좌,2014-11-30,4000000.0,627053.9981605671,167610370.1560955
2005,절세계좌,2014-12-31,4000000.0,292060.44341626135,156443549.40230536
2006,세전 기준,2005-12-31,0.0,0.0,400000000.0
2006,세전 기준,2006-01-31,4000000.0,0.0,395558732.46383196
2006,세전 기준,2006-02-28,4000000.0,0.0,390950656.12662286
2006,세전 기준,2006-03-31,4000000.0,0.0,389071771.8868233
2006,세전 기준,2006-04-30,4000000.0,0.0,380865706.2071049
2006,세전 기준,2006-05-31,4000000.0,0.0,365427884.5391052
2006,세전 기준,2006-06-30,4000000.0,0.0,361941117.0111401
2006,세전 기준,2006-07-31,4000000.0,0.0,349911776.83357203
2006,세전 기준,2006-08-31,4000000.0,0.0,359244080.01820815
2006,세전 기준,2006-09-30,4000000.0,0.0,363968531.20282716
2006,세전 기준,2006-10-31,4000000.0,0.0,374390632.04889745
2006,세전 기준,2006-11-30,4000000.0,0.0,377802792.11117935
2006,세전 기준,2006-12-31,4000000.0,0.0,367103987.7267327
2006,세전 기준,2007-01-31,4000000.0,0.0,375277809.2592563
2006,세전 기준,2007-02-28,4000000.0,0.0,365485998.3818723
2006,세전 기준,2007-03-31,4000000.0,0.0,362936389.36310136
2006,세전 기준,2007-04-30,4000000.0,0.0,375084393.5647425
2006,세전 기준,2007-05-31,4000000.0,0.0,381421861.09055066
2006,세전 기준,2007-06-30,4000000.0,0.0,377266053.0052705
2006,세전 기준,2007-07-31,4000000.0,0.0,371241304.61565673
2006,세전 기준,2007-08-31,4000000.0,0.0,385640948.47251374
2006,세전 기준,2007-09-30,4000000.0,0.0,391294812.1594608
2006,세전 기준,2007-10-31,4000000.0,0.0,410079556.29678625
2006,세전 기준,2007-11-30,4000000.0,0.0,385851447.0068695
2006,세전 기준,2007-12-31,4000000.0,0.0,387814783.60245633
2006,세전 기준,2008-01-31,4000000.0,0.0,340479089.5660665
2006,세전 기준,2008-02-29,4000000.0,0.0,319826274.5745296
2006,세전 기준,2008-03-31,4000000.0,0.0,337641960.8929128
2006,세전 기준,2008-04-30,4000000.0,0.0,366643068.6816162
2006,세전 기준,2008-05-31,4000000.0,0.0,393470253.4378702
2006,세전 기준,2008-06-30,4000000.0,0.0,357965736.22168654
2006,세전 기준,2008-07-31,4000000.0,0.0,344115124.8079612
2006,세전 기준,2008-08-31,4000000.0,0.0,371859691.18594366
2006,세전 기준,2008-09-30,4000000.0,0.0,343753140.12133074
2006,세전 기준,2008-10-31,4000000.0,0.0,303719363.6259798
2006,세전 기준,2008-11-30,4000000.0,0.0,305004777.9096601
2006,세전 기준,2008-12-31,4000000.0,0.0,264175814.28686327
2006,세전 기준,2009-01-31,4000000.0,0.0,278271679.59531504
2006,세전 기준,2009-02-28,4000000.0,0.0,288810118.0570461
2006,세전 기준,2009-03-31,4000000.0,0.0,281243912.44271344
2006,세전 기준,2009-04-30,4000000.0,0.0,291894261.8863063
2006,세전 기준,2009-05-31,4000000.0,0.0,290655325.50987554
2006,세전 기준,2009-06-30,4000000.0,0.0,301107969.5324993
2006,세전 기준,2009-07-31,4000000.0,0.0,309364406.28883755
2006,세전 기준,2009-08-31,4000000.0,0.0,316539218.73190236
2006,세전 기준,2009-09-30,4000000.0,0.0,310856028.5619157
2006,세전 기준,2009-10-31,4000000.0,0.0,299160338.6673745
2006,세전 기준,2009-11-30,4000000.0,0.0,309412817.59296834
2006,세전 기준,2009-12-31,4000000.0,0.0,321301234.45604515
2006,세전 기준,2010-01-31,4000000.0,0.0,295234804.7724854
2006,세전 기준,2010-02-28,4000000.0,0.0,304907109.3960697
2006,세전 기준,2010-03-31,4000000.0,0.0,316540591.2330462
2006,세전 기준,2010-04-30,4000000.0,0.0,313001553.4318992
2006,세전 기준,2010-05-31,4000000.0,0.0,308492762.24187285
2006,세전 기준,2010-06-30,4000000.0,0.0,292456570.33388287
2006,세전 기준,2010-07-31,4000000.0,0.0,299701613.5445213
2006,세전 기준,2010-08-31,4000000.0,0.0,284176072.4144786
2006,세전 기준,2010-09-30,4000000.0,0.0,302066555.52048576
2006,세전 기준,2010-10-31,4000000.0,0.0,312675190.78697145
2006,세전 기준,2010-11-30,4000000.0,0.0,317355465.0295219
2006,세전 기준,2010-12-31,4000000.0,0.0,320810603.3044605
2006,세전 기준,2011-01-31,4000000.0,0.0,322526945.62440556
2006,세전 기준,2011-02-28,4000000.0,0.0,330088733.7993116
2006,세전 기준,2011-03-31,4000000.0,0.0,316874110.33660287
2006,세전 기준,2011-04-30,4000000.0,0.0,313407300.3889926
2006,세전 기준,2011-05-31,4000000.0,0.0,308369487.49421567
2006,세전 기준,2011-06-30,4000000.0,0.0,294844473.0574552
2006,세전 기준,2011-07-31,4000000.0,0.0,292296481.7266705
2006,세전 기준,2011-08-31,4000000.0,0.0,276086400.85738045
2006,세전 기준,2011-09-30,4000000.0,0.0,288686365.4406307
2006,세전 기준,2011-10-31,4000000.0,0.0,296133332.8431972
2006,세전 기준,2011-11-30,4000000.0,0.0,291417084.57375044
2006,세전 기준,2011-12-31,4000000.0,0.0,290314286.1679956
2006,세전 기준,2012-01-31,4000000.0,0.0,301842666.3120715
2006,세전 기준,2012-02-29,4000000.0,0.0,314737221.0653273
2006,세전 기준,2012-03-31,4000000.0,0.0,330873757.5822419
2006,세전 기준,2012-04-30,4000000.0,0.0,322613771.969946
2006,세전 기준,2012-05-31,4000000.0,0.0,309157516.24843144
2006,세전 기준,2012-06-30,4000000.0,0.0,305811670.4067163
2006,세전 기준,2012-07-31,4000000.0,0.0,301911998.1072175
2006,세전 기준,2012-08-31,4000000.0,0.0,314389959.81266403
2006,세전 기준,2012-09-30,4000000.0,0.0,307028004.97205293
2006,세전 기준,2012-10-31,4000000.0,0.0,281312560.1709071
2006,세전 기준,2012-11-30,4000000.0,0.0,278793051.06074834
2006,세전 기준,2012-12-31,4000000.0,0.0,268743008.1450697
2006,세전 기준,2013-01-31,4000000.0,0.0,278208074.68249375
2006,세전 기준,2013-02-28,4000000.0,0.0,274251103.4436487
2006,세전 기준,2013-03-31,4000000.0,0.0,285996592.8884325
2006,세전 기준,2013-04-30,4000000.0,0.0,286364149.71762663
2006,세전 기준,2013-05-31,4000000.0,0.0,300100046.94332236
2006,세전 기준,2013-06-30,4000000.0,0.0,292052761.11626166
2006,세전 기준,2013-07-31,4000000.0,0.0,301381821.79570293
2006,세전 기준,2013-08-31,4000000.0,0.0,292648365.9106593
2006,세전 기준,2013-09-30,4000000.0,0.0,292809593.5684871
2006,세전 기준,2013-10-31,4000000.0,0.0,299744784.97398955
2006,세전 기준,2013-11-30,4000000.0,0.0,305490960.2092218
2006,세전 기준,2013-12-31,4000000.0,0.0,309686803.94070727
2006,세전 기준,2014-01-31,4000000.0,0.0,306964272.9414945
2006,세전 기준,2014-02-28,4000000.0,0.0,314493007.9586898
2006,세전 기준,2014-03-31,4000000.0,0.0,301505732.68090194
2006,세전 기준,2014-04-30,4000000.0,0.0,287566000.2890042
2006,세전 기준,2014-05-31,4000000.0,0.0,292814275.68564427
2006,세전 기준,2014-06-30,4000000.0,0.0,295386422.0059309
2006,세전 기준,2014-07-31,4000000.0,0.0,299649378.33392704
2006,세전 기준,2014-08-31,4000000.0,0.0,306404544.6347796
2006,세전 기준,2014-09-30,4000000.0,0.0,312293459.54871494
2006,세전 기준,2014-10-31,4000000.0,0.0,322173408.1632409
2006,세전 기준,2014-11-30,4000000.0,0.0,345058980.76898676
2006,세전 기준,2014-12-31,4000000.0,0.0,326905931.74511397
2006,세전 기준,2015-01-31,4000000.0,0.0,320033629.1682588
2006,세전 기준,2015-02-28,4000000.0,0.0,338007628.4590182
2006,세전 기준,2015-03-31,4000000.0,0.0,328151128.23739254
2006,세전 기준,2015-04-30,4000000.0,0.0,321108204.83354133
2006,세전 기준,2015-05-31,4000000.0,0.0,335076901.4073932
2006,세전 기준,2015-06-30,4000000.0,0.0,324325400.9685836
2006,세전 기준,2015-07-31,4000000.0,0.0,347963476.76990676
2006,세전 기준,2015-08-31,4000000.0,0.0,326602024.4469021
2006,세전 기준,2015-09-30,4000000.0,0.0,315954864.79316866
2006,세전 기준,2015-10-31,4000000.0,0.0,334773274.4318216
2006,세전 기준,2015-11-30,4000000.0,0.0,335436925.99049795
2006,세전 기준,2015-12-31,4000000.0,0.0,331793734.33754706
2006,미국계좌,2005-12-31,0.0,0.0,400000000.0
2006,미국계좌,2006-01-31,4000000.0,0.0,395558732.46383196
2006,미국계좌,2006-02-28,4000000.0,0.0,390950656.12662286
2006,미국계좌,2006-03-31,4000000.0,0.0,389071771.8868233
2006,미국계좌,2006-04-30,4000000.0,0.0,380865706.2071049
2006,미국계좌,2006-05-31,4000000.0,0.0,365427884.5391052
2006,미국계좌,2006-06-30,4000000.0,0.0,361941117.0111401
2006,미국계좌,2006-07-31,4000000.0,0.0,349911776.83357203
2006,미국계좌,2006-08-31,4000000.0,0.0,359244080.01820815
2006,미국계좌,2006-09-30,4000000.0,0.0,363968531.20282716
2006,미국계좌,2006-10-31,4000000.0,0.0,374390632.04889745
2006,미국계좌,2006-11-30,4000000.0,0.0,377802792.11117935
2006,미국계좌,2006-12-31,4000000.0,0.0,367103987.7267327
2006,미국계좌,2007-01-31,4000000.0,0.0,375277809.2592563
2006,미국계좌,2007-02-28,4000000.0,0.0,365485998.3818723
2006,미국계좌,2007-03-31,4000000.0,0.0,362936389.36310136
2006,미국계좌,2007-04-30,4000000.0,0.0,375084393.5647425
2006,미국계좌,2007-05-31,4000000.0,0.0,381421861.09055066
2006,미국계좌,2007-06-30,4000000.0,0.0,377266053.0052705
2006,미국계좌,2007-07-31,4000000.0,0.0,371241304.61565673
2006,미국계좌,2007-08-31,4000000.0,0.0,385640948.47251374
2006,미국계좌,2007-09-30,4000000.0,0.0,391294812.1594608
2006,미국계좌,2007-10-31,4000000.0,0.0,410079556.29678625
2006,미국계좌,2007-11-30,4000000.0,30743.981900720202,385820703.02496874
2006,미국계좌,2007-12-31,3999999.9999999995,172624.87596190002,387610939.5961557
2006,미국계좌,2008-01-31,4000000.0,0.0,340298023.75663126
2006,미국계좌,2008-02-29,4000000.0,0.0,319654064.6846447
2006,미국계좌,2008-03-31,4000000.0,0.0,337458004.38545054
2006,미국계좌,2008-04-30,4000000.0,0.0,366441132.27463216
2006,미국계좌,2008-05-31,4000000.0,0.0,393251338.3083658
2006,미국계좌,2008-06-30,4000000.0,0.0,357764349.2671995
2006,미국계좌,2008-07-31,4000000.0,0.0,343919279.68173236
2006,미국계좌,2008-08-31,4000000.0,0.0,371645779.3774879
2006,미국계좌,2008-09-30,4000000.0,120123.51657315202,343432972.05875623
2006,미국계좌,2008-10-31,4000000.0,67783.19769206145,303364973.84650046
2006,미국계좌,2008-11-30,4000000.0,82221.75311134325,304561999.1812077
2006,미국계좌,2008-12-31,4000000.0,0.0,263786500.56245077
2006,미국계좌,2009-01-31,4000000.0,0.0,277855698.14305353
2006,미국계좌,2009-02-28,4000000.0,0.0,288372403.45265895
2006,미국계좌,2009-03-31,4000000.0,0.0,280811602.70533764
2006,미국계좌,2009-04-30,4000000.0,0.0,291439432.59049666
2006,미국계좌,2009-05-31,4000000.0,0.0,290196193.9279727
2006,미국계좌,2009-06-30,4000000.0,0.0,300626007.93603843
2006,미국계좌,2009-07-31,4000000.0,0.0,308862826.7067246
2006,미국계좌,2009-08-31,4000000.0,0.0,316019521.17098695
2006,미국계좌,2009-09-30,4000000.0,0.0,310339094.4810816
2006,미국계좌,2009-10-31,4000000.0000000005,171857.81767899424,298484344.2185374
2006,미국계좌,2009-11-30,4000000.0,221406.04352426363,308483211.63955295
2006,미국계좌,2009-12-31,4000000.0000000005,258182.071919165,320065710.95866024
2006,미국계좌,2010-01-31,4000000.0,0.0,294084134.9558638
2006,미국계좌,2010-02-28,4000000.0,0.0,303703152.13501513
2006,미국계좌,2010-03-31,4000000.0,0.0,315274903.55183023
2006,미국계좌,2010-04-30,4000000.0,0.0,311734022.59314597
2006,미국계좌,2010-05-31,4000000.0,101852.01151503235,307125439.791998
2006,미국계좌,2010-06-30,4000000.0,246672.80721469308,290895922.6992374
2006,미국계좌,2010-07-31,4000000.0000000005,273875.3014823372,297807083.23680955
2006,미국계좌,2010-08-31,3999999.9999999995,245587.3584573141,282108812.1704816
2006,미국계좌,2010-09-30,4000000.0000000005,298500.5225651884,299541550.78569484
2006,미국계좌,2010-10-31,4000000.0,330824.46307433397,309697246.53683513
2006,미국계좌,2010-11-30,4000000.0000000005,349090.59216683503,313945758.54094857
2006,미국계좌,2010-12-31,4000000.0000000005,364309.27064812894,316956488.61470103
2006,미국계좌,2011-01-31,4000000.0,0.0,318604156.64931995
2006,미국계좌,2011-02-28,4000000.0,0.0,326025322.6039739
2006,미국계좌,2011-03-31,4000000.0,0.0,312924131.6832009
2006,미국계좌,2011-04-30,3999999.9999999995,329342.36028072383,309121332.9209091
2006,미국계좌,2011-05-31,4000000.0,379098.5802687464,303718613.94329226
2006,미국계좌,2011-06-30,4000000.0,358804.6564777809,289978452.5059267
2006,미국계좌,2011-07-31,4000000.0,362011.78680863034,287044485.8934369
2006,미국계좌,2011-08-31,3999999.9999999995,333784.64992744976,270720011.6356883
2006,미국계좌,2011-09-30,4000000.0000000005,372198.6557857633,282625118.1683279
2006,미국계좌,2011-10-31,4000000.0,396920.7340292613,289434824.771483
2006,미국계좌,2011-11-30,4000000.0,395401.07062771905,284339376.8997409
2006,미국계좌,2011-12-31,3999999.9999999995,401592.6250430936,282764620.9279625
2006,미국계좌,2012-01-31,4000000.0,0.0,293889183.2876807
2006,미국계좌,2012-02-29,4000000.0,0.0,306338570.51019466
2006,미국계좌,2012-03-31,4000000.0,172116.53199677088,321765654.1958855
2006,미국계좌,2012-04-30,3999999.9999999995,493347.8972045652,313129587.1316441
2006,미국계좌,2012-05-31,3999999.9999999995,476613.24750943336,299474712.7336313
2006,미국계좌,2012-06-30,3999999.9999999995,477814.56752596935,295630564.23708785
2006,미국계좌,2012-07-31,4000000.0000000005,478000.82656503614,291249550.9933327
2006,미국계좌,2012-08-31,3999999.9999999995,507579.0391195531,302637991.25150615
2006,미국계좌,2012-09-30,4000000.0,501690.16026094445,294900016.8910529
2006,미국계좌,2012-10-31,4000000.0,460216.73886812397,269582142.43057865
2006,미국계좌,2012-11-30,4000000.0000000005,463260.3751617667,266537638.13829458
2006,미국계좌,2012-12-31,4000000.0,450459.7881716101,256303088.168374
2006,미국계좌,2013-01-31,4000000.0,0.0,265144866.48943624
2006,미국계좌,2013-02-28,4000000.0,0.0,261185874.84314653
2006,미국계좌,2013-03-31,4000000.0,233732.6479465784,271947521.9177628
2006,미국계좌,2013-04-30,4000000.0000000005,517992.6235265989,271582537.7078633
2006,미국계좌,2013-05-31,4000000.0,549566.097543209,283853373.1229742
2006,미국계좌,2013-06-30,4000000.0000000005,542559.007896749,275482638.3260183
2006,미국계좌,2013-07-31,4000000.0,565315.0642238316,283490136.4355016
2006,미국계좌,2013-08-31,3999999.999999999,557333.1813972059,274480351.3886695
2006,미국계좌,2013-09-30,4000000.0,564456.8870236061,273818787.4023959
2006,미국계좌,2013-10-31,4000000.0000000005,582593.186366866,279462159.8825789
2006,미국계좌,2013-11-30,3999999.9999999995,597998.6070099627,283950848.74560606
2006,미국계좌,2013-12-31,4000000.0,610452.9462226004,286958352.09552985
2006,미국계좌,2014-01-31,4000000.0,0.0,284142065.4299515
2006,미국계좌,2014-02-28,4000000.0,0.0,290813661.0139915
2006,미국계좌,2014-03-31,3999999.9999999995,586881.1550760888,277916189.92549044
2006,미국계좌,2014-04-30,4000000.0,600344.6222394883,264153788.81207696
2006,미국계좌,2014-05-31,4000000.0000000005,615146.446247772,268033968.5989193
2006,미국계좌,2014-06-30,4000000.0,625304.6546873638,269424622.2041713
2006,미국계좌,2014-07-31,4000000.0,637680.6620193298,272323658.605319
2006,미국계좌,2014-08-31,4000000.0,653102.1731966139,277444934.24742633
2006,미국계좌,2014-09-30,4000000.0000000005,666619.26118762,281732586.0508063
2006,미국계좌,2014-10-31,4000000.0,684562.2769217055,289569687.92616475
2006,미국계좌,2014-11-30,4000000.0,715986.2506973455,309018473.4160867
2006,미국계좌,2014-12-31,4000000.0000000005,699828.1643020982,291643845.1529914
2006,미국계좌,2015-01-31,4000000.0,0.0,285081366.81714404
2006,미국계좌,2015-02-28,4000000.0,123515.66274804316,300531974.5630179
2006,미국계좌,2015-03-31,4000000.0,715311.8098102433,290609485.67363083
2006,미국계좌,2015-04-30,4000000.0,711761.0702696424,283202922.33317757
2006,미국계좌,2015-05-31,4000000.0000000005,732125.2010239369,294318375.3118234
2006,미국계좌,2015-06-30,3999999.9999999995,724621.4178541364,283663501.370679
2006,미국계좌,2015-07-31,4000000.0,754000.4621608192,303082486.83419037
2006,미국계좌,2015-08-31,3999999.9999999995,735852.722463992,283224494.8747139
2006,미국계좌,2015-09-30,4000000.0000000005,728337.0689195335,272731838.2536775
2006,미국계좌,2015-10-31,4000000.0,753301.5719893666,287675358.91877943
2006,미국계좌,2015-11-30,4000000.0,758080.7475966532,286924819.2100884
2006,미국계좌,2015-12-31,4000000.0,758445.677824327,282471578.95998317
2006,절세계좌,2005-12-31,0.0,0.0,400000000.0
2006,절세계좌,2006-01-31,4000000.0,0.0,395558732.46383196
2006,절세계좌,2006-02-28,4000000.0,0.0,390950656.1266228
2006,절세계좌,2006-03-31,4000000.0,0.0,389071771.8868233
2006,절세계좌,2006-04-30,4000000.0,0.0,380893141.713614
2006,절세계좌,2006-05-31,4000000.0,0.0,365514719.751609
2006,절세계좌,2006-06-30,4000000.0,0.0,362025766.0044008
2006,절세계좌,2006-07-31,4000000.0,0.0,350025429.0890451
2006,절세계좌,2006-08-31,4000000.0,0.0,359316137.318543
2006,절세계좌,2006-09-30,4000000.0,0.0,364016484.6802263
2006,절세계좌,2006-10-31,4000000.0,0.0,374402725.19538516
2006,절세계좌,2006-11-30,4000000.0,14732.862303308126,377800391.81464875
2006,절세계좌,2006-12-31,3999999.9999999995,6061.710532464899,367095568.27921987
2006,절세계좌,2007-01-31,4000000.0,30901.262510609442,375060289.226463
2006,절세계좌,2007-02-28,4000000.0,20908.052232270802,365250927.36955637
2006,절세계좌,2007-03-31,3999999.9999999995,23462.72729160104,362676922.7700392
2006,절세계좌,2007-04-30,4000000.0,13410.981270284517,374799971.6323414
2006,절세계좌,2007-05-31,4000000.0,25384.733779246777,381104215.64851
2006,절세계좌,2007-06-30,4000000.0,67679.14219510347,376880858.17691183
2006,절세계좌,2007-07-31,4000000.0,64370.40485519436,370793806.6837602
2006,절세계좌,2007-08-31,4000000.0,1066.9596822638339,385170204.46866703
2006,절세계좌,2007-09-30,4000000.0,46673.78243206428,390765610.09959126
2006,절세계좌,2007-10-31,4000000.0,0.0,409519539.2780766
2006,절세계좌,2007-11-30,4000000.0,111771.3446440883,385207282.7600675
2006,절세계좌,2007-12-31,3999999.9999999995,120656.1070249801,387040007.6860513
2006,절세계좌,2008-01-31,4000000.0,49432.37700709229,339741457.270991
2006,절세계좌,2008-02-29,4000000.0,17475.39589552183,319107244.44167626
2006,절세계좌,2008-03-31,4000000.0,59299.15998660598,336814585.79902774
2006,절세계좌,2008-04-30,4000000.0,115220.93416126369,365619605.05470043
2006,절세계좌,2008-05-31,4000000.0,0.0,392360737.44828
2006,절세계좌,2008-06-30,4000000.0,113639.02051038721,356831418.3353336
2006,절세계좌,2008-07-31,4000000.0,97259.24936049785,342914762.1813124
2006,절세계좌,2008-08-31,4000000.0,147950.9877503138,370400644.30720294
2006,절세계좌,2008-09-30,4000000.0,109742.7715040662,342278936.1143318
2006,절세계좌,2008-10-31,4000000.0,42480.72395869818,302357211.7021348
2006,절세계좌,2008-11-30,4000000.0,44230.12894169717,303574691.28582174
2006,절세계좌,2008-12-31,4000000.0,0.0,262918408.91939
2006,절세계좌,2009-01-31,4000000.0,0.0,276928142.8072598
2006,절세계좌,2009-02-28,4000000.0,0.0,287396387.5398173
2006,절세계좌,2009-03-31,4000000.0,0.0,279847638.5635747
2006,절세계좌,2009-04-30,4000000.0,0.0,290425254.34310114
2006,절세계좌,2009-05-31,4000000.0,0.0,289172422.44414765
2006,절세계좌,2009-06-30,4000000.0,0.0,299551330.0915943
2006,절세계좌,2009-07-31,4000000.0,10060.607003087805,307734344.07589114
2006,절세계좌,2009-08-31,4000000.0,102663.46213905435,314747612.2058531
2006,절세계좌,2009-09-30,4000000.0,101000.01132755804,308972948.8519103
2006,절세계좌,2009-10-31,4000000.0,93077.4875448241,297230799.8274026
2006,절세계좌,2009-11-30,4000000.0,107296.72748853514,307284055.69671947
2006,절세계좌,2009-12-31,4000000.0,0.0,319063160.1639074
2006,절세계좌,2010-01-31,3999999.9999999995,101124.51722799736,293049313.15032554
2006,절세계좌,2010-02-28,4000000.0,115006.86858149839,302505400.93032736
2006,절세계좌,2010-03-31,4000000.0,35569.24208933603,313980170.8876051
2006,절세계좌,2010-04-30,4000000.0,125841.35860290755,310311563.1160275
2006,절세계좌,2010-05-31,4000000.0,129679.85263006565,305677464.7142061
2006,절세계좌,2010-06-30,4000000.0,118011.58507593517,289633103.2189713
2006,절세계좌,2010-07-31,4000000.0,129083.26544949428,296640500.0032275
2006,절세계좌,2010-08-31,4000000.0,117568.09352293862,281115111.1669719
2006,절세계좌,2010-09-30,4000000.0,38583.60127664615,298731220.5155947
2006,절세계좌,2010-10-31,4000000.0,0.0,309178551.2891217
2006,절세계좌,2010-11-30,4000000.0,42580.867423846415,313719173.3561849
2006,절세계좌,2010-12-31,4000000.0,77060.41161717032,317011829.47568923
2006,절세계좌,2011-01-31,4000000.0,101055.06286417396,318559428.5348813
2006,절세계좌,2011-02-28,4000000.0,33106.88625881432,325945884.2117099
2006,절세계좌,2011-03-31,3999999.9999999995,171563.10649095738,312675347.7544453
2006,절세계좌,2011-04-30,4000000.0,171986.09072986073,309029486.6439894
2006,절세계좌,2011-05-31,4000000.0,171150.9946303079,303835019.3905886
2006,절세계좌,2011-06-30,4000000.0,163130.07722076064,290286936.9641409
2006,절세계좌,2011-07-31,4000000.0,164400.56092915367,287552100.75848377
2006,절세계좌,2011-08-31,4000000.0,153180.88621718166,271387025.70352817
2006,절세계좌,2011-09-30,4000000.0,168428.7805133982,283536006.98393035
2006,절세계좌,2011-10-31,4000000.0,178159.12174244793,290600593.68582606
2006,절세계좌,2011-11-30,4000000.0,177562.85239776035,285720164.4241346
2006,절세계좌,2011-12-31,4000000.0,156761.06551736733,284403967.48370403
2006,절세계좌,2012-01-31,4000000.0,0.0,295616215.4921082
2006,절세계좌,2012-02-29,4000000.0,0.0,308162267.1143071
2006,절세계좌,2012-03-31,4000000.0,0.0,323878145.4075657
2006,절세계좌,2012-04-30,4000000.0,155357.98434002383,315463615.91488075
2006,절세계좌,2012-05-31,4000000.0,209092.47570506373,302007848.67786807
2006,절세계좌,2012-06-30,4000000.0,209553.795212496,298437320.87964445
2006,절세계좌,2012-07-31,4000000.0,209625.30752870333,294325603.96818125
2006,절세계좌,2012-08-31,4000000.0,313228.7978984596,306076281.412915
2006,절세계좌,2012-09-30,4000000.0,218691.99386720246,298584537.5807972
2006,절세계좌,2012-10-31,4000000.0,202781.37129941458,273263500.09178084
2006,절세계좌,2012-11-30,4000000.0,203954.95393621924,270497675.4586744
2006,절세계좌,2012-12-31,4000000.0,199012.8452385157,260428636.3022001
2006,절세계좌,2013-01-31,4000000.0,209894.32581682713,269267226.25236034
2006,절세계좌,2013-02-28,4000000.0,209927.99759670722,265098944.18893898
2006,절세계좌,2013-03-31,3999999.9999999995,201211.35484146225,276117772.33489734
2006,절세계좌,2013-04-30,4000000.0,146849.4779895765,276187616.664493
2006,절세계좌,2013-05-31,4000000.0,0.0,289293232.67474246
2006,절세계좌,2013-06-30,4000000.0,211837.04495405516,281179855.41879946
2006,절세계좌,2013-07-31,4000000.0,11104.162792799274,289818619.95580876
2006,절세계좌,2013-08-31,3999999.9999999995,239767.52065679643,281027006.3946334
2006,절세계좌,2013-09-30,4000000.0,242443.59670427642,280780543.9405776
2006,절세계좌,2013-10-31,4000000.0,327676.4522315123,286843968.8427012
2006,절세계좌,2013-11-30,4000000.0,413602.2930459812,291757072.8866915
2006,절세계좌,2013-12-31,4000000.0,395415.72060475143,295189042.2229057
2006,절세계좌,2014-01-31,4000000.0,235910.39246667826,292170797.05224824
2006,절세계좌,2014-02-28,4000000.0,39052.08157366847,299104877.66361207
2006,절세계좌,2014-03-31,4000000.0,261661.9397753703,286295687.4657679
2006,절세계좌,2014-04-30,4000000.0,255849.71946950126,272601534.55696607
2006,절세계좌,2014-05-31,4000000.0,261342.6787781545,277107202.1039998
2006,절세계좌,2014-06-30,4000000.0,265100.1982793804,279061706.7196193
2006,절세계좌,2014-07-31,4000000.0,152590.92396411448,282715414.6762245
2006,절세계좌,2014-08-31,4000000.0,75086.14294070385,288434219.2102015
2006,절세계좌,2014-09-30,4000000.0,422551.3517009446,293272993.72715914
2006,절세계좌,2014-10-31,4000000.0,559866.2839620603,301747707.44638854
2006,절세계좌,2014-11-30,4000000.0,634480.4031381535,322294262.1368006
2006,절세계좌,2014-12-31,4000000.0,292366.81784689793,304782571.24290854
2006,절세계좌,2015-01-31,4000000.0,291106.09628676885,297813545.6604618
2006,절세계좌,2015-02-28,4000000.0,0.0,314261879.9749813
2006,절세계좌,2015-03-31,3999999.9999999995,297966.6492155915,304518844.591333
2006,절세계좌,2015-04-30,4000000.0,296684.4488491202,297398377.31992304
2006,절세계좌,2015-05-31,4000000.0,98597.29766846022,309647065.734688
2006,절세계좌,2015-06-30,4000000.0,301322.89152127615,299106630.89184165
2006,절세계좌,2015-07-31,4000000.0,531571.5029350781,320064064.2974918
2006,절세계좌,2015-08-31,4000000.0,305361.30616208597,299789276.992398
2006,절세계좌,2015-09-30,3999999.9999999995,302660.2037944435,289385162.91666114
2006,절세계좌,2015-10-31,4000000.0,393301.867210619,305891394.2631689
2006,절세계좌,2015-11-30,4000000.0,413560.638491118,305739138.1749357
2006,절세계좌,2015-12-31,4000000.0,321109.5986797082,301743247.0243988
2007,세전 기준,2006-12-31,0.0,0.0,400000000.0
2007,세전 기준,2007-01-31,4000000.0,0.0,397105392.65344673
2007,세전 기준,2007-02-28,4000000.0,0.0,392059439.6536472
2007,세전 기준,2007-03-31,4000000.0,0.0,388456514.5334045
2007,세전 기준,2007-04-30,4000000.0,0.0,390409180.3139845
2007,세전 기준,2007-05-31,4000000.0,0.0,391179216.01357806
2007,세전 기준,2007-06-30,4000000.0,0.0,387092950.82362807
2007,세전 기준,2007-07-31,4000000.0,0.0,381781139.91118646
2007,세전 기준,2007-08-31,4000000.0,0.0,391482581.8649794
2007,세전 기준,2007-09-30,4000000.0,0.0,395580416.8142904
2007,세전 기준,2007-10-31,4000000.0,0.0,412829015.49470747
2007,세전 기준,2007-11-30,4000000.0,0.0,388465282.85978425
2007,세전 기준,2007-12-31,4000000.0,0.0,390469016.3052921
2007,세전 기준,2008-01-31,4000000.0,0.0,342836729.6139163
2007,세전 기준,2008-02-29,4000000.0,0.0,322068602.56728804
2007,세전 기준,2008-03-31,4000000.0,0.0,340037240.4346897
2007,세전 기준,2008-04-30,4000000.0,0.0,369272462.721879
2007,세전 기준,2008-05-31,4000000.0,0.0,396320725.7496182
2007,세전 기준,2008-06-30,4000000.0,0.0,360587975.8951726
2007,세전 기준,2008-07-31,4000000.0,0.0,346665204.8822359
2007,세전 기준,2008-08-31,4000000.0,0.0,374645015.747749
2007,세전 기준,2008-09-30,4000000.0,0.0,346357900.4263151
2007,세전 기준,2008-10-31,4000000.0,0.0,306051081.04146314
2007,세전 기준,2008-11-30,4000000.0,0.0,307377072.561926
2007,세전 기준,2008-12-31,4000000.0,0.0,266261657.18565288
2007,세전 기준,2009-01-31,4000000.0,0.0,280500401.32747924
2007,세전 기준,2009-02-28,4000000.0,0.0,291155280.4338297
2007,세전 기준,2009-03-31,4000000.0,0.0,283560116.9308646
2007,세전 기준,2009-04-30,4000000.0,0.0,294331120.38200384
2007,세전 기준,2009-05-31,4000000.0,0.0,293115234.5489608
2007,세전 기준,2009-06-30,4000000.0,0.0,303690195.9232711
2007,세전 기준,2009-07-31,4000000.0,0.0,312051740.8057682
2007,세전 기준,2009-08-31,4000000.0,0.0,319323624.723728
2007,세전 기준,2009-09-30,4000000.0,0.0,313625628.5375597
2007,세전 기준,2009-10-31,4000000.0,0.0,301861373.1960393
2007,세전 기준,2009-11-30,4000000.0,0.0,312242533.74389833
2007,세전 기준,2009-12-31,4000000.0,0.0,324276257.1594313
2007,세전 기준,2010-01-31,4000000.0,0.0,298005507.9082781
2007,세전 기준,2010-02-28,4000000.0,0.0,307806123.61403066
2007,세전 기준,2010-03-31,4000000.0,0.0,319588246.41320515
2007,세전 기준,2010-04-30,4000000.0,0.0,316053646.75955665
2007,세전 기준,2010-05-31,4000000.0,0.0,311539894.3219607
2007,세전 기준,2010-06-30,4000000.0,0.0,295384815.13046235
2007,세전 기준,2010-07-31,4000000.0,0.0,302742450.2354502
2007,세전 기준,2010-08-31,4000000.0,0.0,287099968.4992609
2007,세전 기준,2010-09-30,4000000.0,0.0,305215683.43884164
2007,세전 기준,2010-10-31,4000000.0,0.0,315976617.79414064
2007,세전 기준,2010-11-30,4000000.0,0.0,320748543.9894471
2007,세전 기준,2010-12-31,4000000.0,0.0,324283390.5902584
2007,세전 기준,2011-01-31,4000000.0,0.0,326061612.5386369
2007,세전 기준,2011-02-28,4000000.0,0.0,333750109.7240167
2007,세전 기준,2011-03-31,4000000.0,0.0,320433276.773231
2007,세전 기준,2011-04-30,4000000.0,0.0,316972455.6775873
2007,세전 기준,2011-05-31,4000000.0,0.0,311922837.1735415
2007,세전 기준,2011-06-30,4000000.0,0.0,298288065.7460053
2007,세전 기준,2011-07-31,4000000.0,0.0,295757032.9370649
2007,세전 기준,2011-08-31,4000000.0,0.0,279402394.69957924
2007,세전 기준,2011-09-30,4000000.0,0.0,292201736.6522611
2007,세전 기준,2011-10-31,4000000.0,0.0,299788095.2574777
2007,세전 기준,2011-11-30,4000000.0,0.0,295063007.3304708
2007,세전 기준,2011-12-31,4000000.0,0.0,293996455.8497674
2007,세전 기준,2012-01-31,4000000.0,0.0,305721788.51494825
2007,세전 기준,2012-02-29,4000000.0,0.0,318833463.1447668
2007,세전 기준,2012-03-31,4000000.0,0.0,335232072.6632017
2007,세전 기준,2012-04-30,4000000.0,0.0,326915973.92886674
2007,세전 기준,2012-05-31,4000000.0,0.0,313333614.71945477
2007,세전 기준,2012-06-30,4000000.0,0.0,309996605.18944687
2007,세전 기준,2012-07-31,4000000.0,0.0,306098305.84240264
2007,세전 기준,2012-08-31,4000000.0,0.0,318804750.74487364
2007,세전 기준,2012-09-30,4000000.0,0.0,311395585.9750598
2007,세전 기준,2012-10-31,4000000.0,0.0,285371231.35901296
2007,세전 기준,2012-11-30,4000000.0,0.0,282873082.2112932
2007,세전 기준,2012-12-31,4000000.0,0.0,272734499.1994243
2007,세전 기준,2013-01-31,4000000.0,0.0,282399554.9123858
2007,세전 기준,2013-02-28,4000000.0,0.0,278443231.9444507
2007,세전 기준,2013-03-31,4000000.0,0.0,290429402.70001763
2007,세전 기준,2013-04-30,4000000.0,0.0,290864654.56211257
2007,세전 기준,2013-05-31,4000000.0,0.0,304879289.5120111
2007,세전 기준,2013-06-30,4000000.0,0.0,296767548.64434195
2007,세전 기준,2013-07-31,4000000.0,0.0,306311788.556509
2007,세전 기준,2013-08-31,4000000.0,0.0,297500903.3824727
2007,세전 기준,2013-09-30,4000000.0,0.0,297731130.2745025
2007,세전 기준,2013-10-31,4000000.0,0.0,304850120.117869
2007,세전 기준,2013-11-30,4000000.0,0.0,310762294.8748316
2007,세전 기준,2013-12-31,4000000.0,0.0,315099560.2547551
2007,세전 기준,2014-01-31,4000000.0,0.0,312399357.0664533
2007,세전 기준,2014-02-28,4000000.0,0.0,320132218.91597456
2007,세전 기준,2014-03-31,4000000.0,0.0,306983791.75264376
2007,세전 기준,2014-04-30,4000000.0,0.0,292863464.31628036
2007,세전 기준,2014-05-31,4000000.0,0.0,298282108.9713822
2007,세전 기준,2014-06-30,4000000.0,0.0,300976979.50081015
2007,세전 기준,2014-07-31,4000000.0,0.0,305396322.6123139
2007,세전 기준,2014-08-31,4000000.0,0.0,312357761.12964636
2007,세전 기준,2014-09-30,4000000.0,0.0,318438810.4371892
2007,세전 기준,2014-10-31,4000000.0,0.0,328591890.46687037
2007,세전 기준,2014-11-30,4000000.0,0.0,352013089.43910235
2007,세전 기준,2014-12-31,4000000.0,0.0,333574808.47979015
2007,세전 기준,2015-01-31,4000000.0,0.0,326643910.9679105
2007,세전 기준,2015-02-28,4000000.0,0.0,345071782.3344101
2007,세전 기준,2015-03-31,4000000.0,0.0,335092884.81978416
2007,세전 기준,2015-04-30,4000000.0,0.0,327985590.9727111
2007,세전 기준,2015-05-31,4000000.0,0.0,342339134.96838456
2007,세전 기준,2015-06-30,4000000.0,0.0,331441307.00634724
2007,세전 기준,2015-07-31,4000000.0,0.0,355685779.808582
2007,세전 기준,2015-08-31,4000000.0,0.0,333939027.2889179
2007,세전 기준,2015-09-30,4000000.0,0.0,323142541.46565634
2007,세전 기준,2015-10-31,4000000.0,0.0,342480048.51010615
2007,세전 기준,2015-11-30,4000000.0,0.0,343251061.41357183
2007,세전 기준,2015-12-31,4000000.0,0.0,339616181.75172234
2007,세전 기준,2016-01-31,4000000.0,0.0,323173487.01075375
2007,세전 기준,2016-02-29,4000000.0,0.0,321488830.1991403
2007,세전 기준,2016-03-31,4000000.0,0.0,311986961.58893144
2007,세전 기준,2016-04-30,4000000.0,0.0,299431658.85192406
2007,세전 기준,2016-05-31,4000000.0,0.0,320781767.47328335
2007,세전 기준,2016-06-30,4000000.0,0.0,300288860.33549726
2007,세전 기준,2016-07-31,4000000.0,0.0,306259171.0144106
2007,세전 기준,2016-08-31,4000000.0,0.0,306334331.875971
2007,세전 기준,2016-09-30,4000000.0,0.0,304064820.21738327
2007,세전 기준,2016-10-31,4000000.0,0.0,308566482.9962364
2007,세전 기준,2016-11-30,4000000.0,0.0,314164265.8630015
2007,세전 기준,2016-12-31,4000000.0,0.0,321249136.39982563
2007,미국계좌,2006-12-31,0.0,0.0,400000000.0
2007,미국계좌,2007-01-31,4000000.0,0.0,397105392.65344673
2007,미국계좌,2007-02-28,4000000.0,0.0,392059439.6536472
2007,미국계좌,2007-03-31,4000000.0,0.0,388456514.5334045
2007,미국계좌,2007-04-30,4000000.0,0.0,390409180.3139845
2007,미국계좌,2007-05-31,4000000.0,0.0,391179216.01357806
2007,미국계좌,2007-06-30,4000000.0,0.0,387092950.82362807
2007,미국계좌,2007-07-31,4000000.0,0.0,381781139.91118646
2007,미국계좌,2007-08-31,4000000.0,0.0,391482581.8649794
2007,미국계좌,2007-09-30,4000000.0,0.0,395580416.8142904
2007,미국계좌,2007-10-31,4000000.0,0.0,412829015.49470747
2007,미국계좌,2007-11-30,4000000.0,0.0,388465282.85978425
2007,미국계좌,2007-12-31,4000000.0,0.0,390469016.3052921
2007,미국계좌,2008-01-31,4000000.0,0.0,342836729.6139163
2007,미국계좌,2008-02-29,4000000.0,0.0,322068602.56728804
2007,미국계좌,2008-03-31,4000000.0,0.0,340037240.4346897
2007,미국계좌,2008-04-30,4000000.0,0.0,369272462.721879
2007,미국계좌,2008-05-31,4000000.0,0.0,396320725.7496182
2007,미국계좌,2008-06-30,4000000.0,0.0,360587975.8951726
2007,미국계좌,2008-07-31,4000000.0,0.0,346665204.8822359
2007,미국계좌,2008-08-31,4000000.0,0.0,374645015.747749
2007,미국계좌,2008-09-30,4000000.0,0.0,346357900.4263151
2007,미국계좌,2008-10-31,4000000.0,0.0,306051081.04146314
2007,미국계좌,2008-11-30,4000000.0,0.0,307377072.561926
2007,미국계좌,2008-12-31,4000000.0,0.0,266261657.18565288
2007,미국계좌,2009-01-31,4000000.0,0.0,280500401.32747924
2007,미국계좌,2009-02-28,4000000.0,0.0,291155280.4338297
2007,미국계좌,2009-03-31,4000000.0,0.0,283560116.9308646
2007,미국계좌,2009-04-30,4000000.0,0.0,294331120.38200384
2007,미국계좌,2009-05-31,4000000.0,0.0,293115234.5489608
2007,미국계좌,2009-06-30,4000000.0,0.0,303690195.9232711
2007,미국계좌,2009-07-31,4000000.0,0.0,312051740.8057682
2007,미국계좌,2009-08-31,4000000.0,0.0,319323624.723728
2007,미국계좌,2009-09-30,4000000.0,0.0,313625628.5375597
2007,미국계좌,2009-10-31,4000000.0,0.0,301861373.1960393
2007,미국계좌,2009-11-30,4000000.0,0.0,312242533.74389833
2007,미국계좌,2009-12-31,4000000.0,0.0,324276257.1594313
2007,미국계좌,2010-01-31,4000000.0,0.0,298005507.9082781
2007,미국계좌,2010-02-28,4000000.0,0.0,307806123.61403066
2007,미국계좌,2010-03-31,4000000.0,0.0,319588246.41320515
2007,미국계좌,2010-04-30,4000000.0,0.0,316053646.75955665
2007,미국계좌,2010-05-31,4000000.0,0.0,311539894.3219607
2007,미국계좌,2010-06-30,4000000.0,0.0,295384815.13046235
2007,미국계좌,2010-07-31,4000000.0,0.0,302742450.2354502
2007,미국계좌,2010-08-31,4000000.0,140109.27958217706,286959859.21967876
2007,미국계좌,2010-09-30,4000000.0000000005,208115.63046870523,304856665.71364754
2007,미국계좌,2010-10-31,4000000.0,243235.8695620272,315357001.27420896
2007,미국계좌,2010-11-30,4000000.0,263107.65330499434,319848618.4472605
2007,미국계좌,2010-12-31,3999999.9999999995,279678.1784810642,323082646.318715
2007,미국계좌,2011-01-31,4000000.0,0.0,324839472.88544405
2007,미국계좌,2011-02-28,4000000.0,0.0,332484159.4063752
2007,미국계좌,2011-03-31,4000000.0,0.0,319202666.2121614
2007,미국계좌,2011-04-30,4000000.0,20777.713513854436,315718996.7090338
2007,미국계좌,2011-05-31,4000000.0,295793.465977094,310377735.4268826
2007,미국계좌,2011-06-30,3999999.9999999995,273683.1219779994,296517006.46968555
2007,미국계좌,2011-07-31,3999999.9999999995,277175.79297415755,293700076.00367695
2007,미국계좌,2011-08-31,4000000.0,246455.01657387635,277184907.8704158
2007,미국계좌,2011-09-30,4000000.0000000005,288273.40295049036,289562647.8580969
2007,미국계좌,2011-10-31,4000000.0,315229.6061013062,296729131.9310371
2007,미국계좌,2011-11-30,4000000.0000000005,313571.63455332577,291697870.98674107
2007,미국계좌,2011-12-31,4000000.0,320327.49881081923,290277536.59607905
2007,미국계좌,2012-01-31,4000000.0,0.0,301803951.072773
2007,미국계좌,2012-02-29,4000000.0,0.0,314696338.8801224
2007,미국계좌,2012-03-31,4000000.0,0.0,330830259.8004053
2007,미국계좌,2012-04-30,4000000.0,386258.6790075859,322184575.5412004
2007,미국계좌,2012-05-31,3999999.9999999995,402354.88109712704,308338545.2793479
2007,미국계좌,2012-06-30,4000000.0000000005,403670.9506255457,304587295.6057515
2007,미국계좌,2012-07-31,4000000.0,403875.00824696757,300283346.6171014
2007,미국계좌,2012-08-31,4000000.0,436304.23573117616,312236114.4201128
2007,미국계좌,2012-09-30,4000000.0,429843.8373514703,304467348.06464475
2007,미국계좌,2012-10-31,3999999.9999999995,384400.22976583935,278548612.9091418
2007,미국계좌,2012-11-30,4000000.0,387731.96699172986,275626825.7387115
2007,미국계좌,2012-12-31,3999999.9999999995,373723.19533341407,265271769.3713826
2007,미국계좌,2013-01-31,4000000.0,0.0,274562913.3893795
2007,미국계좌,2013-02-28,4000000.0,0.0,270605378.3754721
2007,미국계좌,2013-03-31,4000000.0,33723.52908292355,282107833.463035
2007,미국계좌,2013-04-30,4000000.0,447733.21160513524,281968270.4368393
2007,미국계좌,2013-05-31,4000000.0,482422.4108526595,294949487.4875122
2007,미국계좌,2013-06-30,4000000.0000000005,474719.0266188267,286496945.42299
2007,미국계좌,2013-07-31,4000000.0000000005,499746.40553501766,295072696.593379
2007,미국계좌,2013-08-31,4000000.0,490964.5281693621,285947366.316527
2007,미국계좌,2013-09-30,3999999.9999999995,498802.0447981138,285514509.0300282
2007,미국계좌,2013-10-31,4000000.0000000005,518768.50743713276,291658491.5863166
2007,미국계좌,2013-11-30,4000000.0,535743.0409798919,296605998.66456866
2007,미국계좌,2013-12-31,4000000.0,549475.6780657999,300013997.12325346
2007,미국계좌,2014-01-31,4000000.0,0.0,297251565.45438784
2007,미국계좌,2014-02-28,4000000.0,0.0,304415517.8542271
2007,미국계좌,2014-03-31,3999999.9999999995,423253.49533215014,291292973.7910562
2007,미국계좌,2014-04-30,4000000.0,538329.1805119895,277151596.0005613
2007,미국계좌,2014-05-31,3999999.9999999995,554653.1803126293,281510285.44022304
2007,미국계좌,2014-06-30,4000000.0000000005,565863.1744919796,283262853.2310472
2007,미국계좌,2014-07-31,4000000.0,579528.4666390587,286607143.9084876
2007,미국계좌,2014-08-31,4000000.0,596568.6360101003,292297623.13116866
2007,미국계좌,2014-09-30,4000000.0000000005,611515.5488200713,297119735.0376301
2007,미국계좌,2014-10-31,4000000.0,631372.535146594,305693911.7337845
2007,미국계좌,2014-11-30,4000000.0,666192.4585626777,326538067.5870502
2007,미국계좌,2014-12-31,4000000.0,648281.1899325752,308496397.0454744
2007,미국계좌,2015-01-31,4000000.0,0.0,301785846.6695482
2007,미국계좌,2015-02-28,4000000.0,36102.23041261608,318470823.02675915
2007,미국계좌,2015-03-31,4000000.0,665444.5430955674,308287383.35988295
2007,미국계좌,2015-04-30,4000000.0,661507.4068677416,300767147.7232003
2007,미국계좌,2015-05-31,4000000.0,684097.3205184869,312913494.2701085
2007,미국계좌,2015-06-30,4000000.0000000005,675770.6374258759,301932796.06232315
2007,미국계좌,2015-07-31,3999999.9999999995,708389.8093935208,322954248.8109113
2007,미국계좌,2015-08-31,4000000.0,688234.8098994672,302152383.78530365
2007,미국계좌,2015-09-30,3999999.9999999995,679893.3639600319,291322941.47663534
2007,미국계좌,2015-10-31,4000000.0000000005,707613.2701189226,307654808.7035261
2007,미국계좌,2015-11-30,4000000.0,712923.9841560571,307227755.0015171
2007,미국계좌,2015-12-31,4000000.0,713329.5552998659,302841227.3542243
2007,미국계좌,2016-01-31,4000000.0,0.0,287745875.75020796
2007,미국계좌,2016-02-29,4000000.0000000005,108001.37332900669,285699400.09041125
2007,미국계좌,2016-03-31,4000000.0,694873.3197104401,276115148.31130224
2007,미국계좌,2016-04-30,4000000.0000000005,683714.4532216104,263859807.55662856
2007,미국계좌,2016-05-31,4000000.0,715616.8979241699,281482759.6931808
2007,미국계좌,2016-06-30,4000000.0000000005,695142.4885200732,262315257.83999068
2007,미국계좌,2016-07-31,4000000.0,707918.5895665998,266316835.2122855
2007,미국계좌,2016-08-31,4000000.0,712990.7339823927,265147522.6644517
2007,미국계좌,2016-09-30,4000000.0,715135.2423116098,261930210.71186182
2007,미국계좌,2016-10-31,4000000.0,725488.2443998783,264528300.1226283
2007,미국계좌,2016-11-30,4000000.0,736709.2219546335,268019591.43410304
2007,미국계좌,2016-12-31,4000000.0,749065.4086255766,272727242.76637846
2007,절세계좌,2006-12-31,0.0,0.0,400000000.0
2007,절세계좌,2007-01-31,4000000.0,0.0,397105392.6534467
2007,절세계좌,2007-02-28,4000000.0,0.0,392059439.65364707
2007,절세계좌,2007-03-31,4000000.0,0.0,388456514.53340447
2007,절세계좌,2007-04-30,4000000.0,0.0,390409180.3139845
2007,절세계좌,2007-05-31,4000000.0,0.0,391087596.13570315
2007,절세계좌,2007-06-30,4000000.0,0.0,387003749.70982194
2007,절세계좌,2007-07-31,4000000.0,0.0,381723704.245773
2007,절세계좌,2007-08-31,4000000.0,0.0,391133371.4588505
2007,절세계좌,2007-09-30,4000000.0,0.0,394977538.5451687
2007,절세계좌,2007-10-31,4000000.0,0.0,411488816.3075434
2007,절세계좌,2007-11-30,4000000.0,0.0,387654516.71240085
2007,절세계좌,2007-12-31,4000000.0,0.0,389645719.7618854
2007,절세계좌,2008-01-31,4000000.0,0.0,342105430.92261535
2007,절세계좌,2008-02-29,4000000.0,0.0,321373071.6578655
2007,절세계좌,2008-03-31,4000000.0,0.0,339294266.6309494
2007,절세계좌,2008-04-30,4000000.0,42014.69612940018,368414856.0008719
2007,절세계좌,2008-05-31,4000000.0,0.0,395391011.84019
2007,절세계좌,2008-06-30,3999999.9999999995,40292.53222556628,359692410.11989653
2007,절세계좌,2008-07-31,3999999.9999999995,22468.988068071056,345771814.5738074
2007,절세계좌,2008-08-31,4000000.0,77678.78957517534,373591531.5336902
2007,절세계좌,2008-09-30,4000000.0,36051.45934564198,345336658.98216957
2007,절세계좌,2008-10-31,4000000.0,0.0,305136890.79671353
2007,절세계좌,2008-11-30,4000000.0,0.0,306446973.307886
2007,절세계좌,2008-12-31,4000000.0,0.0,265443866.3086403
2007,절세계좌,2009-01-31,4000000.0,0.0,279626592.3263214
2007,절세계좌,2009-02-28,4000000.0,0.0,290235818.8588666
2007,절세계좌,2009-03-31,4000000.0,0.0,282652008.79827
2007,절세계좌,2009-04-30,4000000.0,0.0,293375707.75360864
2007,절세계좌,2009-05-31,4000000.0,0.0,292150784.5553338
2007,절세계좌,2009-06-30,4000000.0,30512.703952703127,302647276.58697826
2007,절세계좌,2009-07-31,4000000.0,49478.61489510655,310916891.38806117
2007,절세계좌,2009-08-31,4000000.0,0.0,318147782.4537852
2007,절세계좌,2009-09-30,4000000.0,0.0,312456038.7824179
2007,절세계좌,2009-10-31,4000000.0,0.0,300720738.32429177
2007,절세계좌,2009-11-30,4000000.0,0.0,311047557.19523
2007,절세계좌,2009-12-31,4000000.0,0.0,323019918.2997425
2007,절세계좌,2010-01-31,4000000.0,0.0,296835452.2935105
2007,절세계좌,2010-02-28,4000000.0,0.0,306581882.7997777
2007,절세계좌,2010-03-31,4000000.0,0.0,318301235.18152356
2007,절세계좌,2010-04-30,4000000.0,59438.12333700214,314705323.194583
2007,절세계좌,2010-05-31,3999999.9999999995,87467.09512891044,310106295.3926774
2007,절세계좌,2010-06-30,4000000.0,74349.665073446,293932800.0098979
2007,절세계좌,2010-07-31,4000000.0,86796.16870248383,301147808.5274835
2007,절세계좌,2010-08-31,4000000.0,73851.29239233815,285492800.1890678
2007,절세계좌,2010-09-30,4000000.0,27193.676838282565,303457519.0132592
2007,절세계좌,2010-10-31,4000000.0,0.0,314133424.48216724
2007,절세계좌,2010-11-30,4000000.0,32290.42385624505,318821890.7847841
2007,절세계좌,2010-12-31,4000000.0,59474.63055549038,322252002.8883245
2007,절세계좌,2011-01-31,4000000.0,78947.74327166994,323915080.9472654
2007,절세계좌,2011-02-28,4000000.0,26428.827281866357,331500201.4909035
2007,절세계좌,2011-03-31,4000000.0,134635.4209166756,318111540.646605
2007,절세계좌,2011-04-30,4000000.0,135112.44556474287,314511700.42269003
2007,절세계좌,2011-05-31,4000000.0,134170.67052268522,309336059.76135415
2007,절세계좌,2011-06-30,4000000.0,125127.77072562149,295656061.7634218
2007,절세계좌,2011-07-31,4000000.0,126559.81330930497,292985507.4174522
2007,절세계좌,2011-08-31,4000000.0,113917.56221686651,276632726.3630557
2007,절세계좌,2011-09-30,4000000.0,131101.06925018405,289134438.2318352
2007,절세계좌,2011-10-31,4000000.0,142075.65956091046,296457096.9193485
2007,절세계좌,2011-11-30,4000000.0,141402.94041449664,291598662.631618
2007,절세계좌,2011-12-31,4000000.0,125539.21579956857,290372130.2173304
2007,절세계좌,2012-01-31,4000000.0,0.0,301903604.3338009
2007,절세계좌,2012-02-29,4000000.0,0.0,314801569.8730706
2007,절세계좌,2012-03-31,4000000.0,0.0,330942223.3549649
2007,절세계좌,2012-04-30,4000000.0,105860.2048209315,322452621.6774731
2007,절세계좌,2012-05-31,4000000.0,177011.48626871657,308824078.00757825
2007,절세계좌,2012-06-30,4000000.0,177533.03706239618,305299993.5984469
2007,절세계좌,2012-07-31,4000000.0,177613.88767038932,301222539.5453572
2007,절세계좌,2012-08-31,4000000.0,293208.49857642804,313369663.00630444
2007,절세계좌,2012-09-30,4000000.0,187867.6284739106,305830751.164865
2007,절세계좌,2012-10-31,4000000.0,169877.98282821398,280030107.6236372
2007,절세계좌,2012-11-30,4000000.0,171204.26944765236,277332644.95664835
2007,절세계좌,2012-12-31,4000000.0,165619.80046398062,267148674.27719936
2007,절세계좌,2013-01-31,4000000.0,177918.03859590465,276355940.46853256
2007,절세계좌,2013-02-28,4000000.0,177956.10814734185,272220726.6631374
2007,절세계좌,2013-03-31,4000000.0,173614.3094084956,283676032.4364753
2007,절세계좌,2013-04-30,4000000.0,127255.36888044504,283880895.78353333
2007,절세계좌,2013-05-31,4000000.0,0.0,297462993.2525073
2007,절세계좌,2013-06-30,4000000.0,185805.7691468649,289265466.1626594
2007,절세계좌,2013-07-31,4000000.0,8137.757269795608,298307865.53818214
2007,절세계좌,2013-08-31,4000000.0,211726.2538515974,289410962.4768068
2007,절세계좌,2013-09-30,4000000.0,214758.09804881865,289311398.7274074
2007,절세계좌,2013-10-31,4000000.0,291012.2537879412,295707419.5704447
2007,절세계좌,2013-11-30,4000000.0,398357.53326821205,300923962.6925524
2007,절세계좌,2013-12-31,4000000.0,378657.7367648877,304618623.30078334
2007,절세계좌,2014-01-31,4000000.0,212985.529827488,301662200.34765434
2007,절세계좌,2014-02-28,4000000.0,35468.85929543904,308956335.221022
2007,절세계좌,2014-03-31,4000000.0,236547.20003345815,295890734.3912412
2007,절세계좌,2014-04-30,4000000.0,229954.57613824855,281906156.93964434
2007,절세계좌,2014-05-31,4000000.0,236185.00612825024,286736223.7601092
2007,절세계좌,2014-06-30,4000000.0,240448.30713776455,288931501.3528282
2007,절세계좌,2014-07-31,4000000.0,138990.02255825288,292874901.7165581
2007,절세계좌,2014-08-31,4000000.0,67345.32796620418,298988234.3457036
2007,절세계좌,2014-09-30,4000000.0,392728.0277372334,304181168.75159335
2007,절세계좌,2014-10-31,4000000.0,550065.5749756488,313150499.31728506
2007,절세계좌,2014-11-30,4000000.0,626247.7824827856,334656856.7486209
2007,절세계좌,2014-12-31,4000000.0,271416.9900551575,316659047.56560504
2007,절세계좌,2015-01-31,4000000.0,269983.8617860189,309606793.6071835
2007,절세계좌,2015-02-28,4000000.0,0.0,326864870.393738
2007,절세계좌,2015-03-31,3999999.9999999995,277784.0606832258,316923651.4732269
2007,절세계좌,2015-04-30,4000000.0,276325.97576994955,309708513.7326404
2007,절세계좌,2015-05-31,4000000.0,90822.11906610437,322666308.1648875
2007,절세계좌,2015-06-30,4000000.0,281601.27953577216,311883268.8213902
2007,절세계좌,2015-07-31,3999999.9999999995,513434.09787688375,333947627.8877466
2007,절세계좌,2015-08-31,3999999.9999999995,286195.49347992,312999293.38538593
2007,절세계좌,2015-09-30,3999999.9999999995,283122.5071941722,302345860.4731604
2007,절세계좌,2015-10-31,4000000.0,378987.99189375376,319802433.3970445
2007,절세계좌,2015-11-30,4000000.0,398519.30958027963,319859010.21039057
2007,절세계좌,2015-12-31,4000000.0,303291.48494759074,315895956.65358686
2007,절세계좌,2016-01-31,4000000.0,290104.917369079,300032207.2229527
2007,절세계좌,2016-02-29,4000000.0,291132.1910358685,297890624.90284157
2007,절세계좌,2016-03-31,3999999.9999999995,288636.45368639514,288503972.8278559
2007,절세계좌,2016-04-30,4000000.0,284531.0067861069,276308089.3215902
2007,절세계좌,2016-05-31,3999999.9999999995,255630.77984889812,295444908.4387189
2007,절세계좌,2016-06-30,3999999.9999999995,288735.33920177567,275965953.66281766
2007,절세계좌,2016-07-31,4000000.0,293421.15787620266,280835264.32172227
2007,절세계좌,2016-08-31,3999999.9999999995,295277.2216509751,280276851.1225236
2007,절세계좌,2016-09-30,4000000.0,296061.2482270126,277564079.0220231
2007,절세계좌,2016-10-31,4000000.0,118206.21640136249,281206573.9537556
2007,절세계좌,2016-11-30,4000000.0,102829.9047507784,285669761.30312085
2007,절세계좌,2016-12-31,4000000.0,343861.06486870884,291163850.8679585
2008,세전 기준,2007-12-31,0.0,0.0,400000000.0
2008,세전 기준,2008-01-31,4000000.0,0.0,392275224.16466963
2008,세전 기준,2008-02-29,4000000.0,0.0,385196739.4783777
2008,세전 기준,2008-03-31,4000000.0,0.0,387553787.02570975
2008,세전 기준,2008-04-30,4000000.0,0.0,396542167.2942691
2008,세전 기준,2008-05-31,4000000.0,0.0,407609965.6692165
2008,세전 기준,2008-06-30,4000000.0,0.0,385385609.39489126
2008,세전 기준,2008-07-31,4000000.0,0.0,374706394.75048935
2008,세전 기준,2008-08-31,4000000.0,0.0,395556017.4846524
2008,세전 기준,2008-09-30,4000000.0,0.0,370321541.01630455
2008,세전 기준,2008-10-31,4000000.0,0.0,330717363.48486006
2008,세전 기준,2008-11-30,4000000.0,0.0,332472604.9549974
2008,세전 기준,2008-12-31,4000000.0,0.0,288326933.9350803
2008,세전 기준,2009-01-31,4000000.0,0.0,304077134.6692871
2008,세전 기준,2009-02-28,4000000.0,0.0,315963791.6098642
2008,세전 기준,2009-03-31,4000000.0,0.0,308062294.4769196
2008,세전 기준,2009-04-30,4000000.0,0.0,320109647.20104724
2008,세전 기준,2009-05-31,4000000.0,0.0,319137603.61488265
2008,세전 기준,2009-06-30,4000000.0,0.0,331006510.0978034
2008,세전 기준,2009-07-31,4000000.0,0.0,340479950.74850696
2008,세전 기준,2009-08-31,4000000.0,0.0,348778713.99629354
2008,세전 기준,2009-09-30,4000000.0,0.0,342924091.0359824
2008,세전 기준,2009-10-31,4000000.0,0.0,330434509.94537556
2008,세전 기준,2009-11-30,4000000.0,0.0,342176940.6106977
2008,세전 기준,2009-12-31,4000000.0,0.0,355747802.46331483
2008,세전 기준,2010-01-31,4000000.0,0.0,327315640.28557634
2008,세전 기준,2010-02-28,4000000.0,0.0,338473606.31704277
2008,세전 기준,2010-03-31,4000000.0,0.0,351828140.9067227
2008,세전 기준,2010-04-30,4000000.0,0.0,348340490.5956488
2008,세전 기준,2010-05-31,4000000.0,0.0,343774255.15431863
2008,세전 기준,2010-06-30,4000000.0,0.0,326361516.13900423
2008,세전 기준,2010-07-31,4000000.0,0.0,334910214.72725195
2008,세전 기준,2010-08-31,4000000.0,0.0,318030666.2688419
2008,세전 기준,2010-09-30,4000000.0,0.0,338529016.421969
2008,세전 기준,2010-10-31,4000000.0,0.0,350901060.38926375
2008,세전 기준,2010-11-30,4000000.0,0.0,356642535.01190424
2008,세전 기준,2010-12-31,4000000.0,0.0,361020583.3086023
2008,세전 기준,2011-01-31,4000000.0,0.0,363453404.47311866
2008,세전 기준,2011-02-28,4000000.0,0.0,372482304.32466847
2008,세전 기준,2011-03-31,4000000.0,0.0,358084239.10939014
2008,세전 기준,2011-04-30,4000000.0,0.0,354686771.62303686
2008,세전 기준,2011-05-31,4000000.0,0.0,349512266.4192961
2008,세전 기준,2011-06-30,4000000.0,0.0,334716420.790986
2008,세전 기준,2011-07-31,4000000.0,0.0,332364785.23098195
2008,세전 기준,2011-08-31,4000000.0,0.0,314480933.8695092
2008,세전 기준,2011-09-30,4000000.0,0.0,329389407.26091695
2008,세전 기준,2011-10-31,4000000.0,0.0,338450328.24314415
2008,세전 기준,2011-11-30,4000000.0,0.0,333631729.20341283
2008,세전 기준,2011-12-31,4000000.0,0.0,332948619.0801773
2008,세전 기준,2012-01-31,4000000.0,0.0,346757431.70791805
2008,세전 기준,2012-02-29,4000000.0,0.0,362165928.48428476
2008,세전 기준,2012-03-31,4000000.0,0.0,381336900.8256602
2008,세전 기준,2012-04-30,4000000.0,0.0,372427204.38184047
2008,세전 기준,2012-05-31,4000000.0,0.0,357510848.08130556
2008,세전 기준,2012-06-30,4000000.0,0.0,354267314.26961714
2008,세전 기준,2012-07-31,4000000.0,0.0,350383538.823625
2008,세전 기준,2012-08-31,4000000.0,0.0,365507013.78040415
2008,세전 기준,2012-09-30,4000000.0,0.0,357598434.52746445
2008,세전 기준,2012-10-31,4000000.0,0.0,328306249.6446419
2008,세전 기준,2012-11-30,4000000.0,0.0,326034058.78114665
2008,세전 기준,2012-12-31,4000000.0,0.0,314958846.3965703
2008,세전 기준,2013-01-31,4000000.0,0.0,326739505.59418875
2008,세전 기준,2013-02-28,4000000.0,0.0,322790040.4183923
2008,세전 기준,2013-03-31,4000000.0,0.0,337322280.07201856
2008,세전 기준,2013-04-30,4000000.0,0.0,338473649.92956996
2008,세전 기준,2013-05-31,4000000.0,0.0,355436936.9704808
2008,세전 기준,2013-06-30,4000000.0,0.0,346643352.6572929
2008,세전 기준,2013-07-31,4000000.0,0.0,358463885.4405961
2008,세전 기준,2013-08-31,4000000.0,0.0,348833907.5673301
2008,세전 기준,2013-09-30,4000000.0,0.0,349794049.06561023
2008,세전 기준,2013-10-31,4000000.0,0.0,358857367.2186184
2008,세전 기준,2013-11-30,4000000.0,0.0,366525582.8496934
2008,세전 기준,2013-12-31,4000000.0,0.0,372358889.8600559
2008,세전 기준,2014-01-31,4000000.0,0.0,369894883.4281088
2008,세전 기준,2014-02-28,4000000.0,0.0,379787119.33685166
2008,세전 기준,2014-03-31,4000000.0,0.0,364933932.4549141
2008,세전 기준,2014-04-30,4000000.0,0.0,348903164.0941555
2008,세전 기준,2014-05-31,4000000.0,0.0,356124075.2764891
2008,세전 기준,2014-06-30,4000000.0,0.0,360117194.8927149
2008,세전 기준,2014-07-31,4000000.0,0.0,366190889.6622708
2008,세전 기준,2014-08-31,4000000.0,0.0,375334397.37809813
2008,세전 기준,2014-09-30,4000000.0,0.0,383447957.65302604
2008,세전 기준,2014-10-31,4000000.0,0.0,396490382.9291106
2008,세전 기준,2014-11-30,4000000.0,0.0,425577753.604717
2008,세전 기준,2014-12-31,4000000.0,0.0,404122120.95659965
2008,세전 기준,2015-01-31,4000000.0,0.0,396571371.65330213
2008,세전 기준,2015-02-28,4000000.0,0.0,419800569.6038199
2008,세전 기준,2015-03-31,4000000.0,0.0,408526881.3142037
2008,세전 기준,2015-04-30,4000000.0,0.0,400738638.9426765
2008,세전 기준,2015-05-31,4000000.0,0.0,419163326.0113613
2008,세전 기준,2015-06-30,4000000.0,0.0,406717559.1810843
2008,세전 기준,2015-07-31,4000000.0,0.0,437376857.2095628
2008,세전 기준,2015-08-31,4000000.0,0.0,411554171.89753306
2008,세전 기준,2015-09-30,4000000.0,0.0,399178025.75638235
2008,세전 기준,2015-10-31,4000000.0,0.0,424006851.4065922
2008,세전 기준,2015-11-30,4000000.0,0.0,425913595.9542501
2008,세전 기준,2015-12-31,4000000.0,0.0,422366645.4380225
2008,세전 기준,2016-01-31,4000000.0,0.0,402892178.9068777
2008,세전 기준,2016-02-29,4000000.0,0.0,401778658.4591288
2008,세전 기준,2016-03-31,4000000.0,0.0,390902732.51215637
2008,세전 기준,2016-04-30,4000000.0,0.0,376183402.44678247
2008,세전 기준,2016-05-31,4000000.0,0.0,404031371.1957863
2008,세전 기준,2016-06-30,4000000.0,0.0,379258208.37430686
2008,세전 기준,2016-07-31,4000000.0,0.0,387850490.88786805
2008,세전 기준,2016-08-31,4000000.0,0.0,389011326.187487
2008,세전 기준,2016-09-30,4000000.0,0.0,387208858.4083199
2008,세전 기준,2016-10-31,4000000.0,0.0,394035231.340311
2008,세전 기준,2016-11-30,4000000.0,0.0,402291470.4351644
2008,세전 기준,2016-12-31,4000000.0,0.0,412485792.808502
2008,세전 기준,2017-01-31,4000000.0,0.0,410852280.20714587
2008,세전 기준,2017-02-28,4000000.0,0.0,416529637.8511753
2008,세전 기준,2017-03-31,4000000.0,0.0,416572473.72826564
2008,세전 기준,2017-04-30,4000000.0,0.0,431403722.29193157
2008,세전 기준,2017-05-31,4000000.0,0.0,437353668.8262561
2008,세전 기준,2017-06-30,4000000.0,0.0,432438797.79798263
2008,세전 기준,2017-07-31,4000000.0,0.0,437389174.4330272
2008,세전 기준,2017-08-31,4000000.0,0.0,442657885.9558084
2008,세전 기준,2017-09-30,4000000.0,0.0,445298089.6865145
2008,세전 기준,2017-10-31,4000000.0,0.0,450847741.76733726
2008,세전 기준,2017-11-30,4000000.0,0.0,443008435.82089305
2008,세전 기준,2017-12-31,4000000.0,0.0,434543860.5786231
2008,미국계좌,2007-12-31,0.0,0.0,400000000.0
2008,미국계좌,2008-01-31,4000000.0,0.0,392275224.16466963
2008,미국계좌,2008-02-29,4000000.0,0.0,385196739.4783777
2008,미국계좌,2008-03-31,4000000.0,0.0,387553787.02570975
2008,미국계좌,2008-04-30,4000000.0,0.0,396542167.2942691
2008,미국계좌,2008-05-31,4000000.0,0.0,407609965.6692165
2008,미국계좌,2008-06-30,4000000.0,0.0,385385609.39489126
2008,미국계좌,2008-07-31,4000000.0,0.0,374706394.75048935
2008,미국계좌,2008-08-31,4000000.0,0.0,395556017.4846524
2008,미국계좌,2008-09-30,4000000.0,0.0,370321541.01630455
2008,미국계좌,2008-10-31,4000000.0,0.0,330717363.48486006
2008,미국계좌,2008-11-30,4000000.0,0.0,332472604.9549974
2008,미국계좌,2008-12-31,4000000.0,0.0,288326933.9350803
2008,미국계좌,2009-01-31,4000000.0,0.0,304077134.6692871
2008,미국계좌,2009-02-28,4000000.0,0.0,315963791.6098642
2008,미국계좌,2009-03-31,4000000.0,0.0,308062294.4769196
2008,미국계좌,2009-04-30,4000000.0,0.0,320109647.20104724
2008,미국계좌,2009-05-31,4000000.0,0.0,319137603.61488265
2008,미국계좌,2009-06-30,4000000.0,0.0,331006510.0978034
2008,미국계좌,2009-07-31,4000000.0,0.0,340479950.74850696
2008,미국계좌,2009-08-31,4000000.0,0.0,348778713.99629354
2008,미국계좌,2009-09-30,4000000.0,0.0,342924091.0359824
2008,미국계좌,2009-10-31,4000000.0,0.0,330434509.94537556
2008,미국계좌,2009-11-30,4000000.0,0.0,342176940.6106977
2008,미국계좌,2009-12-31,4000000.0,0.0,355747802.46331483
2008,미국계좌,2010-01-31,4000000.0,0.0,327315640.28557634
2008,미국계좌,2010-02-28,4000000.0,0.0,338473606.31704277
2008,미국계좌,2010-03-31,4000000.0,0.0,351828140.9067227
2008,미국계좌,2010-04-30,4000000.0,0.0,348340490.5956488
2008,미국계좌,2010-05-31,4000000.0,0.0,343774255.15431863
2008,미국계좌,2010-06-30,4000000.0,0.0,326361516.13900423
2008,미국계좌,2010-07-31,4000000.0,0.0,334910214.72725195
2008,미국계좌,2010-08-31,4000000.0,0.0,318030666.2688419
2008,미국계좌,2010-09-30,4000000.0,13935.920989821658,338515080.5009791
2008,미국계좌,2010-10-31,3999999.9999999995,207477.80124308122,350678972.693752
2008,미국계좌,2010-11-30,4000000.0,227982.17684488205,356186299.69323236
2008,미국계좌,2010-12-31,4000000.0,245086.13811281524,360308544.22517675
2008,미국계좌,2011-01-31,4000000.0,0.0,362728677.9688158
2008,미국계좌,2011-02-28,4000000.0,0.0,371731598.17915684
2008,미국계좌,2011-03-31,4000000.0,0.0,357354489.3727277
2008,미국계좌,2011-04-30,4000000.0,0.0,353955793.96876425
2008,미국계좌,2011-05-31,4000000.0,156363.3248904888,348627345.9901152
2008,미국계좌,2011-06-30,4000000.0,238897.4662222435,333619936.59818697
2008,미국계좌,2011-07-31,3999999.9999999995,242502.85002123046,331020398.3767387
2008,미국계좌,2011-08-31,4000000.0,210798.89878809373,312981907.09626764
2008,미국계좌,2011-09-30,3999999.9999999995,253960.18585450802,327546289.8525562
2008,미국계좌,2011-10-31,4000000.0,281800.2581733472,336252327.44065934
2008,미국계좌,2011-11-30,4000000.0,280087.5104796571,331158957.12505096
2008,미국계좌,2011-12-31,4000000.0000000005,287066.91435702745,330164196.356487
2008,미국계좌,2012-01-31,4000000.0,0.0,343824075.30581325
2008,미국계좌,2012-02-29,4000000.0,0.0,359068388.03573054
2008,미국계좌,2012-03-31,4000000.0,0.0,378041183.1925207
2008,미국계좌,2012-04-30,4000000.0,271719.943695262,368902199.02991813
2008,미국계좌,2012-05-31,4000000.0000000005,371880.18997740414,353717285.3201537
2008,미국계좌,2012-06-30,4000000.0,373242.0387359502,350092482.57494426
2008,미국계좌,2012-07-31,4000000.0,373453.197524448,345833884.2934954
2008,미국계좌,2012-08-31,4000000.0000000005,407021.4033032532,360302023.65743756
2008,미국계좌,2012-09-30,4000000.0,400332.4463921355,352048771.9472151
2008,미국계좌,2012-10-31,4000000.0000000005,353304.4034441567,322795798.6186941
2008,미국계좌,2012-11-30,4000000.0000000005,356750.9203714118,320137856.449854
2008,미국계좌,2012-12-31,3999999.9999999995,342261.0160303221,308848335.5825265
2008,미국계좌,2013-01-31,4000000.0,0.0,320322834.4998956
2008,미국계좌,2013-02-28,4000000.0,0.0,316372376.8963695
2008,미국계좌,2013-03-31,4000000.0,0.0,330536161.320546
2008,미국계좌,2013-04-30,4000000.0,370298.7903813787,331213599.1276223
2008,미국계좌,2013-05-31,4000000.0000000005,454795.12725711206,347272441.4779363
2008,미국계좌,2013-06-30,4000000.0000000005,446812.28164618526,338142154.9854786
2008,미국계좌,2013-07-31,4000000.0,472751.8862735237,349101947.83821636
2008,미국계좌,2013-08-31,4000000.0,463648.5059088694,339155358.59079474
2008,미국계좌,2013-09-30,4000000.0,471772.8794163577,339506105.91946775
2008,미국계좌,2013-10-31,4000000.0000000005,492475.61845193285,347692737.5881814
2008,미국계좌,2013-11-30,4000000.0,510082.3076377342,354487853.96430427
2008,미국계좌,2013-12-31,4000000.0,524330.5448076333,359473877.02803314
2008,미국계좌,2014-01-31,4000000.0,0.0,356956719.4632053
2008,미국계좌,2014-02-28,4000000.0,0.0,366363033.4679719
2008,미국계좌,2014-03-31,4000000.0,355764.9986210799,351537702.0559234
2008,미국계좌,2014-04-30,3999999.9999999995,512765.2597207524,335435801.6476625
2008,미국계좌,2014-05-31,4000000.0000000005,529703.4096759058,341693891.8867928
2008,미국계좌,2014-06-30,4000000.0,541338.2113227734,344821791.27998865
2008,미국계좌,2014-07-31,4000000.0,555524.7258981222,349912097.2017523
2008,미국계좌,2014-08-31,4000000.0,573220.032372297,357898098.2730895
2008,미국계좌,2014-09-30,4000000.0,588746.3480602547,364860172.2495139
2008,미국계좌,2014-10-31,4000000.0,609379.9330361643,376467079.55358
2008,미국계좌,2014-11-30,4000000.0,645580.563962633,403237912.46307963
2008,미국계좌,2014-12-31,4000000.0,626956.0534626285,382071621.7988916
2008,미국계좌,2015-01-31,4000000.0,0.0,374714615.40265465
2008,미국계좌,2015-02-28,4000000.0,0.0,396443094.9830492
2008,미국계좌,2015-03-31,4000000.0000000005,644713.0062189499,384929397.734625
2008,미국계좌,2015-04-30,4000000.0,640708.333531771,376719264.91217387
2008,미국계좌,2015-05-31,4000000.0,664204.7891916195,393135661.81062967
2008,미국계좌,2015-06-30,4000000.0,655542.7718846863,380558786.40710807
2008,미국계좌,2015-07-31,4000000.0000000005,689483.4755080823,408299425.7470437
2008,미국계좌,2015-08-31,4000000.0,668509.4175821029,383259033.9715183
2008,미국계좌,2015-09-30,4000000.0,659831.3574640426,370798932.5702337
2008,미국계좌,2015-10-31,4000000.0,688675.2294666301,392889531.4706388
2008,미국계좌,2015-11-30,4000000.0,694203.0242606176,393668584.5745457
2008,미국계좌,2015-12-31,4000000.0000000005,694625.1966134482,389392709.4500432
2008,미국계좌,2016-01-31,4000000.0,0.0,371126326.16684735
2008,미국계좌,2016-02-29,4000000.0,74808.32222572128,369710414.21409005
2008,미국계좌,2016-03-31,4000000.0,675416.8100040508,358707878.28902423
2008,미국계좌,2016-04-30,4000000.0000000005,663806.4727143929,344207588.65918463
2008,미국계좌,2016-05-31,4000000.0,697006.2281696385,368651454.8232745
2008,미국계좌,2016-06-30,4000000.0000000005,675696.8995837119,345021643.85884947
2008,미국계좌,2016-07-31,4000000.0000000005,688993.013937811,351788197.2690408
2008,미국계좌,2016-08-31,4000000.0,694272.5061267138,351774906.19547415
2008,미국계좌,2016-09-30,4000000.0,696504.8354141702,349065584.351417
2008,미국계좌,2016-10-31,4000000.0,707283.0975240765,354118186.9379304
2008,미국계좌,2016-11-30,4000000.0,718967.3992944583,360413861.9404948
2008,미국계좌,2016-12-31,4000000.0,731836.6866261137,368398751.60819364
2008,미국계좌,2017-01-31,4000000.0,0.0,366512305.6227961
2008,미국계좌,2017-02-28,4000000.0,173402.7093066301,370971861.35943353
2008,미국계좌,2017-03-31,4000000.0,745747.2621888227,369826766.28188163
2008,미국계좌,2017-04-30,4000000.0,761104.4926030885,381783760.56095546
2008,미국계좌,2017-05-31,4000000.0,768800.4544148556,385820465.96790224
2008,미국계좌,2017-06-30,4000000.0000000005,768099.9672081597,380245293.84927887
2008,미국계좌,2017-07-31,4000000.0,774899.0101047949,383340499.4897844
2008,미국계좌,2017-08-31,4000000.0,781735.2241681033,386682130.6232207
2008,미국계좌,2017-09-30,4000000.0,786514.5467297744,387696141.05938494
2008,미국계좌,2017-10-31,4000000.0000000005,793219.8198481356,391217269.1919414
2008,미국계좌,2017-11-30,3999999.9999999995,790532.1177498732,383095229.23060685
2008,미국계좌,2017-12-31,4000000.0,787322.9619717681,374447127.697488
2008,절세계좌,2007-12-31,0.0,0.0,400000000.0
2008,절세계좌,2008-01-31,4000000.0,0.0,392275224.1646696
2008,절세계좌,2008-02-29,4000000.0,0.0,385196739.47837764
2008,절세계좌,2008-03-31,4000000.0,0.0,387553787.02570975
2008,절세계좌,2008-04-30,4000000.0,0.0,396542167.294269
2008,절세계좌,2008-05-31,4000000.0,0.0,407273647.4634246
2008,절세계좌,2008-06-30,4000000.0,0.0,385716766.5017545
2008,절세계좌,2008-07-31,4000000.0,0.0,375248585.43875223
2008,절세계좌,2008-08-31,4000000.0,0.0,395410226.431738
2008,절세계좌,2008-09-30,4000000.0,0.0,370963125.2535257
2008,절세계좌,2008-10-31,4000000.0,0.0,332549588.8164222
2008,절세계좌,2008-11-30,4000000.0,0.0,334243902.9685896
2008,절세계좌,2008-12-31,4000000.0,0.0,289884349.8234323
2008,절세계좌,2009-01-31,4000000.0,0.0,305741232.49678993
2008,절세계좌,2009-02-28,4000000.0,0.0,317714831.03305733
2008,절세계좌,2009-03-31,4000000.0,0.0,309791712.1970232
2008,절세계좌,2009-04-30,4000000.0,3129.756117799174,321926022.7111541
2008,절세계좌,2009-05-31,4000000.0,9304.117015062262,320961856.3267002
2008,절세계좌,2009-06-30,4000000.0,40512.53104243693,332880960.039375
2008,절세계좌,2009-07-31,4000000.0,65404.08212905762,342365295.0772243
2008,절세계좌,2009-08-31,4000000.0,56852.03098265214,350675308.4054404
2008,절세계좌,2009-09-30,4000000.0,83762.467155497,344726837.8798974
2008,절세계좌,2009-10-31,4000000.0,68527.29482005256,332124099.893001
2008,절세계좌,2009-11-30,4000000.0,60877.794059942644,343886147.54251045
2008,절세계좌,2009-12-31,4000000.0,0.0,357544777.550465
2008,절세계좌,2010-01-31,4000000.0,84002.33360780841,328905199.805208
2008,절세계좌,2010-02-28,4000000.0,110832.98245232328,340025945.25228095
2008,절세계좌,2010-03-31,4000000.0,38241.04992885594,353421831.7624844
2008,절세계좌,2010-04-30,4000000.0,135649.40014959875,349800852.86338264
2008,절세계좌,2010-05-31,4000000.0,139377.4672631323,345092866.102494
2008,절세계좌,2010-06-30,4000000.0,116662.68420688609,327512017.31452596
2008,절세계좌,2010-07-31,4000000.0,138213.13313704936,335966739.8863404
2008,절세계좌,2010-08-31,4000000.0,115801.72499861759,318930759.2103828
2008,절세계좌,2010-09-30,4000000.0,43757.177554521484,339454687.6129786
2008,절세계좌,2010-10-31,4000000.0,0.0,351871499.1739013
2008,절세계좌,2010-11-30,4000000.0,52810.707698006365,357587103.74494475
2008,절세계좌,2010-12-31,4000000.0,97658.95526040031,361889682.3702957
2008,절세계좌,2011-01-31,4000000.0,155847.95257375133,364182141.5658543
2008,절세계좌,2011-02-28,4000000.0,32436.56031308517,373204728.2679121
2008,절세계좌,2011-03-31,4000000.0,37444.00240193636,358749052.15589154
2008,절세계좌,2011-04-30,4000000.0,0.0,355352703.3210517
2008,절세계좌,2011-05-31,4000000.0,0.0,350175992.9596698
2008,절세계좌,2011-06-30,4000000.0,0.0,335359645.93567854
2008,절세계좌,2011-07-31,4000000.0,95255.2015268308,332915922.8390412
2008,절세계좌,2011-08-31,3999999.9999999995,86976.98809862962,314922071.8559959
2008,절세계좌,2011-09-30,3999999.9999999995,105466.85771540996,329751602.2421101
2008,절세계좌,2011-10-31,4000000.0,117282.47427657679,338709602.47489226
2008,절세계좌,2011-11-30,4000000.0,116558.05184935132,333773818.2849772
2008,절세계좌,2011-12-31,4000000.0,104084.28580134899,332988036.49289185
2008,절세계좌,2012-01-31,4000000.0,0.0,346798957.4859391
2008,절세계좌,2012-02-29,4000000.0,0.0,362209778.51798177
2008,절세계좌,2012-03-31,4000000.0,0.0,381383556.3356267
2008,절세계좌,2012-04-30,4000000.0,72214.65271839888,372302441.6775961
2008,절세계좌,2012-05-31,4000000.0,154930.34727943878,357234811.99714756
2008,절세계좌,2012-06-30,4000000.0,155492.7870654679,353835201.3267059
2008,절세계좌,2012-07-31,4000000.0,155579.97732742855,349795704.14000016
2008,절세계좌,2012-08-31,4000000.0,232645.68526510286,364613703.6896474
2008,절세계좌,2012-09-30,4000000.0,166640.03583322823,356548037.0856535
2008,절세계좌,2012-10-31,3999999.9999999995,147238.77099067185,327182905.83285093
2008,절세계좌,2012-11-30,4000000.0,148668.64929952158,324756134.38964504
2008,절세계좌,2012-12-31,4000000.0,142648.51280927676,313566005.5228182
2008,절세계좌,2013-01-31,4000000.0,155907.97986376076,325120970.0132061
2008,절세계좌,2013-02-28,4000000.0,155949.03512429007,321015305.4731711
2008,절세계좌,2013-03-31,3999999.9999999995,154605.96995617208,335291046.8763858
2008,절세계좌,2013-04-30,4000000.0,113756.95428047431,336297640.0869895
2008,절세계좌,2013-05-31,4000000.0,0.0,353126156.46275884
2008,절세계좌,2013-06-30,4000000.0,167863.4499153961,344195872.93736094
2008,절세계좌,2013-07-31,4000000.0,4776.524783671958,355802478.3028177
2008,절세계좌,2013-08-31,3999999.9999999995,192392.5100445942,346021907.5648998
2008,절세계좌,2013-09-30,3999999.999999999,195666.7893434174,346746397.8640567
2008,절세계좌,2013-10-31,4000000.0,235301.69887806053,355304515.8254082
2008,절세계좌,2013-11-30,4000000.0,381503.2327793884,362475707.57414216
2008,절세계좌,2013-12-31,4000000.0,361993.7527177219,367838369.024651
2008,절세계좌,2014-01-31,4000000.0,197161.23015072825,365158554.0544949
2008,절세계좌,2014-02-28,4000000.0,32994.61168407315,374839911.8285649
2008,절세계좌,2014-03-31,4000000.0,219209.98788290913,359908891.4428256
2008,절세계좌,2014-04-30,4000000.0,212084.45310894697,343831699.03771496
2008,절세계좌,2014-05-31,4000000.0,218818.46706915885,350670690.74152726
2008,절세계좌,2014-06-30,4000000.0,223427.33087977182,354317983.11648417
2008,절세계좌,2014-07-31,4000000.0,129596.83521666013,360099857.502028
2008,절세계좌,2014-08-31,4000000.0,60827.40803619755,368670258.483614
2008,절세계좌,2014-09-30,4000000.0,350223.23769302876,376126903.0170065
2008,절세계좌,2014-10-31,4000000.0,536113.2059041809,388307829.2712338
2008,절세계좌,2014-11-30,4000000.0,612302.9688030758,416100057.75265384
2008,절세계좌,2014-12-31,4000000.0,256929.98629504928,394776235.3090595
2008,절세계좌,2015-01-31,4000000.0,255378.67025160254,387052223.3475543
2008,절세계좌,2015-02-28,4000000.0,0.0,409627821.9914531
2008,절세계좌,2015-03-31,4000000.0,263823.2238053752,398266568.9220139
2008,절세계좌,2015-04-30,4000000.0,262244.48817883525,390311225.2509865
2008,절세계좌,2015-05-31,4000000.0,84113.394828659,407807494.5772568
2008,절세계좌,2015-06-30,3999999.9999999995,267956.7423094254,395322580.87066936
2008,절세계좌,2015-07-31,4000000.0,482619.8700694496,424528211.8235339
2008,절세계좌,2015-08-31,3999999.9999999995,272932.48328632733,399073670.34563893
2008,절세계좌,2015-09-30,3999999.9999999995,269604.19831829553,386681929.10643375
2008,절세계좌,2015-10-31,4000000.0,369008.9282121855,410239271.8233884
2008,절세계좌,2015-11-30,4000000.0,386243.85247835785,411567979.4487915
2008,절세계좌,2015-12-31,4000000.0,290813.4682294371,407714955.8571889
2008,절세계좌,2016-01-31,3999999.9999999995,277167.2924807168,388500123.6074854
2008,절세계좌,2016-02-29,4000000.0,278280.1780581141,387005212.58264
2008,절세계좌,2016-03-31,4000000.0,275576.528710392,376106538.6673837
2008,절세계좌,2016-04-30,4000000.0,271129.66250964085,361521819.99051315
2008,절세계좌,2016-05-31,4000000.0,244908.17189961104,387883620.01002467
2008,절세계좌,2016-06-30,4000000.0,275683.6468834394,363665005.7674164
2008,절세계좌,2016-07-31,4000000.0,280760.0709907951,371458796.4689684
2008,절세계좌,2016-08-31,3999999.9999999995,282771.12003426097,372118748.67714894
2008,절세계좌,2016-09-30,4000000.0,283620.6597690972,369937233.7534989
2008,절세계좌,2016-10-31,4000000.0,113426.39259584392,376167265.0764834
2008,절세계좌,2016-11-30,4000000.0,97451.65412200626,383608586.4894146
2008,절세계좌,2016-12-31,4000000.0,320062.36214841437,392569228.28338283
2008,절세계좌,2017-01-31,4000000.0,258966.22763301374,390562485.40022576
2008,절세계좌,2017-02-28,4000000.0,139860.0506999209,395622070.10288924
2008,절세계좌,2017-03-31,3999999.9999999995,235576.4268847162,395226400.740078
2008,절세계좌,2017-04-30,4000000.0,109805.25053253888,408454105.71940964
2008,절세계좌,2017-05-31,3999999.9999999995,505752.4710739676,413368987.10852134
2008,절세계좌,2017-06-30,3999999.9999999995,310619.5996058288,408193668.4398366
2008,절세계좌,2017-07-31,4000000.0,468274.6245435424,412173958.3085368
2008,절세계좌,2017-08-31,4000000.0,494436.229902072,416413898.0990673
2008,절세계좌,2017-09-30,4000000.0,444819.64609999117,418215602.47841144
2008,절세계좌,2017-10-31,4000000.0,503647.8442491202,422680808.51191455
2008,절세계좌,2017-11-30,4000000.0,318981.3166569927,414762383.76629376
2008,절세계좌,2017-12-31,4000000.0,317787.9068909248,406264680.26353705
2009,세전 기준,2008-12-31,0.0,0.0,400000000.0
2009,세전 기준,2009-01-31,4000000.0,0.0,398283310.8773036
2009,세전 기준,2009-02-28,4000000.0,0.0,397885635.79559416
2009,세전 기준,2009-03-31,4000000.0,0.0,392578167.9291918
2009,세전 기준,2009-04-30,4000000.0,0.0,395762151.6401212
2009,세전 기준,2009-05-31,4000000.0,0.0,393449931.7165079
2009,세전 기준,2009-06-30,4000000.0,0.0,400063588.5429927
2009,세전 기준,2009-07-31,4000000.0,0.0,406540790.7875943
2009,세전 기준,2009-08-31,4000000.0,0.0,413420959.20736134
2009,세전 기준,2009-09-30,4000000.0,0.0,407584191.03255385
2009,세전 기준,2009-10-31,4000000.0,0.0,394253053.4099154
2009,세전 기준,2009-11-30,4000000.0,0.0,409035901.9656644
2009,세전 기준,2009-12-31,4000000.0,0.0,426039986.3243945
2009,세전 기준,2010-01-31,4000000.0,0.0,392780274.89960647
2009,세전 기준,2010-02-28,4000000.0,0.0,406969903.90591913
2009,세전 기준,2010-03-31,4000000.0,0.0,423836444.5828852
2009,세전 기준,2010-04-30,4000000.0,0.0,420453656.35559314
2009,세전 기준,2010-05-31,4000000.0,0.0,415770199.3125767
2009,세전 기준,2010-06-30,4000000.0,0.0,395548457.602391
2009,세전 기준,2010-07-31,4000000.0,0.0,406757414.92744696
2009,세전 기준,2010-08-31,4000000.0,0.0,387114858.7855205
2009,세전 기준,2010-09-30,4000000.0,0.0,412934861.58987
2009,세전 기준,2010-10-31,4000000.0,0.0,428905343.82809323
2009,세전 기준,2010-11-30,4000000.0,0.0,436812319.8793521
2009,세전 기준,2010-12-31,4000000.0,0.0,443073672.2231485
2009,세전 기준,2011-01-31,4000000.0,0.0,446968550.8752078
2009,세전 기준,2011-02-28,4000000.0,0.0,458991260.84153074
2009,세전 기준,2011-03-31,4000000.0,0.0,442178246.6176038
2009,세전 기준,2011-04-30,4000000.0,0.0,438922280.3988086
2009,세전 기준,2011-05-31,4000000.0,0.0,433468838.81707954
2009,세전 기준,2011-06-30,4000000.0,0.0,416079715.9788613
2009,세전 기준,2011-07-31,4000000.0,0.0,414128766.9528242
2009,세전 기준,2011-08-31,4000000.0,0.0,392829394.39478636
2009,세전 기준,2011-09-30,4000000.0,0.0,412448645.5203848
2009,세전 기준,2011-10-31,4000000.0,0.0,424803024.4093854
2009,세전 기준,2011-11-30,4000000.0,0.0,419775566.85110337
2009,세전 기준,2011-12-31,4000000.0,0.0,419948878.9384336
2009,세전 기준,2012-01-31,4000000.0,0.0,438411176.33106333
2009,세전 기준,2012-02-29,4000000.0,0.0,458949660.94445676
2009,세전 기준,2012-03-31,4000000.0,0.0,484312748.5886583
2009,세전 기준,2012-04-30,4000000.0,0.0,474077242.46718436
2009,세전 기준,2012-05-31,4000000.0,0.0,456181383.00295234
2009,세전 기준,2012-06-30,4000000.0,0.0,453146628.65586317
2009,세전 기준,2012-07-31,4000000.0,0.0,449295292.5678142
2009,세전 기준,2012-08-31,4000000.0,0.0,469817241.5853575
2009,세전 기준,2012-09-30,4000000.0,0.0,460793212.34952694
2009,세전 기준,2012-10-31,4000000.0,0.0,424202277.9543741
2009,세전 기준,2012-11-30,4000000.0,0.0,422434768.41829014
2009,세전 기준,2012-12-31,4000000.0,0.0,409267579.82344776
2009,세전 기준,2013-01-31,4000000.0,0.0,425773472.17008114
2009,세전 기준,2013-02-28,4000000.0,0.0,421839323.97923887
2009,세전 기준,2013-03-31,4000000.0,0.0,442058247.9496746
2009,세전 기준,2013-04-30,4000000.0,0.0,444809078.441167
2009,세전 기준,2013-05-31,4000000.0,0.0,468358225.5954742
2009,세전 기준,2013-06-30,4000000.0,0.0,458041733.3864681
2009,세전 기준,2013-07-31,4000000.0,0.0,474946401.552212
2009,세전 기준,2013-08-31,4000000.0,0.0,463486967.4492769
2009,세전 기준,2013-09-30,4000000.0,0.0,466077384.52538466
2009,세전 기준,2013-10-31,4000000.0,0.0,479483390.0713366
2009,세전 기준,2013-11-30,4000000.0,0.0,491073750.19194394
2009,세전 기준,2013-12-31,4000000.0,0.0,500248489.3542787
2009,세전 기준,2014-01-31,4000000.0,0.0,498312032.0358167
2009,세전 기준,2014-02-28,4000000.0,0.0,513027263.3497748
2009,세전 기준,2014-03-31,4000000.0,0.0,494366469.2333592
2009,세전 기준,2014-04-30,4000000.0,0.0,474068701.47944546
2009,세전 기준,2014-05-31,4000000.0,0.0,485315002.8634867
2009,세전 기준,2014-06-30,4000000.0,0.0,492207781.92209166
2009,세전 기준,2014-07-31,4000000.0,0.0,501976496.7421671
2009,세전 기준,2014-08-31,4000000.0,0.0,515993689.80827415
2009,세전 기준,2014-09-30,4000000.0,0.0,528646894.8079706
2009,세전 기준,2014-10-31,4000000.0,0.0,548142717.4414854
2009,세전 기준,2014-11-30,4000000.0,0.0,589885570.3730867
2009,세전 기준,2014-12-31,4000000.0,0.0,561690635.9958973
2009,세전 기준,2015-01-31,4000000.0,0.0,552755438.1163303
2009,세전 기준,2015-02-28,4000000.0,0.0,586708473.3542168
2009,세전 기준,2015-03-31,4000000.0,0.0,572542849.8152049
2009,세전 기준,2015-04-30,4000000.0,0.0,563233698.367918
2009,세전 기준,2015-05-31,4000000.0,0.0,590751346.5432048
2009,세전 기준,2015-06-30,4000000.0,0.0,574848234.2765536
2009,세전 기준,2015-07-31,4000000.0,0.0,619835143.7993485
2009,세전 기준,2015-08-31,4000000.0,0.0,584908799.4683568
2009,세전 기준,2015-09-30,4000000.0,0.0,569004457.5417445
2009,세전 기준,2015-10-31,4000000.0,0.0,606098228.3463387
2009,세전 기준,2015-11-30,4000000.0,0.0,610541647.1112795
2009,세전 기준,2015-12-31,4000000.0,0.0,607191087.7036268
2009,세전 기준,2016-01-31,4000000.0,0.0,580945111.923662
2009,세전 기준,2016-02-29,4000000.0,0.0,581107233.390248
2009,세전 기준,2016-03-31,4000000.0,0.0,567162329.1004949
2009,세전 기준,2016-04-30,4000000.0,0.0,547609610.4812015
2009,세전 기준,2016-05-31,4000000.0,0.0,589970650.4628277
2009,세전 기준,2016-06-30,4000000.0,0.0,555637470.2800947
2009,세전 기준,2016-07-31,4000000.0,0.0,570085967.4949051
2009,세전 기준,2016-08-31,4000000.0,0.0,573671673.4666317
2009,세전 기준,2016-09-30,4000000.0,0.0,572912355.4256306
2009,세전 기준,2016-10-31,4000000.0,0.0,584931004.4892907
2009,세전 기준,2016-11-30,4000000.0,0.0,599124946.7432053
2009,세전 기준,2016-12-31,4000000.0,0.0,616264277.9519498
2009,세전 기준,2017-01-31,4000000.0,0.0,615799870.3855168
2009,세전 기준,2017-02-28,4000000.0,0.0,626304634.9200183
2009,세전 기준,2017-03-31,4000000.0,0.0,628383546.5218555
2009,세전 기준,2017-04-30,4000000.0,0.0,652789760.3361411
2009,세전 기준,2017-05-31,4000000.0,0.0,663845780.6666838
2009,세전 기준,2017-06-30,4000000.0,0.0,658457125.8656313
2009,세전 기준,2017-07-31,4000000.0,0.0,668085503.5795095
2009,세전 기준,2017-08-31,4000000.0,0.0,678242899.7090715
2009,세전 기준,2017-09-30,4000000.0,0.0,684417057.1698577
2009,세전 기준,2017-10-31,4000000.0,0.0,695094741.4571495
2009,세전 기준,2017-11-30,4000000.0,0.0,685175489.5080166
2009,세전 기준,2017-12-31,4000000.0,0.0,674270389.5602032
2009,세전 기준,2018-01-31,4000000.0,0.0,729942142.9808396
2009,세전 기준,2018-02-28,4000000.0,0.0,725805493.9993812
2009,세전 기준,2018-03-31,4000000.0,0.0,678606929.9488912
2009,세전 기준,2018-04-30,4000000.0,0.0,683233731.5509545
2009,세전 기준,2018-05-31,4000000.0,0.0,725880831.7386736
2009,세전 기준,2018-06-30,4000000.0,0.0,751279303.304644
2009,세전 기준,2018-07-31,4000000.0,0.0,768954973.4651614
2009,세전 기준,2018-08-31,4000000.0,0.0,812146897.4367756
2009,세전 기준,2018-09-30,4000000.0,0.0,800970451.1940223
2009,세전 기준,2018-10-31,4000000.0,0.0,748585518.0735068
2009,세전 기준,2018-11-30,4000000.0,0.0,728092537.7297605
2009,세전 기준,2018-12-31,4000000.0,0.0,657610140.8360122
2009,미국계좌,2008-12-31,0.0,0.0,400000000.0
2009,미국계좌,2009-01-31,4000000.0,0.0,398283310.8773036
2009,미국계좌,2009-02-28,4000000.0,0.0,397885635.79559416
2009,미국계좌,2009-03-31,4000000.0,0.0,392578167.9291918
2009,미국계좌,2009-04-30,4000000.0,0.0,395762151.6401212
2009,미국계좌,2009-05-31,4000000.0,0.0,393449931.7165079
2009,미국계좌,2009-06-30,4000000.0,0.0,400063588.5429927
2009,미국계좌,2009-07-31,4000000.0,0.0,406540790.7875943
2009,미국계좌,2009-08-31,4000000.0,0.0,413420959.20736134
2009,미국계좌,2009-09-30,4000000.0,0.0,407584191.03255385
2009,미국계좌,2009-10-31,4000000.0,0.0,394253053.4099154
2009,미국계좌,2009-11-30,4000000.0,0.0,409035901.9656644
2009,미국계좌,2009-12-31,4000000.0,0.0,426039986.3243945
2009,미국계좌,2010-01-31,4000000.0,0.0,392780274.89960647
2009,미국계좌,2010-02-28,4000000.0,0.0,406969903.90591913
2009,미국계좌,2010-03-31,4000000.0,0.0,423836444.5828852
2009,미국계좌,2010-04-30,4000000.0,0.0,420453656.35559314
2009,미국계좌,2010-05-31,4000000.0,0.0,415770199.3125767
2009,미국계좌,2010-06-30,4000000.0,0.0,395548457.602391
2009,미국계좌,2010-07-31,4000000.0,0.0,406757414.92744696
2009,미국계좌,2010-08-31,4000000.0,12458.81676411389,387102399.9687564
2009,미국계좌,2010-09-30,4000000.0,192182.9454237235,412729260.1074792
2009,미국계좌,2010-10-31,4000000.0,227781.21294237394,428462017.7709029
2009,미국계좌,2010-11-30,4000000.0,247928.03449299856,436108758.4736615
2009,미국계좌,2010-12-31,4000000.0,264730.4260719798,442088852.717713
2009,미국계좌,2011-01-31,4000000.0,0.0,445966183.4291543
2009,미국계좌,2011-02-28,4000000.0,0.0,457952961.0176032
2009,미국계좌,2011-03-31,4000000.0,0.0,441168931.5512255
2009,미국계좌,2011-04-30,4000000.0,0.0,437911267.0026029
2009,미국계좌,2011-05-31,4000000.0,247342.59554713767,432213830.68205523
2009,미국계좌,2011-06-30,4000000.0,258651.21792022066,414604821.7148414
2009,미국계좌,2011-07-31,4000000.0,262192.8784997312,412384416.45808595
2009,미국계좌,2011-08-31,4000000.0,231044.69126161636,390926865.842279
2009,미국계좌,2011-09-30,4000000.0000000005,273446.82379849034,410158278.7561216
2009,미국계좌,2011-10-31,4000000.0000000005,300787.0494522859,422121053.1659987
2009,미국계좌,2011-11-30,4000000.0,299105.28303503036,416800977.12319005
2009,미국계좌,2011-12-31,3999999.9999999995,305958.24990173656,416638758.274053
2009,미국계좌,2012-01-31,4000000.0,0.0,434924003.3669916
2009,미국계좌,2012-02-29,4000000.0,0.0,455267306.04903185
2009,미국계좌,2012-03-31,4000000.0,0.0,480394800.73232144
2009,미국계좌,2012-04-30,4000000.0,336802.50843645376,469872935.5150881
2009,미국계좌,2012-05-31,4000000.0000000005,389195.0419856959,451711115.05876225
2009,미국계좌,2012-06-30,3999999.9999999995,390530.97399443336,448276370.98539007
2009,미국계좌,2012-07-31,4000000.0,390738.1126058998,444032698.9982534
2009,미국계좌,2012-08-31,4000000.0,423661.40163137397,463843761.14497507
2009,미국계좌,2012-09-30,4000000.0000000005,417101.87710250024,454466507.93543875
2009,미국계좌,2012-10-31,4000000.0,370970.86048704863,417952077.1715469
2009,미국계좌,2012-11-30,4000000.0,374352.40917117405,415777321.6885378
2009,미국계좌,2012-12-31,4000000.0,360134.823142452,402394470.44541734
2009,미국계좌,2013-01-31,4000000.0,0.0,418555993.3673986
2009,미국계좌,2013-02-28,4000000.0,0.0,414620728.89273924
2009,미국계좌,2013-03-31,4000000.0,0.0,434425214.0101915
2009,미국계좌,2013-04-30,4000000.0,433506.2129697211,436625971.48218983
2009,미국계좌,2013-05-31,4000000.0,470497.3410511481,459197802.4630103
2009,미국계좌,2013-06-30,4000000.0,462672.8264741033,448542179.0633664
2009,미국계좌,2013-07-31,3999999.9999999995,488095.557860292,464525199.40652794
2009,미국계좌,2013-08-31,4000000.0,479174.3579032745,452750264.7211409
2009,미국계좌,2013-09-30,4000000.0,487136.18406658166,454700878.2158871
2009,미국계좌,2013-10-31,4000000.0000000005,507421.6550563651,467174598.0423779
2009,미국계좌,2013-11-30,4000000.0,524670.0193830833,477840068.8568555
2009,미국계좌,2013-12-31,4000000.0,538625.9551709994,486121143.13212955
2009,미국계좌,2014-01-31,4000000.0,0.0,484126410.0116878
2009,미국계좌,2014-02-28,4000000.0,0.0,498308868.3230971
2009,미국계좌,2014-03-31,4000000.0,394134.2572426732,479674547.9261013
2009,미국계좌,2014-04-30,4000000.0,527298.0899643592,459333830.30611426
2009,미국계좌,2014-05-31,4000000.0,543888.055900811,469562362.34645283
2009,미국계좌,2014-06-30,4000000.0000000005,555281.9866910673,475546295.1730225
2009,미국계좌,2014-07-31,4000000.0,569172.9265777346,484279758.9833364
2009,미국계좌,2014-08-31,3999999.9999999995,586496.6633903006,497075275.1676357
2009,미국계좌,2014-09-30,4000000.0,601694.3130028911,508516212.03627163
2009,미국계좌,2014-10-31,4000000.0,621887.3000236892,526495434.93213993
2009,미국계좌,2014-11-30,4000000.0,657304.3944281181,565774504.1917707
2009,미국계좌,2014-12-31,3999999.9999999995,639084.6728282063,537929432.3093402
2009,미국계좌,2015-01-31,4000000.0,0.0,529203008.1470738
2009,미국계좌,2015-02-28,4000000.0,20496.371667571144,561518401.0877687
2009,미국계좌,2015-03-31,3999999.9999999995,656543.5451486123,547132690.6140219
2009,미국계좌,2015-04-30,4000000.0,652538.4008049715,537406627.4680054
2009,미국계좌,2015-05-31,4000000.0000000005,675520.2886235802,562803514.1761305
2009,미국계좌,2015-06-30,3999999.9999999995,667048.6249826312,546796477.1575466
2009,미국계좌,2015-07-31,4000000.0000000005,700239.0720021832,588692657.7259557
2009,미국계좌,2015-08-31,4000000.0,679730.0344873515,554640421.1143758
2009,미국계좌,2015-09-30,4000000.0000000005,671243.0619168269,538680872.5503584
2009,미국계좌,2015-10-31,3999999.9999999995,699448.8290789953,572885210.8884989
2009,미국계좌,2015-11-30,3999999.9999999995,704853.3627439806,576161093.1780773
2009,미국계좌,2015-12-31,4000000.0000000005,705266.1084787442,572068696.6476388
2009,미국계좌,2016-01-31,4000000.0,0.0,547109518.1817138
2009,미국계좌,2016-02-29,4000000.0,93690.94524572928,546935537.0738698
2009,미국계좌,2016-03-31,3999999.9999999995,686484.7783360151,532888952.71953773
2009,미국계좌,2016-04-30,4000000.0,675130.7422511159,513600947.47604597
2009,미국계좌,2016-05-31,4000000.0,707593.9402543938,552375194.6225734
2009,미국계좌,2016-06-30,4000000.0,686758.6678380873,519288215.88647544
2009,미국계좌,2016-07-31,4000000.0,699759.5359188339,531830071.102773
2009,미국계좌,2016-08-31,4000000.0,704921.2932859932,534201813.2889193
2009,미국계좌,2016-09-30,3999999.9999999995,707103.7550165397,532512425.5182544
2009,미국계좌,2016-10-31,4000000.0000000005,717640.5270259517,542683850.6321294
2009,미국계좌,2016-11-30,3999999.9999999995,729061.697472531,554834657.7820154
2009,미국계좌,2016-12-31,3999999.9999999995,741639.5531550352,569669625.1798836
2009,미국계좌,2017-01-31,4000000.0,0.0,568937897.7189192
2009,미국계좌,2017-02-28,4000000.0,190076.91977777824,578148782.1147078
2009,미국계좌,2017-03-31,3999999.9999999995,755233.2137371316,579005059.8865696
2009,미국계좌,2017-04-30,4000000.0,770238.2756706384,600408870.2818552
2009,미국계좌,2017-05-31,4000000.0,777756.8495975073,609479014.7120616
2009,미국계좌,2017-06-30,4000000.0,777072.5332704821,603427013.5966277
2009,미국계좌,2017-07-31,4000000.0,783714.4073063771,611132694.3845532
2009,미국계좌,2017-08-31,4000000.0000000005,790392.117439087,619292811.7389889
2009,미국계좌,2017-09-30,4000000.0,795060.3436510422,623787612.8648322
2009,미국계좌,2017-10-31,4000000.0000000005,801609.3582881443,632363457.4259619
2009,미국계좌,2017-11-30,4000000.0,798984.3450227174,622179424.9649339
2009,미국계좌,2017-12-31,4000000.0,795849.944057703,611113340.3428365
2009,미국계좌,2018-01-31,4000000.0,0.0,661195805.0656083
2009,미국계좌,2018-02-28,4000000.0,316614.8730474997,656755410.8846036
2009,미국계좌,2018-03-31,4000000.0,803003.3641923516,612863573.2291837
2009,미국계좌,2018-04-30,4000000.0,806829.7749528561,615847781.5678234
2009,미국계좌,2018-05-31,4000000.0,826159.315239873,653068014.0517219
2009,미국계좌,2018-06-30,4000000.0,837249.0983230501,674680287.5227678
2009,미국계좌,2018-07-31,4000000.0,844957.6057025099,689300989.774617
2009,미국계좌,2018-08-31,4000000.0,860480.7361455241,726743948.1545665
2009,미국계좌,2018-09-30,4000000.0000000005,858219.5870986334,715463936.041217
2009,미국계좌,2018-10-31,4000000.0,841831.0933060274,667402439.7981044
2009,미국계좌,2018-11-30,4000000.0,835747.4320920223,647862353.2421588
2009,미국계좌,2018-12-31,4000000.0,808193.4662795914,583897610.479189
2009,절세계좌,2008-12-31,0.0,0.0,400000000.0
2009,절세계좌,2009-01-31,4000000.0,0.0,398283310.8773036
2009,절세계좌,2009-02-28,4000000.0,0.0,397885635.7955941
2009,절세계좌,2009-03-31,4000000.0,0.0,392578167.9291918
2009,절세계좌,2009-04-30,4000000.0,0.0,395762151.64012116
2009,절세계좌,2009-05-31,4000000.0,0.0,393416312.09839535
2009,절세계좌,2009-06-30,4000000.0,0.0,399808812.2518468
2009,절세계좌,2009-07-31,4000000.0,0.0,405933155.2413614
2009,절세계좌,2009-08-31,4000000.0,0.0,412342956.93538713
2009,절세계좌,2009-09-30,4000000.0,0.0,406596720.7538004
2009,절세계좌,2009-10-31,4000000.0,0.0,393684829.36896825
2009,절세계좌,2009-11-30,4000000.0,0.0,407998459.5727525
2009,절세계좌,2009-12-31,4000000.0,0.0,424949271.03432786
2009,절세계좌,2010-01-31,4000000.0,8407.515635913514,391680392.9492336
2009,절세계좌,2010-02-28,4000000.0,35596.84396311932,405783489.6499356
2009,절세계좌,2010-03-31,4000000.0,17721.23966972926,422571478.14839697
2009,절세계좌,2010-04-30,4000000.0,63296.69784498768,419123551.116038
2009,절세계좌,2010-05-31,4000000.0,64535.57775395519,414377720.611782
2009,절세계좌,2010-06-30,4000000.0,36749.85271428508,394173558.1707348
2009,절세계좌,2010-07-31,4000000.0,58940.60811809907,405270709.5904369
2009,절세계좌,2010-08-31,4000000.0,34302.917759415555,385651024.34208727
2009,절세계좌,2010-09-30,4000000.0,22302.278271986303,411335963.63924897
2009,절세계좌,2010-10-31,4000000.0,0.0,427229119.485119
2009,절세계좌,2010-11-30,4000000.0,33235.35697865723,435056325.98859096
2009,절세계좌,2010-12-31,4000000.0,67869.58364938259,441099125.6902387
2009,절세계좌,2011-01-31,4000000.0,144146.09109567176,444814674.9256124
2009,절세계좌,2011-02-28,4000000.0,30322.995903560844,456729850.80461097
2009,절세계좌,2011-03-31,4000000.0,147998.1277981366,439831967.0599885
2009,절세계좌,2011-04-30,4000000.0,148932.77510976722,436423120.08523107
2009,절세계좌,2011-05-31,4000000.0,147087.72736727897,430830866.46338373
2009,절세계좌,2011-06-30,4000000.0,129412.30021714345,413393813.8508522
2009,절세계좌,2011-07-31,4000000.0,132206.49825157307,411297431.1728235
2009,절세계좌,2011-08-31,4000000.0,107602.3897825181,390008729.4202113
2009,절세계좌,2011-09-30,4000000.0,141079.57305013633,409317305.7354217
2009,절세계좌,2011-10-31,3999999.9999999995,162599.42109446393,421384921.58240277
2009,절세계좌,2011-11-30,4000000.0,161277.16349352596,416204454.1171738
2009,절세계좌,2011-12-31,4000000.0,145154.2707234146,416197108.7527605
2009,절세계좌,2012-01-31,4000000.0,168176.1223741418,434290554.6982661
2009,절세계좌,2012-02-29,4000000.0,0.0,454598402.375393
2009,절세계좌,2012-03-31,4000000.0,107917.82698798056,479575183.5203868
2009,절세계좌,2012-04-30,4000000.0,304065.4991216643,469096607.849351
2009,절세계좌,2012-05-31,4000000.0,207037.1149990184,451139700.55729175
2009,절세계좌,2012-06-30,4000000.0,208119.17142202516,447886159.2161876
2009,절세계좌,2012-07-31,4000000.0,208286.93703913456,443824810.3877587
2009,절세계좌,2012-08-31,4000000.0,353397.38907982537,463694790.2587617
2009,절세계좌,2012-09-30,4000000.0,229619.4597198065,454506612.49900746
2009,절세계좌,2012-10-31,4000000.0,192265.99189582397,418168050.09230614
2009,절세계좌,2012-11-30,4000000.0,195008.25245840845,416173775.3876433
2009,절세계좌,2012-12-31,4000000.0,183474.11329760216,402958981.47675645
2009,절세계좌,2013-01-31,4000000.0,93982.02734204358,419054806.56249166
2009,절세계좌,2013-02-28,4000000.0,0.0,415119619.236254
2009,절세계좌,2013-03-31,3999999.9999999995,8142.015445013775,434944604.9673674
2009,절세계좌,2013-04-30,4000000.0,120056.25165952042,437466744.2067829
2009,절세계좌,2013-05-31,4000000.0,0.0,460561145.59243804
2009,절세계좌,2013-06-30,4000000.0,176237.5292795086,450173570.824004
2009,절세계좌,2013-07-31,4000000.0,51454.409627583125,466340071.8743937
2009,절세계좌,2013-08-31,4000000.0,201416.60950913327,454814390.8334955
2009,절세계좌,2013-09-30,4000000.0,204578.02162650603,457076912.7268987
2009,절세계좌,2013-10-31,4000000.0,452391.87208137475,469694397.1071325
2009,절세계좌,2013-11-30,4000000.0,436410.34773384815,480530058.6375136
2009,절세계좌,2013-12-31,4000000.0,407620.87440579454,489014306.2039197
2009,절세계좌,2014-01-31,4000000.0,204549.13208801617,486826958.35121393
2009,절세계좌,2014-02-28,4000000.0,34149.85324057801,501076691.98798466
2009,절세계좌,2014-03-31,4000000.0,227304.35753078316,482530105.3182351
2009,절세계좌,2014-04-30,4000000.0,220427.03613124503,462402119.658754
2009,절세계좌,2014-05-31,4000000.0,226926.49725003523,473046291.0739709
2009,절세계좌,2014-06-30,3999999.9999999995,231374.39007236774,479432327.44342273
2009,절세계좌,2014-07-31,4000000.0,133982.73951716156,488709686.89422137
2009,절세계좌,2014-08-31,4000000.0,113885.09686540603,501745905.48964006
2009,절세계좌,2014-09-30,4000000.0,489077.63191851997,513450199.1855414
2009,절세계좌,2014-10-31,4000000.0,595907.8828175587,531674693.5971296
2009,절세계좌,2014-11-30,4000000.0,680629.4550504365,571362650.174172
2009,절세계좌,2014-12-31,4000000.0,263696.19135586795,543663761.5983038
2009,절세계좌,2015-01-31,4000000.0,262199.9701991796,534624753.77073276
2009,절세계좌,2015-02-28,4000000.0,0.0,567332908.4440781
2009,절세계좌,2015-03-31,4000000.0,270344.1272707357,553232652.136464
2009,절세계좌,2015-04-30,4000000.0,268821.64270375925,543833741.2144606
2009,절세계좌,2015-05-31,4000000.0,98072.50147308329,569805041.7447495
2009,절세계좌,2015-06-30,4000000.0,274330.1684458767,554049648.6524876
2009,절세계좌,2015-07-31,4000000.0,632495.8704683493,596631666.7899345
2009,절세계좌,2015-08-31,4000000.0,279128.00249651645,562583919.5819867
2009,절세계좌,2015-09-30,4000000.0,275918.76591637643,546858025.4571681
2009,절세계좌,2015-10-31,4000000.0,373132.792521924,581979237.6788785
2009,절세계좌,2015-11-30,4000000.0,405796.87280465465,585680863.3102293
2009,절세계좌,2015-12-31,3999999.9999999995,297696.9097997428,582006162.2740023
2009,절세계좌,2016-01-31,3999999.9999999995,283211.06932026177,556399688.6404967
2009,절세계좌,2016-02-29,4000000.0,284284.02785727533,556101672.920198
2009,절세계좌,2016-03-31,4000000.0,281677.34135349,542303029.3550754
2009,절세계좌,2016-04-30,4000000.0,277389.68933642143,523154612.4673593
2009,절세계좌,2016-05-31,4000000.0,249917.53990025114,563195356.4515668
2009,절세계좌,2016-06-30,4000000.0,281780.62020759203,529957040.0919593
2009,절세계좌,2016-07-31,4000000.0,286674.8748071935,543266210.5318629
2009,절세계좌,2016-08-31,4000000.0,288613.6369505946,546206432.4959316
2009,절세계좌,2016-09-30,3999999.9999999995,289432.61969789345,545002530.1778823
2009,절세계좌,2016-10-31,4000000.0,115659.50831640662,556125160.064181
2009,절세계좌,2016-11-30,4000000.0,106155.81463491425,569062968.2275078
2009,절세계좌,2016-12-31,4000000.0,419387.76980044495,584530213.5629828
2009,절세계좌,2017-01-31,4000000.0,263575.6470877707,583620167.6825932
2009,절세계좌,2017-02-28,4000000.0,142270.11542172416,593224690.1810163
2009,절세계좌,2017-03-31,4000000.0,239582.0399268175,594742945.8618629
2009,절세계좌,2017-04-30,4000000.0,193494.69953895168,616907492.6140833
2009,절세계좌,2017-05-31,4000000.0,525482.1512702357,626610437.9217227
2009,절세계좌,2017-06-30,4000000.0,315454.1310019205,620984219.1246629
2009,절세계좌,2017-07-31,4000000.0,487755.0946327362,629349248.4561427
2009,절세계좌,2017-08-31,4000000.0,515572.85176404635,638170211.9706035
2009,절세계좌,2017-09-30,4000000.0,460907.886586717,643282340.8620754
2009,절세계좌,2017-10-31,4000000.0,524252.84502041223,652553616.6466407
2009,절세계좌,2017-11-30,4000000.0,323510.65370506846,642673123.5603653
2009,절세계좌,2017-12-31,4000000.0,322360.8739240065,631873995.4641576
2009,절세계좌,2018-01-31,4000000.0,1.1905285698940033e-10,682743518.9626129
2009,절세계좌,2018-02-28,4000000.0,235227.72222628794,678380478.08785
2009,절세계좌,2018-03-31,3999999.9999999995,324983.63195058453,633679577.2500358
2009,절세계좌,2018-04-30,4000000.0,326384.6606492984,637408854.4916708
2009,절세계좌,2018-05-31,4000000.0,473367.76252616197,676429050.7297196
2009,절세계좌,2018-06-30,4000000.0,728002.7812841514,699096702.0899589
2009,절세계좌,2018-07-31,4000000.0,620505.5556901996,714646310.9752661
2009,절세계좌,2018-08-31,4000000.0,874290.571761314,753630940.0254964
2009,절세계좌,2018-09-30,4000000.0,345073.43736966373,742626490.1316776
2009,절세계좌,2018-10-31,4000000.0,339139.1245105873,693426853.3383955
2009,절세계좌,2018-11-30,4000000.0,336930.12686043704,673812209.195148
2009,절세계좌,2018-12-31,4000000.0,326883.6522400022,607959285.3732835
2010,세전 기준,2009-12-31,0.0,0.0,400000000.0
2010,세전 기준,2010-01-31,4000000.0,0.0,393710722.59537405
2010,세전 기준,2010-02-28,4000000.0,0.0,392692035.3086227
2010,세전 기준,2010-03-31,4000000.0,0.0,393854811.30372334
2010,세전 기준,2010-04-30,4000000.0,0.0,390057504.0230243
2010,세전 기준,2010-05-31,4000000.0,0.0,385776736.9297368
2010,세전 기준,2010-06-30,4000000.0,0.0,373748126.21651566
2010,세전 기준,2010-07-31,4000000.0,0.0,378633277.9327135
2010,세전 기준,2010-08-31,4000000.0,0.0,364123058.401144
2010,세전 기준,2010-09-30,4000000.0,0.0,382933834.6644419
2010,세전 기준,2010-10-31,4000000.0,0.0,395970287.3255784
2010,세전 기준,2010-11-30,4000000.0,0.0,402962942.9220669
2010,세전 기준,2010-12-31,4000000.0,0.0,408429124.5076929
2010,세전 기준,2011-01-31,4000000.0,0.0,411706691.5989081
2010,세전 기준,2011-02-28,4000000.0,0.0,422465351.6830835
2010,세전 기준,2011-03-31,4000000.0,0.0,406671979.9524166
2010,세전 기준,2011-04-30,4000000.0,0.0,403356268.9088919
2010,세전 기준,2011-05-31,4000000.0,0.0,398020600.15917486
2010,세전 기준,2011-06-30,4000000.0,0.0,381726413.74841547
2010,세전 기준,2011-07-31,4000000.0,0.0,379606286.4022372
2010,세전 기준,2011-08-31,4000000.0,0.0,359749019.0547757
2010,세전 기준,2011-09-30,4000000.0,0.0,377379280.29409397
2010,세전 기준,2011-10-31,4000000.0,0.0,388343091.6723591
2010,세전 기준,2011-11-30,4000000.0,0.0,383403818.5932653
2010,세전 기준,2011-12-31,4000000.0,0.0,383215531.12924385
2010,세전 기준,2012-01-31,4000000.0,0.0,399713028.93768924
2010,세전 기준,2012-02-29,4000000.0,0.0,418085524.30252844
2010,세전 기준,2012-03-31,4000000.0,0.0,440834170.0420287
2010,세전 기준,2012-04-30,4000000.0,0.0,431158448.7774898
2010,세전 기준,2012-05-31,4000000.0,0.0,414520598.49839103
2010,세전 기준,2012-06-30,4000000.0,0.0,411397693.0503621
2010,세전 기준,2012-07-31,4000000.0,0.0,407532660.3800274
2010,세전 기준,2012-08-31,4000000.0,0.0,425775259.5929147
2010,세전 기준,2012-09-30,4000000.0,0.0,417222196.9065179
2010,세전 기준,2012-10-31,4000000.0,0.0,383712948.759721
2010,세전 기준,2012-11-30,4000000.0,0.0,381732352.1045549
2010,세전 기준,2012-12-31,4000000.0,0.0,369448440.0638912
2010,세전 기준,2013-01-31,4000000.0,0.0,383959239.142699
2010,세전 기준,2013-02-28,4000000.0,0.0,380018623.79719967
2010,세전 기준,2013-03-31,4000000.0,0.0,397836509.503718
2010,세전 기준,2013-04-30,4000000.0,0.0,399912013.9229736
2010,세전 기준,2013-05-31,4000000.0,0.0,420680471.79471767
2010,세전 기준,2013-06-30,4000000.0,0.0,411006983.47454596
2010,세전 기준,2013-07-31,4000000.0,0.0,425765022.2668089
2010,세전 기준,2013-08-31,4000000.0,0.0,415078023.23585653
2010,세전 기준,2013-09-30,4000000.0,0.0,416980103.5193761
2010,세전 기준,2013-10-31,4000000.0,0.0,428552534.6979471
2010,세전 기준,2013-11-30,4000000.0,0.0,438486882.55000925
2010,세전 기준,2013-12-31,4000000.0,0.0,446250798.4617103
2010,세전 기준,2014-01-31,4000000.0,0.0,444091598.7617469
2010,세전 기준,2014-02-28,4000000.0,0.0,456770459.5178407
2010,세전 기준,2014-03-31,4000000.0,0.0,439717317.62100166
2010,세전 기준,2014-04-30,4000000.0,0.0,421221167.16186076
2010,세전 기준,2014-05-31,4000000.0,0.0,430767863.7563538
2010,세전 기준,2014-06-30,4000000.0,0.0,436436345.33586335
2010,세전 기준,2014-07-31,4000000.0,0.0,444644944.6241139
2010,세전 기준,2014-08-31,4000000.0,0.0,456604364.76659924
2010,세전 기준,2014-09-30,4000000.0,0.0,467340835.8522044
2010,세전 기준,2014-10-31,4000000.0,0.0,484111897.7773304
2010,세전 기준,2014-11-30,4000000.0,0.0,520511338.7218884
2010,세전 기준,2014-12-31,4000000.0,0.0,495161879.9192364
2010,세전 기준,2015-01-31,4000000.0,0.0,486811225.4784925
2010,세전 기준,2015-02-28,4000000.0,0.0,516236430.04589754
2010,세전 기준,2015-03-31,4000000.0,0.0,503291842.66851056
2010,세전 기준,2015-04-30,4000000.0,0.0,494624851.16599923
2010,세전 기준,2015-05-31,4000000.0,0.0,518303259.0506429
2010,세전 기준,2015-06-30,4000000.0,0.0,503859911.0722566
2010,세전 기준,2015-07-31,4000000.0,0.0,542797400.3156967
2010,세전 기준,2015-08-31,4000000.0,0.0,511714813.15996665
2010,세전 기준,2015-09-30,4000000.0,0.0,497300150.03589386
2010,세전 기준,2015-10-31,4000000.0,0.0,529215401.8688131
2010,세전 기준,2015-11-30,4000000.0,0.0,532587783.1856605
2010,세전 기준,2015-12-31,4000000.0,0.0,529154303.3027165
2010,세전 기준,2016-01-31,4000000.0,0.0,505767401.7925907
2010,세전 기준,2016-02-29,4000000.0,0.0,505390920.29183394
2010,세전 기준,2016-03-31,4000000.0,0.0,492741803.4982091
2010,세전 기준,2016-04-30,4000000.0,0.0,475229843.64374405
2010,세전 기준,2016-05-31,4000000.0,0.0,511463158.32620424
2010,세전 기준,2016-06-30,4000000.0,0.0,481166419.4525542
2010,세전 기준,2016-07-31,4000000.0,0.0,493142299.0933855
2010,세전 기준,2016-08-31,4000000.0,0.0,495704173.43591976
2010,세전 기준,2016-09-30,4000000.0,0.0,494504415.53633034
2010,세전 기준,2016-10-31,4000000.0,0.0,504330775.917443
2010,세전 기준,2016-11-30,4000000.0,0.0,516017694.4488436
2010,세전 기준,2016-12-31,4000000.0,0.0,530224696.1966816
2010,세전 기준,2017-01-31,4000000.0,0.0,529266667.78425026
2010,세전 기준,2017-02-28,4000000.0,0.0,537733199.1386085
2010,세전 기준,2017-03-31,4000000.0,0.0,538952436.5522901
2010,세전 기준,2017-04-30,4000000.0,0.0,559315897.742791
2010,세전 기준,2017-05-31,4000000.0,0.0,568216025.8380524
2010,세전 기준,2017-06-30,4000000.0,0.0,563027412.5557288
2010,세전 기준,2017-07-31,4000000.0,0.0,570680639.3797071
2010,세전 기준,2017-08-31,4000000.0,0.0,578773929.5826558
2010,세전 기준,2017-09-30,4000000.0,0.0,583455977.1150336
2010,세전 기준,2017-10-31,4000000.0,0.0,591968497.86231
2010,세전 기준,2017-11-30,4000000.0,0.0,582927443.0595486
2010,세전 기준,2017-12-31,4000000.0,0.0,573052784.2045745
2010,세전 기준,2018-01-31,4000000.0,0.0,619766956.0939386
2010,세전 기준,2018-02-28,4000000.0,0.0,615650932.4828808
2010,세전 기준,2018-03-31,4000000.0,0.0,575008558.6520369
2010,세전 기준,2018-04-30,4000000.0,0.0,578318364.278916
2010,세전 기준,2018-05-31,4000000.0,0.0,613802472.6201105
2010,세전 기준,2018-06-30,4000000.0,0.0,634661724.6480536
2010,세전 기준,2018-07-31,4000000.0,0.0,648972781.7295742
2010,세전 기준,2018-08-31,4000000.0,0.0,684801218.0254172
2010,세전 기준,2018-09-30,4000000.0,0.0,674750047.7954482
2010,세전 기준,2018-10-31,4000000.0,0.0,629989822.6373553
2010,세전 기준,2018-11-30,4000000.0,0.0,612109765.5020559
2010,세전 기준,2018-12-31,4000000.0,0.0,552217798.1162411
2010,세전 기준,2019-01-31,4000000.0,0.0,597419594.8370664
2010,세전 기준,2019-02-28,4000000.0,0.0,618389891.8266511
2010,세전 기준,2019-03-31,4000000.0,0.0,645316051.1626416
2010,세전 기준,2019-04-30,4000000.0,0.0,694059173.8040395
2010,세전 기준,2019-05-31,4000000.0,0.0,646857916.7149556
2010,세전 기준,2019-06-30,4000000.0,0.0,670956374.7046978
2010,세전 기준,2019-07-31,4000000.0,0.0,699368164.0210809
2010,세전 기준,2019-08-31,4000000.0,0.0,698662115.9436977
2010,세전 기준,2019-09-30,4000000.0,0.0,692070497.8180867
2010,세전 기준,2019-10-31,4000000.0,0.0,702224553.7964348
2010,세전 기준,2019-11-30,4000000.0,0.0,734446031.3350974
2010,세전 기준,2019-12-31,4000000.0,0.0,742280703.5564164
2010,미국계좌,2009-12-31,0.0,0.0,400000000.0
2010,미국계좌,2010-01-31,4000000.0,0.0,393710722.59537405
2010,미국계좌,2010-02-28,4000000.0,0.0,392692035.3086227
2010,미국계좌,2010-03-31,4000000.0,0.0,393854811.30372334
2010,미국계좌,2010-04-30,4000000.0,0.0,390057504.0230243
2010,미국계좌,2010-05-31,4000000.0,0.0,385776736.9297368
2010,미국계좌,2010-06-30,4000000.0,0.0,373748126.21651566
2010,미국계좌,2010-07-31,4000000.0,0.0,378633277.9327135
2010,미국계좌,2010-08-31,4000000.0,0.0,364123058.401144
2010,미국계좌,2010-09-30,4000000.0,0.0,382933834.6644419
2010,미국계좌,2010-10-31,4000000.0,0.0,395970287.3255784
2010,미국계좌,2010-11-30,4000000.0,0.0,402962942.9220669
2010,미국계좌,2010-12-31,4000000.0,0.0,408429124.5076929
2010,미국계좌,2011-01-31,4000000.0,0.0,411706691.5989081
2010,미국계좌,2011-02-28,4000000.0,0.0,422465351.6830835
2010,미국계좌,2011-03-31,4000000.0,0.0,406671979.9524166
2010,미국계좌,2011-04-30,4000000.0,0.0,403356268.9088919
2010,미국계좌,2011-05-31,4000000.0,0.0,398020600.15917486
2010,미국계좌,2011-06-30,4000000.0,0.0,381726413.74841547
2010,미국계좌,2011-07-31,4000000.0,0.0,379606286.4022372
2010,미국계좌,2011-08-31,4000000.0,0.0,359749019.0547757
2010,미국계좌,2011-09-30,4000000.0,0.0,377379280.29409397
2010,미국계좌,2011-10-31,4000000.0,123832.36859557207,388219259.30376357
2010,미국계좌,2011-11-30,4000000.0,152970.42212209295,383127315.3119573
2010,미국계좌,2011-12-31,4000000.0,160759.45865509193,382775519.4572866
2010,미국계좌,2012-01-31,4000000.0,0.0,399249481.84623826
2010,미국계좌,2012-02-29,4000000.0,0.0,417596031.8342594
2010,미국계좌,2012-03-31,4000000.0,0.0,440313360.39135367
2010,미국계좌,2012-04-30,4000000.0,0.0,430644344.5290046
2010,미국계좌,2012-05-31,4000000.0,91293.35229175304,413930270.0039684
2010,미국계좌,2012-06-30,3999999.9999999995,257245.91655429293,410548869.5484879
2010,미국계좌,2012-07-31,4000000.0,257483.05922381507,406426075.3452205
2010,미국계좌,2012-08-31,4000000.0000000005,295226.7516394281,424313051.84359944
2010,미국계좌,2012-09-30,4000000.0000000005,287698.65864734113,415487926.73714167
2010,미국계좌,2012-10-31,4000000.0,234870.71965484432,381866469.15084505
2010,미국계좌,2012-11-30,3999999.9999999995,238736.3656939262,379637418.4826906
2010,미국계좌,2012-12-31,3999999.9999999995,222490.65040785214,367176477.60736215
2010,미국계좌,2013-01-31,4000000.0,0.0,381573442.55943733
2010,미국계좌,2013-02-28,4000000.0,0.0,377632458.2172026
2010,미국계좌,2013-03-31,4000000.0,0.0,395313347.7750033
2010,미국계좌,2013-04-30,4000000.0,0.0,397350320.0840399
2010,미국계좌,2013-05-31,4000000.0000000005,294024.5466430957,417666095.49509746
2010,미국계좌,2013-06-30,4000000.0,340082.7523478109,407693177.6733825
2010,미국계좌,2013-07-31,4000000.0,369392.0659951066,421930584.8823974
2010,미국계좌,2013-08-31,4000000.0000000005,359099.99874985934,410944708.9281778
2010,미국계좌,2013-09-30,4000000.0,368284.9068939846,412419731.8535645
2010,미국계좌,2013-10-31,4000000.0,391713.9318338746,423430138.6386868
2010,미국계좌,2013-11-30,3999999.9999999995,411666.1441686985,432786266.09069175
2010,미국계좌,2013-12-31,3999999.9999999995,427830.66586829786,439969412.73028326
2010,미국계좌,2014-01-31,4000000.0,0.0,437784302.09239215
2010,미국계좌,2014-02-28,4000000.0,0.0,450226278.10851604
2010,미국계좌,2014-03-31,4000000.0,96689.96103107813,433263459.50151324
2010,미국계좌,2014-04-30,4000000.0,414708.6909906314,414565364.5400841
2010,미국계좌,2014-05-31,3999999.9999999995,433930.3672027303,423464076.61782265
2010,미국계좌,2014-06-30,4000000.0,447147.0541510145,428521479.3893271
2010,미국계좌,2014-07-31,4000000.0,463277.10250171635,436045396.03038627
2010,미국계좌,2014-08-31,4000000.0,483419.33799031394,447212737.5085979
2010,미국계좌,2014-09-30,4000000.0,501113.4371237903,457144989.3302108
2010,미국계좌,2014-10-31,4000000.0,524658.0049593094,472938236.70329076
2010,미국계좌,2014-11-30,4000000.0000000005,566049.0933511662,507839179.54267275
2010,미국계좌,2014-12-31,4000000.0,544740.926999987,482464745.12879974
2010,미국계좌,2015-01-31,4000000.0,0.0,474225651.87259144
2010,미국계좌,2015-02-28,4000000.0,0.0,502786711.6743085
2010,미국계좌,2015-03-31,3999999.9999999995,425644.01548288536,489649517.2663823
2010,미국계좌,2015-04-30,4000000.0000000005,560472.0913161221,480548558.0410513
2010,미국계좌,2015-05-31,4000000.0,587385.1059672299,502851894.1887434
2010,미국계좌,2015-06-30,4000000.0,577458.3443957996,488142419.07443064
2010,미국계좌,2015-07-31,4000000.0,616389.6749256606,525124119.2806217
2010,미국계좌,2015-08-31,4000000.0,592320.5255815918,494331010.5424917
2010,미국계좌,2015-09-30,3999999.9999999995,582372.3450578417,479687778.4877246
2010,미국계좌,2015-10-31,4000000.0,615461.4934598188,509715595.03131485
2010,미국계좌,2015-11-30,3999999.9999999995,621810.6209030183,512194518.2825642
2010,미국계좌,2015-12-31,4000000.0,622295.6231300149,508117050.2120251
2010,미국계좌,2016-01-31,4000000.0,0.0,485500901.48831195
2010,미국계좌,2016-02-29,4000000.0,0.0,484979222.731846
2010,미국계좌,2016-03-31,4000000.0,546858.2268441672,472132567.7111319
2010,미국계좌,2016-04-30,4000000.0,586928.4972635758,454598825.5771773
2010,미국계좌,2016-05-31,4000000.0,625031.2846171547,488460471.5253867
2010,미국계좌,2016-06-30,4000000.0,600564.6090714857,458745844.9145888
2010,미국계좌,2016-07-31,4000000.0,615826.427528844,469361481.25710386
2010,미국계좌,2016-08-31,3999999.9999999995,621890.4424196078,470985031.6679574
2010,미국계좌,2016-09-30,4000000.0,624455.1761370469,469021179.7003796
2010,미국계좌,2016-10-31,4000000.0,636844.1002279641,477498183.8352148
2010,미국계좌,2016-11-30,4000000.0000000005,650285.1882871889,487700204.8443605
2010,미국계좌,2016-12-31,4000000.0000000005,665102.3633759642,500242959.0671941
2010,미국계좌,2017-01-31,4000000.0,0.0,499112921.32900316
2010,미국계좌,2017-02-28,4000000.0,59842.2413717542,506809358.60011667
2010,미국계좌,2017-03-31,4000000.0,681133.7040907654,507047315.5719355
2010,미국계좌,2017-04-30,4000000.0,698850.7025577641,525269648.18141556
2010,미국계좌,2017-05-31,4000000.0,707736.506126375,532676793.039182
2010,미국계좌,2017-06-30,4000000.0,706927.5178320659,526855594.39452255
2010,미국계좌,2017-07-31,4000000.0,714781.3964413696,533045375.73880494
2010,미국계좌,2017-08-31,4000000.0,722682.0511512428,539618455.231546
2010,미국계좌,2017-09-30,3999999.9999999995,728207.8309599714,542984933.1461014
2010,미국계좌,2017-10-31,4000000.0,735963.5403059628,549893567.498242
2010,미국계좌,2017-11-30,3999999.9999999995,732854.3422244224,540477957.8751961
2010,미국계좌,2017-12-31,4000000.0000000005,729142.6945241845,530301956.1265075
2010,미국계좌,2018-01-31,4000000.0,0.0,573232754.2965149
2010,미국계좌,2018-02-28,3999999.9999999995,209655.4459827751,568915786.6850866
2010,미국계좌,2018-03-31,3999999.9999999995,737614.9489963982,530317384.99138194
2010,미국계좌,2018-04-30,4000000.0,742148.8962070543,532316904.45212823
2010,미국계좌,2018-05-31,4000000.0,765074.8598588186,563895234.238331
2010,미국계좌,2018-06-30,4000000.0,778244.7642590599,581954977.867062
2010,미국계좌,2018-07-31,4000000.0,787406.3806417256,593957950.3681909
2010,미국계좌,2018-08-31,4000000.0,805873.7189762958,625604169.9490329
2010,미국계좌,2018-09-30,4000000.0,803182.21021583,615272905.6774915
2010,미국계좌,2018-10-31,4000000.0000000005,783689.7842699565,573321879.2608999
2010,미국계좌,2018-11-30,4000000.0,776460.712245172,555913880.458492
2010,미국계좌,2018-12-31,4000000.0,743765.0970177512,500409414.8677924
2010,미국계좌,2019-01-31,4000000.0,0.0,540995160.549118
2010,미국계좌,2019-02-28,4000000.0000000005,245286.07727203114,559361804.0864475
2010,미국계좌,2019-03-31,4000000.0000000005,801582.812463285,582534340.0432055
2010,미국계좌,2019-04-30,4000000.0,824801.276946875,625321371.8895305
2010,미국계좌,2019-05-31,4000000.0000000005,805928.180055724,581592725.921257
2010,미국계좌,2019-06-30,3999999.9999999995,818534.4209825002,602037635.5335943
2010,미국계좌,2019-07-31,4000000.0,831980.020364442,626288197.5965902
2010,미국계좌,2019-08-31,4000000.0,833288.810284254,624404661.6042271
2010,미국계좌,2019-09-30,3999999.9999999995,832254.1424139686,617256240.0300871
2010,미국계좌,2019-10-31,4000000.0,837849.7193544719,625042363.4491844
2010,미국계좌,2019-11-30,3999999.9999999995,851322.9616694165,652431379.8575767
2010,미국계좌,2019-12-31,4000000.0000000005,855480.304259052,658089009.0237048
2010,절세계좌,2009-12-31,0.0,0.0,400000000.0
2010,절세계좌,2010-01-31,4000000.0,0.0,393710722.595374
2010,절세계좌,2010-02-28,4000000.0,0.0,392692035.30862266
2010,절세계좌,2010-03-31,4000000.0,0.0,393854811.3037233
2010,절세계좌,2010-04-30,4000000.0,0.0,390051679.02349347
2010,절세계좌,2010-05-31,4000000.0,0.0,385778714.228595
2010,절세계좌,2010-06-30,4000000.0,0.0,373937071.4196311
2010,절세계좌,2010-07-31,4000000.0,0.0,378645155.66568696
2010,절세계좌,2010-08-31,4000000.0,0.0,364318842.5992044
2010,절세계좌,2010-09-30,4000000.0,0.0,382775408.36452
2010,절세계좌,2010-10-31,4000000.0,0.0,395432582.7023943
2010,절세계좌,2010-11-30,4000000.0,0.0,402271022.8568047
2010,절세계좌,2010-12-31,4000000.0,15756.22804334111,407705194.01261634
2010,절세계좌,2011-01-31,4000000.0,44197.292808335136,410545785.40852237
2010,절세계좌,2011-02-28,4000000.0,11964.272516091542,421250865.6229541
2010,절세계좌,2011-03-31,4000000.0,48228.169979298866,405443168.8235013
2010,절세계좌,2011-04-30,4000000.0,49866.979959161574,402075523.1338724
2010,절세계좌,2011-05-31,4000000.0,48706.4663887386,396695388.96281743
2010,절세계좌,2011-06-30,4000000.0,28824.425961956964,380413311.6694231
2010,절세계좌,2011-07-31,4000000.0,31965.72994114336,378254752.0125247
2010,절세계좌,2011-08-31,4000000.0,4327.41869909551,358449614.79966253
2010,절세계좌,2011-09-30,4000000.0,41945.34272035045,375959802.745926
2010,절세계좌,2011-10-31,4000000.0,66176.01631737054,386801153.103912
2010,절세계좌,2011-11-30,4000000.0,64686.08631219051,381800923.3762583
2010,절세계좌,2011-12-31,4000000.0,61624.9843220098,381535075.31252384
2010,절세계좌,2012-01-31,4000000.0,92431.38244789382,397850257.23065996
2010,절세계좌,2012-02-29,4000000.0,0.0,416118490.6666547
2010,절세계좌,2012-03-31,4000000.0,0.0,438741287.7870921
2010,절세계좌,2012-04-30,4000000.0,84907.25095935608,429007605.04196686
2010,절세계좌,2012-05-31,4000000.0,135279.34443033236,412297519.622211
2010,절세계좌,2012-06-30,4000000.0,136473.80850242914,409033436.4972158
2010,절세계좌,2012-07-31,4000000.0,136659.0089418436,405030969.1757832
2010,절세계좌,2012-08-31,4000000.0,67311.35969180083,423069717.9973376
2010,절세계좌,2012-09-30,4000000.0,160223.29944079474,414385363.94262516
2010,절세계좌,2012-10-31,4000000.0,118981.3020242823,380957777.7206102
2010,절세계좌,2012-11-30,4000000.0,122005.97156053096,378840675.1880816
2010,절세계좌,2012-12-31,4000000.0,109287.26852083714,366510227.69203013
2010,절세계좌,2013-01-31,4000000.0,137355.79657426325,380736455.14393836
2010,절세계좌,2013-02-28,4000000.0,137443.02053006928,376657898.32938945
2010,절세계좌,2013-03-31,4000000.0,152682.92917532293,394130152.86799884
2010,절세계좌,2013-04-30,4000000.0,115215.00932308809,396033841.17274934
2010,절세계좌,2013-05-31,4000000.0,0.0,416562105.31427515
2010,절세계좌,2013-06-30,4000000.0,181734.7350474118,406762424.42393297
2010,절세계좌,2013-07-31,4000000.0,0.0,421326744.8451494
2010,절세계좌,2013-08-31,4000000.0,104644.73096220355,410604807.97615826
2010,절세계좌,2013-09-30,4000000.0,0.0,412443282.6864838
2010,절세계좌,2013-10-31,4000000.0,0.0,423658789.1554098
2010,절세계좌,2013-11-30,4000000.0,165064.80866503555,433179533.90383744
2010,절세계좌,2013-12-31,4000000.0,220827.72260098928,440580234.245838
2010,절세계좌,2014-01-31,4000000.0,167944.2570599574,438229699.0112058
2010,절세계좌,2014-02-28,4000000.0,28424.46434595974,450659978.44797593
2010,절세계좌,2014-03-31,4000000.0,187196.85760053725,433594259.07795787
2010,절세계좌,2014-04-30,4000000.0,179099.78427289092,415120867.56139684
2010,절세계좌,2014-05-31,4000000.0,186751.85128440568,424284623.42744195
2010,절세계좌,2014-06-30,4000000.0,191991.0911470773,429615599.13865966
2010,절세계좌,2014-07-31,4000000.0,112243.2872159145,437521155.821401
2010,절세계좌,2014-08-31,4000000.0,42576.585957247145,449094062.2672926
2010,절세계좌,2014-09-30,4000000.0,139029.97954509256,459206405.3961546
2010,절세계좌,2014-10-31,4000000.0,467025.14458542137,475148905.7010304
2010,절세계좌,2014-11-30,4000000.0,537735.0480876685,510262644.2975118
2010,절세계좌,2014-12-31,4000000.0,230126.11855575297,485103423.0900543
2010,절세계좌,2015-01-31,4000000.0,228358.35829776144,476612787.1868229
2010,절세계좌,2015-02-28,4000000.0,0.0,505337751.3564597
2010,절세계좌,2015-03-31,3999999.9999999995,237983.40907821746,492344016.88250947
2010,절세계좌,2015-04-30,3999999.9999999995,236183.54967388924,483542360.28459394
2010,절세계좌,2015-05-31,4000000.0,64267.953627994575,506394970.62831426
2010,절세계좌,2015-06-30,4000000.0,242696.81274489322,491948867.2183142
2010,절세계좌,2015-07-31,4000000.0,315873.5063075462,529555458.1318437
2010,절세계좌,2015-08-31,4000000.0,248372.37638277267,498885198.2513813
2010,절세계좌,2015-09-30,4000000.0,244575.76258916978,484487073.7859717
2010,절세계좌,2015-10-31,4000000.0,348150.55130664806,515128808.6460436
2010,절세계좌,2015-11-30,4000000.0,352259.03993037617,517952693.74557143
2010,절세계좌,2015-12-31,3999999.9999999995,266837.24527067586,514236809.0943221
2010,절세계좌,2016-01-31,4000000.0,253204.3338485846,491143243.2466984
2010,절세계좌,2016-02-29,4000000.0,254474.3812029264,490407514.0858776
2010,절세계좌,2016-03-31,3999999.9999999995,251389.09168512878,477763429.96249163
2010,절세계좌,2016-04-30,3999999.9999999995,246315.76928727925,460415891.11906314
2010,절세계좌,2016-05-31,4000000.0,225040.83482620004,495170004.64493215
2010,절세계좌,2016-06-30,4000000.0,251511.3194304133,465459462.50728
2010,절세계좌,2016-07-31,4000000.0,257304.8357248592,476656528.6543905
2010,절세계좌,2016-08-31,3999999.9999999995,259600.52565036115,478739438.70089924
2010,절세계좌,2016-09-30,4000000.0,260570.40372977316,477183276.2953614
2010,절세계좌,2016-10-31,4000000.0,104568.27900376912,486420768.75153625
2010,절세계좌,2016-11-30,4000000.0,83145.36345823192,497409666.9574652
2010,절세계좌,2016-12-31,4000000.0,203674.58806430415,510431754.08003294
2010,절세계좌,2017-01-31,4000000.0,240674.0498724911,509119496.8022234
2010,절세계좌,2017-02-28,4000000.0,130294.56076372432,516981180.11637694
2010,절세계좌,2017-03-31,4000000.0,219677.35599497444,517779321.1166876
2010,절세계좌,2017-04-30,4000000.0,33296.72388425999,536690585.7202254
2010,절세계좌,2017-05-31,4000000.0,453904.95793785964,544591418.6733767
2010,절세계좌,2017-06-30,4000000.0,291423.43369277753,539160800.7005649
2010,절세계좌,2017-07-31,4000000.0,437746.5894387158,545882303.1371043
2010,절세계좌,2017-08-31,4000000.0,462880.2128917144,552987211.7240331
2010,절세계좌,2017-09-30,4000000.0,417474.16387106536,556864964.7837639
2010,절세계좌,2017-10-31,4000000.0,472995.259610325,564334232.0059628
2010,절세계좌,2017-11-30,4000000.0,300990.4604718681,555227513.1986457
2010,절세계좌,2017-12-31,4000000.0,299624.6869696897,545332385.5622559
2010,절세계좌,2018-01-31,4000000.0,0.0,588753696.7613755
2010,절세계좌,2018-02-28,3999999.9999999995,203989.53503596442,584439489.4594028
2010,절세계좌,2018-03-31,3999999.9999999995,302740.3534763787,545352021.0654562
2010,절세계좌,2018-04-30,4000000.0,304404.9854934708,547980412.491827
2010,절세계좌,2018-05-31,4000000.0,325930.1023258363,580937124.2726469
2010,절세계좌,2018-06-30,4000000.0,659588.3079440774,599805727.8975828
2010,절세계좌,2018-07-31,4000000.0,567513.775419008,612543617.1342112
2010,절세계좌,2018-08-31,4000000.0,788740.8586969856,645347599.9155347
2010,절세계좌,2018-09-30,3999999.9999999995,326630.1028373572,635318427.115926
2010,절세계좌,2018-10-31,4000000.0,319568.83873902727,592620614.0355788
2010,절세계좌,2018-11-30,4000000.0,316941.30475390976,575246941.1983458
2010,절세계좌,2018-12-31,3999999.9999999995,304997.9128593144,518415933.9187243
2010,절세계좌,2019-01-31,3999999.9999999995,315695.49508444715,560290338.5698447
2010,절세계좌,2019-02-28,4000000.0,320529.8698539333,579388217.2613968
2010,절세계좌,2019-03-31,3999999.9999999995,326052.0028438516,604037820.5227311
2010,절세계좌,2019-04-30,4000000.0,0.0,649407181.1491623
2010,절세계좌,2019-05-31,4000000.0,327622.0921346267,604657635.9023266
2010,절세계좌,2019-06-30,4000000.0,259415.98574328504,626663566.2029227
2010,절세계좌,2019-07-31,4000000.0,492812.9358347361,652161852.0038193
2010,절세계좌,2019-08-31,4000000.0,380130.9258078481,650853336.1396897
2010,절세계좌,2019-09-30,4000000.0,337098.0746338947,644101961.8869698
2010,절세계좌,2019-10-31,3999999.9999999995,490908.36076317145,652784068.7797887
2010,절세계좌,2019-11-30,4000000.0,821413.4353429506,681633940.914102
2010,절세계좌,2019-12-31,4000000.0,495311.1889543667,688122301.6649086
2011,세전 기준,2010-12-31,0.0,0.0,400000000.0
2011,세전 기준,2011-01-31,4000000.0,0.0,396593947.77490366
2011,세전 기준,2011-02-28,4000000.0,0.0,395005073.3792526
2011,세전 기준,2011-03-31,4000000.0,0.0,388129625.450407
2011,세전 기준,2011-04-30,4000000.0,0.0,384354197.6690411
2011,세전 기준,2011-05-31,4000000.0,0.0,379801126.93173134
2011,세전 기준,2011-06-30,4000000.0,0.0,369629606.4159688
2011,세전 기준,2011-07-31,4000000.0,0.0,366747321.6394872
2011,세전 기준,2011-08-31,4000000.0,0.0,351827293.0482209
2011,세전 기준,2011-09-30,4000000.0,0.0,364892686.337165
2011,세전 기준,2011-10-31,4000000.0,0.0,374145388.2665346
2011,세전 기준,2011-11-30,4000000.0,0.0,369240454.7209101
2011,세전 기준,2011-12-31,4000000.0,0.0,368911358.35252774
2011,세전 기준,2012-01-31,4000000.0,0.0,384643752.12336177
2011,세전 기준,2012-02-29,4000000.0,0.0,402172799.0607728
2011,세전 기준,2012-03-31,4000000.0,0.0,423903366.3797112
2011,세전 기준,2012-04-30,4000000.0,0.0,414445628.49509674
2011,세전 기준,2012-05-31,4000000.0,0.0,398297654.0866187
2011,세전 기준,2012-06-30,4000000.0,0.0,395140422.10279876
2011,세전 기준,2012-07-31,4000000.0,0.0,391270055.9060868
2011,세전 기준,2012-08-31,4000000.0,0.0,408625063.4517584
2011,세전 기준,2012-09-30,4000000.0,0.0,400255397.7954975
2011,세전 기준,2012-10-31,4000000.0,0.0,367946175.6514784
2011,세전 기준,2012-11-30,4000000.0,0.0,365882601.6705407
2011,세전 기준,2012-12-31,4000000.0,0.0,353942642.5008819
2011,세전 기준,2013-01-31,4000000.0,0.0,367676541.0108421
2011,세전 기준,2013-02-28,4000000.0,0.0,363733407.3188509
2011,세전 기준,2013-03-31,4000000.0,0.0,380616315.1859144
2011,세전 기준,2013-04-30,4000000.0,0.0,382428843.82446855
2011,세전 기준,2013-05-31,4000000.0,0.0,402114485.60924023
2011,세전 기준,2013-06-30,4000000.0,0.0,392691386.62928754
2011,세전 기준,2013-07-31,4000000.0,0.0,406613515.8386466
2011,세전 기준,2013-08-31,4000000.0,0.0,396227307.3804955
2011,세전 기준,2013-09-30,4000000.0,0.0,397861345.4354412
2011,세전 기준,2013-10-31,4000000.0,0.0,408719772.4158047
2011,세전 기준,2013-11-30,4000000.0,0.0,418009259.75222117
2011,세전 기준,2013-12-31,4000000.0,0.0,425223793.134475
2011,세전 기준,2014-01-31,4000000.0,0.0,422977856.2951076
2011,세전 기준,2014-02-28,4000000.0,0.0,434863742.8728496
2011,세전 기준,2014-03-31,4000000.0,0.0,418436629.8158851
2011,세전 기준,2014-04-30,4000000.0,0.0,400642039.29067177
2011,세전 기준,2014-05-31,4000000.0,0.0,409526900.19602156
2011,세전 기준,2014-06-30,4000000.0,0.0,414718633.43334216
2011,세전 기준,2014-07-31,4000000.0,0.0,422319714.9359887
2011,세전 기준,2014-08-31,4000000.0,0.0,433477826.6982079
2011,세전 기준,2014-09-30,4000000.0,0.0,443467910.78917885
2011,세전 기준,2014-10-31,4000000.0,0.0,459177935.52949786
2011,세전 기준,2014-11-30,4000000.0,0.0,493496621.7147327
2011,세전 기준,2014-12-31,4000000.0,0.0,469255207.1464788
2011,세전 기준,2015-01-31,4000000.0,0.0,461132177.2170604
2011,세전 기준,2015-02-28,4000000.0,0.0,488794218.98888487
2011,세전 기준,2015-03-31,4000000.0,0.0,476325109.9782732
2011,세전 기준,2015-04-30,4000000.0,0.0,467908179.1794056
2011,세전 기준,2015-05-31,4000000.0,0.0,490091565.24534774
2011,세전 기준,2015-06-30,4000000.0,0.0,476216657.71244127
2011,세전 기준,2015-07-31,4000000.0,0.0,512798468.58634233
2011,세전 기준,2015-08-31,4000000.0,0.0,483212662.149655
2011,세전 기준,2015-09-30,4000000.0,0.0,469378088.35160893
2011,세전 기준,2015-10-31,4000000.0,0.0,499276795.6952232
2011,세전 기준,2015-11-30,4000000.0,0.0,502232108.9901891
2011,세전 기준,2015-12-31,4000000.0,0.0,498766339.40657705
2011,세전 기준,2016-01-31,4000000.0,0.0,476492777.5394829
2011,세전 기준,2016-02-29,4000000.0,0.0,475906561.006054
2011,세전 기준,2016-03-31,4000000.0,0.0,463762031.17038363
2011,세전 기준,2016-04-30,4000000.0,0.0,447044754.28680754
2011,세전 기준,2016-05-31,4000000.0,0.0,480891898.183451
2011,세전 기준,2016-06-30,4000000.0,0.0,452166972.3171021
2011,세전 기준,2016-07-31,4000000.0,0.0,463180000.7315037
2011,세전 기준,2016-08-31,4000000.0,0.0,465343189.2642308
2011,세전 기준,2016-09-30,4000000.0,0.0,463971921.60006106
2011,세전 기준,2016-10-31,4000000.0,0.0,472944592.40584576
2011,세전 기준,2016-11-30,4000000.0,0.0,483655261.7625608
2011,세전 기준,2016-12-31,4000000.0,0.0,496720397.88287836
2011,세전 기준,2017-01-31,4000000.0,0.0,495570150.72948104
2011,세전 기준,2017-02-28,4000000.0,0.0,503242982.5898684
2011,세전 기준,2017-03-31,4000000.0,0.0,504127458.0269685
2011,세전 기준,2017-04-30,4000000.0,0.0,522916648.548634
2011,세전 기준,2017-05-31,4000000.0,0.0,530977260.0503729
2011,세전 기준,2017-06-30,4000000.0,0.0,525866544.06347895
2011,세전 기준,2017-07-31,4000000.0,0.0,532750635.9930291
2011,세전 기준,2017-08-31,4000000.0,0.0,540040151.7086351
2011,세전 기준,2017-09-30,4000000.0,0.0,544141163.2208637
2011,세전 기준,2017-10-31,4000000.0,0.0,551810557.0762733
2011,세전 기준,2017-11-30,4000000.0,0.0,543111477.1944739
2011,세전 기준,2017-12-31,4000000.0,0.0,533638077.91172194
2011,세전 기준,2018-01-31,4000000.0,0.0,576864117.0408916
2011,세전 기준,2018-02-28,4000000.0,0.0,572756125.0653747
2011,세전 기준,2018-03-31,4000000.0,0.0,534666768.6765016
2011,세전 기준,2018-04-30,4000000.0,0.0,537463728.6440868
2011,세전 기준,2018-05-31,4000000.0,0.0,570158527.5680419
2011,세전 기준,2018-06-30,4000000.0,0.0,589250181.9111602
2011,세전 기준,2018-07-31,4000000.0,0.0,602251039.6866231
2011,세전 기준,2018-08-31,4000000.0,0.0,635212092.3587201
2011,세전 기준,2018-09-30,4000000.0,0.0,625599110.9535747
2011,세전 기준,2018-10-31,4000000.0,0.0,583807990.0718751
2011,세전 기준,2018-11-30,4000000.0,0.0,566945419.9682521
2011,세전 기준,2018-12-31,4000000.0,0.0,511177425.5523942
2011,세전 기준,2019-01-31,4000000.0,0.0,552722585.2087833
2011,세전 기준,2019-02-28,4000000.0,0.0,571824685.0139937
2011,세전 기준,2019-03-31,4000000.0,0.0,596422082.1492506
2011,세전 기준,2019-04-30,4000000.0,0.0,641168991.4631606
2011,세전 기준,2019-05-31,4000000.0,0.0,597259849.0107489
2011,세전 기준,2019-06-30,4000000.0,0.0,619203847.4418348
2011,세전 기준,2019-07-31,4000000.0,0.0,645115635.1583039
2011,세전 기준,2019-08-31,4000000.0,0.0,644154063.265357
2011,세전 기준,2019-09-30,4000000.0,0.0,637764637.3784393
2011,세전 기준,2019-10-31,4000000.0,0.0,646808043.2264342
2011,세전 기준,2019-11-30,4000000.0,0.0,676171079.1426411
2011,세전 기준,2019-12-31,4000000.0,0.0,683066723.9494376
2011,세전 기준,2020-01-31,4000000.0,0.0,721652150.5027964
2011,세전 기준,2020-02-29,4000000.0,0.0,687380246.7898291
2011,세전 기준,2020-03-31,4000000.0,0.0,635397035.5961319
2011,세전 기준,2020-04-30,4000000.0,0.0,717567672.8210793
2011,세전 기준,2020-05-31,4000000.0,0.0,781684115.0001758
2011,세전 기준,2020-06-30,4000000.0,0.0,802565297.9110862
2011,세전 기준,2020-07-31,4000000.0,0.0,851913986.5934201
2011,세전 기준,2020-08-31,4000000.0,0.0,937032902.9968548
2011,세전 기준,2020-09-30,4000000.0,0.0,862892666.2752138
2011,세전 기준,2020-10-31,4000000.0,0.0,809671697.3992634
2011,세전 기준,2020-11-30,4000000.0,0.0,874168441.3388174
2011,세전 기준,2020-12-31,4000000.0,0.0,896703623.5251826
2011,미국계좌,2010-12-31,0.0,0.0,400000000.0
2011,미국계좌,2011-01-31,4000000.0,0.0,396593947.77490366
2011,미국계좌,2011-02-28,4000000.0,0.0,395005073.3792526
2011,미국계좌,2011-03-31,4000000.0,0.0,388129625.450407
2011,미국계좌,2011-04-30,4000000.0,0.0,384354197.6690411
2011,미국계좌,2011-05-31,4000000.0,0.0,379801126.93173134
2011,미국계좌,2011-06-30,4000000.0,0.0,369629606.4159688
2011,미국계좌,2011-07-31,4000000.0,0.0,366747321.6394872
2011,미국계좌,2011-08-31,4000000.0,0.0,351827293.0482209
2011,미국계좌,2011-09-30,4000000.0,0.0,364892686.337165
2011,미국계좌,2011-10-31,4000000.0,0.0,374145388.2665346
2011,미국계좌,2011-11-30,4000000.0,0.0,369240454.7209101
2011,미국계좌,2011-12-31,4000000.0,0.0,368911358.35252774
2011,미국계좌,2012-01-31,4000000.0,0.0,384643752.12336177
2011,미국계좌,2012-02-29,4000000.0,0.0,402172799.0607728
2011,미국계좌,2012-03-31,4000000.0,0.0,423903366.3797112
2011,미국계좌,2012-04-30,4000000.0,0.0,414445628.49509674
2011,미국계좌,2012-05-31,4000000.0,0.0,398297654.0866187
2011,미국계좌,2012-06-30,4000000.0,0.0,395140422.10279876
2011,미국계좌,2012-07-31,4000000.0,0.0,391270055.9060868
2011,미국계좌,2012-08-31,4000000.0,0.0,408625063.4517584
2011,미국계좌,2012-09-30,4000000.0000000005,125510.55451333575,400129887.2409842
2011,미국계좌,2012-10-31,4000000.0000000005,110374.36111366768,367719167.83329654
2011,미국계좌,2012-11-30,4000000.0,114649.79376095717,365539749.36253965
2011,미국계좌,2012-12-31,4000000.0000000005,96689.23165237594,353510541.1437197
2011,미국계좌,2013-01-31,4000000.0,0.0,367222789.7005694
2011,미국계좌,2013-02-28,4000000.0,0.0,363279585.8296059
2011,미국계좌,2013-03-31,4000000.0,0.0,380136438.59104174
2011,미국계좌,2013-04-30,4000000.0,0.0,381941638.86152714
2011,미국계좌,2013-05-31,4000000.0,0.0,401597105.71986645
2011,미국계좌,2013-06-30,4000000.0,0.0,392180984.3605934
2011,미국계좌,2013-07-31,3999999.9999999995,215703.04862377263,405864116.1590896
2011,미국계좌,2013-08-31,4000000.0,248319.30822481497,395241358.3471931
2011,미국계좌,2013-09-30,4000000.0,258563.261181552,396602813.7276802
2011,미국계좌,2013-10-31,4000000.0000000005,284721.9065381703,407129518.0016117
2011,미국계좌,2013-11-30,4000000.0,307030.6582480742,416060267.6978198
2011,미국계좌,2013-12-31,3999999.9999999995,325125.9767474675,422897386.70074683
2011,미국계좌,2014-01-31,4000000.0,0.0,420641853.3526988
2011,미국계좌,2014-02-28,4000000.0,0.0,432440006.0757339
2011,미국계좌,2014-03-31,4000000.0,0.0,416082156.2114171
2011,미국계좌,2014-04-30,4000000.0,132205.89793790117,398232979.6641604
2011,미국계좌,2014-05-31,4000000.0,331959.3024218231,406708404.62920177
2011,미국계좌,2014-06-30,4000000.0000000005,346775.0670910837,411490102.3411601
2011,미국계좌,2014-07-31,4000000.0,364874.27318711835,418635996.6468327
2011,미국계좌,2014-08-31,4000000.0,387502.67500937893,429274387.8631907
2011,미국계좌,2014-09-30,4000000.0,407405.73516001634,438721404.2331947
2011,미국계좌,2014-10-31,4000000.0,433925.9333027246,453786543.55617064
2011,미국계좌,2014-11-30,4000000.0,480648.87176985084,487174665.83421624
2011,미국계좌,2014-12-31,4000000.0,456579.80444742914,462735974.8168552
2011,미국계좌,2015-01-31,4000000.0,0.0,454670224.9977105
2011,미국계좌,2015-02-28,4000000.0,0.0,481888579.2300288
2011,미국계좌,2015-03-31,4000000.0,190423.04204974987,469348697.9703468
2011,미국계좌,2015-04-30,4000000.0,474345.9605742561,460522113.01156354
2011,미국계좌,2015-05-31,4000000.0,504783.61151994276,481787403.13124454
2011,미국계좌,2015-06-30,4000000.0000000005,493550.4542822629,467586266.59749466
2011,미국계좌,2015-07-31,4000000.0,537647.8649326012,502894972.55278313
2011,미국계좌,2015-08-31,4000000.0000000005,510371.31320839707,473292924.46216595
2011,미국계좌,2015-09-30,4000000.0000000005,499110.2262789464,459161131.65466225
2011,미국계좌,2015-10-31,4000000.0000000005,536595.1848439515,487785370.3727945
2011,미국계좌,2015-11-30,4000000.0,543797.2331183339,490036801.9604339
2011,미국계좌,2015-12-31,4000000.0,544347.5142709969,486013712.56580627
2011,미국계좌,2016-01-31,4000000.0,0.0,464207375.32301223
2011,미국계좌,2016-02-29,4000000.0,0.0,463533141.2897519
2011,미국계좌,2016-03-31,4000000.0000000005,328125.862070874,451272240.78579426
2011,미국계좌,2016-04-30,4000000.0,504266.7486400318,434393192.0364338
2011,미국계좌,2016-05-31,4000000.0,547451.7156479529,466621793.4767024
2011,미국계좌,2016-06-30,4000000.0,519709.0606246422,438110852.093563
2011,미국계좌,2016-07-31,4000000.0,537009.0603966729,448120174.529766
2011,미국계좌,2016-08-31,3999999.9999999995,543887.7969971825,449539085.4645443
2011,미국계좌,2016-09-30,4000000.0,546797.9485467094,447531742.1753613
2011,미국계좌,2016-10-31,4000000.0,560862.4208503924,455483882.5809722
2011,미국계좌,2016-11-30,4000000.0,576134.5078395682,465075312.0997695
2011,미국계좌,2016-12-31,4000000.0000000005,592986.0186661069,476891893.25557977
2011,미국계좌,2017-01-31,4000000.0,0.0,475627887.25969005
2011,미국계좌,2017-02-28,4000000.0,0.0,482830992.10351735
2011,미국계좌,2017-03-31,4000000.0,548203.5938156659,482969145.20575184
2011,미국계좌,2017-04-30,4000000.0,631430.155582077,500170439.4751722
2011,미국계좌,2017-05-31,4000000.0,641566.7700196065,507064862.94739676
2011,미국계좌,2017-06-30,4000000.0,640643.655260361,501363524.0570628
2011,미국계좌,2017-07-31,4000000.0,649607.6156603834,507090858.55259633
2011,미국계좌,2017-08-31,3999999.9999999995,658629.7149104647,513177988.35461026
2011,미국계좌,2017-09-30,3999999.9999999995,664942.675882217,516211104.38478863
2011,미국계좌,2017-10-31,3999999.9999999995,673807.1711045256,522607716.2460281
2011,미국계좌,2017-11-30,4000000.0,670252.9177299554,513487067.4922768
2011,미국계좌,2017-12-31,4000000.0,666010.9473122426,503646207.79856575
2011,미국계좌,2018-01-31,4000000.0,0.0,544218018.7342309
2011,미국계좌,2018-02-28,3999999.9999999995,108219.57083021663,540007918.7079885
2011,미국계좌,2018-03-31,4000000.0,675695.2656419621,503191978.07779616
2011,미국계좌,2018-04-30,4000000.0,680880.107571815,504907934.1518913
2011,미국계좌,2018-05-31,4000000.0,707121.4408931873,534672897.30274236
2011,미국계좌,2018-06-30,4000000.0,722214.1037401774,551605154.9540969
2011,미국계좌,2018-07-31,4000000.0,732721.1416102507,562787169.3110336
2011,미국계좌,2018-08-31,4000000.0,753920.1107846356,592572344.7556658
2011,미국계좌,2018-09-30,4000000.0,750828.8479225029,582585315.9167036
2011,미국계좌,2018-10-31,4000000.0000000005,728457.9697913422,542664109.5682384
2011,미국계좌,2018-11-30,4000000.0,720168.8066260506,525987860.55931455
2011,미국계좌,2018-12-31,4000000.0000000005,682728.711051149,473276987.2170422
2011,미국계좌,2019-01-31,4000000.0,0.0,511445273.3482254
2011,미국계좌,2019-02-28,4000000.0,148894.63947809377,528673214.1520298
2011,미국계좌,2019-03-31,4000000.0,748992.1652643394,550363580.5106257
2011,미국계좌,2019-04-30,4000000.0,775674.6406227181,590570350.9400307
2011,미국계좌,2019-05-31,4000000.0,753982.6664111682,549056704.943596
2011,미국계좌,2019-06-30,4000000.0,768468.7232443223,568138368.3114802
2011,미국계좌,2019-07-31,4000000.0,783932.813408072,590799410.7460828
2011,미국계좌,2019-08-31,4000000.0,785438.8280594135,588796576.2100445
2011,미국계좌,2019-09-30,4000000.0000000005,784248.2326195441,581828245.2221397
2011,미국계좌,2019-10-31,4000000.0,790688.0658623324,588936965.6394039
2011,미국계좌,2019-11-30,4000000.0000000005,806204.0723334919,614508746.7247638
2011,미국계좌,2019-12-31,4000000.0,810994.5717958276,619599786.1818002
2011,미국계좌,2020-01-31,4000000.0,0.0,654228400.7252822
2011,미국계좌,2020-02-29,4000000.0,318152.3549202682,622466639.7851928
2011,미국계좌,2020-03-31,4000000.0,794309.4186255324,574220473.2942528
2011,미국계좌,2020-04-30,4000000.0000000005,831879.6434943066,647262649.2716718
2011,미국계좌,2020-05-31,4000000.0,856207.5556270538,703849049.143534
2011,미국계좌,2020-06-30,3999999.9999999995,864166.2080281771,721388558.022861
2011,미국계좌,2020-07-31,4000000.0,879826.5257292343,764461382.4541671
2011,미국계좌,2020-08-31,3999999.9999999995,902312.6644594059,839529549.3319122
2011,미국계좌,2020-09-30,3999999.9999999995,884902.8483981133,771802881.6568732
2011,미국계좌,2020-10-31,4000000.0000000005,870923.3036223507,722906916.6520787
2011,미국계좌,2020-11-30,4000000.0,890059.2498135809,779173459.6660001
2011,미국계좌,2020-12-31,4000000.0,896758.5051533784,797928332.504747
2011,절세계좌,2010-12-31,0.0,0.0,400000000.0
2011,절세계좌,2011-01-31,4000000.0,0.0,396593947.77490366
2011,절세계좌,2011-02-28,4000000.0,0.0,395005073.37925255
2011,절세계좌,2011-03-31,4000000.0,0.0,388129625.4504069
2011,절세계좌,2011-04-30,4000000.0,0.0,384354197.66904104
2011,절세계좌,2011-05-31,4000000.0,0.0,379801126.9317313
2011,절세계좌,2011-06-30,4000000.0,0.0,369629606.4159687
2011,절세계좌,2011-07-31,4000000.0,0.0,366747321.63948715
2011,절세계좌,2011-08-31,4000000.0,0.0,351827293.0482208
2011,절세계좌,2011-09-30,4000000.0,0.0,364892686.3371649
2011,절세계좌,2011-10-31,4000000.0,0.0,374145388.2665345
2011,절세계좌,2011-11-30,4000000.0,4847.382323204868,369235607.33858675
2011,절세계좌,2011-12-31,4000000.0,9482.141534347009,368896980.63711053
2011,절세계좌,2012-01-31,4000000.0,39794.839944487474,384268859.64265674
2011,절세계좌,2012-02-29,4000000.0,0.0,401776923.32538337
2011,절세계좌,2012-03-31,4000000.0,0.0,423482162.95611614
2011,절세계좌,2012-04-30,4000000.0,57575.73802330961,413972272.30971396
2011,절세계좌,2012-05-31,4000000.0,85317.32130546139,397752855.3042146
2011,절세계좌,2012-06-30,4000000.0,86587.3731637178,394507883.19379556
2011,절세계좌,2012-07-31,4000000.0,86784.29842293366,390550525.18148464
2011,절세계좌,2012-08-31,4000000.0,47859.81118757177,407818401.8707627
2011,절세계좌,2012-09-30,4000000.0,111851.39531818361,399345510.9210114
2011,절세계좌,2012-10-31,4000000.0,67993.49877136054,367032649.6624407
2011,절세계좌,2012-11-30,4000000.0,71207.7507485904,364893060.2289455
2011,절세계좌,2012-12-31,4000000.0,57694.270713230064,352916880.6673726
2011,절세계좌,2013-01-31,4000000.0,87525.21090405849,366511859.32202435
2011,절세계좌,2013-02-28,4000000.0,87617.95975453506,362480927.5360023
2011,절세계좌,2013-03-31,4000000.0,109269.01293769001,379182658.17552835
2011,절세계좌,2013-04-30,4000000.0,84314.19691009186,380888978.7253495
2011,절세계좌,2013-05-31,4000000.0,0.0,400479249.3221901
2011,절세계좌,2013-06-30,4000000.0,140376.10347876427,390937827.77962244
2011,절세계좌,2013-07-31,4000000.0,0.0,404779925.9280773
2011,절세계좌,2013-08-31,4000000.0,170896.3738175724,394251619.17324954
2011,절세계좌,2013-09-30,4000000.0,178472.45912044754,395679092.0497266
2011,절세계좌,2013-10-31,4000000.0,30290.708665994716,406425730.4504791
2011,절세계좌,2013-11-30,4000000.0,55926.217135198574,415584700.99767417
2011,절세계좌,2013-12-31,4000000.0,89906.88630233076,422624669.08712935
2011,절세계좌,2014-01-31,3999999.9999999995,225577.03242592726,420142433.73687005
2011,절세계좌,2014-02-28,4000000.0,35703.30119653801,431886126.3295893
2011,절세계좌,2014-03-31,4000000.0,229489.31426999636,415314615.3876356
2011,절세계좌,2014-04-30,3999999.9999999995,212673.0084525119,397410275.2301341
2011,절세계좌,2014-05-31,4000000.0,228563.31785059368,405962637.56792104
2011,절세계좌,2014-06-30,4000000.0,239478.7005769779,410834893.0832339
2011,절세계좌,2014-07-31,4000000.0,86022.43429910528,418241310.8109121
2011,절세계좌,2014-08-31,4000000.0,0.0,429253038.439611
2011,절세계좌,2014-09-30,4000000.0,0.0,439092853.3553109
2011,절세계좌,2014-10-31,4000000.0,127895.77031584544,454255357.8338784
2011,절세계좌,2014-11-30,4000000.0,432653.0954327527,487730598.7332339
2011,절세계좌,2014-12-31,4000000.0,0.0,463725685.19952214
2011,절세계좌,2015-01-31,4000000.0,108394.17207492713,455542845.28875375
2011,절세계좌,2015-02-28,4000000.0,0.0,482821114.9671654
2011,절세계좌,2015-03-31,4000000.0,206370.3043242084,470249128.8342813
2011,절세계좌,2015-04-30,4000000.0,204303.77637318723,461684236.4246876
2011,절세계좌,2015-05-31,4000000.0,42786.22487881451,483476554.48045516
2011,절세계좌,2015-06-30,4000000.0,211783.354404548,469523150.1548089
2011,절세계좌,2015-07-31,4000000.0,75231.90696466388,505459327.70174533
2011,절세계좌,2015-08-31,3999999.9999999995,218303.89261462007,476021399.89752495
2011,절세계좌,2015-09-30,4000000.0,213941.73776132512,462119244.3494816
2011,절세계좌,2015-10-31,4000000.0,316316.30014715786,491177398.2489755
2011,절세계좌,2015-11-30,4000000.0,306778.0957925315,493713102.5550956
2011,절세계좌,2015-12-31,4000000.0,237168.0019359474,490001103.1985585
2011,절세계좌,2016-01-31,4000000.0,223857.38936489128,467824820.46129096
2011,절세계좌,2016-02-29,4000000.0,225317.41833527,466951185.8231002
2011,절세계좌,2016-03-31,3999999.9999999995,221770.85036981633,454738144.88664836
2011,절세계좌,2016-04-30,4000000.0,215940.78246279692,438052380.1225784
2011,절세계좌,2016-05-31,4000000.0,200697.2966249752,470937525.58730245
2011,절세계좌,2016-06-30,4000000.0,221911.33684155214,442502489.7378371
2011,절세계좌,2016-07-31,4000000.0,228571.76414046797,452966062.37742096
2011,절세계좌,2016-08-31,4000000.0,231211.75977042058,454762129.94091594
2011,절세계좌,2016-09-30,4000000.0,232327.23430159234,453098762.441422
2011,절세계좌,2016-10-31,4000000.0,93711.13606213487,461673708.20897245
2011,절세계좌,2016-11-30,4000000.0,71389.92559362989,471962413.2737931
2011,절세계좌,2016-12-31,4000000.0,71425.45723614711,484193095.6672484
2011,절세계좌,2017-01-31,4000000.0,218236.46733562445,482752741.2006606
2011,절세계좌,2017-02-28,4000000.0,118558.47171696965,490005108.8629764
2011,절세계좌,2017-03-31,4000000.0,200168.5342394959,490560928.988484
2011,절세계좌,2017-04-30,4000000.0,18063.845249250804,508445500.9944943
2011,절세계좌,2017-05-31,4000000.0,281695.23364426114,515743945.26269126
2011,절세계좌,2017-06-30,4000000.0,267853.74929850176,510397241.0837289
2011,절세계좌,2017-07-31,4000000.0,395443.24459168734,516565714.7782485
2011,절세계좌,2017-08-31,4000000.0,418735.05747426325,523093520.8624136
2011,절세계좌,2017-09-30,4000000.0,380123.42112259835,526560196.6488522
2011,절세계좌,2017-10-31,4000000.0,430069.05148458126,533422488.36439043
2011,절세계좌,2017-11-30,3999999.9999999995,278886.4685574216,524601110.1811882
2011,절세계좌,2017-12-31,4000000.0,277310.9759188655,515036944.73659015
2011,절세계좌,2018-01-31,4000000.0,0.0,555944797.1458158
2011,절세계좌,2018-02-28,4000000.0,178298.6323765381,551662422.7438626
2011,절세계좌,2018-03-31,3999999.9999999995,280905.2968994039,514547618.14450145
2011,절세계좌,2018-04-30,4000000.0,282826.0040912434,516805987.08058155
2011,절세계좌,2018-05-31,4000000.0,206193.6902548853,547670215.0936111
2011,절세계좌,2018-06-30,4000000.0,604745.0352052153,565246338.517755
2011,절세계좌,2018-07-31,4000000.0,524010.4522179061,577030634.6290987
2011,절세계좌,2018-08-31,4000000.0,722751.8282945984,607721121.2587023
2011,절세계좌,2018-09-30,4000000.0,312422.14588250255,598038638.6335353
2011,절세계좌,2018-10-31,4000000.0,300333.48847540765,557612054.1820784
2011,절세계좌,2018-11-30,3999999.9999999995,297298.4473207382,541029339.537115
2011,절세계좌,2018-12-31,4000000.0,283510.2005052316,487344241.73838717
2011,절세계좌,2019-01-31,4000000.0,295859.6305512161,526470040.005993
2011,절세계좌,2019-02-28,4000000.0,301443.71487780364,544173420.6535525
2011,절세계좌,2019-03-31,3999999.9999999995,307824.66735550144,567080131.8898021
2011,절세계좌,2019-04-30,4000000.0,0.0,609428858.0525513
2011,절세계좌,2019-05-31,4000000.0,309639.41973015293,567185719.9227118
2011,절세계좌,2019-06-30,4000000.0,244245.043529818,587579101.9558756
2011,절세계좌,2019-07-31,4000000.0,385777.57778179826,611271241.6902343
2011,절세계좌,2019-08-31,4000000.0,362984.6500377496,609787281.5445851
2011,절세계좌,2019-09-30,4000000.0,320596.5154852465,603204739.3252263
2011,절세계좌,2019-10-31,4000000.0,462707.028443399,611078627.5912383
2011,절세계좌,2019-11-30,4000000.0,770551.3634572154,637828151.4857439
2011,절세계좌,2019-12-31,4000000.0,469214.44738368236,643636733.8870157
2011,절세계좌,2020-01-31,4000000.0,0.0,678968703.573311
2011,절세계좌,2020-02-29,3999999.9999999995,262726.68581192277,646224560.7310181
2011,절세계좌,2020-03-31,4000000.0,324220.5662243466,596790039.5401796
2011,절세계좌,2020-04-30,4000000.0,292021.0585224995,673280498.5773537
2011,절세계좌,2020-05-31,4000000.0,833028.2901607787,732359870.3140166
2011,절세계좌,2020-06-30,4000000.0,841625.1439493377,750829426.1704507
2011,절세계좌,2020-07-31,3999999.9999999995,858548.270938166,795880543.0875787
2011,절세계좌,2020-08-31,4000000.0,882863.9156691183,874254924.2726321
2011,절세계좌,2020-09-30,4000000.0,443140.6811314304,804370701.269391
2011,절세계좌,2020-10-31,4000000.0,351519.9129683823,754136411.9236834
2011,절세계좌,2020-11-30,4000000.0,575229.7582104334,813359742.5807052
2011,절세계좌,2020-12-31,4000000.0,652693.4284860105,833396397.2592951
2012,세전 기준,2011-12-31,0.0,0.0,400000000.0
2012,세전 기준,2012-01-31,4000000.0,0.0,397782939.02894497
2012,세전 기준,2012-02-29,4000000.0,0.0,397614158.8673878
2012,세전 기준,2012-03-31,4000000.0,0.0,400371235.0070889
2012,세전 기준,2012-04-30,4000000.0,0.0,394495294.8620875
2012,세전 기준,2012-05-31,4000000.0,0.0,385302432.8149673
2012,세전 기준,2012-06-30,4000000.0,0.0,381736837.3921602
2012,세전 기준,2012-07-31,4000000.0,0.0,377815269.19450253
2012,세전 기준,2012-08-31,4000000.0,0.0,388686976.6214851
2012,세전 기준,2012-09-30,4000000.0,0.0,381257684.1147653
2012,세전 기준,2012-10-31,4000000.0,0.0,352461119.0982784
2012,세전 기준,2012-11-30,4000000.0,0.0,350316050.4086018
2012,세전 기준,2012-12-31,4000000.0,0.0,338713898.45051277
2012,세전 기준,2013-01-31,4000000.0,0.0,351684777.846655
2012,세전 기준,2013-02-28,4000000.0,0.0,347739170.80532473
2012,세전 기준,2013-03-31,4000000.0,0.0,363703806.7710581
2012,세전 기준,2013-04-30,4000000.0,0.0,365258058.4109945
2012,세전 기준,2013-05-31,4000000.0,0.0,383880231.58184165
2012,세전 기준,2013-06-30,4000000.0,0.0,374703048.05123276
2012,세전 기준,2013-07-31,4000000.0,0.0,387804203.49026066
2012,세전 기준,2013-08-31,4000000.0,0.0,377713411.15806776
2012,세전 기준,2013-09-30,4000000.0,0.0,379084196.2924814
2012,세전 기준,2013-10-31,4000000.0,0.0,389241376.713859
2012,세전 기준,2013-11-30,4000000.0,0.0,397897525.732717
2012,세전 기준,2013-12-31,4000000.0,0.0,404572492.80806553
2012,세전 기준,2014-01-31,4000000.0,0.0,402241368.62568825
2012,세전 기준,2014-02-28,4000000.0,0.0,413348449.679135
2012,세전 기준,2014-03-31,4000000.0,0.0,397536179.7433876
2012,세전 기준,2014-04-30,4000000.0,0.0,380430613.8637212
2012,세전 기준,2014-05-31,4000000.0,0.0,388665464.5859505
2012,세전 기준,2014-06-30,4000000.0,0.0,393388967.8950697
2012,세전 기준,2014-07-31,4000000.0,0.0,400393386.5801208
2012,세전 기준,2014-08-31,4000000.0,0.0,410764507.52945846
2012,세전 기준,2014-09-30,4000000.0,0.0,420021540.8723064
2012,세전 기준,2014-10-31,4000000.0,0.0,434689486.7611706
2012,세전 기준,2014-11-30,4000000.0,0.0,466964596.5658578
2012,세전 기준,2014-12-31,4000000.0,0.0,443811427.98905087
2012,세전 기준,2015-01-31,4000000.0,0.0,435911955.4360578
2012,세전 기준,2015-02-28,4000000.0,0.0,461842338.14139974
2012,세전 기준,2015-03-31,4000000.0,0.0,449840211.7751625
2012,세전 기준,2015-04-30,4000000.0,0.0,441668873.661055
2012,세전 기준,2015-05-31,4000000.0,0.0,462383950.5649431
2012,세전 기준,2015-06-30,4000000.0,0.0,449067326.7331434
2012,세전 기준,2015-07-31,4000000.0,0.0,483335549.87904
2012,세전 기준,2015-08-31,4000000.0,0.0,455219780.07717925
2012,세전 기준,2015-09-30,4000000.0,0.0,441954930.7216531
2012,세전 기준,2015-10-31,4000000.0,0.0,469873124.6625213
2012,세전 기준,2015-11-30,4000000.0,0.0,472418821.9973268
2012,세전 기준,2015-12-31,4000000.0,0.0,468921339.65692556
2012,세전 기준,2016-01-31,4000000.0,0.0,447741224.57294345
2012,세전 기준,2016-02-29,4000000.0,0.0,446949020.4972431
2012,세전 기준,2016-03-31,4000000.0,0.0,435300061.7924752
2012,세전 기준,2016-04-30,4000000.0,0.0,419363268.69347554
2012,세전 기준,2016-05-31,4000000.0,0.0,450866877.27631116
2012,세전 기준,2016-06-30,4000000.0,0.0,423685679.67585486
2012,세전 기준,2016-07-31,4000000.0,0.0,433753060.8362992
2012,세전 기준,2016-08-31,4000000.0,0.0,435524687.17240953
2012,세전 기준,2016-09-30,4000000.0,0.0,433984974.2350239
2012,세전 기준,2016-10-31,4000000.0,0.0,442119208.9662818
2012,세전 기준,2016-11-30,4000000.0,0.0,451871072.51179874
2012,세전 기준,2016-12-31,4000000.0,0.0,463814745.5593038
2012,세전 기준,2017-01-31,4000000.0,0.0,462475714.17884815
2012,세전 기준,2017-02-28,4000000.0,0.0,469369028.1590704
2012,세전 기준,2017-03-31,4000000.0,0.0,469924723.05853987
2012,세전 기준,2017-04-30,4000000.0,0.0,487167771.56562805
2012,세전 기준,2017-05-31,4000000.0,0.0,494403866.7355344
2012,세전 기준,2017-06-30,4000000.0,0.0,489369656.1956833
2012,세전 기준,2017-07-31,4000000.0,0.0,495498355.930807
2012,세전 기준,2017-08-31,4000000.0,0.0,501998458.79020727
2012,세전 기준,2017-09-30,4000000.0,0.0,505528816.08107513
2012,세전 기준,2017-10-31,4000000.0,0.0,512370147.81416905
2012,세전 기준,2017-11-30,4000000.0,0.0,504006932.5353874
2012,세전 기준,2017-12-31,4000000.0,0.0,494927623.2243573
2012,세전 기준,2018-01-31,4000000.0,0.0,534727854.63207006
2012,세전 기준,2018-02-28,4000000.0,0.0,530627750.78494245
2012,세전 기준,2018-03-31,4000000.0,0.0,495045795.19386184
2012,세전 기준,2018-04-30,4000000.0,0.0,497339072.89350873
2012,세전 기준,2018-05-31,4000000.0,0.0,527294401.047269
2012,세전 기준,2018-06-30,4000000.0,0.0,544650040.676095
2012,세전 기준,2018-07-31,4000000.0,0.0,556364109.4421026
2012,세전 기준,2018-08-31,4000000.0,0.0,586509012.1468849
2012,세전 기준,2018-09-30,4000000.0,0.0,577326390.1238905
2012,세전 기준,2018-10-31,4000000.0,0.0,538451322.3442845
2012,세전 기준,2018-11-30,4000000.0,0.0,522588059.0816677
2012,세전 기준,2018-12-31,4000000.0,0.0,470870351.5713949
2012,세전 기준,2019-01-31,4000000.0,0.0,508824209.9926743
2012,세전 기준,2019-02-28,4000000.0,0.0,526091493.06944215
2012,세전 기준,2019-03-31,4000000.0,0.0,548401737.7144752
2012,세전 기준,2019-04-30,4000000.0,0.0,589223836.9895796
2012,세전 기준,2019-05-31,4000000.0,0.0,548547986.5353786
2012,세전 기준,2019-06-30,4000000.0,0.0,568376020.7245528
2012,세전 기준,2019-07-31,4000000.0,0.0,591832476.2121638
2012,세전 기준,2019-08-31,4000000.0,0.0,590619946.1359841
2012,세전 기준,2019-09-30,4000000.0,0.0,584429099.7700179
2012,세전 기준,2019-10-31,4000000.0,0.0,592381700.2920742
2012,세전 기준,2019-11-30,4000000.0,0.0,618937368.4689298
2012,세전 기준,2019-12-31,4000000.0,0.0,624910764.156071
2012,세전 기준,2020-01-31,4000000.0,0.0,659870488.7573553
2012,세전 기준,2020-02-29,4000000.0,0.0,628190205.5561291
2012,세전 기준,2020-03-31,4000000.0,0.0,580338809.7038591
2012,세전 기준,2020-04-30,4000000.0,0.0,655042615.7290652
2012,세전 기준,2020-05-31,4000000.0,0.0,713223750.901634
2012,세전 기준,2020-06-30,4000000.0,0.0,731925824.875064
2012,세전 기준,2020-07-31,4000000.0,0.0,776578916.4944654
2012,세전 기준,2020-08-31,4000000.0,0.0,853817014.0358429
2012,세전 기준,2020-09-30,4000000.0,0.0,785905781.7942579
2012,세전 기준,2020-10-31,4000000.0,0.0,737076284.9900897
2012,세전 기준,2020-11-30,4000000.0,0.0,795431589.8859551
2012,세전 기준,2020-12-31,4000000.0,0.0,815576733.0371858
2012,세전 기준,2021-01-31,4000000.0,0.0,837981156.9889512
2012,세전 기준,2021-02-28,4000000.0,0.0,836611198.5834428
2012,세전 기준,2021-03-31,4000000.0,0.0,849519182.9704266
2012,세전 기준,2021-04-30,4000000.0,0.0,886828645.8016478
2012,세전 기준,2021-05-31,4000000.0,0.0,871311906.9717679
2012,세전 기준,2021-06-30,4000000.0,0.0,935117182.5307901
2012,세전 기준,2021-07-31,4000000.0,0.0,976113199.0630817
2012,세전 기준,2021-08-31,4000000.0,0.0,1018997460.9039083
2012,세전 기준,2021-09-30,4000000.0,0.0,978144697.9484018
2012,세전 기준,2021-10-31,4000000.0,0.0,1043257995.190512
2012,세전 기준,2021-11-30,4000000.0,0.0,1071420237.9220891
2012,세전 기준,2021-12-31,4000000.0,0.0,1080807139.7886155
2012,미국계좌,2011-12-31,0.0,0.0,400000000.0
2012,미국계좌,2012-01-31,4000000.0,0.0,397782939.02894497
2012,미국계좌,2012-02-29,4000000.0,0.0,397614158.8673878
2012,미국계좌,2012-03-31,4000000.0,0.0,400371235.0070889
2012,미국계좌,2012-04-30,4000000.0,0.0,394495294.8620875
2012,미국계좌,2012-05-31,4000000.0,0.0,385302432.8149673
2012,미국계좌,2012-06-30,4000000.0,0.0,381736837.3921602
2012,미국계좌,2012-07-31,4000000.0,0.0,377815269.19450253
2012,미국계좌,2012-08-31,4000000.0,0.0,388686976.6214851
2012,미국계좌,2012-09-30,4000000.0,0.0,381257684.1147653
2012,미국계좌,2012-10-31,4000000.0,0.0,352461119.0982784
2012,미국계좌,2012-11-30,4000000.0,0.0,350316050.4086018
2012,미국계좌,2012-12-31,4000000.0,0.0,338713898.45051277
2012,미국계좌,2013-01-31,4000000.0,0.0,351684777.846655
2012,미국계좌,2013-02-28,4000000.0,0.0,347739170.80532473
2012,미국계좌,2013-03-31,4000000.0,0.0,363703806.7710581
2012,미국계좌,2013-04-30,4000000.0,0.0,365258058.4109945
2012,미국계좌,2013-05-31,4000000.0,0.0,383880231.58184165
2012,미국계좌,2013-06-30,4000000.0,0.0,374703048.05123276
2012,미국계좌,2013-07-31,4000000.0,0.0,387804203.49026066
2012,미국계좌,2013-08-31,4000000.0,0.0,377713411.15806776
2012,미국계좌,2013-09-30,4000000.0,0.0,379084196.2924814
2012,미국계좌,2013-10-31,4000000.0,0.0,389241376.713859
2012,미국계좌,2013-11-30,4000000.0000000005,30719.00519457059,397866806.72752243
2012,미국계좌,2013-12-31,4000000.0000000005,217220.4716377301,404323729.1884632
2012,미국계좌,2014-01-31,4000000.0,0.0,401991578.8473717
2012,미국계좌,2014-02-28,4000000.0,0.0,413089278.4827902
2012,미국계좌,2014-03-31,4000000.0,0.0,397284414.8893991
2012,미국계좌,2014-04-30,4000000.0,0.0,380187148.9357477
2012,미국계좌,2014-05-31,4000000.0,0.0,388414169.69650364
2012,미국계좌,2014-06-30,3999999.9999999995,198926.77171744563,392933105.9802698
2012,미국계좌,2014-07-31,4000000.0,261238.98631911643,399663533.68089706
2012,미국계좌,2014-08-31,3999999.9999999995,286347.04518558696,409722111.3374548
2012,미국계좌,2014-09-30,4000000.0000000005,308460.3691580926,418637041.9666369
2012,미국계좌,2014-10-31,3999999.9999999995,337968.31258529925,432905485.1973188
2012,미국계좌,2014-11-30,4000000.0000000005,390073.88531126606,464641645.0693289
2012,미국계좌,2014-12-31,4000000.0,363213.0153555646,441220542.3953884
2012,미국계좌,2015-01-31,4000000.0,0.0,433343834.21172714
2012,미국계좌,2015-02-28,4000000.0,0.0,459097885.77927995
2012,미국계좌,2015-03-31,4000000.0,0.0,447143311.2565923
2012,미국계좌,2015-04-30,3999999.9999999995,324079.78973571444,438672901.53038317
2012,미국계좌,2015-05-31,3999999.9999999995,417048.6055004312,458803280.06663626
2012,미국계좌,2015-06-30,4000000.0000000005,404488.5628951634,445154314.9860028
2012,미국계좌,2015-07-31,4000000.0,453845.5316798277,478635237.0183998
2012,미국계좌,2015-08-31,4000000.0,423299.62256724853,450330687.20042795
2012,미국계좌,2015-09-30,4000000.0,410703.9658396031,436754639.02134883
2012,미국계좌,2015-10-31,3999999.9999999995,452665.71101421054,463844599.7272285
2012,미국계좌,2015-11-30,4000000.0,460739.16072287294,465845575.86971456
2012,미국계좌,2015-12-31,4000000.0000000005,461356.1719294903,461879745.315352
2012,미국계좌,2016-01-31,4000000.0,0.0,440957616.78675133
2012,미국계좌,2016-02-29,4000000.0,0.0,440116812.2511997
2012,미국계좌,2016-03-31,4000000.0,95594.45277124309,428489183.5667878
2012,미국계좌,2016-04-30,4000000.0,416470.4961618639,412322687.79304063
2012,미국계좌,2016-05-31,4000000.0,464837.2033770903,442765398.3175188
2012,미국계좌,2016-06-30,4000000.0,433750.7259436406,415566985.32353055
2012,미국계좌,2016-07-31,4000000.0,453129.5643546349,424911676.7870552
2012,미국계좌,2016-08-31,3999999.9999999995,460840.70540488104,426104816.7579747
2012,미국계좌,2016-09-30,3999999.9999999995,464104.0169601295,424047786.7803613
2012,미국계좌,2016-10-31,4000000.0,479883.6544565141,431424293.75586414
2012,미국계좌,2016-11-30,3999999.9999999995,497033.9141390839,440346464.2047821
2012,미국계좌,2016-12-31,4000000.0,515976.8800647725,451367529.81314224
2012,미국계좌,2017-01-31,4000000.0,0.0,449957087.0538584
2012,미국계좌,2017-02-28,4000000.0,0.0,456555532.93248534
2012,미국계좌,2017-03-31,4000000.0,342070.2656293166,456644789.8058939
2012,미국계좌,2017-04-30,4000000.0000000005,559267.300517257,472728248.7642103
2012,미국계좌,2017-05-31,4000000.0,570699.138553355,479060609.9318584
2012,미국계좌,2017-06-30,4000000.0,569657.770263232,473488837.1593595
2012,미국계좌,2017-07-31,4000000.0000000005,579772.5903029279,478709071.9843147
2012,미국계좌,2017-08-31,3999999.9999999995,589958.7614179564,484263434.4610994
2012,미국계좌,2017-09-30,4000000.0,597089.6808019876,486930663.2668186
2012,미국계좌,2017-10-31,4000000.0,607107.5047986937,492766040.3119894
2012,미국계좌,2017-11-30,4000000.0,603090.1500187907,483966678.5307558
2012,미국계좌,2017-12-31,4000000.0,598296.6458023523,474491035.36885774
2012,미국계좌,2018-01-31,4000000.0,0.0,512482664.396644
2012,미국계좌,2018-02-28,4000000.0,0.0,508386724.9653092
2012,미국계좌,2018-03-31,4000000.0,608440.4598480322,473520072.5156088
2012,미국계좌,2018-04-30,4000000.0,615104.6782898789,474924599.43833196
2012,미국계좌,2018-05-31,4000000.0,644806.1034670182,502704795.7148302
2012,미국계좌,2018-06-30,4000000.0,661911.0425288521,518402635.19429886
2012,미국계좌,2018-07-31,3999999.9999999995,673828.5555147515,528685593.65712446
2012,미국계좌,2018-08-31,4000000.0,697897.2985673209,556433926.8944273
2012,미국계좌,2018-09-30,4000000.0000000005,694385.5605161083,546822674.475705
2012,미국계좌,2018-10-31,3999999.9999999995,668992.1414621263,509121279.5859929
2012,미국계좌,2018-11-30,4000000.0,659592.0985886547,493244629.37705725
2012,미국계좌,2018-12-31,4000000.0,617195.4288887094,443589085.77582896
2012,미국계좌,2019-01-31,4000000.0,0.0,479112223.3863356
2012,미국계좌,2019-02-28,4000000.0,45094.809240222006,495092542.22721136
2012,미국계좌,2019-03-31,4000000.0,692299.3750135694,515160205.8615407
2012,미국계좌,2019-04-30,4000000.0,722630.2371707407,552542770.2321435
2012,미국계좌,2019-05-31,3999999.9999999995,697968.3700995318,513452140.2987908
2012,미국계좌,2019-06-30,3999999.9999999995,714434.0044898171,531041233.88687783
2012,미국계좌,2019-07-31,4000000.0,732027.9153823422,551962135.4911367
2012,미국계좌,2019-08-31,4000000.0,733742.2651349269,549828077.957087
2012,미국계좌,2019-09-30,4000000.0,732386.9547561549,543056158.0431424
2012,미국계좌,2019-10-31,3999999.9999999995,739718.9306109766,549422890.3838434
2012,미국계좌,2019-11-30,4000000.0,757396.6799364539,573005301.4985439
2012,미국계좌,2019-12-31,3999999.9999999995,762858.1039614496,577475701.7076349
2012,미국계좌,2020-01-31,4000000.0,0.0,609478112.9204526
2012,미국계좌,2020-02-29,3999999.9999999995,237928.66809774516,579673763.1772784
2012,미국계좌,2020-03-31,4000000.0,743843.2754204236,534465258.99273366
2012,미국계좌,2020-04-30,4000000.0,786687.4914749636,602161144.3838835
2012,미국계좌,2020-05-31,4000000.0,814484.7229938079,654507923.0894203
2012,미국계좌,2020-06-30,3999999.9999999995,823587.6076661445,670517471.3208065
2012,미국계좌,2020-07-31,3999999.9999999995,841512.815572237,710247070.5713362
2012,미국계좌,2020-08-31,4000000.0,867282.0944416954,779678896.490295
2012,미국계좌,2020-09-30,4000000.0000000005,847327.1162392037,716469838.2205442
2012,미국계좌,2020-10-31,4000000.0,831319.779313621,670769774.290422
2012,미국계좌,2020-11-30,4000000.0,853235.0482278066,722662434.6706063
2012,미국계좌,2020-12-31,4000000.0,860913.5787532096,739737773.2560905
2012,미국계좌,2021-01-31,4000000.0,0.0,759686899.0550214
2012,미국계좌,2021-02-28,4000000.0000000005,399500.14766364585,757671710.4478276
2012,미국계좌,2021-03-31,4000000.0000000005,874511.0599057121,768109809.9200335
2012,미국계좌,2021-04-30,4000000.0,885719.0771384229,800574870.2946787
2012,미국계좌,2021-05-31,4000000.0,882681.3662463336,785295578.7844125
2012,미국계좌,2021-06-30,4000000.0,899618.2725659852,841507466.8377714
2012,미국계좌,2021-07-31,3999999.9999999995,909665.2534819798,877089501.0175127
2012,미국계좌,2021-08-31,4000000.0,919272.9382994921,914298224.978564
2012,미국계좌,2021-09-30,4000000.0,911764.112198306,876320219.7337464
2012,미국계좌,2021-10-31,4000000.0000000005,925483.3808758393,933313366.5440497
2012,미국계좌,2021-11-30,4000000.0000000005,931313.342171461,957154850.7052742
2012,미국계좌,2021-12-31,4000000.0,933650.877421831,964180408.3661484
2012,절세계좌,2011-12-31,0.0,0.0,400000000.0
2012,절세계좌,2012-01-31,4000000.0,0.0,397782939.0289449
2012,절세계좌,2012-02-29,4000000.0,0.0,397614158.8673877
2012,절세계좌,2012-03-31,4000000.0,0.0,400371235.00708884
2012,절세계좌,2012-04-30,4000000.0,0.0,394546794.6926382
2012,절세계좌,2012-05-31,4000000.0,0.0,385487899.4514139
2012,절세계좌,2012-06-30,4000000.0,0.0,381912916.7192225
2012,절세계좌,2012-07-31,4000000.0,0.0,377989889.95719016
2012,절세계좌,2012-08-31,4000000.0,0.0,388618866.8727761
2012,절세계좌,2012-09-30,4000000.0,0.0,381265166.6593856
2012,절세계좌,2012-10-31,4000000.0,0.0,352963226.4333743
2012,절세계좌,2012-11-30,4000000.0,0.0,350819041.5959766
2012,절세계좌,2012-12-31,4000000.0,0.0,339205974.3074723
2012,절세계좌,2013-01-31,4000000.0,3943.3317499569835,352124480.4391011
2012,절세계좌,2013-02-28,4000000.0,0.0,348178941.4039129
2012,절세계좌,2013-03-31,4000000.0,19817.846620338598,364149007.9294361
2012,절세계좌,2013-04-30,4000000.0,20616.008058683445,365689442.38832086
2012,절세계좌,2013-05-31,4000000.0,0.0,384338333.2257972
2012,절세계좌,2013-06-30,4000000.0,55002.382804406945,375099969.14510316
2012,절세계좌,2013-07-31,4000000.0,0.0,388219239.7538865
2012,절세계좌,2013-08-31,4000000.0,78442.5348212112,378043486.3920512
2012,절세계좌,2013-09-30,4000000.0,86958.54153491568,379332006.3929677
2012,절세계좌,2013-10-31,4000000.0,16644.89236808639,389481796.57394415
2012,절세계좌,2013-11-30,4000000.0,33205.51172920671,398112557.3116099
2012,절세계좌,2013-12-31,4000000.0,55488.43076781172,404737804.9164791
2012,절세계좌,2014-01-31,4000000.0,143519.83462844466,402263842.81775755
2012,절세계좌,2014-02-28,4000000.0,24009.337064345404,413347758.60306895
2012,절세계좌,2014-03-31,4000000.0,147914.05232655763,397387594.3638945
2012,절세계좌,2014-04-30,4000000.0,129034.5994371604,380157892.295499
2012,절세계좌,2014-05-31,4000000.0,146873.87991092558,388237098.26724523
2012,절세계좌,2014-06-30,4000000.0,159139.34978197888,392791847.64710665
2012,절세계좌,2014-07-31,4000000.0,98519.59695531697,399681043.2642102
2012,절세계좌,2014-08-31,4000000.0,35540.96994306687,409991055.4587874
2012,절세계좌,2014-09-30,4000000.0,55771.149329336564,419167355.2232205
2012,절세계좌,2014-10-31,4000000.0,28760.953597755455,433482701.7710375
2012,절세계좌,2014-11-30,4000000.0,402419.6055546887,465254685.0072437
2012,절세계좌,2014-12-31,3999999.9999999995,249691.85918855798,441921958.8481814
2012,절세계좌,2015-01-31,3999999.9999999995,245444.02061383362,433793643.76924074
2012,절세계좌,2015-02-28,4000000.0,0.0,459578579.95014954
2012,절세계좌,2015-03-31,4000000.0,268632.54224851803,447347044.12195116
2012,절세계좌,2015-04-30,4000000.0,264285.1507613097,438934539.8335198
2012,절세계좌,2015-05-31,4000000.0,52698.957961079985,459443908.8742273
2012,절세계좌,2015-06-30,4000000.0,280041.85154463444,445906482.40636337
2012,절세계좌,2015-07-31,4000000.0,8168.234531247611,479897179.2753465
2012,절세계좌,2015-08-31,4000000.0,293827.4686175889,451659137.6746154
2012,절세계좌,2015-09-30,4000000.0,284599.97809255036,438182156.2277459
2012,절세계좌,2015-10-31,4000000.0,367437.96685906814,465460440.64499474
2012,절세계좌,2015-11-30,4000000.0,363908.0085671998,467580757.85781157
2012,절세계좌,2015-12-31,3999999.9999999995,324894.722786958,463753234.4868237
2012,절세계좌,2016-01-31,4000000.0,293809.55165893893,442468656.4090796
2012,절세계좌,2016-02-29,4000000.0,0.0,441638677.56139404
2012,절세계좌,2016-03-31,4000000.0,0.0,430080598.55869883
2012,절세계좌,2016-04-30,4000000.0,125321.90606275585,414161611.6121367
2012,절세계좌,2016-05-31,4000000.0,164914.06919210422,445059929.9393456
2012,절세계좌,2016-06-30,4000000.0,178438.42052919266,417998856.53286594
2012,절세계좌,2016-07-31,4000000.0,186349.69977940692,427691071.8201692
2012,절세계좌,2016-08-31,4000000.0,189486.87666067667,429192548.9428799
2012,절세계좌,2016-09-30,3999999.9999999995,190812.66033514723,427426252.9784645
2012,절세계좌,2016-10-31,4000000.0,77745.41402567299,435299360.2249135
2012,절세계좌,2016-11-30,4000000.0,59841.0441166344,444779255.2561873
2012,절세계좌,2016-12-31,4000000.0,57200.00624312527,456127647.51743174
2012,절세계좌,2017-01-31,4000000.0,185206.5954035899,454559307.60893536
2012,절세계좌,2017-02-28,4000000.0,101276.31437680176,461164879.4783783
2012,절세계좌,2017-03-31,4000000.0,171436.63457661876,461469508.29169506
2012,절세계좌,2017-04-30,4000000.0,12203.406569925728,478104970.5596536
2012,절세계좌,2017-05-31,4000000.0,212796.94003635753,484733259.5894227
2012,절세계좌,2017-06-30,4000000.0,233110.64087113357,479486167.7080854
2012,절세계좌,2017-07-31,4000000.0,365126.06374736526,485045178.45660985
2012,절세계좌,2017-08-31,4000000.0,389499.02543144993,490934269.06581646
2012,절세계좌,2017-09-30,4000000.0,350060.4633040937,493948594.6631907
2012,절세계좌,2017-10-31,4000000.0,401801.371054747,500139781.0773869
2012,절세계좌,2017-11-30,3999999.9999999995,246275.24984042562,491634441.27502924
2012,절세계좌,2017-12-31,4000000.0,244394.475902433,482435425.6739184
2012,절세계좌,2018-01-31,4000000.0,1.0986714586527729e-10,520511563.7286584
2012,절세계좌,2018-02-28,4000000.0,156113.58447825492,516258007.66095746
2012,절세계좌,2018-03-31,3999999.9999999995,248685.67515959818,481282626.20449084
2012,절세계좌,2018-04-30,4000000.0,250979.375283866,483149960.0198767
2012,절세계좌,2018-05-31,4000000.0,172476.92282975285,511766115.75631136
2012,절세계좌,2018-06-30,4000000.0,561184.1370502486,527910282.2330024
2012,절세계좌,2018-07-31,4000000.0,500510.76884600305,538640870.0738144
2012,절세계좌,2018-08-31,4000000.0,702087.0007786219,566995983.9049374
2012,절세계좌,2018-09-30,4000000.0,287492.65728149447,557698293.9407488
2012,절세계좌,2018-10-31,4000000.0,271906.0293804375,519737011.963076
2012,절세계좌,2018-11-30,4000000.0,268275.75860886724,504017790.2333447
2012,절세계좌,2018-12-31,4000000.0,251796.54065802947,453743944.2478671
2012,절세계좌,2019-01-31,4000000.0,266555.1279768029,489905309.74169135
2012,절세계좌,2019-02-28,3999999.9999999995,273234.25388654356,506108606.8683343
2012,절세계좌,2019-03-31,4000000.0,280870.85313869215,527138620.98307925
2012,절세계좌,2019-04-30,4000000.0,0.0,566222838.2211851
2012,절세계좌,2019-05-31,4000000.0,283043.5591376494,526695626.2583162
2012,절세계좌,2019-06-30,4000000.0,224421.77888132908,545350007.6066473
2012,절세계좌,2019-07-31,4000000.0,344914.5172269044,567057995.6616827
2012,절세계좌,2019-08-31,3999999.9999999995,342863.82191207015,565385916.515335
2012,절세계좌,2019-09-30,4000000.0,296169.8696535588,558992503.420711
2012,절세계좌,2019-10-31,4000000.0,440942.09216920496,565983938.8245311
2012,절세계좌,2019-11-30,4000000.0,754133.1867997786,590423849.6462233
2012,절세계좌,2019-12-31,4000000.0,448677.50824578677,595489108.4029882
2012,절세계좌,2020-01-31,4000000.0,0.0,627852598.2244571
2012,절세계좌,2020-02-29,4000000.0,242741.53062060158,597272661.7084895
2012,절세계좌,2020-03-31,4000000.0,300514.39662566426,551278979.0824561
2012,절세계좌,2020-04-30,4000000.0,255733.86809349633,621617023.0657994
2012,절세계좌,2020-05-31,4000000.0,817614.3173027381,675807557.5447447
2012,절세계좌,2020-06-30,3999999.9999999995,826632.0820294408,692492033.5038999
2012,절세계좌,2020-07-31,4000000.0,844388.6791177633,733679465.5458529
2012,절세계좌,2020-08-31,4000000.0,869913.2522223124,805559928.4887129
2012,절세계좌,2020-09-30,4000000.0,433062.0853487635,740827848.1971102
2012,절세계좌,2020-10-31,4000000.0,333289.15084032627,694236389.6542989
2012,절세계좌,2020-11-30,4000000.0,560356.6687317136,748407161.1309811
2012,절세계좌,2020-12-31,4000000.0,638880.7341241841,766486007.8176455
2012,절세계좌,2021-01-31,4000000.0,91741.8975011591,787209369.985393
2012,절세계좌,2021-02-28,4000000.0,322649.28268930665,785357412.7574922
2012,절세계좌,2021-03-31,4000000.0,200904.22818282488,796890350.6335591
2012,절세계좌,2021-04-30,4000000.0,644889.9503265569,830803670.6795113
2012,절세계좌,2021-05-31,4000000.0,352210.31599054,815662285.9954869
2012,절세계좌,2021-06-30,3999999.9999999995,901938.5096299624,874234983.40268
2012,절세계좌,2021-07-31,4000000.0,911888.0125653046,911389579.1433415
2012,절세계좌,2021-08-31,4000000.0,906604.9375055888,950258458.1441449
2012,절세계좌,2021-09-30,4000000.0,362820.4974106858,911528869.28071
2012,절세계좌,2021-10-31,4000000.0,697572.8143467805,971237683.1896143
2012,절세계좌,2021-11-30,4000000.0,689952.3896076541,996489684.0472423
2012,절세계좌,2021-12-31,4000000.0,500743.28516054095,1004439619.9066325
2013,세전 기준,2012-12-31,0.0,0.0,400000000.0
2013,세전 기준,2013-01-31,4000000.0,0.0,397670129.2225069
2013,세전 기준,2013-02-28,4000000.0,0.0,393680698.461634
2013,세전 기준,2013-03-31,4000000.0,0.0,395518459.3466868
2013,세전 기준,2013-04-30,4000000.0,0.0,393669457.73030674
2013,세전 기준,2013-05-31,4000000.0,0.0,400590794.71528244
2013,세전 기준,2013-06-30,4000000.0,0.0,393615806.85331845
2013,세전 기준,2013-07-31,4000000.0,0.0,401068930.2691589
2013,세전 기준,2013-08-31,4000000.0,0.0,392424153.11109364
2013,세전 기준,2013-09-30,4000000.0,0.0,393037207.2608829
2013,세전 기준,2013-10-31,4000000.0,0.0,402570203.8161557
2013,세전 기준,2013-11-30,4000000.0,0.0,411659738.4721662
2013,세전 기준,2013-12-31,4000000.0,0.0,418703924.1487287
2013,세전 기준,2014-01-31,4000000.0,0.0,416431092.6195893
2013,세전 기준,2014-02-28,4000000.0,0.0,428071100.73430353
2013,세전 기준,2014-03-31,4000000.0,0.0,411838101.19725126
2013,세전 기준,2014-04-30,4000000.0,0.0,394261044.2096802
2013,세전 기준,2014-05-31,4000000.0,0.0,402940688.9220367
2013,세전 기준,2014-06-30,4000000.0,0.0,407984596.2240008
2013,세전 기준,2014-07-31,4000000.0,0.0,415397303.95173246
2013,세전 기준,2014-08-31,4000000.0,0.0,426306953.05485153
2013,세전 기준,2014-09-30,4000000.0,0.0,436065604.02722347
2013,세전 기준,2014-10-31,4000000.0,0.0,451446631.68373114
2013,세전 기준,2014-11-30,4000000.0,0.0,485120135.72290534
2013,세전 기준,2014-12-31,4000000.0,0.0,461222293.77121073
2013,세전 기준,2015-01-31,4000000.0,0.0,453169843.64945835
2013,세전 기준,2015-02-28,4000000.0,0.0,480285179.39972514
2013,세전 기준,2015-03-31,4000000.0,0.0,467963502.54165685
2013,세전 기준,2015-04-30,4000000.0,0.0,459624108.3677563
2013,세전 기준,2015-05-31,4000000.0,0.0,481343931.20930815
2013,세전 기준,2015-06-30,4000000.0,0.0,467645280.69317836
2013,세전 기준,2015-07-31,4000000.0,0.0,503496663.5245252
2013,세전 기준,2015-08-31,4000000.0,0.0,474374965.6965854
2013,세전 기준,2015-09-30,4000000.0,0.0,460720260.8978031
2013,세전 기준,2015-10-31,4000000.0,0.0,489993695.85147953
2013,세전 기준,2015-11-30,4000000.0,0.0,492819688.3602235
2013,세전 기준,2015-12-31,4000000.0,0.0,489343906.67005277
2013,세전 기준,2016-01-31,4000000.0,0.0,467415559.37328076
2013,세전 기준,2016-02-29,4000000.0,0.0,466764310.04447925
2013,세전 기준,2016-03-31,4000000.0,0.0,454776238.09744227
2013,세전 기준,2016-04-30,4000000.0,0.0,438305369.52426344
2013,세전 기준,2016-05-31,4000000.0,0.0,471412630.55793995
2013,세전 기준,2016-06-30,4000000.0,0.0,443175078.6527522
2013,세전 기준,2016-07-31,4000000.0,0.0,453889554.6222675
2013,세전 기준,2016-08-31,4000000.0,0.0,455929122.16351414
2013,세전 기준,2016-09-30,4000000.0,0.0,454504674.259104
2013,세전 기준,2016-10-31,4000000.0,0.0,463212640.5052515
2013,세전 기준,2016-11-30,4000000.0,0.0,473620603.099052
2013,세전 기준,2016-12-31,4000000.0,0.0,486331679.5625188
2013,세전 기준,2017-01-31,4000000.0,0.0,485121830.91151404
2013,세전 기준,2017-02-28,4000000.0,0.0,492548559.4093823
2013,세전 기준,2017-03-31,4000000.0,0.0,493329234.7953217
2013,세전 기준,2017-04-30,4000000.0,0.0,511630289.30573994
2013,세전 기준,2017-05-31,4000000.0,0.0,519430590.8814602
2013,세전 기준,2017-06-30,4000000.0,0.0,514344028.6032205
2013,세전 기준,2017-07-31,4000000.0,0.0,520989633.94535613
2013,세전 기준,2017-08-31,4000000.0,0.0,528029922.3330566
2013,세전 기준,2017-09-30,4000000.0,0.0,531950771.30342937
2013,세전 기준,2017-10-31,4000000.0,0.0,539358735.783244
2013,세전 기준,2017-11-30,4000000.0,0.0,530765692.4789973
2013,세전 기준,2017-12-31,4000000.0,0.0,521416712.2373523
2013,세전 기준,2018-01-31,4000000.0,0.0,563561181.82072
2013,세전 기준,2018-02-28,4000000.0,0.0,559455680.2241539
2013,세전 기준,2018-03-31,4000000.0,0.0,522157941.04281586
2013,세전 기준,2018-04-30,4000000.0,0.0,524795882.33624995
2013,세전 기준,2018-05-31,4000000.0,0.0,556625796.7139709
2013,세전 기준,2018-06-30,4000000.0,0.0,575169369.904057
2013,세전 기준,2018-07-31,4000000.0,0.0,587763972.5952715
2013,세전 기준,2018-08-31,4000000.0,0.0,619835932.157448
2013,세전 기준,2018-09-30,4000000.0,0.0,610358820.4914504
2013,세전 기준,2018-10-31,4000000.0,0.0,569488333.3655254
2013,세전 기준,2018-11-30,4000000.0,0.0,552941256.6970344
2013,세전 기준,2018-12-31,4000000.0,0.0,498451987.57022405
2013,세전 기준,2019-01-31,4000000.0,0.0,538863329.3472943
2013,세전 기준,2019-02-28,4000000.0,0.0,557386154.9909159
2013,세전 기준,2019-03-31,4000000.0,0.0,581261470.0126504
2013,세전 기준,2019-04-30,4000000.0,0.0,624769268.6244498
2013,세전 기준,2019-05-31,4000000.0,0.0,581880916.141086
2013,세전 기준,2019-06-30,4000000.0,0.0,603156878.6897948
2013,세전 기준,2019-07-31,4000000.0,0.0,628293487.8850273
2013,세전 기준,2019-08-31,4000000.0,0.0,627252685.4133897
2013,세전 기준,2019-09-30,4000000.0,0.0,620925953.5185885
2013,세전 기준,2019-10-31,4000000.0,0.0,629624978.736712
2013,세전 기준,2019-11-30,4000000.0,0.0,658101694.2001591
2013,세전 기준,2019-12-31,4000000.0,0.0,664706173.6402555
2013,세전 기준,2020-01-31,4000000.0,0.0,702146921.5857176
2013,세전 기준,2020-02-29,4000000.0,0.0,668693224.2776862
2013,세전 기준,2020-03-31,4000000.0,0.0,618014477.9009067
2013,세전 기준,2020-04-30,4000000.0,0.0,697827744.8687018
2013,세전 기준,2020-05-31,4000000.0,0.0,760070337.7762709
2013,세전 기준,2020-06-30,4000000.0,0.0,780263549.2493795
2013,세전 기준,2020-07-31,4000000.0,0.0,828129780.3054968
2013,세전 기준,2020-08-31,4000000.0,0.0,910760625.4655288
2013,세전 기준,2020-09-30,4000000.0,0.0,838586961.9126319
2013,세전 기준,2020-10-31,4000000.0,0.0,786752434.6703817
2013,세전 기준,2020-11-30,4000000.0,0.0,849310250.9242252
2013,세전 기준,2020-12-31,4000000.0,0.0,871090868.4520171
2013,세전 기준,2021-01-31,4000000.0,0.0,895292571.1973426
2013,세전 기준,2021-02-28,4000000.0,0.0,894102487.2459912
2013,세전 기준,2021-03-31,4000000.0,0.0,908172375.5290021
2013,세전 기준,2021-04-30,4000000.0,0.0,948333959.803154
2013,세전 기준,2021-05-31,4000000.0,0.0,932018486.4698741
2013,세전 기준,2021-06-30,4000000.0,0.0,1000547932.9235885
2013,세전 기준,2021-07-31,4000000.0,0.0,1044692349.6579028
2013,세전 기준,2021-08-31,4000000.0,0.0,1090870576.6417017
2013,세전 기준,2021-09-30,4000000.0,0.0,1047418471.6870414
2013,세전 기준,2021-10-31,4000000.0,0.0,1117426483.3057907
2013,세전 기준,2021-11-30,4000000.0,0.0,1147875240.9059763
2013,세전 기준,2021-12-31,4000000.0,0.0,1158217412.7832084
2013,세전 기준,2022-01-31,4000000.0,0.0,1069082510.1525221
2013,세전 기준,2022-02-28,4000000.0,0.0,1013422608.8601272
2013,세전 기준,2022-03-31,4000000.0,0.0,1064906629.9567012
2013,세전 기준,2022-04-30,4000000.0,0.0,949783943.1913536
2013,세전 기준,2022-05-31,4000000.0,0.0,916618063.1364298
2013,세전 기준,2022-06-30,4000000.0,0.0,872832366.793437
2013,세전 기준,2022-07-31,4000000.0,0.0,978486122.2415869
2013,세전 기준,2022-08-31,4000000.0,0.0,952550641.446067
2013,세전 기준,2022-09-30,4000000.0,0.0,907404871.6921238
2013,세전 기준,2022-10-31,4000000.0,0.0,935039583.1969622
2013,세전 기준,2022-11-30,4000000.0,0.0,908229409.5087897
2013,세전 기준,2022-12-31,4000000.0,0.0,786808701.4663562
2013,미국계좌,2012-12-31,0.0,0.0,400000000.0
2013,미국계좌,2013-01-31,4000000.0,0.0,397670129.2225069
2013,미국계좌,2013-02-28,4000000.0,0.0,393680698.461634
2013,미국계좌,2013-03-31,4000000.0,0.0,395518459.3466868
2013,미국계좌,2013-04-30,4000000.0,0.0,393669457.73030674
2013,미국계좌,2013-05-31,4000000.0,0.0,400590794.71528244
2013,미국계좌,2013-06-30,4000000.0,0.0,393615806.85331845
2013,미국계좌,2013-07-31,4000000.0,0.0,401068930.2691589
2013,미국계좌,2013-08-31,4000000.0,0.0,392424153.11109364
2013,미국계좌,2013-09-30,4000000.0,0.0,393037207.2608829
2013,미국계좌,2013-10-31,4000000.0,0.0,402570203.8161557
2013,미국계좌,2013-11-30,4000000.0,0.0,411659738.4721662
2013,미국계좌,2013-12-31,4000000.0,0.0,418703924.1487287
2013,미국계좌,2014-01-31,4000000.0,0.0,416431092.6195893
2013,미국계좌,2014-02-28,4000000.0,0.0,428071100.73430353
2013,미국계좌,2014-03-31,4000000.0,0.0,411838101.19725126
2013,미국계좌,2014-04-30,4000000.0,0.0,394261044.2096802
2013,미국계좌,2014-05-31,4000000.0,0.0,402940688.9220367
2013,미국계좌,2014-06-30,4000000.0,0.0,407984596.2240008
2013,미국계좌,2014-07-31,4000000.0,0.0,415397303.95173246
2013,미국계좌,2014-08-31,4000000.0,112012.60781870056,426194940.44703287
2013,미국계좌,2014-09-30,3999999.9999999995,231830.90544536835,435718145.4137026
2013,미국계좌,2014-10-31,3999999.9999999995,263543.6618701372,450820186.5370474
2013,미국계좌,2014-11-30,4000000.0,319641.8625885854,484121771.4739604
2013,미국계좌,2014-12-31,4000000.0000000005,290706.89997929014,459974171.8482059
2013,미국계좌,2015-01-31,4000000.0,0.0,451932688.13442445
2013,미국계좌,2015-02-28,4000000.0,0.0,478963078.8916274
2013,미국계좌,2015-03-31,4000000.0,0.0,466664309.4512228
2013,미국계좌,2015-04-30,4000000.0000000005,59424.06037477654,458277538.54734147
2013,미국계좌,2015-05-31,3999999.9999999995,348733.4876358941,479573276.0287286
2013,미국계좌,2015-06-30,4000000.0000000005,335183.5207357066,465575119.1130805
2013,미국계좌,2015-07-31,4000000.0,388473.22244872706,500861615.5193715
2013,미국계좌,2015-08-31,3999999.9999999995,355479.9401113647,471515912.06792086
2013,미국계좌,2015-09-30,4000000.0,341887.86782068294,457577508.2198364
2013,미국계좌,2015-10-31,4000000.0000000005,387198.0587010455,486236774.03131306
2013,미국계좌,2015-11-30,4000000.0,395925.24547175685,488614504.4575657
2013,미국계좌,2015-12-31,4000000.0,396592.34453581535,484737657.317482
2013,미국계좌,2016-01-31,4000000.0,0.0,462978071.57470673
2013,미국계좌,2016-02-29,4000000.0,0.0,462295030.321255
2013,미국계좌,2016-03-31,4000000.0,0.0,450383444.35914075
2013,미국계좌,2016-04-30,4000000.0,262853.3549830269,433770181.568441
2013,미국계좌,2016-05-31,4000000.0000000005,400356.2956193234,466093133.8956569
2013,미국계좌,2016-06-30,4000000.0,366763.46276424447,437762318.99863833
2013,미국계좌,2016-07-31,4000000.0,387699.3889150024,447909378.9712981
2013,미국계좌,2016-08-31,4000000.0,396035.03213605576,449473337.7726978
2013,미국계좌,2016-09-30,4000000.0,399563.4723030786,447612857.54982376
2013,미국계좌,2016-10-31,4000000.0,416632.2063176406,455711496.1586134
2013,미국계좌,2016-11-30,4000000.0000000005,435196.8425389906,465450943.132047
2013,미국계좌,2016-12-31,3999999.9999999995,455718.159292352,477418045.79131114
2013,미국계좌,2017-01-31,4000000.0,0.0,476157058.4044676
2013,미국계좌,2017-02-28,4000000.0,0.0,483372627.529667
2013,미국계좌,2017-03-31,4000000.0000000005,180608.87488259605,483883632.46325636
2013,미국계좌,2017-04-30,3999999.9999999995,502679.2602808647,501255017.22178316
2013,미국계좌,2017-05-31,4000000.0,515095.2346285358,508300927.05897367
2013,미국계좌,2017-06-30,3999999.9999999995,513963.96130283223,502723682.2223582
2013,미국계좌,2017-07-31,4000000.0,524954.2057729241,508603821.92156965
2013,미국계좌,2017-08-31,4000000.0,536026.8815933849,514845615.75509965
2013,미국계좌,2017-09-30,4000000.0,543781.3372492206,518024908.7986285
2013,미국계좌,2017-10-31,3999999.9999999995,554679.2116859225,524579546.6103089
2013,미국계좌,2017-11-30,4000000.0,550308.3658337203,515562050.7971367
2013,미국계좌,2017-12-31,4000000.0,545094.0796797333,505821196.5880191
2013,미국계좌,2018-01-31,4000000.0,0.0,546585490.2379578
2013,미국계좌,2018-02-28,4000000.0,0.0,542483166.5795157
2013,미국계좌,2018-03-31,4000000.0,470943.58602462616,505724655.578332
2013,미국계좌,2018-04-30,4000000.0000000005,563382.3477838519,507590306.1160135
2013,미국계좌,2018-05-31,4000000.0,595732.3441250996,537649794.6286807
2013,미국계좌,2018-06-30,4000000.0,614381.6514546768,554810450.295654
2013,미국계좌,2018-07-31,3999999.9999999995,627383.4184444338,566190280.53173
2013,미국계좌,2018-08-31,4000000.0,653662.6100348933,596284567.5342882
2013,미국계좌,2018-09-30,4000000.0,649826.6329869712,586365738.2642182
2013,미국계좌,2018-10-31,4000000.0,622106.1709341125,546322516.3857291
2013,미국계좌,2018-11-30,3999999.999999999,611852.5177072396,529673980.9419557
2013,미국계좌,2018-12-31,4000000.0000000005,565658.1639283147,476743597.1415386
2013,미국계좌,2019-01-31,4000000.0,0.0,515220753.13783175
2013,미국계좌,2019-02-28,4000000.0,0.0,532755391.99506205
2013,미국계좌,2019-03-31,3999999.9999999995,610615.4044620808,554788288.0025977
2013,미국계좌,2019-04-30,4000000.0000000005,680695.8487741738,595451678.4529529
2013,미국계좌,2019-05-31,4000000.0,653740.2496924865,553734439.8505458
2013,미국계좌,2019-06-30,4000000.0,671734.0782833209,573116031.075337
2013,미국계좌,2019-07-31,3999999.9999999995,690975.2400597534,596110486.2944947
2013,미국계좌,2019-08-31,4000000.0,692850.8905949686,594225254.3139917
2013,미국계좌,2019-09-30,3999999.9999999995,691368.0492901631,587329666.3640764
2013,미국계좌,2019-10-31,3999999.9999999995,699390.9936795518,594642197.5685984
2013,미국계좌,2019-11-30,4000000.0,718745.301374318,620595719.2597791
2013,미국계좌,2019-12-31,4000000.0000000005,724727.7188591822,625871109.461146
2013,미국계좌,2020-01-31,4000000.0,0.0,660890706.2725986
2013,미국계좌,2020-02-29,4000000.0000000005,174362.3026075826,628993264.6288708
2013,미국계좌,2020-03-31,4000000.0000000005,703905.1509829458,580381905.3474404
2013,미국계좌,2020-04-30,4000000.0000000005,750847.0773302322,654340708.7970387
2013,미국계좌,2020-05-31,3999999.9999999995,781350.0916634441,711673864.06063
2013,미국계좌,2020-06-30,4000000.0,791347.1389135728,729535257.6449982
2013,미국계좌,2020-07-31,4000000.0000000005,811044.7922208416,773218396.9947898
2013,미국계좌,2020-08-31,4000000.0000000005,839389.313754981,849265560.5112364
2013,미국계좌,2020-09-30,4000000.0,817437.3410414421,780877583.3702761
2013,미국계좌,2020-10-31,4000000.0,799841.9673934525,731535062.1923758
2013,미국계좌,2020-11-30,4000000.0,823934.5048638775,788597655.2748629
2013,미국계좌,2020-12-31,3999999.9999999995,832381.3785835219,807702974.5325671
2013,미국계좌,2021-01-31,4000000.0,0.0,829852484.3245384
2013,미국계좌,2021-02-28,3999999.9999999995,351727.0510043179,828105286.6628441
2013,미국계좌,2021-03-31,4000000.0,847346.466640454,839994019.370594
2013,미국계좌,2021-04-30,4000000.0,859688.4864227996,875980614.7789111
2013,미국계좌,2021-05-31,3999999.9999999995,856342.8261620601,859748410.3269364
2013,미국계좌,2021-06-30,4000000.0,875002.4178161732,921778815.0396782
2013,미국계좌,2021-07-31,4000000.0,886077.8625646003,961246937.4586127
2013,미국계좌,2021-08-31,4000000.0,896673.619658379,1002520475.6061549
2013,미국계좌,2021-09-30,4000000.0,888392.1897291216,961375222.2729421
2013,미국계좌,2021-10-31,4000000.0,903525.1382996718,1024400104.4935039
2013,미국계좌,2021-11-30,4000000.0000000005,909958.603525276,1051071025.1804907
2013,미국계좌,2021-12-31,4000000.0,912538.5783429798,1059291134.4380045
2013,미국계좌,2022-01-31,4000000.0,0.0,977427819.146259
2013,미국계좌,2022-02-28,3999999.9999999995,435759.70187853137,925761070.0885329
2013,미국계좌,2022-03-31,4000000.0,897037.062153956,971548659.8485032
2013,미국계좌,2022-04-30,4000000.0,871452.7542863238,865296396.4497868
2013,미국계좌,2022-05-31,4000000.0,863738.1286426504,833861214.26618
2013,미국계좌,2022-06-30,4000000.0000000005,852383.5346223206,792815185.4203637
2013,미국계좌,2022-07-31,4000000.0000000005,881687.7404623643,887534710.6562736
2013,미국계좌,2022-08-31,4000000.0,876312.3146513569,862761845.7401829
2013,미국계좌,2022-09-30,4000000.0,865523.002337495,820629012.5154499
2013,미국계좌,2022-10-31,4000000.0000000005,873933.5585368682,844364537.5054612
2013,미국계좌,2022-11-30,3999999.9999999995,867898.2645300138,818898471.9518186
2013,미국계좌,2022-12-31,3999999.9999999995,831483.792839645,708195456.8203775
2013,절세계좌,2012-12-31,0.0,0.0,400000000.0
2013,절세계좌,2013-01-31,4000000.0,0.0,397670129.2225068
2013,절세계좌,2013-02-28,4000000.0,0.0,393680698.4616339
2013,절세계좌,2013-03-31,4000000.0,0.0,395518459.3466867
2013,절세계좌,2013-04-30,4000000.0,0.0,393608372.29169947
2013,절세계좌,2013-05-31,4000000.0,0.0,400115571.4807259
2013,절세계좌,2013-06-30,4000000.0,0.0,393290294.26109374
2013,절세계좌,2013-07-31,4000000.0,0.0,400226184.96805453
2013,절세계좌,2013-08-31,4000000.0,0.0,391830350.2663784
2013,절세계좌,2013-09-30,4000000.0,0.0,392221565.37987167
2013,절세계좌,2013-10-31,4000000.0,0.0,401163632.64730626
2013,절세계좌,2013-11-30,4000000.0,0.0,409826088.9581872
2013,절세계좌,2013-12-31,4000000.0,13628.371373035025,416807452.3204051
2013,절세계좌,2014-01-31,4000000.0,37347.27816252138,414156825.9835512
2013,절세계좌,2014-02-28,4000000.0,8616.693085943096,425702802.19658184
2013,절세계좌,2014-03-31,4000000.0,41979.99905190194,409495501.5924725
2013,절세계좌,2014-04-30,4000000.0,22081.531373774116,391973591.499554
2013,절세계좌,2014-05-31,4000000.0,40883.296902309776,400538787.2201807
2013,절세계좌,2014-06-30,4000000.0,52678.79423858732,405476105.61920476
2013,절세계좌,2014-07-31,4000000.0,39195.60784314593,412779446.78074026
2013,절세계좌,2014-08-31,4000000.0,16702.354943329698,423578432.0817659
2013,절세계좌,2014-09-30,4000000.0,29156.057411164824,433219866.58046913
2013,절세계좌,2014-10-31,4000000.0,6876.312442108452,448262865.3313435
2013,절세계좌,2014-11-30,4000000.0,313336.8908617446,481357345.1843734
2013,절세계좌,2014-12-31,4000000.0,155754.68588153154,457458084.3616186
2013,절세계좌,2015-01-31,4000000.0,150879.9515675412,449287827.86493665
2013,절세계좌,2015-02-28,4000000.0,0.0,476136618.4639407
2013,절세계좌,2015-03-31,4000000.0,177511.25376322458,463709310.5287507
2013,절세계좌,2015-04-30,4000000.0,172514.560839523,455236850.6312282
2013,절세계좌,2015-05-31,4000000.0,31285.541036372226,476679884.07394016
2013,절세계좌,2015-06-30,4000000.0,190633.049061941,462884576.8949118
2013,절세계좌,2015-07-31,4000000.0,0.0,498330266.2713175
2013,절세계좌,2015-08-31,4000000.0,206504.1843387323,469259838.8979921
2013,절세계좌,2015-09-30,4000000.0,195878.75661114117,455513360.83470917
2013,절세계좌,2015-10-31,4000000.0,280792.3829058849,484103613.35263777
2013,절세계좌,2015-11-30,4000000.0,299437.6003727909,486548114.84000903
2013,절세계좌,2015-12-31,4000000.0,243255.4775229108,482822406.5231134
2013,절세계좌,2016-01-31,4000000.0,220077.5844146718,460912913.23571306
2013,절세계좌,2016-02-29,4000000.0,223654.6689386044,459991421.6989382
2013,절세계좌,2016-03-31,4000000.0,214971.76811723254,447904287.27296734
2013,절세계좌,2016-04-30,4000000.0,200744.1293132562,431421117.1239646
2013,절세계좌,2016-05-31,3999999.9999999995,208393.02982797407,463737159.1608009
2013,절세계좌,2016-06-30,4000000.0,215315.31258075708,435678924.2127804
2013,절세계좌,2016-07-31,4000000.0,231640.77966787407,445912869.08888084
2013,절세계좌,2016-08-31,3999999.9999999995,238132.43624516804,447608164.4280658
2013,절세계좌,2016-09-30,4000000.0,240878.89784484997,445895832.3807167
2013,절세계좌,2016-10-31,4000000.0,100194.83729137496,454262900.27604496
2013,절세계좌,2016-11-30,4000000.0,78731.13470275463,464313755.2160865
2013,절세계좌,2016-12-31,4000000.0,73913.54063299813,476375952.93192124
2013,절세계좌,2017-01-31,4000000.0,276824.86462464515,474832162.05121785
2013,절세계좌,2017-02-28,4000000.0,133563.9697254156,481882960.13673186
2013,절세계좌,2017-03-31,4000000.0,227387.19437990067,482332728.0419257
2013,절세계좌,2017-04-30,4000000.0,13498.719817507228,499949648.34561574
2013,절세계좌,2017-05-31,4000000.0,224319.8263616562,507044352.0216782
2013,절세계좌,2017-06-30,4000000.0,320003.2940801382,501663696.3979648
2013,절세계좌,2017-07-31,4000000.0,216346.0072577612,507830505.30130774
2013,절세계좌,2017-08-31,4000000.0,243406.9789272776,514348531.6893755
2013,절세계좌,2017-09-30,4000000.0,177407.14909936793,517886742.2833834
2013,절세계좌,2017-10-31,4000000.0,385334.0062637185,524607762.2467915
2013,절세계좌,2017-11-30,4000000.0,228433.23751963273,515911901.28467137
2013,절세계좌,2017-12-31,3999999.9999999995,226387.52287949834,506486227.8895039
2013,절세계좌,2018-01-31,4000000.0,0.0,546726062.9443902
2013,절세계좌,2018-02-28,4000000.0,143948.28091735218,542479764.6890857
2013,절세계좌,2018-03-31,4000000.0,231055.2977266124,505961344.45025516
2013,절세계좌,2018-04-30,3999999.9999999995,233550.6395327015,508159835.60731053
2013,절세계좌,2018-05-31,4000000.0,160074.90968998443,538522294.4498773
2013,절세계좌,2018-06-30,4000000.0,525356.678725272,555763925.4473892
2013,절세계좌,2018-07-31,4000000.0,486467.68546914053,567312180.7765472
2013,절세계좌,2018-08-31,4000000.0,688563.3596951612,597440419.7358898
2013,절세계좌,2018-09-30,4000000.0,274014.08440492675,587887189.4542496
2013,절세계좌,2018-10-31,4000000.0,256328.48004031717,548117837.6139238
2013,절세계좌,2018-11-30,4000000.0,252375.58615426492,531789224.2385481
2013,절세계좌,2018-12-31,3999999.9999999995,234439.70294973682,478996915.2572185
2013,절세계좌,2019-01-31,4000000.0,250502.26071380722,517424336.3354174
2013,절세계좌,2019-02-28,4000000.0,257774.90023293748,534793303.2755786
2013,절세계좌,2019-03-31,4000000.0,266092.6854601649,557272639.5298878
2013,절세계좌,2019-04-30,4000000.0,0.0,598819777.4299375
2013,절세계좌,2019-05-31,4000000.0,268459.70238432736,557278174.2677667
2013,절세계좌,2019-06-30,4000000.0,213547.47511856086,577271886.1669866
2013,절세계좌,2019-07-31,4000000.0,318433.84602389275,600558248.6322278
2013,절세계좌,2019-08-31,4000000.0,332048.49105046125,599054767.5531563
2013,절세계좌,2019-09-30,4000000.0,282764.69644548814,592549868.3536434
2013,절세계좌,2019-10-31,4000000.0,428424.8775429226,600240127.9642879
2013,절세계좌,2019-11-30,4000000.0,743435.2041709312,626457706.8621176
2013,절세계좌,2019-12-31,4000000.0,436881.4338917283,632115401.8911893
2013,절세계좌,2020-01-31,4000000.0,0.0,666784261.8241607
2013,절세계좌,2020-02-29,4000000.0,231653.82921538793,634582305.4645648
2013,절세계좌,2020-03-31,4000000.0,287501.1431451964,585997202.0480164
2013,절세계좌,2020-04-30,4000000.0,235150.56691987612,661056584.4400969
2013,절세계좌,2020-05-31,4000000.0,805502.4714636967,719003104.2749009
2013,절세계좌,2020-06-30,4000000.0,816799.3339167025,737072337.0448505
2013,절세계좌,2020-07-31,4000000.0,835099.7246299528,781232431.5401957
2013,절세계좌,2020-08-31,4000000.0,861413.6781678258,858095920.6735018
2013,절세계좌,2020-09-30,3999999.9999999995,428227.75654950296,789436169.3349936
2013,절세계좌,2020-10-31,4000000.0,323261.40226980485,740082031.3949527
2013,절세계좌,2020-11-30,4000000.0,551627.8507577627,798139989.0855397
2013,절세계좌,2020-12-31,4000000.0,630572.6272678175,817736772.4449193
2013,절세계좌,2021-01-31,4000000.0,89429.46058107323,840121698.548868
2013,절세계좌,2021-02-28,4000000.0,314547.5615446402,838443910.7678866
2013,절세계좌,2021-03-31,4000000.0,195152.09323419823,851065210.9218541
2013,절세계좌,2021-04-30,4000000.0,630556.9009014887,887620052.0027158
2013,절세계좌,2021-05-31,4000000.0,343929.3869011105,871749106.2440791
2013,절세계좌,2021-06-30,4000000.0,894442.1998062654,934693962.341761
2013,절세계좌,2021-07-31,4000000.0,904706.3048301534,974764908.0384685
2013,절세계좌,2021-08-31,4000000.0,902261.8750667667,1016682147.4523821
2013,절세계좌,2021-09-30,4000000.0,355526.571228859,975557592.8720727
2013,절세계좌,2021-10-31,4000000.0,691277.5371663411,1039796814.0989263
2013,절세계좌,2021-11-30,4000000.0,683818.390785513,1067168534.875577
2013,절세계좌,2021-12-31,4000000.0,494389.8233426005,1076007923.8495533
2013,절세계좌,2022-01-31,4000000.0,358339.0055172943,992557500.0456829
2013,절세계좌,2022-02-28,4000000.0,354296.5550590616,940241121.9932181
2013,절세계좌,2022-03-31,3999999.9999999995,358639.2611184477,987359880.0118146
2013,절세계좌,2022-04-30,4000000.0,349408.2771943461,879979765.018403
2013,절세계좌,2022-05-31,4000000.0,346613.46595953323,848610811.9337627
2013,절세계좌,2022-06-30,3999999.9999999995,342490.3903541411,807434471.7265606
2013,절세계좌,2022-07-31,4000000.0,353108.03671614797,904519194.6772277
2013,절세계좌,2022-08-31,4000000.0,351166.07093592454,879890721.6797833
2013,절세계좌,2022-09-30,4000000.0,347260.54833485186,837536262.9126682
2013,절세계좌,2022-10-31,3999999.9999999995,350305.89089882973,862384850.3478264
2013,절세계좌,2022-11-30,4000000.0,348121.2307933512,836998958.5499027
2013,절세계좌,2022-12-31,4000000.0,334871.2592297654,724452429.1845303
2014,세전 기준,2013-12-31,0.0,0.0,400000000.0
2014,세전 기준,2014-01-31,4000000.0,0.0,396137501.1769452
2014,세전 기준,2014-02-28,4000000.0,0.0,394646482.2441329
2014,세전 기준,2014-03-31,4000000.0,0.0,387713150.91758794
2014,세전 기준,2014-04-30,4000000.0,0.0,379327010.60317934
2014,세전 기준,2014-05-31,4000000.0,0.0,380536813.35593975
2014,세전 기준,2014-06-30,4000000.0,0.0,381037814.12474847
2014,세전 기준,2014-07-31,4000000.0,0.0,383705860.5702311
2014,세전 기준,2014-08-31,4000000.0,0.0,389697347.4228585
2014,세전 기준,2014-09-30,4000000.0,0.0,396079822.9846856
2014,세전 기준,2014-10-31,4000000.0,0.0,408320687.7152345
2014,세전 기준,2014-11-30,4000000.0,0.0,438395304.7315268
2014,세전 기준,2014-12-31,4000000.0,0.0,416413943.3252143
2014,세전 기준,2015-01-31,4000000.0,0.0,408755194.04505754
2014,세전 기준,2015-02-28,4000000.0,0.0,432820951.9073914
2014,세전 기준,2015-03-31,4000000.0,0.0,421321665.53824615
2014,세전 기준,2015-04-30,4000000.0,0.0,413414777.99072427
2014,세전 기준,2015-05-31,4000000.0,0.0,432548801.32940704
2014,세전 기준,2015-06-30,4000000.0,0.0,419833329.12074107
2014,세전 기준,2015-07-31,4000000.0,0.0,451610315.2572197
2014,세전 기준,2015-08-31,4000000.0,0.0,425077459.13766783
2014,세전 기준,2015-09-30,4000000.0,0.0,412426080.62623185
2014,세전 기준,2015-10-31,4000000.0,0.0,438211687.0594611
2014,세전 기준,2015-11-30,4000000.0,0.0,440316315.99333733
2014,세전 기준,2015-12-31,4000000.0,0.0,436784685.82598007
2014,세전 기준,2016-01-31,4000000.0,0.0,416781978.0479517
2014,세전 기준,2016-02-29,4000000.0,0.0,415767969.6366846
2014,세전 기준,2016-03-31,4000000.0,0.0,404652634.588007
2014,세전 기준,2016-04-30,4000000.0,0.0,389556254.87201935
2014,세전 기준,2016-05-31,4000000.0,0.0,418536379.32846224
2014,세전 기준,2016-06-30,4000000.0,0.0,393017445.4675331
2014,세전 기준,2016-07-31,4000000.0,0.0,402066567.6666259
2014,세전 기준,2016-08-31,4000000.0,0.0,403416565.6270783
2014,세전 기준,2016-09-30,4000000.0,0.0,401695473.31357574
2014,세전 기준,2016-10-31,4000000.0,0.0,408926892.49407256
2014,세전 기준,2016-11-30,4000000.0,0.0,417646328.13863343
2014,세전 기준,2016-12-31,4000000.0,0.0,428382426.35425776
2014,세전 기준,2017-01-31,4000000.0,0.0,426840114.9133361
2014,세전 기준,2017-02-28,4000000.0,0.0,432894055.5821146
2014,세전 기준,2017-03-31,4000000.0,0.0,433095724.466747
2014,세전 기준,2017-04-30,4000000.0,0.0,448673910.14546365
2014,세전 기준,2017-05-31,4000000.0,0.0,455022178.3374396
2014,세전 기준,2017-06-30,4000000.0,0.0,450070347.73018765
2014,세전 기준,2017-07-31,4000000.0,0.0,455385652.3350546
2014,세전 기준,2017-08-31,4000000.0,0.0,461035727.11932063
2014,세전 기준,2017-09-30,4000000.0,0.0,463951612.3940091
2014,세전 기준,2017-10-31,4000000.0,0.0,469901299.0944812
2014,세전 기준,2017-11-30,4000000.0,0.0,461899737.84725577
2014,세전 기준,2017-12-31,4000000.0,0.0,453244778.7826894
2014,세전 기준,2018-01-31,4000000.0,0.0,489356151.1601008
2014,세전 기준,2018-02-28,4000000.0,0.0,485264541.1328274
2014,세전 기준,2018-03-31,4000000.0,0.0,452382517.59502274
2014,세전 기준,2018-04-30,4000000.0,0.0,454133437.68631643
2014,세전 기준,2018-05-31,4000000.0,0.0,481138944.27665824
2014,세전 기준,2018-06-30,4000000.0,0.0,496625268.96540636
2014,세전 기준,2018-07-31,4000000.0,0.0,506953742.3788517
2014,세전 기준,2018-08-31,4000000.0,0.0,534066256.49610627
2014,세전 기준,2018-09-30,4000000.0,0.0,525347039.0837033
2014,세전 기준,2018-10-31,4000000.0,0.0,489611934.1079411
2014,세전 기준,2018-11-30,4000000.0,0.0,474824709.6555
2014,세전 기준,2018-12-31,4000000.0,0.0,427468291.11465746
2014,세전 기준,2019-01-31,4000000.0,0.0,461555089.54051113
2014,세전 기준,2019-02-28,4000000.0,0.0,476846669.13127446
2014,세전 기준,2019-03-31,4000000.0,0.0,496694141.83951885
2014,세전 기준,2019-04-30,4000000.0,0.0,533290063.7774702
2014,세전 기준,2019-05-31,4000000.0,0.0,496095774.2732597
2014,세전 기준,2019-06-30,4000000.0,0.0,513645369.49673194
2014,세전 기준,2019-07-31,4000000.0,0.0,534457959.5951434
2014,세전 기준,2019-08-31,4000000.0,0.0,532975201.46306634
2014,세전 기준,2019-09-30,4000000.0,0.0,526998182.5849966
2014,세전 기준,2019-10-31,4000000.0,0.0,533776220.08307284
2014,세전 기준,2019-11-30,4000000.0,0.0,557308956.2454374
2014,세전 기준,2019-12-31,4000000.0,0.0,562289287.7357994
2014,세전 기준,2020-01-31,4000000.0,0.0,593344910.1589842
2014,세전 기준,2020-02-29,4000000.0,0.0,564455245.552016
2014,세전 기준,2020-03-31,4000000.0,0.0,521052927.2817415
2014,세전 기준,2020-04-30,4000000.0,0.0,587716560.0285751
2014,세전 기준,2020-05-31,4000000.0,0.0,639506644.4975364
2014,세전 기준,2020-06-30,4000000.0,0.0,655862286.2320269
2014,세전 기준,2020-07-31,4000000.0,0.0,695459228.4593401
2014,세전 기준,2020-08-31,4000000.0,0.0,764211376.9372646
2014,세전 기준,2020-09-30,4000000.0,0.0,703007444.4901551
2014,세전 기준,2020-10-31,4000000.0,0.0,658906619.7906263
2014,세전 기준,2020-11-30,4000000.0,0.0,710648914.0573602
2014,세전 기준,2020-12-31,4000000.0,0.0,728220498.56363
2014,세전 기준,2021-01-31,4000000.0,0.0,747796750.797843
2014,세전 기준,2021-02-28,4000000.0,0.0,746143744.5726086
2014,세전 기준,2021-03-31,4000000.0,0.0,757223373.9213914
2014,세전 기준,2021-04-30,4000000.0,0.0,790044780.0143796
2014,세전 기준,2021-05-31,4000000.0,0.0,775784918.1589805
2014,세전 기준,2021-06-30,4000000.0,0.0,832156307.244115
2014,세전 기준,2021-07-31,4000000.0,0.0,868198047.1005785
2014,세전 기준,2021-08-31,4000000.0,0.0,905898973.3958364
2014,세전 기준,2021-09-30,4000000.0,0.0,869136497.1296253
2014,세전 기준,2021-10-31,4000000.0,0.0,926547543.1600103
2014,세전 기준,2021-11-30,4000000.0,0.0,951111759.4160447
2014,세전 기준,2021-12-31,4000000.0,0.0,958995462.3150072
2014,세전 기준,2022-01-31,4000000.0,0.0,884504391.8075566
2014,세전 기준,2022-02-28,4000000.0,0.0,837763621.9048209
2014,세전 기준,2022-03-31,4000000.0,0.0,879630463.6994712
2014,세전 기준,2022-04-30,4000000.0,0.0,783841289.1960613
2014,세전 기준,2022-05-31,4000000.0,0.0,755771161.2615199
2014,세전 기준,2022-06-30,4000000.0,0.0,718967005.2711241
2014,세전 기준,2022-07-31,4000000.0,0.0,805290686.1640741
2014,세전 기준,2022-08-31,4000000.0,0.0,783237861.5203313
2014,세전 기준,2022-09-30,4000000.0,0.0,745405618.5817696
2014,세전 기준,2022-10-31,4000000.0,0.0,767392575.9296474
2014,세전 기준,2022-11-30,4000000.0,0.0,744672130.0164156
2014,세전 기준,2022-12-31,4000000.0,0.0,644396973.2657815
2014,세전 기준,2023-01-31,4000000.0,0.0,693007805.5728993
2014,세전 기준,2023-02-28,4000000.0,0.0,737800660.5635948
2014,세전 기준,2023-03-31,4000000.0,0.0,791843507.0050836
2014,세전 기준,2023-04-30,4000000.0,0.0,812991873.9880896
2014,세전 기준,2023-05-31,4000000.0,0.0,864003824.9126879
2014,세전 기준,2023-06-30,4000000.0,0.0,909788719.8904916
2014,세전 기준,2023-07-31,4000000.0,0.0,909393890.1239882
2014,세전 기준,2023-08-31,4000000.0,0.0,926074108.999076
2014,세전 기준,2023-09-30,4000000.0,0.0,891934431.082526
2014,세전 기준,2023-10-31,4000000.0,0.0,871565998.640645
2014,세전 기준,2023-11-30,4000000.0,0.0,918192754.1381227
2014,세전 기준,2023-12-31,4000000.0,0.0,966258466.2064607
2014,미국계좌,2013-12-31,0.0,0.0,400000000.0
2014,미국계좌,2014-01-31,4000000.0,0.0,396137501.1769452
2014,미국계좌,2014-02-28,4000000.0,0.0,394646482.2441329
2014,미국계좌,2014-03-31,4000000.0,0.0,387713150.91758794
2014,미국계좌,2014-04-30,4000000.0,0.0,379327010.60317934
2014,미국계좌,2014-05-31,4000000.0,0.0,380536813.35593975
2014,미국계좌,2014-06-30,4000000.0,0.0,381037814.12474847
2014,미국계좌,2014-07-31,4000000.0,0.0,383705860.5702311
2014,미국계좌,2014-08-31,4000000.0,0.0,389697347.4228585
2014,미국계좌,2014-09-30,4000000.0,0.0,396079822.9846856
2014,미국계좌,2014-10-31,4000000.0,0.0,408320687.7152345
2014,미국계좌,2014-11-30,4000000.0,0.0,438395304.7315268
2014,미국계좌,2014-12-31,4000000.0,0.0,416413943.3252143
2014,미국계좌,2015-01-31,4000000.0,0.0,408755194.04505754
2014,미국계좌,2015-02-28,4000000.0,0.0,432820951.9073914
2014,미국계좌,2015-03-31,4000000.0,0.0,421321665.53824615
2014,미국계좌,2015-04-30,4000000.0,0.0,413414777.99072427
2014,미국계좌,2015-05-31,4000000.0,0.0,432548801.32940704
2014,미국계좌,2015-06-30,4000000.0,0.0,419833329.12074107
2014,미국계좌,2015-07-31,4000000.0000000005,83699.54681817445,451526615.7104015
2014,미국계좌,2015-08-31,3999999.9999999995,204175.5449078216,424793760.1902459
2014,미국계좌,2015-09-30,4000000.0,188496.26865696805,411959659.3859889
2014,미국계좌,2015-10-31,4000000.0,240838.94718638415,437470741.70965576
2014,미국계좌,2015-11-30,4000000.0,250945.19631164728,439314103.5033873
2014,미국계좌,2015-12-31,4000000.0,251718.03664276938,435529689.233745
2014,미국계좌,2016-01-31,4000000.0,0.0,415572961.4187962
2014,미국계좌,2016-02-29,4000000.0,0.0,414550291.13231504
2014,미국계좌,2016-03-31,4000000.0,0.0,403455795.088017
2014,미국계좌,2016-04-30,4000000.0,0.0,388392235.09051335
2014,미국계좌,2016-05-31,4000000.0,0.0,417273812.75998086
2014,미국계좌,2016-06-30,4000000.0,177392.97145512188,391642400.4435719
2014,미국계좌,2016-07-31,3999999.9999999995,241419.28215737035,400404448.56641644
2014,미국계좌,2016-08-31,3999999.9999999995,251072.38196794284,401481257.5738869
2014,미국계좌,2016-09-30,4000000.0,255160.6792836727,399494071.9898936
2014,미국계좌,2016-10-31,4000000.0,274956.07060370804,406388983.8434412
2014,미국계좌,2016-11-30,3999999.9999999995,296520.94243341073,414732958.35761327
2014,미국계좌,2016-12-31,3999999.9999999995,320400.7908121462,425045861.3835788
2014,미국계좌,2017-01-31,4000000.0,0.0,423484407.61316234
2014,미국계좌,2017-02-28,4000000.0,0.0,429459306.78392094
2014,미국계좌,2017-03-31,4000000.0,0.0,429627638.00321513
2014,미국계좌,2017-04-30,3999999.9999999995,191505.71162791768,444857542.3733698
2014,미국계좌,2017-05-31,3999999.9999999995,389745.53338477324,450728043.8737618
2014,미국계좌,2017-06-30,4000000.0,388420.8681318249,445396775.01243234
2014,미국계좌,2017-07-31,4000000.0,401295.6498414746,450214052.9704515
2014,미국계좌,2017-08-31,4000000.0,414279.9688406317,455340256.4529775
2014,미국계좌,2017-09-30,3999999.9999999995,423380.9554329128,457747324.39627177
2014,미국계좌,2017-10-31,4000000.0000000005,436182.0252422343,463127774.8474664
2014,미국계좌,2017-11-30,4000000.0000000005,431046.3388126747,454752848.8898601
2014,미국계좌,2017-12-31,4000000.0,424922.28388839046,445744992.859477
2014,미국계좌,2018-01-31,4000000.0,0.0,481192647.2637331
2014,미국계좌,2018-02-28,4000000.0,0.0,477102565.48702496
2014,미국계좌,2018-03-31,4000000.0,160129.17460573817,444546198.0581771
2014,미국계좌,2018-04-30,3999999.9999999995,446414.1629291564,445751084.64734656
2014,미국계좌,2018-05-31,4000000.0,484518.4960789902,471699775.9653216
2014,미국계좌,2018-06-30,4000000.0,506536.0525548488,486297274.4113434
2014,미국계좌,2018-07-31,4000000.0,521908.17916806496,495805859.65018
2014,미국계좌,2018-08-31,4000000.0,553033.9584258965,521681177.4687806
2014,미국계좌,2018-09-30,4000000.0,548485.8787053601,512522913.55881417
2014,미국계좌,2018-10-31,3999999.9999999995,515666.6406293413,477046820.2778418
2014,미국계좌,2018-11-30,4000000.0,503547.9431295141,462032884.89075357
2014,미국계좌,2018-12-31,4000000.0,449091.13673305145,415395401.4281655
2014,미국계좌,2019-01-31,4000000.0,0.0,448406523.0717531
2014,미국계좌,2019-02-28,4000000.0,0.0,463148533.12621474
2014,미국계좌,2019-03-31,4000000.0,321888.50139399804,481989062.90009683
2014,미국계좌,2019-04-30,3999999.9999999995,585130.7305923593,516797975.1513133
2014,미국계좌,2019-05-31,3999999.9999999995,553126.0273614418,480077098.83651966
2014,미국계좌,2019-06-30,4000000.0000000005,574481.5823979179,496356387.21646655
2014,미국계좌,2019-07-31,4000000.0000000005,597356.3171862854,515736444.71457
2014,미국계좌,2019-08-31,3999999.9999999995,599588.3220668598,513565921.8561978
2014,미국계좌,2019-09-30,4000000.0000000005,597823.7244990491,507063076.0596476
2014,미국계좌,2019-10-31,4000000.0,607373.9683314544,512826031.6830683
2014,미국계좌,2019-11-30,4000000.0,630441.5132280709,534647693.6849141
2014,미국계좌,2019-12-31,4000000.0000000005,637579.9512098177,538625287.5363905
2014,미국계좌,2020-01-31,4000000.0,0.0,568205590.6282164
2014,미국계좌,2020-02-29,4000000.0,29017.977396223796,540341453.588703
2014,미국계좌,2020-03-31,4000000.0,612750.5465522913,498009670.22830325
2014,미국계좌,2020-04-30,3999999.9999999995,668792.3118773376,560879453.3639756
2014,미국계좌,2020-05-31,4000000.0000000005,705337.6932846593,609416638.0160877
2014,미국계좌,2020-06-30,4000000.0000000005,717337.3072538475,624097170.7031946
2014,미국계좌,2020-07-31,4000000.0,741012.9351661003,660841586.7468662
2014,미국계좌,2020-08-31,3999999.9999999995,775156.899013529,725197218.9322139
2014,미국계좌,2020-09-30,3999999.9999999995,748705.673393872,666164928.9331244
2014,미국계좌,2020-10-31,3999999.9999999995,727542.4336530141,623438125.9717325
2014,미국계좌,2020-11-30,3999999.9999999995,756528.932573995,671423321.6344587
2014,미국계좌,2020-12-31,4000000.0000000005,766706.8275279409,687037515.4677445
2014,미국계좌,2021-01-31,4000000.0,0.0,705280462.2002021
2014,미국계좌,2021-02-28,4000000.0,241694.74999238533,703252321.9387543
2014,미국계좌,2021-03-31,4000000.0,784758.1251013017,712680353.8164451
2014,미국계좌,2021-04-30,4000000.0,799664.1060388049,742536107.9477916
2014,미국계좌,2021-05-31,4000000.0,795621.7383160181,728097592.4357183
2014,미국계좌,2021-06-30,4000000.0,818182.9359925461,779939782.7758645
2014,미국계좌,2021-07-31,3999999.9999999995,831592.5267806067,812637372.7040532
2014,미국계좌,2021-08-31,4000000.0,844434.1461398919,846825197.7262845
2014,미국계좌,2021-09-30,4000000.0,834396.3256924284,811364769.958989
2014,미국계좌,2021-10-31,4000000.0,852744.5810560778,863841063.3368036
2014,미국계좌,2021-11-30,4000000.0000000005,860552.7247282661,885611570.3198597
2014,미국계좌,2021-12-31,4000000.0,863685.2801884881,891813193.2764513
2014,미국계좌,2022-01-31,4000000.0,0.0,822260363.0941585
2014,미국계좌,2022-02-28,4000000.0,343435.0549885349,778183896.4062488
2014,미국계좌,2022-03-31,4000000.0,844874.8458445614,815943924.3400872
2014,미국계좌,2022-04-30,3999999.9999999995,813888.0749725116,725986533.0020928
2014,미국계좌,2022-05-31,4000000.0000000005,804558.7192073673,698888445.0072879
2014,미국계좌,2022-06-30,4000000.0,790839.5623295448,663762436.8846289
2014,미국계좌,2022-07-31,4000000.0,826275.5517898619,742324503.354578
2014,미국계좌,2022-08-31,4000000.0,819768.1801544362,720863472.1894407
2014,미국계좌,2022-09-30,4000000.0,806716.5917057022,684918796.9841049
2014,미국계좌,2022-10-31,4000000.0,816889.5384033441,703980122.3669286
2014,미국계좌,2022-11-30,4000000.0,809588.7804633834,681997026.547001
2014,미국계좌,2022-12-31,4000000.0,765624.9240916846,589059214.1760238
2014,미국계좌,2023-01-31,4000000.0,0.0,633152077.4601524
2014,미국계좌,2023-02-28,4000000.0,283325.3621912293,673447322.864609
2014,미국계좌,2023-03-31,4000000.0,833732.4782593586,721593753.7784545
2014,미국계좌,2023-04-30,4000000.0,842291.4689762087,739668748.8340604
2014,미국계좌,2023-05-31,4000000.0,859462.3724489919,784859750.9413024
2014,미국계좌,2023-06-30,4000000.0,873376.4089027586,825210896.8623405
2014,미국계좌,2023-07-31,4000000.0,874332.4263139761,823606582.7344323
2014,미국계좌,2023-08-31,3999999.9999999995,879703.7540177418,837456237.713613
2014,미국계좌,2023-09-30,4000000.0,871762.08364896,805328923.3705723
2014,미국계좌,2023-10-31,3999999.9999999995,867211.9516393555,785682629.441253
2014,미국계좌,2023-11-30,3999999.9999999995,880848.9101381771,826439818.7764983
2014,미국계좌,2023-12-31,4000000.0,893515.0050853658,868409206.4160943
2014,절세계좌,2013-12-31,0.0,0.0,400000000.0
2014,절세계좌,2014-01-31,4000000.0,0.0,396137501.1769452
2014,절세계좌,2014-02-28,4000000.0,0.0,394646482.2441329
2014,절세계좌,2014-03-31,4000000.0,0.0,387713150.9175879
2014,절세계좌,2014-04-30,4000000.0,0.0,379327010.60317934
2014,절세계좌,2014-05-31,4000000.0,0.0,380536813.35593975
2014,절세계좌,2014-06-30,4000000.0,0.0,381037814.12474847
2014,절세계좌,2014-07-31,4000000.0,0.0,383705860.5702311
2014,절세계좌,2014-08-31,4000000.0,0.0,389635017.1053941
2014,절세계좌,2014-09-30,4000000.0,0.0,395854136.2173838
2014,절세계좌,2014-10-31,4000000.0,0.0,407732389.8322718
2014,절세계좌,2014-11-30,4000000.0,0.0,437318440.66139865
2014,절세계좌,2014-12-31,4000000.0,23237.268267999414,415358010.986398
2014,절세계좌,2015-01-31,4000000.0,17927.48160543822,407529264.6575298
2014,절세계좌,2015-02-28,4000000.0,0.0,431510848.3299135
2014,절세계좌,2015-03-31,4000000.0,46954.5704952883,419987306.94272625
2014,절세계좌,2015-04-30,4000000.0,49627.12749639326,412043165.68547213
2014,절세계좌,2015-05-31,4000000.0,6342.790053336806,431094093.0245632
2014,절세계좌,2015-06-30,4000000.0,73786.56272024164,418334145.3268954
2014,절세계좌,2015-07-31,4000000.0,0.0,449983375.34186566
2014,절세계좌,2015-08-31,4000000.0,92234.4795648488,423439460.0432
2014,절세계좌,2015-09-30,4000000.0,79880.93229501398,410741537.93567216
2014,절세계좌,2015-10-31,4000000.0,73470.65750250181,436332015.2422623
2014,절세계좌,2015-11-30,4000000.0,88147.52297032956,438322311.3657824
2014,절세계좌,2015-12-31,4000000.0,126452.86063669683,434662107.2907598
2014,절세계좌,2016-01-31,4000000.0,108033.23457364977,414629132.2922543
2014,절세계좌,2016-02-29,4000000.0,112200.10570395281,413487499.93342596
2014,절세계좌,2016-03-31,4000000.0,102087.97918475427,402309104.2169297
2014,절세계좌,2016-04-30,3999999.9999999995,85536.09378690721,387191452.6690199
2014,절세계좌,2016-05-31,4000000.0,114772.33824210633,415856598.8606199
2014,절세계좌,2016-06-30,4000000.0,102487.91658143146,390372957.26542425
2014,절세계좌,2016-07-31,4000000.0,121507.96975621083,399212768.14124215
2014,절세계좌,2016-08-31,4000000.0,129079.14130368606,400395713.5926251
2014,절세계좌,2016-09-30,4000000.0,132283.6982223474,398525272.7315419
2014,절세계좌,2016-10-31,4000000.0,58260.683303875514,405609792.31197196
2014,절세계좌,2016-11-30,4000000.0,48263.56390864522,414177787.9005244
2014,절세계좌,2016-12-31,4000000.0,36318.36863920151,424755184.89347744
2014,절세계좌,2017-01-31,4000000.0,182141.5965844943,423009921.8757043
2014,절세계좌,2017-02-28,4000000.0,90342.01953712177,428883302.824676
2014,절세계좌,2017-03-31,4000000.0,155434.47564118166,428890608.8749901
2014,절세계좌,2017-04-30,4000000.0,0.0,444278701.39599377
2014,절세계좌,2017-05-31,4000000.0,104494.67226697356,450421103.3006596
2014,절세계좌,2017-06-30,4000000.0,232241.2574710708,445246656.118545
2014,절세계좌,2017-07-31,4000000.0,140070.528663125,450322052.12074757
2014,절세계좌,2017-08-31,4000000.0,138176.9901911706,455610246.0739433
2014,절세계좌,2017-09-30,4000000.0,249137.96199946868,458145001.89155823
2014,절세계좌,2017-10-31,4000000.0,328321.6870399916,463641841.08430624
2014,절세계좌,2017-11-30,4000000.0,71640.96949804485,455621942.8372683
2014,절세계좌,2017-12-31,4000000.0,0.0,447030250.4870833
2014,절세계좌,2018-01-31,4000000.0,0.0,482453309.2124251
2014,절세계좌,2018-02-28,4000000.0,10056.381628864638,478352935.05158716
2014,절세계좌,2018-03-31,4000000.0,192682.8877485178,445689594.2886814
2014,절세계좌,2018-04-30,4000000.0,195611.09046226565,447159819.3934406
2014,절세계좌,2018-05-31,4000000.0,127803.49758123877,473561405.6667926
2014,절세계좌,2018-06-30,4000000.0,109043.95507754135,488310647.6305395
2014,절세계좌,2018-07-31,4000000.0,380679.1801649494,498018551.06851727
2014,절세계좌,2018-08-31,4000000.0,524272.26658440667,524058426.7813251
2014,절세계좌,2018-09-30,4000000.0,250114.22470644116,515177528.22471064
2014,절세계좌,2018-10-31,3999999.9999999995,222369.57016891084,479834372.3493962
2014,절세계좌,2018-11-30,3999999.9999999995,217722.0645951968,465044846.9566002
2014,절세계좌,2018-12-31,3999999.9999999995,196654.53120027244,418384776.73765886
2014,절세계좌,2019-01-31,4000000.0,215520.1128236879,451446727.22856444
2014,절세계좌,2019-02-28,4000000.0,224070.55861778354,466091737.8840432
2014,절세계좌,2019-03-31,4000000.0,233856.42596799415,485167491.69185853
2014,절세계좌,2019-04-30,4000000.0,0.0,520821314.76013625
2014,절세계좌,2019-05-31,4000000.0,236642.5160436917,484166491.8271301
2014,절세계좌,2019-06-30,4000000.0,189812.97294805752,501008085.4105624
2014,절세계좌,2019-07-31,4000000.0,9738.777205372244,521046689.38694656
2014,절세계좌,2019-08-31,4000000.0,308113.09339578974,519189385.9159629
2014,절세계좌,2019-09-30,4000000.0,253492.40642466844,513010011.75287926
2014,절세계좌,2019-10-31,4000000.0,364196.1478903319,519137770.46608436
2014,절세계좌,2019-11-30,4000000.0,605105.903691795,541310334.1707096
2014,절세계좌,2019-12-31,4000000.0,383975.45018481277,545648892.5781555
2014,절세계좌,2020-01-31,4000000.0,0.0,575203849.7137432
2014,절세계좌,2020-02-29,4000000.0,192996.4529062135,546882170.8454509
2014,절세계좌,2020-03-31,4000000.0,259076.1127746869,504447481.1268225
2014,절세계좌,2020-04-30,3999999.9999999995,203326.7441699909,568655806.4049749
2014,절세계좌,2020-05-31,4000000.0,488540.67724976,618147972.8079485
2014,절세계좌,2020-06-30,4000000.0,696011.7743184492,633127751.3974135
2014,절세계좌,2020-07-31,4000000.0,720810.1282720166,670492657.4013492
2014,절세계좌,2020-08-31,4000000.0,756596.0049687017,735876451.1826856
2014,절세계좌,2020-09-30,4000000.0,454092.5708678988,676339395.8697848
2014,절세계좌,2020-10-31,4000000.0,301307.7723877879,633458457.4494895
2014,절세계좌,2020-11-30,3999999.9999999995,497281.7444141221,682550602.0066671
2014,절세계좌,2020-12-31,4000000.0,566676.7361902441,698702591.9703655
2014,절세계좌,2021-01-31,4000000.0,84361.9912108502,717238835.3829893
2014,절세계좌,2021-02-28,4000000.0,296793.1175508489,715193128.6466885
2014,절세계좌,2021-03-31,4000000.0,174522.60906880247,725466967.1051147
2014,절세계좌,2021-04-30,4000000.0,458116.96956556855,755996318.902739
2014,절세계좌,2021-05-31,3999999.9999999995,325776.1828454727,741852848.8481727
2014,절세계좌,2021-06-30,4000000.0,801729.4073062947,794781923.3446237
2014,절세계좌,2021-07-31,3999999.9999999995,815804.5297508906,828209476.1506832
2014,절세계좌,2021-08-31,4000000.0,829287.3904168814,863160400.703075
2014,절세계좌,2021-09-30,4000000.0,339525.23357845587,827604069.873658
2014,절세계좌,2021-10-31,4000000.0,659263.0813174074,881421273.7199112
2014,절세계좌,2021-11-30,4000000.0,636399.2050937174,903957908.495716
2014,절세계좌,2021-12-31,4000000.0,466848.40380531526,910785597.3651392
2014,절세계좌,2022-01-31,4000000.0,342861.6191439059,839495336.8437598
2014,절세계좌,2022-02-28,4000000.0,338066.3256957113,794591415.3806647
2014,절세계좌,2022-03-31,4000000.0,343217.8603108738,833751397.9312125
2014,절세계좌,2022-04-30,3999999.9999999995,332269.9474528548,742417420.2037566
2014,절세계좌,2022-05-31,4000000.0,328957.0546309293,715290375.6645215
2014,절세계좌,2022-06-30,4000000.0,324071.1516814725,679919212.1329705
2014,절세계좌,2022-07-31,4000000.0,336656.78702546674,761000669.8066014
2014,절세계좌,2022-08-31,3999999.9999999995,334354.0029637994,739606374.7390884
2014,절세계좌,2022-09-30,4000000.0,329724.01634995086,703329085.6490699
2014,절세계좌,2022-10-31,4000000.0,333334.1260142373,723515801.4055068
2014,절세계좌,2022-11-30,4000000.0,330744.21724941407,701534979.7019435
2014,절세계좌,2022-12-31,4000000.0,315047.00686134555,606521775.1913646
2014,절세계좌,2023-01-31,4000000.0,324197.69770319917,651716145.5953885
2014,절세계좌,2023-02-28,4000000.0,331598.24528116995,693270165.2773728
2014,절세계좌,2023-03-31,4000000.0,339290.96672394505,743470502.5551152
2014,절세계좌,2023-04-30,4000000.0,342308.3806486686,762740270.138835
2014,절세계좌,2023-05-31,4000000.0,348342.37401241425,810003551.0191369
2014,절세계좌,2023-06-30,4000000.0,40605.575825453,852531504.8868668
2014,절세계좌,2023-07-31,4000000.0,321709.62070370954,851588075.4507163
2014,절세계좌,2023-08-31,4000000.0,194063.33472631214,866508530.3221704
2014,절세계좌,2023-09-30,4000000.0,352648.6752169021,833954803.8259997
2014,절세계좌,2023-10-31,4000000.0,351057.15372748877,814299333.712857
2014,절세계좌,2023-11-30,4000000.0,321306.1346312013,857224076.3756353
2014,절세계좌,2023-12-31,4000000.0,794525.8608387046,901038060.8057708
2015,세전 기준,2014-12-31,0.0,0.0,400000000.0
2015,세전 기준,2015-01-31,4000000.0,0.0,395707122.416784
2015,세전 기준,2015-02-28,4000000.0,0.0,396264448.4641599
2015,세전 기준,2015-03-31,4000000.0,0.0,390457907.0901623
2015,세전 기준,2015-04-30,4000000.0,0.0,385198724.0249018
2015,세전 기준,2015-05-31,4000000.0,0.0,390592200.1964357
2015,세전 기준,2015-06-30,4000000.0,0.0,382348955.35901415
2015,세전 기준,2015-07-31,4000000.0,0.0,398773989.1162542
2015,세전 기준,2015-08-31,4000000.0,0.0,380132923.9036106
2015,세전 기준,2015-09-30,4000000.0,0.0,369780246.2621061
2015,세전 기준,2015-10-31,4000000.0,0.0,390271189.2273432
2015,세전 기준,2015-11-30,4000000.0,0.0,391707969.8157447
2015,세전 기준,2015-12-31,4000000.0,0.0,388124634.35803753
2015,세전 기준,2016-01-31,4000000.0,0.0,369904710.2017215
2015,세전 기준,2016-02-29,4000000.0,0.0,368554854.42933
2015,세전 기준,2016-03-31,4000000.0,0.0,358247511.23650813
2015,세전 기준,2016-04-30,4000000.0,0.0,344423652.25920236
2015,세전 기준,2016-05-31,4000000.0,0.0,369582816.7577493
2015,세전 기준,2016-06-30,4000000.0,0.0,346580816.9729123
2015,세전 기준,2016-07-31,4000000.0,0.0,354088131.6855223
2015,세전 기준,2016-08-31,4000000.0,0.0,354799716.6186637
2015,세전 기준,2016-09-30,4000000.0,0.0,352803986.8203907
2015,세전 기준,2016-10-31,4000000.0,0.0,358668398.3653948
2015,세전 기준,2016-11-30,4000000.0,0.0,365824572.4749576
2015,세전 기준,2016-12-31,4000000.0,0.0,374732208.59307116
2015,세전 기준,2017-01-31,4000000.0,0.0,372882098.5164635
2015,세전 기준,2017-02-28,4000000.0,0.0,377665093.28183436
2015,세전 기준,2017-03-31,4000000.0,0.0,377330709.9628495
2015,세전 기준,2017-04-30,4000000.0,0.0,390388026.1278394
2015,세전 기준,2017-05-31,4000000.0,0.0,395391981.78908414
2015,세전 기준,2017-06-30,4000000.0,0.0,390564887.6208307
2015,세전 기준,2017-07-31,4000000.0,0.0,394648581.45781004
2015,세전 기준,2017-08-31,4000000.0,0.0,399011577.31647253
2015,세전 기준,2017-09-30,4000000.0,0.0,400997053.3428869
2015,세전 기준,2017-10-31,4000000.0,0.0,405596646.36507034
2015,세전 기준,2017-11-30,4000000.0,0.0,398142687.36298484
2015,세전 기준,2017-12-31,4000000.0,0.0,390130262.6749586
2015,세전 기준,2018-01-31,4000000.0,0.0,420656110.4605222
2015,세전 기준,2018-02-28,4000000.0,0.0,416577361.4396697
2015,세전 기준,2018-03-31,4000000.0,0.0,387783468.33895016
2015,세전 기준,2018-04-30,4000000.0,0.0,388713171.9689618
2015,세전 기준,2018-05-31,4000000.0,0.0,411252175.2994347
2015,세전 기준,2018-06-30,4000000.0,0.0,423908057.16509145
2015,세전 기준,2018-07-31,4000000.0,0.0,432138516.84244305
2015,세전 기준,2018-08-31,4000000.0,0.0,454659507.9742581
2015,세전 기준,2018-09-30,4000000.0,0.0,446641959.5134665
2015,세전 기준,2018-10-31,4000000.0,0.0,415661262.15108615
2015,세전 기준,2018-11-30,4000000.0,0.0,402503333.14925706
2015,세전 기준,2018-12-31,4000000.0,0.0,361750606.04547036
2015,세전 기준,2019-01-31,4000000.0,0.0,389982055.01904726
2015,세전 기준,2019-02-28,4000000.0,0.0,402282102.45403296
2015,세전 기준,2019-03-31,4000000.0,0.0,418400543.20305836
2015,세전 기준,2019-04-30,4000000.0,0.0,448597354.39910364
2015,세전 기준,2019-05-31,4000000.0,0.0,416674706.9241633
2015,세전 기준,2019-06-30,4000000.0,0.0,430774379.8899901
2015,세전 기준,2019-07-31,4000000.0,0.0,447583733.47879076
2015,세전 기준,2019-08-31,4000000.0,0.0,445691806.70155203
2015,세전 기준,2019-09-30,4000000.0,0.0,440038556.9570401
2015,세전 기준,2019-10-31,4000000.0,0.0,445038117.53278726
2015,세전 기준,2019-11-30,4000000.0,0.0,463993649.4789625
2015,세전 기준,2019-12-31,4000000.0,0.0,467470322.39987797
2015,세전 기준,2020-01-31,4000000.0,0.0,492614507.56136817
2015,세전 기준,2020-02-29,4000000.0,0.0,467950287.3686914
2015,세전 기준,2020-03-31,4000000.0,0.0,431284586.58397186
2015,세전 기준,2020-04-30,4000000.0,0.0,485774106.63086873
2015,세전 기준,2020-05-31,4000000.0,0.0,527887114.6435282
2015,세전 기준,2020-06-30,4000000.0,0.0,540689881.3925436
2015,세전 기준,2020-07-31,4000000.0,0.0,572631001.9856925
2015,세전 기준,2020-08-31,4000000.0,0.0,628534061.6831186
2015,세전 기준,2020-09-30,4000000.0,0.0,577486057.5702722
2015,세전 기준,2020-10-31,4000000.0,0.0,540545201.3353254
2015,세전 기준,2020-11-30,4000000.0,0.0,582274336.1964672
2015,세전 기준,2020-12-31,4000000.0,0.0,595949139.8873379
2015,세전 기준,2021-01-31,4000000.0,0.0,611243086.2517418
2015,세전 기준,2021-02-28,4000000.0,0.0,609161500.2014825
2015,세전 기준,2021-03-31,4000000.0,0.0,617472706.5922145
2015,세전 기준,2021-04-30,4000000.0,0.0,643498474.5013925
2015,세전 기준,2021-05-31,4000000.0,0.0,631141726.0998346
2015,세전 기준,2021-06-30,4000000.0,0.0,676257018.0091679
2015,세전 기준,2021-07-31,4000000.0,0.0,704797187.873298
2015,세전 기준,2021-08-31,4000000.0,0.0,734649712.2860883
2015,세전 기준,2021-09-30,4000000.0,0.0,704080586.5120219
2015,세전 기준,2021-10-31,4000000.0,0.0,749829188.0840275
2015,세전 기준,2021-11-30,4000000.0,0.0,768945414.8137119
2015,세전 기준,2021-12-31,4000000.0,0.0,774553033.2294236
2015,세전 기준,2022-01-31,4000000.0,0.0,713619424.4453598
2015,세전 기준,2022-02-28,4000000.0,0.0,675136109.3811901
2015,세전 기준,2022-03-31,4000000.0,0.0,708099233.953769
2015,세전 기준,2022-04-30,4000000.0,0.0,630209291.7185266
2015,세전 기준,2022-05-31,4000000.0,0.0,606856881.3692837
2015,세전 기준,2022-06-30,4000000.0,0.0,576516331.715267
2015,세전 기준,2022-07-31,4000000.0,0.0,644943963.0163541
2015,세전 기준,2022-08-31,4000000.0,0.0,626485754.981147
2015,세전 기준,2022-09-30,4000000.0,0.0,595424476.0244219
2015,세전 기준,2022-10-31,4000000.0,0.0,612182664.6892313
2015,세전 기준,2022-11-30,4000000.0,0.0,593248545.1488521
2015,세전 기준,2022-12-31,4000000.0,0.0,512550231.3888993
2015,세전 기준,2023-01-31,4000000.0,0.0,550396632.5846012
2015,세전 기준,2023-02-28,4000000.0,0.0,585148610.3619173
2015,세전 기준,2023-03-31,4000000.0,0.0,627182305.8464711
2015,세전 기준,2023-04-30,4000000.0,0.0,643101154.2718756
2015,세전 기준,2023-05-31,4000000.0,0.0,682617270.8165721
2015,세전 기준,2023-06-30,4000000.0,0.0,717950463.7466755
2015,세전 기준,2023-07-31,4000000.0,0.0,716795446.9657861
2015,세전 기준,2023-08-31,4000000.0,0.0,729095849.786722
2015,세전 기준,2023-09-30,4000000.0,0.0,701366956.0952485
2015,세전 기준,2023-10-31,4000000.0,0.0,684495743.551206
2015,세전 기준,2023-11-30,4000000.0,0.0,720256127.3911899
2015,세전 기준,2023-12-31,4000000.0,0.0,757097931.0050799
2015,세전 기준,2024-01-31,4000000.0,0.0,793102915.5325502
2015,세전 기준,2024-02-29,4000000.0,0.0,831812236.6873115
2015,세전 기준,2024-03-31,4000000.0,0.0,845283295.5965799
2015,세전 기준,2024-04-30,4000000.0,0.0,825218099.483785
2015,세전 기준,2024-05-31,4000000.0,0.0,874208957.7271401
2015,세전 기준,2024-06-30,4000000.0,0.0,920805592.2533964
2015,세전 기준,2024-07-31,4000000.0,0.0,896578531.5463877
2015,세전 기준,2024-08-31,4000000.0,0.0,880437523.9275337
2015,세전 기준,2024-09-30,4000000.0,0.0,885276501.0679678
2015,세전 기준,2024-10-31,4000000.0,0.0,915422888.55415
2015,세전 기준,2024-11-30,4000000.0,0.0,974000974.8845712
2015,세전 기준,2024-12-31,4000000.0,0.0,1031062942.1158928
2015,미국계좌,2014-12-31,0.0,0.0,400000000.0
2015,미국계좌,2015-01-31,4000000.0,0.0,395707122.416784
2015,미국계좌,2015-02-28,4000000.0,0.0,396264448.4641599
2015,미국계좌,2015-03-31,4000000.0,0.0,390457907.0901623
2015,미국계좌,2015-04-30,4000000.0,0.0,385198724.0249018
2015,미국계좌,2015-05-31,4000000.0,0.0,390592200.1964357
2015,미국계좌,2015-06-30,4000000.0,0.0,382348955.35901415
2015,미국계좌,2015-07-31,4000000.0,0.0,398773989.1162542
2015,미국계좌,2015-08-31,4000000.0,0.0,380132923.9036106
2015,미국계좌,2015-09-30,4000000.0,0.0,369780246.2621061
2015,미국계좌,2015-10-31,4000000.0,0.0,390271189.2273432
2015,미국계좌,2015-11-30,4000000.0,0.0,391707969.8157447
2015,미국계좌,2015-12-31,4000000.0,0.0,388124634.35803753
2015,미국계좌,2016-01-31,4000000.0,0.0,369904710.2017215
2015,미국계좌,2016-02-29,4000000.0,0.0,368554854.42933
2015,미국계좌,2016-03-31,4000000.0,0.0,358247511.23650813
2015,미국계좌,2016-04-30,4000000.0,0.0,344423652.25920236
2015,미국계좌,2016-05-31,4000000.0,0.0,369582816.7577493
2015,미국계좌,2016-06-30,4000000.0,0.0,346580816.9729123
2015,미국계좌,2016-07-31,4000000.0,0.0,354088131.6855223
2015,미국계좌,2016-08-31,4000000.0,0.0,354799716.6186637
2015,미국계좌,2016-09-30,4000000.0,0.0,352803986.8203907
2015,미국계좌,2016-10-31,4000000.0,0.0,358668398.3653948
2015,미국계좌,2016-11-30,4000000.0,0.0,365824572.4749576
2015,미국계좌,2016-12-31,4000000.0,0.0,374732208.59307116
2015,미국계좌,2017-01-31,4000000.0,0.0,372882098.5164635
2015,미국계좌,2017-02-28,4000000.0,0.0,377665093.28183436
2015,미국계좌,2017-03-31,4000000.0,0.0,377330709.9628495
2015,미국계좌,2017-04-30,4000000.0,0.0,390388026.1278394
2015,미국계좌,2017-05-31,4000000.0,0.0,395391981.78908414
2015,미국계좌,2017-06-30,4000000.0,14922.852120310603,390549964.7687105
2015,미국계좌,2017-07-31,4000000.0,242521.86459336133,394390827.8762405
2015,미국계좌,2017-08-31,4000000.0,257781.38088922485,398490580.29932386
2015,미국계좌,2017-09-30,3999999.9999999995,268488.8375394918,400199752.1381356
2015,미국계좌,2017-10-31,3999999.9999999995,283565.8997461362,404498680.71628237
2015,미국계좌,2017-11-30,3999999.9999999995,277514.7990160792,396776556.91442406
2015,미국계좌,2017-12-31,4000000.0,270303.1940439765,388507596.6983511
2015,미국계좌,2018-01-31,4000000.0,0.0,418889841.37522215
2015,미국계좌,2018-02-28,4000000.0,0.0,414811423.00916725
2015,미국계좌,2018-03-31,4000000.0,0.0,386122635.208738
2015,미국계좌,2018-04-30,3999999.9999999995,54860.51961999231,386976364.95102787
2015,미국계좌,2018-05-31,3999999.9999999995,340669.90006461146,409056119.61807746
2015,미국계좌,2018-06-30,3999999.9999999995,366772.41344898887,421256287.9139922
2015,미국계좌,2018-07-31,4000000.0,385030.5776081665,429025209.01547754
2015,미국계좌,2018-08-31,4000000.0,422086.01775315707,450933045.7427803
2015,미국계좌,2018-09-30,4000000.0000000005,416664.3054871136,442531761.4478954
2015,미국계좌,2018-10-31,4000000.0,377613.8440355277,411421738.62492526
2015,미국계좌,2018-11-30,3999999.9999999995,363226.55219290656,397993989.069945
2015,미국계좌,2018-12-31,4000000.0000000005,298789.6587204753,357354222.1706434
2015,미국계좌,2019-01-31,4000000.0,0.0,385193959.7824101
2015,미국계좌,2019-02-28,4000000.0,0.0,397293879.60004526
2015,미국계좌,2019-03-31,4000000.0,0.0,413162855.44541556
2015,미국계좌,2019-04-30,4000000.0,406257.34710020124,442525321.37176687
2015,미국계좌,2019-05-31,4000000.0,422195.7975125292,410558427.8041348
2015,미국계좌,2019-06-30,3999999.9999999995,447686.7479063594,423944732.78438807
2015,미국계좌,2019-07-31,3999999.9999999995,475051.58181636356,439949116.04935366
2015,미국계좌,2019-08-31,4000000.0,477725.06860296056,437543505.942822
2015,미국계좌,2019-09-30,4000000.0,475611.39097158716,431444870.12435126
2015,미국계좌,2019-10-31,4000000.0,487055.3695895682,435781619.35640836
2015,미국계좌,2019-11-30,4000000.0,514742.2777095706,453744949.15969306
2015,미국계좌,2019-12-31,4000000.0,523323.21093475545,456533153.9797864
2015,미국계좌,2020-01-31,4000000.0,0.0,480995467.2741147
2015,미국계좌,2020-02-29,4000000.0,0.0,456818643.21622086
2015,미국계좌,2020-03-31,4000000.0,333230.1870065079,420596766.91662943
2015,미국계좌,2020-04-30,3999999.9999999995,560915.158487243,473075921.808131
2015,미국계좌,2020-05-31,4000000.0,605080.4315103934,513378450.64429915
2015,미국계좌,2020-06-30,4000000.0,619617.5170359437,525099785.80608004
2015,미국계좌,2020-07-31,4000000.0,648351.3099363159,555356239.2180048
2015,미국계좌,2020-08-31,4000000.0,689911.0922996744,608762270.9507592
2015,미국계좌,2020-09-30,4000000.0,657702.3473750612,558536553.1632334
2015,미국계좌,2020-10-31,4000000.0,631994.4954982733,522044616.6682282
2015,미국계좌,2020-11-30,4000000.0000000005,667219.4957429093,561541416.4259744
2015,미국계좌,2020-12-31,4000000.0,679612.370065241,573907264.7307786
2015,미국계좌,2021-01-31,4000000.0,0.0,588487601.9487343
2015,미국계좌,2021-02-28,4000000.0,95625.21565208398,586238971.5706859
2015,미국계좌,2021-03-31,4000000.0,701623.4972529055,593385288.1860467
2015,미국계좌,2021-04-30,3999999.9999999995,719829.661680303,617519930.5578346
2015,미국계좌,2021-05-31,3999999.9999999995,714889.5989359556,604785661.1202475
2015,미국계좌,2021-06-30,4000000.0,742486.8719766653,647107443.7461194
2015,미국계좌,2021-07-31,4000000.0,758919.6507349147,673486073.2506324
2015,미국계좌,2021-08-31,4000000.0000000005,774677.3714362296,701059997.9007041
2015,미국계좌,2021-09-30,4000000.0,762358.390555703,670943309.4833548
2015,미국계좌,2021-10-31,4000000.0000000005,784885.9068663563,713565626.7011272
2015,미국계좌,2021-11-30,3999999.9999999995,794485.2792636217,730769411.2617997
2015,미국계좌,2021-12-31,4000000.0,798338.5993441876,735101699.5158305
2015,미국계좌,2022-01-31,4000000.0,0.0,677067965.502503
2015,미국계좌,2022-02-28,4000000.0,220306.38814362316,640130573.2636968
2015,미국계좌,2022-03-31,4000000.0,775218.5106178205,670401956.1620151
2015,미국계좌,2022-04-30,4000000.0,737228.4568625734,595708485.0771044
2015,미국계좌,2022-05-31,3999999.9999999995,725813.9364644106,572689708.4642234
2015,미국계좌,2022-06-30,4000000.0000000005,709048.0473502713,543123132.7768977
2015,미국계좌,2022-07-31,4000000.0,752401.2922702226,606603181.8903595
2015,미국계좌,2022-08-31,4000000.0000000005,744428.3448012254,588260060.4783795
2015,미국계좌,2022-09-30,4000000.0,728453.1469408583,558121501.0853925
2015,미국계좌,2022-10-31,4000000.0,740903.0591826318,572838299.0175644
2015,미국계좌,2022-11-30,4000000.0,731966.9050746121,554132013.4519335
2015,미국계좌,2022-12-31,4000000.0,678294.4101890958,477812597.66064286
2015,미국계좌,2023-01-31,4000000.0,0.0,512822896.42470026
2015,미국계좌,2023-02-28,4000000.0000000005,146122.78370632054,544783283.5820667
2015,미국계좌,2023-03-31,4000000.0,761544.1216215295,582879890.9409403
2015,미국계좌,2023-04-30,3999999.9999999995,772046.7034866693,596619680.5721843
2015,미국계좌,2023-05-31,4000000.0,793144.3372131035,632197434.9344671
2015,미국계좌,2023-06-30,3999999.9999999995,810267.3126924749,663815111.5682381
2015,미국계좌,2023-07-31,4000000.0,811444.7016829812,661634130.8725927
2015,미국계좌,2023-08-31,4000000.0,818061.9203109908,671862066.9409069
2015,미국계좌,2023-09-30,4000000.0,808279.4403860848,645187604.108532
2015,미국계좌,2023-10-31,4000000.0,802678.184509604,628544694.9135745
2015,미국계좌,2023-11-30,4000000.0,819473.165196336,660235570.5208826
2015,미국계좌,2023-12-31,4000000.0,835093.3237531309,692838841.8074912
2015,미국계좌,2024-01-31,4000000.0,0.0,725448382.015511
2015,미국계좌,2024-02-29,4000000.0,376706.62279046327,760137737.7181853
2015,미국계좌,2024-03-31,4000000.0,867718.6851572208,771235654.7968414
2015,미국계좌,2024-04-30,4000000.0,862933.0973398804,751714852.4288844
2015,미국계좌,2024-05-31,4000000.0,878159.0727003452,795107587.0864619
2015,미국계좌,2024-06-30,4000000.0,891207.0095518494,836234860.7127762
2015,미국계좌,2024-07-31,4000000.0000000005,886135.2788573451,812979404.6617012
2015,미국계좌,2024-08-31,4000000.0,882971.2018427278,797087482.4325068
2015,미국계좌,2024-09-30,4000000.0,885293.2487866764,800204390.1856928
2015,미국계좌,2024-10-31,4000000.0,893902.5546312891,826175521.4848483
2015,미국계좌,2024-11-30,4000000.0000000005,908251.5492584329,877744427.9288943
2015,미국계좌,2024-12-31,4000000.0,920702.335309877,927851187.452153
2015,절세계좌,2014-12-31,0.0,0.0,400000000.0
2015,절세계좌,2015-01-31,4000000.0,0.0,395707122.4167839
2015,절세계좌,2015-02-28,4000000.0,0.0,396264448.46415985
2015,절세계좌,2015-03-31,4000000.0,0.0,390457907.0901623
2015,절세계좌,2015-04-30,4000000.0,0.0,385198724.02490175
2015,절세계좌,2015-05-31,4000000.0,0.0,390592200.1964357
2015,절세계좌,2015-06-30,4000000.0,0.0,382405790.14875156
2015,절세계좌,2015-07-31,4000000.0,0.0,398595294.42196864
2015,절세계좌,2015-08-31,4000000.0,0.0,380303460.7813705
2015,절세계좌,2015-09-30,4000000.0,0.0,370086130.6257588
2015,절세계좌,2015-10-31,4000000.0,0.0,390106569.8003337
2015,절세계좌,2015-11-30,4000000.0,4743.287771143513,391512264.8968004
2015,절세계좌,2015-12-31,4000000.0,19004.188097423114,387909717.0772879
2015,절세계좌,2016-01-31,4000000.0,4031.89753878444,369693635.0596616
2015,절세계좌,2016-02-29,4000000.0,17835.93755164801,368324431.12358594
2015,절세계좌,2016-03-31,4000000.0,6585.039878802038,358014446.28995186
2015,절세계좌,2016-04-30,4000000.0,0.0,344196978.4168289
2015,절세계좌,2016-05-31,4000000.0,35385.62615685899,369301566.9118627
2015,절세계좌,2016-06-30,4000000.0,7029.869813810064,346306997.6413767
2015,절세계좌,2016-07-31,4000000.0,28198.80802154685,353777022.08715355
2015,절세계좌,2016-08-31,4000000.0,36632.95607321186,354447834.3623649
2015,절세계좌,2016-09-30,4000000.0,40204.076891610064,352409912.6977862
2015,절세계좌,2016-10-31,4000000.0,22663.350781598507,358240642.56605476
2015,절세계좌,2016-11-30,4000000.0,22367.87894860028,365361143.6987134
2015,절세계좌,2016-12-31,4000000.0,19246.480488261,374233181.8650039
2015,절세계좌,2017-01-31,4000000.0,99278.45336252914,372280930.3504554
2015,절세계좌,2017-02-28,4000000.0,52483.466819076755,376997281.5247316
2015,절세계좌,2017-03-31,4000000.0,92388.25124640952,376564028.17484903
2015,절세계좌,2017-04-30,4000000.0,0.0,389586686.3241763
2015,절세계좌,2017-05-31,4000000.0,70023.21012959367,394502136.5791714
2015,절세계좌,2017-06-30,4000000.0,155166.31018589274,389521737.5086961
2015,절세계좌,2017-07-31,4000000.0,96190.22772334926,393487650.57973474
2015,절세계좌,2017-08-31,4000000.0,92106.70271133835,397733938.4560116
2015,절세계좌,2017-09-30,4000000.0,122314.3442236452,399577934.58711445
2015,절세계좌,2017-10-31,4000000.0,100838.64672820386,404046255.21337354
2015,절세계좌,2017-11-30,4000000.0,192237.9872994871,396413260.9649952
2015,절세계좌,2017-12-31,4000000.0,186915.4278008027,388231349.759445
2015,절세계좌,2018-01-31,4000000.0,168374.7653451298,418420772.2987049
2015,절세계좌,2018-02-28,4000000.0,168273.4201097306,414174168.3247211
2015,절세계좌,2018-03-31,4000000.0,134293.7959820402,385389014.9164127
2015,절세계좌,2018-04-30,4000000.0,141414.2441158385,386146864.7743433
2015,절세계좌,2018-05-31,4000000.0,107874.25264326349,408402781.79326594
2015,절세계좌,2018-06-30,4000000.0,16654.4201082313,420909502.4488943
2015,절세계좌,2018-07-31,4000000.0,81880.89453605303,428811939.75257343
2015,절세계좌,2018-08-31,4000000.0,334199.61025645613,450794574.2317457
2015,절세계좌,2018-09-30,4000000.0,211949.9190251371,442599227.91151625
2015,절세계좌,2018-10-31,4000000.0,0.0,411862743.42601913
2015,절세계좌,2018-11-30,4000000.0,0.0,398788504.12049776
2015,절세계좌,2018-12-31,4000000.0,70844.04544863063,358304135.3735455
2015,절세계좌,2019-01-31,4000000.0,154606.34360442986,386073902.51630485
2015,절세계좌,2019-02-28,4000000.0,165330.81808263905,398045270.408932
2015,절세계좌,2019-03-31,4000000.0,177619.3673081693,413774204.52561074
2015,절세계좌,2019-04-30,4000000.0,0.0,443592894.7252767
2015,절세계좌,2019-05-31,4000000.0,181120.82597881107,411800625.7274731
2015,절세계좌,2019-06-30,4000000.0,148361.7418301273,425540214.7753862
2015,절세계좌,2019-07-31,4000000.0,0.0,442096722.3322577
2015,절세계좌,2019-08-31,4000000.0,161455.790418873,440017496.5080074
2015,절세계좌,2019-09-30,3999999.9999999995,202324.05809085662,434182970.9987245
2015,절세계좌,2019-10-31,4000000.0,157341.25095697443,438769464.6997321
2015,절세계좌,2019-11-30,3999999.9999999995,490142.3970721575,456911510.57399124
2015,절세계좌,2019-12-31,4000000.0,323993.5009534152,459950070.25065
2015,절세계좌,2020-01-31,4000000.0,0.0,484395689.9004252
2015,절세계좌,2020-02-29,4000000.0,147308.12626583248,459928924.9923491
2015,절세계좌,2020-03-31,4000000.0,209360.5693617682,423613802.22649854
2015,절세계좌,2020-04-30,4000000.0,171164.88689399854,476891868.65509665
2015,절세계좌,2020-05-31,3999999.9999999995,233605.23988919918,517928108.51457834
2015,절세계좌,2020-06-30,4000000.0,598729.9286955947,529815147.90799594
2015,절세계좌,2020-07-31,4000000.0,628516.1659567718,560404879.3519174
2015,절세계좌,2020-08-31,3999999.9999999995,671625.1155553464,614357336.4570894
2015,절세계좌,2020-09-30,4000000.0,445943.97330666747,563924566.5431342
2015,절세계좌,2020-10-31,4000000.0,262745.41174697503,527494537.03796715
2015,절세계좌,2020-11-30,4000000.0,441417.21841829945,567678192.3632246
2015,절세계좌,2020-12-31,4000000.0,505787.07739773573,580404146.3842752
2015,절세계좌,2021-01-31,4000000.0,75444.543496449,595119376.615698
2015,절세계좌,2021-02-28,4000000.0,265548.6798238905,592721636.8968909
2015,절세계좌,2021-03-31,4000000.0,156205.98026774818,600544386.2538801
2015,절세계좌,2021-04-30,4000000.0,290084.7323949272,625216613.1489758
2015,절세계좌,2021-05-31,3999999.999999999,293809.85752344015,612803471.017031
2015,절세계좌,2021-06-30,4000000.0,726206.3811323044,655765478.1026995
2015,절세계좌,2021-07-31,4000000.0,743276.462016744,682576358.5369964
2015,절세계좌,2021-08-31,3999999.9999999995,759649.9954473128,710601931.3525134
2015,절세계좌,2021-09-30,4000000.0,311308.67050737905,680591201.8918606
2015,절세계좌,2021-10-31,4000000.0,649728.8915897674,724030372.4600097
2015,절세계좌,2021-11-30,4000000.0,591061.7639831688,741760194.5919037
2015,절세계좌,2021-12-31,4000000.0,433591.0010705715,746594555.2143298
2015,절세계좌,2022-01-31,3999999.9999999995,315559.7035752994,687400477.8324249
2015,절세계좌,2022-02-28,4000000.0,309450.392527882,649874656.8642508
2015,절세계좌,2022-03-31,4000000.0,316013.7148692626,681138724.8017355
2015,절세계좌,2022-04-30,4000000.0,302070.7611761604,605760032.8320228
2015,절세계좌,2022-05-31,4000000.0,297855.4643035756,582860552.6652832
2015,절세계좌,2022-06-30,4000000.0,291641.9939313296,553269918.7670233
2015,절세계좌,2022-07-31,4000000.0,307655.33322894824,618469452.5314858
2015,절세계좌,2022-08-31,4000000.0,304723.42618771846,600300020.6641182
2015,절세계좌,2022-09-30,4000000.0,298831.1784557178,570071012.8012646
2015,절세계좌,2022-10-31,4000000.0,303425.19826797984,585641882.5179107
2015,절세계좌,2022-11-30,4000000.0,300129.20944505476,567055092.8297424
2015,절세계좌,2022-12-31,4000000.0,280176.22876258666,489463031.0773127
2015,절세계좌,2023-01-31,3999999.9999999995,291802.87449848047,525132709.2725291
2015,절세계좌,2023-02-28,3999999.9999999995,301215.94627900375,557804704.7797973
2015,절세계좌,2023-03-31,4000000.0,311010.25029080844,597376242.4241395
2015,절세계좌,2023-04-30,4000000.0,314854.6708895814,612033617.5417237
2015,절세계좌,2023-05-31,4000000.0,322546.97668386495,649124969.5345919
2015,절세계좌,2023-06-30,4000000.0,31312.98207532383,682471067.1097939
2015,절세계좌,2023-07-31,4000000.0,299543.0950177657,680875914.9602509
2015,절세계좌,2023-08-31,4000000.0,173844.5252477316,692021348.8406736
2015,절세계좌,2023-09-30,4000000.0,328040.4662491182,665171028.1781046
2015,절세계좌,2023-10-31,4000000.0,326009.8253411942,648638059.3459052
2015,절세계좌,2023-11-30,4000000.0,295372.56053766253,682020201.1538497
2015,절세계좌,2023-12-31,4000000.0,654906.7663165733,716038946.7966052
2015,절세계좌,2024-01-31,4000000.0,0.0,749238209.5090886
2015,절세계좌,2024-02-29,4000000.0,517077.899330072,785068298.0173554
2015,절세계좌,2024-03-31,4000000.0,509836.13009521406,797047729.3896042
2015,절세계좌,2024-04-30,3999999.9999999995,347706.8672637728,777551576.8466637
2015,절세계좌,2024-05-31,4000000.0,736256.0029970075,822745303.4886831
2015,절세계좌,2024-06-30,4000000.0,830601.6842073854,865532771.9018584
2015,절세계좌,2024-07-31,4000000.0,355975.8645387385,842163896.8233597
2015,절세계좌,2024-08-31,4000000.0,354851.005112794,826404893.334224
2015,절세계좌,2024-09-30,4000000.0,355676.6004134803,830345744.0425733
2015,절세계좌,2024-10-31,4000000.0,509344.8807973184,857864028.3707017
2015,절세계좌,2024-11-30,3999999.9999999995,851758.5190819395,911655646.4793708
2015,절세계좌,2024-12-31,4000000.0,867237.1454552682,963941829.7585409
2016,세전 기준,2015-12-31,0.0,0.0,400000000.0
2016,세전 기준,2016-01-31,4000000.0,0.0,394778749.32452774
2016,세전 기준,2016-02-29,4000000.0,0.0,391247626.2721014
2016,세전 기준,2016-03-31,4000000.0,0.0,385549130.55986786
2016,세전 기준,2016-04-30,4000000.0,0.0,377960073.197121
2016,세전 기준,2016-05-31,4000000.0,0.0,387558853.3616977
2016,세전 기준,2016-06-30,4000000.0,0.0,372887271.4913068
2016,세전 기준,2016-07-31,4000000.0,0.0,376531147.96486133
2016,세전 기준,2016-08-31,4000000.0,0.0,376139773.67969775
2016,세전 기준,2016-09-30,4000000.0,0.0,373880460.9954571
2016,세전 기준,2016-10-31,4000000.0,0.0,379476730.43020463
2016,세전 기준,2016-11-30,4000000.0,0.0,387280135.7329882
2016,세전 기준,2016-12-31,4000000.0,0.0,396944803.01871914
2016,세전 기준,2017-01-31,4000000.0,0.0,395222129.6337889
2016,세전 기준,2017-02-28,4000000.0,0.0,400531329.26966
2016,세전 기준,2017-03-31,4000000.0,0.0,400418885.5939199
2016,세전 기준,2017-04-30,4000000.0,0.0,414519907.7203216
2016,세전 기준,2017-05-31,4000000.0,0.0,420080443.95611995
2016,세전 기준,2017-06-30,4000000.0,0.0,415201705.63719594
2016,세전 기준,2017-07-31,4000000.0,0.0,419795318.56898904
2016,세전 기준,2017-08-31,4000000.0,0.0,424691198.7916161
2016,세전 기준,2017-09-30,4000000.0,0.0,427061888.5998977
2016,세전 기준,2017-10-31,4000000.0,0.0,432220455.74304265
2016,세전 기준,2017-11-30,4000000.0,0.0,424539775.07820433
2016,세전 기준,2017-12-31,4000000.0,0.0,416261324.3402158
2016,세전 기준,2018-01-31,4000000.0,0.0,449099725.50562716
2016,세전 기준,2018-02-28,4000000.0,0.0,445015651.6914848
2016,세전 기준,2018-03-31,4000000.0,0.0,414529165.58466905
2016,세전 기준,2018-04-30,4000000.0,0.0,415798874.32465667
2016,세전 기준,2018-05-31,4000000.0,0.0,440187126.9136121
2016,세전 기준,2018-06-30,4000000.0,0.0,454014886.1937124
2016,세전 기준,2018-07-31,4000000.0,0.0,463113978.4724587
2016,세전 기준,2018-08-31,4000000.0,0.0,487535980.3014828
2016,세전 기준,2018-09-30,4000000.0,0.0,479227922.528826
2016,세전 기준,2018-10-31,4000000.0,0.0,446278775.96983004
2016,세전 기준,2018-11-30,4000000.0,0.0,432446276.00530523
2016,세전 기준,2018-12-31,4000000.0,0.0,388959447.7976538
2016,세전 기준,2019-01-31,4000000.0,0.0,419615164.7058513
2016,세전 기준,2019-02-28,4000000.0,0.0,433153784.7554602
2016,세전 기준,2019-03-31,4000000.0,0.0,450816142.3414892
2016,세전 기준,2019-04-30,4000000.0,0.0,483662352.87879115
2016,세전 기준,2019-05-31,4000000.0,0.0,449557107.620658
2016,세전 기준,2019-06-30,4000000.0,0.0,465085138.7014548
2016,세전 기준,2019-07-31,4000000.0,0.0,483551936.9883133
2016,세전 기준,2019-08-31,4000000.0,0.0,481829416.7399936
2016,세전 기준,2019-09-30,4000000.0,0.0,476042118.09966403
2016,세전 기준,2019-10-31,4000000.0,0.0,481778014.67216176
2016,세전 기준,2019-11-30,4000000.0,0.0,502628628.97028846
2016,세전 기준,2019-12-31,4000000.0,0.0,506727855.8966032
2016,세전 기준,2020-01-31,4000000.0,0.0,534319530.8138886
2016,세전 기준,2020-02-29,4000000.0,0.0,507905866.03441507
2016,세전 기준,2020-03-31,4000000.0,0.0,468451029.2824672
2016,세전 기준,2020-04-30,4000000.0,0.0,527980950.63956076
2016,세전 기준,2020-05-31,4000000.0,0.0,574100521.5986494
2016,세전 기준,2020-06-30,4000000.0,0.0,588374271.5867016
2016,세전 기준,2020-07-31,4000000.0,0.0,623485102.7243961
2016,세전 기준,2020-08-31,4000000.0,0.0,684708021.4965943
2016,세전 기준,2020-09-30,4000000.0,0.0,629455197.2260909
2016,세전 기준,2020-10-31,4000000.0,0.0,589549926.6375597
2016,세전 기준,2020-11-30,4000000.0,0.0,635424771.5829704
2016,세전 기준,2020-12-31,4000000.0,0.0,650712944.5280613
2016,세전 기준,2021-01-31,4000000.0,0.0,667779877.6101714
2016,세전 기준,2021-02-28,4000000.0,0.0,665875734.8253744
2016,세전 기준,2021-03-31,4000000.0,0.0,675333140.7830784
2016,세전 기준,2021-04-30,4000000.0,0.0,704172480.7734051
2016,세전 기준,2021-05-31,4000000.0,0.0,691027793.5887403
2016,세전 기준,2021-06-30,4000000.0,0.0,740803404.3525971
2016,세전 기준,2021-07-31,4000000.0,0.0,772449420.544081
2016,세전 기준,2021-08-31,4000000.0,0.0,805551388.7649237
2016,세전 기준,2021-09-30,4000000.0,0.0,772418053.7786921
2016,세전 기준,2021-10-31,4000000.0,0.0,822995212.6161828
2016,세전 기준,2021-11-30,4000000.0,0.0,844367049.6086746
2016,세전 기준,2021-12-31,4000000.0,0.0,850917026.576033
2016,세전 기준,2022-01-31,4000000.0,0.0,784370273.7774692
2016,세전 기준,2022-02-28,4000000.0,0.0,742468156.2746284
2016,세전 기준,2022-03-31,4000000.0,0.0,779117652.8283031
2016,세전 기준,2022-04-30,4000000.0,0.0,693816959.9289522
2016,세전 기준,2022-05-31,4000000.0,0.0,668511291.0150666
2016,세전 기준,2022-06-30,4000000.0,0.0,635494639.1555356
2016,세전 기준,2022-07-31,4000000.0,0.0,711331703.4094357
2016,세전 기준,2022-08-31,4000000.0,0.0,691385230.0106746
2016,세전 기준,2022-09-30,4000000.0,0.0,657520594.738255
2016,세전 기준,2022-10-31,4000000.0,0.0,676443630.4987373
2016,세전 기준,2022-11-30,4000000.0,0.0,655941872.7344524
2016,세전 기준,2022-12-31,4000000.0,0.0,567138233.5604956
2016,세전 기준,2023-01-31,4000000.0,0.0,609441390.9909073
2016,세전 기준,2023-02-28,4000000.0,0.0,648350554.7504187
2016,세전 기준,2023-03-31,4000000.0,0.0,695356353.0657604
2016,세전 기준,2023-04-30,4000000.0,0.0,713440359.0545222
2016,세전 기준,2023-05-31,4000000.0,0.0,757716051.9312631
2016,세전 기준,2023-06-30,4000000.0,0.0,797376523.0781429
2016,세전 기준,2023-07-31,4000000.0,0.0,796536243.6187934
2016,세전 기준,2023-08-31,4000000.0,0.0,810650004.9260427
2016,세전 기준,2023-09-30,4000000.0,0.0,780266878.7657315
2016,세전 기준,2023-10-31,4000000.0,0.0,761947725.6456826
2016,세전 기준,2023-11-30,4000000.0,0.0,802207071.7747046
2016,세전 기준,2023-12-31,4000000.0,0.0,843695867.2699513
2016,세전 기준,2024-01-31,4000000.0,0.0,884276678.7261624
2016,세전 기준,2024-02-29,4000000.0,0.0,927895790.8511277
2016,세전 기준,2024-03-31,4000000.0,0.0,943384951.1551208
2016,세전 기준,2024-04-30,4000000.0,0.0,921455264.9432695
2016,세전 기준,2024-05-31,4000000.0,0.0,976625931.8890705
2016,세전 기준,2024-06-30,4000000.0,0.0,1029150158.629011
2016,세전 기준,2024-07-31,4000000.0,0.0,1002543125.2765375
2016,세전 기준,2024-08-31,4000000.0,0.0,984967199.3604679
2016,세전 기준,2024-09-30,4000000.0,0.0,990855581.3553511
2016,세전 기준,2024-10-31,4000000.0,0.0,1025074305.7685597
2016,세전 기준,2024-11-30,4000000.0,0.0,1091148136.3484328
2016,세전 기준,2024-12-31,4000000.0,0.0,1155554281.1719759
2016,세전 기준,2025-01-31,4000000.0,0.0,1157381828.3440454
2016,세전 기준,2025-02-28,4000000.0,0.0,1126104578.007905
2016,세전 기준,2025-03-31,4000000.0,0.0,1047660278.5548482
2016,세전 기준,2025-04-30,4000000.0,0.0,1023164077.0237375
2016,세전 기준,2025-05-31,4000000.0,0.0,1078166316.1467137
2016,세전 기준,2025-06-30,4000000.0,0.0,1120070033.099808
2016,세전 기준,2025-07-31,4000000.0,0.0,1179400563.0983179
2016,세전 기준,2025-08-31,4000000.0,0.0,1181168287.572601
2016,세전 기준,2025-09-30,4000000.0,0.0,1253988225.986492
2016,세전 기준,2025-10-31,4000000.0,0.0,1332140878.9622838
2016,세전 기준,2025-11-30,4000000.0,0.0,1343407326.2869985
2016,세전 기준,2025-12-31,4000000.0,0.0,1309404645.407699
2016,미국계좌,2015-12-31,0.0,0.0,400000000.0
2016,미국계좌,2016-01-31,4000000.0,0.0,394778749.32452774
2016,미국계좌,2016-02-29,4000000.0,0.0,391247626.2721014
2016,미국계좌,2016-03-31,4000000.0,0.0,385549130.55986786
2016,미국계좌,2016-04-30,4000000.0,0.0,377960073.197121
2016,미국계좌,2016-05-31,4000000.0,0.0,387558853.3616977
2016,미국계좌,2016-06-30,4000000.0,0.0,372887271.4913068
2016,미국계좌,2016-07-31,4000000.0,0.0,376531147.96486133
2016,미국계좌,2016-08-31,4000000.0,0.0,376139773.67969775
2016,미국계좌,2016-09-30,4000000.0,0.0,373880460.9954571
2016,미국계좌,2016-10-31,4000000.0,0.0,379476730.43020463
2016,미국계좌,2016-11-30,4000000.0,0.0,387280135.7329882
2016,미국계좌,2016-12-31,4000000.0,0.0,396944803.01871914
2016,미국계좌,2017-01-31,4000000.0,0.0,395222129.6337889
2016,미국계좌,2017-02-28,4000000.0,0.0,400531329.26966
2016,미국계좌,2017-03-31,4000000.0,0.0,400418885.5939199
2016,미국계좌,2017-04-30,4000000.0,0.0,414519907.7203216
2016,미국계좌,2017-05-31,4000000.0,0.0,420080443.95611995
2016,미국계좌,2017-06-30,4000000.0,0.0,415201705.63719594
2016,미국계좌,2017-07-31,4000000.0,0.0,419795318.56898904
2016,미국계좌,2017-08-31,4000000.0,89350.19836107986,424601848.593255
2016,미국계좌,2017-09-30,4000000.0,216658.4701310723,426754539.61072147
2016,미국계좌,2017-10-31,4000000.0000000005,232453.74696140233,431674061.7459453
2016,미국계좌,2017-11-30,4000000.0,226113.58626104344,423771920.4486656
2016,미국계좌,2017-12-31,4000000.0,218558.8996991433,415282649.13939685
2016,미국계좌,2018-01-31,4000000.0,0.0,448034439.2565308
2016,미국계좌,2018-02-28,4000000.0,0.0,443950564.869538
2016,미국계좌,2018-03-31,4000000.0,0.0,413527470.7068141
2016,미국계좌,2018-04-30,4000000.0,0.0,414784445.38442224
2016,미국계좌,2018-05-31,3999999.9999999995,160773.07519301627,438942665.7761256
2016,미국계좌,2018-06-30,4000000.0000000005,319745.07983985497,452400278.7896269
2016,미국계좌,2018-07-31,4000000.0,338927.0788272992,461113859.85315907
2016,미국계좌,2018-08-31,4000000.0,377887.9471251693,485035223.4452838
2016,미국계좌,2018-09-30,4000000.0000000005,372184.8926592261,476377078.4413654
2016,미국계좌,2018-10-31,3999999.9999999995,331133.8750421977,443269011.4770042
2016,미국계좌,2018-11-30,3999999.9999999995,316020.9522622622,429186802.2713322
2016,미국계좌,2018-12-31,3999999.9999999995,248409.53718001817,385749188.26966166
2016,미국계좌,2019-01-31,4000000.0,0.0,416118875.75748175
2016,미국계좌,2019-02-28,4000000.0,0.0,429511361.70945364
2016,미국계좌,2019-03-31,4000000.0,0.0,446991558.88668764
2016,미국계좌,2019-04-30,3999999.9999999995,235932.20315736101,479289245.4700995
2016,미국계좌,2019-05-31,4000000.0,378003.4325910082,445078197.97571665
2016,미국계좌,2019-06-30,4000000.0,404828.97345062793,460006843.51778585
2016,미국계좌,2019-07-31,4000000.0,433648.0669999514,477794677.2911737
2016,미국계좌,2019-08-31,4000000.0,436464.8299664164,475608576.1134937
2016,미국계좌,2019-09-30,3999999.9999999995,434237.8595106885,469410115.2076442
2016,미국계좌,2019-10-31,4000000.0,446296.8276213984,474564078.8569521
2016,미국계좌,2019-11-30,4000000.0,475487.78681630275,494567103.0077236
2016,미국계좌,2019-12-31,4000000.0,484539.51782787323,498051889.0847305
2016,미국계좌,2020-01-31,4000000.0,0.0,525102665.52974063
2016,미국계좌,2020-02-29,4000000.0,0.0,499075630.3171889
2016,미국계좌,2020-03-31,3999999.9999999995,228742.50584930964,460008453.79614264
2016,미국계좌,2020-04-30,4000000.0,524219.9365547485,517869198.4908545
2016,미국계좌,2020-05-31,3999999.9999999995,570892.960187591,562457999.6632831
2016,미국계좌,2020-06-30,4000000.0,586268.2773552976,575774897.2566118
2016,미국계좌,2020-07-31,4000000.0,616677.5803329229,609431536.2834078
2016,미국계좌,2020-08-31,4000000.0,660704.7041162215,668523603.5613981
2016,미국계좌,2020-09-30,4000000.0,626579.2433499509,613855661.1409023
2016,미국계좌,2020-10-31,4000000.0000000005,599363.9340806934,574240852.5608873
2016,미국계좌,2020-11-30,4000000.0,636659.499359518,618183918.3549243
2016,미국계좌,2020-12-31,3999999.9999999995,649789.717046698,632298959.4445196
2016,미국계좌,2021-01-31,4000000.0,0.0,648769736.887201
2016,미국계좌,2021-02-28,4000000.0,45569.130798177364,646760360.7889427
2016,미국계좌,2021-03-31,4000000.0000000005,673121.8500376694,655158321.540782
2016,미국계좌,2021-04-30,4000000.0,692431.6965913427,682324191.4279422
2016,미국계좌,2021-05-31,3999999.9999999995,687191.172655351,668776044.368052
2016,미국계좌,2021-06-30,4000000.0,716476.3802131742,716103553.1701944
2016,미국계좌,2021-07-31,4000000.0,733925.1583454919,745827135.4977814
2016,미국계좌,2021-08-31,4000000.0000000005,750664.8032684388,776899728.4296148
2016,미국계좌,2021-09-30,3999999.9999999995,737577.5392169621,744065023.4386605
2016,미국계좌,2021-10-31,3999999.9999999995,761513.4782797735,791877313.4479774
2016,미국계좌,2021-11-30,3999999.9999999995,771717.6672257078,811518109.738138
2016,미국계좌,2021-12-31,3999999.9999999995,775814.5531322206,816881839.7945441
2016,미국계좌,2022-01-31,4000000.0,0.0,752836847.2705873
2016,미국계좌,2022-02-28,3999999.9999999995,177962.39302624142,712280516.6506524
2016,미국계좌,2022-03-31,4000000.0,751239.7962037857,746526025.9569526
2016,미국계좌,2022-04-30,3999999.9999999995,710894.5718759302,663915364.9539415
2016,미국계좌,2022-05-31,4000000.0,698780.9287998889,638829130.6051521
2016,미국계좌,2022-06-30,4000000.0,680995.279681566,606419834.0542227
2016,미국계좌,2022-07-31,4000000.0,727002.809508077,677877233.556214
2016,미국계좌,2022-08-31,4000000.0,718537.4648622778,657962197.4385877
2016,미국계좌,2022-09-30,4000000.0,701581.4376444416,624839700.7186776
2016,미국계좌,2022-10-31,4000000.0000000005,714795.0748825042,641908592.6016845
2016,미국계좌,2022-11-30,3999999.9999999995,705310.2692840914,621544002.4983715
2016,미국계좌,2022-12-31,4000000.0,648393.1223368392,536539109.0372505
2016,미국계좌,2023-01-31,4000000.0,0.0,576344046.4638058
2016,미국계좌,2023-02-28,4000000.0,98997.43361810312,612823915.9025623
2016,미국계좌,2023-03-31,4000000.0,736712.6493305906,656298117.5932009
2016,미국계좌,2023-04-30,4000000.0,747869.6864303574,672393793.0839162
2016,미국계좌,2023-05-31,4000000.0,770292.070485873,713121734.7973497
2016,미국계좌,2023-06-30,4000000.0,788500.1214282297,749424129.935399
2016,미국계좌,2023-07-31,3999999.9999999995,789752.447152397,747604079.691009
2016,미국계좌,2023-08-31,4000000.0,796791.6097597547,759808299.5987236
2016,미국계좌,2023-09-30,3999999.9999999995,786385.8231826429,730293463.6378102
2016,미국계좌,2023-10-31,3999999.9999999995,780428.9785783313,712110974.1425248
2016,미국계좌,2023-11-30,4000000.0,798293.0136073789,748677154.0790017
2016,미국계좌,2023-12-31,4000000.0,814915.1132381363,786315644.2673657
2016,미국계좌,2024-01-31,4000000.0,0.0,823864490.0565279
2016,미국계좌,2024-02-29,4000000.000000001,344193.1525369986,863886157.1280714
2016,미국계좌,2024-03-31,4000000.0,849657.0585881192,877181227.0600286
2016,미국계좌,2024-04-30,4000000.0,844558.9829946364,855665229.6225032
2016,미국계좌,2024-05-31,4000000.0000000005,860781.5917938291,905750449.4757308
2016,미국계좌,2024-06-30,4000000.0000000005,874689.1969725281,953297923.2628397
2016,미국계좌,2024-07-31,4000000.0000000005,869282.6989942337,927487830.551479
2016,미국계좌,2024-08-31,4000000.0,865910.1680528391,910062354.8563575
2016,미국계좌,2024-09-30,3999999.9999999995,868385.1650825891,914330359.4206239
2016,미국계좌,2024-10-31,4000000.0,877562.9836382467,944719833.0131207
2016,미국계좌,2024-11-30,4000000.0,892864.5147525494,1004407786.8365794
2016,미국계좌,2024-12-31,4000000.0,906146.899986284,1062469867.8420817
2016,미국계좌,2025-01-31,4000000.0,0.0,1063827983.3150067
2016,미국계좌,2025-02-28,4000000.0,460303.27933273546,1034295312.8143971
2016,미국계좌,2025-03-31,4000000.0,886863.025830498,961033459.140489
2016,미국계좌,2025-04-30,4000000.0,882278.1900479549,937349727.979584
2016,미국계좌,2025-05-31,4000000.0,895077.1516688513,986508281.1635168
2016,미국계좌,2025-06-30,4000000.0,904181.5243180068,1023605408.9290835
2016,미국계좌,2025-07-31,4000000.0,915673.4488828846,1076566003.1609051
2016,미국계좌,2025-08-31,4000000.0,916665.087417486,1076914161.8143723
2016,미국계좌,2025-09-30,4000000.0,929081.3405600291,1142024617.1410563
2016,미국계좌,2025-10-31,4000000.0,940877.2427096323,1211901310.0457807
2016,미국계좌,2025-11-30,4000000.0,942923.0276110145,1220846878.6970518
2016,미국계좌,2025-12-31,4000000.0,938846.8307580638,1188642526.7679458
2016,절세계좌,2015-12-31,0.0,0.0,400000000.0
2016,절세계좌,2016-01-31,4000000.0,0.0,394778749.3245277
2016,절세계좌,2016-02-29,4000000.0,0.0,391247626.27210134
2016,절세계좌,2016-03-31,4000000.0,0.0,385549130.5598678
2016,절세계좌,2016-04-30,4000000.0,0.0,377960073.1971209
2016,절세계좌,2016-05-31,4000000.0,0.0,387558853.3616976
2016,절세계좌,2016-06-30,4000000.0,0.0,373019448.27044386
2016,절세계좌,2016-07-31,4000000.0,0.0,376582356.73234147
2016,절세계좌,2016-08-31,4000000.0,0.0,376157456.1905665
2016,절세계좌,2016-09-30,4000000.0,0.0,373883720.9203265
2016,절세계좌,2016-10-31,4000000.0,0.0,379408201.9566285
2016,절세계좌,2016-11-30,4000000.0,6304.242054589048,387203171.47862655
2016,절세계좌,2016-12-31,4000000.0,8342.001418124199,396856781.18103445
2016,절세계좌,2017-01-31,4000000.0,42824.05979575334,394687727.3082253
2016,절세계좌,2017-02-28,4000000.0,22297.71615972335,399962041.72951096
2016,절세계좌,2017-03-31,4000000.0,42104.82901968346,399801967.7209634
2016,절세계좌,2017-04-30,4000000.0,0.0,413875101.9417984
2016,절세계좌,2017-05-31,4000000.0,42475.3652095096,419378290.9355587
2016,절세계좌,2017-06-30,4000000.0,93575.65034976619,414407445.7534511
2016,절세계좌,2017-07-31,4000000.0,61104.79687666298,418923514.74104357
2016,절세계좌,2017-08-31,4000000.0,61123.74206863156,423739796.83161247
2016,절세계좌,2017-09-30,4000000.0,83352.20828437344,426012862.6812475
2016,절세계좌,2017-10-31,4000000.0,71004.69159303505,431077928.2194308
2016,절세계좌,2017-11-30,3999999.9999999995,133673.5027790291,423273303.52877206
2016,절세계좌,2017-12-31,4000000.0,127912.19261165173,414879703.91613036
2016,절세계좌,2018-01-31,4000000.0,158556.09863941613,447437277.98517877
2016,절세계좌,2018-02-28,4000000.0,158453.3962466736,443195061.9936482
2016,절세계좌,2018-03-31,4000000.0,124023.17986248023,412692910.7468605
2016,절세계좌,2018-04-30,4000000.0,131237.3161025869,413808038.7513411
2016,절세계좌,2018-05-31,4000000.0,101985.06357860545,437958383.9676204
2016,절세계좌,2018-06-30,4000000.0,15056.15821156573,451680822.0855846
2016,절세계좌,2018-07-31,4000000.0,70204.88668984579,460642367.8065492
2016,절세계좌,2018-08-31,4000000.0,46894.61418922158,484865788.55513036
2016,절세계좌,2018-09-30,4000000.0,245360.11010102835,476335965.5264391
2016,절세계좌,2018-10-31,4000000.0,197870.15435282906,443363645.8271179
2016,절세계좌,2018-11-30,3999999.9999999995,186204.62706904148,429409167.9444068
2016,절세계좌,2018-12-31,4000000.0,133811.67667767403,386065847.51200265
2016,절세계좌,2019-01-31,4000000.0,180691.26606328768,416283057.60829324
2016,절세계좌,2019-02-28,4000000.0,202149.56206244984,429480256.2933307
2016,절세계좌,2019-03-31,3999999.9999999995,226872.0309953786,446732025.83352214
2016,절세계좌,2019-04-30,4000000.0,0.0,479244432.4038015
2016,절세계좌,2019-05-31,4000000.0,233942.86268503423,445180234.839182
2016,절세계좌,2019-06-30,4000000.0,197414.2649852788,460320727.4054499
2016,절세계좌,2019-07-31,4000000.0,0.0,478557371.98788816
2016,절세계좌,2019-08-31,4000000.0,221504.1124031154,476589823.74113196
2016,절세계좌,2019-09-30,4000000.0,277013.81200240715,470544947.0416149
2016,절세계좌,2019-10-31,4000000.0,179441.60120450333,475966251.2528795
2016,절세계좌,2019-11-30,4000000.0,305540.7771205009,496211547.93325335
2016,절세계좌,2019-12-31,4000000.0,368934.05116963806,499838437.6345085
2016,절세계좌,2020-01-31,4000000.0,185132.86737869325,526703659.00997585
2016,절세계좌,2020-02-29,3999999.9999999995,162106.61338238406,500447358.62233716
2016,절세계좌,2020-03-31,4000000.0,110479.6158629675,461402690.233596
2016,절세계좌,2020-04-30,4000000.0,0.0,519976737.022202
2016,절세계좌,2020-05-31,4000000.0,108953.63459258301,565227539.524059
2016,절세계좌,2020-06-30,4000000.0,551120.95500818,578667739.5225013
2016,절세계좌,2020-07-31,4000000.0,583268.1189261304,612550083.0698746
2016,절세계좌,2020-08-31,4000000.0,629860.3920829799,671999226.5503674
2016,절세계좌,2020-09-30,4000000.0,320154.1524269408,617377546.5110093
2016,절세계좌,2020-10-31,4000000.0,136012.93876973042,578025194.1719959
2016,절세계좌,2020-11-30,4000000.0,418571.0996948973,622506496.7408334
2016,절세계좌,2020-12-31,4000000.0,478972.17228872696,636923566.248928
2016,절세계좌,2021-01-31,4000000.0,73264.52571248182,653470801.5325696
2016,절세계좌,2021-02-28,4000000.0,257910.2334834375,651263838.834699
2016,절세계좌,2021-03-31,4000000.0,151840.42621881468,660274096.6895803
2016,절세계좌,2021-04-30,4000000.0,206790.57136187353,687965695.5662973
2016,절세계좌,2021-05-31,4000000.0,285991.0174047513,674745485.6586223
2016,절세계좌,2021-06-30,3999999.9999999995,688964.9378460576,722565046.3373917
2016,절세계좌,2021-07-31,4000000.0,707475.627195513,752625992.6556275
2016,절세계좌,2021-08-31,4000000.0,725242.6318923356,784050567.628648
2016,절세계좌,2021-09-30,3999999.9999999995,304399.3258630777,751390425.7003275
2016,절세계좌,2021-10-31,4000000.0,644755.8042816006,799837068.2803799
2016,절세계좌,2021-11-30,4000000.0,571059.4170347183,819923911.3710072
2016,절세계좌,2021-12-31,4000000.0,421879.7941055335,825746602.8021283
2016,절세계좌,2022-01-31,4000000.0,308872.5210099776,760741132.3442526
2016,절세계좌,2022-02-28,3999999.9999999995,302444.0822548162,719678371.4176393
2016,절세계좌,2022-03-31,4000000.0,309350.28736443317,754770796.4541916
2016,절세계좌,2022-04-30,4000000.0,294680.2755808903,671716010.4241548
2016,절세계좌,2022-05-31,4000000.0,290246.17776326207,646798769.3056529
2016,절세계좌,2022-06-30,4000000.0,283711.0402827582,614440835.7887114
2016,절세계좌,2022-07-31,4000000.0,300555.44235300575,687332359.4994878
2016,절세계좌,2022-08-31,3999999.9999999995,297470.87046278577,667626427.0992883
2016,절세계좌,2022-09-30,4000000.0,291272.49618061463,634496789.4224675
2016,절세계좌,2022-10-31,4000000.0,296105.11583283625,652321044.8097644
2016,절세계좌,2022-11-30,3999999.9999999995,292637.8868203718,632115116.619568
2016,절세계좌,2022-12-31,4000000.0,271654.3643815178,546120272.2982148
2016,절세계좌,2023-01-31,4000000.0,283880.2367273698,586423569.3099883
2016,절세계좌,2023-02-28,4000000.0,293781.0525395609,623418327.7953463
2016,절세계좌,2023-03-31,4000000.0,304085.3278472592,668158620.1743364
2016,절세계좌,2023-04-30,3999999.9999999995,308130.6099167908,685070715.5741725
2016,절세계좌,2023-05-31,4000000.0,316225.9871444246,727110520.6752279
2016,절세계좌,2023-06-30,4000000.0,28650.737663158106,764978815.1423277
2016,절세계좌,2023-07-31,4000000.0,294109.04500904743,763716046.004389
2016,절세계좌,2023-08-31,4000000.0,167207.54146841652,776795822.0797058
2016,절세계좌,2023-09-30,4000000.0,322008.28485109436,747192493.8044832
2016,절세계좌,2023-10-31,4000000.0,319870.7949202402,729160438.0891137
2016,절세계좌,2023-11-30,4000000.0,290197.1411554289,767225068.0925996
2016,절세계좌,2023-12-31,4000000.0,585648.6389894289,806144575.9764544
2016,절세계좌,2024-01-31,4000000.0,0.0,844132670.0421499
2016,절세계좌,2024-02-29,4000000.0,476268.83170716173,885113721.5606623
2016,절세계좌,2024-03-31,4000000.0,492970.02005544875,899211333.992691
2016,절세계좌,2024-04-30,4000000.0,342715.1171595838,877778482.9380352
2016,절세계좌,2024-05-31,4000000.0,717044.114449772,929427428.8419011
2016,절세계좌,2024-06-30,4000000.0,807352.4407847242,978412593.0759109
2016,절세계좌,2024-07-31,3999999.9999999995,351424.6195387175,952568672.0128859
2016,절세계좌,2024-08-31,3999999.9999999995,350239.73086085956,935319234.8358818
2016,절세계좌,2024-09-30,4000000.0,351109.3816279877,940358076.5990477
2016,절세계좌,2024-10-31,4000000.0,501970.7713542308,972127068.8777415
2016,절세계좌,2024-11-30,4000000.0,830060.0692469571,1033751379.1339446
2016,절세계좌,2024-12-31,4000000.0,846683.1259457573,1093712529.3322842
2016,절세계좌,2025-01-31,4000000.0,110067.02027933885,1095118136.8772042
2016,절세계좌,2025-02-28,4000000.0,362907.6389873975,1064945413.6391705
2016,절세계좌,2025-03-31,4000000.0,357585.1081607211,990186627.0596867
2016,절세계좌,2025-04-30,4000000.0,355981.09107901494,966458846.6582232
2016,절세계좌,2025-05-31,4000000.0,360454.271591854,1017830642.2315612
2016,절세계좌,2025-06-30,4000000.0,363627.558849225,1056801896.3208103
2016,절세계좌,2025-07-31,4000000.0,138271.73012033675,1111805381.3887715
2016,절세계좌,2025-08-31,4000000.0,412961.2552858519,1112829578.0504107
2016,절세계좌,2025-09-30,4000000.0,875442.6497380266,1180329512.009092
2016,절세계좌,2025-10-31,4000000.0,890262.668203704,1252766291.8024602
2016,절세계좌,2025-11-30,4000000.0,718156.9257993497,1262404942.708336
2016,절세계좌,2025-12-31,4000000.0,375644.63177757803,1229835665.4415398
