단지기본일련번호,면적일련번호,기준년월,KB일반가_만원,면적구분
39203,215405,202312,251667,84
39203,215405,202311,251667,84
39203,215405,202310,251667,84
39203,215405,202309,251667,84
39203,215405,202308,248333,84
39203,215405,202307,238333,84
39203,215405,202412,281667,84
39203,215405,202411,281667,84
39203,215405,202410,281667,84
39203,215405,202409,281667,84
39203,215405,202408,280000,84
39203,215405,202407,273333,84
39203,215405,202406,258333,84
39203,215405,202405,253333,84
39203,215405,202404,253333,84
39203,215405,202403,251667,84
39203,215405,202402,251667,84
39203,215405,202401,251667,84
39203,215405,202512,336667,84
39203,215405,202511,336667,84
39203,215405,202510,335000,84
39203,215405,202509,320000,84
39203,215405,202508,316667,84
39203,215405,202507,316667,84
39203,215405,202506,308333,84
39203,215405,202505,298333,84
39203,215405,202504,298333,84
39203,215405,202503,293333,84
39203,215405,202502,286667,84
39203,215405,202501,283333,84
39203,215405,202607,338333,84
39203,215405,202606,333333,84
39203,215405,202605,330000,84
39203,215405,202604,330000,84
39203,215405,202603,331667,84
39203,215405,202602,340000,84
39203,215405,202601,340000,84
39203,217538,202312,251667,84
39203,217538,202311,251667,84
39203,217538,202310,251667,84
39203,217538,202309,251667,84
39203,217538,202308,248333,84
39203,217538,202307,238333,84
39203,217538,202412,281667,84
39203,217538,202411,281667,84
39203,217538,202410,281667,84
39203,217538,202409,281667,84
39203,217538,202408,280000,84
39203,217538,202407,273333,84
39203,217538,202406,258333,84
39203,217538,202405,253333,84
39203,217538,202404,253333,84
39203,217538,202403,251667,84
39203,217538,202402,251667,84
39203,217538,202401,251667,84
39203,217538,202512,336667,84
39203,217538,202511,336667,84
39203,217538,202510,335000,84
39203,217538,202509,320000,84
39203,217538,202508,316667,84
39203,217538,202507,316667,84
39203,217538,202506,308333,84
39203,217538,202505,298333,84
39203,217538,202504,298333,84
39203,217538,202503,293333,84
39203,217538,202502,286667,84
39203,217538,202501,283333,84
39203,217538,202607,338333,84
39203,217538,202606,333333,84
39203,217538,202605,330000,84
39203,217538,202604,330000,84
39203,217538,202603,331667,84
39203,217538,202602,340000,84
39203,217538,202601,340000,84
39203,219312,202412,281667,84
39203,219312,202411,281667,84
39203,219312,202410,281667,84
39203,219312,202409,281667,84
39203,219312,202408,280000,84
39203,219312,202407,273333,84
39203,219312,202406,258333,84
39203,219312,202405,253333,84
39203,219312,202404,253333,84
39203,219312,202403,251667,84
39203,219312,202402,251667,84
39203,219312,202401,251667,84
39203,219312,202312,251667,84
39203,219312,202311,251667,84
39203,219312,202310,251667,84
39203,219312,202309,251667,84
39203,219312,202308,248333,84
39203,219312,202307,238333,84
39203,219312,202512,336667,84
39203,219312,202511,336667,84
39203,219312,202510,335000,84
39203,219312,202509,320000,84
39203,219312,202508,316667,84
39203,219312,202507,316667,84
39203,219312,202506,308333,84
39203,219312,202505,298333,84
39203,219312,202504,298333,84
39203,219312,202503,293333,84
39203,219312,202502,286667,84
39203,219312,202501,283333,84
39203,219312,202607,338333,84
39203,219312,202606,333333,84
39203,219312,202605,330000,84
39203,219312,202604,330000,84
39203,219312,202603,331667,84
39203,219312,202602,340000,84
39203,219312,202601,340000,84
39203,220764,202412,281667,84
39203,220764,202411,281667,84
39203,220764,202410,281667,84
39203,220764,202409,281667,84
39203,220764,202408,280000,84
39203,220764,202407,273333,84
39203,220764,202406,258333,84
39203,220764,202405,253333,84
39203,220764,202404,253333,84
39203,220764,202403,251667,84
39203,220764,202402,251667,84
39203,220764,202401,251667,84
39203,220764,202512,336667,84
39203,220764,202511,336667,84
39203,220764,202510,335000,84
39203,220764,202509,320000,84
39203,220764,202508,316667,84
39203,220764,202507,316667,84
39203,220764,202506,308333,84
39203,220764,202505,298333,84
39203,220764,202504,298333,84
39203,220764,202503,293333,84
39203,220764,202502,286667,84
39203,220764,202501,283333,84
39203,220764,202312,251667,84
39203,220764,202311,251667,84
39203,220764,202310,251667,84
39203,220764,202309,251667,84
39203,220764,202308,248333,84
39203,220764,202307,238333,84
39203,220764,202607,338333,84
39203,220764,202606,333333,84
39203,220764,202605,330000,84
39203,220764,202604,330000,84
39203,220764,202603,331667,84
39203,220764,202602,340000,84
39203,220764,202601,340000,84
36392,1249105,202112,235000,84
36392,1249105,202111,235000,84
36392,1249105,202110,235000,84
36392,1249105,202109,230000,84
36392,1249105,202108,228333,84
36392,1249105,202107,228333,84
36392,1249105,202212,238333,84
36392,1249105,202211,238333,84
36392,1249105,202210,238333,84
36392,1249105,202209,238333,84
36392,1249105,202208,238333,84
36392,1249105,202207,238333,84
36392,1249105,202206,238333,84
36392,1249105,202205,238333,84
36392,1249105,202204,236667,84
36392,1249105,202203,235000,84
36392,1249105,202202,235000,84
36392,1249105,202201,235000,84
36392,1249105,202312,230333,84
36392,1249105,202311,230333,84
36392,1249105,202310,230333,84
36392,1249105,202309,230333,84
36392,1249105,202308,228667,84
36392,1249105,202307,228333,84
36392,1249105,202306,228333,84
36392,1249105,202305,228333,84
36392,1249105,202304,230000,84
36392,1249105,202303,230000,84
36392,1249105,202302,233333,84
36392,1249105,202301,236667,84
36392,1249105,202412,245000,84
36392,1249105,202411,243333,84
36392,1249105,202410,241667,84
36392,1249105,202409,241667,84
36392,1249105,202408,240000,84
36392,1249105,202407,236667,84
36392,1249105,202406,236667,84
36392,1249105,202405,233333,84
36392,1249105,202404,230333,84
36392,1249105,202403,230333,84
36392,1249105,202402,230333,84
36392,1249105,202401,230333,84
36392,1249105,202607,298333,84
36392,1249105,202606,298333,84
36392,1249105,202605,298333,84
36392,1249105,202604,298333,84
36392,1249105,202603,298333,84
36392,1249105,202602,298333,84
36392,1249105,202601,295000,84
36392,1249105,202512,295000,84
36392,1249105,202511,293333,84
36392,1249105,202510,281667,84
36392,1249105,202509,275000,84
36392,1249105,202508,271667,84
36392,1249105,202507,268333,84
36392,1249105,202506,265000,84
36392,1249105,202505,258333,84
36392,1249105,202504,255000,84
36392,1249105,202503,255000,84
36392,1249105,202502,250000,84
36392,1249105,202501,248333,84
36392,1165914,201112,95000,84
36392,1165914,201111,95000,84
36392,1165914,201110,95000,84
36392,1165914,201109,95000,84
36392,1165914,201108,95000,84
36392,1165914,201107,97500,84
36392,1165914,201106,97500,84
36392,1165914,201105,100000,84
36392,1165914,201104,100000,84
36392,1165914,201103,100000,84
36392,1165914,201102,98500,84
36392,1165914,201101,101000,84
36392,1165914,201012,101000,84
36392,1165914,201011,101000,84
36392,1165914,201010,101000,84
36392,1165914,201009,104000,84
36392,1165914,201008,104000,84
36392,1165914,201007,104000,84
36392,1165914,201006,104000,84
36392,1165914,201005,104000,84
36392,1165914,201004,105000,84
36392,1165914,201003,105000,84
36392,1165914,201002,105000,84
36392,1165914,201001,105000,84
36392,1165914,200812,104500,84
36392,1165914,200811,109500,84
36392,1165914,200810,110000,84
36392,1165914,200809,116500,84
36392,1165914,200808,116500,84
36392,1165914,200807,116500,84
36392,1165914,200806,119000,84
36392,1165914,200805,119000,84
36392,1165914,200804,116500,84
36392,1165914,200803,116500,84
36392,1165914,200802,116500,84
36392,1165914,200801,116500,84
36392,1165914,200912,105000,84
36392,1165914,200911,105000,84
36392,1165914,200910,105000,84
36392,1165914,200909,105000,84
36392,1165914,200908,104000,84
36392,1165914,200907,104000,84
36392,1165914,200906,102000,84
36392,1165914,200905,102000,84
36392,1165914,200904,102000,84
36392,1165914,200903,101000,84
36392,1165914,200902,104500,84
36392,1165914,200901,104500,84
36392,1165914,201412,92500,84
36392,1165914,201411,91500,84
36392,1165914,201410,91500,84
36392,1165914,201409,91500,84
36392,1165914,201408,91000,84
36392,1165914,201407,84500,84
36392,1165914,201406,84500,84
36392,1165914,201405,84500,84
36392,1165914,201404,84500,84
36392,1165914,201403,82500,84
36392,1165914,201402,82000,84
36392,1165914,201401,82000,84
36392,1165914,201512,101000,84
36392,1165914,201511,101000,84
36392,1165914,201510,101000,84
36392,1165914,201509,100000,84
36392,1165914,201508,97500,84
36392,1165914,201507,96500,84
36392,1165914,201506,94000,84
36392,1165914,201505,94000,84
36392,1165914,201504,94000,84
36392,1165914,201503,94000,84
36392,1165914,201502,94000,84
36392,1165914,201501,94000,84
36392,1165914,201212,94000,84
36392,1165914,201211,94000,84
36392,1165914,201210,94000,84
36392,1165914,201209,94000,84
36392,1165914,201208,94000,84
36392,1165914,201207,94000,84
36392,1165914,201206,94000,84
36392,1165914,201205,94000,84
36392,1165914,201204,95000,84
36392,1165914,201203,95000,84
36392,1165914,201202,95000,84
36392,1165914,201201,95000,84
36392,1165914,201312,82000,84
36392,1165914,201311,82000,84
36392,1165914,201310,82000,84
36392,1165914,201309,82000,84
36392,1165914,201308,82000,84
36392,1165914,201307,82000,84
36392,1165914,201306,81500,84
36392,1165914,201305,82500,84
36392,1165914,201304,84000,84
36392,1165914,201303,84000,84
36392,1165914,201302,84000,84
36392,1165914,201301,85000,84
36392,1165914,201712,140000,84
36392,1165914,201711,135000,84
36392,1165914,201710,135000,84
36392,1165914,201709,125000,84
36392,1165914,201708,125000,84
36392,1165914,201707,125000,84
36392,1165914,201706,125000,84
36392,1165914,201705,122500,84
36392,1165914,201704,117500,84
36392,1165914,201703,117500,84
36392,1165914,201702,115000,84
36392,1165914,201701,115000,84
36392,1165914,201912,196500,84
36392,1165914,201911,195000,84
36392,1165914,201910,192500,84
36392,1165914,201909,185000,84
36392,1165914,201908,180000,84
36392,1165914,201907,170000,84
36392,1165914,201906,167500,84
36392,1165914,201905,167500,84
36392,1165914,201904,167500,84
36392,1165914,201903,170000,84
36392,1165914,201902,170000,84
36392,1165914,201901,172500,84
36392,1165914,201612,115000,84
36392,1165914,201611,115000,84
36392,1165914,201610,115000,84
36392,1165914,201609,115000,84
36392,1165914,201608,113500,84
36392,1165914,201607,111500,84
36392,1165914,201606,105000,84
36392,1165914,201605,105000,84
36392,1165914,201604,105000,84
36392,1165914,201603,101000,84
36392,1165914,201602,101000,84
36392,1165914,201601,101000,84
36392,1165914,201812,180000,84
36392,1165914,201811,180000,84
36392,1165914,201810,177500,84
36392,1165914,201809,175000,84
36392,1165914,201808,172500,84
36392,1165914,201807,162500,84
36392,1165914,201806,162500,84
36392,1165914,201805,162500,84
36392,1165914,201804,162500,84
36392,1165914,201803,160000,84
36392,1165914,201802,145000,84
36392,1165914,201801,145000,84
36392,1165914,202012,215000,84
36392,1165914,202011,212500,84
36392,1165914,202010,212500,84
36392,1165914,202009,212500,84
36392,1165914,202008,210000,84
36392,1165914,202007,207500,84
36392,1165914,202006,196500,84
36392,1165914,202005,196500,84
36392,1165914,202004,196500,84
36392,1165914,202003,196500,84
36392,1165914,202002,196500,84
36392,1165914,202001,196500,84
36392,1165914,202212,250000,84
36392,1165914,202211,250000,84
36392,1165914,202210,250000,84
36392,1165914,202209,250000,84
36392,1165914,202208,250000,84
36392,1165914,202207,250000,84
36392,1165914,202206,250000,84
36392,1165914,202205,250000,84
36392,1165914,202204,250000,84
36392,1165914,202203,248333,84
36392,1165914,202202,248333,84
36392,1165914,202201,248333,84
36392,1165914,202112,248333,84
36392,1165914,202111,248333,84
36392,1165914,202110,246667,84
36392,1165914,202109,246667,84
36392,1165914,202108,245000,84
36392,1165914,202107,243333,84
36392,1165914,202106,241667,84
36392,1165914,202105,238333,84
36392,1165914,202104,223333,84
36392,1165914,202103,216667,84
36392,1165914,202102,215000,84
36392,1165914,202101,215000,84
36392,1165914,202312,237333,84
36392,1165914,202311,237333,84
36392,1165914,202310,237000,84
36392,1165914,202309,237000,84
36392,1165914,202308,232000,84
36392,1165914,202307,231667,84
36392,1165914,202306,231667,84
36392,1165914,202305,231667,84
36392,1165914,202304,245000,84
36392,1165914,202303,245000,84
36392,1165914,202302,246667,84
36392,1165914,202301,250000,84
36392,1165914,202412,251667,84
36392,1165914,202411,250000,84
36392,1165914,202410,250000,84
36392,1165914,202409,250000,84
36392,1165914,202408,245000,84
36392,1165914,202407,243667,84
36392,1165914,202406,243667,84
36392,1165914,202405,240333,84
36392,1165914,202404,237333,84
36392,1165914,202403,237333,84
36392,1165914,202402,237333,84
36392,1165914,202401,237333,84
36392,1165914,202607,341667,84
36392,1165914,202606,341667,84
36392,1165914,202605,341667,84
36392,1165914,202604,341667,84
36392,1165914,202603,343333,84
36392,1165914,202602,341667,84
36392,1165914,202601,340000,84
36392,1165914,202512,340000,84
36392,1165914,202511,328333,84
36392,1165914,202510,315000,84
36392,1165914,202509,305000,84
36392,1165914,202508,293333,84
36392,1165914,202507,286667,84
36392,1165914,202506,286667,84
36392,1165914,202505,271667,84
36392,1165914,202504,267667,84
36392,1165914,202503,267667,84
36392,1165914,202502,261667,84
36392,1165914,202501,256667,84
50176,1108641,202512,325000,84
50176,1108641,202511,325000,84
50176,1108641,202510,325000,84
50176,1108641,202509,325000,84
50176,1108641,202508,325000,84
50176,1108641,202507,325000,84
50176,1108641,202506,325000,84
50176,1108641,202505,325000,84
50176,1108641,202504,325000,84
50176,1108641,202607,350000,84
50176,1108641,202606,350000,84
50176,1108641,202605,345000,84
50176,1108641,202604,340000,84
50176,1108641,202603,340000,84
50176,1108641,202602,340000,84
50176,1108641,202601,330000,84
50176,1108630,202512,325000,84
50176,1108630,202511,325000,84
50176,1108630,202510,325000,84
50176,1108630,202509,325000,84
50176,1108630,202508,325000,84
50176,1108630,202507,325000,84
50176,1108630,202506,325000,84
50176,1108630,202505,325000,84
50176,1108630,202504,325000,84
50176,1108630,202607,350000,84
50176,1108630,202606,350000,84
50176,1108630,202605,345000,84
50176,1108630,202604,340000,84
50176,1108630,202603,340000,84
50176,1108630,202602,340000,84
50176,1108630,202601,330000,84
50176,1108631,202607,350000,84
50176,1108631,202606,350000,84
50176,1108631,202605,345000,84
50176,1108631,202604,340000,84
50176,1108631,202603,340000,84
50176,1108631,202602,340000,84
50176,1108631,202601,330000,84
50176,1108631,202512,325000,84
50176,1108631,202511,325000,84
50176,1108631,202510,325000,84
50176,1108631,202509,325000,84
50176,1108631,202508,325000,84
50176,1108631,202507,325000,84
50176,1108631,202506,325000,84
50176,1108631,202505,325000,84
50176,1108631,202504,325000,84
50176,1108632,202607,350000,84
50176,1108632,202606,350000,84
50176,1108632,202605,345000,84
50176,1108632,202604,340000,84
50176,1108632,202603,340000,84
50176,1108632,202602,340000,84
50176,1108632,202601,330000,84
50176,1108632,202512,325000,84
50176,1108632,202511,325000,84
50176,1108632,202510,325000,84
50176,1108632,202509,325000,84
50176,1108632,202508,325000,84
50176,1108632,202507,325000,84
50176,1108632,202506,325000,84
50176,1108632,202505,325000,84
50176,1108632,202504,325000,84
32909,223737,201912,247500,84
32909,223737,201911,241000,84
32909,223737,201910,237500,84
32909,223737,201909,232500,84
32909,223737,201908,230000,84
32909,223737,201907,230000,84
32909,223737,201906,210000,84
32909,223737,201905,212500,84
32909,223737,201904,212500,84
32909,223737,201903,212500,84
32909,223737,201902,207500,84
32909,223737,201901,207500,84
32909,223737,202012,267500,84
32909,223737,202011,267500,84
32909,223737,202010,267500,84
32909,223737,202009,267500,84
32909,223737,202008,267500,84
32909,223737,202007,255000,84
32909,223737,202006,247500,84
32909,223737,202005,247500,84
32909,223737,202004,247500,84
32909,223737,202003,247500,84
32909,223737,202002,247500,84
32909,223737,202001,247500,84
32909,223737,202212,290000,84
32909,223737,202211,290000,84
32909,223737,202210,292500,84
32909,223737,202209,292500,84
32909,223737,202208,292500,84
32909,223737,202207,292500,84
32909,223737,202206,292500,84
32909,223737,202205,292500,84
32909,223737,202204,292500,84
32909,223737,202203,292500,84
32909,223737,202202,292500,84
32909,223737,202201,292500,84
32909,223737,202112,292500,84
32909,223737,202111,292500,84
32909,223737,202110,292500,84
32909,223737,202109,282500,84
32909,223737,202108,277500,84
32909,223737,202107,277500,84
32909,223737,202106,275000,84
32909,223737,202105,275000,84
32909,223737,202104,275000,84
32909,223737,202103,267500,84
32909,223737,202102,267500,84
32909,223737,202101,267500,84
32909,223737,202412,310000,84
32909,223737,202411,310000,84
32909,223737,202410,290000,84
32909,223737,202409,290000,84
32909,223737,202408,280000,84
32909,223737,202407,275000,84
32909,223737,202406,272500,84
32909,223737,202405,270000,84
32909,223737,202404,265000,84
32909,223737,202403,265000,84
32909,223737,202402,265000,84
32909,223737,202401,265000,84
32909,223737,202312,265000,84
32909,223737,202311,265000,84
32909,223737,202310,265000,84
32909,223737,202309,265000,84
32909,223737,202308,265000,84
32909,223737,202307,265000,84
32909,223737,202306,262500,84
32909,223737,202305,262500,84
32909,223737,202304,262500,84
32909,223737,202303,262500,84
32909,223737,202302,262500,84
32909,223737,202301,280000,84
32909,223737,202512,345000,84
32909,223737,202511,340000,84
32909,223737,202510,340000,84
32909,223737,202509,340000,84
32909,223737,202508,340000,84
32909,223737,202507,335000,84
32909,223737,202506,317500,84
32909,223737,202505,310000,84
32909,223737,202504,310000,84
32909,223737,202503,310000,84
32909,223737,202502,310000,84
32909,223737,202501,310000,84
32909,223737,202607,337500,84
32909,223737,202606,337500,84
32909,223737,202605,330000,84
32909,223737,202604,345000,84
32909,223737,202603,345000,84
32909,223737,202602,345000,84
32909,223737,202601,345000,84
32909,144121,201912,247500,84
32909,144121,201911,241000,84
32909,144121,201910,237500,84
32909,144121,201909,232500,84
32909,144121,201908,230000,84
32909,144121,201907,230000,84
32909,144121,201906,210000,84
32909,144121,201905,212500,84
32909,144121,201904,212500,84
32909,144121,201903,212500,84
32909,144121,201902,207500,84
32909,144121,201901,207500,84
32909,144121,202012,267500,84
32909,144121,202011,267500,84
32909,144121,202010,267500,84
32909,144121,202009,267500,84
32909,144121,202008,267500,84
32909,144121,202007,255000,84
32909,144121,202006,247500,84
32909,144121,202005,247500,84
32909,144121,202004,247500,84
32909,144121,202003,247500,84
32909,144121,202002,247500,84
32909,144121,202001,247500,84
32909,144121,202112,292500,84
32909,144121,202111,292500,84
32909,144121,202110,292500,84
32909,144121,202109,282500,84
32909,144121,202108,277500,84
32909,144121,202107,277500,84
32909,144121,202106,275000,84
32909,144121,202105,275000,84
32909,144121,202104,275000,84
32909,144121,202103,267500,84
32909,144121,202102,267500,84
32909,144121,202101,267500,84
32909,144121,202312,265000,84
32909,144121,202311,265000,84
32909,144121,202310,265000,84
32909,144121,202309,265000,84
32909,144121,202308,265000,84
32909,144121,202307,265000,84
32909,144121,202306,262500,84
32909,144121,202305,262500,84
32909,144121,202304,262500,84
32909,144121,202303,262500,84
32909,144121,202302,262500,84
32909,144121,202301,280000,84
32909,144121,202212,290000,84
32909,144121,202211,290000,84
32909,144121,202210,292500,84
32909,144121,202209,292500,84
32909,144121,202208,292500,84
32909,144121,202207,292500,84
32909,144121,202206,292500,84
32909,144121,202205,292500,84
32909,144121,202204,292500,84
32909,144121,202203,292500,84
32909,144121,202202,292500,84
32909,144121,202201,292500,84
32909,144121,202412,310000,84
32909,144121,202411,310000,84
32909,144121,202410,290000,84
32909,144121,202409,290000,84
32909,144121,202408,280000,84
32909,144121,202407,275000,84
32909,144121,202406,272500,84
32909,144121,202405,270000,84
32909,144121,202404,265000,84
32909,144121,202403,265000,84
32909,144121,202402,265000,84
32909,144121,202401,265000,84
32909,144121,202512,345000,84
32909,144121,202511,340000,84
32909,144121,202510,340000,84
32909,144121,202509,340000,84
32909,144121,202508,340000,84
32909,144121,202507,335000,84
32909,144121,202506,317500,84
32909,144121,202505,310000,84
32909,144121,202504,310000,84
32909,144121,202503,310000,84
32909,144121,202502,310000,84
32909,144121,202501,310000,84
32909,144121,202607,337500,84
32909,144121,202606,337500,84
32909,144121,202605,330000,84
32909,144121,202604,345000,84
32909,144121,202603,345000,84
32909,144121,202602,345000,84
32909,144121,202601,345000,84
32909,224484,201912,247500,84
32909,224484,201911,241000,84
32909,224484,201910,237500,84
32909,224484,201909,232500,84
32909,224484,201908,230000,84
32909,224484,201907,230000,84
32909,224484,201906,210000,84
32909,224484,201905,212500,84
32909,224484,201904,212500,84
32909,224484,201903,212500,84
32909,224484,201902,207500,84
32909,224484,201901,207500,84
32909,224484,202012,267500,84
32909,224484,202011,267500,84
32909,224484,202010,267500,84
32909,224484,202009,267500,84
32909,224484,202008,267500,84
32909,224484,202007,255000,84
32909,224484,202006,247500,84
32909,224484,202005,247500,84
32909,224484,202004,247500,84
32909,224484,202003,247500,84
32909,224484,202002,247500,84
32909,224484,202001,247500,84
32909,224484,202112,292500,84
32909,224484,202111,292500,84
32909,224484,202110,292500,84
32909,224484,202109,282500,84
32909,224484,202108,277500,84
32909,224484,202107,277500,84
32909,224484,202106,275000,84
32909,224484,202105,275000,84
32909,224484,202104,275000,84
32909,224484,202103,267500,84
32909,224484,202102,267500,84
32909,224484,202101,267500,84
32909,224484,202212,290000,84
32909,224484,202211,290000,84
32909,224484,202210,292500,84
32909,224484,202209,292500,84
32909,224484,202208,292500,84
32909,224484,202207,292500,84
32909,224484,202206,292500,84
32909,224484,202205,292500,84
32909,224484,202204,292500,84
32909,224484,202203,292500,84
32909,224484,202202,292500,84
32909,224484,202201,292500,84
32909,224484,202312,265000,84
32909,224484,202311,265000,84
32909,224484,202310,265000,84
32909,224484,202309,265000,84
32909,224484,202308,265000,84
32909,224484,202307,265000,84
32909,224484,202306,262500,84
32909,224484,202305,262500,84
32909,224484,202304,262500,84
32909,224484,202303,262500,84
32909,224484,202302,262500,84
32909,224484,202301,280000,84
32909,224484,202412,310000,84
32909,224484,202411,310000,84
32909,224484,202410,290000,84
32909,224484,202409,290000,84
32909,224484,202408,280000,84
32909,224484,202407,275000,84
32909,224484,202406,272500,84
32909,224484,202405,270000,84
32909,224484,202404,265000,84
32909,224484,202403,265000,84
32909,224484,202402,265000,84
32909,224484,202401,265000,84
32909,224484,202607,337500,84
32909,224484,202606,337500,84
32909,224484,202605,330000,84
32909,224484,202604,345000,84
32909,224484,202603,345000,84
32909,224484,202602,345000,84
32909,224484,202601,345000,84
32909,224484,202512,345000,84
32909,224484,202511,340000,84
32909,224484,202510,340000,84
32909,224484,202509,340000,84
32909,224484,202508,340000,84
32909,224484,202507,335000,84
32909,224484,202506,317500,84
32909,224484,202505,310000,84
32909,224484,202504,310000,84
32909,224484,202503,310000,84
32909,224484,202502,310000,84
32909,224484,202501,310000,84
32909,225112,201912,247500,84
32909,225112,201911,241000,84
32909,225112,201910,237500,84
32909,225112,201909,232500,84
32909,225112,201908,230000,84
32909,225112,201907,230000,84
32909,225112,201906,210000,84
32909,225112,201905,212500,84
32909,225112,201904,212500,84
32909,225112,201903,212500,84
32909,225112,201902,207500,84
32909,225112,201901,207500,84
32909,225112,202112,292500,84
32909,225112,202111,292500,84
32909,225112,202110,292500,84
32909,225112,202109,282500,84
32909,225112,202108,277500,84
32909,225112,202107,277500,84
32909,225112,202106,275000,84
32909,225112,202105,275000,84
32909,225112,202104,275000,84
32909,225112,202103,267500,84
32909,225112,202102,267500,84
32909,225112,202101,267500,84
32909,225112,202012,267500,84
32909,225112,202011,267500,84
32909,225112,202010,267500,84
32909,225112,202009,267500,84
32909,225112,202008,267500,84
32909,225112,202007,255000,84
32909,225112,202006,247500,84
32909,225112,202005,247500,84
32909,225112,202004,247500,84
32909,225112,202003,247500,84
32909,225112,202002,247500,84
32909,225112,202001,247500,84
32909,225112,202212,290000,84
32909,225112,202211,290000,84
32909,225112,202210,292500,84
32909,225112,202209,292500,84
32909,225112,202208,292500,84
32909,225112,202207,292500,84
32909,225112,202206,292500,84
32909,225112,202205,292500,84
32909,225112,202204,292500,84
32909,225112,202203,292500,84
32909,225112,202202,292500,84
32909,225112,202201,292500,84
32909,225112,202312,265000,84
32909,225112,202311,265000,84
32909,225112,202310,265000,84
32909,225112,202309,265000,84
32909,225112,202308,265000,84
32909,225112,202307,265000,84
32909,225112,202306,262500,84
32909,225112,202305,262500,84
32909,225112,202304,262500,84
32909,225112,202303,262500,84
32909,225112,202302,262500,84
32909,225112,202301,280000,84
32909,225112,202512,345000,84
32909,225112,202511,340000,84
32909,225112,202510,340000,84
32909,225112,202509,340000,84
32909,225112,202508,340000,84
32909,225112,202507,335000,84
32909,225112,202506,317500,84
32909,225112,202505,310000,84
32909,225112,202504,310000,84
32909,225112,202503,310000,84
32909,225112,202502,310000,84
32909,225112,202501,310000,84
32909,225112,202607,337500,84
32909,225112,202606,337500,84
32909,225112,202605,330000,84
32909,225112,202604,345000,84
32909,225112,202603,345000,84
32909,225112,202602,345000,84
32909,225112,202601,345000,84
32909,225112,202412,310000,84
32909,225112,202411,310000,84
32909,225112,202410,290000,84
32909,225112,202409,290000,84
32909,225112,202408,280000,84
32909,225112,202407,275000,84
32909,225112,202406,272500,84
32909,225112,202405,270000,84
32909,225112,202404,265000,84
32909,225112,202403,265000,84
32909,225112,202402,265000,84
32909,225112,202401,265000,84
32909,164817,201912,247500,84
32909,164817,201911,241000,84
32909,164817,201910,237500,84
32909,164817,201909,232500,84
32909,164817,201908,230000,84
32909,164817,201907,230000,84
32909,164817,201906,210000,84
32909,164817,201905,212500,84
32909,164817,201904,212500,84
32909,164817,201903,212500,84
32909,164817,201902,207500,84
32909,164817,201901,207500,84
32909,164817,202012,267500,84
32909,164817,202011,267500,84
32909,164817,202010,267500,84
32909,164817,202009,267500,84
32909,164817,202008,267500,84
32909,164817,202007,255000,84
32909,164817,202006,247500,84
32909,164817,202005,247500,84
32909,164817,202004,247500,84
32909,164817,202003,247500,84
32909,164817,202002,247500,84
32909,164817,202001,247500,84
32909,164817,202112,292500,84
32909,164817,202111,292500,84
32909,164817,202110,292500,84
32909,164817,202109,282500,84
32909,164817,202108,277500,84
32909,164817,202107,277500,84
32909,164817,202106,275000,84
32909,164817,202105,275000,84
32909,164817,202104,275000,84
32909,164817,202103,267500,84
32909,164817,202102,267500,84
32909,164817,202101,267500,84
32909,164817,202212,290000,84
32909,164817,202211,290000,84
32909,164817,202210,292500,84
32909,164817,202209,292500,84
32909,164817,202208,292500,84
32909,164817,202207,292500,84
32909,164817,202206,292500,84
32909,164817,202205,292500,84
32909,164817,202204,292500,84
32909,164817,202203,292500,84
32909,164817,202202,292500,84
32909,164817,202201,292500,84
32909,164817,202412,310000,84
32909,164817,202411,310000,84
32909,164817,202410,290000,84
32909,164817,202409,290000,84
32909,164817,202408,280000,84
32909,164817,202407,275000,84
32909,164817,202406,272500,84
32909,164817,202405,270000,84
32909,164817,202404,265000,84
32909,164817,202403,265000,84
32909,164817,202402,265000,84
32909,164817,202401,265000,84
32909,164817,202312,265000,84
32909,164817,202311,265000,84
32909,164817,202310,265000,84
32909,164817,202309,265000,84
32909,164817,202308,265000,84
32909,164817,202307,265000,84
32909,164817,202306,262500,84
32909,164817,202305,262500,84
32909,164817,202304,262500,84
32909,164817,202303,262500,84
32909,164817,202302,262500,84
32909,164817,202301,280000,84
32909,164817,202512,345000,84
32909,164817,202511,340000,84
32909,164817,202510,340000,84
32909,164817,202509,340000,84
32909,164817,202508,340000,84
32909,164817,202507,335000,84
32909,164817,202506,317500,84
32909,164817,202505,310000,84
32909,164817,202504,310000,84
32909,164817,202503,310000,84
32909,164817,202502,310000,84
32909,164817,202501,310000,84
32909,164817,202607,337500,84
32909,164817,202606,337500,84
32909,164817,202605,330000,84
32909,164817,202604,345000,84
32909,164817,202603,345000,84
32909,164817,202602,345000,84
32909,164817,202601,345000,84
32909,179797,201912,245000,84
32909,179797,201911,238500,84
32909,179797,201910,235000,84
32909,179797,201909,227500,84
32909,179797,201908,225000,84
32909,179797,201907,225000,84
32909,179797,201906,207500,84
32909,179797,201905,210000,84
32909,179797,201904,210000,84
32909,179797,201903,210000,84
32909,179797,201902,205000,84
32909,179797,201901,205000,84
32909,179797,202012,267500,84
32909,179797,202011,267500,84
32909,179797,202010,267500,84
32909,179797,202009,267500,84
32909,179797,202008,267500,84
32909,179797,202007,255000,84
32909,179797,202006,247500,84
32909,179797,202005,247500,84
32909,179797,202004,247500,84
32909,179797,202003,247500,84
32909,179797,202002,247500,84
32909,179797,202001,245000,84
32909,179797,202112,292500,84
32909,179797,202111,292500,84
32909,179797,202110,292500,84
32909,179797,202109,282500,84
32909,179797,202108,277500,84
32909,179797,202107,277500,84
32909,179797,202106,275000,84
32909,179797,202105,275000,84
32909,179797,202104,275000,84
32909,179797,202103,267500,84
32909,179797,202102,267500,84
32909,179797,202101,267500,84
32909,179797,202312,265000,84
32909,179797,202311,265000,84
32909,179797,202310,265000,84
32909,179797,202309,265000,84
32909,179797,202308,265000,84
32909,179797,202307,265000,84
32909,179797,202306,262500,84
32909,179797,202305,262500,84
32909,179797,202304,262500,84
32909,179797,202303,262500,84
32909,179797,202302,262500,84
32909,179797,202301,280000,84
32909,179797,202212,290000,84
32909,179797,202211,295000,84
32909,179797,202210,297500,84
32909,179797,202209,297500,84
32909,179797,202208,297500,84
32909,179797,202207,297500,84
32909,179797,202206,297500,84
32909,179797,202205,297500,84
32909,179797,202204,297500,84
32909,179797,202203,297500,84
32909,179797,202202,292500,84
32909,179797,202201,292500,84
32909,179797,202412,310000,84
32909,179797,202411,310000,84
32909,179797,202410,290000,84
32909,179797,202409,290000,84
32909,179797,202408,280000,84
32909,179797,202407,275000,84
32909,179797,202406,272500,84
32909,179797,202405,270000,84
32909,179797,202404,265000,84
32909,179797,202403,265000,84
32909,179797,202402,265000,84
32909,179797,202401,265000,84
32909,179797,202512,340000,84
32909,179797,202511,340000,84
32909,179797,202510,340000,84
32909,179797,202509,340000,84
32909,179797,202508,340000,84
32909,179797,202507,335000,84
32909,179797,202506,317500,84
32909,179797,202505,310000,84
32909,179797,202504,310000,84
32909,179797,202503,310000,84
32909,179797,202502,310000,84
32909,179797,202501,310000,84
32909,179797,202607,335000,84
32909,179797,202606,335000,84
32909,179797,202605,325000,84
32909,179797,202604,340000,84
32909,179797,202603,340000,84
32909,179797,202602,340000,84
32909,179797,202601,340000,84
32909,226874,202012,280000,84
32909,226874,202011,280000,84
32909,226874,202010,280000,84
32909,226874,202009,280000,84
32909,226874,202008,280000,84
32909,226874,202007,265000,84
32909,226874,202006,260000,84
32909,226874,202005,257500,84
32909,226874,202004,257500,84
32909,226874,202003,257500,84
32909,226874,202002,257500,84
32909,226874,202001,255000,84
32909,226874,201912,255000,84
32909,226874,201911,251000,84
32909,226874,201910,247500,84
32909,226874,201909,240000,84
32909,226874,201908,235000,84
32909,226874,201907,235000,84
32909,226874,201906,212500,84
32909,226874,201905,215000,84
32909,226874,201904,215000,84
32909,226874,201903,215000,84
32909,226874,201902,210000,84
32909,226874,201901,210000,84
32909,226874,202112,312500,84
32909,226874,202111,312500,84
32909,226874,202110,312500,84
32909,226874,202109,294000,84
32909,226874,202108,290000,84
32909,226874,202107,290000,84
32909,226874,202106,290000,84
32909,226874,202105,290000,84
32909,226874,202104,290000,84
32909,226874,202103,285000,84
32909,226874,202102,285000,84
32909,226874,202101,285000,84
32909,226874,202212,315000,84
32909,226874,202211,317500,84
32909,226874,202210,317500,84
32909,226874,202209,317500,84
32909,226874,202208,317500,84
32909,226874,202207,317500,84
32909,226874,202206,317500,84
32909,226874,202205,317500,84
32909,226874,202204,317500,84
32909,226874,202203,317500,84
32909,226874,202202,317500,84
32909,226874,202201,312500,84
32909,226874,202312,292500,84
32909,226874,202311,292500,84
32909,226874,202310,292500,84
32909,226874,202309,292500,84
32909,226874,202308,292500,84
32909,226874,202307,292500,84
32909,226874,202306,292500,84
32909,226874,202305,292500,84
32909,226874,202304,292500,84
32909,226874,202303,292500,84
32909,226874,202302,292500,84
32909,226874,202301,315000,84
32909,226874,202412,330000,84
32909,226874,202411,330000,84
32909,226874,202410,315000,84
32909,226874,202409,315000,84
32909,226874,202408,302500,84
32909,226874,202407,297500,84
32909,226874,202406,292500,84
32909,226874,202405,292500,84
32909,226874,202404,292500,84
32909,226874,202403,292500,84
32909,226874,202402,292500,84
32909,226874,202401,292500,84
32909,226874,202512,355000,84
32909,226874,202511,355000,84
32909,226874,202510,355000,84
32909,226874,202509,355000,84
32909,226874,202508,355000,84
32909,226874,202507,355000,84
32909,226874,202506,330000,84
32909,226874,202505,330000,84
32909,226874,202504,330000,84
32909,226874,202503,330000,84
32909,226874,202502,330000,84
32909,226874,202501,330000,84
32909,226874,202607,352500,84
32909,226874,202606,352500,84
32909,226874,202605,352500,84
32909,226874,202604,355000,84
32909,226874,202603,355000,84
32909,226874,202602,355000,84
32909,226874,202601,355000,84
189,49533,201012,94000,84
189,49533,201011,94000,84
189,49533,201010,94000,84
189,49533,201009,94000,84
189,49533,201008,96500,84
189,49533,201007,97500,84
189,49533,201006,97500,84
189,49533,201005,98000,84
189,49533,201004,98000,84
189,49533,201003,98000,84
189,49533,201002,98000,84
189,49533,201001,97500,84
189,49533,200812,94000,84
189,49533,200811,96500,84
189,49533,200810,99000,84
189,49533,200809,101000,84
189,49533,200808,103500,84
189,49533,200807,104000,84
189,49533,200806,104000,84
189,49533,200805,104000,84
189,49533,200804,104000,84
189,49533,200803,104000,84
189,49533,200802,104000,84
189,49533,200801,104000,84
189,49533,200912,97500,84
189,49533,200911,96500,84
189,49533,200910,96000,84
189,49533,200909,95500,84
189,49533,200908,95500,84
189,49533,200907,94500,84
189,49533,200906,94500,84
189,49533,200905,92500,84
189,49533,200904,92500,84
189,49533,200903,92500,84
189,49533,200902,92500,84
189,49533,200901,94000,84
189,49533,201112,96500,84
189,49533,201111,96500,84
189,49533,201110,96500,84
189,49533,201109,96500,84
189,49533,201108,96500,84
189,49533,201107,96500,84
189,49533,201106,95000,84
189,49533,201105,94500,84
189,49533,201104,94500,84
189,49533,201103,94500,84
189,49533,201102,94500,84
189,49533,201101,94000,84
189,49533,201312,85500,84
189,49533,201311,85000,84
189,49533,201310,85000,84
189,49533,201309,85000,84
189,49533,201308,85000,84
189,49533,201307,85000,84
189,49533,201306,85000,84
189,49533,201305,85000,84
189,49533,201304,85000,84
189,49533,201303,84000,84
189,49533,201302,84000,84
189,49533,201301,84000,84
189,49533,201512,103000,84
189,49533,201511,103000,84
189,49533,201510,101500,84
189,49533,201509,98000,84
189,49533,201508,98000,84
189,49533,201507,95500,84
189,49533,201506,94000,84
189,49533,201505,94000,84
189,49533,201504,94000,84
189,49533,201503,93500,84
189,49533,201502,93000,84
189,49533,201501,93000,84
189,49533,201612,114000,84
189,49533,201611,114000,84
189,49533,201610,113500,84
189,49533,201609,109000,84
189,49533,201608,106000,84
189,49533,201607,106000,84
189,49533,201606,103000,84
189,49533,201605,103000,84
189,49533,201604,103000,84
189,49533,201603,103000,84
189,49533,201602,103000,84
189,49533,201601,103000,84
189,49533,201712,135000,84
189,49533,201711,125000,84
189,49533,201710,125000,84
189,49533,201709,125000,84
189,49533,201708,125000,84
189,49533,201707,125000,84
189,49533,201706,114000,84
189,49533,201705,114000,84
189,49533,201704,114000,84
189,49533,201703,114000,84
189,49533,201702,114000,84
189,49533,201701,114000,84
189,49533,201812,181500,84
189,49533,201811,181500,84
189,49533,201810,181500,84
189,49533,201809,170000,84
189,49533,201808,165000,84
189,49533,201807,159000,84
189,49533,201806,159000,84
189,49533,201805,157500,84
189,49533,201804,157500,84
189,49533,201803,157500,84
189,49533,201802,147500,84
189,49533,201801,139000,84
189,49533,201912,197500,84
189,49533,201911,191000,84
189,49533,201910,187500,84
189,49533,201909,183500,84
189,49533,201908,183500,84
189,49533,201907,181000,84
189,49533,201906,177500,84
189,49533,201905,177500,84
189,49533,201904,177500,84
189,49533,201903,177500,84
189,49533,201902,181500,84
189,49533,201901,181500,84
189,49533,202012,225000,84
189,49533,202011,217500,84
189,49533,202010,215000,84
189,49533,202009,215000,84
189,49533,202008,215000,84
189,49533,202007,215000,84
189,49533,202006,207500,84
189,49533,202005,205000,84
189,49533,202004,205000,84
189,49533,202003,205000,84
189,49533,202002,202500,84
189,49533,202001,197500,84
189,49533,202112,245000,84
189,49533,202111,235000,84
189,49533,202110,231000,84
189,49533,202109,231000,84
189,49533,202108,229000,84
189,49533,202107,229000,84
189,49533,202106,229000,84
189,49533,202105,226500,84
189,49533,202104,226500,84
189,49533,202103,226000,84
189,49533,202102,225000,84
189,49533,202101,225000,84
189,49533,201212,84000,84
189,49533,201211,84000,84
189,49533,201210,84500,84
189,49533,201209,87500,84
189,49533,201208,88500,84
189,49533,201207,92500,84
189,49533,201206,95000,84
189,49533,201205,96000,84
189,49533,201204,96000,84
189,49533,201203,96000,84
189,49533,201202,96000,84
189,49533,201201,96500,84
189,49533,202312,225000,84
189,49533,202311,225000,84
189,49533,202310,225000,84
189,49533,202309,225000,84
189,49533,202308,225000,84
189,49533,202307,225000,84
189,49533,202306,225000,84
189,49533,202305,225000,84
189,49533,202304,225000,84
189,49533,202303,236500,84
189,49533,202302,246500,84
189,49533,202301,246500,84
189,49533,201412,93000,84
189,49533,201411,92500,84
189,49533,201410,92000,84
189,49533,201409,91000,84
189,49533,201408,90000,84
189,49533,201407,88500,84
189,49533,201406,88500,84
189,49533,201405,88500,84
189,49533,201404,88500,84
189,49533,201403,88500,84
189,49533,201402,88500,84
189,49533,201401,86500,84
189,49533,202212,246500,84
189,49533,202211,246500,84
189,49533,202210,246500,84
189,49533,202209,246500,84
189,49533,202208,246500,84
189,49533,202207,246500,84
189,49533,202206,246500,84
189,49533,202205,246500,84
189,49533,202204,245000,84
189,49533,202203,245000,84
189,49533,202202,245000,84
189,49533,202201,245000,84
189,49533,202512,340000,84
189,49533,202511,340000,84
189,49533,202510,337500,84
189,49533,202509,325000,84
189,49533,202508,315000,84
189,49533,202507,315000,84
189,49533,202506,300000,84
189,49533,202505,287500,84
189,49533,202504,275000,84
189,49533,202503,270000,84
189,49533,202502,246500,84
189,49533,202501,246500,84
189,49533,202412,246500,84
189,49533,202411,246500,84
189,49533,202410,246500,84
189,49533,202409,246500,84
189,49533,202408,246500,84
189,49533,202407,245000,84
189,49533,202406,240000,84
189,49533,202405,240000,84
189,49533,202404,230000,84
189,49533,202403,225000,84
189,49533,202402,225000,84
189,49533,202401,225000,84
189,49533,202607,340000,84
189,49533,202606,340000,84
189,49533,202605,340000,84
189,49533,202604,340000,84
189,49533,202603,340000,84
189,49533,202602,340000,84
189,49533,202601,340000,84
161,93456,201012,108000,84
161,93456,201011,108000,84
161,93456,201010,108000,84
161,93456,201009,108000,84
161,93456,201008,108000,84
161,93456,201007,108000,84
161,93456,201006,108000,84
161,93456,201005,108000,84
161,93456,201004,108000,84
161,93456,201003,108000,84
161,93456,201002,105500,84
161,93456,201001,105000,84
161,93456,201112,102500,84
161,93456,201111,107000,84
161,93456,201110,107000,84
161,93456,201109,107000,84
161,93456,201108,107000,84
161,93456,201107,107000,84
161,93456,201106,108000,84
161,93456,201105,108000,84
161,93456,201104,108000,84
161,93456,201103,108000,84
161,93456,201102,108000,84
161,93456,201101,108000,84
161,93456,200812,103500,84
161,93456,200811,103500,84
161,93456,200810,105000,84
161,93456,200809,107500,84
161,93456,200808,107500,84
161,93456,200807,107500,84
161,93456,200806,107500,84
161,93456,200805,107500,84
161,93456,200804,107500,84
161,93456,200803,107500,84
161,93456,200802,107500,84
161,93456,200801,107500,84
161,93456,201312,88000,84
161,93456,201311,88000,84
161,93456,201310,88000,84
161,93456,201309,88000,84
161,93456,201308,88000,84
161,93456,201307,88000,84
161,93456,201306,89500,84
161,93456,201305,89500,84
161,93456,201304,89500,84
161,93456,201303,90000,84
161,93456,201302,91000,84
161,93456,201301,91000,84
161,93456,201212,93500,84
161,93456,201211,93500,84
161,93456,201210,93500,84
161,93456,201209,94500,84
161,93456,201208,95500,84
161,93456,201207,100000,84
161,93456,201206,100000,84
161,93456,201205,100250,84
161,93456,201204,100250,84
161,93456,201203,101000,84
161,93456,201202,101500,84
161,93456,201201,102500,84
161,93456,200912,105000,84
161,93456,200911,105000,84
161,93456,200910,105000,84
161,93456,200909,105000,84
161,93456,200908,103500,84
161,93456,200907,103500,84
161,93456,200906,103500,84
161,93456,200905,103500,84
161,93456,200904,103500,84
161,93456,200903,103500,84
161,93456,200902,103500,84
161,93456,200901,103500,84
161,93456,201412,93000,84
161,93456,201411,93000,84
161,93456,201410,93000,84
161,93456,201409,93000,84
161,93456,201408,91750,84
161,93456,201407,90250,84
161,93456,201406,88000,84
161,93456,201405,88000,84
161,93456,201404,88000,84
161,93456,201403,88000,84
161,93456,201402,88000,84
161,93456,201401,88000,84
161,93456,201612,124000,84
161,93456,201611,120500,84
161,93456,201610,120500,84
161,93456,201609,119000,84
161,93456,201608,118500,84
161,93456,201607,116500,84
161,93456,201606,116000,84
161,93456,201605,114000,84
161,93456,201604,112500,84
161,93456,201603,110000,84
161,93456,201602,110000,84
161,93456,201601,109000,84
161,93456,201712,147500,84
161,93456,201711,143500,84
161,93456,201710,141500,84
161,93456,201709,139000,84
161,93456,201708,135000,84
161,93456,201707,135000,84
161,93456,201706,129500,84
161,93456,201705,128500,84
161,93456,201704,126500,84
161,93456,201703,126500,84
161,93456,201702,126500,84
161,93456,201701,124000,84
161,93456,201812,160000,84
161,93456,201811,160000,84
161,93456,201810,160000,84
161,93456,201809,160000,84
161,93456,201808,152500,84
161,93456,201807,151000,84
161,93456,201806,151000,84
161,93456,201805,151000,84
161,93456,201804,151000,84
161,93456,201803,151000,84
161,93456,201802,149000,84
161,93456,201801,149000,84
161,93456,201912,191500,84
161,93456,201911,191500,84
161,93456,201910,190000,84
161,93456,201909,184000,84
161,93456,201908,182500,84
161,93456,201907,181500,84
161,93456,201906,164000,84
161,93456,201905,161500,84
161,93456,201904,160000,84
161,93456,201903,160000,84
161,93456,201902,160000,84
161,93456,201901,160000,84
161,93456,202112,252500,84
161,93456,202111,252500,84
161,93456,202110,245000,84
161,93456,202109,245000,84
161,93456,202108,240000,84
161,93456,202107,227500,84
161,93456,202106,227500,84
161,93456,202105,227500,84
161,93456,202104,225000,84
161,93456,202103,220000,84
161,93456,202102,220000,84
161,93456,202101,220000,84
161,93456,202212,270000,84
161,93456,202211,270000,84
161,93456,202210,270000,84
161,93456,202209,270000,84
161,93456,202208,270000,84
161,93456,202207,270000,84
161,93456,202206,270000,84
161,93456,202205,270000,84
161,93456,202204,265000,84
161,93456,202203,265000,84
161,93456,202202,265000,84
161,93456,202201,260000,84
161,93456,202312,262500,84
161,93456,202311,262500,84
161,93456,202310,262500,84
161,93456,202309,262500,84
161,93456,202308,262500,84
161,93456,202307,262500,84
161,93456,202306,262500,84
161,93456,202305,262500,84
161,93456,202304,267500,84
161,93456,202303,267500,84
161,93456,202302,270000,84
161,93456,202301,270000,84
161,93456,202412,272500,84
161,93456,202411,270000,84
161,93456,202410,270000,84
161,93456,202409,270000,84
161,93456,202408,270000,84
161,93456,202407,262500,84
161,93456,202406,262500,84
161,93456,202405,262500,84
161,93456,202404,262500,84
161,93456,202403,262500,84
161,93456,202402,262500,84
161,93456,202401,262500,84
161,93456,202512,350000,84
161,93456,202511,335000,84
161,93456,202510,335000,84
161,93456,202509,300000,84
161,93456,202508,300000,84
161,93456,202507,295000,84
161,93456,202506,295000,84
161,93456,202505,295000,84
161,93456,202504,292500,84
161,93456,202503,292500,84
161,93456,202502,272500,84
161,93456,202501,272500,84
161,93456,202607,350000,84
161,93456,202606,350000,84
161,93456,202605,350000,84
161,93456,202604,350000,84
161,93456,202603,350000,84
161,93456,202602,350000,84
161,93456,202601,350000,84
161,93456,202012,217500,84
161,93456,202011,215000,84
161,93456,202010,204000,84
161,93456,202009,204000,84
161,93456,202008,204000,84
161,93456,202007,204000,84
161,93456,202006,199000,84
161,93456,202005,191500,84
161,93456,202004,191500,84
161,93456,202003,191500,84
161,93456,202002,191500,84
161,93456,202001,191500,84
161,93456,201512,109000,84
161,93456,201511,109000,84
161,93456,201510,109000,84
161,93456,201509,109000,84
161,93456,201508,106500,84
161,93456,201507,104000,84
161,93456,201506,104000,84
161,93456,201505,98500,84
161,93456,201504,96500,84
161,93456,201503,95500,84
161,93456,201502,95000,84
161,93456,201501,94000,84
176,49520,200812,101500,84
176,49520,200811,101500,84
176,49520,200810,103000,84
176,49520,200809,103500,84
176,49520,200808,103500,84
176,49520,200807,105000,84
176,49520,200806,105000,84
176,49520,200805,105000,84
176,49520,200804,105000,84
176,49520,200803,106000,84
176,49520,200802,106000,84
176,49520,200801,106000,84
176,49520,200912,100000,84
176,49520,200911,100750,84
176,49520,200910,100650,84
176,49520,200909,99350,84
176,49520,200908,97600,84
176,49520,200907,97750,84
176,49520,200906,96250,84
176,49520,200905,96100,84
176,49520,200904,96500,84
176,49520,200903,97500,84
176,49520,200902,101000,84
176,49520,200901,101500,84
176,49520,201112,95000,84
176,49520,201111,95500,84
176,49520,201110,95500,84
176,49520,201109,96500,84
176,49520,201108,96500,84
176,49520,201107,96500,84
176,49520,201106,96500,84
176,49520,201105,96500,84
176,49520,201104,97500,84
176,49520,201103,97500,84
176,49520,201102,97500,84
176,49520,201101,97500,84
176,49520,201012,97000,84
176,49520,201011,97000,84
176,49520,201010,97000,84
176,49520,201009,98500,84
176,49520,201008,98500,84
176,49520,201007,98500,84
176,49520,201006,98500,84
176,49520,201005,98500,84
176,49520,201004,100000,84
176,49520,201003,100000,84
176,49520,201002,100000,84
176,49520,201001,100000,84
176,49520,201412,91500,84
176,49520,201411,91500,84
176,49520,201410,91500,84
176,49520,201409,90000,84
176,49520,201408,90000,84
176,49520,201407,89500,84
176,49520,201406,89500,84
176,49520,201405,89500,84
176,49520,201404,89500,84
176,49520,201403,89500,84
176,49520,201402,89500,84
176,49520,201401,89500,84
176,49520,201312,90000,84
176,49520,201311,90000,84
176,49520,201310,90000,84
176,49520,201309,90000,84
176,49520,201308,90000,84
176,49520,201307,90000,84
176,49520,201306,90000,84
176,49520,201305,90000,84
176,49520,201304,89500,84
176,49520,201303,89500,84
176,49520,201302,89500,84
176,49520,201301,90000,84
176,49520,201212,91500,84
176,49520,201211,91500,84
176,49520,201210,93000,84
176,49520,201209,95000,84
176,49520,201208,95000,84
176,49520,201207,95000,84
176,49520,201206,95000,84
176,49520,201205,95000,84
176,49520,201204,95000,84
176,49520,201203,95000,84
176,49520,201202,95000,84
176,49520,201201,95000,84
176,49520,201512,100500,84
176,49520,201511,100500,84
176,49520,201510,100500,84
176,49520,201509,99000,84
176,49520,201508,99000,84
176,49520,201507,99000,84
176,49520,201506,98500,84
176,49520,201505,98500,84
176,49520,201504,94500,84
176,49520,201503,93000,84
176,49520,201502,91500,84
176,49520,201501,91500,84
176,49520,201612,115000,84
176,49520,201611,114500,84
176,49520,201610,112500,84
176,49520,201609,107500,84
176,49520,201608,105500,84
176,49520,201607,102000,84
176,49520,201606,100500,84
176,49520,201605,100500,84
176,49520,201604,100500,84
176,49520,201603,100500,84
176,49520,201602,100500,84
176,49520,201601,100500,84
176,49520,201712,135000,84
176,49520,201711,128000,84
176,49520,201710,122500,84
176,49520,201709,122500,84
176,49520,201708,121000,84
176,49520,201707,120500,84
176,49520,201706,116500,84
176,49520,201705,116500,84
176,49520,201704,116500,84
176,49520,201703,116500,84
176,49520,201702,116500,84
176,49520,201701,116500,84
176,49520,201812,188000,84
176,49520,201811,182500,84
176,49520,201810,177500,84
176,49520,201809,175000,84
176,49520,201808,168000,84
176,49520,201807,165000,84
176,49520,201806,165000,84
176,49520,201805,160000,84
176,49520,201804,160000,84
176,49520,201803,150000,84
176,49520,201802,150000,84
176,49520,201801,145000,84
176,49520,201906,173000,84
176,49520,201905,173000,84
176,49520,201904,175000,84
176,49520,201903,175000,84
176,49520,201902,175000,84
176,49520,201901,188000,84
176,49520,202008,200000,84
176,49520,202007,200000,84
176,49520,202112,255000,84
176,49520,202111,255000,84
176,49520,202212,257500,84
176,49520,202211,257500,84
176,49520,202210,257500,84
176,49520,202209,257500,84
176,49520,202208,257500,84
176,49520,202207,257500,84
176,49520,202206,257500,84
176,49520,202205,257500,84
176,49520,202204,255000,84
176,49520,202203,255000,84
176,49520,202202,255000,84
176,49520,202201,255000,84
176,49520,202412,255000,84
176,49520,202411,255000,84
176,49520,202410,255000,84
176,49520,202409,252500,84
176,49520,202408,242500,84
176,49520,202407,242500,84
176,49520,202406,234000,84
176,49520,202405,230000,84
176,49520,202404,230000,84
176,49520,202403,230000,84
176,49520,202402,230000,84
176,49520,202401,230000,84
176,49520,202512,320000,84
176,49520,202511,320000,84
176,49520,202510,320000,84
176,49520,202509,320000,84
176,49520,202508,315000,84
176,49520,202507,290000,84
176,49520,202506,275000,84
176,49520,202505,267500,84
176,49520,202504,267500,84
176,49520,202503,265000,84
176,49520,202502,255000,84
176,49520,202501,255000,84
176,49520,202312,230000,84
176,49520,202311,230000,84
176,49520,202310,232500,84
176,49520,202309,232500,84
176,49520,202308,235000,84
176,49520,202307,235000,84
176,49520,202306,235000,84
176,49520,202305,235000,84
176,49520,202304,235000,84
176,49520,202303,235000,84
176,49520,202302,257500,84
176,49520,202301,257500,84
176,49520,202607,320000,84
176,49520,202606,320000,84
176,49520,202605,320000,84
176,49520,202604,320000,84
176,49520,202603,320000,84
176,49520,202602,320000,84
176,49520,202601,320000,84
176,93463,200812,102500,84
176,93463,200811,103000,84
176,93463,200810,105000,84
176,93463,200809,106500,84
176,93463,200808,106500,84
176,93463,200807,106500,84
176,93463,200806,106500,84
176,93463,200805,106500,84
176,93463,200804,106500,84
176,93463,200803,109500,84
176,93463,200802,109500,84
176,93463,200801,109500,84
176,93463,201012,97000,84
176,93463,201011,97000,84
176,93463,201010,97000,84
176,93463,201009,99000,84
176,93463,201008,99000,84
176,93463,201007,99000,84
176,93463,201006,99000,84
176,93463,201005,99000,84
176,93463,201004,100000,84
176,93463,201003,100000,84
176,93463,201002,100000,84
176,93463,201001,100000,84
176,93463,201112,95000,84
176,93463,201111,95500,84
176,93463,201110,95500,84
176,93463,201109,96500,84
176,93463,201108,96500,84
176,93463,201107,96500,84
176,93463,201106,96500,84
176,93463,201105,96500,84
176,93463,201104,97500,84
176,93463,201103,97500,84
176,93463,201102,97500,84
176,93463,201101,97500,84
176,93463,200912,100000,84
176,93463,200911,101150,84
176,93463,200910,101000,84
176,93463,200909,100600,84
176,93463,200908,98950,84
176,93463,200907,98950,84
176,93463,200906,97500,84
176,93463,200905,97250,84
176,93463,200904,97650,84
176,93463,200903,98500,84
176,93463,200902,102000,84
176,93463,200901,102500,84
176,93463,201212,91500,84
176,93463,201211,91500,84
176,93463,201210,93000,84
176,93463,201209,95000,84
176,93463,201208,95000,84
176,93463,201207,95000,84
176,93463,201206,95000,84
176,93463,201205,95000,84
176,93463,201204,95000,84
176,93463,201203,95000,84
176,93463,201202,95000,84
176,93463,201201,95000,84
176,93463,201312,90000,84
176,93463,201311,90000,84
176,93463,201310,90000,84
176,93463,201309,90000,84
176,93463,201308,90000,84
176,93463,201307,90000,84
176,93463,201306,90000,84
176,93463,201305,90000,84
176,93463,201304,89500,84
176,93463,201303,89500,84
176,93463,201302,89500,84
176,93463,201301,90000,84
176,93463,201512,101500,84
176,93463,201511,101500,84
176,93463,201510,101500,84
176,93463,201509,99000,84
176,93463,201508,99000,84
176,93463,201507,99000,84
176,93463,201506,98500,84
176,93463,201505,98500,84
176,93463,201504,94500,84
176,93463,201503,93000,84
176,93463,201502,92000,84
176,93463,201501,92000,84
176,93463,201712,135000,84
176,93463,201711,128000,84
176,93463,201710,125000,84
176,93463,201709,125000,84
176,93463,201708,125000,84
176,93463,201707,125000,84
176,93463,201706,118500,84
176,93463,201705,118500,84
176,93463,201704,118500,84
176,93463,201703,118500,84
176,93463,201702,118500,84
176,93463,201701,118500,84
176,93463,201906,175000,84
176,93463,201905,175000,84
176,93463,201904,175000,84
176,93463,201903,175000,84
176,93463,201902,175000,84
176,93463,201901,190000,84
176,93463,201412,92000,84
176,93463,201411,92000,84
176,93463,201410,92000,84
176,93463,201409,90000,84
176,93463,201408,90000,84
176,93463,201407,89500,84
176,93463,201406,89500,84
176,93463,201405,89500,84
176,93463,201404,89500,84
176,93463,201403,89500,84
176,93463,201402,89500,84
176,93463,201401,89500,84
176,93463,201812,190000,84
176,93463,201811,182500,84
176,93463,201810,177500,84
176,93463,201809,175000,84
176,93463,201808,170000,84
176,93463,201807,165000,84
176,93463,201806,165000,84
176,93463,201805,160000,84
176,93463,201804,160000,84
176,93463,201803,150000,84
176,93463,201802,150000,84
176,93463,201801,145000,84
176,93463,202008,200000,84
176,93463,202007,200000,84
176,93463,202112,260000,84
176,93463,202111,260000,84
176,93463,202212,262500,84
176,93463,202211,262500,84
176,93463,202210,262500,84
176,93463,202209,262500,84
176,93463,202208,262500,84
176,93463,202207,262500,84
176,93463,202206,262500,84
176,93463,202205,262500,84
176,93463,202204,260000,84
176,93463,202203,260000,84
176,93463,202202,260000,84
176,93463,202201,260000,84
176,93463,201612,118500,84
176,93463,201611,117500,84
176,93463,201610,115000,84
176,93463,201609,108000,84
176,93463,201608,106500,84
176,93463,201607,103000,84
176,93463,201606,101500,84
176,93463,201605,101500,84
176,93463,201604,101500,84
176,93463,201603,101500,84
176,93463,201602,101500,84
176,93463,201601,101500,84
176,93463,202412,262500,84
176,93463,202411,262500,84
176,93463,202410,262500,84
176,93463,202409,262500,84
176,93463,202408,247500,84
176,93463,202407,247500,84
176,93463,202406,237500,84
176,93463,202405,235000,84
176,93463,202404,235000,84
176,93463,202403,235000,84
176,93463,202402,235000,84
176,93463,202401,235000,84
176,93463,202607,327500,84
176,93463,202606,327500,84
176,93463,202605,327500,84
176,93463,202604,327500,84
176,93463,202603,327500,84
176,93463,202602,327500,84
176,93463,202601,327500,84
176,93463,202512,327500,84
176,93463,202511,327500,84
176,93463,202510,327500,84
176,93463,202509,327500,84
176,93463,202508,322500,84
176,93463,202507,300000,84
176,93463,202506,282500,84
176,93463,202505,275000,84
176,93463,202504,275000,84
176,93463,202503,275000,84
176,93463,202502,262500,84
176,93463,202501,262500,84
176,93463,202312,235000,84
176,93463,202311,235000,84
176,93463,202310,237500,84
176,93463,202309,237500,84
176,93463,202308,240000,84
176,93463,202307,240000,84
176,93463,202306,240000,84
176,93463,202305,240000,84
176,93463,202304,240000,84
176,93463,202303,240000,84
176,93463,202302,262500,84
176,93463,202301,262500,84
14767,62389,201012,112500,84
14767,62389,201011,112500,84
14767,62389,201010,112500,84
14767,62389,201009,112500,84
14767,62389,201008,113500,84
14767,62389,201007,113500,84
14767,62389,201006,113500,84
14767,62389,201005,113500,84
14767,62389,201004,114000,84
14767,62389,201003,114000,84
14767,62389,201002,114000,84
14767,62389,201001,114000,84
14767,62389,200812,111500,84
14767,62389,200811,112500,84
14767,62389,200810,114000,84
14767,62389,200809,114000,84
14767,62389,200808,114000,84
14767,62389,200807,114000,84
14767,62389,200806,114000,84
14767,62389,200805,114000,84
14767,62389,200804,114000,84
14767,62389,200803,114000,84
14767,62389,200802,114000,84
14767,62389,200801,114000,84
14767,62389,201112,112500,84
14767,62389,201111,112500,84
14767,62389,201110,112500,84
14767,62389,201109,112500,84
14767,62389,201108,112500,84
14767,62389,201107,112500,84
14767,62389,201106,112500,84
14767,62389,201105,112500,84
14767,62389,201104,112500,84
14767,62389,201103,112500,84
14767,62389,201102,112500,84
14767,62389,201101,112500,84
14767,62389,200912,114000,84
14767,62389,200911,114000,84
14767,62389,200910,114000,84
14767,62389,200909,114000,84
14767,62389,200908,114000,84
14767,62389,200907,111500,84
14767,62389,200906,111500,84
14767,62389,200905,111500,84
14767,62389,200904,111500,84
14767,62389,200903,111500,84
14767,62389,200902,111500,84
14767,62389,200901,111500,84
14767,62389,201212,110000,84
14767,62389,201211,110000,84
14767,62389,201210,110000,84
14767,62389,201209,110000,84
14767,62389,201208,110000,84
14767,62389,201207,110000,84
14767,62389,201206,110500,84
14767,62389,201205,110500,84
14767,62389,201204,110500,84
14767,62389,201203,110500,84
14767,62389,201202,110500,84
14767,62389,201201,112500,84
14767,62389,201312,102500,84
14767,62389,201311,100000,84
14767,62389,201310,100000,84
14767,62389,201309,100000,84
14767,62389,201308,100000,84
14767,62389,201307,100000,84
14767,62389,201306,104500,84
14767,62389,201305,104500,84
14767,62389,201304,110000,84
14767,62389,201303,110000,84
14767,62389,201302,110000,84
14767,62389,201301,110000,84
14767,62389,201512,106500,84
14767,62389,201511,106500,84
14767,62389,201510,106500,84
14767,62389,201509,106500,84
14767,62389,201508,106500,84
14767,62389,201507,106500,84
14767,62389,201506,106500,84
14767,62389,201505,105000,84
14767,62389,201504,105000,84
14767,62389,201503,103500,84
14767,62389,201502,103500,84
14767,62389,201501,103500,84
14767,62389,201412,103500,84
14767,62389,201411,103500,84
14767,62389,201410,103500,84
14767,62389,201409,103500,84
14767,62389,201408,102500,84
14767,62389,201407,102000,84
14767,62389,201406,102000,84
14767,62389,201405,102000,84
14767,62389,201404,102000,84
14767,62389,201403,102000,84
14767,62389,201402,102000,84
14767,62389,201401,102000,84
14767,62389,201612,122500,84
14767,62389,201611,122500,84
14767,62389,201610,122500,84
14767,62389,201609,115000,84
14767,62389,201608,110000,84
14767,62389,201607,109000,84
14767,62389,201606,109000,84
14767,62389,201605,106500,84
14767,62389,201604,106500,84
14767,62389,201603,106500,84
14767,62389,201602,106500,84
14767,62389,201601,106500,84
14767,62389,201712,147500,84
14767,62389,201711,145000,84
14767,62389,201710,142500,84
14767,62389,201709,130000,84
14767,62389,201708,130000,84
14767,62389,201707,130000,84
14767,62389,201706,125000,84
14767,62389,201705,122500,84
14767,62389,201704,122500,84
14767,62389,201703,122500,84
14767,62389,201702,122500,84
14767,62389,201701,122500,84
14767,62389,201812,172500,84
14767,62389,201811,172500,84
14767,62389,201810,172500,84
14767,62389,201809,172500,84
14767,62389,201808,172500,84
14767,62389,201807,170000,84
14767,62389,201806,165000,84
14767,62389,201805,165000,84
14767,62389,201804,165000,84
14767,62389,201803,165000,84
14767,62389,201802,162500,84
14767,62389,201801,147500,84
14767,62389,202012,231000,84
14767,62389,202011,231000,84
14767,62389,202010,231000,84
14767,62389,202009,225000,84
14767,62389,202008,225000,84
14767,62389,202007,220000,84
14767,62389,202006,210000,84
14767,62389,202005,210000,84
14767,62389,202004,210000,84
14767,62389,202003,210000,84
14767,62389,202002,210000,84
14767,62389,202001,192500,84
14767,62389,202112,252500,84
14767,62389,202111,240000,84
14767,62389,202110,240000,84
14767,62389,202109,237500,84
14767,62389,202108,237500,84
14767,62389,202107,237500,84
14767,62389,202106,237500,84
14767,62389,202105,237500,84
14767,62389,202104,235000,84
14767,62389,202103,235000,84
14767,62389,202102,231000,84
14767,62389,202101,231000,84
14767,62389,202212,252500,84
14767,62389,202211,252500,84
14767,62389,202210,252500,84
14767,62389,202209,252500,84
14767,62389,202208,252500,84
14767,62389,202207,252500,84
14767,62389,202206,252500,84
14767,62389,202205,252500,84
14767,62389,202204,252500,84
14767,62389,202203,252500,84
14767,62389,202202,252500,84
14767,62389,202201,252500,84
14767,62389,202412,255000,84
14767,62389,202411,255000,84
14767,62389,202410,255000,84
14767,62389,202409,255000,84
14767,62389,202408,255000,84
14767,62389,202407,250000,84
14767,62389,202406,250000,84
14767,62389,202405,250000,84
14767,62389,202404,250000,84
14767,62389,202403,250000,84
14767,62389,202402,250000,84
14767,62389,202401,250000,84
14767,62389,202512,320000,84
14767,62389,202511,320000,84
14767,62389,202510,305000,84
14767,62389,202509,305000,84
14767,62389,202508,290000,84
14767,62389,202507,290000,84
14767,62389,202506,290000,84
14767,62389,202505,282500,84
14767,62389,202504,282500,84
14767,62389,202503,280000,84
14767,62389,202502,255000,84
14767,62389,202501,255000,84
14767,62389,202607,320000,84
14767,62389,202606,320000,84
14767,62389,202605,320000,84
14767,62389,202604,320000,84
14767,62389,202603,320000,84
14767,62389,202602,320000,84
14767,62389,202601,320000,84
14767,62389,201912,190000,84
14767,62389,201911,189000,84
14767,62389,201910,187500,84
14767,62389,201909,185000,84
14767,62389,201908,182500,84
14767,62389,201907,172500,84
14767,62389,201906,172500,84
14767,62389,201905,172500,84
14767,62389,201904,172500,84
14767,62389,201903,172500,84
14767,62389,201902,172500,84
14767,62389,201901,172500,84
14767,62389,202312,250000,84
14767,62389,202311,250000,84
14767,62389,202310,250000,84
14767,62389,202309,250000,84
14767,62389,202308,250000,84
14767,62389,202307,252500,84
14767,62389,202306,252500,84
14767,62389,202305,252500,84
14767,62389,202304,252500,84
14767,62389,202303,252500,84
14767,62389,202302,252500,84
14767,62389,202301,252500,84
14767,14530,200812,114000,84
14767,14530,200811,114000,84
14767,14530,200810,116500,84
14767,14530,200809,116500,84
14767,14530,200808,116500,84
14767,14530,200807,116500,84
14767,14530,200806,116500,84
14767,14530,200805,116500,84
14767,14530,200804,116500,84
14767,14530,200803,116500,84
14767,14530,200802,116500,84
14767,14530,200801,116500,84
14767,14530,201012,112500,84
14767,14530,201011,112500,84
14767,14530,201010,112500,84
14767,14530,201009,112500,84
14767,14530,201008,114000,84
14767,14530,201007,114000,84
14767,14530,201006,114000,84
14767,14530,201005,114000,84
14767,14530,201004,115000,84
14767,14530,201003,115000,84
14767,14530,201002,115000,84
14767,14530,201001,115000,84
14767,14530,201112,112500,84
14767,14530,201111,112500,84
14767,14530,201110,112500,84
14767,14530,201109,112500,84
14767,14530,201108,112500,84
14767,14530,201107,112500,84
14767,14530,201106,112500,84
14767,14530,201105,112500,84
14767,14530,201104,112500,84
14767,14530,201103,112500,84
14767,14530,201102,112500,84
14767,14530,201101,112500,84
14767,14530,200912,115000,84
14767,14530,200911,115000,84
14767,14530,200910,115000,84
14767,14530,200909,115000,84
14767,14530,200908,115000,84
14767,14530,200907,112500,84
14767,14530,200906,112500,84
14767,14530,200905,112500,84
14767,14530,200904,112500,84
14767,14530,200903,112500,84
14767,14530,200902,114000,84
14767,14530,200901,114000,84
14767,14530,201212,110000,84
14767,14530,201211,110000,84
14767,14530,201210,110000,84
14767,14530,201209,110000,84
14767,14530,201208,110000,84
14767,14530,201207,110000,84
14767,14530,201206,111500,84
14767,14530,201205,111500,84
14767,14530,201204,111500,84
14767,14530,201203,111500,84
14767,14530,201202,111500,84
14767,14530,201201,112500,84
14767,14530,201312,102500,84
14767,14530,201311,102500,84
14767,14530,201310,102500,84
14767,14530,201309,102500,84
14767,14530,201308,102500,84
14767,14530,201307,102500,84
14767,14530,201306,105000,84
14767,14530,201305,105000,84
14767,14530,201304,110000,84
14767,14530,201303,110000,84
14767,14530,201302,110000,84
14767,14530,201301,110000,84
14767,14530,201412,104500,84
14767,14530,201411,104500,84
14767,14530,201410,104500,84
14767,14530,201409,104500,84
14767,14530,201408,103500,84
14767,14530,201407,102000,84
14767,14530,201406,102000,84
14767,14530,201405,102000,84
14767,14530,201404,102000,84
14767,14530,201403,102000,84
14767,14530,201402,102000,84
14767,14530,201401,102000,84
14767,14530,201712,147500,84
14767,14530,201711,145000,84
14767,14530,201710,142500,84
14767,14530,201709,132500,84
14767,14530,201708,132500,84
14767,14530,201707,132500,84
14767,14530,201706,126500,84
14767,14530,201705,124000,84
14767,14530,201704,122500,84
14767,14530,201703,122500,84
14767,14530,201702,122500,84
14767,14530,201701,122500,84
14767,14530,201812,172500,84
14767,14530,201811,172500,84
14767,14530,201810,172500,84
14767,14530,201809,172500,84
14767,14530,201808,172500,84
14767,14530,201807,170000,84
14767,14530,201806,165000,84
14767,14530,201805,165000,84
14767,14530,201804,165000,84
14767,14530,201803,165000,84
14767,14530,201802,162500,84
14767,14530,201801,147500,84
14767,14530,201912,195000,84
14767,14530,201911,194000,84
14767,14530,201910,192500,84
14767,14530,201909,190000,84
14767,14530,201908,187500,84
14767,14530,201907,172500,84
14767,14530,201906,172500,84
14767,14530,201905,172500,84
14767,14530,201904,172500,84
14767,14530,201903,172500,84
14767,14530,201902,172500,84
14767,14530,201901,172500,84
14767,14530,202112,257500,84
14767,14530,202111,245000,84
14767,14530,202110,245000,84
14767,14530,202109,242500,84
14767,14530,202108,242500,84
14767,14530,202107,242500,84
14767,14530,202106,242500,84
14767,14530,202105,242500,84
14767,14530,202104,240000,84
14767,14530,202103,240000,84
14767,14530,202102,232500,84
14767,14530,202101,232500,84
14767,14530,202212,257500,84
14767,14530,202211,257500,84
14767,14530,202210,257500,84
14767,14530,202209,257500,84
14767,14530,202208,257500,84
14767,14530,202207,257500,84
14767,14530,202206,257500,84
14767,14530,202205,257500,84
14767,14530,202204,257500,84
14767,14530,202203,257500,84
14767,14530,202202,257500,84
14767,14530,202201,257500,84
14767,14530,202012,232500,84
14767,14530,202011,232500,84
14767,14530,202010,232500,84
14767,14530,202009,227500,84
14767,14530,202008,227500,84
14767,14530,202007,225000,84
14767,14530,202006,212500,84
14767,14530,202005,212500,84
14767,14530,202004,212500,84
14767,14530,202003,212500,84
14767,14530,202002,212500,84
14767,14530,202001,197500,84
14767,14530,201512,111000,84
14767,14530,201511,111000,84
14767,14530,201510,111000,84
14767,14530,201509,111000,84
14767,14530,201508,111000,84
14767,14530,201507,111000,84
14767,14530,201506,110000,84
14767,14530,201505,108500,84
14767,14530,201504,108500,84
14767,14530,201503,106000,84
14767,14530,201502,106000,84
14767,14530,201501,106000,84
14767,14530,202312,255000,84
14767,14530,202311,255000,84
14767,14530,202310,255000,84
14767,14530,202309,255000,84
14767,14530,202308,255000,84
14767,14530,202307,257500,84
14767,14530,202306,257500,84
14767,14530,202305,257500,84
14767,14530,202304,257500,84
14767,14530,202303,257500,84
14767,14530,202302,257500,84
14767,14530,202301,257500,84
14767,14530,202512,320000,84
14767,14530,202511,320000,84
14767,14530,202510,305000,84
14767,14530,202509,305000,84
14767,14530,202508,297500,84
14767,14530,202507,297500,84
14767,14530,202506,297500,84
14767,14530,202505,287500,84
14767,14530,202504,287500,84
14767,14530,202503,285000,84
14767,14530,202502,260000,84
14767,14530,202501,260000,84
14767,14530,202412,260000,84
14767,14530,202411,260000,84
14767,14530,202410,260000,84
14767,14530,202409,260000,84
14767,14530,202408,260000,84
14767,14530,202407,255000,84
14767,14530,202406,255000,84
14767,14530,202405,255000,84
14767,14530,202404,255000,84
14767,14530,202403,255000,84
14767,14530,202402,255000,84
14767,14530,202401,255000,84
14767,14530,201612,122500,84
14767,14530,201611,122500,84
14767,14530,201610,122500,84
14767,14530,201609,117500,84
14767,14530,201608,113500,84
14767,14530,201607,113500,84
14767,14530,201606,113500,84
14767,14530,201605,111000,84
14767,14530,201604,111000,84
14767,14530,201603,111000,84
14767,14530,201602,111000,84
14767,14530,201601,111000,84
14767,14530,202607,320000,84
14767,14530,202606,320000,84
14767,14530,202605,320000,84
14767,14530,202604,320000,84
14767,14530,202603,320000,84
14767,14530,202602,320000,84
14767,14530,202601,320000,84
13207,101782,200912,98500,84
13207,101782,200911,98500,84
13207,101782,200910,98000,84
13207,101782,200909,98000,84
13207,101782,200908,98000,84
13207,101782,200907,98000,84
13207,101782,200906,98000,84
13207,101782,200905,93000,84
13207,101782,200904,93000,84
13207,101782,200903,93000,84
13207,101782,200902,93000,84
13207,101782,200901,93000,84
13207,101782,201012,98500,84
13207,101782,201011,98500,84
13207,101782,201010,98500,84
13207,101782,201009,98500,84
13207,101782,201008,98500,84
13207,101782,201007,98500,84
13207,101782,201006,98500,84
13207,101782,201005,98500,84
13207,101782,201004,98500,84
13207,101782,201003,98500,84
13207,101782,201002,98500,84
13207,101782,201001,98500,84
13207,101782,200812,93000,84
13207,101782,200811,93000,84
13207,101782,200810,93000,84
13207,101782,200809,93000,84
13207,101782,200808,93000,84
13207,101782,200807,93000,84
13207,101782,200806,93000,84
13207,101782,200805,93000,84
13207,101782,200804,93000,84
13207,101782,200803,93000,84
13207,101782,200802,93000,84
13207,101782,200801,93000,84
13207,101782,201112,103500,84
13207,101782,201111,103500,84
13207,101782,201110,103500,84
13207,101782,201109,103500,84
13207,101782,201108,103500,84
13207,101782,201107,103500,84
13207,101782,201106,103500,84
13207,101782,201105,98500,84
13207,101782,201104,98500,84
13207,101782,201103,98500,84
13207,101782,201102,98500,84
13207,101782,201101,98500,84
13207,101782,201212,102500,84
13207,101782,201211,102500,84
13207,101782,201210,102500,84
13207,101782,201209,102500,84
13207,101782,201208,102500,84
13207,101782,201207,103500,84
13207,101782,201206,103500,84
13207,101782,201205,103500,84
13207,101782,201204,103500,84
13207,101782,201203,103500,84
13207,101782,201202,103500,84
13207,101782,201201,103500,84
13207,101782,201412,100500,84
13207,101782,201411,100500,84
13207,101782,201410,100500,84
13207,101782,201409,100500,84
13207,101782,201408,100500,84
13207,101782,201407,100500,84
13207,101782,201406,100500,84
13207,101782,201405,100500,84
13207,101782,201404,101500,84
13207,101782,201403,101500,84
13207,101782,201402,101500,84
13207,101782,201401,101500,84
13207,101782,201512,103500,84
13207,101782,201511,102500,84
13207,101782,201510,102500,84
13207,101782,201509,101500,84
13207,101782,201508,101500,84
13207,101782,201507,101500,84
13207,101782,201506,100500,84
13207,101782,201505,100500,84
13207,101782,201504,100500,84
13207,101782,201503,100500,84
13207,101782,201502,100500,84
13207,101782,201501,100500,84
13207,101782,201312,101500,84
13207,101782,201311,101500,84
13207,101782,201310,101500,84
13207,101782,201309,101500,84
13207,101782,201308,101500,84
13207,101782,201307,101500,84
13207,101782,201306,101500,84
13207,101782,201305,101500,84
13207,101782,201304,102500,84
13207,101782,201303,102500,84
13207,101782,201302,102500,84
13207,101782,201301,102500,84
13207,101782,201812,180000,84
13207,101782,201811,167500,84
13207,101782,201810,167500,84
13207,101782,201809,167500,84
13207,101782,201808,165000,84
13207,101782,201807,160000,84
13207,101782,201806,157500,84
13207,101782,201805,155000,84
13207,101782,201804,147500,84
13207,101782,201803,133500,84
13207,101782,201802,128500,84
13207,101782,201801,128500,84
13207,101782,201712,128500,84
13207,101782,201711,128500,84
13207,101782,201710,128500,84
13207,101782,201709,122500,84
13207,101782,201708,122500,84
13207,101782,201707,122500,84
13207,101782,201706,122500,84
13207,101782,201705,118500,84
13207,101782,201704,117500,84
13207,101782,201703,117500,84
13207,101782,201702,117500,84
13207,101782,201701,117500,84
13207,101782,201612,116000,84
13207,101782,201611,116000,84
13207,101782,201610,106500,84
13207,101782,201609,106500,84
13207,101782,201608,106500,84
13207,101782,201607,106500,84
13207,101782,201606,106000,84
13207,101782,201605,105000,84
13207,101782,201604,105000,84
13207,101782,201603,103500,84
13207,101782,201602,103500,84
13207,101782,201601,103500,84
13207,101782,201912,181500,84
13207,101782,201911,181500,84
13207,101782,201910,181000,84
13207,101782,201909,181000,84
13207,101782,201908,180000,84
13207,101782,201907,180000,84
13207,101782,201906,180000,84
13207,101782,201905,180000,84
13207,101782,201904,180000,84
13207,101782,201903,180000,84
13207,101782,201902,180000,84
13207,101782,201901,180000,84
13207,101782,202212,235000,84
13207,101782,202211,235000,84
13207,101782,202210,235000,84
13207,101782,202209,235000,84
13207,101782,202208,235000,84
13207,101782,202207,235000,84
13207,101782,202206,225000,84
13207,101782,202205,225000,84
13207,101782,202204,220000,84
13207,101782,202203,215000,84
13207,101782,202202,215000,84
13207,101782,202201,215000,84
13207,101782,202012,202500,84
13207,101782,202011,200000,84
13207,101782,202010,200000,84
13207,101782,202009,200000,84
13207,101782,202008,200000,84
13207,101782,202007,200000,84
13207,101782,202006,187500,84
13207,101782,202005,187500,84
13207,101782,202004,187500,84
13207,101782,202003,187500,84
13207,101782,202002,184000,84
13207,101782,202001,181500,84
13207,101782,202112,215000,84
13207,101782,202111,215000,84
13207,101782,202110,215000,84
13207,101782,202109,212500,84
13207,101782,202108,212500,84
13207,101782,202107,210000,84
13207,101782,202106,210000,84
13207,101782,202105,205000,84
13207,101782,202104,205000,84
13207,101782,202103,205000,84
13207,101782,202102,202500,84
13207,101782,202101,202500,84
13207,101782,202312,235000,84
13207,101782,202311,235000,84
13207,101782,202310,235000,84
13207,101782,202309,235000,84
13207,101782,202308,235000,84
13207,101782,202307,235000,84
13207,101782,202306,235000,84
13207,101782,202305,235000,84
13207,101782,202304,235000,84
13207,101782,202303,235000,84
13207,101782,202302,235000,84
13207,101782,202301,235000,84
13207,101782,202607,320000,84
13207,101782,202606,320000,84
13207,101782,202605,320000,84
13207,101782,202604,320000,84
13207,101782,202603,320000,84
13207,101782,202602,320000,84
13207,101782,202601,320000,84
13207,101782,202412,250000,84
13207,101782,202411,250000,84
13207,101782,202410,250000,84
13207,101782,202409,250000,84
13207,101782,202408,250000,84
13207,101782,202407,235000,84
13207,101782,202406,235000,84
13207,101782,202405,235000,84
13207,101782,202404,235000,84
13207,101782,202403,235000,84
13207,101782,202402,235000,84
13207,101782,202401,235000,84
13207,101782,202512,310000,84
13207,101782,202511,310000,84
13207,101782,202510,310000,84
13207,101782,202509,305000,84
13207,101782,202508,290000,84
13207,101782,202507,290000,84
13207,101782,202506,280000,84
13207,101782,202505,277500,84
13207,101782,202504,277500,84
13207,101782,202503,255000,84
13207,101782,202502,255000,84
13207,101782,202501,255000,84
13207,133245,200812,90500,84
13207,133245,200811,90500,84
13207,133245,200810,91000,84
13207,133245,200809,91500,84
13207,133245,200808,91500,84
13207,133245,200807,91500,84
13207,133245,200806,91500,84
13207,133245,200805,88750,84
13207,133245,200804,88750,84
13207,133245,200803,88750,84
13207,133245,200802,88750,84
13207,133245,200801,88750,84
13207,133245,201012,96500,84
13207,133245,201011,96500,84
13207,133245,201010,96500,84
13207,133245,201009,96500,84
13207,133245,201008,96500,84
13207,133245,201007,96500,84
13207,133245,201006,96500,84
13207,133245,201005,96500,84
13207,133245,201004,96500,84
13207,133245,201003,96500,84
13207,133245,201002,96500,84
13207,133245,201001,96000,84
13207,133245,201112,100250,84
13207,133245,201111,100250,84
13207,133245,201110,100250,84
13207,133245,201109,99250,84
13207,133245,201108,99250,84
13207,133245,201107,99000,84
13207,133245,201106,98000,84
13207,133245,201105,96500,84
13207,133245,201104,96500,84
13207,133245,201103,96500,84
13207,133245,201102,96500,84
13207,133245,201101,96500,84
13207,133245,200912,96000,84
13207,133245,200911,96000,84
13207,133245,200910,95500,84
13207,133245,200909,95500,84
13207,133245,200908,95500,84
13207,133245,200907,95500,84
13207,133245,200906,95500,84
13207,133245,200905,90500,84
13207,133245,200904,90500,84
13207,133245,200903,90500,84
13207,133245,200902,90500,84
13207,133245,200901,90500,84
13207,133245,201212,99250,84
13207,133245,201211,99250,84
13207,133245,201210,99250,84
13207,133245,201209,99250,84
13207,133245,201208,99250,84
13207,133245,201207,100250,84
13207,133245,201206,100250,84
13207,133245,201205,100250,84
13207,133245,201204,100250,84
13207,133245,201203,100250,84
13207,133245,201202,100250,84
13207,133245,201201,100250,84
13207,133245,201412,97500,84
13207,133245,201411,97500,84
13207,133245,201410,97500,84
13207,133245,201409,97500,84
13207,133245,201408,97500,84
13207,133245,201407,97500,84
13207,133245,201406,97500,84
13207,133245,201405,97500,84
13207,133245,201404,97500,84
13207,133245,201403,97500,84
13207,133245,201402,97500,84
13207,133245,201401,97500,84
13207,133245,201512,103000,84
13207,133245,201511,101000,84
13207,133245,201510,101000,84
13207,133245,201509,100000,84
13207,133245,201508,100000,84
13207,133245,201507,98500,84
13207,133245,201506,97500,84
13207,133245,201505,97500,84
13207,133245,201504,97500,84
13207,133245,201503,97500,84
13207,133245,201502,97500,84
13207,133245,201501,97500,84
13207,133245,201612,115000,84
13207,133245,201611,115000,84
13207,133245,201610,106000,84
13207,133245,201609,106000,84
13207,133245,201608,106000,84
13207,133245,201607,106000,84
13207,133245,201606,105000,84
13207,133245,201605,104500,84
13207,133245,201604,104500,84
13207,133245,201603,103000,84
13207,133245,201602,103000,84
13207,133245,201601,103000,84
13207,133245,201712,131500,84
13207,133245,201711,131500,84
13207,133245,201710,127500,84
13207,133245,201709,121000,84
13207,133245,201708,121000,84
13207,133245,201707,121000,84
13207,133245,201706,121000,84
13207,133245,201705,118000,84
13207,133245,201704,116000,84
13207,133245,201703,116000,84
13207,133245,201702,116000,84
13207,133245,201701,116000,84
13207,133245,201912,181500,84
13207,133245,201911,181500,84
13207,133245,201910,181000,84
13207,133245,201909,181000,84
13207,133245,201908,180000,84
13207,133245,201907,180000,84
13207,133245,201906,180000,84
13207,133245,201905,180000,84
13207,133245,201904,180000,84
13207,133245,201903,180000,84
13207,133245,201902,180000,84
13207,133245,201901,180000,84
13207,133245,202012,202500,84
13207,133245,202011,200000,84
13207,133245,202010,200000,84
13207,133245,202009,200000,84
13207,133245,202008,200000,84
13207,133245,202007,200000,84
13207,133245,202006,187500,84
13207,133245,202005,187500,84
13207,133245,202004,187500,84
13207,133245,202003,187500,84
13207,133245,202002,184000,84
13207,133245,202001,181500,84
13207,133245,201812,180000,84
13207,133245,201811,167500,84
13207,133245,201810,167500,84
13207,133245,201809,167500,84
13207,133245,201808,165000,84
13207,133245,201807,160000,84
13207,133245,201806,157500,84
13207,133245,201805,155000,84
13207,133245,201804,147500,84
13207,133245,201803,137500,84
13207,133245,201802,132500,84
13207,133245,201801,132500,84
13207,133245,201312,97500,84
13207,133245,201311,97500,84
13207,133245,201310,97500,84
13207,133245,201309,97500,84
13207,133245,201308,97500,84
13207,133245,201307,97500,84
13207,133245,201306,97500,84
13207,133245,201305,97500,84
13207,133245,201304,98500,84
13207,133245,201303,98500,84
13207,133245,201302,98500,84
13207,133245,201301,98750,84
13207,133245,202112,215000,84
13207,133245,202111,215000,84
13207,133245,202110,215000,84
13207,133245,202109,212500,84
13207,133245,202108,212500,84
13207,133245,202107,210000,84
13207,133245,202106,210000,84
13207,133245,202105,205000,84
13207,133245,202104,205000,84
13207,133245,202103,205000,84
13207,133245,202102,202500,84
13207,133245,202101,202500,84
13207,133245,202212,235000,84
13207,133245,202211,235000,84
13207,133245,202210,235000,84
13207,133245,202209,235000,84
13207,133245,202208,235000,84
13207,133245,202207,235000,84
13207,133245,202206,225000,84
13207,133245,202205,225000,84
13207,133245,202204,220000,84
13207,133245,202203,215000,84
13207,133245,202202,215000,84
13207,133245,202201,215000,84
13207,133245,202412,250000,84
13207,133245,202411,250000,84
13207,133245,202410,250000,84
13207,133245,202409,250000,84
13207,133245,202408,250000,84
13207,133245,202407,235000,84
13207,133245,202406,235000,84
13207,133245,202405,235000,84
13207,133245,202404,235000,84
13207,133245,202403,235000,84
13207,133245,202402,235000,84
13207,133245,202401,235000,84
13207,133245,202312,235000,84
13207,133245,202311,235000,84
13207,133245,202310,235000,84
13207,133245,202309,235000,84
13207,133245,202308,235000,84
13207,133245,202307,235000,84
13207,133245,202306,235000,84
13207,133245,202305,235000,84
13207,133245,202304,235000,84
13207,133245,202303,235000,84
13207,133245,202302,235000,84
13207,133245,202301,235000,84
13207,133245,202512,310000,84
13207,133245,202511,310000,84
13207,133245,202510,310000,84
13207,133245,202509,305000,84
13207,133245,202508,290000,84
13207,133245,202507,290000,84
13207,133245,202506,280000,84
13207,133245,202505,275000,84
13207,133245,202504,275000,84
13207,133245,202503,252500,84
13207,133245,202502,252500,84
13207,133245,202501,252500,84
13207,133245,202607,320000,84
13207,133245,202606,320000,84
13207,133245,202605,320000,84
13207,133245,202604,320000,84
13207,133245,202603,320000,84
13207,133245,202602,320000,84
13207,133245,202601,320000,84
15759,186169,201012,115000,84
15759,186169,201011,115000,84
15759,186169,201010,115000,84
15759,186169,201009,115000,84
15759,186169,201008,115000,84
15759,186169,201007,115000,84
15759,186169,201006,115000,84
15759,186169,201005,112500,84
15759,186169,201004,112500,84
15759,186169,201003,112500,84
15759,186169,201002,112500,84
15759,186169,201001,111500,84
15759,186169,201112,114000,84
15759,186169,201111,114000,84
15759,186169,201110,114000,84
15759,186169,201109,116500,84
15759,186169,201108,116500,84
15759,186169,201107,116500,84
15759,186169,201106,116500,84
15759,186169,201105,116500,84
15759,186169,201104,116500,84
15759,186169,201103,116500,84
15759,186169,201102,116500,84
15759,186169,201101,115000,84
15759,186169,200912,111500,84
15759,186169,200911,111500,84
15759,186169,200910,109000,84
15759,186169,200909,107500,84
15759,186169,200908,100000,84
15759,186169,200907,96500,84
15759,186169,200906,96500,84
15759,186169,200905,96500,84
15759,186169,200904,96000,84
15759,186169,200903,91000,84
15759,186169,200902,91000,84
15759,186169,200901,90000,84
15759,186169,201212,102500,84
15759,186169,201211,102500,84
15759,186169,201210,102500,84
15759,186169,201209,105000,84
15759,186169,201208,106500,84
15759,186169,201207,111500,84
15759,186169,201206,111500,84
15759,186169,201205,112500,84
15759,186169,201204,112500,84
15759,186169,201203,112500,84
15759,186169,201202,112500,84
15759,186169,201201,112500,84
15759,186169,200812,89000,84
15759,186169,200811,95000,84
15759,186169,200810,95000,84
15759,186169,200809,98000,84
15759,186169,200808,97500,84
15759,186169,200807,97500,84
15759,186169,200806,97500,84
15759,186169,200805,94500,84
15759,186169,200804,94500,84
15759,186169,200803,94500,84
15759,186169,200802,94500,84
15759,186169,200801,94500,84
15759,186169,201512,116000,84
15759,186169,201511,116000,84
15759,186169,201510,114500,84
15759,186169,201509,113500,84
15759,186169,201508,113500,84
15759,186169,201507,112500,84
15759,186169,201506,108500,84
15759,186169,201505,107000,84
15759,186169,201504,107000,84
15759,186169,201503,105000,84
15759,186169,201502,102500,84
15759,186169,201501,101500,84
15759,186169,201612,135000,84
15759,186169,201611,135000,84
15759,186169,201610,135000,84
15759,186169,201609,122500,84
15759,186169,201608,122500,84
15759,186169,201607,122500,84
15759,186169,201606,122500,84
15759,186169,201605,116000,84
15759,186169,201604,116000,84
15759,186169,201603,114500,84
15759,186169,201602,114500,84
15759,186169,201601,116000,84
15759,186169,201812,190000,84
15759,186169,201811,190000,84
15759,186169,201810,190000,84
15759,186169,201809,190000,84
15759,186169,201808,190000,84
15759,186169,201807,185000,84
15759,186169,201806,182500,84
15759,186169,201805,180000,84
15759,186169,201804,180000,84
15759,186169,201803,177500,84
15759,186169,201802,170000,84
15759,186169,201801,170000,84
15759,186169,201712,158500,84
15759,186169,201711,158500,84
15759,186169,201710,151500,84
15759,186169,201709,147500,84
15759,186169,201708,147500,84
15759,186169,201707,147500,84
15759,186169,201706,137500,84
15759,186169,201705,135000,84
15759,186169,201704,135000,84
15759,186169,201703,135000,84
15759,186169,201702,135000,84
15759,186169,201701,135000,84
15759,186169,201912,220000,84
15759,186169,201911,215000,84
15759,186169,201910,211000,84
15759,186169,201909,207500,84
15759,186169,201908,200000,84
15759,186169,201907,196000,84
15759,186169,201906,190000,84
15759,186169,201905,190000,84
15759,186169,201904,190000,84
15759,186169,201903,190000,84
15759,186169,201902,190000,84
15759,186169,201901,190000,84
15759,186169,201312,98500,84
15759,186169,201311,98500,84
15759,186169,201310,98500,84
15759,186169,201309,98500,84
15759,186169,201308,98500,84
15759,186169,201307,98500,84
15759,186169,201306,98500,84
15759,186169,201305,98500,84
15759,186169,201304,98500,84
15759,186169,201303,98500,84
15759,186169,201302,98500,84
15759,186169,201301,98500,84
15759,186169,202012,237500,84
15759,186169,202011,235000,84
15759,186169,202010,232500,84
15759,186169,202009,232500,84
15759,186169,202008,232500,84
15759,186169,202007,232500,84
15759,186169,202006,230000,84
15759,186169,202005,220000,84
15759,186169,202004,220000,84
15759,186169,202003,220000,84
15759,186169,202002,220000,84
15759,186169,202001,220000,84
15759,186169,201412,101500,84
15759,186169,201411,101500,84
15759,186169,201410,101500,84
15759,186169,201409,100000,84
15759,186169,201408,100000,84
15759,186169,201407,100000,84
15759,186169,201406,100000,84
15759,186169,201405,100000,84
15759,186169,201404,98500,84
15759,186169,201403,98500,84
15759,186169,201402,98500,84
15759,186169,201401,98500,84
15759,186169,202112,280000,84
15759,186169,202111,272500,84
15759,186169,202110,260000,84
15759,186169,202109,242500,84
15759,186169,202108,242500,84
15759,186169,202107,242500,84
15759,186169,202106,242500,84
15759,186169,202105,242500,84
15759,186169,202104,242500,84
15759,186169,202103,242500,84
15759,186169,202102,240000,84
15759,186169,202101,237500,84
15759,186169,202312,265000,84
15759,186169,202311,265000,84
15759,186169,202310,265000,84
15759,186169,202309,265000,84
15759,186169,202308,265000,84
15759,186169,202307,265000,84
15759,186169,202306,265000,84
15759,186169,202305,265000,84
15759,186169,202304,265000,84
15759,186169,202303,265000,84
15759,186169,202302,265000,84
15759,186169,202301,265000,84
15759,186169,202512,340000,84
15759,186169,202511,340000,84
15759,186169,202510,340000,84
15759,186169,202509,335000,84
15759,186169,202508,335000,84
15759,186169,202507,335000,84
15759,186169,202506,325000,84
15759,186169,202505,312500,84
15759,186169,202504,312500,84
15759,186169,202503,307500,84
15759,186169,202502,280000,84
15759,186169,202501,280000,84
15759,186169,202212,285000,84
15759,186169,202211,285000,84
15759,186169,202210,285000,84
15759,186169,202209,285000,84
15759,186169,202208,285000,84
15759,186169,202207,285000,84
15759,186169,202206,285000,84
15759,186169,202205,285000,84
15759,186169,202204,285000,84
15759,186169,202203,285000,84
15759,186169,202202,280000,84
15759,186169,202201,280000,84
15759,186169,202412,280000,84
15759,186169,202411,280000,84
15759,186169,202410,280000,84
15759,186169,202409,277500,84
15759,186169,202408,267500,84
15759,186169,202407,267500,84
15759,186169,202406,265000,84
15759,186169,202405,265000,84
15759,186169,202404,265000,84
15759,186169,202403,265000,84
15759,186169,202402,265000,84
15759,186169,202401,265000,84
15759,186169,202607,345000,84
15759,186169,202606,340000,84
15759,186169,202605,335000,84
15759,186169,202604,335000,84
15759,186169,202603,335000,84
15759,186169,202602,340000,84
15759,186169,202601,340000,84
15759,195040,201012,115000,84
15759,195040,201011,115000,84
15759,195040,201010,115000,84
15759,195040,201009,115000,84
15759,195040,201008,115000,84
15759,195040,201007,115000,84
15759,195040,201006,115000,84
15759,195040,201005,111500,84
15759,195040,201004,111500,84
15759,195040,201003,111500,84
15759,195040,201002,111500,84
15759,195040,201001,110500,84
15759,195040,200912,110500,84
15759,195040,200911,110500,84
15759,195040,200910,109000,84
15759,195040,200909,107500,84
15759,195040,200908,100000,84
15759,195040,200907,96500,84
15759,195040,200906,96500,84
15759,195040,200905,96500,84
15759,195040,200904,93000,84
15759,195040,200903,91000,84
15759,195040,200902,91000,84
15759,195040,200901,90000,84
15759,195040,201112,114000,84
15759,195040,201111,114000,84
15759,195040,201110,114000,84
15759,195040,201109,116500,84
15759,195040,201108,116500,84
15759,195040,201107,116500,84
15759,195040,201106,116500,84
15759,195040,201105,116500,84
15759,195040,201104,116500,84
15759,195040,201103,116500,84
15759,195040,201102,116500,84
15759,195040,201101,115000,84
15759,195040,200812,89000,84
15759,195040,200811,95000,84
15759,195040,200810,95000,84
15759,195040,200809,95500,84
15759,195040,200808,95000,84
15759,195040,200807,95000,84
15759,195040,200806,95000,84
15759,195040,200805,94000,84
15759,195040,200804,94000,84
15759,195040,200803,94000,84
15759,195040,200802,94000,84
15759,195040,200801,94000,84
15759,195040,201212,102500,84
15759,195040,201211,102500,84
15759,195040,201210,102500,84
15759,195040,201209,105000,84
15759,195040,201208,106500,84
15759,195040,201207,111500,84
15759,195040,201206,111500,84
15759,195040,201205,112500,84
15759,195040,201204,112500,84
15759,195040,201203,112500,84
15759,195040,201202,112500,84
15759,195040,201201,112500,84
15759,195040,201412,101500,84
15759,195040,201411,101500,84
15759,195040,201410,101500,84
15759,195040,201409,100000,84
15759,195040,201408,100000,84
15759,195040,201407,100000,84
15759,195040,201406,100000,84
15759,195040,201405,100000,84
15759,195040,201404,98500,84
15759,195040,201403,98500,84
15759,195040,201402,98500,84
15759,195040,201401,98500,84
15759,195040,201312,98500,84
15759,195040,201311,98500,84
15759,195040,201310,98500,84
15759,195040,201309,98500,84
15759,195040,201308,98500,84
15759,195040,201307,98500,84
15759,195040,201306,98500,84
15759,195040,201305,98500,84
15759,195040,201304,97500,84
15759,195040,201303,98500,84
15759,195040,201302,98500,84
15759,195040,201301,98500,84
15759,195040,201512,115500,84
15759,195040,201511,115500,84
15759,195040,201510,114000,84
15759,195040,201509,112000,84
15759,195040,201508,112000,84
15759,195040,201507,111000,84
15759,195040,201506,107000,84
15759,195040,201505,107000,84
15759,195040,201504,107000,84
15759,195040,201503,105000,84
15759,195040,201502,102500,84
15759,195040,201501,101500,84
15759,195040,201812,190000,84
15759,195040,201811,190000,84
15759,195040,201810,190000,84
15759,195040,201809,190000,84
15759,195040,201808,190000,84
15759,195040,201807,185000,84
15759,195040,201806,182500,84
15759,195040,201805,180000,84
15759,195040,201804,180000,84
15759,195040,201803,177500,84
15759,195040,201802,170000,84
15759,195040,201801,170000,84
15759,195040,201912,220000,84
15759,195040,201911,215000,84
15759,195040,201910,211000,84
15759,195040,201909,207500,84
15759,195040,201908,200000,84
15759,195040,201907,196000,84
15759,195040,201906,190000,84
15759,195040,201905,190000,84
15759,195040,201904,190000,84
15759,195040,201903,190000,84
15759,195040,201902,190000,84
15759,195040,201901,190000,84
15759,195040,202012,237500,84
15759,195040,202011,235000,84
15759,195040,202010,232500,84
15759,195040,202009,232500,84
15759,195040,202008,232500,84
15759,195040,202007,232500,84
15759,195040,202006,230000,84
15759,195040,202005,220000,84
15759,195040,202004,220000,84
15759,195040,202003,220000,84
15759,195040,202002,220000,84
15759,195040,202001,220000,84
15759,195040,202112,280000,84
15759,195040,202111,272500,84
15759,195040,202110,260000,84
15759,195040,202109,242500,84
15759,195040,202108,242500,84
15759,195040,202107,242500,84
15759,195040,202106,242500,84
15759,195040,202105,242500,84
15759,195040,202104,242500,84
15759,195040,202103,242500,84
15759,195040,202102,240000,84
15759,195040,202101,237500,84
15759,195040,201712,157500,84
15759,195040,201711,157500,84
15759,195040,201710,149000,84
15759,195040,201709,145000,84
15759,195040,201708,145000,84
15759,195040,201707,145000,84
15759,195040,201706,137500,84
15759,195040,201705,135000,84
15759,195040,201704,135000,84
15759,195040,201703,135000,84
15759,195040,201702,135000,84
15759,195040,201701,135000,84
15759,195040,201612,135000,84
15759,195040,201611,135000,84
15759,195040,201610,135000,84
15759,195040,201609,122500,84
15759,195040,201608,122500,84
15759,195040,201607,122500,84
15759,195040,201606,122500,84
15759,195040,201605,116000,84
15759,195040,201604,116000,84
15759,195040,201603,114500,84
15759,195040,201602,114500,84
15759,195040,201601,115500,84
15759,195040,202212,285000,84
15759,195040,202211,285000,84
15759,195040,202210,285000,84
15759,195040,202209,285000,84
15759,195040,202208,285000,84
15759,195040,202207,285000,84
15759,195040,202206,285000,84
15759,195040,202205,285000,84
15759,195040,202204,285000,84
15759,195040,202203,285000,84
15759,195040,202202,280000,84
15759,195040,202201,280000,84
15759,195040,202312,265000,84
15759,195040,202311,265000,84
15759,195040,202310,265000,84
15759,195040,202309,265000,84
15759,195040,202308,265000,84
15759,195040,202307,265000,84
15759,195040,202306,265000,84
15759,195040,202305,265000,84
15759,195040,202304,265000,84
15759,195040,202303,265000,84
15759,195040,202302,265000,84
15759,195040,202301,265000,84
15759,195040,202412,280000,84
15759,195040,202411,280000,84
15759,195040,202410,280000,84
15759,195040,202409,277500,84
15759,195040,202408,267500,84
15759,195040,202407,267500,84
15759,195040,202406,265000,84
15759,195040,202405,265000,84
15759,195040,202404,265000,84
15759,195040,202403,265000,84
15759,195040,202402,265000,84
15759,195040,202401,265000,84
15759,195040,202512,340000,84
15759,195040,202511,340000,84
15759,195040,202510,340000,84
15759,195040,202509,335000,84
15759,195040,202508,335000,84
15759,195040,202507,335000,84
15759,195040,202506,325000,84
15759,195040,202505,312500,84
15759,195040,202504,312500,84
15759,195040,202503,307500,84
15759,195040,202502,280000,84
15759,195040,202501,280000,84
15759,195040,202607,345000,84
15759,195040,202606,340000,84
15759,195040,202605,335000,84
15759,195040,202604,335000,84
15759,195040,202603,335000,84
15759,195040,202602,340000,84
15759,195040,202601,340000,84
15759,201737,200912,104000,84
15759,201737,200911,104000,84
15759,201737,200910,101500,84
15759,201737,200909,100500,84
15759,201737,200908,95500,84
15759,201737,200907,91500,84
15759,201737,200906,91500,84
15759,201737,200905,91500,84
15759,201737,200904,91500,84
15759,201737,200903,89000,84
15759,201737,200902,89000,84
15759,201737,200901,88000,84
15759,201737,200812,87000,84
15759,201737,200811,90000,84
15759,201737,200810,90000,84
15759,201737,200809,92500,84
15759,201737,200808,92500,84
15759,201737,200807,92500,84
15759,201737,200806,92500,84
15759,201737,200805,87500,84
15759,201737,200804,87500,84
15759,201737,200803,87500,84
15759,201737,200802,86500,84
15759,201737,200801,86500,84
15759,201737,201012,111500,84
15759,201737,201011,110000,84
15759,201737,201010,110000,84
15759,201737,201009,110000,84
15759,201737,201008,110000,84
15759,201737,201007,110000,84
15759,201737,201006,110000,84
15759,201737,201005,104000,84
15759,201737,201004,104000,84
15759,201737,201003,104000,84
15759,201737,201002,104000,84
15759,201737,201001,104000,84
15759,201737,201112,112500,84
15759,201737,201111,112500,84
15759,201737,201110,112500,84
15759,201737,201109,114000,84
15759,201737,201108,114000,84
15759,201737,201107,114000,84
15759,201737,201106,114000,84
15759,201737,201105,114000,84
15759,201737,201104,114000,84
15759,201737,201103,114000,84
15759,201737,201102,114000,84
15759,201737,201101,111500,84
15759,201737,201212,102500,84
15759,201737,201211,102500,84
15759,201737,201210,102500,84
15759,201737,201209,105000,84
15759,201737,201208,106500,84
15759,201737,201207,109000,84
15759,201737,201206,109000,84
15759,201737,201205,110000,84
15759,201737,201204,110000,84
15759,201737,201203,110000,84
15759,201737,201202,110000,84
15759,201737,201201,110000,84
15759,201737,201312,96500,84
15759,201737,201311,96500,84
15759,201737,201310,96500,84
15759,201737,201309,96500,84
15759,201737,201308,96500,84
15759,201737,201307,97500,84
15759,201737,201306,97500,84
15759,201737,201305,97500,84
15759,201737,201304,97500,84
15759,201737,201303,97500,84
15759,201737,201302,97500,84
15759,201737,201301,97500,84
15759,201737,201412,99000,84
15759,201737,201411,99000,84
15759,201737,201410,99000,84
15759,201737,201409,97500,84
15759,201737,201408,97500,84
15759,201737,201407,97500,84
15759,201737,201406,97500,84
15759,201737,201405,97500,84
15759,201737,201404,96500,84
15759,201737,201403,96500,84
15759,201737,201402,96500,84
15759,201737,201401,96500,84
15759,201737,201512,110000,84
15759,201737,201511,110000,84
15759,201737,201510,107500,84
15759,201737,201509,107500,84
15759,201737,201508,107500,84
15759,201737,201507,107500,84
15759,201737,201506,104000,84
15759,201737,201505,104000,84
15759,201737,201504,104000,84
15759,201737,201503,103000,84
15759,201737,201502,100500,84
15759,201737,201501,99000,84
15759,201737,201612,130000,84
15759,201737,201611,130000,84
15759,201737,201610,130000,84
15759,201737,201609,116000,84
15759,201737,201608,116000,84
15759,201737,201607,116000,84
15759,201737,201606,116000,84
15759,201737,201605,111000,84
15759,201737,201604,110000,84
15759,201737,201603,110000,84
15759,201737,201602,110000,84
15759,201737,201601,110000,84
15759,201737,201712,152500,84
15759,201737,201711,152500,84
15759,201737,201710,145000,84
15759,201737,201709,140000,84
15759,201737,201708,140000,84
15759,201737,201707,140000,84
15759,201737,201706,132500,84
15759,201737,201705,130000,84
15759,201737,201704,130000,84
15759,201737,201703,130000,84
15759,201737,201702,130000,84
15759,201737,201701,130000,84
15759,201737,202112,270000,84
15759,201737,202111,262500,84
15759,201737,202110,250000,84
15759,201737,202109,232500,84
15759,201737,202108,232500,84
15759,201737,202107,232500,84
15759,201737,202106,232500,84
15759,201737,202105,232500,84
15759,201737,202104,232500,84
15759,201737,202103,232500,84
15759,201737,202102,232500,84
15759,201737,202101,230000,84
15759,201737,201912,211500,84
15759,201737,201911,206500,84
15759,201737,201910,202500,84
15759,201737,201909,197500,84
15759,201737,201908,192500,84
15759,201737,201907,189000,84
15759,201737,201906,185000,84
15759,201737,201905,185000,84
15759,201737,201904,185000,84
15759,201737,201903,185000,84
15759,201737,201902,185000,84
15759,201737,201901,185000,84
15759,201737,202012,230000,84
15759,201737,202011,227500,84
15759,201737,202010,222500,84
15759,201737,202009,222500,84
15759,201737,202008,222500,84
15759,201737,202007,222500,84
15759,201737,202006,221500,84
15759,201737,202005,211500,84
15759,201737,202004,211500,84
15759,201737,202003,211500,84
15759,201737,202002,211500,84
15759,201737,202001,211500,84
15759,201737,202312,257500,84
15759,201737,202311,257500,84
15759,201737,202310,257500,84
15759,201737,202309,257500,84
15759,201737,202308,257500,84
15759,201737,202307,257500,84
15759,201737,202306,257500,84
15759,201737,202305,257500,84
15759,201737,202304,257500,84
15759,201737,202303,257500,84
15759,201737,202302,257500,84
15759,201737,202301,257500,84
15759,201737,202212,275000,84
15759,201737,202211,275000,84
15759,201737,202210,275000,84
15759,201737,202209,275000,84
15759,201737,202208,275000,84
15759,201737,202207,275000,84
15759,201737,202206,275000,84
15759,201737,202205,275000,84
15759,201737,202204,275000,84
15759,201737,202203,275000,84
15759,201737,202202,270000,84
15759,201737,202201,270000,84
15759,201737,202412,270000,84
15759,201737,202411,270000,84
15759,201737,202410,270000,84
15759,201737,202409,267500,84
15759,201737,202408,260000,84
15759,201737,202407,260000,84
15759,201737,202406,257500,84
15759,201737,202405,257500,84
15759,201737,202404,257500,84
15759,201737,202403,257500,84
15759,201737,202402,257500,84
15759,201737,202401,257500,84
15759,201737,202512,330000,84
15759,201737,202511,330000,84
15759,201737,202510,330000,84
15759,201737,202509,325000,84
15759,201737,202508,325000,84
15759,201737,202507,325000,84
15759,201737,202506,315000,84
15759,201737,202505,302500,84
15759,201737,202504,302500,84
15759,201737,202503,297500,84
15759,201737,202502,270000,84
15759,201737,202501,270000,84
15759,201737,202607,335000,84
15759,201737,202606,330000,84
15759,201737,202605,325000,84
15759,201737,202604,325000,84
15759,201737,202603,325000,84
15759,201737,202602,330000,84
15759,201737,202601,330000,84
15759,201737,201812,185000,84
15759,201737,201811,185000,84
15759,201737,201810,185000,84
15759,201737,201809,185000,84
15759,201737,201808,185000,84
15759,201737,201807,180000,84
15759,201737,201806,177500,84
15759,201737,201805,175000,84
15759,201737,201804,172500,84
15759,201737,201803,170000,84
15759,201737,201802,165000,84
15759,201737,201801,165000,84
15759,206829,200812,88000,84
15759,206829,200811,90000,84
15759,206829,200810,90000,84
15759,206829,200809,92500,84
15759,206829,200808,92500,84
15759,206829,200807,92500,84
15759,206829,200806,92500,84
15759,206829,200805,87500,84
15759,206829,200804,87500,84
15759,206829,200803,87500,84
15759,206829,200802,86500,84
15759,206829,200801,86500,84
15759,206829,201012,111500,84
15759,206829,201011,110000,84
15759,206829,201010,110000,84
15759,206829,201009,110000,84
15759,206829,201008,110000,84
15759,206829,201007,110000,84
15759,206829,201006,110000,84
15759,206829,201005,104000,84
15759,206829,201004,104000,84
15759,206829,201003,104000,84
15759,206829,201002,104000,84
15759,206829,201001,104000,84
15759,206829,200912,104000,84
15759,206829,200911,104000,84
15759,206829,200910,101500,84
15759,206829,200909,100500,84
15759,206829,200908,95500,84
15759,206829,200907,91500,84
15759,206829,200906,91500,84
15759,206829,200905,91500,84
15759,206829,200904,91500,84
15759,206829,200903,89000,84
15759,206829,200902,89000,84
15759,206829,200901,88000,84
15759,206829,201112,112500,84
15759,206829,201111,112500,84
15759,206829,201110,112500,84
15759,206829,201109,114000,84
15759,206829,201108,114000,84
15759,206829,201107,114000,84
15759,206829,201106,114000,84
15759,206829,201105,114000,84
15759,206829,201104,114000,84
15759,206829,201103,114000,84
15759,206829,201102,114000,84
15759,206829,201101,111500,84
15759,206829,201512,110000,84
15759,206829,201511,110000,84
15759,206829,201510,107500,84
15759,206829,201509,107500,84
15759,206829,201508,107500,84
15759,206829,201507,107500,84
15759,206829,201506,104000,84
15759,206829,201505,104000,84
15759,206829,201504,104000,84
15759,206829,201503,103000,84
15759,206829,201502,100500,84
15759,206829,201501,99000,84
15759,206829,201212,102000,84
15759,206829,201211,102000,84
15759,206829,201210,102000,84
15759,206829,201209,104500,84
15759,206829,201208,106000,84
15759,206829,201207,109000,84
15759,206829,201206,109000,84
15759,206829,201205,110000,84
15759,206829,201204,110000,84
15759,206829,201203,110000,84
15759,206829,201202,110000,84
15759,206829,201201,110000,84
15759,206829,201312,96500,84
15759,206829,201311,96500,84
15759,206829,201310,96500,84
15759,206829,201309,96500,84
15759,206829,201308,96500,84
15759,206829,201307,97500,84
15759,206829,201306,97500,84
15759,206829,201305,97500,84
15759,206829,201304,97500,84
15759,206829,201303,97500,84
15759,206829,201302,97500,84
15759,206829,201301,97500,84
15759,206829,201412,99000,84
15759,206829,201411,99000,84
15759,206829,201410,99000,84
15759,206829,201409,97500,84
15759,206829,201408,97500,84
15759,206829,201407,97500,84
15759,206829,201406,97500,84
15759,206829,201405,97500,84
15759,206829,201404,96500,84
15759,206829,201403,96500,84
15759,206829,201402,96500,84
15759,206829,201401,96500,84
15759,206829,201812,185000,84
15759,206829,201811,185000,84
15759,206829,201810,185000,84
15759,206829,201809,185000,84
15759,206829,201808,185000,84
15759,206829,201807,180000,84
15759,206829,201806,177500,84
15759,206829,201805,175000,84
15759,206829,201804,172500,84
15759,206829,201803,170000,84
15759,206829,201802,165000,84
15759,206829,201801,165000,84
15759,206829,201712,152500,84
15759,206829,201711,152500,84
15759,206829,201710,145000,84
15759,206829,201709,140000,84
15759,206829,201708,140000,84
15759,206829,201707,140000,84
15759,206829,201706,132500,84
15759,206829,201705,130000,84
15759,206829,201704,130000,84
15759,206829,201703,130000,84
15759,206829,201702,130000,84
15759,206829,201701,130000,84
15759,206829,201612,130000,84
15759,206829,201611,130000,84
15759,206829,201610,130000,84
15759,206829,201609,116000,84
15759,206829,201608,116000,84
15759,206829,201607,116000,84
15759,206829,201606,116000,84
15759,206829,201605,111000,84
15759,206829,201604,110000,84
15759,206829,201603,110000,84
15759,206829,201602,110000,84
15759,206829,201601,110000,84
15759,206829,201912,211500,84
15759,206829,201911,206500,84
15759,206829,201910,202500,84
15759,206829,201909,197500,84
15759,206829,201908,192500,84
15759,206829,201907,189000,84
15759,206829,201906,185000,84
15759,206829,201905,185000,84
15759,206829,201904,185000,84
15759,206829,201903,185000,84
15759,206829,201902,185000,84
15759,206829,201901,185000,84
15759,206829,202012,230000,84
15759,206829,202011,227500,84
15759,206829,202010,222500,84
15759,206829,202009,222500,84
15759,206829,202008,222500,84
15759,206829,202007,222500,84
15759,206829,202006,221500,84
15759,206829,202005,211500,84
15759,206829,202004,211500,84
15759,206829,202003,211500,84
15759,206829,202002,211500,84
15759,206829,202001,211500,84
15759,206829,202112,270000,84
15759,206829,202111,262500,84
15759,206829,202110,250000,84
15759,206829,202109,232500,84
15759,206829,202108,232500,84
15759,206829,202107,232500,84
15759,206829,202106,232500,84
15759,206829,202105,232500,84
15759,206829,202104,232500,84
15759,206829,202103,232500,84
15759,206829,202102,232500,84
15759,206829,202101,230000,84
15759,206829,202212,275000,84
15759,206829,202211,275000,84
15759,206829,202210,275000,84
15759,206829,202209,275000,84
15759,206829,202208,275000,84
15759,206829,202207,275000,84
15759,206829,202206,275000,84
15759,206829,202205,275000,84
15759,206829,202204,275000,84
15759,206829,202203,275000,84
15759,206829,202202,270000,84
15759,206829,202201,270000,84
15759,206829,202312,257500,84
15759,206829,202311,257500,84
15759,206829,202310,257500,84
15759,206829,202309,257500,84
15759,206829,202308,257500,84
15759,206829,202307,257500,84
15759,206829,202306,257500,84
15759,206829,202305,257500,84
15759,206829,202304,257500,84
15759,206829,202303,257500,84
15759,206829,202302,257500,84
15759,206829,202301,257500,84
15759,206829,202412,270000,84
15759,206829,202411,270000,84
15759,206829,202410,270000,84
15759,206829,202409,267500,84
15759,206829,202408,260000,84
15759,206829,202407,260000,84
15759,206829,202406,257500,84
15759,206829,202405,257500,84
15759,206829,202404,257500,84
15759,206829,202403,257500,84
15759,206829,202402,257500,84
15759,206829,202401,257500,84
15759,206829,202512,325000,84
15759,206829,202511,325000,84
15759,206829,202510,325000,84
15759,206829,202509,320000,84
15759,206829,202508,320000,84
15759,206829,202507,320000,84
15759,206829,202506,315000,84
15759,206829,202505,302500,84
15759,206829,202504,302500,84
15759,206829,202503,297500,84
15759,206829,202502,270000,84
15759,206829,202501,270000,84
15759,206829,202607,335000,84
15759,206829,202606,330000,84
15759,206829,202605,320000,84
15759,206829,202604,320000,84
15759,206829,202603,320000,84
15759,206829,202602,325000,84
15759,206829,202601,325000,84
15758,134592,200812,92500,84
15758,134592,200811,92500,84
15758,134592,200810,92500,84
15758,134592,200809,96000,84
15758,134592,200808,96000,84
15758,134592,200807,96000,84
15758,134592,200806,96000,84
15758,134592,200805,96000,84
15758,134592,200804,92000,84
15758,134592,200803,92000,84
15758,134592,200802,92000,84
15758,134592,200801,92000,84
15758,134592,201012,103500,84
15758,134592,201011,103500,84
15758,134592,201010,103500,84
15758,134592,201009,103500,84
15758,134592,201008,103500,84
15758,134592,201007,103500,84
15758,134592,201006,103500,84
15758,134592,201005,103500,84
15758,134592,201004,101000,84
15758,134592,201003,101000,84
15758,134592,201002,101000,84
15758,134592,201001,100000,84
15758,134592,201112,103500,84
15758,134592,201111,103500,84
15758,134592,201110,104000,84
15758,134592,201109,104500,84
15758,134592,201108,104500,84
15758,134592,201107,104500,84
15758,134592,201106,104500,84
15758,134592,201105,104500,84
15758,134592,201104,105000,84
15758,134592,201103,105000,84
15758,134592,201102,105000,84
15758,134592,201101,105000,84
15758,134592,200912,100000,84
15758,134592,200911,100000,84
15758,134592,200910,100000,84
15758,134592,200909,100000,84
15758,134592,200908,100000,84
15758,134592,200907,97500,84
15758,134592,200906,96500,84
15758,134592,200905,96500,84
15758,134592,200904,96500,84
15758,134592,200903,93500,84
15758,134592,200902,93500,84
15758,134592,200901,92500,84
15758,134592,201312,100000,84
15758,134592,201311,100000,84
15758,134592,201310,100000,84
15758,134592,201309,100000,84
15758,134592,201308,100000,84
15758,134592,201307,100000,84
15758,134592,201306,100000,84
15758,134592,201305,100000,84
15758,134592,201304,99000,84
15758,134592,201303,99000,84
15758,134592,201302,99000,84
15758,134592,201301,99000,84
15758,134592,201412,101500,84
15758,134592,201411,101500,84
15758,134592,201410,101500,84
15758,134592,201409,101500,84
15758,134592,201408,101500,84
15758,134592,201407,100000,84
15758,134592,201406,100000,84
15758,134592,201405,100000,84
15758,134592,201404,100000,84
15758,134592,201403,100000,84
15758,134592,201402,100000,84
15758,134592,201401,100000,84
15758,134592,201512,112500,84
15758,134592,201511,112500,84
15758,134592,201510,112000,84
15758,134592,201509,110500,84
15758,134592,201508,110500,84
15758,134592,201507,110500,84
15758,134592,201506,106500,84
15758,134592,201505,105000,84
15758,134592,201504,105000,84
15758,134592,201503,105000,84
15758,134592,201502,102250,84
15758,134592,201501,102000,84
15758,134592,201612,132500,84
15758,134592,201611,130000,84
15758,134592,201610,127500,84
15758,134592,201609,120000,84
15758,134592,201608,120000,84
15758,134592,201607,120000,84
15758,134592,201606,120000,84
15758,134592,201605,113500,84
15758,134592,201604,112500,84
15758,134592,201603,112500,84
15758,134592,201602,112500,84
15758,134592,201601,112500,84
15758,134592,201712,155000,84
15758,134592,201711,155000,84
15758,134592,201710,150000,84
15758,134592,201709,145000,84
15758,134592,201708,145000,84
15758,134592,201707,145000,84
15758,134592,201706,135000,84
15758,134592,201705,132500,84
15758,134592,201704,132500,84
15758,134592,201703,132500,84
15758,134592,201702,132500,84
15758,134592,201701,132500,84
15758,134592,201812,185000,84
15758,134592,201811,185000,84
15758,134592,201810,185000,84
15758,134592,201809,184000,84
15758,134592,201808,184000,84
15758,134592,201807,180000,84
15758,134592,201806,180000,84
15758,134592,201805,180000,84
15758,134592,201804,180000,84
15758,134592,201803,177500,84
15758,134592,201802,172500,84
15758,134592,201801,172500,84
15758,134592,201912,202500,84
15758,134592,201911,202500,84
15758,134592,201910,202500,84
15758,134592,201909,202500,84
15758,134592,201908,197500,84
15758,134592,201907,195000,84
15758,134592,201906,190000,84
15758,134592,201905,185000,84
15758,134592,201904,185000,84
15758,134592,201903,185000,84
15758,134592,201902,185000,84
15758,134592,201901,185000,84
15758,134592,202012,227500,84
15758,134592,202011,227500,84
15758,134592,202010,227500,84
15758,134592,202009,227500,84
15758,134592,202008,227500,84
15758,134592,202007,227500,84
15758,134592,202006,227500,84
15758,134592,202005,222500,84
15758,134592,202004,222500,84
15758,134592,202003,222500,84
15758,134592,202002,222500,84
15758,134592,202001,215000,84
15758,134592,202312,260000,84
15758,134592,202311,260000,84
15758,134592,202310,260000,84
15758,134592,202309,255000,84
15758,134592,202308,255000,84
15758,134592,202307,255000,84
15758,134592,202306,255000,84
15758,134592,202305,255000,84
15758,134592,202304,255000,84
15758,134592,202303,257500,84
15758,134592,202302,257500,84
15758,134592,202301,257500,84
15758,134592,202212,262500,84
15758,134592,202211,262500,84
15758,134592,202210,262500,84
15758,134592,202209,262500,84
15758,134592,202208,262500,84
15758,134592,202207,262500,84
15758,134592,202206,262500,84
15758,134592,202205,262500,84
15758,134592,202204,262500,84
15758,134592,202203,262500,84
15758,134592,202202,262500,84
15758,134592,202201,262500,84
15758,134592,202112,262500,84
15758,134592,202111,260000,84
15758,134592,202110,245000,84
15758,134592,202109,237500,84
15758,134592,202108,237500,84
15758,134592,202107,235000,84
15758,134592,202106,235000,84
15758,134592,202105,235000,84
15758,134592,202104,235000,84
15758,134592,202103,232500,84
15758,134592,202102,227500,84
15758,134592,202101,227500,84
15758,134592,202412,277500,84
15758,134592,202411,277500,84
15758,134592,202410,277500,84
15758,134592,202409,270000,84
15758,134592,202408,266000,84
15758,134592,202407,262500,84
15758,134592,202406,260000,84
15758,134592,202405,260000,84
15758,134592,202404,260000,84
15758,134592,202403,260000,84
15758,134592,202402,260000,84
15758,134592,202401,260000,84
15758,134592,202607,350000,84
15758,134592,202606,345000,84
15758,134592,202605,345000,84
15758,134592,202604,345000,84
15758,134592,202603,345000,84
15758,134592,202602,350000,84
15758,134592,202601,345000,84
15758,134592,202512,345000,84
15758,134592,202511,340000,84
15758,134592,202510,337500,84
15758,134592,202509,332500,84
15758,134592,202508,330000,84
15758,134592,202507,330000,84
15758,134592,202506,315000,84
15758,134592,202505,310000,84
15758,134592,202504,310000,84
15758,134592,202503,307500,84
15758,134592,202502,282500,84
15758,134592,202501,277500,84
15758,134592,201212,99000,84
15758,134592,201211,99000,84
15758,134592,201210,99000,84
15758,134592,201209,102500,84
15758,134592,201208,103000,84
15758,134592,201207,103500,84
15758,134592,201206,103500,84
15758,134592,201205,103500,84
15758,134592,201204,103500,84
15758,134592,201203,103500,84
15758,134592,201202,103500,84
15758,134592,201201,103500,84
15758,157405,200912,100000,84
15758,157405,200911,100000,84
15758,157405,200910,100000,84
15758,157405,200909,100000,84
15758,157405,200908,100000,84
15758,157405,200907,97500,84
15758,157405,200906,95500,84
15758,157405,200905,95500,84
15758,157405,200904,95500,84
15758,157405,200903,93500,84
15758,157405,200902,93500,84
15758,157405,200901,92500,84
15758,157405,201112,105000,84
15758,157405,201111,105000,84
15758,157405,201110,105000,84
15758,157405,201109,105000,84
15758,157405,201108,105000,84
15758,157405,201107,105000,84
15758,157405,201106,105000,84
15758,157405,201105,105000,84
15758,157405,201104,105000,84
15758,157405,201103,105000,84
15758,157405,201102,105000,84
15758,157405,201101,105000,84
15758,157405,200812,92500,84
15758,157405,200811,92500,84
15758,157405,200810,92500,84
15758,157405,200809,96000,84
15758,157405,200808,96000,84
15758,157405,200807,96000,84
15758,157405,200806,96000,84
15758,157405,200805,96000,84
15758,157405,200804,92500,84
15758,157405,200803,92500,84
15758,157405,200802,92500,84
15758,157405,200801,92500,84
15758,157405,201012,102500,84
15758,157405,201011,102500,84
15758,157405,201010,102500,84
15758,157405,201009,102500,84
15758,157405,201008,102500,84
15758,157405,201007,102500,84
15758,157405,201006,102500,84
15758,157405,201005,102500,84
15758,157405,201004,100000,84
15758,157405,201003,100000,84
15758,157405,201002,101000,84
15758,157405,201001,100000,84
15758,157405,201312,100000,84
15758,157405,201311,100000,84
15758,157405,201310,100000,84
15758,157405,201309,100000,84
15758,157405,201308,100000,84
15758,157405,201307,100000,84
15758,157405,201306,100000,84
15758,157405,201305,100000,84
15758,157405,201304,101500,84
15758,157405,201303,101500,84
15758,157405,201302,101500,84
15758,157405,201301,101500,84
15758,157405,201412,101500,84
15758,157405,201411,101500,84
15758,157405,201410,101500,84
15758,157405,201409,101500,84
15758,157405,201408,101500,84
15758,157405,201407,100000,84
15758,157405,201406,100000,84
15758,157405,201405,100000,84
15758,157405,201404,100000,84
15758,157405,201403,100000,84
15758,157405,201402,100000,84
15758,157405,201401,100000,84
15758,157405,201712,155000,84
15758,157405,201711,155000,84
15758,157405,201710,150000,84
15758,157405,201709,145000,84
15758,157405,201708,145000,84
15758,157405,201707,145000,84
15758,157405,201706,135000,84
15758,157405,201705,132500,84
15758,157405,201704,132500,84
15758,157405,201703,132500,84
15758,157405,201702,132500,84
15758,157405,201701,132500,84
15758,157405,201612,132500,84
15758,157405,201611,130000,84
15758,157405,201610,127500,84
15758,157405,201609,120000,84
15758,157405,201608,120000,84
15758,157405,201607,120000,84
15758,157405,201606,120000,84
15758,157405,201605,113500,84
15758,157405,201604,112500,84
15758,157405,201603,112500,84
15758,157405,201602,112500,84
15758,157405,201601,112500,84
15758,157405,201812,185000,84
15758,157405,201811,185000,84
15758,157405,201810,185000,84
15758,157405,201809,184000,84
15758,157405,201808,184000,84
15758,157405,201807,180000,84
15758,157405,201806,180000,84
15758,157405,201805,180000,84
15758,157405,201804,180000,84
15758,157405,201803,177500,84
15758,157405,201802,172500,84
15758,157405,201801,172500,84
15758,157405,201912,202500,84
15758,157405,201911,202500,84
15758,157405,201910,202500,84
15758,157405,201909,202500,84
15758,157405,201908,195000,84
15758,157405,201907,192500,84
15758,157405,201906,190000,84
15758,157405,201905,185000,84
15758,157405,201904,185000,84
15758,157405,201903,185000,84
15758,157405,201902,185000,84
15758,157405,201901,185000,84
15758,157405,201212,101500,84
15758,157405,201211,101500,84
15758,157405,201210,101500,84
15758,157405,201209,105000,84
15758,157405,201208,105000,84
15758,157405,201207,105000,84
15758,157405,201206,105000,84
15758,157405,201205,105000,84
15758,157405,201204,105000,84
15758,157405,201203,105000,84
15758,157405,201202,105000,84
15758,157405,201201,105000,84
15758,157405,202112,262500,84
15758,157405,202111,260000,84
15758,157405,202110,242500,84
15758,157405,202109,237500,84
15758,157405,202108,237500,84
15758,157405,202107,235000,84
15758,157405,202106,235000,84
15758,157405,202105,235000,84
15758,157405,202104,235000,84
15758,157405,202103,232500,84
15758,157405,202102,227500,84
15758,157405,202101,227500,84
15758,157405,201512,112500,84
15758,157405,201511,112500,84
15758,157405,201510,112000,84
15758,157405,201509,109500,84
15758,157405,201508,109500,84
15758,157405,201507,109500,84
15758,157405,201506,105500,84
15758,157405,201505,105000,84
15758,157405,201504,105000,84
15758,157405,201503,105000,84
15758,157405,201502,102250,84
15758,157405,201501,102000,84
15758,157405,202012,227500,84
15758,157405,202011,227500,84
15758,157405,202010,227500,84
15758,157405,202009,227500,84
15758,157405,202008,227500,84
15758,157405,202007,227500,84
15758,157405,202006,227500,84
15758,157405,202005,222500,84
15758,157405,202004,222500,84
15758,157405,202003,222500,84
15758,157405,202002,222500,84
15758,157405,202001,215000,84
15758,157405,202212,262500,84
15758,157405,202211,262500,84
15758,157405,202210,262500,84
15758,157405,202209,262500,84
15758,157405,202208,262500,84
15758,157405,202207,262500,84
15758,157405,202206,262500,84
15758,157405,202205,262500,84
15758,157405,202204,262500,84
15758,157405,202203,262500,84
15758,157405,202202,262500,84
15758,157405,202201,262500,84
15758,157405,202312,260000,84
15758,157405,202311,260000,84
15758,157405,202310,260000,84
15758,157405,202309,255000,84
15758,157405,202308,255000,84
15758,157405,202307,255000,84
15758,157405,202306,255000,84
15758,157405,202305,255000,84
15758,157405,202304,255000,84
15758,157405,202303,257500,84
15758,157405,202302,257500,84
15758,157405,202301,257500,84
15758,157405,202412,277500,84
15758,157405,202411,277500,84
15758,157405,202410,277500,84
15758,157405,202409,270000,84
15758,157405,202408,266000,84
15758,157405,202407,262500,84
15758,157405,202406,260000,84
15758,157405,202405,260000,84
15758,157405,202404,260000,84
15758,157405,202403,260000,84
15758,157405,202402,260000,84
15758,157405,202401,260000,84
15758,157405,202512,345000,84
15758,157405,202511,340000,84
15758,157405,202510,337500,84
15758,157405,202509,332500,84
15758,157405,202508,330000,84
15758,157405,202507,330000,84
15758,157405,202506,315000,84
15758,157405,202505,310000,84
15758,157405,202504,310000,84
15758,157405,202503,307500,84
15758,157405,202502,282500,84
15758,157405,202501,277500,84
15758,157405,202607,350000,84
15758,157405,202606,345000,84
15758,157405,202605,345000,84
15758,157405,202604,345000,84
15758,157405,202603,345000,84
15758,157405,202602,350000,84
15758,157405,202601,345000,84
15758,186168,201012,101500,84
15758,186168,201011,101500,84
15758,186168,201010,101500,84
15758,186168,201009,101500,84
15758,186168,201008,101500,84
15758,186168,201007,101500,84
15758,186168,201006,101500,84
15758,186168,201005,101500,84
15758,186168,201004,99000,84
15758,186168,201003,99000,84
15758,186168,201002,99000,84
15758,186168,201001,99000,84
15758,186168,200812,89000,84
15758,186168,200811,89000,84
15758,186168,200810,89000,84
15758,186168,200809,90000,84
15758,186168,200808,90000,84
15758,186168,200807,90000,84
15758,186168,200806,90000,84
15758,186168,200805,90000,84
15758,186168,200804,88500,84
15758,186168,200803,88500,84
15758,186168,200802,88500,84
15758,186168,200801,88500,84
15758,186168,200912,99000,84
15758,186168,200911,99000,84
15758,186168,200910,99000,84
15758,186168,200909,99000,84
15758,186168,200908,99000,84
15758,186168,200907,95500,84
15758,186168,200906,94000,84
15758,186168,200905,94000,84
15758,186168,200904,94000,84
15758,186168,200903,91500,84
15758,186168,200902,91500,84
15758,186168,200901,89000,84
15758,186168,201112,104000,84
15758,186168,201111,104000,84
15758,186168,201110,104000,84
15758,186168,201109,104000,84
15758,186168,201108,104000,84
15758,186168,201107,104000,84
15758,186168,201106,104000,84
15758,186168,201105,104000,84
15758,186168,201104,104000,84
15758,186168,201103,104000,84
15758,186168,201102,104000,84
15758,186168,201101,104000,84
15758,186168,201412,98000,84
15758,186168,201411,98000,84
15758,186168,201410,98000,84
15758,186168,201409,98000,84
15758,186168,201408,98000,84
15758,186168,201407,97000,84
15758,186168,201406,97000,84
15758,186168,201405,97000,84
15758,186168,201404,97000,84
15758,186168,201403,97000,84
15758,186168,201402,97000,84
15758,186168,201401,97000,84
15758,186168,201612,125000,84
15758,186168,201611,125000,84
15758,186168,201610,120000,84
15758,186168,201609,115000,84
15758,186168,201608,115000,84
15758,186168,201607,114000,84
15758,186168,201606,114000,84
15758,186168,201605,110000,84
15758,186168,201604,108500,84
15758,186168,201603,108500,84
15758,186168,201602,108500,84
15758,186168,201601,108500,84
15758,186168,201512,108500,84
15758,186168,201511,108500,84
15758,186168,201510,106000,84
15758,186168,201509,105000,84
15758,186168,201508,105000,84
15758,186168,201507,105000,84
15758,186168,201506,104000,84
15758,186168,201505,100750,84
15758,186168,201504,100750,84
15758,186168,201503,100500,84
15758,186168,201502,98000,84
15758,186168,201501,98000,84
15758,186168,201312,97000,84
15758,186168,201311,97000,84
15758,186168,201310,97000,84
15758,186168,201309,97000,84
15758,186168,201308,97000,84
15758,186168,201307,97000,84
15758,186168,201306,97000,84
15758,186168,201305,98000,84
15758,186168,201304,100000,84
15758,186168,201303,100000,84
15758,186168,201302,100000,84
15758,186168,201301,100000,84
15758,186168,201212,100000,84
15758,186168,201211,100000,84
15758,186168,201210,100000,84
15758,186168,201209,104000,84
15758,186168,201208,104000,84
15758,186168,201207,104000,84
15758,186168,201206,104000,84
15758,186168,201205,104000,84
15758,186168,201204,104000,84
15758,186168,201203,104000,84
15758,186168,201202,104000,84
15758,186168,201201,104000,84
15758,186168,201812,176500,84
15758,186168,201811,176500,84
15758,186168,201810,176500,84
15758,186168,201809,176500,84
15758,186168,201808,176500,84
15758,186168,201807,172500,84
15758,186168,201806,172500,84
15758,186168,201805,172500,84
15758,186168,201804,172500,84
15758,186168,201803,170000,84
15758,186168,201802,167500,84
15758,186168,201801,167500,84
15758,186168,201712,150000,84
15758,186168,201711,150000,84
15758,186168,201710,145000,84
15758,186168,201709,140000,84
15758,186168,201708,140000,84
15758,186168,201707,140000,84
15758,186168,201706,130000,84
15758,186168,201705,127500,84
15758,186168,201704,125000,84
15758,186168,201703,125000,84
15758,186168,201702,125000,84
15758,186168,201701,125000,84
15758,186168,201912,190000,84
15758,186168,201911,190000,84
15758,186168,201910,187500,84
15758,186168,201909,187500,84
15758,186168,201908,185000,84
15758,186168,201907,180000,84
15758,186168,201906,177500,84
15758,186168,201905,176500,84
15758,186168,201904,176500,84
15758,186168,201903,176500,84
15758,186168,201902,176500,84
15758,186168,201901,176500,84
15758,186168,202012,222500,84
15758,186168,202011,220000,84
15758,186168,202010,220000,84
15758,186168,202009,220000,84
15758,186168,202008,220000,84
15758,186168,202007,220000,84
15758,186168,202006,220000,84
15758,186168,202005,215000,84
15758,186168,202004,215000,84
15758,186168,202003,215000,84
15758,186168,202002,215000,84
15758,186168,202001,205000,84
15758,186168,202112,260000,84
15758,186168,202111,257500,84
15758,186168,202110,240000,84
15758,186168,202109,232500,84
15758,186168,202108,232500,84
15758,186168,202107,230000,84
15758,186168,202106,230000,84
15758,186168,202105,230000,84
15758,186168,202104,230000,84
15758,186168,202103,227500,84
15758,186168,202102,222500,84
15758,186168,202101,222500,84
15758,186168,202212,260000,84
15758,186168,202211,260000,84
15758,186168,202210,260000,84
15758,186168,202209,260000,84
15758,186168,202208,260000,84
15758,186168,202207,260000,84
15758,186168,202206,260000,84
15758,186168,202205,260000,84
15758,186168,202204,260000,84
15758,186168,202203,260000,84
15758,186168,202202,260000,84
15758,186168,202201,260000,84
15758,186168,202312,255000,84
15758,186168,202311,255000,84
15758,186168,202310,255000,84
15758,186168,202309,252500,84
15758,186168,202308,252500,84
15758,186168,202307,252500,84
15758,186168,202306,252500,84
15758,186168,202305,252500,84
15758,186168,202304,252500,84
15758,186168,202303,255000,84
15758,186168,202302,255000,84
15758,186168,202301,255000,84
15758,186168,202412,272500,84
15758,186168,202411,272500,84
15758,186168,202410,272500,84
15758,186168,202409,267500,84
15758,186168,202408,262500,84
15758,186168,202407,257500,84
15758,186168,202406,255000,84
15758,186168,202405,255000,84
15758,186168,202404,255000,84
15758,186168,202403,255000,84
15758,186168,202402,255000,84
15758,186168,202401,255000,84
15758,186168,202512,345000,84
15758,186168,202511,340000,84
15758,186168,202510,337500,84
15758,186168,202509,332500,84
15758,186168,202508,330000,84
15758,186168,202507,330000,84
15758,186168,202506,315000,84
15758,186168,202505,310000,84
15758,186168,202504,310000,84
15758,186168,202503,307500,84
15758,186168,202502,277500,84
15758,186168,202501,272500,84
15758,186168,202607,350000,84
15758,186168,202606,345000,84
15758,186168,202605,345000,84
15758,186168,202604,345000,84
15758,186168,202603,345000,84
15758,186168,202602,350000,84
15758,186168,202601,345000,84
15758,173984,200912,99000,84
15758,173984,200911,99000,84
15758,173984,200910,99000,84
15758,173984,200909,99000,84
15758,173984,200908,99000,84
15758,173984,200907,95500,84
15758,173984,200906,94000,84
15758,173984,200905,94000,84
15758,173984,200904,94000,84
15758,173984,200903,91500,84
15758,173984,200902,91500,84
15758,173984,200901,89000,84
15758,173984,200812,89000,84
15758,173984,200811,89000,84
15758,173984,200810,89000,84
15758,173984,200809,90000,84
15758,173984,200808,90000,84
15758,173984,200807,90000,84
15758,173984,200806,90000,84
15758,173984,200805,90000,84
15758,173984,200804,86500,84
15758,173984,200803,86500,84
15758,173984,200802,86500,84
15758,173984,200801,86500,84
15758,173984,201012,101500,84
15758,173984,201011,101500,84
15758,173984,201010,101500,84
15758,173984,201009,101500,84
15758,173984,201008,101500,84
15758,173984,201007,101500,84
15758,173984,201006,101500,84
15758,173984,201005,101500,84
15758,173984,201004,99000,84
15758,173984,201003,99000,84
15758,173984,201002,99000,84
15758,173984,201001,99000,84
15758,173984,201112,104000,84
15758,173984,201111,104000,84
15758,173984,201110,104000,84
15758,173984,201109,104000,84
15758,173984,201108,104000,84
15758,173984,201107,104000,84
15758,173984,201106,104000,84
15758,173984,201105,104000,84
15758,173984,201104,104000,84
15758,173984,201103,104000,84
15758,173984,201102,104000,84
15758,173984,201101,104000,84
15758,173984,201212,100000,84
15758,173984,201211,100000,84
15758,173984,201210,100000,84
15758,173984,201209,104000,84
15758,173984,201208,104000,84
15758,173984,201207,104000,84
15758,173984,201206,104000,84
15758,173984,201205,104000,84
15758,173984,201204,104000,84
15758,173984,201203,104000,84
15758,173984,201202,104000,84
15758,173984,201201,104000,84
15758,173984,201312,97000,84
15758,173984,201311,97000,84
15758,173984,201310,97000,84
15758,173984,201309,97000,84
15758,173984,201308,97000,84
15758,173984,201307,97000,84
15758,173984,201306,97000,84
15758,173984,201305,98000,84
15758,173984,201304,100000,84
15758,173984,201303,100000,84
15758,173984,201302,100000,84
15758,173984,201301,100000,84
15758,173984,201612,125000,84
15758,173984,201611,125000,84
15758,173984,201610,120000,84
15758,173984,201609,115000,84
15758,173984,201608,115000,84
15758,173984,201607,114000,84
15758,173984,201606,114000,84
15758,173984,201605,110000,84
15758,173984,201604,108500,84
15758,173984,201603,108500,84
15758,173984,201602,108500,84
15758,173984,201601,108500,84
15758,173984,201812,176500,84
15758,173984,201811,176500,84
15758,173984,201810,176500,84
15758,173984,201809,176500,84
15758,173984,201808,176500,84
15758,173984,201807,172500,84
15758,173984,201806,172500,84
15758,173984,201805,172500,84
15758,173984,201804,172500,84
15758,173984,201803,170000,84
15758,173984,201802,167500,84
15758,173984,201801,167500,84
15758,173984,201712,150000,84
15758,173984,201711,150000,84
15758,173984,201710,145000,84
15758,173984,201709,140000,84
15758,173984,201708,140000,84
15758,173984,201707,140000,84
15758,173984,201706,130000,84
15758,173984,201705,127500,84
15758,173984,201704,125000,84
15758,173984,201703,125000,84
15758,173984,201702,125000,84
15758,173984,201701,125000,84
15758,173984,202012,222500,84
15758,173984,202011,222500,84
15758,173984,202010,220000,84
15758,173984,202009,220000,84
15758,173984,202008,220000,84
15758,173984,202007,220000,84
15758,173984,202006,220000,84
15758,173984,202005,215000,84
15758,173984,202004,215000,84
15758,173984,202003,215000,84
15758,173984,202002,215000,84
15758,173984,202001,205000,84
15758,173984,201912,190000,84
15758,173984,201911,190000,84
15758,173984,201910,187500,84
15758,173984,201909,187500,84
15758,173984,201908,185000,84
15758,173984,201907,180000,84
15758,173984,201906,177500,84
15758,173984,201905,176500,84
15758,173984,201904,176500,84
15758,173984,201903,176500,84
15758,173984,201902,176500,84
15758,173984,201901,176500,84
15758,173984,202212,255000,84
15758,173984,202211,255000,84
15758,173984,202210,255000,84
15758,173984,202209,255000,84
15758,173984,202208,255000,84
15758,173984,202207,255000,84
15758,173984,202206,255000,84
15758,173984,202205,255000,84
15758,173984,202204,255000,84
15758,173984,202203,255000,84
15758,173984,202202,255000,84
15758,173984,202201,255000,84
15758,173984,202112,255000,84
15758,173984,202111,252500,84
15758,173984,202110,240000,84
15758,173984,202109,230000,84
15758,173984,202108,230000,84
15758,173984,202107,230000,84
15758,173984,202106,230000,84
15758,173984,202105,230000,84
15758,173984,202104,230000,84
15758,173984,202103,227500,84
15758,173984,202102,222500,84
15758,173984,202101,222500,84
15758,173984,202412,265000,84
15758,173984,202411,265000,84
15758,173984,202410,265000,84
15758,173984,202409,260000,84
15758,173984,202408,257500,84
15758,173984,202407,252500,84
15758,173984,202406,250000,84
15758,173984,202405,250000,84
15758,173984,202404,250000,84
15758,173984,202403,250000,84
15758,173984,202402,250000,84
15758,173984,202401,250000,84
15758,173984,202312,250000,84
15758,173984,202311,250000,84
15758,173984,202310,250000,84
15758,173984,202309,247500,84
15758,173984,202308,247500,84
15758,173984,202307,247500,84
15758,173984,202306,247500,84
15758,173984,202305,247500,84
15758,173984,202304,247500,84
15758,173984,202303,250000,84
15758,173984,202302,250000,84
15758,173984,202301,250000,84
15758,173984,202512,335000,84
15758,173984,202511,330000,84
15758,173984,202510,327500,84
15758,173984,202509,322500,84
15758,173984,202508,320000,84
15758,173984,202507,320000,84
15758,173984,202506,305000,84
15758,173984,202505,300000,84
15758,173984,202504,300000,84
15758,173984,202503,297500,84
15758,173984,202502,270000,84
15758,173984,202501,265000,84
15758,173984,202607,340000,84
15758,173984,202606,335000,84
15758,173984,202605,335000,84
15758,173984,202604,335000,84
15758,173984,202603,335000,84
15758,173984,202602,340000,84
15758,173984,202601,335000,84
15758,173984,201412,98000,84
15758,173984,201411,98000,84
15758,173984,201410,98000,84
15758,173984,201409,98000,84
15758,173984,201408,98000,84
15758,173984,201407,97000,84
15758,173984,201406,97000,84
15758,173984,201405,97000,84
15758,173984,201404,97000,84
15758,173984,201403,97000,84
15758,173984,201402,97000,84
15758,173984,201401,97000,84
15758,173984,201512,108500,84
15758,173984,201511,108500,84
15758,173984,201510,106000,84
15758,173984,201509,105000,84
15758,173984,201508,105000,84
15758,173984,201507,105000,84
15758,173984,201506,104000,84
15758,173984,201505,100750,84
15758,173984,201504,100750,84
15758,173984,201503,100500,84
15758,173984,201502,98000,84
15758,173984,201501,98000,84
25248,24186,201312,111000,84
25248,24186,201311,111000,84
25248,24186,201310,111000,84
25248,24186,201309,108500,84
25248,24186,201308,108000,84
25248,24186,201307,108000,84
25248,24186,201306,108000,84
25248,24186,201305,108000,84
25248,24186,201304,108000,84
25248,24186,201303,108000,84
25248,24186,201302,109000,84
25248,24186,201301,109000,84
25248,24186,201512,121500,84
25248,24186,201511,119000,84
25248,24186,201510,119000,84
25248,24186,201509,119000,84
25248,24186,201508,119000,84
25248,24186,201507,117500,84
25248,24186,201506,116000,84
25248,24186,201505,116000,84
25248,24186,201504,116000,84
25248,24186,201503,116000,84
25248,24186,201502,112500,84
25248,24186,201501,112500,84
25248,24186,201412,112500,84
25248,24186,201411,112500,84
25248,24186,201410,112500,84
25248,24186,201409,111500,84
25248,24186,201408,111500,84
25248,24186,201407,111500,84
25248,24186,201406,110500,84
25248,24186,201405,111000,84
25248,24186,201404,111000,84
25248,24186,201403,111000,84
25248,24186,201402,111000,84
25248,24186,201401,111000,84
25248,24186,201612,128000,84
25248,24186,201611,127500,84
25248,24186,201610,127500,84
25248,24186,201609,127000,84
25248,24186,201608,127000,84
25248,24186,201607,126000,84
25248,24186,201606,126000,84
25248,24186,201605,123000,84
25248,24186,201604,121500,84
25248,24186,201603,121500,84
25248,24186,201602,121500,84
25248,24186,201601,121500,84
25248,24186,201712,146500,84
25248,24186,201711,140000,84
25248,24186,201710,140000,84
25248,24186,201709,140000,84
25248,24186,201708,139000,84
25248,24186,201707,139000,84
25248,24186,201706,131000,84
25248,24186,201705,131000,84
25248,24186,201704,130000,84
25248,24186,201703,130000,84
25248,24186,201702,129000,84
25248,24186,201701,128000,84
25248,24186,201912,215000,84
25248,24186,201911,207500,84
25248,24186,201910,202500,84
25248,24186,201909,202500,84
25248,24186,201908,200000,84
25248,24186,201907,196500,84
25248,24186,201906,195000,84
25248,24186,201905,195000,84
25248,24186,201904,192500,84
25248,24186,201903,192500,84
25248,24186,201902,192500,84
25248,24186,201901,192500,84
25248,24186,202012,267500,84
25248,24186,202011,265000,84
25248,24186,202010,262500,84
25248,24186,202009,252500,84
25248,24186,202008,252500,84
25248,24186,202007,252500,84
25248,24186,202006,240000,84
25248,24186,202005,240000,84
25248,24186,202004,240000,84
25248,24186,202003,240000,84
25248,24186,202002,220000,84
25248,24186,202001,220000,84
25248,24186,202112,275000,84
25248,24186,202111,275000,84
25248,24186,202110,275000,84
25248,24186,202109,275000,84
25248,24186,202108,275000,84
25248,24186,202107,275000,84
25248,24186,202106,275000,84
25248,24186,202105,275000,84
25248,24186,202104,275000,84
25248,24186,202103,270000,84
25248,24186,202102,270000,84
25248,24186,202101,267500,84
25248,24186,201212,109000,84
25248,24186,201211,109000,84
25248,24186,201210,110000,84
25248,24186,201209,110000,84
25248,24186,201208,110000,84
25248,24186,201812,192500,84
25248,24186,201811,192500,84
25248,24186,201810,180000,84
25248,24186,201809,180000,84
25248,24186,201808,180000,84
25248,24186,201807,175000,84
25248,24186,201806,171500,84
25248,24186,201805,170000,84
25248,24186,201804,170000,84
25248,24186,201803,169000,84
25248,24186,201802,161500,84
25248,24186,201801,161500,84
25248,24186,202512,337500,84
25248,24186,202511,337500,84
25248,24186,202510,337500,84
25248,24186,202509,330000,84
25248,24186,202508,327500,84
25248,24186,202507,327500,84
25248,24186,202506,325000,84
25248,24186,202505,305000,84
25248,24186,202504,290000,84
25248,24186,202503,287500,84
25248,24186,202502,287500,84
25248,24186,202501,287500,84
25248,24186,202412,287500,84
25248,24186,202411,287500,84
25248,24186,202410,287500,84
25248,24186,202409,287500,84
25248,24186,202408,287500,84
25248,24186,202407,287500,84
25248,24186,202406,287500,84
25248,24186,202405,287500,84
25248,24186,202404,287500,84
25248,24186,202403,287500,84
25248,24186,202402,287500,84
25248,24186,202401,287500,84
25248,24186,202212,276500,84
25248,24186,202211,276500,84
25248,24186,202210,277500,84
25248,24186,202209,280000,84
25248,24186,202208,280000,84
25248,24186,202207,280000,84
25248,24186,202206,280000,84
25248,24186,202205,280000,84
25248,24186,202204,275000,84
25248,24186,202203,275000,84
25248,24186,202202,275000,84
25248,24186,202201,275000,84
25248,24186,202312,287500,84
25248,24186,202311,287500,84
25248,24186,202310,285000,84
25248,24186,202309,285000,84
25248,24186,202308,279000,84
25248,24186,202307,279000,84
25248,24186,202306,279000,84
25248,24186,202305,279000,84
25248,24186,202304,279000,84
25248,24186,202303,276500,84
25248,24186,202302,276500,84
25248,24186,202301,276500,84
25248,24186,202607,340000,84
25248,24186,202606,340000,84
25248,24186,202605,340000,84
25248,24186,202604,337500,84
25248,24186,202603,337500,84
25248,24186,202602,337500,84
25248,24186,202601,337500,84
25248,71101,201212,109000,84
25248,71101,201211,109000,84
25248,71101,201210,110000,84
25248,71101,201209,110000,84
25248,71101,201208,110000,84
25248,71101,201312,111000,84
25248,71101,201311,111000,84
25248,71101,201310,111000,84
25248,71101,201309,108500,84
25248,71101,201308,108000,84
25248,71101,201307,108000,84
25248,71101,201306,108000,84
25248,71101,201305,108000,84
25248,71101,201304,108000,84
25248,71101,201303,108000,84
25248,71101,201302,109000,84
25248,71101,201301,109000,84
25248,71101,201412,112500,84
25248,71101,201411,112500,84
25248,71101,201410,112500,84
25248,71101,201409,111500,84
25248,71101,201408,111500,84
25248,71101,201407,111500,84
25248,71101,201406,110500,84
25248,71101,201405,111000,84
25248,71101,201404,111000,84
25248,71101,201403,111000,84
25248,71101,201402,111000,84
25248,71101,201401,111000,84
25248,71101,201512,121500,84
25248,71101,201511,119000,84
25248,71101,201510,119000,84
25248,71101,201509,119000,84
25248,71101,201508,119000,84
25248,71101,201507,117500,84
25248,71101,201506,116000,84
25248,71101,201505,116000,84
25248,71101,201504,116000,84
25248,71101,201503,116000,84
25248,71101,201502,112500,84
25248,71101,201501,112500,84
25248,71101,201612,128000,84
25248,71101,201611,127500,84
25248,71101,201610,127500,84
25248,71101,201609,127000,84
25248,71101,201608,127000,84
25248,71101,201607,126000,84
25248,71101,201606,126000,84
25248,71101,201605,123000,84
25248,71101,201604,121500,84
25248,71101,201603,121500,84
25248,71101,201602,121500,84
25248,71101,201601,121500,84
25248,71101,201712,146500,84
25248,71101,201711,140000,84
25248,71101,201710,140000,84
25248,71101,201709,140000,84
25248,71101,201708,139000,84
25248,71101,201707,139000,84
25248,71101,201706,131000,84
25248,71101,201705,131000,84
25248,71101,201704,130000,84
25248,71101,201703,130000,84
25248,71101,201702,129000,84
25248,71101,201701,128000,84
25248,71101,201812,192500,84
25248,71101,201811,192500,84
25248,71101,201810,180000,84
25248,71101,201809,180000,84
25248,71101,201808,180000,84
25248,71101,201807,175000,84
25248,71101,201806,171500,84
25248,71101,201805,170000,84
25248,71101,201804,170000,84
25248,71101,201803,169000,84
25248,71101,201802,161500,84
25248,71101,201801,161500,84
25248,71101,201912,215000,84
25248,71101,201911,207500,84
25248,71101,201910,202500,84
25248,71101,201909,202500,84
25248,71101,201908,200000,84
25248,71101,201907,196500,84
25248,71101,201906,195000,84
25248,71101,201905,195000,84
25248,71101,201904,192500,84
25248,71101,201903,192500,84
25248,71101,201902,192500,84
25248,71101,201901,192500,84
25248,71101,202012,267500,84
25248,71101,202011,265000,84
25248,71101,202010,262500,84
25248,71101,202009,252500,84
25248,71101,202008,252500,84
25248,71101,202007,252500,84
25248,71101,202006,240000,84
25248,71101,202005,240000,84
25248,71101,202004,240000,84
25248,71101,202003,240000,84
25248,71101,202002,220000,84
25248,71101,202001,220000,84
25248,71101,202212,276500,84
25248,71101,202211,276500,84
25248,71101,202210,277500,84
25248,71101,202209,280000,84
25248,71101,202208,280000,84
25248,71101,202207,280000,84
25248,71101,202206,280000,84
25248,71101,202205,280000,84
25248,71101,202204,275000,84
25248,71101,202203,275000,84
25248,71101,202202,275000,84
25248,71101,202201,275000,84
25248,71101,202112,275000,84
25248,71101,202111,275000,84
25248,71101,202110,275000,84
25248,71101,202109,275000,84
25248,71101,202108,275000,84
25248,71101,202107,275000,84
25248,71101,202106,275000,84
25248,71101,202105,275000,84
25248,71101,202104,275000,84
25248,71101,202103,270000,84
25248,71101,202102,270000,84
25248,71101,202101,267500,84
25248,71101,202312,287500,84
25248,71101,202311,287500,84
25248,71101,202310,285000,84
25248,71101,202309,285000,84
25248,71101,202308,279000,84
25248,71101,202307,279000,84
25248,71101,202306,279000,84
25248,71101,202305,279000,84
25248,71101,202304,279000,84
25248,71101,202303,276500,84
25248,71101,202302,276500,84
25248,71101,202301,276500,84
25248,71101,202412,287500,84
25248,71101,202411,287500,84
25248,71101,202410,287500,84
25248,71101,202409,287500,84
25248,71101,202408,287500,84
25248,71101,202407,287500,84
25248,71101,202406,287500,84
25248,71101,202405,287500,84
25248,71101,202404,287500,84
25248,71101,202403,287500,84
25248,71101,202402,287500,84
25248,71101,202401,287500,84
25248,71101,202512,337500,84
25248,71101,202511,337500,84
25248,71101,202510,337500,84
25248,71101,202509,330000,84
25248,71101,202508,327500,84
25248,71101,202507,327500,84
25248,71101,202506,325000,84
25248,71101,202505,305000,84
25248,71101,202504,290000,84
25248,71101,202503,287500,84
25248,71101,202502,287500,84
25248,71101,202501,287500,84
25248,71101,202607,340000,84
25248,71101,202606,340000,84
25248,71101,202605,340000,84
25248,71101,202604,337500,84
25248,71101,202603,337500,84
25248,71101,202602,337500,84
25248,71101,202601,337500,84
14176,133735,200812,107500,84
14176,133735,200811,112500,84
14176,133735,200810,114000,84
14176,133735,200809,118000,84
14176,133735,200808,118000,84
14176,133735,200807,118000,84
14176,133735,200806,118000,84
14176,133735,200805,118000,84
14176,133735,200804,118000,84
14176,133735,200803,118000,84
14176,133735,200802,118000,84
14176,133735,200801,118000,84
14176,133735,200912,107500,84
14176,133735,200911,107500,84
14176,133735,200910,107500,84
14176,133735,200909,107500,84
14176,133735,200908,107500,84
14176,133735,200907,107500,84
14176,133735,200906,107500,84
14176,133735,200905,107500,84
14176,133735,200904,107500,84
14176,133735,200903,107500,84
14176,133735,200902,107500,84
14176,133735,200901,107500,84
14176,133735,201012,107500,84
14176,133735,201011,107500,84
14176,133735,201010,107500,84
14176,133735,201009,107500,84
14176,133735,201008,107500,84
14176,133735,201007,107500,84
14176,133735,201006,107500,84
14176,133735,201005,107500,84
14176,133735,201004,107500,84
14176,133735,201003,107500,84
14176,133735,201002,107500,84
14176,133735,201001,107500,84
14176,133735,201112,107500,84
14176,133735,201111,107500,84
14176,133735,201110,107500,84
14176,133735,201109,107500,84
14176,133735,201108,107500,84
14176,133735,201107,107500,84
14176,133735,201106,107500,84
14176,133735,201105,107500,84
14176,133735,201104,107500,84
14176,133735,201103,107500,84
14176,133735,201102,107500,84
14176,133735,201101,107500,84
14176,133735,201312,101500,84
14176,133735,201311,101500,84
14176,133735,201310,101500,84
14176,133735,201309,101500,84
14176,133735,201308,101500,84
14176,133735,201307,104000,84
14176,133735,201306,104000,84
14176,133735,201305,104000,84
14176,133735,201304,104000,84
14176,133735,201303,104000,84
14176,133735,201302,104000,84
14176,133735,201301,104000,84
14176,133735,201412,101500,84
14176,133735,201411,101500,84
14176,133735,201410,101500,84
14176,133735,201409,101500,84
14176,133735,201408,101500,84
14176,133735,201407,101500,84
14176,133735,201406,101500,84
14176,133735,201405,101500,84
14176,133735,201404,101500,84
14176,133735,201403,101500,84
14176,133735,201402,101500,84
14176,133735,201401,101500,84
14176,133735,201712,130000,84
14176,133735,201711,130000,84
14176,133735,201710,129000,84
14176,133735,201709,126500,84
14176,133735,201708,126500,84
14176,133735,201707,126500,84
14176,133735,201706,120000,84
14176,133735,201705,120000,84
14176,133735,201704,115000,84
14176,133735,201703,115000,84
14176,133735,201702,112500,84
14176,133735,201701,112500,84
14176,133735,201212,105500,84
14176,133735,201211,105500,84
14176,133735,201210,105500,84
14176,133735,201209,105500,84
14176,133735,201208,105500,84
14176,133735,201207,105500,84
14176,133735,201206,105500,84
14176,133735,201205,107500,84
14176,133735,201204,107500,84
14176,133735,201203,107500,84
14176,133735,201202,107500,84
14176,133735,201201,107500,84
14176,133735,201612,112500,84
14176,133735,201611,110000,84
14176,133735,201610,110000,84
14176,133735,201609,110000,84
14176,133735,201608,110000,84
14176,133735,201607,110000,84
14176,133735,201606,110000,84
14176,133735,201605,110000,84
14176,133735,201604,107500,84
14176,133735,201603,106000,84
14176,133735,201602,106000,84
14176,133735,201601,106000,84
14176,133735,201912,192500,84
14176,133735,201911,189000,84
14176,133735,201910,189000,84
14176,133735,201909,187500,84
14176,133735,201908,185000,84
14176,133735,201907,185000,84
14176,133735,201906,175000,84
14176,133735,201905,175000,84
14176,133735,201904,175000,84
14176,133735,201903,172500,84
14176,133735,201902,172500,84
14176,133735,201901,172500,84
14176,133735,202012,252500,84
14176,133735,202011,230000,84
14176,133735,202010,227500,84
14176,133735,202009,215000,84
14176,133735,202008,207500,84
14176,133735,202007,200000,84
14176,133735,202006,195000,84
14176,133735,202005,195000,84
14176,133735,202004,195000,84
14176,133735,202003,195000,84
14176,133735,202002,195000,84
14176,133735,202001,192500,84
14176,133735,202112,255000,84
14176,133735,202111,255000,84
14176,133735,202110,255000,84
14176,133735,202109,255000,84
14176,133735,202108,255000,84
14176,133735,202107,255000,84
14176,133735,202106,255000,84
14176,133735,202105,255000,84
14176,133735,202104,255000,84
14176,133735,202103,255000,84
14176,133735,202102,252500,84
14176,133735,202101,252500,84
14176,133735,202212,255000,84
14176,133735,202211,255000,84
14176,133735,202210,255000,84
14176,133735,202209,255000,84
14176,133735,202208,255000,84
14176,133735,202207,255000,84
14176,133735,202206,255000,84
14176,133735,202205,255000,84
14176,133735,202204,255000,84
14176,133735,202203,255000,84
14176,133735,202202,255000,84
14176,133735,202201,255000,84
14176,133735,201512,106000,84
14176,133735,201511,106000,84
14176,133735,201510,106000,84
14176,133735,201509,106000,84
14176,133735,201508,106000,84
14176,133735,201507,103500,84
14176,133735,201506,103500,84
14176,133735,201505,103500,84
14176,133735,201504,103500,84
14176,133735,201503,102500,84
14176,133735,201502,102500,84
14176,133735,201501,102500,84
14176,133735,201812,172500,84
14176,133735,201811,172500,84
14176,133735,201810,172500,84
14176,133735,201809,172500,84
14176,133735,201808,172500,84
14176,133735,201807,162500,84
14176,133735,201806,155000,84
14176,133735,201805,155000,84
14176,133735,201804,140000,84
14176,133735,201803,135000,84
14176,133735,201802,130000,84
14176,133735,201801,130000,84
14176,133735,202312,255000,84
14176,133735,202311,255000,84
14176,133735,202310,255000,84
14176,133735,202309,255000,84
14176,133735,202308,255000,84
14176,133735,202307,255000,84
14176,133735,202306,255000,84
14176,133735,202305,255000,84
14176,133735,202304,255000,84
14176,133735,202303,255000,84
14176,133735,202302,255000,84
14176,133735,202301,255000,84
14176,133735,202412,270000,84
14176,133735,202411,270000,84
14176,133735,202410,270000,84
14176,133735,202409,270000,84
14176,133735,202408,267500,84
14176,133735,202407,260000,84
14176,133735,202406,255000,84
14176,133735,202405,255000,84
14176,133735,202404,255000,84
14176,133735,202403,255000,84
14176,133735,202402,255000,84
14176,133735,202401,255000,84
14176,133735,202607,325000,84
14176,133735,202606,325000,84
14176,133735,202605,325000,84
14176,133735,202604,325000,84
14176,133735,202603,325000,84
14176,133735,202602,325000,84
14176,133735,202601,325000,84
14176,133735,202512,325000,84
14176,133735,202511,315000,84
14176,133735,202510,315000,84
14176,133735,202509,310000,84
14176,133735,202508,310000,84
14176,133735,202507,310000,84
14176,133735,202506,310000,84
14176,133735,202505,300000,84
14176,133735,202504,300000,84
14176,133735,202503,292500,84
14176,133735,202502,275000,84
14176,133735,202501,270000,84
14176,156791,200812,107500,84
14176,156791,200811,112500,84
14176,156791,200810,114000,84
14176,156791,200809,118000,84
14176,156791,200808,118000,84
14176,156791,200807,118000,84
14176,156791,200806,118000,84
14176,156791,200805,118000,84
14176,156791,200804,118000,84
14176,156791,200803,118000,84
14176,156791,200802,118000,84
14176,156791,200801,118000,84
14176,156791,200912,107500,84
14176,156791,200911,107500,84
14176,156791,200910,107500,84
14176,156791,200909,107500,84
14176,156791,200908,107500,84
14176,156791,200907,107500,84
14176,156791,200906,107500,84
14176,156791,200905,107500,84
14176,156791,200904,107500,84
14176,156791,200903,107500,84
14176,156791,200902,107500,84
14176,156791,200901,107500,84
14176,156791,201012,107500,84
14176,156791,201011,107500,84
14176,156791,201010,107500,84
14176,156791,201009,107500,84
14176,156791,201008,107500,84
14176,156791,201007,107500,84
14176,156791,201006,107500,84
14176,156791,201005,107500,84
14176,156791,201004,107500,84
14176,156791,201003,107500,84
14176,156791,201002,107500,84
14176,156791,201001,107500,84
14176,156791,201112,107500,84
14176,156791,201111,107500,84
14176,156791,201110,107500,84
14176,156791,201109,107500,84
14176,156791,201108,107500,84
14176,156791,201107,107500,84
14176,156791,201106,107500,84
14176,156791,201105,107500,84
14176,156791,201104,107500,84
14176,156791,201103,107500,84
14176,156791,201102,107500,84
14176,156791,201101,107500,84
14176,156791,201212,105500,84
14176,156791,201211,105500,84
14176,156791,201210,105500,84
14176,156791,201209,105500,84
14176,156791,201208,105500,84
14176,156791,201207,105500,84
14176,156791,201206,105500,84
14176,156791,201205,107500,84
14176,156791,201204,107500,84
14176,156791,201203,107500,84
14176,156791,201202,107500,84
14176,156791,201201,107500,84
14176,156791,201312,101500,84
14176,156791,201311,101500,84
14176,156791,201310,101500,84
14176,156791,201309,101500,84
14176,156791,201308,101500,84
14176,156791,201307,104000,84
14176,156791,201306,104000,84
14176,156791,201305,104000,84
14176,156791,201304,104000,84
14176,156791,201303,104000,84
14176,156791,201302,104000,84
14176,156791,201301,104000,84
14176,156791,201412,101500,84
14176,156791,201411,101500,84
14176,156791,201410,101500,84
14176,156791,201409,101500,84
14176,156791,201408,101500,84
14176,156791,201407,101500,84
14176,156791,201406,101500,84
14176,156791,201405,101500,84
14176,156791,201404,101500,84
14176,156791,201403,101500,84
14176,156791,201402,101500,84
14176,156791,201401,101500,84
14176,156791,201512,106000,84
14176,156791,201511,106000,84
14176,156791,201510,106000,84
14176,156791,201509,106000,84
14176,156791,201508,106000,84
14176,156791,201507,103500,84
14176,156791,201506,103500,84
14176,156791,201505,103500,84
14176,156791,201504,103500,84
14176,156791,201503,102500,84
14176,156791,201502,102500,84
14176,156791,201501,102500,84
14176,156791,201612,112500,84
14176,156791,201611,110000,84
14176,156791,201610,110000,84
14176,156791,201609,110000,84
14176,156791,201608,110000,84
14176,156791,201607,110000,84
14176,156791,201606,110000,84
14176,156791,201605,110000,84
14176,156791,201604,107500,84
14176,156791,201603,106000,84
14176,156791,201602,106000,84
14176,156791,201601,106000,84
14176,156791,201812,172500,84
14176,156791,201811,172500,84
14176,156791,201810,172500,84
14176,156791,201809,172500,84
14176,156791,201808,172500,84
14176,156791,201807,162500,84
14176,156791,201806,155000,84
14176,156791,201805,155000,84
14176,156791,201804,140000,84
14176,156791,201803,135000,84
14176,156791,201802,130000,84
14176,156791,201801,130000,84
14176,156791,201712,130000,84
14176,156791,201711,130000,84
14176,156791,201710,129000,84
14176,156791,201709,126500,84
14176,156791,201708,126500,84
14176,156791,201707,126500,84
14176,156791,201706,120000,84
14176,156791,201705,120000,84
14176,156791,201704,115000,84
14176,156791,201703,115000,84
14176,156791,201702,112500,84
14176,156791,201701,112500,84
14176,156791,201912,192500,84
14176,156791,201911,189000,84
14176,156791,201910,189000,84
14176,156791,201909,187500,84
14176,156791,201908,185000,84
14176,156791,201907,185000,84
14176,156791,201906,175000,84
14176,156791,201905,175000,84
14176,156791,201904,175000,84
14176,156791,201903,172500,84
14176,156791,201902,172500,84
14176,156791,201901,172500,84
14176,156791,202012,252500,84
14176,156791,202011,230000,84
14176,156791,202010,227500,84
14176,156791,202009,215000,84
14176,156791,202008,207500,84
14176,156791,202007,200000,84
14176,156791,202006,195000,84
14176,156791,202005,195000,84
14176,156791,202004,195000,84
14176,156791,202003,195000,84
14176,156791,202002,195000,84
14176,156791,202001,192500,84
14176,156791,202112,255000,84
14176,156791,202111,255000,84
14176,156791,202110,255000,84
14176,156791,202109,255000,84
14176,156791,202108,255000,84
14176,156791,202107,255000,84
14176,156791,202106,255000,84
14176,156791,202105,255000,84
14176,156791,202104,255000,84
14176,156791,202103,255000,84
14176,156791,202102,252500,84
14176,156791,202101,252500,84
14176,156791,202212,255000,84
14176,156791,202211,255000,84
14176,156791,202210,255000,84
14176,156791,202209,255000,84
14176,156791,202208,255000,84
14176,156791,202207,255000,84
14176,156791,202206,255000,84
14176,156791,202205,255000,84
14176,156791,202204,255000,84
14176,156791,202203,255000,84
14176,156791,202202,255000,84
14176,156791,202201,255000,84
14176,156791,202312,255000,84
14176,156791,202311,255000,84
14176,156791,202310,255000,84
14176,156791,202309,255000,84
14176,156791,202308,255000,84
14176,156791,202307,255000,84
14176,156791,202306,255000,84
14176,156791,202305,255000,84
14176,156791,202304,255000,84
14176,156791,202303,255000,84
14176,156791,202302,255000,84
14176,156791,202301,255000,84
14176,156791,202412,270000,84
14176,156791,202411,270000,84
14176,156791,202410,270000,84
14176,156791,202409,270000,84
14176,156791,202408,267500,84
14176,156791,202407,260000,84
14176,156791,202406,255000,84
14176,156791,202405,255000,84
14176,156791,202404,255000,84
14176,156791,202403,255000,84
14176,156791,202402,255000,84
14176,156791,202401,255000,84
14176,156791,202607,325000,84
14176,156791,202606,325000,84
14176,156791,202605,325000,84
14176,156791,202604,325000,84
14176,156791,202603,325000,84
14176,156791,202602,325000,84
14176,156791,202601,325000,84
14176,156791,202512,325000,84
14176,156791,202511,315000,84
14176,156791,202510,315000,84
14176,156791,202509,310000,84
14176,156791,202508,310000,84
14176,156791,202507,310000,84
14176,156791,202506,310000,84
14176,156791,202505,300000,84
14176,156791,202504,300000,84
14176,156791,202503,292500,84
14176,156791,202502,275000,84
14176,156791,202501,270000,84
14175,102449,200912,103000,84
14175,102449,200911,103000,84
14175,102449,200910,103000,84
14175,102449,200909,103000,84
14175,102449,200908,103000,84
14175,102449,200907,103000,84
14175,102449,200906,101500,84
14175,102449,200905,101500,84
14175,102449,200904,101500,84
14175,102449,200903,101500,84
14175,102449,200902,101500,84
14175,102449,200901,106500,84
14175,102449,201012,103000,84
14175,102449,201011,103000,84
14175,102449,201010,103000,84
14175,102449,201009,103000,84
14175,102449,201008,103000,84
14175,102449,201007,103000,84
14175,102449,201006,103000,84
14175,102449,201005,103000,84
14175,102449,201004,103000,84
14175,102449,201003,103000,84
14175,102449,201002,103000,84
14175,102449,201001,103000,84
14175,102449,200812,106500,84
14175,102449,200811,111000,84
14175,102449,200810,114000,84
14175,102449,200809,114000,84
14175,102449,200808,114000,84
14175,102449,200807,114000,84
14175,102449,200806,114000,84
14175,102449,200805,114000,84
14175,102449,200804,114000,84
14175,102449,200803,114000,84
14175,102449,200802,114000,84
14175,102449,200801,114000,84
14175,102449,201112,104000,84
14175,102449,201111,104000,84
14175,102449,201110,104000,84
14175,102449,201109,104000,84
14175,102449,201108,104000,84
14175,102449,201107,104000,84
14175,102449,201106,104000,84
14175,102449,201105,104000,84
14175,102449,201104,104000,84
14175,102449,201103,104000,84
14175,102449,201102,104000,84
14175,102449,201101,103000,84
14175,102449,201512,112500,84
14175,102449,201511,112500,84
14175,102449,201510,112500,84
14175,102449,201509,112500,84
14175,102449,201508,111000,84
14175,102449,201507,108500,84
14175,102449,201506,102500,84
14175,102449,201505,102500,84
14175,102449,201504,102500,84
14175,102449,201503,102500,84
14175,102449,201502,101500,84
14175,102449,201501,101500,84
14175,102449,201612,117500,84
14175,102449,201611,115000,84
14175,102449,201610,115000,84
14175,102449,201609,115000,84
14175,102449,201608,115000,84
14175,102449,201607,112500,84
14175,102449,201606,112500,84
14175,102449,201605,112500,84
14175,102449,201604,112500,84
14175,102449,201603,112500,84
14175,102449,201602,112500,84
14175,102449,201601,112500,84
14175,102449,201712,142500,84
14175,102449,201711,135000,84
14175,102449,201710,132500,84
14175,102449,201709,130000,84
14175,102449,201708,130000,84
14175,102449,201707,130000,84
14175,102449,201706,124000,84
14175,102449,201705,120000,84
14175,102449,201704,120000,84
14175,102449,201703,120000,84
14175,102449,201702,117500,84
14175,102449,201701,117500,84
14175,102449,201412,101500,84
14175,102449,201411,101500,84
14175,102449,201410,101500,84
14175,102449,201409,100000,84
14175,102449,201408,100000,84
14175,102449,201407,100000,84
14175,102449,201406,100000,84
14175,102449,201405,100000,84
14175,102449,201404,100000,84
14175,102449,201403,100000,84
14175,102449,201402,101000,84
14175,102449,201401,101000,84
14175,102449,201312,101000,84
14175,102449,201311,101000,84
14175,102449,201310,101000,84
14175,102449,201309,101000,84
14175,102449,201308,101000,84
14175,102449,201307,102500,84
14175,102449,201306,102500,84
14175,102449,201305,102500,84
14175,102449,201304,102500,84
14175,102449,201303,102500,84
14175,102449,201302,102500,84
14175,102449,201301,105000,84
14175,102449,201212,105000,84
14175,102449,201211,105000,84
14175,102449,201210,106500,84
14175,102449,201209,106500,84
14175,102449,201208,106500,84
14175,102449,201207,106500,84
14175,102449,201206,106500,84
14175,102449,201205,106500,84
14175,102449,201204,106500,84
14175,102449,201203,106500,84
14175,102449,201202,104000,84
14175,102449,201201,104000,84
14175,102449,201812,170000,84
14175,102449,201811,170000,84
14175,102449,201810,170000,84
14175,102449,201809,170000,84
14175,102449,201808,165000,84
14175,102449,201807,157500,84
14175,102449,201806,157500,84
14175,102449,201805,152500,84
14175,102449,201804,150000,84
14175,102449,201803,150000,84
14175,102449,201802,145000,84
14175,102449,201801,142500,84
14175,102449,202012,222500,84
14175,102449,202011,212500,84
14175,102449,202010,210000,84
14175,102449,202009,210000,84
14175,102449,202008,210000,84
14175,102449,202007,210000,84
14175,102449,202006,210000,84
14175,102449,202005,205000,84
14175,102449,202004,205000,84
14175,102449,202003,205000,84
14175,102449,202002,205000,84
14175,102449,202001,205000,84
14175,102449,202212,235000,84
14175,102449,202211,235000,84
14175,102449,202210,235000,84
14175,102449,202209,235000,84
14175,102449,202208,235000,84
14175,102449,202207,235000,84
14175,102449,202206,235000,84
14175,102449,202205,235000,84
14175,102449,202204,235000,84
14175,102449,202203,235000,84
14175,102449,202202,232500,84
14175,102449,202201,232500,84
14175,102449,201912,205000,84
14175,102449,201911,190500,84
14175,102449,201910,189000,84
14175,102449,201909,185000,84
14175,102449,201908,185000,84
14175,102449,201907,180000,84
14175,102449,201906,170000,84
14175,102449,201905,167500,84
14175,102449,201904,170000,84
14175,102449,201903,170000,84
14175,102449,201902,170000,84
14175,102449,201901,170000,84
14175,102449,202312,247500,84
14175,102449,202311,247500,84
14175,102449,202310,247500,84
14175,102449,202309,247500,84
14175,102449,202308,237500,84
14175,102449,202307,237500,84
14175,102449,202306,237500,84
14175,102449,202305,235000,84
14175,102449,202304,235000,84
14175,102449,202303,235000,84
14175,102449,202302,235000,84
14175,102449,202301,235000,84
14175,102449,202412,280000,84
14175,102449,202411,280000,84
14175,102449,202410,280000,84
14175,102449,202409,280000,84
14175,102449,202408,280000,84
14175,102449,202407,257500,84
14175,102449,202406,247500,84
14175,102449,202405,247500,84
14175,102449,202404,247500,84
14175,102449,202403,247500,84
14175,102449,202402,247500,84
14175,102449,202401,247500,84
14175,102449,202512,315000,84
14175,102449,202511,315000,84
14175,102449,202510,315000,84
14175,102449,202509,315000,84
14175,102449,202508,315000,84
14175,102449,202507,315000,84
14175,102449,202506,315000,84
14175,102449,202505,311500,84
14175,102449,202504,301500,84
14175,102449,202503,301500,84
14175,102449,202502,287500,84
14175,102449,202501,280000,84
14175,102449,202607,327500,84
14175,102449,202606,327500,84
14175,102449,202605,315000,84
14175,102449,202604,315000,84
14175,102449,202603,315000,84
14175,102449,202602,315000,84
14175,102449,202601,315000,84
14175,133734,200912,105000,84
14175,133734,200911,105000,84
14175,133734,200910,105000,84
14175,133734,200909,105000,84
14175,133734,200908,105000,84
14175,133734,200907,105000,84
14175,133734,200906,101500,84
14175,133734,200905,101500,84
14175,133734,200904,101500,84
14175,133734,200903,101500,84
14175,133734,200902,101500,84
14175,133734,200901,106500,84
14175,133734,200812,106500,84
14175,133734,200811,111000,84
14175,133734,200810,114000,84
14175,133734,200809,114000,84
14175,133734,200808,114000,84
14175,133734,200807,114000,84
14175,133734,200806,114000,84
14175,133734,200805,114000,84
14175,133734,200804,114000,84
14175,133734,200803,114000,84
14175,133734,200802,114000,84
14175,133734,200801,114000,84
14175,102449,202112,232500,84
14175,102449,202111,230000,84
14175,102449,202110,230000,84
14175,102449,202109,230000,84
14175,102449,202108,230000,84
14175,102449,202107,230000,84
14175,102449,202106,230000,84
14175,102449,202105,227500,84
14175,102449,202104,227500,84
14175,102449,202103,227500,84
14175,102449,202102,227500,84
14175,102449,202101,227500,84
14175,133734,201012,105000,84
14175,133734,201011,105000,84
14175,133734,201010,105000,84
14175,133734,201009,105000,84
14175,133734,201008,105000,84
14175,133734,201007,105000,84
14175,133734,201006,105000,84
14175,133734,201005,105000,84
14175,133734,201004,105000,84
14175,133734,201003,105000,84
14175,133734,201002,105000,84
14175,133734,201001,105000,84
14175,133734,201112,109000,84
14175,133734,201111,109000,84
14175,133734,201110,109000,84
14175,133734,201109,109000,84
14175,133734,201108,109000,84
14175,133734,201107,109000,84
14175,133734,201106,109000,84
14175,133734,201105,109000,84
14175,133734,201104,109000,84
14175,133734,201103,107500,84
14175,133734,201102,107500,84
14175,133734,201101,105000,84
14175,133734,201312,103500,84
14175,133734,201311,103500,84
14175,133734,201310,103500,84
14175,133734,201309,103500,84
14175,133734,201308,103500,84
14175,133734,201307,105000,84
14175,133734,201306,105000,84
14175,133734,201305,105000,84
14175,133734,201304,105000,84
14175,133734,201303,105000,84
14175,133734,201302,105000,84
14175,133734,201301,107500,84
14175,133734,201412,102500,84
14175,133734,201411,102500,84
14175,133734,201410,102500,84
14175,133734,201409,102500,84
14175,133734,201408,102500,84
14175,133734,201407,102500,84
14175,133734,201406,102500,84
14175,133734,201405,102500,84
14175,133734,201404,102500,84
14175,133734,201403,102500,84
14175,133734,201402,103500,84
14175,133734,201401,103500,84
14175,133734,201612,122500,84
14175,133734,201611,121000,84
14175,133734,201610,121000,84
14175,133734,201609,121000,84
14175,133734,201608,121000,84
14175,133734,201607,120000,84
14175,133734,201606,120000,84
14175,133734,201605,120000,84
14175,133734,201604,117500,84
14175,133734,201603,117500,84
14175,133734,201602,117500,84
14175,133734,201601,117500,84
14175,133734,201712,145000,84
14175,133734,201711,140000,84
14175,133734,201710,137500,84
14175,133734,201709,135000,84
14175,133734,201708,135000,84
14175,133734,201707,135000,84
14175,133734,201706,128000,84
14175,133734,201705,122500,84
14175,133734,201704,122500,84
14175,133734,201703,122500,84
14175,133734,201702,122500,84
14175,133734,201701,122500,84
14175,133734,201812,172500,84
14175,133734,201811,172500,84
14175,133734,201810,172500,84
14175,133734,201809,172500,84
14175,133734,201808,170000,84
14175,133734,201807,160000,84
14175,133734,201806,160000,84
14175,133734,201805,155000,84
14175,133734,201804,152500,84
14175,133734,201803,152500,84
14175,133734,201802,147500,84
14175,133734,201801,145000,84
14175,133734,201912,207500,84
14175,133734,201911,193000,84
14175,133734,201910,191500,84
14175,133734,201909,187500,84
14175,133734,201908,187500,84
14175,133734,201907,182500,84
14175,133734,201906,172500,84
14175,133734,201905,170000,84
14175,133734,201904,172500,84
14175,133734,201903,172500,84
14175,133734,201902,172500,84
14175,133734,201901,172500,84
14175,133734,202012,225000,84
14175,133734,202011,215000,84
14175,133734,202010,212500,84
14175,133734,202009,212500,84
14175,133734,202008,212500,84
14175,133734,202007,212500,84
14175,133734,202006,212500,84
14175,133734,202005,207500,84
14175,133734,202004,207500,84
14175,133734,202003,207500,84
14175,133734,202002,207500,84
14175,133734,202001,207500,84
14175,133734,202112,235000,84
14175,133734,202111,232500,84
14175,133734,202110,232500,84
14175,133734,202109,232500,84
14175,133734,202108,232500,84
14175,133734,202107,232500,84
14175,133734,202106,232500,84
14175,133734,202105,230000,84
14175,133734,202104,230000,84
14175,133734,202103,230000,84
14175,133734,202102,230000,84
14175,133734,202101,230000,84
14175,133734,201212,107500,84
14175,133734,201211,107500,84
14175,133734,201210,110000,84
14175,133734,201209,110000,84
14175,133734,201208,110000,84
14175,133734,201207,110000,84
14175,133734,201206,110000,84
14175,133734,201205,110000,84
14175,133734,201204,110000,84
14175,133734,201203,111500,84
14175,133734,201202,109000,84
14175,133734,201201,109000,84
14175,133734,202212,237500,84
14175,133734,202211,237500,84
14175,133734,202210,237500,84
14175,133734,202209,237500,84
14175,133734,202208,237500,84
14175,133734,202207,237500,84
14175,133734,202206,237500,84
14175,133734,202205,237500,84
14175,133734,202204,237500,84
14175,133734,202203,237500,84
14175,133734,202202,235000,84
14175,133734,202201,235000,84
14175,133734,202312,250000,84
14175,133734,202311,250000,84
14175,133734,202310,250000,84
14175,133734,202309,250000,84
14175,133734,202308,240000,84
14175,133734,202307,240000,84
14175,133734,202306,240000,84
14175,133734,202305,237500,84
14175,133734,202304,237500,84
14175,133734,202303,237500,84
14175,133734,202302,237500,84
14175,133734,202301,237500,84
14175,133734,201512,117500,84
14175,133734,201511,117500,84
14175,133734,201510,117500,84
14175,133734,201509,117500,84
14175,133734,201508,113500,84
14175,133734,201507,111000,84
14175,133734,201506,103500,84
14175,133734,201505,103500,84
14175,133734,201504,103500,84
14175,133734,201503,102500,84
14175,133734,201502,102500,84
14175,133734,201501,102500,84
14175,133734,202512,315000,84
14175,133734,202511,315000,84
14175,133734,202510,315000,84
14175,133734,202509,315000,84
14175,133734,202508,315000,84
14175,133734,202507,315000,84
14175,133734,202506,315000,84
14175,133734,202505,310000,84
14175,133734,202504,300000,84
14175,133734,202503,300000,84
14175,133734,202502,282500,84
14175,133734,202501,277000,84
14175,133734,202412,277000,84
14175,133734,202411,277000,84
14175,133734,202410,277000,84
14175,133734,202409,277000,84
14175,133734,202408,277000,84
14175,133734,202407,257500,84
14175,133734,202406,250000,84
14175,133734,202405,250000,84
14175,133734,202404,250000,84
14175,133734,202403,250000,84
14175,133734,202402,250000,84
14175,133734,202401,250000,84
14175,133734,202607,327500,84
14175,133734,202606,327500,84
14175,133734,202605,315000,84
14175,133734,202604,315000,84
14175,133734,202603,315000,84
14175,133734,202602,315000,84
14175,133734,202601,315000,84
13850,133550,200912,103000,84
13850,133550,200911,103000,84
13850,133550,200910,103000,84
13850,133550,200909,103000,84
13850,133550,200908,103000,84
13850,133550,200907,103000,84
13850,133550,200906,102000,84
13850,133550,200905,102000,84
13850,133550,200904,102000,84
13850,133550,200903,102000,84
13850,133550,200902,102000,84
13850,133550,200901,103500,84
13850,133550,201112,102500,84
13850,133550,201111,102500,84
13850,133550,201110,102500,84
13850,133550,201109,102500,84
13850,133550,201108,102500,84
13850,133550,201107,102500,84
13850,133550,201106,102500,84
13850,133550,201105,102500,84
13850,133550,201104,102500,84
13850,133550,201103,102000,84
13850,133550,201102,102000,84
13850,133550,201101,102000,84
13850,133550,200812,103500,84
13850,133550,200811,105000,84
13850,133550,200810,107500,84
13850,133550,200809,112500,84
13850,133550,200808,112500,84
13850,133550,200807,114000,84
13850,133550,200806,115000,84
13850,133550,200805,115000,84
13850,133550,200804,115000,84
13850,133550,200803,115000,84
13850,133550,200802,115000,84
13850,133550,200801,115000,84
13850,133550,201012,102000,84
13850,133550,201011,102000,84
13850,133550,201010,102000,84
13850,133550,201009,102000,84
13850,133550,201008,102000,84
13850,133550,201007,102000,84
13850,133550,201006,102000,84
13850,133550,201005,102000,84
13850,133550,201004,102000,84
13850,133550,201003,103000,84
13850,133550,201002,103000,84
13850,133550,201001,103000,84
13850,133550,201312,93500,84
13850,133550,201311,93500,84
13850,133550,201310,93500,84
13850,133550,201309,93500,84
13850,133550,201308,93500,84
13850,133550,201307,93500,84
13850,133550,201306,96000,84
13850,133550,201305,96000,84
13850,133550,201304,96000,84
13850,133550,201303,96000,84
13850,133550,201302,96000,84
13850,133550,201301,96000,84
13850,133550,201412,99000,84
13850,133550,201411,97000,84
13850,133550,201410,97000,84
13850,133550,201409,97000,84
13850,133550,201408,96500,84
13850,133550,201407,94500,84
13850,133550,201406,94500,84
13850,133550,201405,94500,84
13850,133550,201404,94500,84
13850,133550,201403,94500,84
13850,133550,201402,94500,84
13850,133550,201401,93500,84
13850,133550,201512,111000,84
13850,133550,201511,111000,84
13850,133550,201510,111000,84
13850,133550,201509,107500,84
13850,133550,201508,107500,84
13850,133550,201507,106500,84
13850,133550,201506,103000,84
13850,133550,201505,103000,84
13850,133550,201504,101000,84
13850,133550,201503,99000,84
13850,133550,201502,99000,84
13850,133550,201501,99000,84
13850,133550,201612,115000,84
13850,133550,201611,115000,84
13850,133550,201610,115000,84
13850,133550,201609,113500,84
13850,133550,201608,112000,84
13850,133550,201607,111000,84
13850,133550,201606,111000,84
13850,133550,201605,111000,84
13850,133550,201604,111000,84
13850,133550,201603,111000,84
13850,133550,201602,111000,84
13850,133550,201601,111000,84
13850,133550,201712,140000,84
13850,133550,201711,140000,84
13850,133550,201710,137000,84
13850,133550,201709,134500,84
13850,133550,201708,130000,84
13850,133550,201707,130000,84
13850,133550,201706,126000,84
13850,133550,201705,121000,84
13850,133550,201704,116500,84
13850,133550,201703,116500,84
13850,133550,201702,115000,84
13850,133550,201701,115000,84
13850,133550,201812,177500,84
13850,133550,201811,177500,84
13850,133550,201810,177500,84
13850,133550,201809,177500,84
13850,133550,201808,168500,84
13850,133550,201807,158500,84
13850,133550,201806,158500,84
13850,133550,201805,158500,84
13850,133550,201804,157500,84
13850,133550,201803,151500,84
13850,133550,201802,151500,84
13850,133550,201801,151500,84
13850,133550,202012,245000,84
13850,133550,202011,245000,84
13850,133550,202010,222500,84
13850,133550,202009,222500,84
13850,133550,202008,222500,84
13850,133550,202007,222500,84
13850,133550,202006,212500,84
13850,133550,202005,210000,84
13850,133550,202004,210000,84
13850,133550,202003,210000,84
13850,133550,202002,212500,84
13850,133550,202001,212500,84
13850,133550,202112,255000,84
13850,133550,202111,255000,84
13850,133550,202110,255000,84
13850,133550,202109,255000,84
13850,133550,202108,255000,84
13850,133550,202107,252500,84
13850,133550,202106,252500,84
13850,133550,202105,252500,84
13850,133550,202104,252500,84
13850,133550,202103,252500,84
13850,133550,202102,247500,84
13850,133550,202101,245000,84
13850,133550,202312,250000,84
13850,133550,202311,250000,84
13850,133550,202310,252500,84
13850,133550,202309,252500,84
13850,133550,202308,252500,84
13850,133550,202307,245000,84
13850,133550,202306,245000,84
13850,133550,202305,242500,84
13850,133550,202304,242500,84
13850,133550,202303,242500,84
13850,133550,202302,245000,84
13850,133550,202301,250000,84
13850,133550,202412,275000,84
13850,133550,202411,275000,84
13850,133550,202410,275000,84
13850,133550,202409,267500,84
13850,133550,202408,267500,84
13850,133550,202407,252500,84
13850,133550,202406,252500,84
13850,133550,202405,250000,84
13850,133550,202404,250000,84
13850,133550,202403,250000,84
13850,133550,202402,250000,84
13850,133550,202401,250000,84
13850,133550,202512,325000,84
13850,133550,202511,315000,84
13850,133550,202510,315000,84
13850,133550,202509,310000,84
13850,133550,202508,310000,84
13850,133550,202507,310000,84
13850,133550,202506,310000,84
13850,133550,202505,300000,84
13850,133550,202504,300000,84
13850,133550,202503,300000,84
13850,133550,202502,287500,84
13850,133550,202501,275000,84
13850,133550,202212,255000,84
13850,133550,202211,255000,84
13850,133550,202210,255000,84
13850,133550,202209,255000,84
13850,133550,202208,255000,84
13850,133550,202207,255000,84
13850,133550,202206,255000,84
13850,133550,202205,255000,84
13850,133550,202204,255000,84
13850,133550,202203,255000,84
13850,133550,202202,255000,84
13850,133550,202201,255000,84
13850,133550,201912,207500,84
13850,133550,201911,201000,84
13850,133550,201910,196000,84
13850,133550,201909,193500,84
13850,133550,201908,186500,84
13850,133550,201907,181500,84
13850,133550,201906,176500,84
13850,133550,201905,175000,84
13850,133550,201904,175000,84
13850,133550,201903,175000,84
13850,133550,201902,175000,84
13850,133550,201901,177500,84
13850,133550,201212,100500,84
13850,133550,201211,100500,84
13850,133550,201210,100500,84
13850,133550,201209,100500,84
13850,133550,201208,101000,84
13850,133550,201207,102000,84
13850,133550,201206,102000,84
13850,133550,201205,102000,84
13850,133550,201204,102000,84
13850,133550,201203,102000,84
13850,133550,201202,102500,84
13850,133550,201201,102500,84
13850,133550,202607,325000,84
13850,133550,202606,325000,84
13850,133550,202605,325000,84
13850,133550,202604,325000,84
13850,133550,202603,325000,84
13850,133550,202602,325000,84
13850,133550,202601,325000,84
13850,102214,201112,102500,84
13850,102214,201111,102500,84
13850,102214,201110,102500,84
13850,102214,201109,102500,84
13850,102214,201108,102500,84
13850,102214,201107,102500,84
13850,102214,201106,102500,84
13850,102214,201105,102500,84
13850,102214,201104,102500,84
13850,102214,201103,102000,84
13850,102214,201102,102000,84
13850,102214,201101,102000,84
13850,102214,201012,102000,84
13850,102214,201011,102000,84
13850,102214,201010,102000,84
13850,102214,201009,102000,84
13850,102214,201008,102000,84
13850,102214,201007,102000,84
13850,102214,201006,102000,84
13850,102214,201005,102000,84
13850,102214,201004,102000,84
13850,102214,201003,103000,84
13850,102214,201002,103000,84
13850,102214,201001,103000,84
13850,102214,200812,103500,84
13850,102214,200811,105000,84
13850,102214,200810,107500,84
13850,102214,200809,113000,84
13850,102214,200808,113000,84
13850,102214,200807,113000,84
13850,102214,200806,114000,84
13850,102214,200805,114000,84
13850,102214,200804,114000,84
13850,102214,200803,114000,84
13850,102214,200802,111500,84
13850,102214,200801,111500,84
13850,102214,200912,103000,84
13850,102214,200911,103000,84
13850,102214,200910,103000,84
13850,102214,200909,103000,84
13850,102214,200908,103000,84
13850,102214,200907,103000,84
13850,102214,200906,102000,84
13850,102214,200905,102000,84
13850,102214,200904,102000,84
13850,102214,200903,102000,84
13850,102214,200902,102000,84
13850,102214,200901,103500,84
13850,102214,201412,99000,84
13850,102214,201411,97000,84
13850,102214,201410,97000,84
13850,102214,201409,97000,84
13850,102214,201408,96500,84
13850,102214,201407,94500,84
13850,102214,201406,94500,84
13850,102214,201405,94500,84
13850,102214,201404,94500,84
13850,102214,201403,94500,84
13850,102214,201402,94500,84
13850,102214,201401,93500,84
13850,102214,201512,111000,84
13850,102214,201511,111000,84
13850,102214,201510,111000,84
13850,102214,201509,107500,84
13850,102214,201508,107500,84
13850,102214,201507,106500,84
13850,102214,201506,103000,84
13850,102214,201505,103000,84
13850,102214,201504,101000,84
13850,102214,201503,99000,84
13850,102214,201502,99000,84
13850,102214,201501,99000,84
13850,102214,201712,140000,84
13850,102214,201711,140000,84
13850,102214,201710,134500,84
13850,102214,201709,132000,84
13850,102214,201708,130000,84
13850,102214,201707,130000,84
13850,102214,201706,126000,84
13850,102214,201705,121000,84
13850,102214,201704,116500,84
13850,102214,201703,116500,84
13850,102214,201702,115000,84
13850,102214,201701,115000,84
13850,102214,201812,177500,84
13850,102214,201811,177500,84
13850,102214,201810,177500,84
13850,102214,201809,177500,84
13850,102214,201808,168500,84
13850,102214,201807,158500,84
13850,102214,201806,158500,84
13850,102214,201805,158500,84
13850,102214,201804,157500,84
13850,102214,201803,151500,84
13850,102214,201802,151500,84
13850,102214,201801,151500,84
13850,102214,201912,205000,84
13850,102214,201911,199500,84
13850,102214,201910,196000,84
13850,102214,201909,193500,84
13850,102214,201908,186500,84
13850,102214,201907,181500,84
13850,102214,201906,176500,84
13850,102214,201905,175000,84
13850,102214,201904,175000,84
13850,102214,201903,175000,84
13850,102214,201902,175000,84
13850,102214,201901,177500,84
13850,102214,201612,115000,84
13850,102214,201611,115000,84
13850,102214,201610,115000,84
13850,102214,201609,113500,84
13850,102214,201608,112000,84
13850,102214,201607,111000,84
13850,102214,201606,111000,84
13850,102214,201605,111000,84
13850,102214,201604,111000,84
13850,102214,201603,111000,84
13850,102214,201602,111000,84
13850,102214,201601,111000,84
13850,102214,201312,93500,84
13850,102214,201311,93500,84
13850,102214,201310,93500,84
13850,102214,201309,93500,84
13850,102214,201308,93500,84
13850,102214,201307,93500,84
13850,102214,201306,96000,84
13850,102214,201305,96000,84
13850,102214,201304,96000,84
13850,102214,201303,96000,84
13850,102214,201302,96000,84
13850,102214,201301,96000,84
13850,102214,201212,100500,84
13850,102214,201211,100500,84
13850,102214,201210,100500,84
13850,102214,201209,100500,84
13850,102214,201208,101000,84
13850,102214,201207,102500,84
13850,102214,201206,102500,84
13850,102214,201205,102500,84
13850,102214,201204,102500,84
13850,102214,201203,102500,84
13850,102214,201202,102500,84
13850,102214,201201,102500,84
13850,102214,202112,255000,84
13850,102214,202111,255000,84
13850,102214,202110,255000,84
13850,102214,202109,255000,84
13850,102214,202108,250000,84
13850,102214,202107,247500,84
13850,102214,202106,247500,84
13850,102214,202105,247500,84
13850,102214,202104,247500,84
13850,102214,202103,247500,84
13850,102214,202102,245000,84
13850,102214,202101,242500,84
13850,102214,202212,255000,84
13850,102214,202211,255000,84
13850,102214,202210,255000,84
13850,102214,202209,255000,84
13850,102214,202208,255000,84
13850,102214,202207,255000,84
13850,102214,202206,255000,84
13850,102214,202205,255000,84
13850,102214,202204,255000,84
13850,102214,202203,255000,84
13850,102214,202202,255000,84
13850,102214,202201,255000,84
13850,102214,202312,250000,84
13850,102214,202311,250000,84
13850,102214,202310,252500,84
13850,102214,202309,252500,84
13850,102214,202308,252500,84
13850,102214,202307,245000,84
13850,102214,202306,245000,84
13850,102214,202305,242500,84
13850,102214,202304,242500,84
13850,102214,202303,242500,84
13850,102214,202302,245000,84
13850,102214,202301,252500,84
13850,102214,202012,242500,84
13850,102214,202011,242500,84
13850,102214,202010,222500,84
13850,102214,202009,222500,84
13850,102214,202008,222500,84
13850,102214,202007,222500,84
13850,102214,202006,212500,84
13850,102214,202005,205000,84
13850,102214,202004,205000,84
13850,102214,202003,205000,84
13850,102214,202002,205000,84
13850,102214,202001,205000,84
13850,102214,202607,325000,84
13850,102214,202606,325000,84
13850,102214,202605,325000,84
13850,102214,202604,325000,84
13850,102214,202603,325000,84
13850,102214,202602,325000,84
13850,102214,202601,325000,84
13850,102214,202512,325000,84
13850,102214,202511,315000,84
13850,102214,202510,315000,84
13850,102214,202509,310000,84
13850,102214,202508,310000,84
13850,102214,202507,310000,84
13850,102214,202506,310000,84
13850,102214,202505,300000,84
13850,102214,202504,300000,84
13850,102214,202503,300000,84
13850,102214,202502,287500,84
13850,102214,202501,275000,84
13850,102214,202412,275000,84
13850,102214,202411,275000,84
13850,102214,202410,275000,84
13850,102214,202409,267500,84
13850,102214,202408,267500,84
13850,102214,202407,252500,84
13850,102214,202406,252500,84
13850,102214,202405,250000,84
13850,102214,202404,250000,84
13850,102214,202403,250000,84
13850,102214,202402,250000,84
13850,102214,202401,250000,84
25648,140056,202012,230000,84
25648,140056,202011,230000,84
25648,140056,202010,230000,84
25648,140056,202009,220000,84
25648,140056,202008,220000,84
25648,140056,202007,215000,84
25648,140056,202006,200000,84
25648,140056,202005,200000,84
25648,140056,202004,200000,84
25648,140056,202003,200000,84
25648,140056,202002,200000,84
25648,140056,202001,200000,84
25648,140056,202112,270000,84
25648,140056,202111,270000,84
25648,140056,202110,270000,84
25648,140056,202109,260000,84
25648,140056,202108,235000,84
25648,140056,202107,235000,84
25648,140056,202106,235000,84
25648,140056,202105,235000,84
25648,140056,202104,235000,84
25648,140056,202103,230000,84
25648,140056,202102,230000,84
25648,140056,202101,230000,84
25648,140056,201912,200000,84
25648,140056,201911,190000,84
25648,140056,201910,190000,84
25648,140056,201909,185000,84
25648,140056,201908,175000,84
25648,140056,201907,175000,84
25648,140056,201906,175000,84
25648,140056,201905,175000,84
25648,140056,201904,170000,84
25648,140056,201903,170000,84
25648,140056,201902,170000,84
25648,140056,201901,170000,84
25648,140056,201812,170000,84
25648,140056,201811,170000,84
25648,140056,201810,170000,84
25648,140056,201809,169000,84
25648,140056,201808,169000,84
25648,140056,201807,169000,84
25648,140056,201806,169000,84
25648,140056,201805,169000,84
25648,140056,201804,169000,84
25648,140056,201803,166500,84
25648,140056,202212,275000,84
25648,140056,202211,275000,84
25648,140056,202210,275000,84
25648,140056,202209,275000,84
25648,140056,202208,275000,84
25648,140056,202207,275000,84
25648,140056,202206,275000,84
25648,140056,202205,275000,84
25648,140056,202204,275000,84
25648,140056,202203,275000,84
25648,140056,202202,275000,84
25648,140056,202201,275000,84
25648,140056,202412,265000,84
25648,140056,202411,265000,84
25648,140056,202410,265000,84
25648,140056,202409,265000,84
25648,140056,202408,265000,84
25648,140056,202407,265000,84
25648,140056,202406,265000,84
25648,140056,202405,265000,84
25648,140056,202404,275000,84
25648,140056,202403,275000,84
25648,140056,202402,275000,84
25648,140056,202401,275000,84
25648,140056,202312,275000,84
25648,140056,202311,275000,84
25648,140056,202310,275000,84
25648,140056,202309,275000,84
25648,140056,202308,275000,84
25648,140056,202307,275000,84
25648,140056,202306,275000,84
25648,140056,202305,275000,84
25648,140056,202304,275000,84
25648,140056,202303,275000,84
25648,140056,202302,275000,84
25648,140056,202301,275000,84
25648,140056,202512,325000,84
25648,140056,202511,305000,84
25648,140056,202510,305000,84
25648,140056,202509,305000,84
25648,140056,202508,305000,84
25648,140056,202507,305000,84
25648,140056,202506,290000,84
25648,140056,202505,280000,84
25648,140056,202504,270000,84
25648,140056,202503,270000,84
25648,140056,202502,265000,84
25648,140056,202501,265000,84
25648,140056,202607,325000,84
25648,140056,202606,325000,84
25648,140056,202605,325000,84
25648,140056,202604,325000,84
25648,140056,202603,325000,84
25648,140056,202602,325000,84
25648,140056,202601,325000,84
132,49483,200912,95000,84
132,49483,200911,95000,84
132,49483,200910,95000,84
132,49483,200909,95000,84
132,49483,200908,93500,84
132,49483,200907,90000,84
132,49483,200906,88500,84
132,49483,200905,86000,84
132,49483,200904,83500,84
132,49483,200903,82000,84
132,49483,200902,83500,84
132,49483,200901,85000,84
132,49483,200812,87500,84
132,49483,200811,92500,84
132,49483,200810,96500,84
132,49483,200809,96500,84
132,49483,200808,98000,84
132,49483,200807,98000,84
132,49483,200806,98000,84
132,49483,200805,102500,84
132,49483,200804,103000,84
132,49483,200803,103000,84
132,49483,200802,100500,84
132,49483,200801,100500,84
132,49483,201012,89000,84
132,49483,201011,87500,84
132,49483,201010,89000,84
132,49483,201009,89000,84
132,49483,201008,93000,84
132,49483,201007,93000,84
132,49483,201006,94000,84
132,49483,201005,95000,84
132,49483,201004,95000,84
132,49483,201003,95000,84
132,49483,201002,95000,84
132,49483,201001,95000,84
132,49483,201112,89000,84
132,49483,201111,92000,84
132,49483,201110,93000,84
132,49483,201109,93000,84
132,49483,201108,93000,84
132,49483,201107,93000,84
132,49483,201106,93000,84
132,49483,201105,93000,84
132,49483,201104,89000,84
132,49483,201103,89000,84
132,49483,201102,89000,84
132,49483,201101,89000,84
132,49483,201312,79000,84
132,49483,201311,79000,84
132,49483,201310,79000,84
132,49483,201309,79000,84
132,49483,201308,80000,84
132,49483,201307,81000,84
132,49483,201306,81000,84
132,49483,201305,81000,84
132,49483,201304,81000,84
132,49483,201303,80000,84
132,49483,201302,80000,84
132,49483,201301,80000,84
132,49483,201212,83500,84
132,49483,201211,84000,84
132,49483,201210,84000,84
132,49483,201209,84500,84
132,49483,201208,84500,84
132,49483,201207,84500,84
132,49483,201206,87500,84
132,49483,201205,88500,84
132,49483,201204,89000,84
132,49483,201203,89000,84
132,49483,201202,89000,84
132,49483,201201,89000,84
132,49483,201412,85000,84
132,49483,201411,83000,84
132,49483,201410,83000,84
132,49483,201409,81500,84
132,49483,201408,80500,84
132,49483,201407,80500,84
132,49483,201406,80500,84
132,49483,201405,80500,84
132,49483,201404,80500,84
132,49483,201403,80500,84
132,49483,201402,79000,84
132,49483,201401,79000,84
132,49483,201512,93000,84
132,49483,201511,93000,84
132,49483,201510,93000,84
132,49483,201509,93000,84
132,49483,201508,92000,84
132,49483,201507,91000,84
132,49483,201506,90500,84
132,49483,201505,90500,84
132,49483,201504,89000,84
132,49483,201503,89000,84
132,49483,201502,85000,84
132,49483,201501,85000,84
132,49483,201712,130000,84
132,49483,201711,125000,84
132,49483,201710,123500,84
132,49483,201709,121000,84
132,49483,201708,117500,84
132,49483,201707,117500,84
132,49483,201706,115000,84
132,49483,201705,115000,84
132,49483,201704,111500,84
132,49483,201703,110000,84
132,49483,201702,111000,84
132,49483,201701,112500,84
132,49483,201912,175000,84
132,49483,201911,171000,84
132,49483,201910,161500,84
132,49483,201909,160000,84
132,49483,201908,157500,84
132,49483,201907,152500,84
132,49483,201906,150000,84
132,49483,201905,146500,84
132,49483,201904,145500,84
132,49483,201903,147500,84
132,49483,201902,152500,84
132,49483,201901,155000,84
132,49483,202112,242500,84
132,49483,202111,240000,84
132,49483,202110,237500,84
132,49483,202109,232500,84
132,49483,202108,220000,84
132,49483,202107,220000,84
132,49483,202106,220000,84
132,49483,202105,215000,84
132,49483,202104,207500,84
132,49483,202103,207500,84
132,49483,202102,207500,84
132,49483,202101,202500,84
132,49483,202212,220000,84
132,49483,202211,230000,84
132,49483,202210,245000,84
132,49483,202209,245000,84
132,49483,202208,245000,84
132,49483,202207,245000,84
132,49483,202206,245000,84
132,49483,202205,245000,84
132,49483,202204,245000,84
132,49483,202203,245000,84
132,49483,202202,245000,84
132,49483,202201,245000,84
132,49483,202312,218500,84
132,49483,202311,218500,84
132,49483,202310,213500,84
132,49483,202309,207500,84
132,49483,202308,202500,84
132,49483,202307,195000,84
132,49483,202306,195000,84
132,49483,202305,195000,84
132,49483,202304,195000,84
132,49483,202303,206500,84
132,49483,202302,210000,84
132,49483,202301,215000,84
132,49483,202012,195000,84
132,49483,202011,190000,84
132,49483,202010,190000,84
132,49483,202009,190000,84
132,49483,202008,185000,84
132,49483,202007,180000,84
132,49483,202006,180000,84
132,49483,202005,180000,84
132,49483,202004,180000,84
132,49483,202003,180000,84
132,49483,202002,177500,84
132,49483,202001,175000,84
132,49483,202412,235000,84
132,49483,202411,235000,84
132,49483,202410,235000,84
132,49483,202409,235000,84
132,49483,202408,235000,84
132,49483,202407,222500,84
132,49483,202406,219000,84
132,49483,202405,219000,84
132,49483,202404,218500,84
132,49483,202403,218500,84
132,49483,202402,218500,84
132,49483,202401,218500,84
132,49483,201812,155000,84
132,49483,201811,156500,84
132,49483,201810,156500,84
132,49483,201809,155000,84
132,49483,201808,155000,84
132,49483,201807,145000,84
132,49483,201806,146500,84
132,49483,201805,147500,84
132,49483,201804,147500,84
132,49483,201803,145000,84
132,49483,201802,141500,84
132,49483,201801,136500,84
132,49483,201612,110000,84
132,49483,201611,110000,84
132,49483,201610,110000,84
132,49483,201609,106500,84
132,49483,201608,103500,84
132,49483,201607,102000,84
132,49483,201606,98500,84
132,49483,201605,96500,84
132,49483,201604,95000,84
132,49483,201603,93000,84
132,49483,201602,93000,84
132,49483,201601,93000,84
132,49483,202512,270000,84
132,49483,202511,270000,84
132,49483,202510,270000,84
132,49483,202509,270000,84
132,49483,202508,270000,84
132,49483,202507,270000,84
132,49483,202506,270000,84
132,49483,202505,270000,84
132,49483,202504,270000,84
132,49483,202503,270000,84
132,49483,202502,235000,84
132,49483,202501,235000,84
132,49483,202607,320000,84
132,49483,202606,320000,84
132,49483,202605,320000,84
132,49483,202604,320000,84
132,49483,202603,320000,84
132,49483,202602,320000,84
132,49483,202601,320000,84
45353,88730,202512,325000,84
45353,88730,202511,325000,84
45353,88730,202607,320000,84
45353,88730,202606,320000,84
45353,88730,202605,320000,84
45353,88730,202604,320000,84
45353,88730,202603,325000,84
45353,88730,202602,325000,84
45353,88730,202601,325000,84
45353,124132,202512,325000,84
45353,124132,202511,325000,84
45353,124132,202607,320000,84
45353,124132,202606,320000,84
45353,124132,202605,320000,84
45353,124132,202604,320000,84
45353,124132,202603,325000,84
45353,124132,202602,325000,84
45353,124132,202601,325000,84
121,127822,201112,81500,84
121,127822,201111,81500,84
121,127822,201110,81500,84
121,127822,201109,81500,84
121,127822,201108,81500,84
121,127822,201107,81500,84
121,127822,201106,81500,84
121,127822,201105,81500,84
121,127822,201104,81500,84
121,127822,201103,81500,84
121,127822,201102,81500,84
121,127822,201101,81500,84
121,127822,200812,78000,84
121,127822,200811,80000,84
121,127822,200810,81500,84
121,127822,200809,88000,84
121,127822,200808,88500,84
121,127822,200807,88500,84
121,127822,200806,89000,84
121,127822,200805,90500,84
121,127822,200804,90500,84
121,127822,200803,90500,84
121,127822,200802,90500,84
121,127822,200801,90500,84
121,127822,201212,71500,84
121,127822,201211,72500,84
121,127822,201210,73000,84
121,127822,201209,74500,84
121,127822,201208,74500,84
121,127822,201207,77000,84
121,127822,201206,78500,84
121,127822,201205,79000,84
121,127822,201204,79000,84
121,127822,201203,80000,84
121,127822,201202,81500,84
121,127822,201201,81500,84
121,127822,201412,77500,84
121,127822,201411,77500,84
121,127822,201410,73000,84
121,127822,201409,73000,84
121,127822,201408,72000,84
121,127822,201407,70000,84
121,127822,201406,70000,84
121,127822,201405,70000,84
121,127822,201404,70000,84
121,127822,201403,70000,84
121,127822,201402,70000,84
121,127822,201401,70000,84
121,127822,201312,70000,84
121,127822,201311,70000,84
121,127822,201310,70000,84
121,127822,201309,70000,84
121,127822,201308,71000,84
121,127822,201307,71000,84
121,127822,201306,71000,84
121,127822,201305,71000,84
121,127822,201304,70000,84
121,127822,201303,70000,84
121,127822,201302,70000,84
121,127822,201301,70000,84
121,127822,200912,82500,84
121,127822,200911,82500,84
121,127822,200910,82500,84
121,127822,200909,82500,84
121,127822,200908,81500,84
121,127822,200907,79000,84
121,127822,200906,79000,84
121,127822,200905,77000,84
121,127822,200904,76500,84
121,127822,200903,73500,84
121,127822,200902,74000,84
121,127822,200901,74000,84
121,127822,201012,81500,84
121,127822,201011,81500,84
121,127822,201010,82500,84
121,127822,201009,82500,84
121,127822,201008,82500,84
121,127822,201007,82500,84
121,127822,201006,82500,84
121,127822,201005,83000,84
121,127822,201004,83000,84
121,127822,201003,83000,84
121,127822,201002,83000,84
121,127822,201001,82500,84
121,127822,201512,87000,84
121,127822,201511,87000,84
121,127822,201510,87000,84
121,127822,201509,87000,84
121,127822,201508,87000,84
121,127822,201507,85500,84
121,127822,201506,85500,84
121,127822,201505,82000,84
121,127822,201504,82000,84
121,127822,201503,81500,84
121,127822,201502,78000,84
121,127822,201501,78000,84
121,127822,201612,104500,84
121,127822,201611,105000,84
121,127822,201610,110000,84
121,127822,201609,107000,84
121,127822,201608,96000,84
121,127822,201607,93000,84
121,127822,201606,91000,84
121,127822,201605,89000,84
121,127822,201604,87000,84
121,127822,201603,87000,84
121,127822,201602,87000,84
121,127822,201601,87000,84
121,127822,201712,133500,84
121,127822,201711,128500,84
121,127822,201710,125000,84
121,127822,201709,122500,84
121,127822,201708,122500,84
121,127822,201707,123000,84
121,127822,201706,118000,84
121,127822,201705,108500,84
121,127822,201704,105000,84
121,127822,201703,105000,84
121,127822,201702,104000,84
121,127822,201701,104500,84
121,127822,201812,157500,84
121,127822,201811,157500,84
121,127822,201810,157500,84
121,127822,201809,157500,84
121,127822,201808,157500,84
121,127822,201807,149000,84
121,127822,201806,149000,84
121,127822,201805,150000,84
121,127822,201804,150000,84
121,127822,201803,145000,84
121,127822,201802,145000,84
121,127822,201801,133500,84
121,127822,201912,175000,84
121,127822,201911,171500,84
121,127822,201910,170500,84
121,127822,201909,170500,84
121,127822,201908,170500,84
121,127822,201907,162500,84
121,127822,201906,152000,84
121,127822,201905,152000,84
121,127822,201904,152000,84
121,127822,201903,152000,84
121,127822,201902,155000,84
121,127822,201901,157500,84
121,127822,202012,202500,84
121,127822,202011,200000,84
121,127822,202010,197500,84
121,127822,202009,190000,84
121,127822,202008,186000,84
121,127822,202007,185000,84
121,127822,202006,181500,84
121,127822,202005,175000,84
121,127822,202004,175000,84
121,127822,202003,175000,84
121,127822,202002,175000,84
121,127822,202001,175000,84
121,127822,202112,237500,84
121,127822,202111,237500,84
121,127822,202110,237500,84
121,127822,202109,237500,84
121,127822,202108,237500,84
121,127822,202107,222500,84
121,127822,202106,220000,84
121,127822,202105,215000,84
121,127822,202104,213500,84
121,127822,202103,211000,84
121,127822,202102,209000,84
121,127822,202101,205000,84
121,127822,202312,220000,84
121,127822,202311,220000,84
121,127822,202310,220000,84
121,127822,202309,220000,84
121,127822,202308,220000,84
121,127822,202307,220000,84
121,127822,202306,220000,84
121,127822,202305,230000,84
121,127822,202304,230000,84
121,127822,202303,232500,84
121,127822,202302,232500,84
121,127822,202301,235000,84
121,127822,202212,235000,84
121,127822,202211,238500,84
121,127822,202210,241000,84
121,127822,202209,241000,84
121,127822,202208,241000,84
121,127822,202207,241000,84
121,127822,202206,241000,84
121,127822,202205,241000,84
121,127822,202204,240000,84
121,127822,202203,237500,84
121,127822,202202,237500,84
121,127822,202201,237500,84
121,127822,202412,235000,84
121,127822,202411,235000,84
121,127822,202410,235000,84
121,127822,202409,235000,84
121,127822,202408,235000,84
121,127822,202407,225000,84
121,127822,202406,222500,84
121,127822,202405,220000,84
121,127822,202404,220000,84
121,127822,202403,220000,84
121,127822,202402,220000,84
121,127822,202401,220000,84
121,127822,202512,330000,84
121,127822,202511,325000,84
121,127822,202510,315000,84
121,127822,202509,295000,84
121,127822,202508,295000,84
121,127822,202507,295000,84
121,127822,202506,295000,84
121,127822,202505,280000,84
121,127822,202504,277500,84
121,127822,202503,265000,84
121,127822,202502,255000,84
121,127822,202501,247500,84
121,127822,202607,327500,84
121,127822,202606,327500,84
121,127822,202605,327500,84
121,127822,202604,330000,84
121,127822,202603,330000,84
121,127822,202602,330000,84
121,127822,202601,330000,84
121,49474,200812,78000,84
121,49474,200811,80000,84
121,49474,200810,81500,84
121,49474,200809,88000,84
121,49474,200808,88500,84
121,49474,200807,88500,84
121,49474,200806,89000,84
121,49474,200805,90500,84
121,49474,200804,90500,84
121,49474,200803,90500,84
121,49474,200802,90500,84
121,49474,200801,90500,84
121,49474,200912,82500,84
121,49474,200911,82500,84
121,49474,200910,82500,84
121,49474,200909,82500,84
121,49474,200908,81500,84
121,49474,200907,79000,84
121,49474,200906,79000,84
121,49474,200905,77000,84
121,49474,200904,76500,84
121,49474,200903,73500,84
121,49474,200902,74000,84
121,49474,200901,74000,84
121,49474,201012,81500,84
121,49474,201011,81500,84
121,49474,201010,82500,84
121,49474,201009,82500,84
121,49474,201008,82500,84
121,49474,201007,82500,84
121,49474,201006,82500,84
121,49474,201005,83000,84
121,49474,201004,83000,84
121,49474,201003,83000,84
121,49474,201002,83000,84
121,49474,201001,82500,84
121,49474,201112,81500,84
121,49474,201111,81500,84
121,49474,201110,81500,84
121,49474,201109,81500,84
121,49474,201108,81500,84
121,49474,201107,81500,84
121,49474,201106,81500,84
121,49474,201105,81500,84
121,49474,201104,81500,84
121,49474,201103,81500,84
121,49474,201102,81500,84
121,49474,201101,81500,84
121,49474,201312,70000,84
121,49474,201311,70000,84
121,49474,201310,70000,84
121,49474,201309,70000,84
121,49474,201308,71000,84
121,49474,201307,71000,84
121,49474,201306,71000,84
121,49474,201305,71000,84
121,49474,201304,70000,84
121,49474,201303,70000,84
121,49474,201302,70000,84
121,49474,201301,70000,84
121,49474,201212,71500,84
121,49474,201211,72500,84
121,49474,201210,73000,84
121,49474,201209,74500,84
121,49474,201208,74500,84
121,49474,201207,77000,84
121,49474,201206,78500,84
121,49474,201205,79000,84
121,49474,201204,79000,84
121,49474,201203,80000,84
121,49474,201202,81500,84
121,49474,201201,81500,84
121,49474,201412,77500,84
121,49474,201411,77500,84
121,49474,201410,73000,84
121,49474,201409,73000,84
121,49474,201408,72000,84
121,49474,201407,70000,84
121,49474,201406,70000,84
121,49474,201405,70000,84
121,49474,201404,70000,84
121,49474,201403,70000,84
121,49474,201402,70000,84
121,49474,201401,70000,84
121,49474,201512,87000,84
121,49474,201511,87000,84
121,49474,201510,87000,84
121,49474,201509,87000,84
121,49474,201508,87000,84
121,49474,201507,85500,84
121,49474,201506,85500,84
121,49474,201505,82000,84
121,49474,201504,82000,84
121,49474,201503,81500,84
121,49474,201502,78000,84
121,49474,201501,78000,84
121,49474,201612,104500,84
121,49474,201611,105000,84
121,49474,201610,110000,84
121,49474,201609,107000,84
121,49474,201608,96000,84
121,49474,201607,93000,84
121,49474,201606,91000,84
121,49474,201605,89000,84
121,49474,201604,87000,84
121,49474,201603,87000,84
121,49474,201602,87000,84
121,49474,201601,87000,84
121,49474,201712,133500,84
121,49474,201711,128500,84
121,49474,201710,125000,84
121,49474,201709,122500,84
121,49474,201708,122500,84
121,49474,201707,123000,84
121,49474,201706,118000,84
121,49474,201705,108500,84
121,49474,201704,105000,84
121,49474,201703,105000,84
121,49474,201702,104000,84
121,49474,201701,104500,84
121,49474,201812,157500,84
121,49474,201811,157500,84
121,49474,201810,157500,84
121,49474,201809,157500,84
121,49474,201808,157500,84
121,49474,201807,149000,84
121,49474,201806,149000,84
121,49474,201805,150000,84
121,49474,201804,150000,84
121,49474,201803,145000,84
121,49474,201802,145000,84
121,49474,201801,133500,84
121,49474,201912,175000,84
121,49474,201911,171500,84
121,49474,201910,170500,84
121,49474,201909,170500,84
121,49474,201908,170500,84
121,49474,201907,162500,84
121,49474,201906,152000,84
121,49474,201905,152000,84
121,49474,201904,152000,84
121,49474,201903,152000,84
121,49474,201902,155000,84
121,49474,201901,157500,84
121,49474,202012,202500,84
121,49474,202011,200000,84
121,49474,202010,197500,84
121,49474,202009,190000,84
121,49474,202008,186000,84
121,49474,202007,185000,84
121,49474,202006,181500,84
121,49474,202005,175000,84
121,49474,202004,175000,84
121,49474,202003,175000,84
121,49474,202002,175000,84
121,49474,202001,175000,84
121,49474,202112,237500,84
121,49474,202111,237500,84
121,49474,202110,237500,84
121,49474,202109,237500,84
121,49474,202108,237500,84
121,49474,202107,222500,84
121,49474,202106,220000,84
121,49474,202105,215000,84
121,49474,202104,213500,84
121,49474,202103,211000,84
121,49474,202102,209000,84
121,49474,202101,205000,84
121,49474,202212,235000,84
121,49474,202211,238500,84
121,49474,202210,241000,84
121,49474,202209,241000,84
121,49474,202208,241000,84
121,49474,202207,241000,84
121,49474,202206,241000,84
121,49474,202205,241000,84
121,49474,202204,240000,84
121,49474,202203,237500,84
121,49474,202202,237500,84
121,49474,202201,237500,84
121,49474,202312,220000,84
121,49474,202311,220000,84
121,49474,202310,220000,84
121,49474,202309,220000,84
121,49474,202308,220000,84
121,49474,202307,220000,84
121,49474,202306,220000,84
121,49474,202305,230000,84
121,49474,202304,230000,84
121,49474,202303,232500,84
121,49474,202302,232500,84
121,49474,202301,235000,84
121,49474,202412,235000,84
121,49474,202411,235000,84
121,49474,202410,235000,84
121,49474,202409,235000,84
121,49474,202408,235000,84
121,49474,202407,225000,84
121,49474,202406,222500,84
121,49474,202405,220000,84
121,49474,202404,220000,84
121,49474,202403,220000,84
121,49474,202402,220000,84
121,49474,202401,220000,84
121,49474,202607,327500,84
121,49474,202606,327500,84
121,49474,202605,327500,84
121,49474,202604,330000,84
121,49474,202603,330000,84
121,49474,202602,330000,84
121,49474,202601,330000,84
121,49474,202512,330000,84
121,49474,202511,325000,84
121,49474,202510,315000,84
121,49474,202509,295000,84
121,49474,202508,295000,84
121,49474,202507,295000,84
121,49474,202506,295000,84
121,49474,202505,280000,84
121,49474,202504,277500,84
121,49474,202503,265000,84
121,49474,202502,255000,84
121,49474,202501,247500,84
121,93431,200812,78000,84
121,93431,200811,80000,84
121,93431,200810,81500,84
121,93431,200809,88000,84
121,93431,200808,88500,84
121,93431,200807,88500,84
121,93431,200806,89000,84
121,93431,200805,90500,84
121,93431,200804,90500,84
121,93431,200803,90500,84
121,93431,200802,90500,84
121,93431,200801,90500,84
121,93431,200912,82500,84
121,93431,200911,82500,84
121,93431,200910,82500,84
121,93431,200909,82500,84
121,93431,200908,81500,84
121,93431,200907,79000,84
121,93431,200906,79000,84
121,93431,200905,77000,84
121,93431,200904,76500,84
121,93431,200903,73500,84
121,93431,200902,74000,84
121,93431,200901,74000,84
121,93431,201112,81500,84
121,93431,201111,81500,84
121,93431,201110,81500,84
121,93431,201109,81500,84
121,93431,201108,81500,84
121,93431,201107,81500,84
121,93431,201106,81500,84
121,93431,201105,81500,84
121,93431,201104,81500,84
121,93431,201103,81500,84
121,93431,201102,81500,84
121,93431,201101,81500,84
121,93431,201012,81500,84
121,93431,201011,81500,84
121,93431,201010,82500,84
121,93431,201009,82500,84
121,93431,201008,82500,84
121,93431,201007,82500,84
121,93431,201006,82500,84
121,93431,201005,83000,84
121,93431,201004,83000,84
121,93431,201003,83000,84
121,93431,201002,83000,84
121,93431,201001,82500,84
121,93431,201212,71500,84
121,93431,201211,72500,84
121,93431,201210,73000,84
121,93431,201209,74500,84
121,93431,201208,74500,84
121,93431,201207,77000,84
121,93431,201206,78500,84
121,93431,201205,79000,84
121,93431,201204,79000,84
121,93431,201203,80000,84
121,93431,201202,81500,84
121,93431,201201,81500,84
121,93431,201412,77500,84
121,93431,201411,77500,84
121,93431,201410,73000,84
121,93431,201409,73000,84
121,93431,201408,72000,84
121,93431,201407,70000,84
121,93431,201406,70000,84
121,93431,201405,70000,84
121,93431,201404,70000,84
121,93431,201403,70000,84
121,93431,201402,70000,84
121,93431,201401,70000,84
121,93431,201512,87000,84
121,93431,201511,87000,84
121,93431,201510,87000,84
121,93431,201509,87000,84
121,93431,201508,87000,84
121,93431,201507,85500,84
121,93431,201506,85500,84
121,93431,201505,82000,84
121,93431,201504,82000,84
121,93431,201503,81500,84
121,93431,201502,78000,84
121,93431,201501,78000,84
121,93431,201312,70000,84
121,93431,201311,70000,84
121,93431,201310,70000,84
121,93431,201309,70000,84
121,93431,201308,71000,84
121,93431,201307,71000,84
121,93431,201306,71000,84
121,93431,201305,71000,84
121,93431,201304,70000,84
121,93431,201303,70000,84
121,93431,201302,70000,84
121,93431,201301,70000,84
121,93431,201612,104500,84
121,93431,201611,105000,84
121,93431,201610,110000,84
121,93431,201609,107000,84
121,93431,201608,96000,84
121,93431,201607,93000,84
121,93431,201606,91000,84
121,93431,201605,89000,84
121,93431,201604,87000,84
121,93431,201603,87000,84
121,93431,201602,87000,84
121,93431,201601,87000,84
121,93431,201712,133500,84
121,93431,201711,128500,84
121,93431,201710,125000,84
121,93431,201709,122500,84
121,93431,201708,122500,84
121,93431,201707,123000,84
121,93431,201706,118000,84
121,93431,201705,108500,84
121,93431,201704,105000,84
121,93431,201703,105000,84
121,93431,201702,104000,84
121,93431,201701,104500,84
121,93431,201912,175000,84
121,93431,201911,171500,84
121,93431,201910,170500,84
121,93431,201909,170500,84
121,93431,201908,170500,84
121,93431,201907,162500,84
121,93431,201906,152000,84
121,93431,201905,152000,84
121,93431,201904,152000,84
121,93431,201903,152000,84
121,93431,201902,155000,84
121,93431,201901,157500,84
121,93431,201812,157500,84
121,93431,201811,157500,84
121,93431,201810,157500,84
121,93431,201809,157500,84
121,93431,201808,157500,84
121,93431,201807,149000,84
121,93431,201806,149000,84
121,93431,201805,150000,84
121,93431,201804,150000,84
121,93431,201803,145000,84
121,93431,201802,145000,84
121,93431,201801,133500,84
121,93431,202012,202500,84
121,93431,202011,200000,84
121,93431,202010,197500,84
121,93431,202009,190000,84
121,93431,202008,186000,84
121,93431,202007,185000,84
121,93431,202006,181500,84
121,93431,202005,175000,84
121,93431,202004,175000,84
121,93431,202003,175000,84
121,93431,202002,175000,84
121,93431,202001,175000,84
121,93431,202112,237500,84
121,93431,202111,237500,84
121,93431,202110,237500,84
121,93431,202109,237500,84
121,93431,202108,237500,84
121,93431,202107,222500,84
121,93431,202106,220000,84
121,93431,202105,215000,84
121,93431,202104,213500,84
121,93431,202103,211000,84
121,93431,202102,209000,84
121,93431,202101,205000,84
121,93431,202212,235000,84
121,93431,202211,238500,84
121,93431,202210,241000,84
121,93431,202209,241000,84
121,93431,202208,241000,84
121,93431,202207,241000,84
121,93431,202206,241000,84
121,93431,202205,241000,84
121,93431,202204,240000,84
121,93431,202203,237500,84
121,93431,202202,237500,84
121,93431,202201,237500,84
121,93431,202312,220000,84
121,93431,202311,220000,84
121,93431,202310,220000,84
121,93431,202309,220000,84
121,93431,202308,220000,84
121,93431,202307,220000,84
121,93431,202306,220000,84
121,93431,202305,230000,84
121,93431,202304,230000,84
121,93431,202303,232500,84
121,93431,202302,232500,84
121,93431,202301,235000,84
121,93431,202607,327500,84
121,93431,202606,327500,84
121,93431,202605,327500,84
121,93431,202604,330000,84
121,93431,202603,330000,84
121,93431,202602,330000,84
121,93431,202601,330000,84
121,93431,202512,330000,84
121,93431,202511,325000,84
121,93431,202510,315000,84
121,93431,202509,295000,84
121,93431,202508,295000,84
121,93431,202507,295000,84
121,93431,202506,295000,84
121,93431,202505,280000,84
121,93431,202504,277500,84
121,93431,202503,265000,84
121,93431,202502,255000,84
121,93431,202501,247500,84
121,93431,202412,235000,84
121,93431,202411,235000,84
121,93431,202410,235000,84
121,93431,202409,235000,84
121,93431,202408,235000,84
121,93431,202407,225000,84
121,93431,202406,222500,84
121,93431,202405,220000,84
121,93431,202404,220000,84
121,93431,202403,220000,84
121,93431,202402,220000,84
121,93431,202401,220000,84
60,58,200812,89500,84
60,58,200811,92000,84
60,58,200810,92000,84
60,58,200809,92000,84
60,58,200808,92000,84
60,58,200807,92000,84
60,58,200806,92000,84
60,58,200805,92000,84
60,58,200804,92500,84
60,58,200803,92500,84
60,58,200802,92500,84
60,58,200801,92500,84
60,58,200912,93000,84
60,58,200911,93000,84
60,58,200910,93000,84
60,58,200909,93000,84
60,58,200908,93000,84
60,58,200907,92500,84
60,58,200906,89500,84
60,58,200905,89000,84
60,58,200904,88000,84
60,58,200903,88000,84
60,58,200902,88000,84
60,58,200901,89500,84
60,58,201312,84000,84
60,58,201311,84000,84
60,58,201310,84000,84
60,58,201309,84000,84
60,58,201308,84000,84
60,58,201307,84500,84
60,58,201306,85500,84
60,58,201305,85500,84
60,58,201304,85000,84
60,58,201303,85000,84
60,58,201302,85000,84
60,58,201301,85000,84
60,58,201412,89500,84
60,58,201411,88000,84
60,58,201410,88000,84
60,58,201409,87500,84
60,58,201408,85000,84
60,58,201407,84500,84
60,58,201406,84500,84
60,58,201405,84500,84
60,58,201404,84500,84
60,58,201403,84500,84
60,58,201402,84000,84
60,58,201401,84000,84
60,58,201212,85500,84
60,58,201211,85500,84
60,58,201210,85500,84
60,58,201209,86500,84
60,58,201208,86500,84
60,58,201207,86500,84
60,58,201206,87500,84
60,58,201205,88500,84
60,58,201204,88500,84
60,58,201203,88500,84
60,58,201202,88500,84
60,58,201201,88500,84
60,58,201012,91000,84
60,58,201011,91000,84
60,58,201010,91000,84
60,58,201009,93000,84
60,58,201008,93000,84
60,58,201007,93000,84
60,58,201006,93000,84
60,58,201005,92500,84
60,58,201004,92500,84
60,58,201003,92500,84
60,58,201002,92500,84
60,58,201001,93000,84
60,58,201112,88500,84
60,58,201111,89500,84
60,58,201110,89500,84
60,58,201109,90500,84
60,58,201108,90500,84
60,58,201107,90500,84
60,58,201106,90500,84
60,58,201105,90500,84
60,58,201104,91000,84
60,58,201103,91500,84
60,58,201102,91500,84
60,58,201101,91000,84
60,58,201512,107500,84
60,58,201511,106000,84
60,58,201510,99500,84
60,58,201509,99500,84
60,58,201508,99500,84
60,58,201507,97000,84
60,58,201506,97000,84
60,58,201505,94500,84
60,58,201504,94000,84
60,58,201503,93500,84
60,58,201502,90000,84
60,58,201501,90000,84
60,58,201712,147000,84
60,58,201711,145500,84
60,58,201710,145500,84
60,58,201709,143000,84
60,58,201708,138500,84
60,58,201707,137000,84
60,58,201706,134000,84
60,58,201705,133000,84
60,58,201704,130500,84
60,58,201703,130500,84
60,58,201702,128500,84
60,58,201701,128500,84
60,58,201612,128500,84
60,58,201611,125000,84
60,58,201610,124000,84
60,58,201609,121000,84
60,58,201608,117500,84
60,58,201607,117500,84
60,58,201606,116500,84
60,58,201605,113000,84
60,58,201604,108500,84
60,58,201603,107500,84
60,58,201602,107500,84
60,58,201601,107500,84
60,58,201812,179500,84
60,58,201811,179500,84
60,58,201810,174500,84
60,58,201809,171000,84
60,58,201808,168000,84
60,58,201807,165000,84
60,58,201806,159000,84
60,58,201805,159000,84
60,58,201804,159000,84
60,58,201803,157500,84
60,58,201802,155500,84
60,58,201801,151000,84
60,58,202012,213500,84
60,58,202011,211000,84
60,58,202010,207500,84
60,58,202009,206500,84
60,58,202008,206500,84
60,58,202007,206500,84
60,58,202006,207500,84
60,58,202005,207500,84
60,58,202004,210000,84
60,58,202003,211000,84
60,58,202002,210000,84
60,58,202001,210000,84
60,58,202112,242500,84
60,58,202111,236000,84
60,58,202110,235000,84
60,58,202109,233500,84
60,58,202108,233500,84
60,58,202107,232500,84
60,58,202106,230000,84
60,58,202105,230000,84
60,58,202104,227500,84
60,58,202103,227500,84
60,58,202102,225000,84
60,58,202101,216000,84
60,58,202212,250000,84
60,58,202211,250500,84
60,58,202210,250500,84
60,58,202209,250000,84
60,58,202208,250000,84
60,58,202207,250000,84
60,58,202206,250000,84
60,58,202205,247500,84
60,58,202204,247500,84
60,58,202203,245000,84
60,58,202202,242500,84
60,58,202201,242500,84
60,58,202412,247500,84
60,58,202411,247500,84
60,58,202410,247500,84
60,58,202409,247500,84
60,58,202408,225000,84
60,58,202407,225000,84
60,58,202406,225000,84
60,58,202405,225000,84
60,58,202404,237000,84
60,58,202403,237000,84
60,58,202402,237500,84
60,58,202401,240000,84
60,58,202312,242500,84
60,58,202311,242500,84
60,58,202310,242500,84
60,58,202309,240000,84
60,58,202308,240000,84
60,58,202307,240000,84
60,58,202306,240000,84
60,58,202305,240000,84
60,58,202304,242500,84
60,58,202303,245000,84
60,58,202302,245000,84
60,58,202301,247500,84
60,58,202512,340000,84
60,58,202511,340000,84
60,58,202510,310000,84
60,58,202509,297500,84
60,58,202508,277500,84
60,58,202507,272500,84
60,58,202506,272500,84
60,58,202505,270000,84
60,58,202504,252500,84
60,58,202503,252500,84
60,58,202502,250000,84
60,58,202501,250000,84
60,58,202607,340000,84
60,58,202606,337500,84
60,58,202605,337500,84
60,58,202604,342500,84
60,58,202603,342500,84
60,58,202602,342500,84
60,58,202601,340000,84
60,58,201912,210000,84
60,58,201911,199500,84
60,58,201910,195000,84
60,58,201909,193000,84
60,58,201908,185500,84
60,58,201907,185500,84
60,58,201906,177500,84
60,58,201905,175000,84
60,58,201904,176500,84
60,58,201903,176500,84
60,58,201902,177500,84
60,58,201901,177500,84
45354,169227,202412,277500,84
45354,169227,202411,277500,84
45354,169227,202410,275000,84
45354,169227,202409,275000,84
45354,169227,202408,272500,84
45354,169227,202407,270000,84
45354,169227,202512,330000,84
45354,169227,202511,330000,84
45354,169227,202510,330000,84
45354,169227,202509,325000,84
45354,169227,202508,325000,84
45354,169227,202507,322500,84
45354,169227,202506,317500,84
45354,169227,202505,305000,84
45354,169227,202504,290000,84
45354,169227,202503,290000,84
45354,169227,202502,285000,84
45354,169227,202501,277500,84
45354,169227,202607,330000,84
45354,169227,202606,330000,84
45354,169227,202605,335000,84
45354,169227,202604,330000,84
45354,169227,202603,330000,84
45354,169227,202602,330000,84
45354,169227,202601,330000,84
45354,182843,202412,277500,84
45354,182843,202411,277500,84
45354,182843,202410,275000,84
45354,182843,202409,275000,84
45354,182843,202408,272500,84
45354,182843,202407,270000,84
45354,182843,202512,330000,84
45354,182843,202511,330000,84
45354,182843,202510,330000,84
45354,182843,202509,325000,84
45354,182843,202508,325000,84
45354,182843,202507,322500,84
45354,182843,202506,317500,84
45354,182843,202505,305000,84
45354,182843,202504,290000,84
45354,182843,202503,290000,84
45354,182843,202502,285000,84
45354,182843,202501,277500,84
45354,182843,202607,330000,84
45354,182843,202606,330000,84
45354,182843,202605,335000,84
45354,182843,202604,330000,84
45354,182843,202603,330000,84
45354,182843,202602,330000,84
45354,182843,202601,330000,84
45354,192713,202412,277500,84
45354,192713,202411,277500,84
45354,192713,202410,275000,84
45354,192713,202409,275000,84
45354,192713,202408,272500,84
45354,192713,202407,270000,84
45354,192713,202512,330000,84
45354,192713,202511,330000,84
45354,192713,202510,330000,84
45354,192713,202509,325000,84
45354,192713,202508,325000,84
45354,192713,202507,322500,84
45354,192713,202506,317500,84
45354,192713,202505,305000,84
45354,192713,202504,290000,84
45354,192713,202503,290000,84
45354,192713,202502,285000,84
45354,192713,202501,277500,84
45354,192713,202607,330000,84
45354,192713,202606,330000,84
45354,192713,202605,335000,84
45354,192713,202604,330000,84
45354,192713,202603,330000,84
45354,192713,202602,330000,84
45354,192713,202601,330000,84
29879,189948,201612,123500,84
29879,189948,201611,123500,84
29879,189948,201712,135000,84
29879,189948,201711,133500,84
29879,189948,201710,132500,84
29879,189948,201709,132500,84
29879,189948,201708,127500,84
29879,189948,201707,127500,84
29879,189948,201706,126500,84
29879,189948,201705,125000,84
29879,189948,201704,125000,84
29879,189948,201703,125000,84
29879,189948,201702,123500,84
29879,189948,201701,123500,84
29879,189948,201912,207500,84
29879,189948,201911,199000,84
29879,189948,201910,193500,84
29879,189948,201909,191000,84
29879,189948,201908,191000,84
29879,189948,201907,191000,84
29879,189948,201906,191000,84
29879,189948,201905,191000,84
29879,189948,201904,191000,84
29879,189948,201903,191000,84
29879,189948,201902,191000,84
29879,189948,201901,191000,84
29879,189948,201812,191000,84
29879,189948,201811,191000,84
29879,189948,201810,190000,84
29879,189948,201809,172500,84
29879,189948,201808,167500,84
29879,189948,201807,167500,84
29879,189948,201806,167500,84
29879,189948,201805,167500,84
29879,189948,201804,167500,84
29879,189948,201803,167500,84
29879,189948,201802,155000,84
29879,189948,201801,141500,84
29879,189948,202012,225000,84
29879,189948,202011,225000,84
29879,189948,202010,225000,84
29879,189948,202009,225000,84
29879,189948,202008,222500,84
29879,189948,202007,215000,84
29879,189948,202006,212500,84
29879,189948,202005,212500,84
29879,189948,202004,212500,84
29879,189948,202003,210000,84
29879,189948,202002,207500,84
29879,189948,202001,207500,84
29879,189948,202112,280000,84
29879,189948,202111,280000,84
29879,189948,202110,262500,84
29879,189948,202109,247500,84
29879,189948,202108,245000,84
29879,189948,202107,245000,84
29879,189948,202106,245000,84
29879,189948,202105,245000,84
29879,189948,202104,240000,84
29879,189948,202103,240000,84
29879,189948,202102,237500,84
29879,189948,202101,227500,84
29879,189948,202312,260000,84
29879,189948,202311,260000,84
29879,189948,202310,260000,84
29879,189948,202309,260000,84
29879,189948,202308,260000,84
29879,189948,202307,260000,84
29879,189948,202306,265000,84
29879,189948,202305,265000,84
29879,189948,202304,267500,84
29879,189948,202303,267500,84
29879,189948,202302,267500,84
29879,189948,202301,280000,84
29879,189948,202412,280000,84
29879,189948,202411,280000,84
29879,189948,202410,267500,84
29879,189948,202409,262500,84
29879,189948,202408,262500,84
29879,189948,202407,262500,84
29879,189948,202406,260000,84
29879,189948,202405,260000,84
29879,189948,202404,260000,84
29879,189948,202403,260000,84
29879,189948,202402,260000,84
29879,189948,202401,260000,84
29879,189948,202212,280000,84
29879,189948,202211,280000,84
29879,189948,202210,280000,84
29879,189948,202209,280000,84
29879,189948,202208,280000,84
29879,189948,202207,280000,84
29879,189948,202206,280000,84
29879,189948,202205,280000,84
29879,189948,202204,280000,84
29879,189948,202203,280000,84
29879,189948,202202,280000,84
29879,189948,202201,280000,84
29879,189948,202607,325000,84
29879,189948,202606,325000,84
29879,189948,202605,325000,84
29879,189948,202604,325000,84
29879,189948,202603,325000,84
29879,189948,202602,325000,84
29879,189948,202601,325000,84
29879,189948,202512,312500,84
29879,189948,202511,312500,84
29879,189948,202510,307500,84
29879,189948,202509,307500,84
29879,189948,202508,307500,84
29879,189948,202507,307500,84
29879,189948,202506,307500,84
29879,189948,202505,297500,84
29879,189948,202504,290000,84
29879,189948,202503,290000,84
29879,189948,202502,280000,84
29879,189948,202501,280000,84
29879,28771,201612,123500,84
29879,28771,201611,123500,84
29879,28771,201712,135000,84
29879,28771,201711,133500,84
29879,28771,201710,132500,84
29879,28771,201709,132500,84
29879,28771,201708,127500,84
29879,28771,201707,127500,84
29879,28771,201706,126500,84
29879,28771,201705,125000,84
29879,28771,201704,125000,84
29879,28771,201703,125000,84
29879,28771,201702,123500,84
29879,28771,201701,123500,84
29879,28771,201812,191000,84
29879,28771,201811,191000,84
29879,28771,201810,190000,84
29879,28771,201809,172500,84
29879,28771,201808,167500,84
29879,28771,201807,167500,84
29879,28771,201806,167500,84
29879,28771,201805,167500,84
29879,28771,201804,167500,84
29879,28771,201803,167500,84
29879,28771,201802,155000,84
29879,28771,201801,141500,84
29879,28771,202012,225000,84
29879,28771,202011,225000,84
29879,28771,202010,225000,84
29879,28771,202009,225000,84
29879,28771,202008,222500,84
29879,28771,202007,215000,84
29879,28771,202006,212500,84
29879,28771,202005,212500,84
29879,28771,202004,212500,84
29879,28771,202003,210000,84
29879,28771,202002,207500,84
29879,28771,202001,207500,84
29879,28771,202112,280000,84
29879,28771,202111,280000,84
29879,28771,202110,262500,84
29879,28771,202109,247500,84
29879,28771,202108,245000,84
29879,28771,202107,245000,84
29879,28771,202106,245000,84
29879,28771,202105,245000,84
29879,28771,202104,240000,84
29879,28771,202103,240000,84
29879,28771,202102,237500,84
29879,28771,202101,227500,84
29879,28771,201912,207500,84
29879,28771,201911,199000,84
29879,28771,201910,193500,84
29879,28771,201909,191000,84
29879,28771,201908,191000,84
29879,28771,201907,191000,84
29879,28771,201906,191000,84
29879,28771,201905,191000,84
29879,28771,201904,191000,84
29879,28771,201903,191000,84
29879,28771,201902,191000,84
29879,28771,201901,191000,84
29879,28771,202212,280000,84
29879,28771,202211,280000,84
29879,28771,202210,280000,84
29879,28771,202209,280000,84
29879,28771,202208,280000,84
29879,28771,202207,280000,84
29879,28771,202206,280000,84
29879,28771,202205,280000,84
29879,28771,202204,280000,84
29879,28771,202203,280000,84
29879,28771,202202,280000,84
29879,28771,202201,280000,84
29879,28771,202312,260000,84
29879,28771,202311,260000,84
29879,28771,202310,260000,84
29879,28771,202309,260000,84
29879,28771,202308,260000,84
29879,28771,202307,260000,84
29879,28771,202306,265000,84
29879,28771,202305,265000,84
29879,28771,202304,267500,84
29879,28771,202303,267500,84
29879,28771,202302,267500,84
29879,28771,202301,280000,84
29879,28771,202512,312500,84
29879,28771,202511,312500,84
29879,28771,202510,307500,84
29879,28771,202509,307500,84
29879,28771,202508,307500,84
29879,28771,202507,307500,84
29879,28771,202506,307500,84
29879,28771,202505,297500,84
29879,28771,202504,290000,84
29879,28771,202503,290000,84
29879,28771,202502,280000,84
29879,28771,202501,280000,84
29879,28771,202412,280000,84
29879,28771,202411,280000,84
29879,28771,202410,267500,84
29879,28771,202409,262500,84
29879,28771,202408,262500,84
29879,28771,202407,262500,84
29879,28771,202406,260000,84
29879,28771,202405,260000,84
29879,28771,202404,260000,84
29879,28771,202403,260000,84
29879,28771,202402,260000,84
29879,28771,202401,260000,84
29879,28771,202607,325000,84
29879,28771,202606,325000,84
29879,28771,202605,325000,84
29879,28771,202604,325000,84
29879,28771,202603,325000,84
29879,28771,202602,325000,84
29879,28771,202601,325000,84
29879,178888,201612,123500,84
29879,178888,201611,123500,84
29879,178888,201812,191000,84
29879,178888,201811,191000,84
29879,178888,201810,190000,84
29879,178888,201809,172500,84
29879,178888,201808,167500,84
29879,178888,201807,167500,84
29879,178888,201806,167500,84
29879,178888,201805,167500,84
29879,178888,201804,167500,84
29879,178888,201803,167500,84
29879,178888,201802,155000,84
29879,178888,201801,141500,84
29879,178888,201712,135000,84
29879,178888,201711,133500,84
29879,178888,201710,132500,84
29879,178888,201709,132500,84
29879,178888,201708,127500,84
29879,178888,201707,127500,84
29879,178888,201706,126500,84
29879,178888,201705,125000,84
29879,178888,201704,125000,84
29879,178888,201703,125000,84
29879,178888,201702,123500,84
29879,178888,201701,123500,84
29879,178888,201912,207500,84
29879,178888,201911,199000,84
29879,178888,201910,193500,84
29879,178888,201909,191000,84
29879,178888,201908,191000,84
29879,178888,201907,191000,84
29879,178888,201906,191000,84
29879,178888,201905,191000,84
29879,178888,201904,191000,84
29879,178888,201903,191000,84
29879,178888,201902,191000,84
29879,178888,201901,191000,84
29879,178888,202012,225000,84
29879,178888,202011,225000,84
29879,178888,202010,225000,84
29879,178888,202009,225000,84
29879,178888,202008,222500,84
29879,178888,202007,215000,84
29879,178888,202006,212500,84
29879,178888,202005,212500,84
29879,178888,202004,212500,84
29879,178888,202003,210000,84
29879,178888,202002,207500,84
29879,178888,202001,207500,84
29879,178888,202112,280000,84
29879,178888,202111,280000,84
29879,178888,202110,262500,84
29879,178888,202109,247500,84
29879,178888,202108,245000,84
29879,178888,202107,245000,84
29879,178888,202106,245000,84
29879,178888,202105,245000,84
29879,178888,202104,240000,84
29879,178888,202103,240000,84
29879,178888,202102,237500,84
29879,178888,202101,227500,84
29879,178888,202212,280000,84
29879,178888,202211,280000,84
29879,178888,202210,280000,84
29879,178888,202209,280000,84
29879,178888,202208,280000,84
29879,178888,202207,280000,84
29879,178888,202206,280000,84
29879,178888,202205,280000,84
29879,178888,202204,280000,84
29879,178888,202203,280000,84
29879,178888,202202,280000,84
29879,178888,202201,280000,84
29879,178888,202312,260000,84
29879,178888,202311,260000,84
29879,178888,202310,260000,84
29879,178888,202309,260000,84
29879,178888,202308,260000,84
29879,178888,202307,260000,84
29879,178888,202306,265000,84
29879,178888,202305,265000,84
29879,178888,202304,267500,84
29879,178888,202303,267500,84
29879,178888,202302,267500,84
29879,178888,202301,280000,84
29879,178888,202412,280000,84
29879,178888,202411,280000,84
29879,178888,202410,267500,84
29879,178888,202409,262500,84
29879,178888,202408,262500,84
29879,178888,202407,262500,84
29879,178888,202406,260000,84
29879,178888,202405,260000,84
29879,178888,202404,260000,84
29879,178888,202403,260000,84
29879,178888,202402,260000,84
29879,178888,202401,260000,84
29879,178888,202512,312500,84
29879,178888,202511,312500,84
29879,178888,202510,307500,84
29879,178888,202509,307500,84
29879,178888,202508,307500,84
29879,178888,202507,307500,84
29879,178888,202506,307500,84
29879,178888,202505,297500,84
29879,178888,202504,290000,84
29879,178888,202503,290000,84
29879,178888,202502,280000,84
29879,178888,202501,280000,84
29879,178888,202607,325000,84
29879,178888,202606,325000,84
29879,178888,202605,325000,84
29879,178888,202604,325000,84
29879,178888,202603,325000,84
29879,178888,202602,325000,84
29879,178888,202601,325000,84
32109,164515,201812,200000,84
32109,164515,201811,200000,84
32109,164515,201810,200000,84
32109,164515,201809,196500,84
32109,164515,201808,190250,84
32109,164515,201807,185000,84
32109,164515,201806,185000,84
32109,164515,201805,185000,84
32109,164515,201804,182500,84
32109,164515,201803,182500,84
32109,164515,201802,178000,84
32109,164515,201801,175500,84
32109,164515,201912,219000,84
32109,164515,201911,210250,84
32109,164515,201910,205000,84
32109,164515,201909,201000,84
32109,164515,201908,200000,84
32109,164515,201907,200000,84
32109,164515,201906,200000,84
32109,164515,201905,200000,84
32109,164515,201904,200000,84
32109,164515,201903,200000,84
32109,164515,201902,200000,84
32109,164515,201901,200000,84
32109,164515,202012,237500,84
32109,164515,202011,237500,84
32109,164515,202010,237500,84
32109,164515,202009,237500,84
32109,164515,202008,232500,84
32109,164515,202007,225000,84
32109,164515,202006,221500,84
32109,164515,202005,220250,84
32109,164515,202004,220250,84
32109,164515,202003,220250,84
32109,164515,202002,220250,84
32109,164515,202001,220250,84
32109,164515,202112,282500,84
32109,164515,202111,282500,84
32109,164515,202110,267500,84
32109,164515,202109,255000,84
32109,164515,202108,247500,84
32109,164515,202107,245000,84
32109,164515,202106,245000,84
32109,164515,202105,242500,84
32109,164515,202104,240000,84
32109,164515,202103,240000,84
32109,164515,202102,237500,84
32109,164515,202101,237500,84
32109,164515,202312,258500,84
32109,164515,202311,258500,84
32109,164515,202310,258500,84
32109,164515,202309,258500,84
32109,164515,202308,258500,84
32109,164515,202307,258500,84
32109,164515,202306,258500,84
32109,164515,202305,258500,84
32109,164515,202304,275000,84
32109,164515,202303,275000,84
32109,164515,202302,275000,84
32109,164515,202301,282500,84
32109,164515,202212,282500,84
32109,164515,202211,282500,84
32109,164515,202210,282500,84
32109,164515,202209,282500,84
32109,164515,202208,282500,84
32109,164515,202207,282500,84
32109,164515,202206,282500,84
32109,164515,202205,282500,84
32109,164515,202204,282500,84
32109,164515,202203,282500,84
32109,164515,202202,282500,84
32109,164515,202201,282500,84
32109,164515,202412,280000,84
32109,164515,202411,277500,84
32109,164515,202410,275000,84
32109,164515,202409,270000,84
32109,164515,202408,270000,84
32109,164515,202407,261000,84
32109,164515,202406,258500,84
32109,164515,202405,258500,84
32109,164515,202404,258500,84
32109,164515,202403,258500,84
32109,164515,202402,258500,84
32109,164515,202401,258500,84
32109,164515,202512,337500,84
32109,164515,202511,332500,84
32109,164515,202510,330000,84
32109,164515,202509,327500,84
32109,164515,202508,325000,84
32109,164515,202507,317500,84
32109,164515,202506,317500,84
32109,164515,202505,312500,84
32109,164515,202504,307500,84
32109,164515,202503,297500,84
32109,164515,202502,292500,84
32109,164515,202501,282500,84
32109,164515,202607,345000,84
32109,164515,202606,347500,84
32109,164515,202605,347500,84
32109,164515,202604,347500,84
32109,164515,202603,347500,84
32109,164515,202602,347500,84
32109,164515,202601,347500,84
32109,30974,201812,200000,84
32109,30974,201811,200000,84
32109,30974,201810,200000,84
32109,30974,201809,196500,84
32109,30974,201808,190250,84
32109,30974,201807,185000,84
32109,30974,201806,185000,84
32109,30974,201805,185000,84
32109,30974,201804,182500,84
32109,30974,201803,182500,84
32109,30974,201802,178000,84
32109,30974,201801,175500,84
32109,30974,201912,219000,84
32109,30974,201911,210250,84
32109,30974,201910,205000,84
32109,30974,201909,201000,84
32109,30974,201908,200000,84
32109,30974,201907,200000,84
32109,30974,201906,200000,84
32109,30974,201905,200000,84
32109,30974,201904,200000,84
32109,30974,201903,200000,84
32109,30974,201902,200000,84
32109,30974,201901,200000,84
32109,30974,202012,237500,84
32109,30974,202011,237500,84
32109,30974,202010,237500,84
32109,30974,202009,237500,84
32109,30974,202008,232500,84
32109,30974,202007,225000,84
32109,30974,202006,221500,84
32109,30974,202005,220250,84
32109,30974,202004,220250,84
32109,30974,202003,220250,84
32109,30974,202002,220250,84
32109,30974,202001,220250,84
32109,30974,202112,282500,84
32109,30974,202111,282500,84
32109,30974,202110,267500,84
32109,30974,202109,255000,84
32109,30974,202108,245000,84
32109,30974,202107,242500,84
32109,30974,202106,242500,84
32109,30974,202105,242500,84
32109,30974,202104,240000,84
32109,30974,202103,240000,84
32109,30974,202102,237500,84
32109,30974,202101,237500,84
32109,30974,202212,282500,84
32109,30974,202211,282500,84
32109,30974,202210,282500,84
32109,30974,202209,282500,84
32109,30974,202208,282500,84
32109,30974,202207,282500,84
32109,30974,202206,282500,84
32109,30974,202205,282500,84
32109,30974,202204,282500,84
32109,30974,202203,282500,84
32109,30974,202202,282500,84
32109,30974,202201,282500,84
32109,30974,202412,280000,84
32109,30974,202411,277500,84
32109,30974,202410,275000,84
32109,30974,202409,270000,84
32109,30974,202408,270000,84
32109,30974,202407,261000,84
32109,30974,202406,258500,84
32109,30974,202405,258500,84
32109,30974,202404,258500,84
32109,30974,202403,258500,84
32109,30974,202402,258500,84
32109,30974,202401,258500,84
32109,30974,202312,258500,84
32109,30974,202311,258500,84
32109,30974,202310,258500,84
32109,30974,202309,258500,84
32109,30974,202308,258500,84
32109,30974,202307,258500,84
32109,30974,202306,258500,84
32109,30974,202305,258500,84
32109,30974,202304,275000,84
32109,30974,202303,275000,84
32109,30974,202302,275000,84
32109,30974,202301,282500,84
32109,30974,202512,337500,84
32109,30974,202511,332500,84
32109,30974,202510,330000,84
32109,30974,202509,327500,84
32109,30974,202508,325000,84
32109,30974,202507,317500,84
32109,30974,202506,317500,84
32109,30974,202505,312500,84
32109,30974,202504,307500,84
32109,30974,202503,297500,84
32109,30974,202502,292500,84
32109,30974,202501,282500,84
32109,30974,202607,345000,84
32109,30974,202606,347500,84
32109,30974,202605,347500,84
32109,30974,202604,347500,84
32109,30974,202603,347500,84
32109,30974,202602,347500,84
32109,30974,202601,347500,84
32109,77196,201812,194500,84
32109,77196,201811,194500,84
32109,77196,201810,194500,84
32109,77196,201809,192500,84
32109,77196,201808,186500,84
32109,77196,201807,181250,84
32109,77196,201806,181250,84
32109,77196,201805,181250,84
32109,77196,201804,178750,84
32109,77196,201803,178750,84
32109,77196,201802,172500,84
32109,77196,201801,170500,84
32109,77196,201912,218000,84
32109,77196,201911,208000,84
32109,77196,201910,201500,84
32109,77196,201909,197500,84
32109,77196,201908,194500,84
32109,77196,201907,194500,84
32109,77196,201906,194500,84
32109,77196,201905,194500,84
32109,77196,201904,194500,84
32109,77196,201903,194500,84
32109,77196,201902,194500,84
32109,77196,201901,194500,84
32109,77196,202112,282500,84
32109,77196,202111,282500,84
32109,77196,202110,267500,84
32109,77196,202109,255000,84
32109,77196,202108,245000,84
32109,77196,202107,242500,84
32109,77196,202106,242500,84
32109,77196,202105,242500,84
32109,77196,202104,240000,84
32109,77196,202103,240000,84
32109,77196,202102,237500,84
32109,77196,202101,237500,84
32109,77196,202012,237500,84
32109,77196,202011,237500,84
32109,77196,202010,237500,84
32109,77196,202009,237500,84
32109,77196,202008,232500,84
32109,77196,202007,225000,84
32109,77196,202006,220500,84
32109,77196,202005,219250,84
32109,77196,202004,219250,84
32109,77196,202003,219250,84
32109,77196,202002,219250,84
32109,77196,202001,219250,84
32109,77196,202212,282500,84
32109,77196,202211,282500,84
32109,77196,202210,282500,84
32109,77196,202209,282500,84
32109,77196,202208,282500,84
32109,77196,202207,282500,84
32109,77196,202206,282500,84
32109,77196,202205,282500,84
32109,77196,202204,282500,84
32109,77196,202203,282500,84
32109,77196,202202,282500,84
32109,77196,202201,282500,84
32109,77196,202312,258500,84
32109,77196,202311,258500,84
32109,77196,202310,258500,84
32109,77196,202309,258500,84
32109,77196,202308,258500,84
32109,77196,202307,258500,84
32109,77196,202306,258500,84
32109,77196,202305,258500,84
32109,77196,202304,275000,84
32109,77196,202303,275000,84
32109,77196,202302,275000,84
32109,77196,202301,282500,84
32109,77196,202512,337500,84
32109,77196,202511,332500,84
32109,77196,202510,330000,84
32109,77196,202509,327500,84
32109,77196,202508,325000,84
32109,77196,202507,317500,84
32109,77196,202506,317500,84
32109,77196,202505,312500,84
32109,77196,202504,307500,84
32109,77196,202503,297500,84
32109,77196,202502,292500,84
32109,77196,202501,282500,84
32109,77196,202412,280000,84
32109,77196,202411,277500,84
32109,77196,202410,275000,84
32109,77196,202409,270000,84
32109,77196,202408,270000,84
32109,77196,202407,261000,84
32109,77196,202406,258500,84
32109,77196,202405,258500,84
32109,77196,202404,258500,84
32109,77196,202403,258500,84
32109,77196,202402,258500,84
32109,77196,202401,258500,84
32109,77196,202607,345000,84
32109,77196,202606,347500,84
32109,77196,202605,347500,84
32109,77196,202604,347500,84
32109,77196,202603,347500,84
32109,77196,202602,347500,84
32109,77196,202601,347500,84
29882,217189,201712,157500,84
29882,217189,201711,153500,84
29882,217189,201710,148500,84
29882,217189,201709,147000,84
29882,217189,201708,147000,84
29882,217189,201707,147000,84
29882,217189,201706,140000,84
29882,217189,201812,192500,84
29882,217189,201811,192500,84
29882,217189,201810,192500,84
29882,217189,201809,192500,84
29882,217189,201808,187500,84
29882,217189,201807,165000,84
29882,217189,201806,165000,84
29882,217189,201805,165000,84
29882,217189,201804,165000,84
29882,217189,201803,165000,84
29882,217189,201802,165000,84
29882,217189,201801,165000,84
29882,217189,201912,227500,84
29882,217189,201911,212500,84
29882,217189,201910,207500,84
29882,217189,201909,207500,84
29882,217189,201908,197500,84
29882,217189,201907,190000,84
29882,217189,201906,190000,84
29882,217189,201905,185000,84
29882,217189,201904,185000,84
29882,217189,201903,185000,84
29882,217189,201902,187500,84
29882,217189,201901,192500,84
29882,217189,202112,282500,84
29882,217189,202111,282500,84
29882,217189,202110,282500,84
29882,217189,202109,277500,84
29882,217189,202108,272500,84
29882,217189,202107,262500,84
29882,217189,202106,260000,84
29882,217189,202105,255000,84
29882,217189,202104,250000,84
29882,217189,202103,250000,84
29882,217189,202102,247500,84
29882,217189,202101,245000,84
29882,217189,202012,242500,84
29882,217189,202011,242500,84
29882,217189,202010,242500,84
29882,217189,202009,242500,84
29882,217189,202008,242500,84
29882,217189,202007,230000,84
29882,217189,202006,217500,84
29882,217189,202005,212500,84
29882,217189,202004,212500,84
29882,217189,202003,215000,84
29882,217189,202002,222500,84
29882,217189,202001,227500,84
29882,217189,202212,265000,84
29882,217189,202211,272500,84
29882,217189,202210,278500,84
29882,217189,202209,281000,84
29882,217189,202208,281000,84
29882,217189,202207,282500,84
29882,217189,202206,282500,84
29882,217189,202205,282500,84
29882,217189,202204,282500,84
29882,217189,202203,282500,84
29882,217189,202202,282500,84
29882,217189,202201,282500,84
29882,217189,202312,255000,84
29882,217189,202311,255000,84
29882,217189,202310,255000,84
29882,217189,202309,250000,84
29882,217189,202308,250000,84
29882,217189,202307,250000,84
29882,217189,202306,250000,84
29882,217189,202305,250000,84
29882,217189,202304,255000,84
29882,217189,202303,255000,84
29882,217189,202302,255000,84
29882,217189,202301,260000,84
29882,217189,202412,300000,84
29882,217189,202411,300000,84
29882,217189,202410,300000,84
29882,217189,202409,285000,84
29882,217189,202408,282500,84
29882,217189,202407,275000,84
29882,217189,202406,267500,84
29882,217189,202405,257500,84
29882,217189,202404,257500,84
29882,217189,202403,255000,84
29882,217189,202402,255000,84
29882,217189,202401,255000,84
29882,217189,202512,347500,84
29882,217189,202511,342500,84
29882,217189,202510,342500,84
29882,217189,202509,342500,84
29882,217189,202508,342500,84
29882,217189,202507,342500,84
29882,217189,202506,340000,84
29882,217189,202505,320000,84
29882,217189,202504,320000,84
29882,217189,202503,315000,84
29882,217189,202502,300000,84
29882,217189,202501,300000,84
29882,217189,202607,345000,84
29882,217189,202606,342500,84
29882,217189,202605,342500,84
29882,217189,202604,342500,84
29882,217189,202603,342500,84
29882,217189,202602,347500,84
29882,217189,202601,347500,84
29882,219026,201712,157500,84
29882,219026,201711,153500,84
29882,219026,201710,148500,84
29882,219026,201709,147000,84
29882,219026,201708,147000,84
29882,219026,201707,147000,84
29882,219026,201706,140000,84
29882,219026,201812,192500,84
29882,219026,201811,192500,84
29882,219026,201810,192500,84
29882,219026,201809,192500,84
29882,219026,201808,187500,84
29882,219026,201807,165000,84
29882,219026,201806,165000,84
29882,219026,201805,165000,84
29882,219026,201804,165000,84
29882,219026,201803,165000,84
29882,219026,201802,165000,84
29882,219026,201801,165000,84
29882,219026,202012,242500,84
29882,219026,202011,242500,84
29882,219026,202010,242500,84
29882,219026,202009,242500,84
29882,219026,202008,242500,84
29882,219026,202007,230000,84
29882,219026,202006,217500,84
29882,219026,202005,212500,84
29882,219026,202004,212500,84
29882,219026,202003,215000,84
29882,219026,202002,222500,84
29882,219026,202001,227500,84
29882,219026,202112,282500,84
29882,219026,202111,282500,84
29882,219026,202110,282500,84
29882,219026,202109,277500,84
29882,219026,202108,272500,84
29882,219026,202107,262500,84
29882,219026,202106,260000,84
29882,219026,202105,255000,84
29882,219026,202104,250000,84
29882,219026,202103,250000,84
29882,219026,202102,247500,84
29882,219026,202101,245000,84
29882,219026,201912,227500,84
29882,219026,201911,212500,84
29882,219026,201910,207500,84
29882,219026,201909,207500,84
29882,219026,201908,197500,84
29882,219026,201907,190000,84
29882,219026,201906,190000,84
29882,219026,201905,185000,84
29882,219026,201904,185000,84
29882,219026,201903,185000,84
29882,219026,201902,187500,84
29882,219026,201901,192500,84
29882,219026,202212,265000,84
29882,219026,202211,272500,84
29882,219026,202210,278500,84
29882,219026,202209,281000,84
29882,219026,202208,281000,84
29882,219026,202207,282500,84
29882,219026,202206,282500,84
29882,219026,202205,282500,84
29882,219026,202204,282500,84
29882,219026,202203,282500,84
29882,219026,202202,282500,84
29882,219026,202201,282500,84
29882,219026,202312,255000,84
29882,219026,202311,255000,84
29882,219026,202310,255000,84
29882,219026,202309,250000,84
29882,219026,202308,250000,84
29882,219026,202307,250000,84
29882,219026,202306,250000,84
29882,219026,202305,250000,84
29882,219026,202304,255000,84
29882,219026,202303,255000,84
29882,219026,202302,255000,84
29882,219026,202301,260000,84
29882,219026,202412,300000,84
29882,219026,202411,300000,84
29882,219026,202410,300000,84
29882,219026,202409,285000,84
29882,219026,202408,282500,84
29882,219026,202407,275000,84
29882,219026,202406,267500,84
29882,219026,202405,257500,84
29882,219026,202404,257500,84
29882,219026,202403,255000,84
29882,219026,202402,255000,84
29882,219026,202401,255000,84
29882,219026,202512,347500,84
29882,219026,202511,342500,84
29882,219026,202510,342500,84
29882,219026,202509,342500,84
29882,219026,202508,342500,84
29882,219026,202507,342500,84
29882,219026,202506,340000,84
29882,219026,202505,320000,84
29882,219026,202504,320000,84
29882,219026,202503,315000,84
29882,219026,202502,300000,84
29882,219026,202501,300000,84
29882,219026,202607,345000,84
29882,219026,202606,342500,84
29882,219026,202605,342500,84
29882,219026,202604,342500,84
29882,219026,202603,342500,84
29882,219026,202602,347500,84
29882,219026,202601,347500,84
1538,50768,200912,69000,84
1538,50768,200911,69000,84
1538,50768,200910,68000,84
1538,50768,200909,68000,84
1538,50768,200908,68000,84
1538,50768,200907,68000,84
1538,50768,200906,64000,84
1538,50768,200905,64000,84
1538,50768,200904,64000,84
1538,50768,200903,64000,84
1538,50768,200902,64000,84
1538,50768,200901,64000,84
1538,50768,201112,73500,84
1538,50768,201111,73500,84
1538,50768,201110,73500,84
1538,50768,201109,73500,84
1538,50768,201108,73500,84
1538,50768,201107,73500,84
1538,50768,201106,73500,84
1538,50768,201105,73500,84
1538,50768,201104,73500,84
1538,50768,201103,73500,84
1538,50768,201102,72500,84
1538,50768,201101,72500,84
1538,50768,201012,71500,84
1538,50768,201011,71000,84
1538,50768,201010,70500,84
1538,50768,201009,70500,84
1538,50768,201008,70500,84
1538,50768,201007,70500,84
1538,50768,201006,70500,84
1538,50768,201005,70500,84
1538,50768,201004,70500,84
1538,50768,201003,70500,84
1538,50768,201002,70500,84
1538,50768,201001,69500,84
1538,50768,200812,64000,84
1538,50768,200811,67500,84
1538,50768,200810,70000,84
1538,50768,200809,70000,84
1538,50768,200808,70000,84
1538,50768,200807,70000,84
1538,50768,200806,70000,84
1538,50768,200805,70000,84
1538,50768,200804,70000,84
1538,50768,200803,70000,84
1538,50768,200802,70000,84
1538,50768,200801,70000,84
1538,50768,201312,65500,84
1538,50768,201311,65500,84
1538,50768,201310,65500,84
1538,50768,201309,65000,84
1538,50768,201308,67500,84
1538,50768,201307,67500,84
1538,50768,201306,67500,84
1538,50768,201305,67500,84
1538,50768,201304,67500,84
1538,50768,201303,67500,84
1538,50768,201302,67500,84
1538,50768,201301,67500,84
1538,50768,201212,67500,84
1538,50768,201211,67500,84
1538,50768,201210,70500,84
1538,50768,201209,70500,84
1538,50768,201208,70500,84
1538,50768,201207,73500,84
1538,50768,201206,73500,84
1538,50768,201205,73500,84
1538,50768,201204,73500,84
1538,50768,201203,73500,84
1538,50768,201202,73500,84
1538,50768,201201,73500,84
1538,50768,201412,69500,84
1538,50768,201411,69500,84
1538,50768,201410,69500,84
1538,50768,201409,69500,84
1538,50768,201408,68000,84
1538,50768,201407,66500,84
1538,50768,201406,66500,84
1538,50768,201405,66500,84
1538,50768,201404,66500,84
1538,50768,201403,66500,84
1538,50768,201402,65500,84
1538,50768,201401,65500,84
1538,50768,201512,82500,84
1538,50768,201511,82500,84
1538,50768,201510,80500,84
1538,50768,201509,80500,84
1538,50768,201508,80500,84
1538,50768,201507,79500,84
1538,50768,201506,77500,84
1538,50768,201505,76500,84
1538,50768,201504,76500,84
1538,50768,201503,75500,84
1538,50768,201502,74000,84
1538,50768,201501,71000,84
1538,50768,201612,102500,84
1538,50768,201611,102500,84
1538,50768,201610,102500,84
1538,50768,201609,101500,84
1538,50768,201608,98000,84
1538,50768,201607,94000,84
1538,50768,201606,91000,84
1538,50768,201605,88000,84
1538,50768,201604,85000,84
1538,50768,201603,82500,84
1538,50768,201602,82500,84
1538,50768,201601,82500,84
1538,50768,201712,117500,84
1538,50768,201711,117500,84
1538,50768,201710,117500,84
1538,50768,201709,115000,84
1538,50768,201708,109000,84
1538,50768,201707,109000,84
1538,50768,201706,109000,84
1538,50768,201705,106500,84
1538,50768,201704,105000,84
1538,50768,201703,105000,84
1538,50768,201702,105000,84
1538,50768,201701,105000,84
1538,50768,201912,170000,84
1538,50768,201911,170000,84
1538,50768,201910,160000,84
1538,50768,201909,160000,84
1538,50768,201908,160000,84
1538,50768,201907,160000,84
1538,50768,201906,160000,84
1538,50768,201905,136000,84
1538,50768,201904,136000,84
1538,50768,201903,136000,84
1538,50768,201902,136000,84
1538,50768,201901,136000,84
1538,50768,201812,136000,84
1538,50768,201811,136000,84
1538,50768,201810,136000,84
1538,50768,201809,136000,84
1538,50768,201808,125000,84
1538,50768,201807,125000,84
1538,50768,201806,125000,84
1538,50768,201805,125000,84
1538,50768,201804,125000,84
1538,50768,201803,125000,84
1538,50768,201802,125000,84
1538,50768,201801,125000,84
1538,50768,202012,190000,84
1538,50768,202011,190000,84
1538,50768,202010,190000,84
1538,50768,202009,190000,84
1538,50768,202008,190000,84
1538,50768,202007,180000,84
1538,50768,202006,180000,84
1538,50768,202005,180000,84
1538,50768,202004,180000,84
1538,50768,202003,180000,84
1538,50768,202002,180000,84
1538,50768,202001,170000,84
1538,50768,202112,215000,84
1538,50768,202111,215000,84
1538,50768,202110,215000,84
1538,50768,202109,215000,84
1538,50768,202108,215000,84
1538,50768,202107,210000,84
1538,50768,202106,210000,84
1538,50768,202105,210000,84
1538,50768,202104,210000,84
1538,50768,202103,195000,84
1538,50768,202102,190000,84
1538,50768,202101,190000,84
1538,50768,202312,225000,84
1538,50768,202311,225000,84
1538,50768,202310,225000,84
1538,50768,202309,225000,84
1538,50768,202308,220000,84
1538,50768,202307,220000,84
1538,50768,202306,220000,84
1538,50768,202305,220000,84
1538,50768,202304,220000,84
1538,50768,202303,220000,84
1538,50768,202302,220000,84
1538,50768,202301,240000,84
1538,50768,202212,240000,84
1538,50768,202211,250000,84
1538,50768,202210,255000,84
1538,50768,202209,255000,84
1538,50768,202208,255000,84
1538,50768,202207,255000,84
1538,50768,202206,250000,84
1538,50768,202205,250000,84
1538,50768,202204,250000,84
1538,50768,202203,225000,84
1538,50768,202202,215000,84
1538,50768,202201,215000,84
1538,50768,202412,260000,84
1538,50768,202411,260000,84
1538,50768,202410,250000,84
1538,50768,202409,250000,84
1538,50768,202408,230000,84
1538,50768,202407,230000,84
1538,50768,202406,230000,84
1538,50768,202405,225000,84
1538,50768,202404,225000,84
1538,50768,202403,225000,84
1538,50768,202402,225000,84
1538,50768,202401,225000,84
1538,50768,202512,330000,84
1538,50768,202511,330000,84
1538,50768,202510,330000,84
1538,50768,202509,330000,84
1538,50768,202508,320000,84
1538,50768,202507,320000,84
1538,50768,202506,320000,84
1538,50768,202505,310000,84
1538,50768,202504,290000,84
1538,50768,202503,290000,84
1538,50768,202502,260000,84
1538,50768,202501,260000,84
1538,50768,202607,330000,84
1538,50768,202606,330000,84
1538,50768,202605,330000,84
1538,50768,202604,330000,84
1538,50768,202603,330000,84
1538,50768,202602,330000,84
1538,50768,202601,330000,84
1529,1438,200912,86500,84
1529,1438,200911,86500,84
1529,1438,200910,86500,84
1529,1438,200909,86500,84
1529,1438,200908,85000,84
1529,1438,200907,85000,84
1529,1438,200906,82500,84
1529,1438,200905,78000,84
1529,1438,200904,78000,84
1529,1438,200903,75000,84
1529,1438,200902,75000,84
1529,1438,200901,75000,84
1529,1438,201012,82500,84
1529,1438,201011,82500,84
1529,1438,201010,82000,84
1529,1438,201009,83500,84
1529,1438,201008,83500,84
1529,1438,201007,84500,84
1529,1438,201006,86500,84
1529,1438,201005,86500,84
1529,1438,201004,86500,84
1529,1438,201003,86500,84
1529,1438,201002,86500,84
1529,1438,201001,86500,84
1529,1438,200812,75000,84
1529,1438,200811,75000,84
1529,1438,200810,75500,84
1529,1438,200809,87000,84
1529,1438,200808,87000,84
1529,1438,200807,87000,84
1529,1438,200806,87000,84
1529,1438,200805,87000,84
1529,1438,200804,87000,84
1529,1438,200803,87000,84
1529,1438,200802,87000,84
1529,1438,200801,87000,84
1529,1438,201212,82000,84
1529,1438,201211,83500,84
1529,1438,201210,84500,84
1529,1438,201209,84500,84
1529,1438,201208,85000,84
1529,1438,201207,85500,84
1529,1438,201206,85500,84
1529,1438,201205,85500,84
1529,1438,201204,85500,84
1529,1438,201203,85500,84
1529,1438,201202,85500,84
1529,1438,201201,85500,84
1529,1438,201112,85500,84
1529,1438,201111,84500,84
1529,1438,201110,82500,84
1529,1438,201109,82500,84
1529,1438,201108,82500,84
1529,1438,201107,82500,84
1529,1438,201106,82500,84
1529,1438,201105,82500,84
1529,1438,201104,82500,84
1529,1438,201103,82500,84
1529,1438,201102,82500,84
1529,1438,201101,82500,84
1529,1438,201412,88000,84
1529,1438,201411,87500,84
1529,1438,201410,87500,84
1529,1438,201409,87500,84
1529,1438,201408,86500,84
1529,1438,201407,85500,84
1529,1438,201406,85500,84
1529,1438,201405,84500,84
1529,1438,201404,84000,84
1529,1438,201403,83500,84
1529,1438,201402,82500,84
1529,1438,201401,81000,84
1529,1438,201512,95000,84
1529,1438,201511,95000,84
1529,1438,201510,95000,84
1529,1438,201509,94500,84
1529,1438,201508,94500,84
1529,1438,201507,93000,84
1529,1438,201506,91500,84
1529,1438,201505,91500,84
1529,1438,201504,91500,84
1529,1438,201503,91000,84
1529,1438,201502,89000,84
1529,1438,201501,88000,84
1529,1438,201612,119000,84
1529,1438,201611,117500,84
1529,1438,201610,111000,84
1529,1438,201609,106000,84
1529,1438,201608,102000,84
1529,1438,201607,100500,84
1529,1438,201606,100000,84
1529,1438,201605,98500,84
1529,1438,201604,95000,84
1529,1438,201603,95000,84
1529,1438,201602,95000,84
1529,1438,201601,95000,84
1529,1438,201712,145000,84
1529,1438,201711,135000,84
1529,1438,201710,126000,84
1529,1438,201709,122500,84
1529,1438,201708,122500,84
1529,1438,201707,122500,84
1529,1438,201706,121500,84
1529,1438,201705,121500,84
1529,1438,201704,119000,84
1529,1438,201703,119000,84
1529,1438,201702,119000,84
1529,1438,201701,119000,84
1529,1438,201812,172500,84
1529,1438,201811,172500,84
1529,1438,201810,170000,84
1529,1438,201809,170000,84
1529,1438,201808,169000,84
1529,1438,201807,161500,84
1529,1438,201806,152500,84
1529,1438,201805,150000,84
1529,1438,201804,150000,84
1529,1438,201803,150000,84
1529,1438,201802,146000,84
1529,1438,201801,145000,84
1529,1438,201912,182500,84
1529,1438,201911,182500,84
1529,1438,201910,178500,84
1529,1438,201909,172000,84
1529,1438,201908,171000,84
1529,1438,201907,166000,84
1529,1438,201906,166000,84
1529,1438,201905,162500,84
1529,1438,201904,162500,84
1529,1438,201903,164000,84
1529,1438,201902,165000,84
1529,1438,201901,170000,84
1529,1438,202012,202500,84
1529,1438,202011,195000,84
1529,1438,202010,192500,84
1529,1438,202009,192500,84
1529,1438,202008,192500,84
1529,1438,202007,190000,84
1529,1438,202006,185000,84
1529,1438,202005,182500,84
1529,1438,202004,182500,84
1529,1438,202003,182500,84
1529,1438,202002,182500,84
1529,1438,202001,182500,84
1529,1438,202112,247500,84
1529,1438,202111,247500,84
1529,1438,202110,245000,84
1529,1438,202109,245000,84
1529,1438,202108,225000,84
1529,1438,202107,225000,84
1529,1438,202106,225000,84
1529,1438,202105,222500,84
1529,1438,202104,220000,84
1529,1438,202103,218250,84
1529,1438,202102,216250,84
1529,1438,202101,212500,84
1529,1438,202212,245000,84
1529,1438,202211,247500,84
1529,1438,202210,255000,84
1529,1438,202209,257500,84
1529,1438,202208,257500,84
1529,1438,202207,257500,84
1529,1438,202206,257500,84
1529,1438,202205,252500,84
1529,1438,202204,247500,84
1529,1438,202203,247500,84
1529,1438,202202,247500,84
1529,1438,202201,247500,84
1529,1438,202312,232500,84
1529,1438,202311,232500,84
1529,1438,202310,232500,84
1529,1438,202309,230000,84
1529,1438,202308,225000,84
1529,1438,202307,225000,84
1529,1438,202306,220000,84
1529,1438,202305,217500,84
1529,1438,202304,217500,84
1529,1438,202303,240000,84
1529,1438,202302,240000,84
1529,1438,202301,240000,84
1529,1438,202412,257500,84
1529,1438,202411,257500,84
1529,1438,202410,255000,84
1529,1438,202409,252500,84
1529,1438,202408,237500,84
1529,1438,202407,237500,84
1529,1438,202406,237500,84
1529,1438,202405,235000,84
1529,1438,202404,232500,84
1529,1438,202403,232500,84
1529,1438,202402,232500,84
1529,1438,202401,232500,84
1529,1438,202607,340000,84
1529,1438,202606,330000,84
1529,1438,202605,330000,84
1529,1438,202604,330000,84
1529,1438,202603,337500,84
1529,1438,202602,350000,84
1529,1438,202601,350000,84
1529,1438,202512,352500,84
1529,1438,202511,335000,84
1529,1438,202510,327500,84
1529,1438,202509,325000,84
1529,1438,202508,322500,84
1529,1438,202507,322500,84
1529,1438,202506,322500,84
1529,1438,202505,301000,84
1529,1438,202504,290000,84
1529,1438,202503,280000,84
1529,1438,202502,265000,84
1529,1438,202501,257500,84
1529,1438,201312,80500,84
1529,1438,201311,80500,84
1529,1438,201310,80500,84
1529,1438,201309,80500,84
1529,1438,201308,81000,84
1529,1438,201307,81000,84
1529,1438,201306,81000,84
1529,1438,201305,81500,84
1529,1438,201304,81500,84
1529,1438,201303,81500,84
1529,1438,201302,81500,84
1529,1438,201301,81500,84
1522,50756,200812,73000,84
1522,50756,200811,74000,84
1522,50756,200810,75500,84
1522,50756,200809,75500,84
1522,50756,200808,75500,84
1522,50756,200807,76500,84
1522,50756,200806,76500,84
1522,50756,200805,76500,84
1522,50756,200804,76500,84
1522,50756,200803,76500,84
1522,50756,200802,76500,84
1522,50756,200801,76500,84
1522,50756,201112,78500,84
1522,50756,201111,78500,84
1522,50756,201110,78500,84
1522,50756,201109,78500,84
1522,50756,201108,78500,84
1522,50756,201107,78500,84
1522,50756,201106,78500,84
1522,50756,201105,78000,84
1522,50756,201104,78000,84
1522,50756,201103,78000,84
1522,50756,201102,78000,84
1522,50756,201101,77000,84
1522,50756,201012,77000,84
1522,50756,201011,77000,84
1522,50756,201010,77000,84
1522,50756,201009,76000,84
1522,50756,201008,76000,84
1522,50756,201007,76000,84
1522,50756,201006,76000,84
1522,50756,201005,76000,84
1522,50756,201004,76000,84
1522,50756,201003,76000,84
1522,50756,201002,75500,84
1522,50756,201001,75500,84
1522,50756,200912,75500,84
1522,50756,200911,75500,84
1522,50756,200910,75500,84
1522,50756,200909,75500,84
1522,50756,200908,75500,84
1522,50756,200907,74000,84
1522,50756,200906,74000,84
1522,50756,200905,74000,84
1522,50756,200904,73000,84
1522,50756,200903,73000,84
1522,50756,200902,73000,84
1522,50756,200901,73000,84
1522,50756,201212,73000,84
1522,50756,201211,73000,84
1522,50756,201210,73000,84
1522,50756,201209,74000,84
1522,50756,201208,75500,84
1522,50756,201207,75500,84
1522,50756,201206,77000,84
1522,50756,201205,77000,84
1522,50756,201204,77500,84
1522,50756,201203,77500,84
1522,50756,201202,78500,84
1522,50756,201201,78500,84
1522,50756,201312,73000,84
1522,50756,201311,72500,84
1522,50756,201310,72500,84
1522,50756,201309,72500,84
1522,50756,201308,72500,84
1522,50756,201307,72500,84
1522,50756,201306,72500,84
1522,50756,201305,72500,84
1522,50756,201304,72500,84
1522,50756,201303,72500,84
1522,50756,201302,71500,84
1522,50756,201301,71500,84
1522,50756,201512,94000,84
1522,50756,201511,94000,84
1522,50756,201510,92500,84
1522,50756,201509,90000,84
1522,50756,201508,90000,84
1522,50756,201507,89000,84
1522,50756,201506,86250,84
1522,50756,201505,86250,84
1522,50756,201504,86250,84
1522,50756,201503,81500,84
1522,50756,201502,80500,84
1522,50756,201501,80500,84
1522,50756,201412,79500,84
1522,50756,201411,76500,84
1522,50756,201410,76500,84
1522,50756,201409,76500,84
1522,50756,201408,75500,84
1522,50756,201407,74500,84
1522,50756,201406,74500,84
1522,50756,201405,74500,84
1522,50756,201404,74500,84
1522,50756,201403,74500,84
1522,50756,201402,74000,84
1522,50756,201401,73000,84
1522,50756,201712,140000,84
1522,50756,201711,132500,84
1522,50756,201710,130000,84
1522,50756,201709,124000,84
1522,50756,201708,119000,84
1522,50756,201707,119000,84
1522,50756,201706,115000,84
1522,50756,201705,108000,84
1522,50756,201704,105000,84
1522,50756,201703,105000,84
1522,50756,201702,105000,84
1522,50756,201701,105000,84
1522,50756,201612,106000,84
1522,50756,201611,106000,84
1522,50756,201610,106000,84
1522,50756,201609,102500,84
1522,50756,201608,101500,84
1522,50756,201607,96500,84
1522,50756,201606,94500,84
1522,50756,201605,92500,84
1522,50756,201604,92500,84
1522,50756,201603,92500,84
1522,50756,201602,93000,84
1522,50756,201601,94000,84
1522,50756,201812,164500,84
1522,50756,201811,164500,84
1522,50756,201810,164500,84
1522,50756,201809,157500,84
1522,50756,201808,152500,84
1522,50756,201807,152500,84
1522,50756,201806,152500,84
1522,50756,201805,152500,84
1522,50756,201804,152500,84
1522,50756,201803,152500,84
1522,50756,201802,148500,84
1522,50756,201801,147500,84
1522,50756,201912,176000,84
1522,50756,201911,175000,84
1522,50756,201910,172500,84
1522,50756,201909,172500,84
1522,50756,201908,172500,84
1522,50756,201907,172500,84
1522,50756,201906,164500,84
1522,50756,201905,164500,84
1522,50756,201904,164500,84
1522,50756,201903,164500,84
1522,50756,201902,164500,84
1522,50756,201901,164500,84
1522,50756,202012,187500,84
1522,50756,202011,187500,84
1522,50756,202010,187500,84
1522,50756,202009,187500,84
1522,50756,202008,185000,84
1522,50756,202007,182500,84
1522,50756,202006,182500,84
1522,50756,202005,175000,84
1522,50756,202004,175000,84
1522,50756,202003,175000,84
1522,50756,202002,176000,84
1522,50756,202001,176000,84
1522,50756,202112,245000,84
1522,50756,202111,245000,84
1522,50756,202110,207500,84
1522,50756,202109,207500,84
1522,50756,202108,207500,84
1522,50756,202107,207500,84
1522,50756,202106,207500,84
1522,50756,202105,207500,84
1522,50756,202104,205000,84
1522,50756,202103,205000,84
1522,50756,202102,197500,84
1522,50756,202101,197500,84
1522,50756,202412,270000,84
1522,50756,202411,250000,84
1522,50756,202410,250000,84
1522,50756,202409,250000,84
1522,50756,202408,242500,84
1522,50756,202407,240000,84
1522,50756,202406,237500,84
1522,50756,202405,237500,84
1522,50756,202404,237500,84
1522,50756,202403,237500,84
1522,50756,202402,237500,84
1522,50756,202401,237500,84
1522,50756,202607,335000,84
1522,50756,202606,335000,84
1522,50756,202605,335000,84
1522,50756,202604,335000,84
1522,50756,202603,335000,84
1522,50756,202602,335000,84
1522,50756,202601,335000,84
1522,50756,202512,335000,84
1522,50756,202511,332500,84
1522,50756,202510,332500,84
1522,50756,202509,325000,84
1522,50756,202508,315000,84
1522,50756,202507,315000,84
1522,50756,202506,315000,84
1522,50756,202505,295000,84
1522,50756,202504,295000,84
1522,50756,202503,295000,84
1522,50756,202502,285000,84
1522,50756,202501,270000,84
1522,50756,202212,240000,84
1522,50756,202211,242500,84
1522,50756,202210,244000,84
1522,50756,202209,245000,84
1522,50756,202208,245000,84
1522,50756,202207,245000,84
1522,50756,202206,245000,84
1522,50756,202205,245000,84
1522,50756,202204,245000,84
1522,50756,202203,245000,84
1522,50756,202202,245000,84
1522,50756,202201,245000,84
1522,50756,202312,237500,84
1522,50756,202311,237500,84
1522,50756,202310,237500,84
1522,50756,202309,237500,84
1522,50756,202308,237500,84
1522,50756,202307,237500,84
1522,50756,202306,237500,84
1522,50756,202305,237500,84
1522,50756,202304,240000,84
1522,50756,202303,240000,84
1522,50756,202302,240000,84
1522,50756,202301,240000,84
15524,206800,200812,86500,84
15524,206800,200811,86500,84
15524,206800,200810,92500,84
15524,206800,200809,92500,84
15524,206800,200808,92500,84
15524,206800,200807,92500,84
15524,206800,200806,92500,84
15524,206800,200805,92500,84
15524,206800,200804,92500,84
15524,206800,200803,93500,84
15524,206800,200802,93000,84
15524,206800,200801,93000,84
15524,206800,201012,94000,84
15524,206800,201011,93500,84
15524,206800,201010,93500,84
15524,206800,201009,93500,84
15524,206800,201008,93500,84
15524,206800,201007,95000,84
15524,206800,201006,96500,84
15524,206800,201005,97500,84
15524,206800,201004,98500,84
15524,206800,201003,101000,84
15524,206800,201002,101000,84
15524,206800,201001,101000,84
15524,206800,200912,101000,84
15524,206800,200911,101000,84
15524,206800,200910,101000,84
15524,206800,200909,101000,84
15524,206800,200908,98500,84
15524,206800,200907,97500,84
15524,206800,200906,95500,84
15524,206800,200905,92500,84
15524,206800,200904,91500,84
15524,206800,200903,90500,84
15524,206800,200902,90500,84
15524,206800,200901,87500,84
15524,206800,201112,95000,84
15524,206800,201111,96500,84
15524,206800,201110,97000,84
15524,206800,201109,97000,84
15524,206800,201108,97000,84
15524,206800,201107,96500,84
15524,206800,201106,97500,84
15524,206800,201105,97500,84
15524,206800,201104,97500,84
15524,206800,201103,97500,84
15524,206800,201102,97500,84
15524,206800,201101,97500,84
15524,206800,201212,86500,84
15524,206800,201211,86500,84
15524,206800,201210,87000,84
15524,206800,201209,87500,84
15524,206800,201208,87500,84
15524,206800,201207,88500,84
15524,206800,201206,90500,84
15524,206800,201205,91500,84
15524,206800,201204,94000,84
15524,206800,201203,95000,84
15524,206800,201202,95000,84
15524,206800,201201,95000,84
15524,206800,201312,93500,84
15524,206800,201311,92500,84
15524,206800,201310,92500,84
15524,206800,201309,92500,84
15524,206800,201308,91500,84
15524,206800,201307,90000,84
15524,206800,201306,88500,84
15524,206800,201305,88500,84
15524,206800,201304,88500,84
15524,206800,201303,87500,84
15524,206800,201302,87500,84
15524,206800,201301,86500,84
15524,206800,201412,97500,84
15524,206800,201411,97500,84
15524,206800,201410,98500,84
15524,206800,201409,97500,84
15524,206800,201408,97000,84
15524,206800,201407,96000,84
15524,206800,201406,95500,84
15524,206800,201405,96000,84
15524,206800,201404,97000,84
15524,206800,201403,97000,84
15524,206800,201402,94500,84
15524,206800,201401,94000,84
15524,206800,201712,146000,84
15524,206800,201711,142500,84
15524,206800,201710,135000,84
15524,206800,201709,130000,84
15524,206800,201708,130000,84
15524,206800,201707,127000,84
15524,206800,201706,120000,84
15524,206800,201705,117500,84
15524,206800,201704,114000,84
15524,206800,201703,114000,84
15524,206800,201702,114000,84
15524,206800,201701,114000,84
15524,206800,201612,114000,84
15524,206800,201611,114000,84
15524,206800,201610,114000,84
15524,206800,201609,110500,84
15524,206800,201608,106000,84
15524,206800,201607,105500,84
15524,206800,201606,105500,84
15524,206800,201605,104500,84
15524,206800,201604,102000,84
15524,206800,201603,101000,84
15524,206800,201602,101000,84
15524,206800,201601,101000,84
15524,206800,202012,226000,84
15524,206800,202011,224500,84
15524,206800,202010,224500,84
15524,206800,202009,221000,84
15524,206800,202008,220000,84
15524,206800,202007,212500,84
15524,206800,202006,202500,84
15524,206800,202005,188500,84
15524,206800,202004,191500,84
15524,206800,202003,194500,84
15524,206800,202002,200000,84
15524,206800,202001,200000,84
15524,206800,202112,250500,84
15524,206800,202111,250500,84
15524,206800,202110,248000,84
15524,206800,202109,243000,84
15524,206800,202108,242000,84
15524,206800,202107,239000,84
15524,206800,202106,234500,84
15524,206800,202105,232500,84
15524,206800,202104,231500,84
15524,206800,202103,231000,84
15524,206800,202102,228500,84
15524,206800,202101,228000,84
15524,206800,201912,199500,84
15524,206800,201911,194000,84
15524,206800,201910,192000,84
15524,206800,201909,185500,84
15524,206800,201908,183500,84
15524,206800,201907,181000,84
15524,206800,201906,171500,84
15524,206800,201905,165000,84
15524,206800,201904,162500,84
15524,206800,201903,160000,84
15524,206800,201902,161000,84
15524,206800,201901,164000,84
15524,206800,201512,102500,84
15524,206800,201511,103500,84
15524,206800,201510,103500,84
15524,206800,201509,101500,84
15524,206800,201508,101500,84
15524,206800,201507,101000,84
15524,206800,201506,101000,84
15524,206800,201505,100000,84
15524,206800,201504,100000,84
15524,206800,201503,97500,84
15524,206800,201502,97500,84
15524,206800,201501,97500,84
15524,206800,202212,206000,84
15524,206800,202211,213500,84
15524,206800,202210,219500,84
15524,206800,202209,232500,84
15524,206800,202208,246500,84
15524,206800,202207,249000,84
15524,206800,202206,249000,84
15524,206800,202205,250500,84
15524,206800,202204,253000,84
15524,206800,202203,253500,84
15524,206800,202202,253500,84
15524,206800,202201,251000,84
15524,206800,201812,170000,84
15524,206800,201811,173500,84
15524,206800,201810,178000,84
15524,206800,201809,175500,84
15524,206800,201808,165000,84
15524,206800,201807,162000,84
15524,206800,201806,162000,84
15524,206800,201805,162500,84
15524,206800,201804,167000,84
15524,206800,201803,168500,84
15524,206800,201802,164500,84
15524,206800,201801,161500,84
15524,206800,202512,344000,84
15524,206800,202511,339000,84
15524,206800,202510,332500,84
15524,206800,202509,332500,84
15524,206800,202508,320000,84
15524,206800,202507,320000,84
15524,206800,202506,310000,84
15524,206800,202505,295000,84
15524,206800,202504,295000,84
15524,206800,202503,287500,84
15524,206800,202502,272500,84
15524,206800,202501,266500,84
15524,206800,202312,235000,84
15524,206800,202311,241500,84
15524,206800,202310,238500,84
15524,206800,202309,236500,84
15524,206800,202308,235500,84
15524,206800,202307,227000,84
15524,206800,202306,222500,84
15524,206800,202305,216000,84
15524,206800,202304,215000,84
15524,206800,202303,208000,84
15524,206800,202302,204500,84
15524,206800,202301,204500,84
15524,206800,202412,266500,84
15524,206800,202411,267000,84
15524,206800,202410,266000,84
15524,206800,202409,263500,84
15524,206800,202408,262500,84
15524,206800,202407,251000,84
15524,206800,202406,244000,84
15524,206800,202405,239500,84
15524,206800,202404,237000,84
15524,206800,202403,233500,84
15524,206800,202402,233000,84
15524,206800,202401,234500,84
15524,206800,202607,335000,84
15524,206800,202606,330000,84
15524,206800,202605,330000,84
15524,206800,202604,330000,84
15524,206800,202603,344000,84
15524,206800,202602,344000,84
15524,206800,202601,344000,84
15524,210719,200912,101000,84
15524,210719,200911,101000,84
15524,210719,200910,101000,84
15524,210719,200909,101000,84
15524,210719,200908,98500,84
15524,210719,200907,97500,84
15524,210719,200906,95500,84
15524,210719,200905,92500,84
15524,210719,200904,91500,84
15524,210719,200903,90500,84
15524,210719,200902,90500,84
15524,210719,200901,87500,84
15524,210719,201012,94000,84
15524,210719,201011,93500,84
15524,210719,201010,93500,84
15524,210719,201009,93500,84
15524,210719,201008,93500,84
15524,210719,201007,95000,84
15524,210719,201006,96500,84
15524,210719,201005,97500,84
15524,210719,201004,98500,84
15524,210719,201003,101000,84
15524,210719,201002,101000,84
15524,210719,201001,101000,84
15524,210719,200812,86500,84
15524,210719,200811,86500,84
15524,210719,200810,92500,84
15524,210719,200809,92500,84
15524,210719,200808,92500,84
15524,210719,200807,92500,84
15524,210719,200806,92500,84
15524,210719,200805,92500,84
15524,210719,200804,92500,84
15524,210719,200803,93500,84
15524,210719,200802,93000,84
15524,210719,200801,93000,84
15524,210719,201112,95000,84
15524,210719,201111,96500,84
15524,210719,201110,97000,84
15524,210719,201109,97000,84
15524,210719,201108,97000,84
15524,210719,201107,96500,84
15524,210719,201106,97500,84
15524,210719,201105,97500,84
15524,210719,201104,97500,84
15524,210719,201103,97500,84
15524,210719,201102,97500,84
15524,210719,201101,97500,84
15524,210719,201412,97500,84
15524,210719,201411,97500,84
15524,210719,201410,98500,84
15524,210719,201409,97500,84
15524,210719,201408,97000,84
15524,210719,201407,96000,84
15524,210719,201406,95500,84
15524,210719,201405,96000,84
15524,210719,201404,97000,84
15524,210719,201403,97000,84
15524,210719,201402,94500,84
15524,210719,201401,94000,84
15524,210719,201312,93500,84
15524,210719,201311,92500,84
15524,210719,201310,92500,84
15524,210719,201309,92500,84
15524,210719,201308,91500,84
15524,210719,201307,90000,84
15524,210719,201306,88500,84
15524,210719,201305,88500,84
15524,210719,201304,88500,84
15524,210719,201303,87500,84
15524,210719,201302,87500,84
15524,210719,201301,86500,84
15524,210719,201212,86500,84
15524,210719,201211,86500,84
15524,210719,201210,87000,84
15524,210719,201209,87500,84
15524,210719,201208,87500,84
15524,210719,201207,88500,84
15524,210719,201206,90500,84
15524,210719,201205,91500,84
15524,210719,201204,94000,84
15524,210719,201203,95000,84
15524,210719,201202,95000,84
15524,210719,201201,95000,84
15524,210719,201512,102500,84
15524,210719,201511,103500,84
15524,210719,201510,103500,84
15524,210719,201509,101500,84
15524,210719,201508,101500,84
15524,210719,201507,101000,84
15524,210719,201506,101000,84
15524,210719,201505,100000,84
15524,210719,201504,100000,84
15524,210719,201503,97500,84
15524,210719,201502,97500,84
15524,210719,201501,97500,84
15524,210719,201612,114000,84
15524,210719,201611,114000,84
15524,210719,201610,114000,84
15524,210719,201609,110500,84
15524,210719,201608,106000,84
15524,210719,201607,105500,84
15524,210719,201606,105500,84
15524,210719,201605,104500,84
15524,210719,201604,102000,84
15524,210719,201603,101000,84
15524,210719,201602,101000,84
15524,210719,201601,101000,84
15524,210719,201712,146000,84
15524,210719,201711,142500,84
15524,210719,201710,135000,84
15524,210719,201709,130000,84
15524,210719,201708,130000,84
15524,210719,201707,127000,84
15524,210719,201706,120000,84
15524,210719,201705,117500,84
15524,210719,201704,114000,84
15524,210719,201703,114000,84
15524,210719,201702,114000,84
15524,210719,201701,114000,84
15524,210719,201812,170000,84
15524,210719,201811,173500,84
15524,210719,201810,178000,84
15524,210719,201809,175500,84
15524,210719,201808,165000,84
15524,210719,201807,162000,84
15524,210719,201806,162000,84
15524,210719,201805,162500,84
15524,210719,201804,167000,84
15524,210719,201803,168500,84
15524,210719,201802,164500,84
15524,210719,201801,161500,84
15524,210719,201912,199500,84
15524,210719,201911,194000,84
15524,210719,201910,192000,84
15524,210719,201909,185500,84
15524,210719,201908,183500,84
15524,210719,201907,181000,84
15524,210719,201906,171500,84
15524,210719,201905,165000,84
15524,210719,201904,162500,84
15524,210719,201903,160000,84
15524,210719,201902,161000,84
15524,210719,201901,164000,84
15524,210719,202012,226000,84
15524,210719,202011,224500,84
15524,210719,202010,224500,84
15524,210719,202009,221000,84
15524,210719,202008,220000,84
15524,210719,202007,212500,84
15524,210719,202006,202500,84
15524,210719,202005,188500,84
15524,210719,202004,191500,84
15524,210719,202003,194500,84
15524,210719,202002,200000,84
15524,210719,202001,200000,84
15524,210719,202112,250500,84
15524,210719,202111,250500,84
15524,210719,202110,248000,84
15524,210719,202109,243000,84
15524,210719,202108,242000,84
15524,210719,202107,239000,84
15524,210719,202106,234500,84
15524,210719,202105,232500,84
15524,210719,202104,231500,84
15524,210719,202103,231000,84
15524,210719,202102,228500,84
15524,210719,202101,228000,84
15524,210719,202212,206000,84
15524,210719,202211,213500,84
15524,210719,202210,219500,84
15524,210719,202209,232500,84
15524,210719,202208,246500,84
15524,210719,202207,249000,84
15524,210719,202206,249000,84
15524,210719,202205,250500,84
15524,210719,202204,253000,84
15524,210719,202203,253500,84
15524,210719,202202,253500,84
15524,210719,202201,251000,84
15524,210719,202312,235000,84
15524,210719,202311,241500,84
15524,210719,202310,238500,84
15524,210719,202309,236500,84
15524,210719,202308,235500,84
15524,210719,202307,227000,84
15524,210719,202306,222500,84
15524,210719,202305,216000,84
15524,210719,202304,215000,84
15524,210719,202303,208000,84
15524,210719,202302,204500,84
15524,210719,202301,204500,84
15524,210719,202412,266500,84
15524,210719,202411,267000,84
15524,210719,202410,266000,84
15524,210719,202409,263500,84
15524,210719,202408,262500,84
15524,210719,202407,251000,84
15524,210719,202406,244000,84
15524,210719,202405,239500,84
15524,210719,202404,237000,84
15524,210719,202403,233500,84
15524,210719,202402,233000,84
15524,210719,202401,234500,84
15524,213782,200812,86500,84
15524,213782,200811,86500,84
15524,213782,200810,92500,84
15524,213782,200809,92500,84
15524,213782,200808,92500,84
15524,213782,200807,92500,84
15524,213782,200806,92500,84
15524,213782,200805,92500,84
15524,213782,200804,92500,84
15524,213782,200803,93500,84
15524,213782,200802,93000,84
15524,213782,200801,93000,84
15524,210719,202512,344000,84
15524,210719,202511,339000,84
15524,210719,202510,332500,84
15524,210719,202509,332500,84
15524,210719,202508,320000,84
15524,210719,202507,320000,84
15524,210719,202506,310000,84
15524,210719,202505,295000,84
15524,210719,202504,295000,84
15524,210719,202503,287500,84
15524,210719,202502,272500,84
15524,210719,202501,266500,84
15524,210719,202607,335000,84
15524,210719,202606,330000,84
15524,210719,202605,330000,84
15524,210719,202604,330000,84
15524,210719,202603,344000,84
15524,210719,202602,344000,84
15524,210719,202601,344000,84
15524,213782,200912,101000,84
15524,213782,200911,101000,84
15524,213782,200910,101000,84
15524,213782,200909,101000,84
15524,213782,200908,98500,84
15524,213782,200907,97500,84
15524,213782,200906,95500,84
15524,213782,200905,92500,84
15524,213782,200904,91500,84
15524,213782,200903,90500,84
15524,213782,200902,90500,84
15524,213782,200901,87500,84
15524,213782,201112,95000,84
15524,213782,201111,96500,84
15524,213782,201110,97000,84
15524,213782,201109,97000,84
15524,213782,201108,97000,84
15524,213782,201107,96500,84
15524,213782,201106,97500,84
15524,213782,201105,97500,84
15524,213782,201104,97500,84
15524,213782,201103,97500,84
15524,213782,201102,97500,84
15524,213782,201101,97500,84
15524,213782,201012,94000,84
15524,213782,201011,93500,84
15524,213782,201010,93500,84
15524,213782,201009,93500,84
15524,213782,201008,93500,84
15524,213782,201007,95000,84
15524,213782,201006,96500,84
15524,213782,201005,97500,84
15524,213782,201004,98500,84
15524,213782,201003,101000,84
15524,213782,201002,101000,84
15524,213782,201001,101000,84
15524,213782,201212,86500,84
15524,213782,201211,86500,84
15524,213782,201210,87000,84
15524,213782,201209,87500,84
15524,213782,201208,87500,84
15524,213782,201207,88500,84
15524,213782,201206,90500,84
15524,213782,201205,91500,84
15524,213782,201204,94000,84
15524,213782,201203,95000,84
15524,213782,201202,95000,84
15524,213782,201201,95000,84
15524,213782,201312,93500,84
15524,213782,201311,92500,84
15524,213782,201310,92500,84
15524,213782,201309,92500,84
15524,213782,201308,91500,84
15524,213782,201307,90000,84
15524,213782,201306,88500,84
15524,213782,201305,88500,84
15524,213782,201304,88500,84
15524,213782,201303,87500,84
15524,213782,201302,87500,84
15524,213782,201301,86500,84
15524,213782,201512,102500,84
15524,213782,201511,103500,84
15524,213782,201510,103500,84
15524,213782,201509,101500,84
15524,213782,201508,101500,84
15524,213782,201507,101000,84
15524,213782,201506,101000,84
15524,213782,201505,100000,84
15524,213782,201504,100000,84
15524,213782,201503,97500,84
15524,213782,201502,97500,84
15524,213782,201501,97500,84
15524,213782,201412,97500,84
15524,213782,201411,97500,84
15524,213782,201410,98500,84
15524,213782,201409,97500,84
15524,213782,201408,97000,84
15524,213782,201407,96000,84
15524,213782,201406,95500,84
15524,213782,201405,96000,84
15524,213782,201404,97000,84
15524,213782,201403,97000,84
15524,213782,201402,94500,84
15524,213782,201401,94000,84
15524,213782,201612,114000,84
15524,213782,201611,114000,84
15524,213782,201610,114000,84
15524,213782,201609,110500,84
15524,213782,201608,106000,84
15524,213782,201607,105500,84
15524,213782,201606,105500,84
15524,213782,201605,104500,84
15524,213782,201604,102000,84
15524,213782,201603,101000,84
15524,213782,201602,101000,84
15524,213782,201601,101000,84
15524,213782,201712,146000,84
15524,213782,201711,142500,84
15524,213782,201710,135000,84
15524,213782,201709,130000,84
15524,213782,201708,130000,84
15524,213782,201707,127000,84
15524,213782,201706,120000,84
15524,213782,201705,117500,84
15524,213782,201704,114000,84
15524,213782,201703,114000,84
15524,213782,201702,114000,84
15524,213782,201701,114000,84
15524,213782,201812,170000,84
15524,213782,201811,173500,84
15524,213782,201810,178000,84
15524,213782,201809,175500,84
15524,213782,201808,165000,84
15524,213782,201807,162000,84
15524,213782,201806,162000,84
15524,213782,201805,162500,84
15524,213782,201804,167000,84
15524,213782,201803,168500,84
15524,213782,201802,164500,84
15524,213782,201801,161500,84
15524,213782,201912,199500,84
15524,213782,201911,194000,84
15524,213782,201910,192000,84
15524,213782,201909,185500,84
15524,213782,201908,183500,84
15524,213782,201907,181000,84
15524,213782,201906,171500,84
15524,213782,201905,165000,84
15524,213782,201904,162500,84
15524,213782,201903,160000,84
15524,213782,201902,161000,84
15524,213782,201901,164000,84
15524,213782,202012,226000,84
15524,213782,202011,224500,84
15524,213782,202010,224500,84
15524,213782,202009,221000,84
15524,213782,202008,220000,84
15524,213782,202007,212500,84
15524,213782,202006,202500,84
15524,213782,202005,188500,84
15524,213782,202004,191500,84
15524,213782,202003,194500,84
15524,213782,202002,200000,84
15524,213782,202001,200000,84
15524,213782,202112,250500,84
15524,213782,202111,250500,84
15524,213782,202110,248000,84
15524,213782,202109,243000,84
15524,213782,202108,242000,84
15524,213782,202107,239000,84
15524,213782,202106,234500,84
15524,213782,202105,232500,84
15524,213782,202104,231500,84
15524,213782,202103,231000,84
15524,213782,202102,228500,84
15524,213782,202101,228000,84
15524,213782,202312,235000,84
15524,213782,202311,241500,84
15524,213782,202310,238500,84
15524,213782,202309,236500,84
15524,213782,202308,235500,84
15524,213782,202307,227000,84
15524,213782,202306,222500,84
15524,213782,202305,216000,84
15524,213782,202304,215000,84
15524,213782,202303,208000,84
15524,213782,202302,204500,84
15524,213782,202301,204500,84
15524,213782,202412,266500,84
15524,213782,202411,267000,84
15524,213782,202410,266000,84
15524,213782,202409,263500,84
15524,213782,202408,262500,84
15524,213782,202407,251000,84
15524,213782,202406,244000,84
15524,213782,202405,239500,84
15524,213782,202404,237000,84
15524,213782,202403,233500,84
15524,213782,202402,233000,84
15524,213782,202401,234500,84
15524,213782,202212,206000,84
15524,213782,202211,213500,84
15524,213782,202210,219500,84
15524,213782,202209,232500,84
15524,213782,202208,246500,84
15524,213782,202207,249000,84
15524,213782,202206,249000,84
15524,213782,202205,250500,84
15524,213782,202204,253000,84
15524,213782,202203,253500,84
15524,213782,202202,253500,84
15524,213782,202201,251000,84
15524,213782,202512,344000,84
15524,213782,202511,339000,84
15524,213782,202510,332500,84
15524,213782,202509,332500,84
15524,213782,202508,320000,84
15524,213782,202507,320000,84
15524,213782,202506,310000,84
15524,213782,202505,295000,84
15524,213782,202504,295000,84
15524,213782,202503,287500,84
15524,213782,202502,272500,84
15524,213782,202501,266500,84
15524,216216,200812,86500,84
15524,216216,200811,86500,84
15524,216216,200810,92500,84
15524,216216,200809,92500,84
15524,216216,200808,92500,84
15524,216216,200807,92500,84
15524,216216,200806,92500,84
15524,216216,200805,92500,84
15524,216216,200804,92500,84
15524,216216,200803,93500,84
15524,216216,200802,93000,84
15524,216216,200801,93000,84
15524,213782,202607,335000,84
15524,213782,202606,330000,84
15524,213782,202605,330000,84
15524,213782,202604,330000,84
15524,213782,202603,344000,84
15524,213782,202602,344000,84
15524,213782,202601,344000,84
15524,216216,200912,101000,84
15524,216216,200911,101000,84
15524,216216,200910,101000,84
15524,216216,200909,101000,84
15524,216216,200908,98500,84
15524,216216,200907,97500,84
15524,216216,200906,95500,84
15524,216216,200905,92500,84
15524,216216,200904,91500,84
15524,216216,200903,90500,84
15524,216216,200902,90500,84
15524,216216,200901,87500,84
15524,216216,201012,94000,84
15524,216216,201011,93500,84
15524,216216,201010,93500,84
15524,216216,201009,93500,84
15524,216216,201008,93500,84
15524,216216,201007,95000,84
15524,216216,201006,96500,84
15524,216216,201005,97500,84
15524,216216,201004,98500,84
15524,216216,201003,101000,84
15524,216216,201002,101000,84
15524,216216,201001,101000,84
15524,216216,201112,95000,84
15524,216216,201111,96500,84
15524,216216,201110,97000,84
15524,216216,201109,97000,84
15524,216216,201108,97000,84
15524,216216,201107,96500,84
15524,216216,201106,97500,84
15524,216216,201105,97500,84
15524,216216,201104,97500,84
15524,216216,201103,97500,84
15524,216216,201102,97500,84
15524,216216,201101,97500,84
15524,216216,201212,86500,84
15524,216216,201211,86500,84
15524,216216,201210,87000,84
15524,216216,201209,87500,84
15524,216216,201208,87500,84
15524,216216,201207,88500,84
15524,216216,201206,90500,84
15524,216216,201205,91500,84
15524,216216,201204,94000,84
15524,216216,201203,95000,84
15524,216216,201202,95000,84
15524,216216,201201,95000,84
15524,216216,201312,93500,84
15524,216216,201311,92500,84
15524,216216,201310,92500,84
15524,216216,201309,92500,84
15524,216216,201308,91500,84
15524,216216,201307,90000,84
15524,216216,201306,88500,84
15524,216216,201305,88500,84
15524,216216,201304,88500,84
15524,216216,201303,87500,84
15524,216216,201302,87500,84
15524,216216,201301,86500,84
15524,216216,201412,97500,84
15524,216216,201411,97500,84
15524,216216,201410,98500,84
15524,216216,201409,97500,84
15524,216216,201408,97000,84
15524,216216,201407,96000,84
15524,216216,201406,95500,84
15524,216216,201405,96000,84
15524,216216,201404,97000,84
15524,216216,201403,97000,84
15524,216216,201402,94500,84
15524,216216,201401,94000,84
15524,216216,201512,102500,84
15524,216216,201511,103500,84
15524,216216,201510,103500,84
15524,216216,201509,101500,84
15524,216216,201508,101500,84
15524,216216,201507,101000,84
15524,216216,201506,101000,84
15524,216216,201505,100000,84
15524,216216,201504,100000,84
15524,216216,201503,97500,84
15524,216216,201502,97500,84
15524,216216,201501,97500,84
15524,216216,201612,114000,84
15524,216216,201611,114000,84
15524,216216,201610,114000,84
15524,216216,201609,110500,84
15524,216216,201608,106000,84
15524,216216,201607,105500,84
15524,216216,201606,105500,84
15524,216216,201605,104500,84
15524,216216,201604,102000,84
15524,216216,201603,101000,84
15524,216216,201602,101000,84
15524,216216,201601,101000,84
15524,216216,201712,146000,84
15524,216216,201711,142500,84
15524,216216,201710,135000,84
15524,216216,201709,130000,84
15524,216216,201708,130000,84
15524,216216,201707,127000,84
15524,216216,201706,120000,84
15524,216216,201705,117500,84
15524,216216,201704,114000,84
15524,216216,201703,114000,84
15524,216216,201702,114000,84
15524,216216,201701,114000,84
15524,216216,201812,170000,84
15524,216216,201811,173500,84
15524,216216,201810,178000,84
15524,216216,201809,175500,84
15524,216216,201808,165000,84
15524,216216,201807,162000,84
15524,216216,201806,162000,84
15524,216216,201805,162500,84
15524,216216,201804,167000,84
15524,216216,201803,168500,84
15524,216216,201802,164500,84
15524,216216,201801,161500,84
15524,216216,201912,199500,84
15524,216216,201911,194000,84
15524,216216,201910,192000,84
15524,216216,201909,185500,84
15524,216216,201908,183500,84
15524,216216,201907,181000,84
15524,216216,201906,171500,84
15524,216216,201905,165000,84
15524,216216,201904,162500,84
15524,216216,201903,160000,84
15524,216216,201902,161000,84
15524,216216,201901,164000,84
15524,216216,202012,226000,84
15524,216216,202011,224500,84
15524,216216,202010,224500,84
15524,216216,202009,221000,84
15524,216216,202008,220000,84
15524,216216,202007,212500,84
15524,216216,202006,202500,84
15524,216216,202005,188500,84
15524,216216,202004,191500,84
15524,216216,202003,194500,84
15524,216216,202002,200000,84
15524,216216,202001,200000,84
15524,216216,202112,250500,84
15524,216216,202111,250500,84
15524,216216,202110,248000,84
15524,216216,202109,243000,84
15524,216216,202108,242000,84
15524,216216,202107,239000,84
15524,216216,202106,234500,84
15524,216216,202105,232500,84
15524,216216,202104,231500,84
15524,216216,202103,231000,84
15524,216216,202102,228500,84
15524,216216,202101,228000,84
15524,216216,202212,206000,84
15524,216216,202211,213500,84
15524,216216,202210,219500,84
15524,216216,202209,232500,84
15524,216216,202208,246500,84
15524,216216,202207,249000,84
15524,216216,202206,249000,84
15524,216216,202205,250500,84
15524,216216,202204,253000,84
15524,216216,202203,253500,84
15524,216216,202202,253500,84
15524,216216,202201,251000,84
15524,216216,202412,266500,84
15524,216216,202411,267000,84
15524,216216,202410,266000,84
15524,216216,202409,263500,84
15524,216216,202408,262500,84
15524,216216,202407,251000,84
15524,216216,202406,244000,84
15524,216216,202405,239500,84
15524,216216,202404,237000,84
15524,216216,202403,233500,84
15524,216216,202402,233000,84
15524,216216,202401,234500,84
15524,216216,202312,235000,84
15524,216216,202311,241500,84
15524,216216,202310,238500,84
15524,216216,202309,236500,84
15524,216216,202308,235500,84
15524,216216,202307,227000,84
15524,216216,202306,222500,84
15524,216216,202305,216000,84
15524,216216,202304,215000,84
15524,216216,202303,208000,84
15524,216216,202302,204500,84
15524,216216,202301,204500,84
15524,216216,202512,344000,84
15524,216216,202511,339000,84
15524,216216,202510,332500,84
15524,216216,202509,332500,84
15524,216216,202508,320000,84
15524,216216,202507,320000,84
15524,216216,202506,310000,84
15524,216216,202505,295000,84
15524,216216,202504,295000,84
15524,216216,202503,287500,84
15524,216216,202502,272500,84
15524,216216,202501,266500,84
15524,216216,202607,335000,84
15524,216216,202606,330000,84
15524,216216,202605,330000,84
15524,216216,202604,330000,84
15524,216216,202603,344000,84
15524,216216,202602,344000,84
15524,216216,202601,344000,84
15524,218199,200812,86500,84
15524,218199,200811,86500,84
15524,218199,200810,92500,84
15524,218199,200809,92500,84
15524,218199,200808,92500,84
15524,218199,200807,92500,84
15524,218199,200806,92500,84
15524,218199,200805,92500,84
15524,218199,200804,92500,84
15524,218199,200803,93500,84
15524,218199,200802,93000,84
15524,218199,200801,93000,84
15524,218199,200912,101000,84
15524,218199,200911,101000,84
15524,218199,200910,101000,84
15524,218199,200909,101000,84
15524,218199,200908,98500,84
15524,218199,200907,97500,84
15524,218199,200906,95500,84
15524,218199,200905,92500,84
15524,218199,200904,91500,84
15524,218199,200903,90500,84
15524,218199,200902,90500,84
15524,218199,200901,87500,84
15524,218199,201012,94000,84
15524,218199,201011,93500,84
15524,218199,201010,93500,84
15524,218199,201009,93500,84
15524,218199,201008,93500,84
15524,218199,201007,95000,84
15524,218199,201006,96500,84
15524,218199,201005,97500,84
15524,218199,201004,98500,84
15524,218199,201003,101000,84
15524,218199,201002,101000,84
15524,218199,201001,101000,84
15524,218199,201112,95000,84
15524,218199,201111,96500,84
15524,218199,201110,97000,84
15524,218199,201109,97000,84
15524,218199,201108,97000,84
15524,218199,201107,96500,84
15524,218199,201106,97500,84
15524,218199,201105,97500,84
15524,218199,201104,97500,84
15524,218199,201103,97500,84
15524,218199,201102,97500,84
15524,218199,201101,97500,84
15524,218199,201212,86500,84
15524,218199,201211,86500,84
15524,218199,201210,87000,84
15524,218199,201209,87500,84
15524,218199,201208,87500,84
15524,218199,201207,88500,84
15524,218199,201206,90500,84
15524,218199,201205,91500,84
15524,218199,201204,94000,84
15524,218199,201203,95000,84
15524,218199,201202,95000,84
15524,218199,201201,95000,84
15524,218199,201312,93500,84
15524,218199,201311,92500,84
15524,218199,201310,92500,84
15524,218199,201309,92500,84
15524,218199,201308,91500,84
15524,218199,201307,90000,84
15524,218199,201306,88500,84
15524,218199,201305,88500,84
15524,218199,201304,88500,84
15524,218199,201303,87500,84
15524,218199,201302,87500,84
15524,218199,201301,86500,84
15524,218199,201412,97500,84
15524,218199,201411,97500,84
15524,218199,201410,98500,84
15524,218199,201409,97500,84
15524,218199,201408,97000,84
15524,218199,201407,96000,84
15524,218199,201406,95500,84
15524,218199,201405,96000,84
15524,218199,201404,97000,84
15524,218199,201403,97000,84
15524,218199,201402,94500,84
15524,218199,201401,94000,84
15524,218199,201512,102500,84
15524,218199,201511,103500,84
15524,218199,201510,103500,84
15524,218199,201509,101500,84
15524,218199,201508,101500,84
15524,218199,201507,101000,84
15524,218199,201506,101000,84
15524,218199,201505,100000,84
15524,218199,201504,100000,84
15524,218199,201503,97500,84
15524,218199,201502,97500,84
15524,218199,201501,97500,84
15524,218199,201612,114000,84
15524,218199,201611,114000,84
15524,218199,201610,114000,84
15524,218199,201609,110500,84
15524,218199,201608,106000,84
15524,218199,201607,105500,84
15524,218199,201606,105500,84
15524,218199,201605,104500,84
15524,218199,201604,102000,84
15524,218199,201603,101000,84
15524,218199,201602,101000,84
15524,218199,201601,101000,84
15524,218199,201712,146000,84
15524,218199,201711,142500,84
15524,218199,201710,135000,84
15524,218199,201709,130000,84
15524,218199,201708,130000,84
15524,218199,201707,127000,84
15524,218199,201706,120000,84
15524,218199,201705,117500,84
15524,218199,201704,114000,84
15524,218199,201703,114000,84
15524,218199,201702,114000,84
15524,218199,201701,114000,84
15524,218199,201912,199500,84
15524,218199,201911,194000,84
15524,218199,201910,192000,84
15524,218199,201909,185500,84
15524,218199,201908,183500,84
15524,218199,201907,181000,84
15524,218199,201906,171500,84
15524,218199,201905,165000,84
15524,218199,201904,162500,84
15524,218199,201903,160000,84
15524,218199,201902,161000,84
15524,218199,201901,164000,84
15524,218199,201812,170000,84
15524,218199,201811,173500,84
15524,218199,201810,178000,84
15524,218199,201809,175500,84
15524,218199,201808,165000,84
15524,218199,201807,162000,84
15524,218199,201806,162000,84
15524,218199,201805,162500,84
15524,218199,201804,167000,84
15524,218199,201803,168500,84
15524,218199,201802,164500,84
15524,218199,201801,161500,84
15524,218199,202012,226000,84
15524,218199,202011,224500,84
15524,218199,202010,224500,84
15524,218199,202009,221000,84
15524,218199,202008,220000,84
15524,218199,202007,212500,84
15524,218199,202006,202500,84
15524,218199,202005,188500,84
15524,218199,202004,191500,84
15524,218199,202003,194500,84
15524,218199,202002,200000,84
15524,218199,202001,200000,84
15524,218199,202112,250500,84
15524,218199,202111,250500,84
15524,218199,202110,248000,84
15524,218199,202109,243000,84
15524,218199,202108,242000,84
15524,218199,202107,239000,84
15524,218199,202106,234500,84
15524,218199,202105,232500,84
15524,218199,202104,231500,84
15524,218199,202103,231000,84
15524,218199,202102,228500,84
15524,218199,202101,228000,84
15524,218199,202212,206000,84
15524,218199,202211,213500,84
15524,218199,202210,219500,84
15524,218199,202209,232500,84
15524,218199,202208,246500,84
15524,218199,202207,249000,84
15524,218199,202206,249000,84
15524,218199,202205,250500,84
15524,218199,202204,253000,84
15524,218199,202203,253500,84
15524,218199,202202,253500,84
15524,218199,202201,251000,84
15524,218199,202312,235000,84
15524,218199,202311,241500,84
15524,218199,202310,238500,84
15524,218199,202309,236500,84
15524,218199,202308,235500,84
15524,218199,202307,227000,84
15524,218199,202306,222500,84
15524,218199,202305,216000,84
15524,218199,202304,215000,84
15524,218199,202303,208000,84
15524,218199,202302,204500,84
15524,218199,202301,204500,84
15524,218199,202412,266500,84
15524,218199,202411,267000,84
15524,218199,202410,266000,84
15524,218199,202409,263500,84
15524,218199,202408,262500,84
15524,218199,202407,251000,84
15524,218199,202406,244000,84
15524,218199,202405,239500,84
15524,218199,202404,237000,84
15524,218199,202403,233500,84
15524,218199,202402,233000,84
15524,218199,202401,234500,84
15524,218199,202512,344000,84
15524,218199,202511,339000,84
15524,218199,202510,332500,84
15524,218199,202509,332500,84
15524,218199,202508,320000,84
15524,218199,202507,320000,84
15524,218199,202506,310000,84
15524,218199,202505,295000,84
15524,218199,202504,295000,84
15524,218199,202503,287500,84
15524,218199,202502,272500,84
15524,218199,202501,266500,84
15524,219860,200912,101000,84
15524,219860,200911,101000,84
15524,219860,200910,101000,84
15524,219860,200909,101000,84
15524,219860,200908,98500,84
15524,219860,200907,97500,84
15524,219860,200906,95500,84
15524,219860,200905,92500,84
15524,219860,200904,91500,84
15524,219860,200903,90500,84
15524,219860,200902,90500,84
15524,219860,200901,87500,84
15524,218199,202607,335000,84
15524,218199,202606,330000,84
15524,218199,202605,330000,84
15524,218199,202604,330000,84
15524,218199,202603,344000,84
15524,218199,202602,344000,84
15524,218199,202601,344000,84
15524,219860,200812,86500,84
15524,219860,200811,86500,84
15524,219860,200810,92500,84
15524,219860,200809,92500,84
15524,219860,200808,92500,84
15524,219860,200807,92500,84
15524,219860,200806,92500,84
15524,219860,200805,92500,84
15524,219860,200804,92500,84
15524,219860,200803,93500,84
15524,219860,200802,93000,84
15524,219860,200801,93000,84
15524,219860,201012,94000,84
15524,219860,201011,93500,84
15524,219860,201010,93500,84
15524,219860,201009,93500,84
15524,219860,201008,93500,84
15524,219860,201007,95000,84
15524,219860,201006,96500,84
15524,219860,201005,97500,84
15524,219860,201004,98500,84
15524,219860,201003,101000,84
15524,219860,201002,101000,84
15524,219860,201001,101000,84
15524,219860,201212,86500,84
15524,219860,201211,86500,84
15524,219860,201210,87000,84
15524,219860,201209,87500,84
15524,219860,201208,87500,84
15524,219860,201207,88500,84
15524,219860,201206,90500,84
15524,219860,201205,91500,84
15524,219860,201204,94000,84
15524,219860,201203,95000,84
15524,219860,201202,95000,84
15524,219860,201201,95000,84
15524,219860,201112,95000,84
15524,219860,201111,96500,84
15524,219860,201110,97000,84
15524,219860,201109,97000,84
15524,219860,201108,97000,84
15524,219860,201107,96500,84
15524,219860,201106,97500,84
15524,219860,201105,97500,84
15524,219860,201104,97500,84
15524,219860,201103,97500,84
15524,219860,201102,97500,84
15524,219860,201101,97500,84
15524,219860,201312,93500,84
15524,219860,201311,92500,84
15524,219860,201310,92500,84
15524,219860,201309,92500,84
15524,219860,201308,91500,84
15524,219860,201307,90000,84
15524,219860,201306,88500,84
15524,219860,201305,88500,84
15524,219860,201304,88500,84
15524,219860,201303,87500,84
15524,219860,201302,87500,84
15524,219860,201301,86500,84
15524,219860,201412,97500,84
15524,219860,201411,97500,84
15524,219860,201410,98500,84
15524,219860,201409,97500,84
15524,219860,201408,97000,84
15524,219860,201407,96000,84
15524,219860,201406,95500,84
15524,219860,201405,96000,84
15524,219860,201404,97000,84
15524,219860,201403,97000,84
15524,219860,201402,94500,84
15524,219860,201401,94000,84
15524,219860,201712,146000,84
15524,219860,201711,142500,84
15524,219860,201710,135000,84
15524,219860,201709,130000,84
15524,219860,201708,130000,84
15524,219860,201707,127000,84
15524,219860,201706,120000,84
15524,219860,201705,117500,84
15524,219860,201704,114000,84
15524,219860,201703,114000,84
15524,219860,201702,114000,84
15524,219860,201701,114000,84
15524,219860,201612,114000,84
15524,219860,201611,114000,84
15524,219860,201610,114000,84
15524,219860,201609,110500,84
15524,219860,201608,106000,84
15524,219860,201607,105500,84
15524,219860,201606,105500,84
15524,219860,201605,104500,84
15524,219860,201604,102000,84
15524,219860,201603,101000,84
15524,219860,201602,101000,84
15524,219860,201601,101000,84
15524,219860,201812,170000,84
15524,219860,201811,173500,84
15524,219860,201810,178000,84
15524,219860,201809,175500,84
15524,219860,201808,165000,84
15524,219860,201807,162000,84
15524,219860,201806,162000,84
15524,219860,201805,162500,84
15524,219860,201804,167000,84
15524,219860,201803,168500,84
15524,219860,201802,164500,84
15524,219860,201801,161500,84
15524,219860,201512,102500,84
15524,219860,201511,103500,84
15524,219860,201510,103500,84
15524,219860,201509,101500,84
15524,219860,201508,101500,84
15524,219860,201507,101000,84
15524,219860,201506,101000,84
15524,219860,201505,100000,84
15524,219860,201504,100000,84
15524,219860,201503,97500,84
15524,219860,201502,97500,84
15524,219860,201501,97500,84
15524,219860,202012,226000,84
15524,219860,202011,224500,84
15524,219860,202010,224500,84
15524,219860,202009,221000,84
15524,219860,202008,220000,84
15524,219860,202007,212500,84
15524,219860,202006,202500,84
15524,219860,202005,188500,84
15524,219860,202004,191500,84
15524,219860,202003,194500,84
15524,219860,202002,200000,84
15524,219860,202001,200000,84
15524,219860,201912,199500,84
15524,219860,201911,194000,84
15524,219860,201910,192000,84
15524,219860,201909,185500,84
15524,219860,201908,183500,84
15524,219860,201907,181000,84
15524,219860,201906,171500,84
15524,219860,201905,165000,84
15524,219860,201904,162500,84
15524,219860,201903,160000,84
15524,219860,201902,161000,84
15524,219860,201901,164000,84
15524,219860,202112,250500,84
15524,219860,202111,250500,84
15524,219860,202110,248000,84
15524,219860,202109,243000,84
15524,219860,202108,242000,84
15524,219860,202107,239000,84
15524,219860,202106,234500,84
15524,219860,202105,232500,84
15524,219860,202104,231500,84
15524,219860,202103,231000,84
15524,219860,202102,228500,84
15524,219860,202101,228000,84
15524,219860,202212,206000,84
15524,219860,202211,213500,84
15524,219860,202210,219500,84
15524,219860,202209,232500,84
15524,219860,202208,246500,84
15524,219860,202207,249000,84
15524,219860,202206,249000,84
15524,219860,202205,250500,84
15524,219860,202204,253000,84
15524,219860,202203,253500,84
15524,219860,202202,253500,84
15524,219860,202201,251000,84
15524,219860,202312,235000,84
15524,219860,202311,241500,84
15524,219860,202310,238500,84
15524,219860,202309,236500,84
15524,219860,202308,235500,84
15524,219860,202307,227000,84
15524,219860,202306,222500,84
15524,219860,202305,216000,84
15524,219860,202304,215000,84
15524,219860,202303,208000,84
15524,219860,202302,204500,84
15524,219860,202301,204500,84
15524,219860,202412,266500,84
15524,219860,202411,267000,84
15524,219860,202410,266000,84
15524,219860,202409,263500,84
15524,219860,202408,262500,84
15524,219860,202407,251000,84
15524,219860,202406,244000,84
15524,219860,202405,239500,84
15524,219860,202404,237000,84
15524,219860,202403,233500,84
15524,219860,202402,233000,84
15524,219860,202401,234500,84
15524,219860,202607,335000,84
15524,219860,202606,330000,84
15524,219860,202605,330000,84
15524,219860,202604,330000,84
15524,219860,202603,344000,84
15524,219860,202602,344000,84
15524,219860,202601,344000,84
15524,219860,202512,344000,84
15524,219860,202511,339000,84
15524,219860,202510,332500,84
15524,219860,202509,332500,84
15524,219860,202508,320000,84
15524,219860,202507,320000,84
15524,219860,202506,310000,84
15524,219860,202505,295000,84
15524,219860,202504,295000,84
15524,219860,202503,287500,84
15524,219860,202502,272500,84
15524,219860,202501,266500,84
15524,221205,200912,101000,84
15524,221205,200911,101000,84
15524,221205,200910,101000,84
15524,221205,200909,101000,84
15524,221205,200908,98500,84
15524,221205,200907,97500,84
15524,221205,200906,95500,84
15524,221205,200905,92500,84
15524,221205,200904,91500,84
15524,221205,200903,90500,84
15524,221205,200902,90500,84
15524,221205,200901,87500,84
15524,221205,201012,94000,84
15524,221205,201011,93500,84
15524,221205,201010,93500,84
15524,221205,201009,93500,84
15524,221205,201008,93500,84
15524,221205,201007,95000,84
15524,221205,201006,96500,84
15524,221205,201005,97500,84
15524,221205,201004,98500,84
15524,221205,201003,101000,84
15524,221205,201002,101000,84
15524,221205,201001,101000,84
15524,221205,200812,86500,84
15524,221205,200811,86500,84
15524,221205,200810,92500,84
15524,221205,200809,92500,84
15524,221205,200808,92500,84
15524,221205,200807,92500,84
15524,221205,200806,92500,84
15524,221205,200805,92500,84
15524,221205,200804,92500,84
15524,221205,200803,93500,84
15524,221205,200802,93000,84
15524,221205,200801,93000,84
15524,221205,201112,95000,84
15524,221205,201111,96500,84
15524,221205,201110,97000,84
15524,221205,201109,97000,84
15524,221205,201108,97000,84
15524,221205,201107,96500,84
15524,221205,201106,97500,84
15524,221205,201105,97500,84
15524,221205,201104,97500,84
15524,221205,201103,97500,84
15524,221205,201102,97500,84
15524,221205,201101,97500,84
15524,221205,201212,86500,84
15524,221205,201211,86500,84
15524,221205,201210,87000,84
15524,221205,201209,87500,84
15524,221205,201208,87500,84
15524,221205,201207,88500,84
15524,221205,201206,90500,84
15524,221205,201205,91500,84
15524,221205,201204,94000,84
15524,221205,201203,95000,84
15524,221205,201202,95000,84
15524,221205,201201,95000,84
15524,221205,201412,97500,84
15524,221205,201411,97500,84
15524,221205,201410,98500,84
15524,221205,201409,97500,84
15524,221205,201408,97000,84
15524,221205,201407,96000,84
15524,221205,201406,95500,84
15524,221205,201405,96000,84
15524,221205,201404,97000,84
15524,221205,201403,97000,84
15524,221205,201402,94500,84
15524,221205,201401,94000,84
15524,221205,201312,93500,84
15524,221205,201311,92500,84
15524,221205,201310,92500,84
15524,221205,201309,92500,84
15524,221205,201308,91500,84
15524,221205,201307,90000,84
15524,221205,201306,88500,84
15524,221205,201305,88500,84
15524,221205,201304,88500,84
15524,221205,201303,87500,84
15524,221205,201302,87500,84
15524,221205,201301,86500,84
15524,221205,201512,102500,84
15524,221205,201511,103500,84
15524,221205,201510,103500,84
15524,221205,201509,101500,84
15524,221205,201508,101500,84
15524,221205,201507,101000,84
15524,221205,201506,101000,84
15524,221205,201505,100000,84
15524,221205,201504,100000,84
15524,221205,201503,97500,84
15524,221205,201502,97500,84
15524,221205,201501,97500,84
15524,221205,201612,114000,84
15524,221205,201611,114000,84
15524,221205,201610,114000,84
15524,221205,201609,110500,84
15524,221205,201608,106000,84
15524,221205,201607,105500,84
15524,221205,201606,105500,84
15524,221205,201605,104500,84
15524,221205,201604,102000,84
15524,221205,201603,101000,84
15524,221205,201602,101000,84
15524,221205,201601,101000,84
15524,221205,201712,146000,84
15524,221205,201711,142500,84
15524,221205,201710,135000,84
15524,221205,201709,130000,84
15524,221205,201708,130000,84
15524,221205,201707,127000,84
15524,221205,201706,120000,84
15524,221205,201705,117500,84
15524,221205,201704,114000,84
15524,221205,201703,114000,84
15524,221205,201702,114000,84
15524,221205,201701,114000,84
15524,221205,201812,170000,84
15524,221205,201811,173500,84
15524,221205,201810,178000,84
15524,221205,201809,175500,84
15524,221205,201808,165000,84
15524,221205,201807,162000,84
15524,221205,201806,162000,84
15524,221205,201805,162500,84
15524,221205,201804,167000,84
15524,221205,201803,168500,84
15524,221205,201802,164500,84
15524,221205,201801,161500,84
15524,221205,201912,199500,84
15524,221205,201911,194000,84
15524,221205,201910,192000,84
15524,221205,201909,185500,84
15524,221205,201908,183500,84
15524,221205,201907,181000,84
15524,221205,201906,171500,84
15524,221205,201905,165000,84
15524,221205,201904,162500,84
15524,221205,201903,160000,84
15524,221205,201902,161000,84
15524,221205,201901,164000,84
15524,221205,202012,226000,84
15524,221205,202011,224500,84
15524,221205,202010,224500,84
15524,221205,202009,221000,84
15524,221205,202008,220000,84
15524,221205,202007,212500,84
15524,221205,202006,202500,84
15524,221205,202005,188500,84
15524,221205,202004,191500,84
15524,221205,202003,194500,84
15524,221205,202002,200000,84
15524,221205,202001,200000,84
15524,221205,202112,250500,84
15524,221205,202111,250500,84
15524,221205,202110,248000,84
15524,221205,202109,243000,84
15524,221205,202108,242000,84
15524,221205,202107,239000,84
15524,221205,202106,234500,84
15524,221205,202105,232500,84
15524,221205,202104,231500,84
15524,221205,202103,231000,84
15524,221205,202102,228500,84
15524,221205,202101,228000,84
15524,221205,202212,206000,84
15524,221205,202211,213500,84
15524,221205,202210,219500,84
15524,221205,202209,232500,84
15524,221205,202208,246500,84
15524,221205,202207,249000,84
15524,221205,202206,249000,84
15524,221205,202205,250500,84
15524,221205,202204,253000,84
15524,221205,202203,253500,84
15524,221205,202202,253500,84
15524,221205,202201,251000,84
15524,221205,202312,235000,84
15524,221205,202311,241500,84
15524,221205,202310,238500,84
15524,221205,202309,236500,84
15524,221205,202308,235500,84
15524,221205,202307,227000,84
15524,221205,202306,222500,84
15524,221205,202305,216000,84
15524,221205,202304,215000,84
15524,221205,202303,208000,84
15524,221205,202302,204500,84
15524,221205,202301,204500,84
15524,221205,202412,266500,84
15524,221205,202411,267000,84
15524,221205,202410,266000,84
15524,221205,202409,263500,84
15524,221205,202408,262500,84
15524,221205,202407,251000,84
15524,221205,202406,244000,84
15524,221205,202405,239500,84
15524,221205,202404,237000,84
15524,221205,202403,233500,84
15524,221205,202402,233000,84
15524,221205,202401,234500,84
15524,221205,202512,344000,84
15524,221205,202511,339000,84
15524,221205,202510,332500,84
15524,221205,202509,332500,84
15524,221205,202508,320000,84
15524,221205,202507,320000,84
15524,221205,202506,310000,84
15524,221205,202505,295000,84
15524,221205,202504,295000,84
15524,221205,202503,287500,84
15524,221205,202502,272500,84
15524,221205,202501,266500,84
15524,221205,202607,335000,84
15524,221205,202606,330000,84
15524,221205,202605,330000,84
15524,221205,202604,330000,84
15524,221205,202603,344000,84
15524,221205,202602,344000,84
15524,221205,202601,344000,84
15524,223262,200812,86500,84
15524,223262,200811,86500,84
15524,223262,200810,92500,84
15524,223262,200809,92500,84
15524,223262,200808,92500,84
15524,223262,200807,92500,84
15524,223262,200806,92500,84
15524,223262,200805,92500,84
15524,223262,200804,92500,84
15524,223262,200803,93500,84
15524,223262,200802,93000,84
15524,223262,200801,93000,84
15524,223262,201012,94000,84
15524,223262,201011,93500,84
15524,223262,201010,93500,84
15524,223262,201009,93500,84
15524,223262,201008,93500,84
15524,223262,201007,95000,84
15524,223262,201006,96500,84
15524,223262,201005,97500,84
15524,223262,201004,98500,84
15524,223262,201003,101000,84
15524,223262,201002,101000,84
15524,223262,201001,101000,84
15524,223262,200912,101000,84
15524,223262,200911,101000,84
15524,223262,200910,101000,84
15524,223262,200909,101000,84
15524,223262,200908,98500,84
15524,223262,200907,97500,84
15524,223262,200906,95500,84
15524,223262,200905,92500,84
15524,223262,200904,91500,84
15524,223262,200903,90500,84
15524,223262,200902,90500,84
15524,223262,200901,87500,84
15524,223262,201112,95000,84
15524,223262,201111,96500,84
15524,223262,201110,97000,84
15524,223262,201109,97000,84
15524,223262,201108,97000,84
15524,223262,201107,96500,84
15524,223262,201106,97500,84
15524,223262,201105,97500,84
15524,223262,201104,97500,84
15524,223262,201103,97500,84
15524,223262,201102,97500,84
15524,223262,201101,97500,84
15524,223262,201212,86500,84
15524,223262,201211,86500,84
15524,223262,201210,87000,84
15524,223262,201209,87500,84
15524,223262,201208,87500,84
15524,223262,201207,88500,84
15524,223262,201206,90500,84
15524,223262,201205,91500,84
15524,223262,201204,94000,84
15524,223262,201203,95000,84
15524,223262,201202,95000,84
15524,223262,201201,95000,84
15524,223262,201412,97500,84
15524,223262,201411,97500,84
15524,223262,201410,98500,84
15524,223262,201409,97500,84
15524,223262,201408,97000,84
15524,223262,201407,96000,84
15524,223262,201406,95500,84
15524,223262,201405,96000,84
15524,223262,201404,97000,84
15524,223262,201403,97000,84
15524,223262,201402,94500,84
15524,223262,201401,94000,84
15524,223262,201312,93500,84
15524,223262,201311,92500,84
15524,223262,201310,92500,84
15524,223262,201309,92500,84
15524,223262,201308,91500,84
15524,223262,201307,90000,84
15524,223262,201306,88500,84
15524,223262,201305,88500,84
15524,223262,201304,88500,84
15524,223262,201303,87500,84
15524,223262,201302,87500,84
15524,223262,201301,86500,84
15524,223262,201512,102500,84
15524,223262,201511,103500,84
15524,223262,201510,103500,84
15524,223262,201509,101500,84
15524,223262,201508,101500,84
15524,223262,201507,101000,84
15524,223262,201506,101000,84
15524,223262,201505,100000,84
15524,223262,201504,100000,84
15524,223262,201503,97500,84
15524,223262,201502,97500,84
15524,223262,201501,97500,84
15524,223262,201612,114000,84
15524,223262,201611,114000,84
15524,223262,201610,114000,84
15524,223262,201609,110500,84
15524,223262,201608,106000,84
15524,223262,201607,105500,84
15524,223262,201606,105500,84
15524,223262,201605,104500,84
15524,223262,201604,102000,84
15524,223262,201603,101000,84
15524,223262,201602,101000,84
15524,223262,201601,101000,84
15524,223262,201712,146000,84
15524,223262,201711,142500,84
15524,223262,201710,135000,84
15524,223262,201709,130000,84
15524,223262,201708,130000,84
15524,223262,201707,127000,84
15524,223262,201706,120000,84
15524,223262,201705,117500,84
15524,223262,201704,114000,84
15524,223262,201703,114000,84
15524,223262,201702,114000,84
15524,223262,201701,114000,84
15524,223262,201812,170000,84
15524,223262,201811,173500,84
15524,223262,201810,178000,84
15524,223262,201809,175500,84
15524,223262,201808,165000,84
15524,223262,201807,162000,84
15524,223262,201806,162000,84
15524,223262,201805,162500,84
15524,223262,201804,167000,84
15524,223262,201803,168500,84
15524,223262,201802,164500,84
15524,223262,201801,161500,84
15524,223262,201912,199500,84
15524,223262,201911,194000,84
15524,223262,201910,192000,84
15524,223262,201909,185500,84
15524,223262,201908,183500,84
15524,223262,201907,181000,84
15524,223262,201906,171500,84
15524,223262,201905,165000,84
15524,223262,201904,162500,84
15524,223262,201903,160000,84
15524,223262,201902,161000,84
15524,223262,201901,164000,84
15524,223262,202012,226000,84
15524,223262,202011,224500,84
15524,223262,202010,224500,84
15524,223262,202009,221000,84
15524,223262,202008,220000,84
15524,223262,202007,212500,84
15524,223262,202006,202500,84
15524,223262,202005,188500,84
15524,223262,202004,191500,84
15524,223262,202003,194500,84
15524,223262,202002,200000,84
15524,223262,202001,200000,84
15524,223262,202112,250500,84
15524,223262,202111,250500,84
15524,223262,202110,248000,84
15524,223262,202109,243000,84
15524,223262,202108,242000,84
15524,223262,202107,239000,84
15524,223262,202106,234500,84
15524,223262,202105,232500,84
15524,223262,202104,231500,84
15524,223262,202103,231000,84
15524,223262,202102,228500,84
15524,223262,202101,228000,84
15524,223262,202312,235000,84
15524,223262,202311,241500,84
15524,223262,202310,238500,84
15524,223262,202309,236500,84
15524,223262,202308,235500,84
15524,223262,202307,227000,84
15524,223262,202306,222500,84
15524,223262,202305,216000,84
15524,223262,202304,215000,84
15524,223262,202303,208000,84
15524,223262,202302,204500,84
15524,223262,202301,204500,84
15524,223262,202212,206000,84
15524,223262,202211,213500,84
15524,223262,202210,219500,84
15524,223262,202209,232500,84
15524,223262,202208,246500,84
15524,223262,202207,249000,84
15524,223262,202206,249000,84
15524,223262,202205,250500,84
15524,223262,202204,253000,84
15524,223262,202203,253500,84
15524,223262,202202,253500,84
15524,223262,202201,251000,84
15524,223262,202412,266500,84
15524,223262,202411,267000,84
15524,223262,202410,266000,84
15524,223262,202409,263500,84
15524,223262,202408,262500,84
15524,223262,202407,251000,84
15524,223262,202406,244000,84
15524,223262,202405,239500,84
15524,223262,202404,237000,84
15524,223262,202403,233500,84
15524,223262,202402,233000,84
15524,223262,202401,234500,84
15524,223262,202512,344000,84
15524,223262,202511,339000,84
15524,223262,202510,332500,84
15524,223262,202509,332500,84
15524,223262,202508,320000,84
15524,223262,202507,320000,84
15524,223262,202506,310000,84
15524,223262,202505,295000,84
15524,223262,202504,295000,84
15524,223262,202503,287500,84
15524,223262,202502,272500,84
15524,223262,202501,266500,84
15524,224064,200812,86500,84
15524,224064,200811,86500,84
15524,224064,200810,92500,84
15524,224064,200809,92500,84
15524,224064,200808,92500,84
15524,224064,200807,92500,84
15524,224064,200806,92500,84
15524,224064,200805,92500,84
15524,224064,200804,92500,84
15524,224064,200803,93500,84
15524,224064,200802,93000,84
15524,224064,200801,93000,84
15524,223262,202607,335000,84
15524,223262,202606,330000,84
15524,223262,202605,330000,84
15524,223262,202604,330000,84
15524,223262,202603,344000,84
15524,223262,202602,344000,84
15524,223262,202601,344000,84
15524,224064,200912,101000,84
15524,224064,200911,101000,84
15524,224064,200910,101000,84
15524,224064,200909,101000,84
15524,224064,200908,98500,84
15524,224064,200907,97500,84
15524,224064,200906,95500,84
15524,224064,200905,92500,84
15524,224064,200904,91500,84
15524,224064,200903,90500,84
15524,224064,200902,90500,84
15524,224064,200901,87500,84
15524,224064,201312,93500,84
15524,224064,201311,92500,84
15524,224064,201310,92500,84
15524,224064,201309,92500,84
15524,224064,201308,91500,84
15524,224064,201307,90000,84
15524,224064,201306,88500,84
15524,224064,201305,88500,84
15524,224064,201304,88500,84
15524,224064,201303,87500,84
15524,224064,201302,87500,84
15524,224064,201301,86500,84
15524,224064,201112,95000,84
15524,224064,201111,96500,84
15524,224064,201110,97000,84
15524,224064,201109,97000,84
15524,224064,201108,97000,84
15524,224064,201107,96500,84
15524,224064,201106,97500,84
15524,224064,201105,97500,84
15524,224064,201104,97500,84
15524,224064,201103,97500,84
15524,224064,201102,97500,84
15524,224064,201101,97500,84
15524,224064,201212,86500,84
15524,224064,201211,86500,84
15524,224064,201210,87000,84
15524,224064,201209,87500,84
15524,224064,201208,87500,84
15524,224064,201207,88500,84
15524,224064,201206,90500,84
15524,224064,201205,91500,84
15524,224064,201204,94000,84
15524,224064,201203,95000,84
15524,224064,201202,95000,84
15524,224064,201201,95000,84
15524,224064,201012,94000,84
15524,224064,201011,93500,84
15524,224064,201010,93500,84
15524,224064,201009,93500,84
15524,224064,201008,93500,84
15524,224064,201007,95000,84
15524,224064,201006,96500,84
15524,224064,201005,97500,84
15524,224064,201004,98500,84
15524,224064,201003,101000,84
15524,224064,201002,101000,84
15524,224064,201001,101000,84
15524,224064,201412,97500,84
15524,224064,201411,97500,84
15524,224064,201410,98500,84
15524,224064,201409,97500,84
15524,224064,201408,97000,84
15524,224064,201407,96000,84
15524,224064,201406,95500,84
15524,224064,201405,96000,84
15524,224064,201404,97000,84
15524,224064,201403,97000,84
15524,224064,201402,94500,84
15524,224064,201401,94000,84
15524,224064,201512,102500,84
15524,224064,201511,103500,84
15524,224064,201510,103500,84
15524,224064,201509,101500,84
15524,224064,201508,101500,84
15524,224064,201507,101000,84
15524,224064,201506,101000,84
15524,224064,201505,100000,84
15524,224064,201504,100000,84
15524,224064,201503,97500,84
15524,224064,201502,97500,84
15524,224064,201501,97500,84
15524,224064,201712,146000,84
15524,224064,201711,142500,84
15524,224064,201710,135000,84
15524,224064,201709,130000,84
15524,224064,201708,130000,84
15524,224064,201707,127000,84
15524,224064,201706,120000,84
15524,224064,201705,117500,84
15524,224064,201704,114000,84
15524,224064,201703,114000,84
15524,224064,201702,114000,84
15524,224064,201701,114000,84
15524,224064,201612,114000,84
15524,224064,201611,114000,84
15524,224064,201610,114000,84
15524,224064,201609,110500,84
15524,224064,201608,106000,84
15524,224064,201607,105500,84
15524,224064,201606,105500,84
15524,224064,201605,104500,84
15524,224064,201604,102000,84
15524,224064,201603,101000,84
15524,224064,201602,101000,84
15524,224064,201601,101000,84
15524,224064,202012,226000,84
15524,224064,202011,224500,84
15524,224064,202010,224500,84
15524,224064,202009,221000,84
15524,224064,202008,220000,84
15524,224064,202007,212500,84
15524,224064,202006,202500,84
15524,224064,202005,188500,84
15524,224064,202004,191500,84
15524,224064,202003,194500,84
15524,224064,202002,200000,84
15524,224064,202001,200000,84
15524,224064,201812,170000,84
15524,224064,201811,173500,84
15524,224064,201810,178000,84
15524,224064,201809,175500,84
15524,224064,201808,165000,84
15524,224064,201807,162000,84
15524,224064,201806,162000,84
15524,224064,201805,162500,84
15524,224064,201804,167000,84
15524,224064,201803,168500,84
15524,224064,201802,164500,84
15524,224064,201801,161500,84
15524,224064,201912,199500,84
15524,224064,201911,194000,84
15524,224064,201910,192000,84
15524,224064,201909,185500,84
15524,224064,201908,183500,84
15524,224064,201907,181000,84
15524,224064,201906,171500,84
15524,224064,201905,165000,84
15524,224064,201904,162500,84
15524,224064,201903,160000,84
15524,224064,201902,161000,84
15524,224064,201901,164000,84
15524,224064,202112,250500,84
15524,224064,202111,250500,84
15524,224064,202110,248000,84
15524,224064,202109,243000,84
15524,224064,202108,242000,84
15524,224064,202107,239000,84
15524,224064,202106,234500,84
15524,224064,202105,232500,84
15524,224064,202104,231500,84
15524,224064,202103,231000,84
15524,224064,202102,228500,84
15524,224064,202101,228000,84
15524,224064,202212,206000,84
15524,224064,202211,213500,84
15524,224064,202210,219500,84
15524,224064,202209,232500,84
15524,224064,202208,246500,84
15524,224064,202207,249000,84
15524,224064,202206,249000,84
15524,224064,202205,250500,84
15524,224064,202204,253000,84
15524,224064,202203,253500,84
15524,224064,202202,253500,84
15524,224064,202201,251000,84
15524,224064,202312,235000,84
15524,224064,202311,241500,84
15524,224064,202310,238500,84
15524,224064,202309,236500,84
15524,224064,202308,235500,84
15524,224064,202307,227000,84
15524,224064,202306,222500,84
15524,224064,202305,216000,84
15524,224064,202304,215000,84
15524,224064,202303,208000,84
15524,224064,202302,204500,84
15524,224064,202301,204500,84
15524,224064,202512,344000,84
15524,224064,202511,339000,84
15524,224064,202510,332500,84
15524,224064,202509,332500,84
15524,224064,202508,320000,84
15524,224064,202507,320000,84
15524,224064,202506,310000,84
15524,224064,202505,295000,84
15524,224064,202504,295000,84
15524,224064,202503,287500,84
15524,224064,202502,272500,84
15524,224064,202501,266500,84
15524,224064,202412,266500,84
15524,224064,202411,267000,84
15524,224064,202410,266000,84
15524,224064,202409,263500,84
15524,224064,202408,262500,84
15524,224064,202407,251000,84
15524,224064,202406,244000,84
15524,224064,202405,239500,84
15524,224064,202404,237000,84
15524,224064,202403,233500,84
15524,224064,202402,233000,84
15524,224064,202401,234500,84
15524,224064,202607,335000,84
15524,224064,202606,330000,84
15524,224064,202605,330000,84
15524,224064,202604,330000,84
15524,224064,202603,344000,84
15524,224064,202602,344000,84
15524,224064,202601,344000,84
15524,222317,200812,86500,84
15524,222317,200811,86500,84
15524,222317,200810,92500,84
15524,222317,200809,92500,84
15524,222317,200808,92500,84
15524,222317,200807,92500,84
15524,222317,200806,92500,84
15524,222317,200805,92500,84
15524,222317,200804,92500,84
15524,222317,200803,93500,84
15524,222317,200802,93000,84
15524,222317,200801,93000,84
15524,222317,201012,94000,84
15524,222317,201011,93500,84
15524,222317,201010,93500,84
15524,222317,201009,93500,84
15524,222317,201008,93500,84
15524,222317,201007,95000,84
15524,222317,201006,96500,84
15524,222317,201005,97500,84
15524,222317,201004,98500,84
15524,222317,201003,101000,84
15524,222317,201002,101000,84
15524,222317,201001,101000,84
15524,222317,200912,101000,84
15524,222317,200911,101000,84
15524,222317,200910,101000,84
15524,222317,200909,101000,84
15524,222317,200908,98500,84
15524,222317,200907,97500,84
15524,222317,200906,95500,84
15524,222317,200905,92500,84
15524,222317,200904,91500,84
15524,222317,200903,90500,84
15524,222317,200902,90500,84
15524,222317,200901,87500,84
15524,222317,201312,93500,84
15524,222317,201311,92500,84
15524,222317,201310,92500,84
15524,222317,201309,92500,84
15524,222317,201308,91500,84
15524,222317,201307,90000,84
15524,222317,201306,88500,84
15524,222317,201305,88500,84
15524,222317,201304,88500,84
15524,222317,201303,87500,84
15524,222317,201302,87500,84
15524,222317,201301,86500,84
15524,222317,201112,95000,84
15524,222317,201111,96500,84
15524,222317,201110,97000,84
15524,222317,201109,97000,84
15524,222317,201108,97000,84
15524,222317,201107,96500,84
15524,222317,201106,97500,84
15524,222317,201105,97500,84
15524,222317,201104,97500,84
15524,222317,201103,97500,84
15524,222317,201102,97500,84
15524,222317,201101,97500,84
15524,222317,201212,86500,84
15524,222317,201211,86500,84
15524,222317,201210,87000,84
15524,222317,201209,87500,84
15524,222317,201208,87500,84
15524,222317,201207,88500,84
15524,222317,201206,90500,84
15524,222317,201205,91500,84
15524,222317,201204,94000,84
15524,222317,201203,95000,84
15524,222317,201202,95000,84
15524,222317,201201,95000,84
15524,222317,201412,97500,84
15524,222317,201411,97500,84
15524,222317,201410,98500,84
15524,222317,201409,97500,84
15524,222317,201408,97000,84
15524,222317,201407,96000,84
15524,222317,201406,95500,84
15524,222317,201405,96000,84
15524,222317,201404,97000,84
15524,222317,201403,97000,84
15524,222317,201402,94500,84
15524,222317,201401,94000,84
15524,222317,201512,102500,84
15524,222317,201511,103500,84
15524,222317,201510,103500,84
15524,222317,201509,101500,84
15524,222317,201508,101500,84
15524,222317,201507,101000,84
15524,222317,201506,101000,84
15524,222317,201505,100000,84
15524,222317,201504,100000,84
15524,222317,201503,97500,84
15524,222317,201502,97500,84
15524,222317,201501,97500,84
15524,222317,201612,114000,84
15524,222317,201611,114000,84
15524,222317,201610,114000,84
15524,222317,201609,110500,84
15524,222317,201608,106000,84
15524,222317,201607,105500,84
15524,222317,201606,105500,84
15524,222317,201605,104500,84
15524,222317,201604,102000,84
15524,222317,201603,101000,84
15524,222317,201602,101000,84
15524,222317,201601,101000,84
15524,222317,201712,146000,84
15524,222317,201711,142500,84
15524,222317,201710,135000,84
15524,222317,201709,130000,84
15524,222317,201708,130000,84
15524,222317,201707,127000,84
15524,222317,201706,120000,84
15524,222317,201705,117500,84
15524,222317,201704,114000,84
15524,222317,201703,114000,84
15524,222317,201702,114000,84
15524,222317,201701,114000,84
15524,222317,201812,170000,84
15524,222317,201811,173500,84
15524,222317,201810,178000,84
15524,222317,201809,175500,84
15524,222317,201808,165000,84
15524,222317,201807,162000,84
15524,222317,201806,162000,84
15524,222317,201805,162500,84
15524,222317,201804,167000,84
15524,222317,201803,168500,84
15524,222317,201802,164500,84
15524,222317,201801,161500,84
15524,222317,201912,199500,84
15524,222317,201911,194000,84
15524,222317,201910,192000,84
15524,222317,201909,185500,84
15524,222317,201908,183500,84
15524,222317,201907,181000,84
15524,222317,201906,171500,84
15524,222317,201905,165000,84
15524,222317,201904,162500,84
15524,222317,201903,160000,84
15524,222317,201902,161000,84
15524,222317,201901,164000,84
15524,222317,202012,226000,84
15524,222317,202011,224500,84
15524,222317,202010,224500,84
15524,222317,202009,221000,84
15524,222317,202008,220000,84
15524,222317,202007,212500,84
15524,222317,202006,202500,84
15524,222317,202005,188500,84
15524,222317,202004,191500,84
15524,222317,202003,194500,84
15524,222317,202002,200000,84
15524,222317,202001,200000,84
15524,222317,202112,250500,84
15524,222317,202111,250500,84
15524,222317,202110,248000,84
15524,222317,202109,243000,84
15524,222317,202108,242000,84
15524,222317,202107,239000,84
15524,222317,202106,234500,84
15524,222317,202105,232500,84
15524,222317,202104,231500,84
15524,222317,202103,231000,84
15524,222317,202102,228500,84
15524,222317,202101,228000,84
15524,222317,202212,206000,84
15524,222317,202211,213500,84
15524,222317,202210,219500,84
15524,222317,202209,232500,84
15524,222317,202208,246500,84
15524,222317,202207,249000,84
15524,222317,202206,249000,84
15524,222317,202205,250500,84
15524,222317,202204,253000,84
15524,222317,202203,253500,84
15524,222317,202202,253500,84
15524,222317,202201,251000,84
15524,222317,202312,235000,84
15524,222317,202311,241500,84
15524,222317,202310,238500,84
15524,222317,202309,236500,84
15524,222317,202308,235500,84
15524,222317,202307,227000,84
15524,222317,202306,222500,84
15524,222317,202305,216000,84
15524,222317,202304,215000,84
15524,222317,202303,208000,84
15524,222317,202302,204500,84
15524,222317,202301,204500,84
15524,222317,202512,344000,84
15524,222317,202511,339000,84
15524,222317,202510,332500,84
15524,222317,202509,332500,84
15524,222317,202508,320000,84
15524,222317,202507,320000,84
15524,222317,202506,310000,84
15524,222317,202505,295000,84
15524,222317,202504,295000,84
15524,222317,202503,287500,84
15524,222317,202502,272500,84
15524,222317,202501,266500,84
15524,222317,202607,335000,84
15524,222317,202606,330000,84
15524,222317,202605,330000,84
15524,222317,202604,330000,84
15524,222317,202603,344000,84
15524,222317,202602,344000,84
15524,222317,202601,344000,84
15524,222317,202412,266500,84
15524,222317,202411,267000,84
15524,222317,202410,266000,84
15524,222317,202409,263500,84
15524,222317,202408,262500,84
15524,222317,202407,251000,84
15524,222317,202406,244000,84
15524,222317,202405,239500,84
15524,222317,202404,237000,84
15524,222317,202403,233500,84
15524,222317,202402,233000,84
15524,222317,202401,234500,84
39203,38012,202312,191000,59
39203,38012,202311,191000,59
39203,38012,202310,191000,59
39203,38012,202309,190000,59
39203,38012,202308,186667,59
39203,38012,202307,180000,59
39203,38012,202412,225000,59
39203,38012,202411,225000,59
39203,38012,202410,225000,59
39203,38012,202409,225000,59
39203,38012,202408,220000,59
39203,38012,202407,213333,59
39203,38012,202406,196333,59
39203,38012,202405,192000,59
39203,38012,202404,192000,59
39203,38012,202403,192000,59
39203,38012,202402,191000,59
39203,38012,202401,191000,59
39203,38012,202512,281667,59
39203,38012,202511,278333,59
39203,38012,202510,278333,59
39203,38012,202509,270000,59
39203,38012,202508,268333,59
39203,38012,202507,268333,59
39203,38012,202506,260000,59
39203,38012,202505,246667,59
39203,38012,202504,245000,59
39203,38012,202503,245000,59
39203,38012,202502,228333,59
39203,38012,202501,228333,59
39203,38012,202607,285000,59
39203,38012,202606,269333,59
39203,38012,202605,269333,59
39203,38012,202604,269333,59
39203,38012,202603,273333,59
39203,38012,202602,281667,59
39203,38012,202601,281667,59
39203,209385,202312,191000,59
39203,209385,202311,191000,59
39203,209385,202310,191000,59
39203,209385,202309,190000,59
39203,209385,202308,186667,59
39203,209385,202307,180000,59
39203,209385,202607,285000,59
39203,209385,202606,269333,59
39203,209385,202605,269333,59
39203,209385,202604,269333,59
39203,209385,202603,273333,59
39203,209385,202602,281667,59
39203,209385,202601,281667,59
39203,209385,202412,225000,59
39203,209385,202411,225000,59
39203,209385,202410,225000,59
39203,209385,202409,225000,59
39203,209385,202408,220000,59
39203,209385,202407,213333,59
39203,209385,202406,196333,59
39203,209385,202405,192000,59
39203,209385,202404,192000,59
39203,209385,202403,192000,59
39203,209385,202402,191000,59
39203,209385,202401,191000,59
39203,209385,202512,281667,59
39203,209385,202511,278333,59
39203,209385,202510,278333,59
39203,209385,202509,270000,59
39203,209385,202508,268333,59
39203,209385,202507,268333,59
39203,209385,202506,260000,59
39203,209385,202505,246667,59
39203,209385,202504,245000,59
39203,209385,202503,245000,59
39203,209385,202502,228333,59
39203,209385,202501,228333,59
48042,183566,202607,297500,59
48042,183566,202606,290000,59
48042,183566,202605,290000,59
48042,183566,202604,295000,59
48042,183566,202603,307500,59
48042,183566,202602,312500,59
48042,183566,202601,322500,59
48042,183566,202512,322500,59
48042,183566,202511,322500,59
48042,183566,202510,300000,59
48042,183566,202509,300000,59
48042,183566,202508,300000,59
48042,183566,202507,300000,59
48042,183566,202506,300000,59
48042,183566,202505,285000,59
48042,151758,202512,322500,59
48042,151758,202511,322500,59
48042,151758,202510,300000,59
48042,151758,202509,300000,59
48042,151758,202508,300000,59
48042,151758,202507,300000,59
48042,151758,202506,300000,59
48042,151758,202505,285000,59
48042,151758,202607,297500,59
48042,151758,202606,290000,59
48042,151758,202605,290000,59
48042,151758,202604,295000,59
48042,151758,202603,307500,59
48042,151758,202602,312500,59
48042,151758,202601,322500,59
48042,170210,202512,322500,59
48042,170210,202511,322500,59
48042,170210,202510,300000,59
48042,170210,202509,300000,59
48042,170210,202508,300000,59
48042,170210,202507,300000,59
48042,170210,202506,300000,59
48042,170210,202505,285000,59
48042,170210,202607,297500,59
48042,170210,202606,290000,59
48042,170210,202605,290000,59
48042,170210,202604,295000,59
48042,170210,202603,307500,59
48042,170210,202602,312500,59
48042,170210,202601,322500,59
50176,170912,202607,295000,59
50176,170912,202606,295000,59
50176,170912,202605,295000,59
50176,170912,202604,295000,59
50176,170912,202603,295000,59
50176,170912,202602,300000,59
50176,170912,202601,280000,59
50176,170912,202512,270000,59
50176,170912,202511,270000,59
50176,170912,202510,270000,59
50176,170912,202509,270000,59
50176,170912,202508,270000,59
50176,170912,202507,270000,59
50176,170912,202506,270000,59
50176,170912,202505,270000,59
50176,170912,202504,270000,59
50176,184056,202512,270000,59
50176,184056,202511,270000,59
50176,184056,202510,270000,59
50176,184056,202509,270000,59
50176,184056,202508,270000,59
50176,184056,202507,270000,59
50176,184056,202506,270000,59
50176,184056,202505,270000,59
50176,184056,202504,270000,59
50176,184056,202607,295000,59
50176,184056,202606,295000,59
50176,184056,202605,295000,59
50176,184056,202604,295000,59
50176,184056,202603,295000,59
50176,184056,202602,300000,59
50176,184056,202601,280000,59
33681,225115,202012,207500,59
33681,225115,202011,205000,59
33681,225115,202010,200000,59
33681,225115,202112,227500,59
33681,225115,202111,227500,59
33681,225115,202110,227500,59
33681,225115,202109,225000,59
33681,225115,202108,217500,59
33681,225115,202107,210000,59
33681,225115,202106,210000,59
33681,225115,202105,209000,59
33681,225115,202104,209000,59
33681,225115,202103,209000,59
33681,225115,202102,207500,59
33681,225115,202101,207500,59
33681,225115,202212,225000,59
33681,225115,202211,227500,59
33681,225115,202210,227500,59
33681,225115,202209,227500,59
33681,225115,202208,229000,59
33681,225115,202207,230000,59
33681,225115,202206,230000,59
33681,225115,202205,231500,59
33681,225115,202204,231500,59
33681,225115,202203,230000,59
33681,225115,202202,227500,59
33681,225115,202201,227500,59
33681,225115,202412,242500,59
33681,225115,202411,242500,59
33681,225115,202410,235000,59
33681,225115,202409,232500,59
33681,225115,202408,232500,59
33681,225115,202407,227500,59
33681,225115,202406,224500,59
33681,225115,202405,215500,59
33681,225115,202404,215500,59
33681,225115,202403,214500,59
33681,225115,202402,213000,59
33681,225115,202401,213000,59
33681,225115,202312,213000,59
33681,225115,202311,213000,59
33681,225115,202310,212000,59
33681,225115,202309,212000,59
33681,225115,202308,207000,59
33681,225115,202307,205000,59
33681,225115,202306,202500,59
33681,225115,202305,202500,59
33681,225115,202304,202500,59
33681,225115,202303,202500,59
33681,225115,202302,202500,59
33681,225115,202301,213500,59
33681,225115,202512,300000,59
33681,225115,202511,290000,59
33681,225115,202510,280000,59
33681,225115,202509,280000,59
33681,225115,202508,275000,59
33681,225115,202507,275000,59
33681,225115,202506,275000,59
33681,225115,202505,265000,59
33681,225115,202504,262500,59
33681,225115,202503,255000,59
33681,225115,202502,245000,59
33681,225115,202501,242500,59
33681,225115,202607,307500,59
33681,225115,202606,307500,59
33681,225115,202605,307500,59
33681,225115,202604,307500,59
33681,225115,202603,300000,59
33681,225115,202602,300000,59
33681,225115,202601,300000,59
33681,227181,202012,207500,59
33681,227181,202011,205000,59
33681,227181,202010,200000,59
33681,227181,202112,227500,59
33681,227181,202111,227500,59
33681,227181,202110,227500,59
33681,227181,202109,225000,59
33681,227181,202108,217500,59
33681,227181,202107,210000,59
33681,227181,202106,210000,59
33681,227181,202105,209000,59
33681,227181,202104,209000,59
33681,227181,202103,209000,59
33681,227181,202102,207500,59
33681,227181,202101,207500,59
33681,227181,202212,225000,59
33681,227181,202211,227500,59
33681,227181,202210,227500,59
33681,227181,202209,227500,59
33681,227181,202208,229000,59
33681,227181,202207,230000,59
33681,227181,202206,230000,59
33681,227181,202205,231500,59
33681,227181,202204,231500,59
33681,227181,202203,230000,59
33681,227181,202202,227500,59
33681,227181,202201,227500,59
33681,227181,202312,213000,59
33681,227181,202311,213000,59
33681,227181,202310,212000,59
33681,227181,202309,212000,59
33681,227181,202308,207000,59
33681,227181,202307,205000,59
33681,227181,202306,202500,59
33681,227181,202305,202500,59
33681,227181,202304,202500,59
33681,227181,202303,202500,59
33681,227181,202302,202500,59
33681,227181,202301,213500,59
33681,227181,202412,242500,59
33681,227181,202411,242500,59
33681,227181,202410,235000,59
33681,227181,202409,232500,59
33681,227181,202408,232500,59
33681,227181,202407,227500,59
33681,227181,202406,224500,59
33681,227181,202405,215500,59
33681,227181,202404,215500,59
33681,227181,202403,214500,59
33681,227181,202402,213000,59
33681,227181,202401,213000,59
33681,227181,202512,300000,59
33681,227181,202511,290000,59
33681,227181,202510,280000,59
33681,227181,202509,280000,59
33681,227181,202508,275000,59
33681,227181,202507,275000,59
33681,227181,202506,275000,59
33681,227181,202505,265000,59
33681,227181,202504,262500,59
33681,227181,202503,255000,59
33681,227181,202502,245000,59
33681,227181,202501,242500,59
33681,227181,202607,307500,59
33681,227181,202606,307500,59
33681,227181,202605,307500,59
33681,227181,202604,307500,59
33681,227181,202603,300000,59
33681,227181,202602,300000,59
33681,227181,202601,300000,59
33681,228282,202012,207500,59
33681,228282,202011,205000,59
33681,228282,202010,200000,59
33681,228282,202112,227500,59
33681,228282,202111,227500,59
33681,228282,202110,227500,59
33681,228282,202109,225000,59
33681,228282,202108,217500,59
33681,228282,202107,210000,59
33681,228282,202106,210000,59
33681,228282,202105,209000,59
33681,228282,202104,209000,59
33681,228282,202103,209000,59
33681,228282,202102,207500,59
33681,228282,202101,207500,59
33681,228282,202212,225000,59
33681,228282,202211,227500,59
33681,228282,202210,227500,59
33681,228282,202209,227500,59
33681,228282,202208,229000,59
33681,228282,202207,230000,59
33681,228282,202206,230000,59
33681,228282,202205,231500,59
33681,228282,202204,231500,59
33681,228282,202203,230000,59
33681,228282,202202,227500,59
33681,228282,202201,227500,59
33681,228282,202312,213000,59
33681,228282,202311,213000,59
33681,228282,202310,212000,59
33681,228282,202309,212000,59
33681,228282,202308,207000,59
33681,228282,202307,205000,59
33681,228282,202306,202500,59
33681,228282,202305,202500,59
33681,228282,202304,202500,59
33681,228282,202303,202500,59
33681,228282,202302,202500,59
33681,228282,202301,213500,59
33681,228282,202412,242500,59
33681,228282,202411,242500,59
33681,228282,202410,235000,59
33681,228282,202409,232500,59
33681,228282,202408,232500,59
33681,228282,202407,227500,59
33681,228282,202406,224500,59
33681,228282,202405,215500,59
33681,228282,202404,215500,59
33681,228282,202403,214500,59
33681,228282,202402,213000,59
33681,228282,202401,213000,59
33681,228282,202512,300000,59
33681,228282,202511,290000,59
33681,228282,202510,280000,59
33681,228282,202509,280000,59
33681,228282,202508,275000,59
33681,228282,202507,275000,59
33681,228282,202506,275000,59
33681,228282,202505,265000,59
33681,228282,202504,262500,59
33681,228282,202503,255000,59
33681,228282,202502,245000,59
33681,228282,202501,242500,59
33681,228282,202607,307500,59
33681,228282,202606,307500,59
33681,228282,202605,307500,59
33681,228282,202604,307500,59
33681,228282,202603,300000,59
33681,228282,202602,300000,59
33681,228282,202601,300000,59
32909,77898,201912,191500,59
32909,77898,201911,182500,59
32909,77898,201910,182500,59
32909,77898,201909,180000,59
32909,77898,201908,180000,59
32909,77898,201907,180000,59
32909,77898,201906,170000,59
32909,77898,201905,167500,59
32909,77898,201904,166250,59
32909,77898,201903,166250,59
32909,77898,201902,161250,59
32909,77898,201901,160000,59
32909,77898,202012,197500,59
32909,77898,202011,195000,59
32909,77898,202010,195000,59
32909,77898,202009,195000,59
32909,77898,202008,195000,59
32909,77898,202007,194000,59
32909,77898,202006,191500,59
32909,77898,202005,191500,59
32909,77898,202004,191500,59
32909,77898,202003,191500,59
32909,77898,202002,191500,59
32909,77898,202001,191500,59
32909,77898,202212,197500,59
32909,77898,202211,200000,59
32909,77898,202210,220000,59
32909,77898,202209,220000,59
32909,77898,202208,220000,59
32909,77898,202207,220000,59
32909,77898,202206,220000,59
32909,77898,202205,220000,59
32909,77898,202204,220000,59
32909,77898,202203,220000,59
32909,77898,202202,220000,59
32909,77898,202201,220000,59
32909,77898,202112,220000,59
32909,77898,202111,220000,59
32909,77898,202110,220000,59
32909,77898,202109,220000,59
32909,77898,202108,212500,59
32909,77898,202107,212500,59
32909,77898,202106,210000,59
32909,77898,202105,210000,59
32909,77898,202104,210000,59
32909,77898,202103,202500,59
32909,77898,202102,202500,59
32909,77898,202101,202500,59
32909,77898,202312,198000,59
32909,77898,202311,198000,59
32909,77898,202310,198000,59
32909,77898,202309,198000,59
32909,77898,202308,198000,59
32909,77898,202307,198000,59
32909,77898,202306,187500,59
32909,77898,202305,187500,59
32909,77898,202304,185000,59
32909,77898,202303,185000,59
32909,77898,202302,185000,59
32909,77898,202301,192500,59
32909,77898,202412,235000,59
32909,77898,202411,235000,59
32909,77898,202410,227500,59
32909,77898,202409,227500,59
32909,77898,202408,222500,59
32909,77898,202407,210000,59
32909,77898,202406,201500,59
32909,77898,202405,201500,59
32909,77898,202404,200000,59
32909,77898,202403,198000,59
32909,77898,202402,198000,59
32909,77898,202401,198000,59
32909,77898,202512,285000,59
32909,77898,202511,280000,59
32909,77898,202510,280000,59
32909,77898,202509,280000,59
32909,77898,202508,280000,59
32909,77898,202507,259000,59
32909,77898,202506,259000,59
32909,77898,202505,255000,59
32909,77898,202504,255000,59
32909,77898,202503,255000,59
32909,77898,202502,235000,59
32909,77898,202501,235000,59
32909,77898,202607,285000,59
32909,77898,202606,285000,59
32909,77898,202605,300000,59
32909,77898,202604,300000,59
32909,77898,202603,300000,59
32909,77898,202602,300000,59
32909,77898,202601,300000,59
32909,115622,201912,191500,59
32909,115622,201911,182500,59
32909,115622,201910,182500,59
32909,115622,201909,180000,59
32909,115622,201908,180000,59
32909,115622,201907,180000,59
32909,115622,201906,170000,59
32909,115622,201905,167500,59
32909,115622,201904,166250,59
32909,115622,201903,166250,59
32909,115622,201902,161250,59
32909,115622,201901,160000,59
32909,115622,202012,197500,59
32909,115622,202011,195000,59
32909,115622,202010,195000,59
32909,115622,202009,195000,59
32909,115622,202008,195000,59
32909,115622,202007,194000,59
32909,115622,202006,191500,59
32909,115622,202005,191500,59
32909,115622,202004,191500,59
32909,115622,202003,191500,59
32909,115622,202002,191500,59
32909,115622,202001,191500,59
32909,115622,202212,197500,59
32909,115622,202211,200000,59
32909,115622,202210,220000,59
32909,115622,202209,220000,59
32909,115622,202208,220000,59
32909,115622,202207,220000,59
32909,115622,202206,220000,59
32909,115622,202205,220000,59
32909,115622,202204,220000,59
32909,115622,202203,220000,59
32909,115622,202202,220000,59
32909,115622,202201,220000,59
32909,115622,202112,220000,59
32909,115622,202111,220000,59
32909,115622,202110,220000,59
32909,115622,202109,220000,59
32909,115622,202108,212500,59
32909,115622,202107,212500,59
32909,115622,202106,210000,59
32909,115622,202105,210000,59
32909,115622,202104,210000,59
32909,115622,202103,202500,59
32909,115622,202102,202500,59
32909,115622,202101,202500,59
32909,115622,202312,198000,59
32909,115622,202311,198000,59
32909,115622,202310,198000,59
32909,115622,202309,198000,59
32909,115622,202308,198000,59
32909,115622,202307,198000,59
32909,115622,202306,187500,59
32909,115622,202305,187500,59
32909,115622,202304,185000,59
32909,115622,202303,185000,59
32909,115622,202302,185000,59
32909,115622,202301,192500,59
32909,115622,202412,235000,59
32909,115622,202411,235000,59
32909,115622,202410,227500,59
32909,115622,202409,227500,59
32909,115622,202408,222500,59
32909,115622,202407,210000,59
32909,115622,202406,201500,59
32909,115622,202405,201500,59
32909,115622,202404,200000,59
32909,115622,202403,198000,59
32909,115622,202402,198000,59
32909,115622,202401,198000,59
32909,115622,202512,285000,59
32909,115622,202511,280000,59
32909,115622,202510,280000,59
32909,115622,202509,280000,59
32909,115622,202508,280000,59
32909,115622,202507,259000,59
32909,115622,202506,259000,59
32909,115622,202505,255000,59
32909,115622,202504,255000,59
32909,115622,202503,255000,59
32909,115622,202502,235000,59
32909,115622,202501,235000,59
32909,115622,202607,285000,59
32909,115622,202606,285000,59
32909,115622,202605,300000,59
32909,115622,202604,300000,59
32909,115622,202603,300000,59
32909,115622,202602,300000,59
32909,115622,202601,300000,59
32909,221843,201912,191500,59
32909,221843,201911,182500,59
32909,221843,201910,182500,59
32909,221843,201909,180000,59
32909,221843,201908,180000,59
32909,221843,201907,180000,59
32909,221843,201906,170000,59
32909,221843,201905,167500,59
32909,221843,201904,166250,59
32909,221843,201903,166250,59
32909,221843,201902,161250,59
32909,221843,201901,160000,59
32909,221843,202012,197500,59
32909,221843,202011,195000,59
32909,221843,202010,195000,59
32909,221843,202009,195000,59
32909,221843,202008,195000,59
32909,221843,202007,194000,59
32909,221843,202006,191500,59
32909,221843,202005,191500,59
32909,221843,202004,191500,59
32909,221843,202003,191500,59
32909,221843,202002,191500,59
32909,221843,202001,191500,59
32909,221843,202112,220000,59
32909,221843,202111,220000,59
32909,221843,202110,220000,59
32909,221843,202109,220000,59
32909,221843,202108,212500,59
32909,221843,202107,212500,59
32909,221843,202106,210000,59
32909,221843,202105,210000,59
32909,221843,202104,210000,59
32909,221843,202103,202500,59
32909,221843,202102,202500,59
32909,221843,202101,202500,59
32909,221843,202212,197500,59
32909,221843,202211,200000,59
32909,221843,202210,220000,59
32909,221843,202209,220000,59
32909,221843,202208,220000,59
32909,221843,202207,220000,59
32909,221843,202206,220000,59
32909,221843,202205,220000,59
32909,221843,202204,220000,59
32909,221843,202203,220000,59
32909,221843,202202,220000,59
32909,221843,202201,220000,59
32909,221843,202312,198000,59
32909,221843,202311,198000,59
32909,221843,202310,198000,59
32909,221843,202309,198000,59
32909,221843,202308,198000,59
32909,221843,202307,198000,59
32909,221843,202306,187500,59
32909,221843,202305,187500,59
32909,221843,202304,185000,59
32909,221843,202303,185000,59
32909,221843,202302,185000,59
32909,221843,202301,192500,59
32909,221843,202412,235000,59
32909,221843,202411,235000,59
32909,221843,202410,227500,59
32909,221843,202409,227500,59
32909,221843,202408,222500,59
32909,221843,202407,210000,59
32909,221843,202406,201500,59
32909,221843,202405,201500,59
32909,221843,202404,200000,59
32909,221843,202403,198000,59
32909,221843,202402,198000,59
32909,221843,202401,198000,59
32909,221843,202607,285000,59
32909,221843,202606,285000,59
32909,221843,202605,300000,59
32909,221843,202604,300000,59
32909,221843,202603,300000,59
32909,221843,202602,300000,59
32909,221843,202601,300000,59
32909,221843,202512,285000,59
32909,221843,202511,280000,59
32909,221843,202510,280000,59
32909,221843,202509,280000,59
32909,221843,202508,280000,59
32909,221843,202507,259000,59
32909,221843,202506,259000,59
32909,221843,202505,255000,59
32909,221843,202504,255000,59
32909,221843,202503,255000,59
32909,221843,202502,235000,59
32909,221843,202501,235000,59
32909,222875,202012,197500,59
32909,222875,202011,195000,59
32909,222875,202010,195000,59
32909,222875,202009,195000,59
32909,222875,202008,195000,59
32909,222875,202007,194000,59
32909,222875,202006,191500,59
32909,222875,202005,191500,59
32909,222875,202004,191500,59
32909,222875,202003,191500,59
32909,222875,202002,191500,59
32909,222875,202001,191500,59
32909,222875,201912,191500,59
32909,222875,201911,182500,59
32909,222875,201910,182500,59
32909,222875,201909,180000,59
32909,222875,201908,180000,59
32909,222875,201907,180000,59
32909,222875,201906,170000,59
32909,222875,201905,167500,59
32909,222875,201904,166250,59
32909,222875,201903,166250,59
32909,222875,201902,161250,59
32909,222875,201901,160000,59
32909,222875,202112,220000,59
32909,222875,202111,220000,59
32909,222875,202110,220000,59
32909,222875,202109,220000,59
32909,222875,202108,212500,59
32909,222875,202107,212500,59
32909,222875,202106,210000,59
32909,222875,202105,210000,59
32909,222875,202104,210000,59
32909,222875,202103,202500,59
32909,222875,202102,202500,59
32909,222875,202101,202500,59
32909,222875,202212,197500,59
32909,222875,202211,200000,59
32909,222875,202210,220000,59
32909,222875,202209,220000,59
32909,222875,202208,220000,59
32909,222875,202207,220000,59
32909,222875,202206,220000,59
32909,222875,202205,220000,59
32909,222875,202204,220000,59
32909,222875,202203,220000,59
32909,222875,202202,220000,59
32909,222875,202201,220000,59
32909,222875,202312,198000,59
32909,222875,202311,198000,59
32909,222875,202310,198000,59
32909,222875,202309,198000,59
32909,222875,202308,198000,59
32909,222875,202307,198000,59
32909,222875,202306,187500,59
32909,222875,202305,187500,59
32909,222875,202304,185000,59
32909,222875,202303,185000,59
32909,222875,202302,185000,59
32909,222875,202301,192500,59
32909,222875,202412,235000,59
32909,222875,202411,235000,59
32909,222875,202410,227500,59
32909,222875,202409,227500,59
32909,222875,202408,222500,59
32909,222875,202407,210000,59
32909,222875,202406,201500,59
32909,222875,202405,201500,59
32909,222875,202404,200000,59
32909,222875,202403,198000,59
32909,222875,202402,198000,59
32909,222875,202401,198000,59
32909,222875,202512,285000,59
32909,222875,202511,280000,59
32909,222875,202510,280000,59
32909,222875,202509,280000,59
32909,222875,202508,280000,59
32909,222875,202507,259000,59
32909,222875,202506,259000,59
32909,222875,202505,255000,59
32909,222875,202504,255000,59
32909,222875,202503,255000,59
32909,222875,202502,235000,59
32909,222875,202501,235000,59
32909,222875,202607,285000,59
32909,222875,202606,285000,59
32909,222875,202605,300000,59
32909,222875,202604,300000,59
32909,222875,202603,300000,59
32909,222875,202602,300000,59
32909,222875,202601,300000,59
14992,14752,201112,85750,59
14992,14752,201111,85750,59
14992,14752,201110,85750,59
14992,14752,201109,81500,59
14992,14752,201108,81500,59
14992,14752,201107,81500,59
14992,14752,201106,81500,59
14992,14752,201105,81500,59
14992,14752,201104,80000,59
14992,14752,201103,80000,59
14992,14752,201102,80000,59
14992,14752,201101,80000,59
14992,14752,200812,73750,59
14992,14752,200811,73750,59
14992,14752,200810,73750,59
14992,14752,200809,73750,59
14992,14752,200808,73750,59
14992,14752,200807,73750,59
14992,14752,200806,73750,59
14992,14752,200805,73750,59
14992,14752,200804,73750,59
14992,14752,200803,73750,59
14992,14752,200802,73750,59
14992,14752,200801,73750,59
14992,14752,201312,82500,59
14992,14752,201311,82500,59
14992,14752,201310,82500,59
14992,14752,201309,82500,59
14992,14752,201308,82500,59
14992,14752,201307,82500,59
14992,14752,201306,82500,59
14992,14752,201305,82500,59
14992,14752,201304,82500,59
14992,14752,201303,85000,59
14992,14752,201302,85000,59
14992,14752,201301,85000,59
14992,14752,201212,85000,59
14992,14752,201211,85000,59
14992,14752,201210,85000,59
14992,14752,201209,85000,59
14992,14752,201208,85000,59
14992,14752,201207,85000,59
14992,14752,201206,85000,59
14992,14752,201205,85000,59
14992,14752,201204,85000,59
14992,14752,201203,85750,59
14992,14752,201202,85750,59
14992,14752,201201,85750,59
14992,14752,200912,79000,59
14992,14752,200911,79000,59
14992,14752,200910,79000,59
14992,14752,200909,79000,59
14992,14752,200908,79000,59
14992,14752,200907,75000,59
14992,14752,200906,73500,59
14992,14752,200905,73500,59
14992,14752,200904,73500,59
14992,14752,200903,73500,59
14992,14752,200902,73500,59
14992,14752,200901,73750,59
14992,14752,201012,79000,59
14992,14752,201011,79000,59
14992,14752,201010,79000,59
14992,14752,201009,79000,59
14992,14752,201008,79000,59
14992,14752,201007,79000,59
14992,14752,201006,79000,59
14992,14752,201005,79000,59
14992,14752,201004,79000,59
14992,14752,201003,79000,59
14992,14752,201002,79000,59
14992,14752,201001,79000,59
14992,14752,201612,97500,59
14992,14752,201611,97500,59
14992,14752,201610,97500,59
14992,14752,201609,95000,59
14992,14752,201608,92000,59
14992,14752,201607,91500,59
14992,14752,201606,91500,59
14992,14752,201605,90500,59
14992,14752,201604,90500,59
14992,14752,201603,90500,59
14992,14752,201602,90500,59
14992,14752,201601,90500,59
14992,14752,201512,90500,59
14992,14752,201511,90500,59
14992,14752,201510,89000,59
14992,14752,201509,86000,59
14992,14752,201508,86000,59
14992,14752,201507,86000,59
14992,14752,201506,85500,59
14992,14752,201505,85500,59
14992,14752,201504,85500,59
14992,14752,201503,84500,59
14992,14752,201502,84500,59
14992,14752,201501,84000,59
14992,14752,201412,84000,59
14992,14752,201411,84000,59
14992,14752,201410,83000,59
14992,14752,201409,83000,59
14992,14752,201408,82000,59
14992,14752,201407,82000,59
14992,14752,201406,82000,59
14992,14752,201405,82000,59
14992,14752,201404,82000,59
14992,14752,201403,82000,59
14992,14752,201402,81500,59
14992,14752,201401,82500,59
14992,14752,202012,202500,59
14992,14752,202011,200000,59
14992,14752,202010,195000,59
14992,14752,202009,192500,59
14992,14752,202008,192500,59
14992,14752,202007,187500,59
14992,14752,202006,185000,59
14992,14752,202005,182500,59
14992,14752,202004,182500,59
14992,14752,202003,182500,59
14992,14752,202002,182500,59
14992,14752,202001,182500,59
14992,14752,201912,185000,59
14992,14752,201911,180000,59
14992,14752,201910,177500,59
14992,14752,201909,172500,59
14992,14752,201908,172500,59
14992,14752,201907,165000,59
14992,14752,201906,160000,59
14992,14752,201905,159000,59
14992,14752,201904,159000,59
14992,14752,201903,162500,59
14992,14752,201902,165000,59
14992,14752,201901,165000,59
14992,14752,202112,227500,59
14992,14752,202111,232500,59
14992,14752,202110,227500,59
14992,14752,202109,227500,59
14992,14752,202108,227500,59
14992,14752,202107,220000,59
14992,14752,202106,207500,59
14992,14752,202105,207500,59
14992,14752,202104,207500,59
14992,14752,202103,205000,59
14992,14752,202102,205000,59
14992,14752,202101,205000,59
14992,14752,202212,222500,59
14992,14752,202211,222500,59
14992,14752,202210,222500,59
14992,14752,202209,225000,59
14992,14752,202208,227500,59
14992,14752,202207,227500,59
14992,14752,202206,227500,59
14992,14752,202205,227500,59
14992,14752,202204,227500,59
14992,14752,202203,227500,59
14992,14752,202202,227500,59
14992,14752,202201,227500,59
14992,14752,202412,255000,59
14992,14752,202411,252500,59
14992,14752,202410,252500,59
14992,14752,202409,230000,59
14992,14752,202408,230000,59
14992,14752,202407,230000,59
14992,14752,202406,212500,59
14992,14752,202405,212500,59
14992,14752,202404,212500,59
14992,14752,202403,212500,59
14992,14752,202402,212500,59
14992,14752,202401,212500,59
14992,14752,202312,212500,59
14992,14752,202311,210000,59
14992,14752,202310,210000,59
14992,14752,202309,210000,59
14992,14752,202308,205000,59
14992,14752,202307,205000,59
14992,14752,202306,205000,59
14992,14752,202305,205000,59
14992,14752,202304,205000,59
14992,14752,202303,205000,59
14992,14752,202302,205000,59
14992,14752,202301,212500,59
14992,14752,202607,305000,59
14992,14752,202606,305000,59
14992,14752,202605,305000,59
14992,14752,202604,310000,59
14992,14752,202603,310000,59
14992,14752,202602,310000,59
14992,14752,202601,310000,59
14992,14752,202512,310000,59
14992,14752,202511,310000,59
14992,14752,202510,310000,59
14992,14752,202509,295000,59
14992,14752,202508,295000,59
14992,14752,202507,295000,59
14992,14752,202506,290000,59
14992,14752,202505,277500,59
14992,14752,202504,277500,59
14992,14752,202503,272500,59
14992,14752,202502,255000,59
14992,14752,202501,255000,59
14992,14752,201712,129750,59
14992,14752,201711,127250,59
14992,14752,201710,112500,59
14992,14752,201709,112500,59
14992,14752,201708,112500,59
14992,14752,201707,112500,59
14992,14752,201706,102500,59
14992,14752,201705,102500,59
14992,14752,201704,101500,59
14992,14752,201703,101500,59
14992,14752,201702,101500,59
14992,14752,201701,99000,59
14992,14752,201812,165000,59
14992,14752,201811,167500,59
14992,14752,201810,167500,59
14992,14752,201809,162500,59
14992,14752,201808,160000,59
14992,14752,201807,152500,59
14992,14752,201806,147500,59
14992,14752,201805,147500,59
14992,14752,201804,145000,59
14992,14752,201803,140000,59
14992,14752,201802,140000,59
14992,14752,201801,129750,59
31920,114919,201812,172500,59
31920,114919,201811,172500,59
31920,114919,201810,172500,59
31920,114919,201809,172500,59
31920,114919,201808,172500,59
31920,114919,201807,170000,59
31920,114919,201806,170000,59
31920,114919,201805,170000,59
31920,114919,201804,170000,59
31920,114919,201803,170000,59
31920,114919,202012,190000,59
31920,114919,202011,187500,59
31920,114919,202010,179000,59
31920,114919,202009,179000,59
31920,114919,202008,179000,59
31920,114919,202007,179000,59
31920,114919,202006,179000,59
31920,114919,202005,179000,59
31920,114919,202004,179000,59
31920,114919,202003,179000,59
31920,114919,202002,179000,59
31920,114919,202001,179000,59
31920,114919,202112,190000,59
31920,114919,202111,190000,59
31920,114919,202110,190000,59
31920,114919,202109,190000,59
31920,114919,202108,190000,59
31920,114919,202107,190000,59
31920,114919,202106,190000,59
31920,114919,202105,190000,59
31920,114919,202104,190000,59
31920,114919,202103,190000,59
31920,114919,202102,190000,59
31920,114919,202101,190000,59
31920,114919,201912,179000,59
31920,114919,201911,176500,59
31920,114919,201910,175000,59
31920,114919,201909,175000,59
31920,114919,201908,175000,59
31920,114919,201907,175000,59
31920,114919,201906,175000,59
31920,114919,201905,175000,59
31920,114919,201904,175000,59
31920,114919,201903,175000,59
31920,114919,201902,175000,59
31920,114919,201901,172500,59
31920,114919,202212,190000,59
31920,114919,202211,190000,59
31920,114919,202210,190000,59
31920,114919,202209,190000,59
31920,114919,202208,190000,59
31920,114919,202207,190000,59
31920,114919,202206,190000,59
31920,114919,202205,190000,59
31920,114919,202204,190000,59
31920,114919,202203,190000,59
31920,114919,202202,190000,59
31920,114919,202201,190000,59
31920,114919,202412,237500,59
31920,114919,202411,237500,59
31920,114919,202410,237500,59
31920,114919,202409,237500,59
31920,114919,202408,237500,59
31920,114919,202407,215000,59
31920,114919,202406,215000,59
31920,114919,202405,215000,59
31920,114919,202404,215000,59
31920,114919,202403,215000,59
31920,114919,202402,215000,59
31920,114919,202401,205000,59
31920,114919,202312,205000,59
31920,114919,202311,205000,59
31920,114919,202310,205000,59
31920,114919,202309,205000,59
31920,114919,202308,205000,59
31920,114919,202307,205000,59
31920,114919,202306,205000,59
31920,114919,202305,200000,59
31920,114919,202304,190000,59
31920,114919,202303,190000,59
31920,114919,202302,190000,59
31920,114919,202301,190000,59
31920,114919,202607,286000,59
31920,114919,202606,286000,59
31920,114919,202605,282500,59
31920,114919,202604,272500,59
31920,114919,202603,270000,59
31920,114919,202602,270000,59
31920,114919,202601,270000,59
31920,114919,202512,270000,59
31920,114919,202511,270000,59
31920,114919,202510,270000,59
31920,114919,202509,270000,59
31920,114919,202508,270000,59
31920,114919,202507,270000,59
31920,114919,202506,270000,59
31920,114919,202505,242500,59
31920,114919,202504,242500,59
31920,114919,202503,237500,59
31920,114919,202502,237500,59
31920,114919,202501,237500,59
31983,77084,201812,175000,59
31983,77084,201811,175000,59
31983,77084,201810,175000,59
31983,77084,201809,175000,59
31983,77084,201808,175000,59
31983,77084,201807,175000,59
31983,77084,201912,190000,59
31983,77084,201911,190000,59
31983,77084,201910,190000,59
31983,77084,201909,182500,59
31983,77084,201908,180000,59
31983,77084,201907,180000,59
31983,77084,201906,180000,59
31983,77084,201905,175000,59
31983,77084,201904,175000,59
31983,77084,201903,175000,59
31983,77084,201902,175000,59
31983,77084,201901,175000,59
31983,77084,202012,217500,59
31983,77084,202011,217500,59
31983,77084,202010,205000,59
31983,77084,202009,205000,59
31983,77084,202008,205000,59
31983,77084,202007,205000,59
31983,77084,202006,192500,59
31983,77084,202005,192500,59
31983,77084,202004,192500,59
31983,77084,202003,192500,59
31983,77084,202002,190000,59
31983,77084,202001,190000,59
31983,77084,202112,262500,59
31983,77084,202111,260000,59
31983,77084,202110,240000,59
31983,77084,202109,240000,59
31983,77084,202108,240000,59
31983,77084,202107,235000,59
31983,77084,202106,235000,59
31983,77084,202105,225000,59
31983,77084,202104,225000,59
31983,77084,202103,225000,59
31983,77084,202102,220000,59
31983,77084,202101,220000,59
31983,77084,202212,257500,59
31983,77084,202211,262500,59
31983,77084,202210,262500,59
31983,77084,202209,262500,59
31983,77084,202208,262500,59
31983,77084,202207,262500,59
31983,77084,202206,262500,59
31983,77084,202205,262500,59
31983,77084,202204,262500,59
31983,77084,202203,262500,59
31983,77084,202202,262500,59
31983,77084,202201,262500,59
31983,77084,202512,305000,59
31983,77084,202511,302500,59
31983,77084,202510,287500,59
31983,77084,202509,287500,59
31983,77084,202508,287500,59
31983,77084,202507,285000,59
31983,77084,202506,272500,59
31983,77084,202505,272500,59
31983,77084,202504,272500,59
31983,77084,202503,270000,59
31983,77084,202502,255000,59
31983,77084,202501,255000,59
31983,77084,202412,255000,59
31983,77084,202411,255000,59
31983,77084,202410,255000,59
31983,77084,202409,255000,59
31983,77084,202408,255000,59
31983,77084,202407,245000,59
31983,77084,202406,242500,59
31983,77084,202405,235000,59
31983,77084,202404,235000,59
31983,77084,202403,235000,59
31983,77084,202402,235000,59
31983,77084,202401,235000,59
31983,77084,202312,235000,59
31983,77084,202311,235000,59
31983,77084,202310,237500,59
31983,77084,202309,237500,59
31983,77084,202308,237500,59
31983,77084,202307,237500,59
31983,77084,202306,237500,59
31983,77084,202305,242500,59
31983,77084,202304,245000,59
31983,77084,202303,245000,59
31983,77084,202302,245000,59
31983,77084,202301,250000,59
31983,77084,202607,310000,59
31983,77084,202606,310000,59
31983,77084,202605,305000,59
31983,77084,202604,305000,59
31983,77084,202603,305000,59
31983,77084,202602,305000,59
31983,77084,202601,305000,59
31983,114965,201812,175000,59
31983,114965,201811,175000,59
31983,114965,201810,175000,59
31983,114965,201809,175000,59
31983,114965,201808,175000,59
31983,114965,201807,175000,59
31983,114965,201912,190000,59
31983,114965,201911,190000,59
31983,114965,201910,190000,59
31983,114965,201909,182500,59
31983,114965,201908,180000,59
31983,114965,201907,180000,59
31983,114965,201906,180000,59
31983,114965,201905,175000,59
31983,114965,201904,175000,59
31983,114965,201903,175000,59
31983,114965,201902,175000,59
31983,114965,201901,175000,59
31983,114965,202012,217500,59
31983,114965,202011,217500,59
31983,114965,202010,205000,59
31983,114965,202009,205000,59
31983,114965,202008,205000,59
31983,114965,202007,205000,59
31983,114965,202006,192500,59
31983,114965,202005,192500,59
31983,114965,202004,192500,59
31983,114965,202003,192500,59
31983,114965,202002,190000,59
31983,114965,202001,190000,59
31983,114965,202112,262500,59
31983,114965,202111,260000,59
31983,114965,202110,240000,59
31983,114965,202109,240000,59
31983,114965,202108,240000,59
31983,114965,202107,235000,59
31983,114965,202106,235000,59
31983,114965,202105,225000,59
31983,114965,202104,225000,59
31983,114965,202103,225000,59
31983,114965,202102,220000,59
31983,114965,202101,220000,59
31983,114965,202212,257500,59
31983,114965,202211,262500,59
31983,114965,202210,262500,59
31983,114965,202209,262500,59
31983,114965,202208,262500,59
31983,114965,202207,262500,59
31983,114965,202206,262500,59
31983,114965,202205,262500,59
31983,114965,202204,262500,59
31983,114965,202203,262500,59
31983,114965,202202,262500,59
31983,114965,202201,262500,59
31983,114965,202312,235000,59
31983,114965,202311,235000,59
31983,114965,202310,237500,59
31983,114965,202309,237500,59
31983,114965,202308,237500,59
31983,114965,202307,237500,59
31983,114965,202306,237500,59
31983,114965,202305,242500,59
31983,114965,202304,245000,59
31983,114965,202303,245000,59
31983,114965,202302,245000,59
31983,114965,202301,250000,59
31983,114965,202412,255000,59
31983,114965,202411,255000,59
31983,114965,202410,255000,59
31983,114965,202409,255000,59
31983,114965,202408,255000,59
31983,114965,202407,245000,59
31983,114965,202406,242500,59
31983,114965,202405,235000,59
31983,114965,202404,235000,59
31983,114965,202403,235000,59
31983,114965,202402,235000,59
31983,114965,202401,235000,59
31983,114965,202512,305000,59
31983,114965,202511,302500,59
31983,114965,202510,287500,59
31983,114965,202509,287500,59
31983,114965,202508,287500,59
31983,114965,202507,285000,59
31983,114965,202506,272500,59
31983,114965,202505,272500,59
31983,114965,202504,272500,59
31983,114965,202503,270000,59
31983,114965,202502,255000,59
31983,114965,202501,255000,59
31983,114965,202607,310000,59
31983,114965,202606,310000,59
31983,114965,202605,305000,59
31983,114965,202604,305000,59
31983,114965,202603,305000,59
31983,114965,202602,305000,59
31983,114965,202601,305000,59
31997,30863,201812,165000,59
31997,30863,201811,165000,59
31997,30863,201810,165000,59
31997,30863,201809,162500,59
31997,30863,201912,196000,59
31997,30863,201911,187500,59
31997,30863,201910,175000,59
31997,30863,201909,175000,59
31997,30863,201908,172500,59
31997,30863,201907,170000,59
31997,30863,201906,170000,59
31997,30863,201905,170000,59
31997,30863,201904,170000,59
31997,30863,201903,170000,59
31997,30863,201902,165000,59
31997,30863,201901,165000,59
31997,30863,202012,210000,59
31997,30863,202011,209000,59
31997,30863,202010,207500,59
31997,30863,202009,206500,59
31997,30863,202008,205000,59
31997,30863,202007,200000,59
31997,30863,202006,200000,59
31997,30863,202005,200000,59
31997,30863,202004,200000,59
31997,30863,202003,200000,59
31997,30863,202002,199000,59
31997,30863,202001,195000,59
31997,30863,202112,262500,59
31997,30863,202111,262500,59
31997,30863,202110,252500,59
31997,30863,202109,230000,59
31997,30863,202108,230000,59
31997,30863,202107,220000,59
31997,30863,202106,220000,59
31997,30863,202105,220000,59
31997,30863,202104,220000,59
31997,30863,202103,220000,59
31997,30863,202102,220000,59
31997,30863,202101,217500,59
31997,30863,202212,245000,59
31997,30863,202211,255000,59
31997,30863,202210,255000,59
31997,30863,202209,255000,59
31997,30863,202208,257500,59
31997,30863,202207,260000,59
31997,30863,202206,260000,59
31997,30863,202205,260000,59
31997,30863,202204,260000,59
31997,30863,202203,262500,59
31997,30863,202202,262500,59
31997,30863,202201,262500,59
31997,30863,202412,260000,59
31997,30863,202411,260000,59
31997,30863,202410,252500,59
31997,30863,202409,252500,59
31997,30863,202408,250000,59
31997,30863,202407,235000,59
31997,30863,202406,225000,59
31997,30863,202405,220000,59
31997,30863,202404,212500,59
31997,30863,202403,212500,59
31997,30863,202402,212500,59
31997,30863,202401,212500,59
31997,30863,202312,212500,59
31997,30863,202311,212500,59
31997,30863,202310,212500,59
31997,30863,202309,212500,59
31997,30863,202308,212500,59
31997,30863,202307,212500,59
31997,30863,202306,212500,59
31997,30863,202305,212500,59
31997,30863,202304,215000,59
31997,30863,202303,215000,59
31997,30863,202302,227500,59
31997,30863,202301,230000,59
31997,30863,202512,300000,59
31997,30863,202511,300000,59
31997,30863,202510,300000,59
31997,30863,202509,300000,59
31997,30863,202508,300000,59
31997,30863,202507,297500,59
31997,30863,202506,295000,59
31997,30863,202505,295000,59
31997,30863,202504,285000,59
31997,30863,202503,272500,59
31997,30863,202502,260000,59
31997,30863,202501,260000,59
31997,30863,202607,307500,59
31997,30863,202606,305000,59
31997,30863,202605,305000,59
31997,30863,202604,305000,59
31997,30863,202603,305000,59
31997,30863,202602,300000,59
31997,30863,202601,300000,59
31997,77096,201812,165000,59
31997,77096,201811,165000,59
31997,77096,201810,165000,59
31997,77096,201809,162500,59
31997,77096,201912,196000,59
31997,77096,201911,187500,59
31997,77096,201910,175000,59
31997,77096,201909,175000,59
31997,77096,201908,172500,59
31997,77096,201907,170000,59
31997,77096,201906,170000,59
31997,77096,201905,170000,59
31997,77096,201904,170000,59
31997,77096,201903,170000,59
31997,77096,201902,165000,59
31997,77096,201901,165000,59
31997,77096,202012,210000,59
31997,77096,202011,209000,59
31997,77096,202010,207500,59
31997,77096,202009,206500,59
31997,77096,202008,205000,59
31997,77096,202007,200000,59
31997,77096,202006,200000,59
31997,77096,202005,200000,59
31997,77096,202004,200000,59
31997,77096,202003,200000,59
31997,77096,202002,199000,59
31997,77096,202001,195000,59
31997,77096,202112,262500,59
31997,77096,202111,262500,59
31997,77096,202110,252500,59
31997,77096,202109,230000,59
31997,77096,202108,230000,59
31997,77096,202107,220000,59
31997,77096,202106,220000,59
31997,77096,202105,220000,59
31997,77096,202104,220000,59
31997,77096,202103,220000,59
31997,77096,202102,220000,59
31997,77096,202101,217500,59
31997,77096,202212,245000,59
31997,77096,202211,255000,59
31997,77096,202210,255000,59
31997,77096,202209,255000,59
31997,77096,202208,257500,59
31997,77096,202207,260000,59
31997,77096,202206,260000,59
31997,77096,202205,260000,59
31997,77096,202204,260000,59
31997,77096,202203,262500,59
31997,77096,202202,262500,59
31997,77096,202201,262500,59
31997,77096,202312,212500,59
31997,77096,202311,212500,59
31997,77096,202310,212500,59
31997,77096,202309,212500,59
31997,77096,202308,212500,59
31997,77096,202307,212500,59
31997,77096,202306,212500,59
31997,77096,202305,212500,59
31997,77096,202304,215000,59
31997,77096,202303,215000,59
31997,77096,202302,227500,59
31997,77096,202301,230000,59
31997,77096,202412,260000,59
31997,77096,202411,260000,59
31997,77096,202410,252500,59
31997,77096,202409,252500,59
31997,77096,202408,250000,59
31997,77096,202407,235000,59
31997,77096,202406,225000,59
31997,77096,202405,220000,59
31997,77096,202404,212500,59
31997,77096,202403,212500,59
31997,77096,202402,212500,59
31997,77096,202401,212500,59
31997,77096,202512,300000,59
31997,77096,202511,300000,59
31997,77096,202510,300000,59
31997,77096,202509,300000,59
31997,77096,202508,300000,59
31997,77096,202507,297500,59
31997,77096,202506,295000,59
31997,77096,202505,295000,59
31997,77096,202504,285000,59
31997,77096,202503,272500,59
31997,77096,202502,260000,59
31997,77096,202501,260000,59
31997,77096,202607,307500,59
31997,77096,202606,305000,59
31997,77096,202605,305000,59
31997,77096,202604,305000,59
31997,77096,202603,305000,59
31997,77096,202602,300000,59
31997,77096,202601,300000,59
31997,114977,201812,165000,59
31997,114977,201811,165000,59
31997,114977,201810,165000,59
31997,114977,201809,162500,59
31997,114977,201912,195500,59
31997,114977,201911,187500,59
31997,114977,201910,175000,59
31997,114977,201909,175000,59
31997,114977,201908,172500,59
31997,114977,201907,170000,59
31997,114977,201906,170000,59
31997,114977,201905,170000,59
31997,114977,201904,170000,59
31997,114977,201903,170000,59
31997,114977,201902,165000,59
31997,114977,201901,165000,59
31997,114977,202012,210000,59
31997,114977,202011,209000,59
31997,114977,202010,206500,59
31997,114977,202009,205500,59
31997,114977,202008,205000,59
31997,114977,202007,200000,59
31997,114977,202006,200000,59
31997,114977,202005,199000,59
31997,114977,202004,199000,59
31997,114977,202003,199000,59
31997,114977,202002,197500,59
31997,114977,202001,195000,59
31997,114977,202112,262500,59
31997,114977,202111,262500,59
31997,114977,202110,252500,59
31997,114977,202109,230000,59
31997,114977,202108,230000,59
31997,114977,202107,220000,59
31997,114977,202106,220000,59
31997,114977,202105,220000,59
31997,114977,202104,220000,59
31997,114977,202103,220000,59
31997,114977,202102,220000,59
31997,114977,202101,217500,59
31997,114977,202212,245000,59
31997,114977,202211,255000,59
31997,114977,202210,255000,59
31997,114977,202209,255000,59
31997,114977,202208,257500,59
31997,114977,202207,260000,59
31997,114977,202206,260000,59
31997,114977,202205,260000,59
31997,114977,202204,260000,59
31997,114977,202203,262500,59
31997,114977,202202,262500,59
31997,114977,202201,262500,59
31997,114977,202312,212500,59
31997,114977,202311,212500,59
31997,114977,202310,212500,59
31997,114977,202309,212500,59
31997,114977,202308,212500,59
31997,114977,202307,212500,59
31997,114977,202306,212500,59
31997,114977,202305,212500,59
31997,114977,202304,215000,59
31997,114977,202303,215000,59
31997,114977,202302,227500,59
31997,114977,202301,230000,59
31997,114977,202412,255000,59
31997,114977,202411,255000,59
31997,114977,202410,252500,59
31997,114977,202409,252500,59
31997,114977,202408,250000,59
31997,114977,202407,235000,59
31997,114977,202406,225000,59
31997,114977,202405,220000,59
31997,114977,202404,212500,59
31997,114977,202403,212500,59
31997,114977,202402,212500,59
31997,114977,202401,212500,59
31997,114977,202512,300000,59
31997,114977,202511,300000,59
31997,114977,202510,300000,59
31997,114977,202509,300000,59
31997,114977,202508,300000,59
31997,114977,202507,297500,59
31997,114977,202506,295000,59
31997,114977,202505,295000,59
31997,114977,202504,285000,59
31997,114977,202503,270000,59
31997,114977,202502,255000,59
31997,114977,202501,255000,59
31997,114977,202607,307500,59
31997,114977,202606,305000,59
31997,114977,202605,305000,59
31997,114977,202604,305000,59
31997,114977,202603,305000,59
31997,114977,202602,300000,59
31997,114977,202601,300000,59
44285,43036,202412,260000,59
44285,43036,202411,257500,59
44285,43036,202410,257500,59
44285,43036,202409,250000,59
44285,43036,202408,242500,59
44285,43036,202407,242500,59
44285,43036,202406,225000,59
44285,43036,202405,220000,59
44285,43036,202404,220000,59
44285,43036,202512,312500,59
44285,43036,202511,312500,59
44285,43036,202510,310000,59
44285,43036,202509,295000,59
44285,43036,202508,290000,59
44285,43036,202507,290000,59
44285,43036,202506,287500,59
44285,43036,202505,280000,59
44285,43036,202504,275000,59
44285,43036,202503,270000,59
44285,43036,202502,265000,59
44285,43036,202501,262500,59
44285,43036,202607,307500,59
44285,43036,202606,307500,59
44285,43036,202605,312500,59
44285,43036,202604,317500,59
44285,43036,202603,317500,59
44285,43036,202602,322500,59
44285,43036,202601,322500,59
44285,220892,202607,307500,59
44285,220892,202606,307500,59
44285,220892,202605,312500,59
44285,220892,202604,317500,59
44285,220892,202603,317500,59
44285,220892,202602,322500,59
44285,220892,202601,322500,59
44285,220892,202512,312500,59
44285,220892,202511,312500,59
44285,220892,202510,310000,59
44285,220892,202509,295000,59
44285,220892,202508,290000,59
44285,220892,202507,290000,59
44285,220892,202506,287500,59
44285,220892,202505,280000,59
44285,220892,202504,275000,59
44285,220892,202503,270000,59
44285,220892,202502,265000,59
44285,220892,202501,262500,59
44285,220892,202412,260000,59
44285,220892,202411,257500,59
44285,220892,202410,257500,59
44285,220892,202409,250000,59
44285,220892,202408,242500,59
44285,220892,202407,242500,59
44285,220892,202406,225000,59
44285,220892,202405,220000,59
44285,220892,202404,220000,59
29879,142429,201612,101500,59
29879,142429,201611,101500,59
29879,142429,201712,104000,59
29879,142429,201711,104000,59
29879,142429,201710,104000,59
29879,142429,201709,104000,59
29879,142429,201708,101500,59
29879,142429,201707,101500,59
29879,142429,201706,101500,59
29879,142429,201705,101500,59
29879,142429,201704,101500,59
29879,142429,201703,101500,59
29879,142429,201702,101500,59
29879,142429,201701,101500,59
29879,142429,201812,161000,59
29879,142429,201811,161000,59
29879,142429,201810,160000,59
29879,142429,201809,137500,59
29879,142429,201808,132500,59
29879,142429,201807,132500,59
29879,142429,201806,132500,59
29879,142429,201805,132500,59
29879,142429,201804,132500,59
29879,142429,201803,132500,59
29879,142429,201802,123500,59
29879,142429,201801,110500,59
29879,142429,201912,170000,59
29879,142429,201911,162500,59
29879,142429,201910,161000,59
29879,142429,201909,161000,59
29879,142429,201908,161000,59
29879,142429,201907,161000,59
29879,142429,201906,161000,59
29879,142429,201905,161000,59
29879,142429,201904,161000,59
29879,142429,201903,161000,59
29879,142429,201902,161000,59
29879,142429,201901,161000,59
29879,142429,202012,177500,59
29879,142429,202011,177500,59
29879,142429,202010,177500,59
29879,142429,202009,175000,59
29879,142429,202008,175000,59
29879,142429,202007,170000,59
29879,142429,202006,170000,59
29879,142429,202005,170000,59
29879,142429,202004,170000,59
29879,142429,202003,170000,59
29879,142429,202002,170000,59
29879,142429,202001,170000,59
29879,142429,202112,217500,59
29879,142429,202111,217500,59
29879,142429,202110,210000,59
29879,142429,202109,192500,59
29879,142429,202108,192500,59
29879,142429,202107,192500,59
29879,142429,202106,192500,59
29879,142429,202105,192500,59
29879,142429,202104,187500,59
29879,142429,202103,182500,59
29879,142429,202102,182500,59
29879,142429,202101,177500,59
29879,142429,202212,215000,59
29879,142429,202211,215000,59
29879,142429,202210,215000,59
29879,142429,202209,217500,59
29879,142429,202208,217500,59
29879,142429,202207,217500,59
29879,142429,202206,217500,59
29879,142429,202205,217500,59
29879,142429,202204,217500,59
29879,142429,202203,217500,59
29879,142429,202202,217500,59
29879,142429,202201,217500,59
29879,142429,202412,210000,59
29879,142429,202411,210000,59
29879,142429,202410,207500,59
29879,142429,202409,202500,59
29879,142429,202408,202500,59
29879,142429,202407,202500,59
29879,142429,202406,202500,59
29879,142429,202405,202500,59
29879,142429,202404,202500,59
29879,142429,202403,202500,59
29879,142429,202402,202500,59
29879,142429,202401,202500,59
29879,142429,202312,202500,59
29879,142429,202311,202500,59
29879,142429,202310,202500,59
29879,142429,202309,202500,59
29879,142429,202308,202500,59
29879,142429,202307,202500,59
29879,142429,202306,202500,59
29879,142429,202305,202500,59
29879,142429,202304,205000,59
29879,142429,202303,205000,59
29879,142429,202302,205000,59
29879,142429,202301,215000,59
29879,142429,202512,265000,59
29879,142429,202511,265000,59
29879,142429,202510,260000,59
29879,142429,202509,260000,59
29879,142429,202508,260000,59
29879,142429,202507,260000,59
29879,142429,202506,255000,59
29879,142429,202505,220000,59
29879,142429,202504,215000,59
29879,142429,202503,215000,59
29879,142429,202502,210000,59
29879,142429,202501,210000,59
29879,142429,202607,285000,59
29879,142429,202606,285000,59
29879,142429,202605,285000,59
29879,142429,202604,285000,59
29879,142429,202603,285000,59
29879,142429,202602,270000,59
29879,142429,202601,270000,59
29879,163593,201712,104000,59
29879,163593,201711,104000,59
29879,163593,201710,104000,59
29879,163593,201709,104000,59
29879,163593,201708,101500,59
29879,163593,201707,101500,59
29879,163593,201706,101500,59
29879,163593,201705,101500,59
29879,163593,201704,101500,59
29879,163593,201703,101500,59
29879,163593,201702,101500,59
29879,163593,201701,101500,59
29879,163593,201612,101500,59
29879,163593,201611,101500,59
29879,163593,201812,161000,59
29879,163593,201811,161000,59
29879,163593,201810,160000,59
29879,163593,201809,137500,59
29879,163593,201808,132500,59
29879,163593,201807,132500,59
29879,163593,201806,132500,59
29879,163593,201805,132500,59
29879,163593,201804,132500,59
29879,163593,201803,132500,59
29879,163593,201802,123500,59
29879,163593,201801,110500,59
29879,163593,201912,170000,59
29879,163593,201911,162500,59
29879,163593,201910,161000,59
29879,163593,201909,161000,59
29879,163593,201908,161000,59
29879,163593,201907,161000,59
29879,163593,201906,161000,59
29879,163593,201905,161000,59
29879,163593,201904,161000,59
29879,163593,201903,161000,59
29879,163593,201902,161000,59
29879,163593,201901,161000,59
29879,163593,202012,177500,59
29879,163593,202011,177500,59
29879,163593,202010,177500,59
29879,163593,202009,175000,59
29879,163593,202008,175000,59
29879,163593,202007,170000,59
29879,163593,202006,170000,59
29879,163593,202005,170000,59
29879,163593,202004,170000,59
29879,163593,202003,170000,59
29879,163593,202002,170000,59
29879,163593,202001,170000,59
29879,163593,202112,217500,59
29879,163593,202111,217500,59
29879,163593,202110,210000,59
29879,163593,202109,192500,59
29879,163593,202108,192500,59
29879,163593,202107,192500,59
29879,163593,202106,192500,59
29879,163593,202105,192500,59
29879,163593,202104,187500,59
29879,163593,202103,182500,59
29879,163593,202102,182500,59
29879,163593,202101,177500,59
29879,163593,202212,215000,59
29879,163593,202211,215000,59
29879,163593,202210,215000,59
29879,163593,202209,217500,59
29879,163593,202208,217500,59
29879,163593,202207,217500,59
29879,163593,202206,217500,59
29879,163593,202205,217500,59
29879,163593,202204,217500,59
29879,163593,202203,217500,59
29879,163593,202202,217500,59
29879,163593,202201,217500,59
29879,163593,202312,202500,59
29879,163593,202311,202500,59
29879,163593,202310,202500,59
29879,163593,202309,202500,59
29879,163593,202308,202500,59
29879,163593,202307,202500,59
29879,163593,202306,202500,59
29879,163593,202305,202500,59
29879,163593,202304,205000,59
29879,163593,202303,205000,59
29879,163593,202302,205000,59
29879,163593,202301,215000,59
29879,163593,202412,210000,59
29879,163593,202411,210000,59
29879,163593,202410,207500,59
29879,163593,202409,202500,59
29879,163593,202408,202500,59
29879,163593,202407,202500,59
29879,163593,202406,202500,59
29879,163593,202405,202500,59
29879,163593,202404,202500,59
29879,163593,202403,202500,59
29879,163593,202402,202500,59
29879,163593,202401,202500,59
29879,163593,202512,265000,59
29879,163593,202511,265000,59
29879,163593,202510,260000,59
29879,163593,202509,260000,59
29879,163593,202508,260000,59
29879,163593,202507,260000,59
29879,163593,202506,255000,59
29879,163593,202505,220000,59
29879,163593,202504,215000,59
29879,163593,202503,215000,59
29879,163593,202502,210000,59
29879,163593,202501,210000,59
29879,163593,202607,285000,59
29879,163593,202606,285000,59
29879,163593,202605,285000,59
29879,163593,202604,285000,59
29879,163593,202603,285000,59
29879,163593,202602,270000,59
29879,163593,202601,270000,59
1525,1434,200912,61500,59
1525,1434,200911,61500,59
1525,1434,200910,61500,59
1525,1434,200909,61500,59
1525,1434,200908,60500,59
1525,1434,200907,58000,59
1525,1434,200906,58000,59
1525,1434,200905,58000,59
1525,1434,200904,58000,59
1525,1434,200903,56000,59
1525,1434,200902,56000,59
1525,1434,200901,56000,59
1525,1434,201112,63500,59
1525,1434,201111,64000,59
1525,1434,201110,64000,59
1525,1434,201109,64000,59
1525,1434,201108,64000,59
1525,1434,201107,64500,59
1525,1434,201106,64500,59
1525,1434,201105,64500,59
1525,1434,201104,64500,59
1525,1434,201103,64250,59
1525,1434,201102,63750,59
1525,1434,201101,63500,59
1525,1434,200812,56000,59
1525,1434,200811,59500,59
1525,1434,200810,61500,59
1525,1434,200809,62500,59
1525,1434,200808,62500,59
1525,1434,200807,62500,59
1525,1434,200806,62500,59
1525,1434,200805,62500,59
1525,1434,200804,62500,59
1525,1434,200803,62500,59
1525,1434,200802,62500,59
1525,1434,200801,62500,59
1525,1434,201212,61500,59
1525,1434,201211,61500,59
1525,1434,201210,61500,59
1525,1434,201209,61500,59
1525,1434,201208,61500,59
1525,1434,201207,62000,59
1525,1434,201206,62000,59
1525,1434,201205,62000,59
1525,1434,201204,62500,59
1525,1434,201203,62500,59
1525,1434,201202,63000,59
1525,1434,201201,63500,59
1525,1434,201012,59400,59
1525,1434,201011,59000,59
1525,1434,201010,59000,59
1525,1434,201009,59000,59
1525,1434,201008,59000,59
1525,1434,201007,62000,59
1525,1434,201006,62000,59
1525,1434,201005,62000,59
1525,1434,201004,62000,59
1525,1434,201003,62000,59
1525,1434,201002,62000,59
1525,1434,201001,61500,59
1525,1434,201312,63500,59
1525,1434,201311,63250,59
1525,1434,201310,62250,59
1525,1434,201309,62000,59
1525,1434,201308,62000,59
1525,1434,201307,62000,59
1525,1434,201306,62000,59
1525,1434,201305,62000,59
1525,1434,201304,62000,59
1525,1434,201303,61500,59
1525,1434,201302,61500,59
1525,1434,201301,61500,59
1525,1434,201512,80000,59
1525,1434,201511,79000,59
1525,1434,201510,79000,59
1525,1434,201509,79000,59
1525,1434,201508,79000,59
1525,1434,201507,79000,59
1525,1434,201506,76750,59
1525,1434,201505,74500,59
1525,1434,201504,73000,59
1525,1434,201503,73000,59
1525,1434,201502,71500,59
1525,1434,201501,69500,59
1525,1434,201412,68000,59
1525,1434,201411,66500,59
1525,1434,201410,66500,59
1525,1434,201409,66500,59
1525,1434,201408,65500,59
1525,1434,201407,65500,59
1525,1434,201406,65000,59
1525,1434,201405,65000,59
1525,1434,201404,65000,59
1525,1434,201403,65000,59
1525,1434,201402,64500,59
1525,1434,201401,64000,59
1525,1434,201612,87500,59
1525,1434,201611,87500,59
1525,1434,201610,87500,59
1525,1434,201609,87000,59
1525,1434,201608,87000,59
1525,1434,201607,83500,59
1525,1434,201606,81500,59
1525,1434,201605,80500,59
1525,1434,201604,80000,59
1525,1434,201603,80000,59
1525,1434,201602,80000,59
1525,1434,201601,80000,59
1525,1434,201712,106000,59
1525,1434,201711,105000,59
1525,1434,201710,101000,59
1525,1434,201709,101000,59
1525,1434,201708,98000,59
1525,1434,201707,95000,59
1525,1434,201706,95000,59
1525,1434,201705,92500,59
1525,1434,201704,90500,59
1525,1434,201703,90000,59
1525,1434,201702,89500,59
1525,1434,201701,88500,59
1525,1434,201812,143500,59
1525,1434,201811,143500,59
1525,1434,201810,143500,59
1525,1434,201809,141000,59
1525,1434,201808,135000,59
1525,1434,201807,132500,59
1525,1434,201806,130000,59
1525,1434,201805,130000,59
1525,1434,201804,127500,59
1525,1434,201803,125000,59
1525,1434,201802,125000,59
1525,1434,201801,122500,59
1525,1434,201912,170000,59
1525,1434,201911,170000,59
1525,1434,201910,170000,59
1525,1434,201909,170000,59
1525,1434,201908,160000,59
1525,1434,201907,152500,59
1525,1434,201906,143500,59
1525,1434,201905,143500,59
1525,1434,201904,143500,59
1525,1434,201903,143500,59
1525,1434,201902,143500,59
1525,1434,201901,143500,59
1525,1434,202112,192500,59
1525,1434,202111,187500,59
1525,1434,202110,187500,59
1525,1434,202109,187500,59
1525,1434,202108,187500,59
1525,1434,202107,186500,59
1525,1434,202106,186500,59
1525,1434,202105,186500,59
1525,1434,202104,186500,59
1525,1434,202103,183500,59
1525,1434,202102,183500,59
1525,1434,202101,182500,59
1525,1434,202012,177500,59
1525,1434,202011,177500,59
1525,1434,202010,177500,59
1525,1434,202009,177500,59
1525,1434,202008,177500,59
1525,1434,202007,177500,59
1525,1434,202006,172500,59
1525,1434,202005,170000,59
1525,1434,202004,170000,59
1525,1434,202003,170000,59
1525,1434,202002,170000,59
1525,1434,202001,170000,59
1525,1434,202312,195000,59
1525,1434,202311,195000,59
1525,1434,202310,195000,59
1525,1434,202309,195000,59
1525,1434,202308,195000,59
1525,1434,202307,195000,59
1525,1434,202306,195000,59
1525,1434,202305,195000,59
1525,1434,202304,195000,59
1525,1434,202303,197500,59
1525,1434,202302,207500,59
1525,1434,202301,207500,59
1525,1434,202212,215000,59
1525,1434,202211,215000,59
1525,1434,202210,217500,59
1525,1434,202209,217500,59
1525,1434,202208,217500,59
1525,1434,202207,217500,59
1525,1434,202206,215000,59
1525,1434,202205,215000,59
1525,1434,202204,215000,59
1525,1434,202203,215000,59
1525,1434,202202,211500,59
1525,1434,202201,192500,59
1525,1434,202412,217500,59
1525,1434,202411,217500,59
1525,1434,202410,215000,59
1525,1434,202409,215000,59
1525,1434,202408,210000,59
1525,1434,202407,202500,59
1525,1434,202406,198500,59
1525,1434,202405,196000,59
1525,1434,202404,194000,59
1525,1434,202403,194000,59
1525,1434,202402,194000,59
1525,1434,202401,194000,59
1525,1434,202512,297500,59
1525,1434,202511,295000,59
1525,1434,202510,290000,59
1525,1434,202509,290000,59
1525,1434,202508,290000,59
1525,1434,202507,290000,59
1525,1434,202506,287500,59
1525,1434,202505,260000,59
1525,1434,202504,250000,59
1525,1434,202503,235000,59
1525,1434,202502,220000,59
1525,1434,202501,220000,59
1525,1434,202607,305000,59
1525,1434,202606,305000,59
1525,1434,202605,305000,59
1525,1434,202604,297500,59
1525,1434,202603,297500,59
1525,1434,202602,297500,59
1525,1434,202601,297500,59
1525,50759,200812,49500,59
1525,50759,200811,54000,59
1525,50759,200810,59000,59
1525,50759,200809,59000,59
1525,50759,200808,59000,59
1525,50759,200807,59000,59
1525,50759,200806,59000,59
1525,50759,200805,59000,59
1525,50759,200804,59000,59
1525,50759,200803,59000,59
1525,50759,200802,59000,59
1525,50759,200801,59000,59
1525,50759,200912,56500,59
1525,50759,200911,56500,59
1525,50759,200910,56500,59
1525,50759,200909,56500,59
1525,50759,200908,55500,59
1525,50759,200907,53500,59
1525,50759,200906,53500,59
1525,50759,200905,53500,59
1525,50759,200904,53500,59
1525,50759,200903,51000,59
1525,50759,200902,51000,59
1525,50759,200901,49500,59
1525,50759,201112,61500,59
1525,50759,201111,62000,59
1525,50759,201110,62000,59
1525,50759,201109,61500,59
1525,50759,201108,61500,59
1525,50759,201107,61750,59
1525,50759,201106,61750,59
1525,50759,201105,61750,59
1525,50759,201104,61750,59
1525,50759,201103,61750,59
1525,50759,201102,61500,59
1525,50759,201101,61000,59
1525,50759,201012,57400,59
1525,50759,201011,57000,59
1525,50759,201010,57000,59
1525,50759,201009,57000,59
1525,50759,201008,57000,59
1525,50759,201007,57000,59
1525,50759,201006,57000,59
1525,50759,201005,57000,59
1525,50759,201004,57000,59
1525,50759,201003,57000,59
1525,50759,201002,57000,59
1525,50759,201001,56500,59
1525,50759,201312,61500,59
1525,50759,201311,61250,59
1525,50759,201310,60250,59
1525,50759,201309,60000,59
1525,50759,201308,60000,59
1525,50759,201307,60000,59
1525,50759,201306,60000,59
1525,50759,201305,60000,59
1525,50759,201304,60000,59
1525,50759,201303,59500,59
1525,50759,201302,59500,59
1525,50759,201301,59500,59
1525,50759,201212,59500,59
1525,50759,201211,59500,59
1525,50759,201210,59500,59
1525,50759,201209,59500,59
1525,50759,201208,59500,59
1525,50759,201207,60000,59
1525,50759,201206,60000,59
1525,50759,201205,60000,59
1525,50759,201204,60500,59
1525,50759,201203,60500,59
1525,50759,201202,61000,59
1525,50759,201201,61500,59
1525,50759,201512,75500,59
1525,50759,201511,75500,59
1525,50759,201510,75500,59
1525,50759,201509,75500,59
1525,50759,201508,75500,59
1525,50759,201507,75500,59
1525,50759,201506,73000,59
1525,50759,201505,70000,59
1525,50759,201504,70000,59
1525,50759,201503,70000,59
1525,50759,201502,69500,59
1525,50759,201501,67500,59
1525,50759,201412,64500,59
1525,50759,201411,64000,59
1525,50759,201410,64000,59
1525,50759,201409,64000,59
1525,50759,201408,63000,59
1525,50759,201407,63000,59
1525,50759,201406,62500,59
1525,50759,201405,62500,59
1525,50759,201404,62500,59
1525,50759,201403,62500,59
1525,50759,201402,62000,59
1525,50759,201401,61500,59
1525,50759,201712,102500,59
1525,50759,201711,101500,59
1525,50759,201710,100000,59
1525,50759,201709,100000,59
1525,50759,201708,94000,59
1525,50759,201707,90000,59
1525,50759,201706,90000,59
1525,50759,201705,88500,59
1525,50759,201704,88000,59
1525,50759,201703,87500,59
1525,50759,201702,87500,59
1525,50759,201701,86500,59
1525,50759,201612,85500,59
1525,50759,201611,85000,59
1525,50759,201610,85000,59
1525,50759,201609,84500,59
1525,50759,201608,84500,59
1525,50759,201607,81000,59
1525,50759,201606,78000,59
1525,50759,201605,75500,59
1525,50759,201604,75500,59
1525,50759,201603,75500,59
1525,50759,201602,75500,59
1525,50759,201601,75500,59
1525,50759,201812,140000,59
1525,50759,201811,140000,59
1525,50759,201810,140000,59
1525,50759,201809,137500,59
1525,50759,201808,130000,59
1525,50759,201807,127500,59
1525,50759,201806,125000,59
1525,50759,201805,125000,59
1525,50759,201804,122500,59
1525,50759,201803,120000,59
1525,50759,201802,120000,59
1525,50759,201801,116500,59
1525,50759,201912,165000,59
1525,50759,201911,165000,59
1525,50759,201910,165000,59
1525,50759,201909,165000,59
1525,50759,201908,156500,59
1525,50759,201907,149000,59
1525,50759,201906,138500,59
1525,50759,201905,138500,59
1525,50759,201904,138500,59
1525,50759,201903,138500,59
1525,50759,201902,140000,59
1525,50759,201901,140000,59
1525,50759,202112,191000,59
1525,50759,202111,186000,59
1525,50759,202110,186000,59
1525,50759,202109,186000,59
1525,50759,202108,186000,59
1525,50759,202107,183500,59
1525,50759,202106,183500,59
1525,50759,202105,183500,59
1525,50759,202104,183500,59
1525,50759,202103,181000,59
1525,50759,202102,180000,59
1525,50759,202101,177500,59
1525,50759,202012,172500,59
1525,50759,202011,172500,59
1525,50759,202010,172500,59
1525,50759,202009,172500,59
1525,50759,202008,172500,59
1525,50759,202007,172500,59
1525,50759,202006,167500,59
1525,50759,202005,165000,59
1525,50759,202004,165000,59
1525,50759,202003,165000,59
1525,50759,202002,165000,59
1525,50759,202001,165000,59
1525,50759,202312,190000,59
1525,50759,202311,190000,59
1525,50759,202310,190000,59
1525,50759,202309,190000,59
1525,50759,202308,190000,59
1525,50759,202307,190000,59
1525,50759,202306,182500,59
1525,50759,202305,182500,59
1525,50759,202304,182500,59
1525,50759,202303,185000,59
1525,50759,202302,200000,59
1525,50759,202301,200000,59
1525,50759,202212,207500,59
1525,50759,202211,207500,59
1525,50759,202210,210000,59
1525,50759,202209,210000,59
1525,50759,202208,210000,59
1525,50759,202207,210000,59
1525,50759,202206,207500,59
1525,50759,202205,207500,59
1525,50759,202204,207500,59
1525,50759,202203,205000,59
1525,50759,202202,202500,59
1525,50759,202201,191000,59
1525,50759,202412,212500,59
1525,50759,202411,212500,59
1525,50759,202410,210000,59
1525,50759,202409,210000,59
1525,50759,202408,207500,59
1525,50759,202407,200000,59
1525,50759,202406,197500,59
1525,50759,202405,190000,59
1525,50759,202404,189000,59
1525,50759,202403,189000,59
1525,50759,202402,189000,59
1525,50759,202401,189000,59
1525,50759,202512,297500,59
1525,50759,202511,295000,59
1525,50759,202510,290000,59
1525,50759,202509,290000,59
1525,50759,202508,290000,59
1525,50759,202507,290000,59
1525,50759,202506,287500,59
1525,50759,202505,260000,59
1525,50759,202504,250000,59
1525,50759,202503,232500,59
1525,50759,202502,215000,59
1525,50759,202501,215000,59
1525,50759,202607,310000,59
1525,50759,202606,310000,59
1525,50759,202605,305000,59
1525,50759,202604,297500,59
1525,50759,202603,297500,59
1525,50759,202602,297500,59
1525,50759,202601,297500,59
15524,134447,200812,66500,59
15524,134447,200811,66500,59
15524,134447,200810,67500,59
15524,134447,200809,67500,59
15524,134447,200808,66500,59
15524,134447,200912,72000,59
15524,134447,200911,72000,59
15524,134447,200910,72000,59
15524,134447,200909,72000,59
15524,134447,200908,71000,59
15524,134447,200907,71000,59
15524,134447,200906,70000,59
15524,134447,200905,67500,59
15524,134447,200904,66500,59
15524,134447,200903,66500,59
15524,134447,200902,66500,59
15524,134447,200901,66500,59
15524,134447,201112,73000,59
15524,134447,201111,74000,59
15524,134447,201110,74000,59
15524,134447,201109,74000,59
15524,134447,201108,74500,59
15524,134447,201107,74500,59
15524,134447,201106,74500,59
15524,134447,201105,74500,59
15524,134447,201104,74500,59
15524,134447,201103,74500,59
15524,134447,201102,74500,59
15524,134447,201101,74500,59
15524,134447,201012,73000,59
15524,134447,201011,72500,59
15524,134447,201010,72500,59
15524,134447,201009,72500,59
15524,134447,201008,72500,59
15524,134447,201007,72500,59
15524,134447,201006,72000,59
15524,134447,201005,72000,59
15524,134447,201004,72000,59
15524,134447,201003,72000,59
15524,134447,201002,72000,59
15524,134447,201001,72000,59
15524,134447,201512,86000,59
15524,134447,201511,84500,59
15524,134447,201510,84500,59
15524,134447,201509,83000,59
15524,134447,201508,83000,59
15524,134447,201507,80500,59
15524,134447,201506,80500,59
15524,134447,201505,80000,59
15524,134447,201504,79000,59
15524,134447,201503,78500,59
15524,134447,201502,78000,59
15524,134447,201501,77500,59
15524,134447,201312,72500,59
15524,134447,201311,72000,59
15524,134447,201310,72000,59
15524,134447,201309,71500,59
15524,134447,201308,71000,59
15524,134447,201307,70500,59
15524,134447,201306,70000,59
15524,134447,201305,70000,59
15524,134447,201304,69000,59
15524,134447,201303,68500,59
15524,134447,201302,68500,59
15524,134447,201301,69500,59
15524,134447,201412,77500,59
15524,134447,201411,79000,59
15524,134447,201410,79000,59
15524,134447,201409,78000,59
15524,134447,201408,77000,59
15524,134447,201407,76500,59
15524,134447,201406,76000,59
15524,134447,201405,75500,59
15524,134447,201404,75500,59
15524,134447,201403,75500,59
15524,134447,201402,75000,59
15524,134447,201401,72500,59
15524,134447,201612,93000,59
15524,134447,201611,93000,59
15524,134447,201610,93000,59
15524,134447,201609,89250,59
15524,134447,201608,87500,59
15524,134447,201607,86000,59
15524,134447,201606,86000,59
15524,134447,201605,86000,59
15524,134447,201604,86000,59
15524,134447,201603,86000,59
15524,134447,201602,86000,59
15524,134447,201601,86000,59
15524,134447,201712,118500,59
15524,134447,201711,115000,59
15524,134447,201710,112500,59
15524,134447,201709,108500,59
15524,134447,201708,108500,59
15524,134447,201707,104000,59
15524,134447,201706,97000,59
15524,134447,201705,94500,59
15524,134447,201704,93500,59
15524,134447,201703,93500,59
15524,134447,201702,93500,59
15524,134447,201701,93500,59
15524,134447,201812,142000,59
15524,134447,201811,143500,59
15524,134447,201810,144000,59
15524,134447,201809,142500,59
15524,134447,201808,136500,59
15524,134447,201807,134000,59
15524,134447,201806,134500,59
15524,134447,201805,136500,59
15524,134447,201804,139000,59
15524,134447,201803,139000,59
15524,134447,201802,136000,59
15524,134447,201801,131500,59
15524,134447,202112,201500,59
15524,134447,202111,201500,59
15524,134447,202110,200000,59
15524,134447,202109,199000,59
15524,134447,202108,198000,59
15524,134447,202107,195500,59
15524,134447,202106,193500,59
15524,134447,202105,192500,59
15524,134447,202104,192000,59
15524,134447,202103,192500,59
15524,134447,202102,192500,59
15524,134447,202101,189500,59
15524,134447,201912,166500,59
15524,134447,201911,162500,59
15524,134447,201910,158500,59
15524,134447,201909,154000,59
15524,134447,201908,152000,59
15524,134447,201907,151500,59
15524,134447,201906,145500,59
15524,134447,201905,138500,59
15524,134447,201904,137000,59
15524,134447,201903,136500,59
15524,134447,201902,139000,59
15524,134447,201901,140000,59
15524,134447,201212,69500,59
15524,134447,201211,70000,59
15524,134447,201210,70500,59
15524,134447,201209,71000,59
15524,134447,201208,71000,59
15524,134447,201207,72500,59
15524,134447,201206,72500,59
15524,134447,201205,73000,59
15524,134447,201204,73000,59
15524,134447,201203,73000,59
15524,134447,201202,73000,59
15524,134447,201201,73000,59
15524,134447,202012,189000,59
15524,134447,202011,186000,59
15524,134447,202010,185000,59
15524,134447,202009,184000,59
15524,134447,202008,180000,59
15524,134447,202007,176000,59
15524,134447,202006,166500,59
15524,134447,202005,165000,59
15524,134447,202004,165500,59
15524,134447,202003,165500,59
15524,134447,202002,166500,59
15524,134447,202001,166500,59
15524,134447,202212,185500,59
15524,134447,202211,192500,59
15524,134447,202210,194500,59
15524,134447,202209,199000,59
15524,134447,202208,199500,59
15524,134447,202207,201500,59
15524,134447,202206,201500,59
15524,134447,202205,201500,59
15524,134447,202204,201500,59
15524,134447,202203,201500,59
15524,134447,202202,201500,59
15524,134447,202201,201500,59
15524,134447,202312,194000,59
15524,134447,202311,194000,59
15524,134447,202310,194000,59
15524,134447,202309,192500,59
15524,134447,202308,181000,59
15524,134447,202307,179500,59
15524,134447,202306,177500,59
15524,134447,202305,173000,59
15524,134447,202304,172500,59
15524,134447,202303,173500,59
15524,134447,202302,171500,59
15524,134447,202301,175000,59
15524,134447,202412,222500,59
15524,134447,202411,222500,59
15524,134447,202410,222500,59
15524,134447,202409,222500,59
15524,134447,202408,219000,59
15524,134447,202407,215000,59
15524,134447,202406,200000,59
15524,134447,202405,198000,59
15524,134447,202404,196500,59
15524,134447,202403,196500,59
15524,134447,202402,196500,59
15524,134447,202401,196500,59
15524,134447,202512,290000,59
15524,134447,202511,287500,59
15524,134447,202510,282500,59
15524,134447,202509,282500,59
15524,134447,202508,280000,59
15524,134447,202507,267500,59
15524,134447,202506,265000,59
15524,134447,202505,234000,59
15524,134447,202504,234000,59
15524,134447,202503,233500,59
15524,134447,202502,222500,59
15524,134447,202501,222500,59
15524,157294,200812,66500,59
15524,157294,200811,66500,59
15524,157294,200810,67500,59
15524,157294,200809,67500,59
15524,157294,200808,66500,59
15524,134447,202607,297500,59
15524,134447,202606,297500,59
15524,134447,202605,297500,59
15524,134447,202604,297500,59
15524,134447,202603,295000,59
15524,134447,202602,290000,59
15524,134447,202601,290000,59
15524,157294,200912,72000,59
15524,157294,200911,72000,59
15524,157294,200910,72000,59
15524,157294,200909,72000,59
15524,157294,200908,71000,59
15524,157294,200907,71000,59
15524,157294,200906,70000,59
15524,157294,200905,67500,59
15524,157294,200904,66500,59
15524,157294,200903,66500,59
15524,157294,200902,66500,59
15524,157294,200901,66500,59
15524,157294,201012,73000,59
15524,157294,201011,72500,59
15524,157294,201010,72500,59
15524,157294,201009,72500,59
15524,157294,201008,72500,59
15524,157294,201007,72500,59
15524,157294,201006,72000,59
15524,157294,201005,72000,59
15524,157294,201004,72000,59
15524,157294,201003,72000,59
15524,157294,201002,72000,59
15524,157294,201001,72000,59
15524,157294,201112,73000,59
15524,157294,201111,74000,59
15524,157294,201110,74000,59
15524,157294,201109,74000,59
15524,157294,201108,74500,59
15524,157294,201107,74500,59
15524,157294,201106,74500,59
15524,157294,201105,74500,59
15524,157294,201104,74500,59
15524,157294,201103,74500,59
15524,157294,201102,74500,59
15524,157294,201101,74500,59
15524,157294,201212,69500,59
15524,157294,201211,70000,59
15524,157294,201210,70500,59
15524,157294,201209,71000,59
15524,157294,201208,71000,59
15524,157294,201207,72500,59
15524,157294,201206,72500,59
15524,157294,201205,73000,59
15524,157294,201204,73000,59
15524,157294,201203,73000,59
15524,157294,201202,73000,59
15524,157294,201201,73000,59
15524,157294,201412,77500,59
15524,157294,201411,79000,59
15524,157294,201410,79000,59
15524,157294,201409,78000,59
15524,157294,201408,77000,59
15524,157294,201407,76500,59
15524,157294,201406,76000,59
15524,157294,201405,75500,59
15524,157294,201404,75500,59
15524,157294,201403,75500,59
15524,157294,201402,75000,59
15524,157294,201401,72500,59
15524,157294,201312,72500,59
15524,157294,201311,72000,59
15524,157294,201310,72000,59
15524,157294,201309,71500,59
15524,157294,201308,71000,59
15524,157294,201307,70500,59
15524,157294,201306,70000,59
15524,157294,201305,70000,59
15524,157294,201304,69000,59
15524,157294,201303,68500,59
15524,157294,201302,68500,59
15524,157294,201301,69500,59
15524,157294,201612,93000,59
15524,157294,201611,93000,59
15524,157294,201610,93000,59
15524,157294,201609,89250,59
15524,157294,201608,87500,59
15524,157294,201607,86000,59
15524,157294,201606,86000,59
15524,157294,201605,86000,59
15524,157294,201604,86000,59
15524,157294,201603,86000,59
15524,157294,201602,86000,59
15524,157294,201601,86000,59
15524,157294,201512,86000,59
15524,157294,201511,84500,59
15524,157294,201510,84500,59
15524,157294,201509,83000,59
15524,157294,201508,83000,59
15524,157294,201507,80500,59
15524,157294,201506,80500,59
15524,157294,201505,80000,59
15524,157294,201504,79000,59
15524,157294,201503,78500,59
15524,157294,201502,78000,59
15524,157294,201501,77500,59
15524,157294,201712,118500,59
15524,157294,201711,115000,59
15524,157294,201710,112500,59
15524,157294,201709,108500,59
15524,157294,201708,108500,59
15524,157294,201707,104000,59
15524,157294,201706,97000,59
15524,157294,201705,94500,59
15524,157294,201704,93500,59
15524,157294,201703,93500,59
15524,157294,201702,93500,59
15524,157294,201701,93500,59
15524,157294,201812,142000,59
15524,157294,201811,143500,59
15524,157294,201810,144000,59
15524,157294,201809,142500,59
15524,157294,201808,136500,59
15524,157294,201807,134000,59
15524,157294,201806,134500,59
15524,157294,201805,136500,59
15524,157294,201804,139000,59
15524,157294,201803,139000,59
15524,157294,201802,136000,59
15524,157294,201801,131500,59
15524,157294,201912,166500,59
15524,157294,201911,162500,59
15524,157294,201910,158500,59
15524,157294,201909,154000,59
15524,157294,201908,152000,59
15524,157294,201907,151500,59
15524,157294,201906,145500,59
15524,157294,201905,138500,59
15524,157294,201904,137000,59
15524,157294,201903,136500,59
15524,157294,201902,139000,59
15524,157294,201901,140000,59
15524,157294,202012,189000,59
15524,157294,202011,186000,59
15524,157294,202010,185000,59
15524,157294,202009,184000,59
15524,157294,202008,180000,59
15524,157294,202007,176000,59
15524,157294,202006,166500,59
15524,157294,202005,165000,59
15524,157294,202004,165500,59
15524,157294,202003,165500,59
15524,157294,202002,166500,59
15524,157294,202001,166500,59
15524,157294,202112,201500,59
15524,157294,202111,201500,59
15524,157294,202110,200000,59
15524,157294,202109,199000,59
15524,157294,202108,198000,59
15524,157294,202107,195500,59
15524,157294,202106,193500,59
15524,157294,202105,192500,59
15524,157294,202104,192000,59
15524,157294,202103,192500,59
15524,157294,202102,192500,59
15524,157294,202101,189500,59
15524,157294,202212,185500,59
15524,157294,202211,192500,59
15524,157294,202210,194500,59
15524,157294,202209,199000,59
15524,157294,202208,199500,59
15524,157294,202207,201500,59
15524,157294,202206,201500,59
15524,157294,202205,201500,59
15524,157294,202204,201500,59
15524,157294,202203,201500,59
15524,157294,202202,201500,59
15524,157294,202201,201500,59
15524,157294,202312,194000,59
15524,157294,202311,194000,59
15524,157294,202310,194000,59
15524,157294,202309,192500,59
15524,157294,202308,181000,59
15524,157294,202307,179500,59
15524,157294,202306,177500,59
15524,157294,202305,173000,59
15524,157294,202304,172500,59
15524,157294,202303,173500,59
15524,157294,202302,171500,59
15524,157294,202301,175000,59
15524,157294,202412,222500,59
15524,157294,202411,222500,59
15524,157294,202410,222500,59
15524,157294,202409,222500,59
15524,157294,202408,219000,59
15524,157294,202407,215000,59
15524,157294,202406,200000,59
15524,157294,202405,198000,59
15524,157294,202404,196500,59
15524,157294,202403,196500,59
15524,157294,202402,196500,59
15524,157294,202401,196500,59
15524,157294,202512,290000,59
15524,157294,202511,287500,59
15524,157294,202510,282500,59
15524,157294,202509,282500,59
15524,157294,202508,280000,59
15524,157294,202507,267500,59
15524,157294,202506,265000,59
15524,157294,202505,234000,59
15524,157294,202504,234000,59
15524,157294,202503,233500,59
15524,157294,202502,222500,59
15524,157294,202501,222500,59
15524,157294,202607,297500,59
15524,157294,202606,297500,59
15524,157294,202605,297500,59
15524,157294,202604,297500,59
15524,157294,202603,295000,59
15524,157294,202602,290000,59
15524,157294,202601,290000,59
15524,173907,200812,66500,59
15524,173907,200811,66500,59
15524,173907,200810,67500,59
15524,173907,200809,67500,59
15524,173907,200808,66500,59
15524,173907,200912,72000,59
15524,173907,200911,72000,59
15524,173907,200910,72000,59
15524,173907,200909,72000,59
15524,173907,200908,71000,59
15524,173907,200907,71000,59
15524,173907,200906,70000,59
15524,173907,200905,67500,59
15524,173907,200904,66500,59
15524,173907,200903,66500,59
15524,173907,200902,66500,59
15524,173907,200901,66500,59
15524,173907,201012,73000,59
15524,173907,201011,72500,59
15524,173907,201010,72500,59
15524,173907,201009,72500,59
15524,173907,201008,72500,59
15524,173907,201007,72500,59
15524,173907,201006,72000,59
15524,173907,201005,72000,59
15524,173907,201004,72000,59
15524,173907,201003,72000,59
15524,173907,201002,72000,59
15524,173907,201001,72000,59
15524,173907,201112,73000,59
15524,173907,201111,74000,59
15524,173907,201110,74000,59
15524,173907,201109,74000,59
15524,173907,201108,74500,59
15524,173907,201107,74500,59
15524,173907,201106,74500,59
15524,173907,201105,74500,59
15524,173907,201104,74500,59
15524,173907,201103,74500,59
15524,173907,201102,74500,59
15524,173907,201101,74500,59
15524,173907,201212,69500,59
15524,173907,201211,70000,59
15524,173907,201210,70500,59
15524,173907,201209,71000,59
15524,173907,201208,71000,59
15524,173907,201207,72500,59
15524,173907,201206,72500,59
15524,173907,201205,73000,59
15524,173907,201204,73000,59
15524,173907,201203,73000,59
15524,173907,201202,73000,59
15524,173907,201201,73000,59
15524,173907,201312,72500,59
15524,173907,201311,72000,59
15524,173907,201310,72000,59
15524,173907,201309,71500,59
15524,173907,201308,71000,59
15524,173907,201307,70500,59
15524,173907,201306,70000,59
15524,173907,201305,70000,59
15524,173907,201304,69000,59
15524,173907,201303,68500,59
15524,173907,201302,68500,59
15524,173907,201301,69500,59
15524,173907,201412,77500,59
15524,173907,201411,79000,59
15524,173907,201410,79000,59
15524,173907,201409,78000,59
15524,173907,201408,77000,59
15524,173907,201407,76500,59
15524,173907,201406,76000,59
15524,173907,201405,75500,59
15524,173907,201404,75500,59
15524,173907,201403,75500,59
15524,173907,201402,75000,59
15524,173907,201401,72500,59
15524,173907,201512,86000,59
15524,173907,201511,84500,59
15524,173907,201510,84500,59
15524,173907,201509,83000,59
15524,173907,201508,83000,59
15524,173907,201507,80500,59
15524,173907,201506,80500,59
15524,173907,201505,80000,59
15524,173907,201504,79000,59
15524,173907,201503,78500,59
15524,173907,201502,78000,59
15524,173907,201501,77500,59
15524,173907,201612,93000,59
15524,173907,201611,93000,59
15524,173907,201610,93000,59
15524,173907,201609,89250,59
15524,173907,201608,87500,59
15524,173907,201607,86000,59
15524,173907,201606,86000,59
15524,173907,201605,86000,59
15524,173907,201604,86000,59
15524,173907,201603,86000,59
15524,173907,201602,86000,59
15524,173907,201601,86000,59
15524,173907,201712,118500,59
15524,173907,201711,115000,59
15524,173907,201710,112500,59
15524,173907,201709,108500,59
15524,173907,201708,108500,59
15524,173907,201707,104000,59
15524,173907,201706,97000,59
15524,173907,201705,94500,59
15524,173907,201704,93500,59
15524,173907,201703,93500,59
15524,173907,201702,93500,59
15524,173907,201701,93500,59
15524,173907,201912,166500,59
15524,173907,201911,162500,59
15524,173907,201910,158500,59
15524,173907,201909,154000,59
15524,173907,201908,152000,59
15524,173907,201907,151500,59
15524,173907,201906,145500,59
15524,173907,201905,138500,59
15524,173907,201904,137000,59
15524,173907,201903,136500,59
15524,173907,201902,139000,59
15524,173907,201901,140000,59
15524,173907,201812,142000,59
15524,173907,201811,143500,59
15524,173907,201810,144000,59
15524,173907,201809,142500,59
15524,173907,201808,136500,59
15524,173907,201807,134000,59
15524,173907,201806,134500,59
15524,173907,201805,136500,59
15524,173907,201804,139000,59
15524,173907,201803,139000,59
15524,173907,201802,136000,59
15524,173907,201801,131500,59
15524,173907,202112,201500,59
15524,173907,202111,201500,59
15524,173907,202110,200000,59
15524,173907,202109,199000,59
15524,173907,202108,198000,59
15524,173907,202107,195500,59
15524,173907,202106,193500,59
15524,173907,202105,192500,59
15524,173907,202104,192000,59
15524,173907,202103,192500,59
15524,173907,202102,192500,59
15524,173907,202101,189500,59
15524,173907,202012,189000,59
15524,173907,202011,186000,59
15524,173907,202010,185000,59
15524,173907,202009,184000,59
15524,173907,202008,180000,59
15524,173907,202007,176000,59
15524,173907,202006,166500,59
15524,173907,202005,165000,59
15524,173907,202004,165500,59
15524,173907,202003,165500,59
15524,173907,202002,166500,59
15524,173907,202001,166500,59
15524,173907,202212,185500,59
15524,173907,202211,192500,59
15524,173907,202210,194500,59
15524,173907,202209,199000,59
15524,173907,202208,199500,59
15524,173907,202207,201500,59
15524,173907,202206,201500,59
15524,173907,202205,201500,59
15524,173907,202204,201500,59
15524,173907,202203,201500,59
15524,173907,202202,201500,59
15524,173907,202201,201500,59
15524,173907,202312,194000,59
15524,173907,202311,194000,59
15524,173907,202310,194000,59
15524,173907,202309,192500,59
15524,173907,202308,181000,59
15524,173907,202307,179500,59
15524,173907,202306,177500,59
15524,173907,202305,173000,59
15524,173907,202304,172500,59
15524,173907,202303,173500,59
15524,173907,202302,171500,59
15524,173907,202301,175000,59
15524,173907,202412,222500,59
15524,173907,202411,222500,59
15524,173907,202410,222500,59
15524,173907,202409,222500,59
15524,173907,202408,219000,59
15524,173907,202407,215000,59
15524,173907,202406,200000,59
15524,173907,202405,198000,59
15524,173907,202404,196500,59
15524,173907,202403,196500,59
15524,173907,202402,196500,59
15524,173907,202401,196500,59
15524,173907,202512,290000,59
15524,173907,202511,287500,59
15524,173907,202510,282500,59
15524,173907,202509,282500,59
15524,173907,202508,280000,59
15524,173907,202507,267500,59
15524,173907,202506,265000,59
15524,173907,202505,234000,59
15524,173907,202504,234000,59
15524,173907,202503,233500,59
15524,173907,202502,222500,59
15524,173907,202501,222500,59
15524,173907,202607,297500,59
15524,173907,202606,297500,59
15524,173907,202605,297500,59
15524,173907,202604,297500,59
15524,173907,202603,295000,59
15524,173907,202602,290000,59
15524,173907,202601,290000,59
15524,186105,200812,66500,59
15524,186105,200811,66500,59
15524,186105,200810,67500,59
15524,186105,200809,67500,59
15524,186105,200808,66500,59
15524,186105,200912,72000,59
15524,186105,200911,72000,59
15524,186105,200910,72000,59
15524,186105,200909,72000,59
15524,186105,200908,71000,59
15524,186105,200907,71000,59
15524,186105,200906,70000,59
15524,186105,200905,67500,59
15524,186105,200904,66500,59
15524,186105,200903,66500,59
15524,186105,200902,66500,59
15524,186105,200901,66500,59
15524,186105,201012,73000,59
15524,186105,201011,72500,59
15524,186105,201010,72500,59
15524,186105,201009,72500,59
15524,186105,201008,72500,59
15524,186105,201007,72500,59
15524,186105,201006,72000,59
15524,186105,201005,72000,59
15524,186105,201004,72000,59
15524,186105,201003,72000,59
15524,186105,201002,72000,59
15524,186105,201001,72000,59
15524,186105,201112,73000,59
15524,186105,201111,74000,59
15524,186105,201110,74000,59
15524,186105,201109,74000,59
15524,186105,201108,74500,59
15524,186105,201107,74500,59
15524,186105,201106,74500,59
15524,186105,201105,74500,59
15524,186105,201104,74500,59
15524,186105,201103,74500,59
15524,186105,201102,74500,59
15524,186105,201101,74500,59
15524,186105,201412,77500,59
15524,186105,201411,79000,59
15524,186105,201410,79000,59
15524,186105,201409,78000,59
15524,186105,201408,77000,59
15524,186105,201407,76500,59
15524,186105,201406,76000,59
15524,186105,201405,75500,59
15524,186105,201404,75500,59
15524,186105,201403,75500,59
15524,186105,201402,75000,59
15524,186105,201401,72500,59
15524,186105,201212,69500,59
15524,186105,201211,70000,59
15524,186105,201210,70500,59
15524,186105,201209,71000,59
15524,186105,201208,71000,59
15524,186105,201207,72500,59
15524,186105,201206,72500,59
15524,186105,201205,73000,59
15524,186105,201204,73000,59
15524,186105,201203,73000,59
15524,186105,201202,73000,59
15524,186105,201201,73000,59
15524,186105,201312,72500,59
15524,186105,201311,72000,59
15524,186105,201310,72000,59
15524,186105,201309,71500,59
15524,186105,201308,71000,59
15524,186105,201307,70500,59
15524,186105,201306,70000,59
15524,186105,201305,70000,59
15524,186105,201304,69000,59
15524,186105,201303,68500,59
15524,186105,201302,68500,59
15524,186105,201301,69500,59
15524,186105,201512,86000,59
15524,186105,201511,84500,59
15524,186105,201510,84500,59
15524,186105,201509,83000,59
15524,186105,201508,83000,59
15524,186105,201507,80500,59
15524,186105,201506,80500,59
15524,186105,201505,80000,59
15524,186105,201504,79000,59
15524,186105,201503,78500,59
15524,186105,201502,78000,59
15524,186105,201501,77500,59
15524,186105,201712,118500,59
15524,186105,201711,115000,59
15524,186105,201710,112500,59
15524,186105,201709,108500,59
15524,186105,201708,108500,59
15524,186105,201707,104000,59
15524,186105,201706,97000,59
15524,186105,201705,94500,59
15524,186105,201704,93500,59
15524,186105,201703,93500,59
15524,186105,201702,93500,59
15524,186105,201701,93500,59
15524,186105,201612,93000,59
15524,186105,201611,93000,59
15524,186105,201610,93000,59
15524,186105,201609,89250,59
15524,186105,201608,87500,59
15524,186105,201607,86000,59
15524,186105,201606,86000,59
15524,186105,201605,86000,59
15524,186105,201604,86000,59
15524,186105,201603,86000,59
15524,186105,201602,86000,59
15524,186105,201601,86000,59
15524,186105,201812,142000,59
15524,186105,201811,143500,59
15524,186105,201810,144000,59
15524,186105,201809,142500,59
15524,186105,201808,136500,59
15524,186105,201807,134000,59
15524,186105,201806,134500,59
15524,186105,201805,136500,59
15524,186105,201804,139000,59
15524,186105,201803,139000,59
15524,186105,201802,136000,59
15524,186105,201801,131500,59
15524,186105,202012,189000,59
15524,186105,202011,186000,59
15524,186105,202010,185000,59
15524,186105,202009,184000,59
15524,186105,202008,180000,59
15524,186105,202007,176000,59
15524,186105,202006,166500,59
15524,186105,202005,165000,59
15524,186105,202004,165500,59
15524,186105,202003,165500,59
15524,186105,202002,166500,59
15524,186105,202001,166500,59
15524,186105,202112,201500,59
15524,186105,202111,201500,59
15524,186105,202110,200000,59
15524,186105,202109,199000,59
15524,186105,202108,198000,59
15524,186105,202107,195500,59
15524,186105,202106,193500,59
15524,186105,202105,192500,59
15524,186105,202104,192000,59
15524,186105,202103,192500,59
15524,186105,202102,192500,59
15524,186105,202101,189500,59
15524,186105,202212,185500,59
15524,186105,202211,192500,59
15524,186105,202210,194500,59
15524,186105,202209,199000,59
15524,186105,202208,199500,59
15524,186105,202207,201500,59
15524,186105,202206,201500,59
15524,186105,202205,201500,59
15524,186105,202204,201500,59
15524,186105,202203,201500,59
15524,186105,202202,201500,59
15524,186105,202201,201500,59
15524,186105,201912,166500,59
15524,186105,201911,162500,59
15524,186105,201910,158500,59
15524,186105,201909,154000,59
15524,186105,201908,152000,59
15524,186105,201907,151500,59
15524,186105,201906,145500,59
15524,186105,201905,138500,59
15524,186105,201904,137000,59
15524,186105,201903,136500,59
15524,186105,201902,139000,59
15524,186105,201901,140000,59
15524,186105,202312,194000,59
15524,186105,202311,194000,59
15524,186105,202310,194000,59
15524,186105,202309,192500,59
15524,186105,202308,181000,59
15524,186105,202307,179500,59
15524,186105,202306,177500,59
15524,186105,202305,173000,59
15524,186105,202304,172500,59
15524,186105,202303,173500,59
15524,186105,202302,171500,59
15524,186105,202301,175000,59
15524,186105,202512,290000,59
15524,186105,202511,287500,59
15524,186105,202510,282500,59
15524,186105,202509,282500,59
15524,186105,202508,280000,59
15524,186105,202507,267500,59
15524,186105,202506,265000,59
15524,186105,202505,234000,59
15524,186105,202504,234000,59
15524,186105,202503,233500,59
15524,186105,202502,222500,59
15524,186105,202501,222500,59
15524,186105,202412,222500,59
15524,186105,202411,222500,59
15524,186105,202410,222500,59
15524,186105,202409,222500,59
15524,186105,202408,219000,59
15524,186105,202407,215000,59
15524,186105,202406,200000,59
15524,186105,202405,198000,59
15524,186105,202404,196500,59
15524,186105,202403,196500,59
15524,186105,202402,196500,59
15524,186105,202401,196500,59
15524,186105,202607,297500,59
15524,186105,202606,297500,59
15524,186105,202605,297500,59
15524,186105,202604,297500,59
15524,186105,202603,295000,59
15524,186105,202602,290000,59
15524,186105,202601,290000,59
15524,194991,200812,66500,59
15524,194991,200811,66500,59
15524,194991,200810,67500,59
15524,194991,200809,67500,59
15524,194991,200808,66500,59
15524,194991,200912,72000,59
15524,194991,200911,72000,59
15524,194991,200910,72000,59
15524,194991,200909,72000,59
15524,194991,200908,71000,59
15524,194991,200907,71000,59
15524,194991,200906,70000,59
15524,194991,200905,67500,59
15524,194991,200904,66500,59
15524,194991,200903,66500,59
15524,194991,200902,66500,59
15524,194991,200901,66500,59
15524,194991,201012,73000,59
15524,194991,201011,72500,59
15524,194991,201010,72500,59
15524,194991,201009,72500,59
15524,194991,201008,72500,59
15524,194991,201007,72500,59
15524,194991,201006,72000,59
15524,194991,201005,72000,59
15524,194991,201004,72000,59
15524,194991,201003,72000,59
15524,194991,201002,72000,59
15524,194991,201001,72000,59
15524,194991,201112,73000,59
15524,194991,201111,74000,59
15524,194991,201110,74000,59
15524,194991,201109,74000,59
15524,194991,201108,74500,59
15524,194991,201107,74500,59
15524,194991,201106,74500,59
15524,194991,201105,74500,59
15524,194991,201104,74500,59
15524,194991,201103,74500,59
15524,194991,201102,74500,59
15524,194991,201101,74500,59
15524,194991,201312,72500,59
15524,194991,201311,72000,59
15524,194991,201310,72000,59
15524,194991,201309,71500,59
15524,194991,201308,71000,59
15524,194991,201307,70500,59
15524,194991,201306,70000,59
15524,194991,201305,70000,59
15524,194991,201304,69000,59
15524,194991,201303,68500,59
15524,194991,201302,68500,59
15524,194991,201301,69500,59
15524,194991,201212,69500,59
15524,194991,201211,70000,59
15524,194991,201210,70500,59
15524,194991,201209,71000,59
15524,194991,201208,71000,59
15524,194991,201207,72500,59
15524,194991,201206,72500,59
15524,194991,201205,73000,59
15524,194991,201204,73000,59
15524,194991,201203,73000,59
15524,194991,201202,73000,59
15524,194991,201201,73000,59
15524,194991,201412,77500,59
15524,194991,201411,79000,59
15524,194991,201410,79000,59
15524,194991,201409,78000,59
15524,194991,201408,77000,59
15524,194991,201407,76500,59
15524,194991,201406,76000,59
15524,194991,201405,75500,59
15524,194991,201404,75500,59
15524,194991,201403,75500,59
15524,194991,201402,75000,59
15524,194991,201401,72500,59
15524,194991,201512,86000,59
15524,194991,201511,84500,59
15524,194991,201510,84500,59
15524,194991,201509,83000,59
15524,194991,201508,83000,59
15524,194991,201507,80500,59
15524,194991,201506,80500,59
15524,194991,201505,80000,59
15524,194991,201504,79000,59
15524,194991,201503,78500,59
15524,194991,201502,78000,59
15524,194991,201501,77500,59
15524,194991,201612,93000,59
15524,194991,201611,93000,59
15524,194991,201610,93000,59
15524,194991,201609,89250,59
15524,194991,201608,87500,59
15524,194991,201607,86000,59
15524,194991,201606,86000,59
15524,194991,201605,86000,59
15524,194991,201604,86000,59
15524,194991,201603,86000,59
15524,194991,201602,86000,59
15524,194991,201601,86000,59
15524,194991,201812,142000,59
15524,194991,201811,143500,59
15524,194991,201810,144000,59
15524,194991,201809,142500,59
15524,194991,201808,136500,59
15524,194991,201807,134000,59
15524,194991,201806,134500,59
15524,194991,201805,136500,59
15524,194991,201804,139000,59
15524,194991,201803,139000,59
15524,194991,201802,136000,59
15524,194991,201801,131500,59
15524,194991,201712,118500,59
15524,194991,201711,115000,59
15524,194991,201710,112500,59
15524,194991,201709,108500,59
15524,194991,201708,108500,59
15524,194991,201707,104000,59
15524,194991,201706,97000,59
15524,194991,201705,94500,59
15524,194991,201704,93500,59
15524,194991,201703,93500,59
15524,194991,201702,93500,59
15524,194991,201701,93500,59
15524,194991,201912,166500,59
15524,194991,201911,162500,59
15524,194991,201910,158500,59
15524,194991,201909,154000,59
15524,194991,201908,152000,59
15524,194991,201907,151500,59
15524,194991,201906,145500,59
15524,194991,201905,138500,59
15524,194991,201904,137000,59
15524,194991,201903,136500,59
15524,194991,201902,139000,59
15524,194991,201901,140000,59
15524,194991,202012,189000,59
15524,194991,202011,186000,59
15524,194991,202010,185000,59
15524,194991,202009,184000,59
15524,194991,202008,180000,59
15524,194991,202007,176000,59
15524,194991,202006,166500,59
15524,194991,202005,165000,59
15524,194991,202004,165500,59
15524,194991,202003,165500,59
15524,194991,202002,166500,59
15524,194991,202001,166500,59
15524,194991,202112,201500,59
15524,194991,202111,201500,59
15524,194991,202110,200000,59
15524,194991,202109,199000,59
15524,194991,202108,198000,59
15524,194991,202107,195500,59
15524,194991,202106,193500,59
15524,194991,202105,192500,59
15524,194991,202104,192000,59
15524,194991,202103,192500,59
15524,194991,202102,192500,59
15524,194991,202101,189500,59
15524,194991,202212,185500,59
15524,194991,202211,192500,59
15524,194991,202210,194500,59
15524,194991,202209,199000,59
15524,194991,202208,199500,59
15524,194991,202207,201500,59
15524,194991,202206,201500,59
15524,194991,202205,201500,59
15524,194991,202204,201500,59
15524,194991,202203,201500,59
15524,194991,202202,201500,59
15524,194991,202201,201500,59
15524,194991,202312,194000,59
15524,194991,202311,194000,59
15524,194991,202310,194000,59
15524,194991,202309,192500,59
15524,194991,202308,181000,59
15524,194991,202307,179500,59
15524,194991,202306,177500,59
15524,194991,202305,173000,59
15524,194991,202304,172500,59
15524,194991,202303,173500,59
15524,194991,202302,171500,59
15524,194991,202301,175000,59
15524,194991,202412,222500,59
15524,194991,202411,222500,59
15524,194991,202410,222500,59
15524,194991,202409,222500,59
15524,194991,202408,219000,59
15524,194991,202407,215000,59
15524,194991,202406,200000,59
15524,194991,202405,198000,59
15524,194991,202404,196500,59
15524,194991,202403,196500,59
15524,194991,202402,196500,59
15524,194991,202401,196500,59
15524,194991,202512,290000,59
15524,194991,202511,287500,59
15524,194991,202510,282500,59
15524,194991,202509,282500,59
15524,194991,202508,280000,59
15524,194991,202507,267500,59
15524,194991,202506,265000,59
15524,194991,202505,234000,59
15524,194991,202504,234000,59
15524,194991,202503,233500,59
15524,194991,202502,222500,59
15524,194991,202501,222500,59
15524,194991,202607,297500,59
15524,194991,202606,297500,59
15524,194991,202605,297500,59
15524,194991,202604,297500,59
15524,194991,202603,295000,59
15524,194991,202602,290000,59
15524,194991,202601,290000,59
15524,201699,200812,66500,59
15524,201699,200811,66500,59
15524,201699,200810,67500,59
15524,201699,200809,67500,59
15524,201699,200808,66500,59
15524,201699,200912,72000,59
15524,201699,200911,72000,59
15524,201699,200910,72000,59
15524,201699,200909,72000,59
15524,201699,200908,71000,59
15524,201699,200907,71000,59
15524,201699,200906,70000,59
15524,201699,200905,67500,59
15524,201699,200904,66500,59
15524,201699,200903,66500,59
15524,201699,200902,66500,59
15524,201699,200901,66500,59
15524,201699,201012,73000,59
15524,201699,201011,72500,59
15524,201699,201010,72500,59
15524,201699,201009,72500,59
15524,201699,201008,72500,59
15524,201699,201007,72500,59
15524,201699,201006,72000,59
15524,201699,201005,72000,59
15524,201699,201004,72000,59
15524,201699,201003,72000,59
15524,201699,201002,72000,59
15524,201699,201001,72000,59
15524,201699,201112,73000,59
15524,201699,201111,74000,59
15524,201699,201110,74000,59
15524,201699,201109,74000,59
15524,201699,201108,74500,59
15524,201699,201107,74500,59
15524,201699,201106,74500,59
15524,201699,201105,74500,59
15524,201699,201104,74500,59
15524,201699,201103,74500,59
15524,201699,201102,74500,59
15524,201699,201101,74500,59
15524,201699,201212,69500,59
15524,201699,201211,70000,59
15524,201699,201210,70500,59
15524,201699,201209,71000,59
15524,201699,201208,71000,59
15524,201699,201207,72500,59
15524,201699,201206,72500,59
15524,201699,201205,73000,59
15524,201699,201204,73000,59
15524,201699,201203,73000,59
15524,201699,201202,73000,59
15524,201699,201201,73000,59
15524,201699,201312,72500,59
15524,201699,201311,72000,59
15524,201699,201310,72000,59
15524,201699,201309,71500,59
15524,201699,201308,71000,59
15524,201699,201307,70500,59
15524,201699,201306,70000,59
15524,201699,201305,70000,59
15524,201699,201304,69000,59
15524,201699,201303,68500,59
15524,201699,201302,68500,59
15524,201699,201301,69500,59
15524,201699,201612,93000,59
15524,201699,201611,93000,59
15524,201699,201610,93000,59
15524,201699,201609,89250,59
15524,201699,201608,87500,59
15524,201699,201607,86000,59
15524,201699,201606,86000,59
15524,201699,201605,86000,59
15524,201699,201604,86000,59
15524,201699,201603,86000,59
15524,201699,201602,86000,59
15524,201699,201601,86000,59
15524,201699,201412,77500,59
15524,201699,201411,79000,59
15524,201699,201410,79000,59
15524,201699,201409,78000,59
15524,201699,201408,77000,59
15524,201699,201407,76500,59
15524,201699,201406,76000,59
15524,201699,201405,75500,59
15524,201699,201404,75500,59
15524,201699,201403,75500,59
15524,201699,201402,75000,59
15524,201699,201401,72500,59
15524,201699,201512,86000,59
15524,201699,201511,84500,59
15524,201699,201510,84500,59
15524,201699,201509,83000,59
15524,201699,201508,83000,59
15524,201699,201507,80500,59
15524,201699,201506,80500,59
15524,201699,201505,80000,59
15524,201699,201504,79000,59
15524,201699,201503,78500,59
15524,201699,201502,78000,59
15524,201699,201501,77500,59
15524,201699,201712,118500,59
15524,201699,201711,115000,59
15524,201699,201710,112500,59
15524,201699,201709,108500,59
15524,201699,201708,108500,59
15524,201699,201707,104000,59
15524,201699,201706,97000,59
15524,201699,201705,94500,59
15524,201699,201704,93500,59
15524,201699,201703,93500,59
15524,201699,201702,93500,59
15524,201699,201701,93500,59
15524,201699,201812,142000,59
15524,201699,201811,143500,59
15524,201699,201810,144000,59
15524,201699,201809,142500,59
15524,201699,201808,136500,59
15524,201699,201807,134000,59
15524,201699,201806,134500,59
15524,201699,201805,136500,59
15524,201699,201804,139000,59
15524,201699,201803,139000,59
15524,201699,201802,136000,59
15524,201699,201801,131500,59
15524,201699,202012,189000,59
15524,201699,202011,186000,59
15524,201699,202010,185000,59
15524,201699,202009,184000,59
15524,201699,202008,180000,59
15524,201699,202007,176000,59
15524,201699,202006,166500,59
15524,201699,202005,165000,59
15524,201699,202004,165500,59
15524,201699,202003,165500,59
15524,201699,202002,166500,59
15524,201699,202001,166500,59
15524,201699,201912,166500,59
15524,201699,201911,162500,59
15524,201699,201910,158500,59
15524,201699,201909,154000,59
15524,201699,201908,152000,59
15524,201699,201907,151500,59
15524,201699,201906,145500,59
15524,201699,201905,138500,59
15524,201699,201904,137000,59
15524,201699,201903,136500,59
15524,201699,201902,139000,59
15524,201699,201901,140000,59
15524,201699,202112,201500,59
15524,201699,202111,201500,59
15524,201699,202110,200000,59
15524,201699,202109,199000,59
15524,201699,202108,198000,59
15524,201699,202107,195500,59
15524,201699,202106,193500,59
15524,201699,202105,192500,59
15524,201699,202104,192000,59
15524,201699,202103,192500,59
15524,201699,202102,192500,59
15524,201699,202101,189500,59
15524,201699,202312,194000,59
15524,201699,202311,194000,59
15524,201699,202310,194000,59
15524,201699,202309,192500,59
15524,201699,202308,181000,59
15524,201699,202307,179500,59
15524,201699,202306,177500,59
15524,201699,202305,173000,59
15524,201699,202304,172500,59
15524,201699,202303,173500,59
15524,201699,202302,171500,59
15524,201699,202301,175000,59
15524,201699,202212,185500,59
15524,201699,202211,192500,59
15524,201699,202210,194500,59
15524,201699,202209,199000,59
15524,201699,202208,199500,59
15524,201699,202207,201500,59
15524,201699,202206,201500,59
15524,201699,202205,201500,59
15524,201699,202204,201500,59
15524,201699,202203,201500,59
15524,201699,202202,201500,59
15524,201699,202201,201500,59
15524,201699,202412,222500,59
15524,201699,202411,222500,59
15524,201699,202410,222500,59
15524,201699,202409,222500,59
15524,201699,202408,219000,59
15524,201699,202407,215000,59
15524,201699,202406,200000,59
15524,201699,202405,198000,59
15524,201699,202404,196500,59
15524,201699,202403,196500,59
15524,201699,202402,196500,59
15524,201699,202401,196500,59
15524,201699,202512,290000,59
15524,201699,202511,287500,59
15524,201699,202510,282500,59
15524,201699,202509,282500,59
15524,201699,202508,280000,59
15524,201699,202507,267500,59
15524,201699,202506,265000,59
15524,201699,202505,234000,59
15524,201699,202504,234000,59
15524,201699,202503,233500,59
15524,201699,202502,222500,59
15524,201699,202501,222500,59
15524,201699,202607,297500,59
15524,201699,202606,297500,59
15524,201699,202605,297500,59
15524,201699,202604,297500,59
15524,201699,202603,295000,59
15524,201699,202602,290000,59
15524,201699,202601,290000,59
