시작연도,매수방식,경과개월,날짜,월봉종가(달러),원달러환율,한국CD91일물금리(%),매수신호,월초대기자금(원),대기자금이자(원),인출전대기자금(원),인출전보유수량,요청인출액(원),실제인출액(원),매도수량,매수액(원),월말현금(원),월말보유수량,월말주식평가액(원),월말총잔액(원)
2002,일시매수,0,2001-12-31,32.78691864013672,1313.5,4.84,전액매수,100000000.0,0.0,100000000.0,0.0,0.0,0.0,0.0,100000000.0,0.0,2322.037985157553,100000000.0,100000000.0
2002,일시매수,1,2002-01-31,32.44987487792969,1314.4,4.79,전액매수,0.0,0.0,0.0,2322.037985157553,1000000.0,1000000.0,23.445495899792178,0.0,0.0,2298.592489257761,98039832.43016566,98039832.43016566
2002,일시매수,2,2002-02-28,28.464216232299805,1323.8,4.54,전액매수,0.0,0.0,0.0,2298.592489257761,1000000.0,1000000.0,26.53862350639616,0.0,0.0,2272.053865751365,85613101.41815645,85613101.41815645
2002,일시매수,3,2002-03-31,30.385433197021484,1325.9,4.64,전액매수,0.0,0.0,0.0,2272.053865751365,1000000.0,1000000.0,24.82125847154647,0.0,0.0,2247.2326072798182,90536610.37597688,90536610.37597688
2002,일시매수,4,2002-04-30,26.73680877685547,1294.0,4.79,전액매수,0.0,0.0,0.0,2247.2326072798182,1000000.0,1000000.0,28.903880545268372,0.0,0.0,2218.32872673455,76748474.07635356,76748474.07635356
2002,일시매수,5,2002-05-31,25.312753677368164,1219.3,4.81,전액매수,0.0,0.0,0.0,2218.32872673455,1000000.0,1000000.0,32.40037473931256,0.0,0.0,2185.9283519952373,67466144.12897424,67466144.12897424
2002,일시매수,6,2002-06-30,21.992773056030273,1205.0,4.85,전액매수,0.0,0.0,0.0,2185.9283519952373,1000000.0,1000000.0,37.734010011286536,0.0,0.0,2148.194341983951,56929924.52541909,56929924.52541909
2002,일시매수,7,2002-07-31,20.096843719482422,1183.0,4.91,전액매수,0.0,0.0,0.0,2148.194341983951,1000000.0,1000000.0,42.06175603568858,0.0,0.0,2106.132585948262,50072388.42242463,50072388.42242463
2002,일시매수,8,2002-08-31,19.793506622314453,1201.9,4.8,전액매수,0.0,0.0,0.0,2106.132585948262,1000000.0,1000000.0,42.034794065682675,0.0,0.0,2064.0977918825797,49104505.868573174,49104505.868573174
2002,일시매수,9,2002-09-30,17.459400177001953,1227.7,4.81,전액매수,0.0,0.0,0.0,2064.0977918825797,1000000.0,1000000.0,46.652876331105254,0.0,0.0,2017.4449155514744,43243741.31260942,43243741.31260942
2002,일시매수,10,2002-10-31,20.68668556213379,1224.0,4.91,전액매수,0.0,0.0,0.0,2017.4449155514744,1000000.0,1000000.0,39.49368600389827,0.0,0.0,1977.951229547576,50082720.29489323,50082720.29489323
2002,일시매수,11,2002-11-30,23.35784339904785,1198.7,4.91,전액매수,0.0,0.0,0.0,1977.951229547576,1000000.0,1000000.0,35.715501466845005,0.0,0.0,1942.2357280807312,54380749.20727979,54380749.20727979
2002,일시매수,12,2002-12-31,20.535011291503906,1186.3,4.9,전액매수,0.0,0.0,0.0,1942.2357280807312,1000000.0,1000000.0,41.04975066815299,0.0,0.0,1901.1859774125783,46314190.62156562,46314190.62156562
2002,일시매수,13,2003-01-31,20.5939998626709,1165.0,4.7,전액매수,0.0,0.0,0.0,1901.1859774125783,1000000.0,1000000.0,41.68054309198786,0.0,0.0,1859.5054343205904,44613272.677774645,44613272.677774645
2002,일시매수,14,2003-02-28,21.2006893157959,1193.7,4.54,전액매수,0.0,0.0,0.0,1859.5054343205904,1000000.0,1000000.0,39.514348369867555,0.0,0.0,1819.991085950723,46058992.77181534,46058992.77181534
2002,일시매수,15,2003-03-31,21.27652359008789,1252.0,4.76,전액매수,0.0,0.0,0.0,1819.991085950723,1000000.0,1000000.0,37.540063410572195,0.0,0.0,1782.4510225401507,47481300.25902326,47481300.25902326
2002,일시매수,16,2003-04-30,23.130334854125977,1215.5,4.62,전액매수,0.0,0.0,0.0,1782.4510225401507,1000000.0,1000000.0,35.568300686009835,0.0,0.0,1746.8827218541408,49113471.494612224,49113471.494612224
2002,일시매수,17,2003-05-31,25.10209846496582,1210.0,4.39,전액매수,0.0,0.0,0.0,1746.8827218541408,1000000.0,1000000.0,32.92339411962628,0.0,0.0,1713.9593277345145,52059010.72978347,52059010.72978347
2002,일시매수,18,2003-06-30,25.236921310424805,1196.0,4.28,전액매수,0.0,0.0,0.0,1713.9593277345145,1000000.0,1000000.0,33.13083997264001,0.0,0.0,1680.8284877618746,50733047.79323223,50733047.79323223
2002,일시매수,19,2003-07-31,26.795799255371094,1181.0,4.15,전액매수,0.0,0.0,0.0,1680.8284877618746,1000000.0,1000000.0,31.59973108974079,0.0,0.0,1649.2287566721338,52191227.57685664,52191227.57685664
2002,일시매수,20,2003-08-31,28.13558578491211,1175.0,3.9,전액매수,0.0,0.0,0.0,1649.2287566721338,1000000.0,1000000.0,30.248662185083155,0.0,0.0,1618.9800944870508,53522370.165694,53522370.165694
2002,일시매수,21,2003-09-30,27.31822967529297,1150.2,3.83,전액매수,0.0,0.0,0.0,1618.9800944870508,1000000.0,1000000.0,31.82541567619342,0.0,0.0,1587.1546788108574,49870666.10407567,49870666.10407567
2002,일시매수,22,2003-10-31,29.643890380859375,1184.0,3.93,전액매수,0.0,0.0,0.0,1587.1546788108574,1000000.0,1000000.0,28.491354668479577,0.0,0.0,1558.6633241423779,54706536.15030636,54706536.15030636
2002,일시매수,23,2003-11-30,29.81243324279785,1202.1,4.23,전액매수,0.0,0.0,0.0,1558.6633241423779,1000000.0,1000000.0,27.90371187920249,0.0,0.0,1530.7596122631753,54858637.40601832,54858637.40601832
2002,일시매수,24,2003-12-31,30.73448371887207,1192.0,4.34,전액매수,0.0,0.0,0.0,1530.7596122631753,1000000.0,1000000.0,27.29592539019986,0.0,0.0,1503.4636868729754,55080150.8056865,55080150.8056865
2002,일시매수,25,2004-01-31,31.248687744140625,1174.0,4.26,전액매수,0.0,0.0,0.0,1503.4636868729754,1000000.0,1000000.0,27.258384843636602,0.0,0.0,1476.2053020293388,54156007.79346818,54156007.79346818
2002,일시매수,26,2004-02-29,30.82720184326172,1179.0,4.08,전액매수,0.0,0.0,0.0,1476.2053020293388,1000000.0,1000000.0,27.513895844585097,0.0,0.0,1448.6914061847538,52653081.714339085,52653081.714339085
2002,일시매수,27,2004-03-31,30.21183967590332,1146.7,3.93,전액매수,0.0,0.0,0.0,1448.6914061847538,1000000.0,1000000.0,28.865096657683353,0.0,0.0,1419.8263095270704,49188344.191778034,49188344.191778034
2002,일시매수,28,2004-04-30,29.309879302978516,1173.6,3.91,전액매수,0.0,0.0,0.0,1419.8263095270704,1000000.0,1000000.0,29.07139480616623,0.0,0.0,1390.7549147209043,47839290.95916362,47839290.95916362
2002,일시매수,29,2004-05-31,30.81033706665039,1165.0,3.9,전액매수,0.0,0.0,0.0,1390.7549147209043,1000000.0,1000000.0,27.859776309995617,0.0,0.0,1362.8951384109087,48919816.27009421,48919816.27009421
2002,일시매수,30,2004-06-30,31.813488006591797,1156.0,3.91,전액매수,0.0,0.0,0.0,1362.8951384109087,1000000.0,1000000.0,27.191356789766246,0.0,0.0,1335.7037816211423,49122366.04992983,49122366.04992983
2002,일시매수,31,2004-07-31,29.41102409362793,1170.0,3.91,전액매수,0.0,0.0,0.0,1335.7037816211423,1000000.0,1000000.0,29.06056082848304,0.0,0.0,1306.6432207926593,44962766.84075495,44962766.84075495
2002,일시매수,32,2004-08-31,28.677654266357422,1152.0,3.7,전액매수,0.0,0.0,0.0,1306.6432207926593,1000000.0,1000000.0,30.26940584097551,0.0,0.0,1276.373814951684,42167124.840748094,42167124.840748094
2002,일시매수,33,2004-09-30,29.621776580810547,1152.0,3.52,전액매수,0.0,0.0,0.0,1276.373814951684,1000000.0,1000000.0,29.304641913945687,0.0,0.0,1247.0691730377382,42555345.89707014,42555345.89707014
2002,일시매수,34,2004-10-31,31.105375289916992,1120.0,3.52,전액매수,0.0,0.0,0.0,1247.0691730377382,1000000.0,1000000.0,28.704271674438477,0.0,0.0,1218.3649013632996,42445421.19660431,42445421.19660431
2002,일시매수,35,2004-11-30,32.97675704956055,1048.0,3.42,전액매수,0.0,0.0,0.0,1218.3649013632996,1000000.0,1000000.0,28.93548543443445,0.0,0.0,1189.4294159288652,41106254.07076786,41106254.07076786
2002,일시매수,36,2004-12-31,33.97343063354492,1035.1,3.39,전액매수,0.0,0.0,0.0,1189.4294159288652,1000000.0,1000000.0,28.436640480865698,0.0,0.0,1160.9927754479995,40827353.576777205,40827353.576777205
2002,일시매수,37,2005-01-31,31.828834533691406,1026.85,3.47,전액매수,0.0,0.0,0.0,1160.9927754479995,1000000.0,1000000.0,30.596535692799016,0.0,0.0,1130.3962397552004,36945236.25500656,36945236.25500656
2002,일시매수,38,2005-02-28,31.67561912536621,1000.85,3.59,전액매수,0.0,0.0,0.0,1130.3962397552004,1000000.0,1000000.0,31.543210503066845,0.0,0.0,1098.8530292521336,34836435.851870425,34836435.851870425
2002,일시매수,39,2005-03-31,31.122455596923828,1015.4,3.55,전액매수,0.0,0.0,0.0,1098.8530292521336,1000000.0,1000000.0,31.643825791984526,0.0,0.0,1067.2092034601492,33725669.281445615,33725669.281445615
2002,일시매수,40,2005-04-30,29.76930046081543,997.0,3.52,전액매수,0.0,0.0,0.0,1067.2092034601492,1000000.0,1000000.0,33.692730818498035,0.0,0.0,1033.516472641651,30674761.21805563,30674761.21805563
2002,일시매수,41,2005-05-31,32.40752410888672,1005.0,3.51,전액매수,0.0,0.0,0.0,1033.516472641651,1000000.0,1000000.0,30.703514167842187,0.0,0.0,1002.8129584738089,32661178.554086197,32661178.554086197
2002,일시매수,42,2005-06-30,31.330127716064453,1034.5,3.51,전액매수,0.0,0.0,0.0,1002.8129584738089,1000000.0,1000000.0,30.853706202047228,0.0,0.0,971.9592522717617,31502187.967527527,31502187.967527527
2002,일시매수,43,2005-07-31,33.71521759033203,1026.5,3.51,전액매수,0.0,0.0,0.0,971.9592522717617,1000000.0,1000000.0,28.894493063517466,0.0,0.0,943.0647592082443,32638217.847779762,32638217.847779762
2002,일시매수,44,2005-08-31,33.204132080078125,1039.0,3.5,전액매수,0.0,0.0,0.0,943.0647592082443,1000000.0,1000000.0,28.986269096939466,0.0,0.0,914.0784901113047,31534879.0509855,31534879.0509855
2002,일시매수,45,2005-09-30,33.61298751831055,1042.4,3.7,전액매수,0.0,0.0,0.0,914.0784901113047,1000000.0,1000000.0,28.540296661641577,0.0,0.0,885.5381934496631,31027645.015331417,31027645.015331417
2002,일시매수,46,2005-10-31,33.11042022705078,1043.5,3.93,전액매수,0.0,0.0,0.0,885.5381934496631,1000000.0,1000000.0,28.94295396736042,0.0,0.0,856.5952394823028,29595985.27670338,29595985.27670338
2002,일시매수,47,2005-11-30,35.129241943359375,1037.4,3.96,전액매수,0.0,0.0,0.0,856.5952394823028,1000000.0,1000000.0,27.44005503801098,0.0,0.0,829.1551844442918,30216965.06423604,30216965.06423604
2002,일시매수,48,2005-12-31,34.50527572631836,1010.0,4.04,전액매수,0.0,0.0,0.0,829.1551844442918,1000000.0,1000000.0,28.69413413050363,0.0,0.0,800.4610503137882,27896330.54174821,27896330.54174821
2002,일시매수,49,2006-01-31,35.862937927246094,958.9,4.15,전액매수,0.0,0.0,0.0,800.4610503137882,1000000.0,1000000.0,29.0790903517071,0.0,0.0,771.381959962081,26527031.98870169,26527031.98870169
2002,일시매수,50,2006-02-28,35.09444808959961,970.9,4.25,전액매수,0.0,0.0,0.0,771.381959962081,1000000.0,1000000.0,29.348579243110716,0.0,0.0,742.0333807189703,25283451.5283446,25283451.5283446
2002,일시매수,51,2006-03-31,35.82828903198242,971.4,4.27,전액매수,0.0,0.0,0.0,742.0333807189703,1000000.0,1000000.0,28.73265986813024,0.0,0.0,713.3007208508401,24825432.943715062,24825432.943715062
2002,일시매수,52,2006-04-30,35.75992965698242,942.8,4.33,전액매수,0.0,0.0,0.0,713.3007208508401,1000000.0,1000000.0,29.660862139030712,0.0,0.0,683.6398587118094,23048549.819872167,23048549.819872167
2002,일시매수,53,2006-05-31,33.17084884643555,945.3,4.36,전액매수,0.0,0.0,0.0,683.6398587118094,1000000.0,1000000.0,31.891412633645402,0.0,0.0,651.7484460781641,20436487.200023565,20436487.200023565
2002,일시매수,54,2006-06-30,33.15044021606445,948.5,4.47,전액매수,0.0,0.0,0.0,651.7484460781641,1000000.0,1000000.0,31.803386331424424,0.0,0.0,619.9450597467396,19493051.880899288,19493051.880899288
2002,일시매수,55,2006-07-31,31.722482681274414,954.9,4.63,전액매수,0.0,0.0,0.0,619.9450597467396,1000000.0,1000000.0,33.01223573733619,0.0,0.0,586.9328240094035,17779250.962563373,17779250.962563373
2002,일시매수,56,2006-08-31,33.23592758178711,961.1,4.68,전액매수,0.0,0.0,0.0,586.9328240094035,1000000.0,1000000.0,31.305714389697492,0.0,0.0,555.627109619706,17748424.543301884,17748424.543301884
2002,일시매수,57,2006-09-30,34.77792739868164,946.0,4.64,전액매수,0.0,0.0,0.0,555.627109619706,1000000.0,1000000.0,30.395211316455892,0.0,0.0,525.2318983032501,17280087.078022417,17280087.078022417
2002,일시매수,58,2006-10-31,36.42914581298828,942.2,4.57,전액매수,0.0,0.0,0.0,525.2318983032501,1000000.0,1000000.0,29.13452299721012,0.0,0.0,496.09737530603996,17027818.693086054,17027818.693086054
2002,일시매수,59,2006-11-30,37.678226470947266,929.0,4.6,전액매수,0.0,0.0,0.0,496.09737530603996,1000000.0,1000000.0,28.56892071687255,0.0,0.0,467.52845458916744,16364932.341075428,16364932.341075428
2002,일시매수,60,2006-12-31,36.9703369140625,930.0,4.76,전액매수,0.0,0.0,0.0,467.52845458916744,1000000.0,1000000.0,29.084636683289148,0.0,0.0,438.4438179058783,15074756.569257416,15074756.569257416
2002,일시매수,61,2007-01-31,37.74984359741211,941.0,4.92,전액매수,0.0,0.0,0.0,438.4438179058783,1000000.0,1000000.0,28.151090305003876,0.0,0.0,410.2927276008744,14574665.60461939,14574665.60461939
2002,일시매수,62,2007-02-28,37.11598205566406,942.3,4.95,전액매수,0.0,0.0,0.0,410.2927276008744,1000000.0,1000000.0,28.592350091454698,0.0,0.0,381.7003775094197,13349737.824576274,13349737.824576274
2002,일시매수,63,2007-03-31,37.31077194213867,941.1,4.94,전액매수,0.0,0.0,0.0,381.7003775094197,1000000.0,1000000.0,28.47934469936947,0.0,0.0,353.22103281005025,12402709.280662294,12402709.280662294
2002,일시매수,64,2007-04-30,39.39360046386719,931.0,4.95,전액매수,0.0,0.0,0.0,353.22103281005025,1000000.0,1000000.0,27.266201703343867,0.0,0.0,325.95483110670637,11954537.51325884,11954537.51325884
2002,일시매수,65,2007-05-31,40.63642120361328,927.4,5.04,전액매수,0.0,0.0,0.0,325.95483110670637,1000000.0,1000000.0,26.53489999691489,0.0,0.0,299.4199311097915,11284004.505183885,11284004.505183885
2002,일시매수,66,2007-06-30,40.831180572509766,922.6,5.03,전액매수,0.0,0.0,0.0,299.4199311097915,1000000.0,1000000.0,26.54572632231483,0.0,0.0,272.8742047874767,10279402.472332941,10279402.472332941
2002,일시매수,67,2007-07-31,40.77112579345703,919.0,5.05,전액매수,0.0,0.0,0.0,272.8742047874767,1000000.0,1000000.0,26.688968250238975,0.0,0.0,246.1852365372377,9224232.058316205,9224232.058316205
2002,일시매수,68,2007-08-31,41.92060089111328,938.1,5.21,전액매수,0.0,0.0,0.0,246.1852365372377,1000000.0,1000000.0,25.428653549028745,0.0,0.0,220.75658298820895,8681410.620604442,8681410.620604442
2002,일시매수,69,2007-09-30,44.12232208251953,913.6,5.34,전액매수,0.0,0.0,0.0,220.75658298820895,1000000.0,1000000.0,24.807645575612085,0.0,0.0,195.94893741259688,7898731.736365602,7898731.736365602
2002,일시매수,70,2007-10-31,47.22917938232422,903.2,5.34,전액매수,0.0,0.0,0.0,195.94893741259688,1000000.0,1000000.0,23.442594285559412,0.0,0.0,172.50634312703747,7358671.187399297,7358671.187399297
2002,일시매수,71,2007-11-30,44.03649139404297,920.9,5.43,전액매수,0.0,0.0,0.0,172.50634312703747,1000000.0,1000000.0,24.65896349881572,0.0,0.0,147.84737962822174,5995685.083654159,5995685.083654159
2002,일시매수,72,2007-12-31,44.00508117675781,935.8,5.73,전액매수,0.0,0.0,0.0,147.84737962822174,1000000.0,1000000.0,24.283659388283194,0.0,0.0,123.56372023993855,5088348.434814472,5088348.434814472
2002,일시매수,73,2008-01-31,38.77293395996094,943.4,5.81,전액매수,0.0,0.0,0.0,123.56372023993855,1000000.0,1000000.0,27.338549130988383,0.0,0.0,96.22517110895016,3519761.4419076266,3519761.4419076266
2002,일시매수,74,2008-02-29,36.90000534057617,942.8,5.28,전액매수,0.0,0.0,0.0,96.22517110895016,1000000.0,1000000.0,28.74444959743276,0.0,0.0,67.4807215115174,2347608.7542669205,2347608.7542669205
2002,일시매수,75,2008-03-31,37.59089660644531,988.6,5.25,전액매수,0.0,0.0,0.0,67.4807215115174,1000000.0,1000000.0,26.908947376767987,0.0,0.0,40.57177413474942,1507742.8918597284,1507742.8918597284
2002,일시매수,76,2008-04-30,40.59162139892578,1005.0,5.38,전액매수,0.0,0.0,0.0,40.57177413474942,1000000.0,1000000.0,24.51306061029193,0.0,0.0,16.058713524457488,655108.4656362804,655108.4656362804
2002,일시매수,77,2008-05-31,42.999122619628906,1028.5,5.36,고갈,0.0,0.0,0.0,16.058713524457488,1000000.0,710190.1438222624,16.058713524457488,0.0,0.0,0.0,0.0,0.0
2002,분할매수,0,2001-12-31,32.78691864013672,1313.5,4.84,분할매수,100000000.0,0.0,100000000.0,0.0,0.0,0.0,0.0,8333333.333333333,91666666.66666667,193.50316542979607,8333333.333333333,100000000.0
2002,분할매수,1,2002-01-31,32.44987487792969,1314.4,4.79,분할매수,91666666.66666667,369722.22222222225,92036388.8888889,193.50316542979607,1000000.0,1000000.0,0.0,8333333.333333333,82703055.55555557,388.8822979280642,16586652.702513805,99289708.25806937
2002,분할매수,2,2002-02-28,28.464216232299805,1323.8,4.54,분할매수,82703055.55555557,330123.03009259264,83033178.58564816,388.8822979280642,1000000.0,1000000.0,0.0,8333333.333333333,73699845.25231484,610.0374938146988,22986779.76526069,96686625.01757553
2002,분할매수,3,2002-03-31,30.385433197021484,1325.9,4.64,분할매수,73699845.25231484,278831.08120459114,73978676.33351943,610.0374938146988,1000000.0,1000000.0,0.0,8333333.333333333,64645343.00018609,816.8813144109195,32910551.870177764,97555894.87036386
2002,분할매수,4,2002-04-30,26.73680877685547,1294.0,4.79,분할매수,64645343.00018609,249961.99293405286,64895304.99312015,816.8813144109195,1000000.0,1000000.0,0.0,8333333.333333333,55561971.65978681,1057.7469856214893,36595327.882181026,92157299.54196784
2002,분할매수,5,2002-05-31,25.312753677368164,1219.3,4.81,분할매수,55561971.65978681,221784.87020864902,55783756.529995464,1057.7469856214893,1000000.0,1000000.0,0.0,8333333.333333333,46450423.19666213,1327.7501084490941,40979467.64912216,87429890.84578429
2002,분할매수,6,2002-06-30,21.992773056030273,1205.0,4.85,분할매수,46450423.19666213,186188.7796466207,46636611.97630875,1327.7501084490941,1000000.0,1000000.0,0.0,8333333.333333333,37303278.64297541,1642.200191876482,43520426.03967315,80823704.68264857
2002,분할매수,7,2002-07-31,20.096843719482422,1183.0,4.91,분할매수,37303278.64297541,150767.41784869228,37454046.0608241,1642.200191876482,1000000.0,1000000.0,0.0,8333333.333333333,28120712.72749077,1992.7148255072202,47375930.377620004,75496643.10511078
2002,분할매수,8,2002-08-31,19.793506622314453,1201.9,4.8,분할매수,28120712.72749077,115060.58290998309,28235773.310400754,1992.7148255072202,1000000.0,1000000.0,0.0,8333333.333333333,18902439.977067422,2343.004776054576,55739651.59418757,74642091.571255
2002,분할매수,9,2002-09-30,17.459400177001953,1227.7,4.81,분할매수,18902439.977067422,75609.75990826968,18978049.736975692,2343.004776054576,1000000.0,1000000.0,0.0,8333333.333333333,9644716.40364236,2731.778745480453,58555419.52209861,68200135.92574097
2002,분할매수,10,2002-10-31,20.68668556213379,1224.0,4.91,분할매수,9644716.40364236,38659.23825126646,9683375.641893627,2731.778745480453,1000000.0,1000000.0,0.0,8333333.333333333,350042.3085602941,3060.8927955129384,77503345.60341644,77853387.91197674
2002,분할매수,11,2002-11-30,23.35784339904785,1198.7,4.91,분할매수,350042.3085602941,1432.2564458592035,351474.5650061533,3060.8927955129384,1000000.0,1000000.0,23.162411124809026,0.0,0.0,3037.7303843881296,85053555.44869167,85053555.44869167
2002,분할매수,12,2002-12-31,20.535011291503906,1186.3,4.9,분할매수,0.0,0.0,0.0,3037.7303843881296,1000000.0,1000000.0,41.04975066815299,0.0,0.0,2996.6806337199764,73001189.6526535,73001189.6526535
2002,분할매수,13,2003-01-31,20.5939998626709,1165.0,4.7,분할매수,0.0,0.0,0.0,2996.6806337199764,1000000.0,1000000.0,41.68054309198786,0.0,0.0,2955.0000906279884,70896391.25158185,70896391.25158185
2002,분할매수,14,2003-02-28,21.2006893157959,1193.7,4.54,분할매수,0.0,0.0,0.0,2955.0000906279884,1000000.0,1000000.0,39.514348369867555,0.0,0.0,2915.485742258121,73782963.97471108,73782963.97471108
2002,분할매수,15,2003-03-31,21.27652359008789,1252.0,4.76,분할매수,0.0,0.0,0.0,2915.485742258121,1000000.0,1000000.0,37.540063410572195,0.0,0.0,2877.9456788475486,76663314.2669932,76663314.2669932
2002,분할매수,16,2003-04-30,23.130334854125977,1215.5,4.62,분할매수,0.0,0.0,0.0,2877.9456788475486,1000000.0,1000000.0,35.568300686009835,0.0,0.0,2842.3773781615387,79913218.32475223,79913218.32475223
2002,분할매수,17,2003-05-31,25.10209846496582,1210.0,4.39,분할매수,0.0,0.0,0.0,2842.3773781615387,1000000.0,1000000.0,32.92339411962628,0.0,0.0,2809.4539840419125,85333060.55365483,85333060.55365483
2002,분할매수,18,2003-06-30,25.236921310424805,1196.0,4.28,분할매수,0.0,0.0,0.0,2809.4539840419125,1000000.0,1000000.0,33.13083997264001,0.0,0.0,2776.3231440692725,83798755.06814815,83798755.06814815
2002,분할매수,19,2003-07-31,26.795799255371094,1181.0,4.15,분할매수,0.0,0.0,0.0,2776.3231440692725,1000000.0,1000000.0,31.59973108974079,0.0,0.0,2744.7234129795315,86859075.00873123,86859075.00873123
2002,분할매수,20,2003-08-31,28.13558578491211,1175.0,3.9,분할매수,0.0,0.0,0.0,2744.7234129795315,1000000.0,1000000.0,30.248662185083155,0.0,0.0,2714.4747507944485,89738671.22404727,89738671.22404727
2002,분할매수,21,2003-09-30,27.31822967529297,1150.2,3.83,분할매수,0.0,0.0,0.0,2714.4747507944485,1000000.0,1000000.0,31.82541567619342,0.0,0.0,2682.649335118255,84292672.32242234,84292672.32242234
2002,분할매수,22,2003-10-31,29.643890380859375,1184.0,3.93,분할매수,0.0,0.0,0.0,2682.649335118255,1000000.0,1000000.0,28.491354668479577,0.0,0.0,2654.157980449775,93156608.7795085,93156608.7795085
2002,분할매수,23,2003-11-30,29.81243324279785,1202.1,4.23,분할매수,0.0,0.0,0.0,2654.157980449775,1000000.0,1000000.0,27.90371187920249,0.0,0.0,2626.2542685705725,94118455.6355745,94118455.6355745
2002,분할매수,24,2003-12-31,30.73448371887207,1192.0,4.34,분할매수,0.0,0.0,0.0,2626.2542685705725,1000000.0,1000000.0,27.29592539019986,0.0,0.0,2598.9583431803726,95214150.31832863,95214150.31832863
2002,분할매수,25,2004-01-31,31.248687744140625,1174.0,4.26,분할매수,0.0,0.0,0.0,2598.9583431803726,1000000.0,1000000.0,27.258384843636602,0.0,0.0,2571.699958336736,94345280.29040916,94345280.29040916
2002,분할매수,26,2004-02-29,30.82720184326172,1179.0,4.08,분할매수,0.0,0.0,0.0,2571.699958336736,1000000.0,1000000.0,27.513895844585097,0.0,0.0,2544.186062492151,92469131.84753013,92469131.84753013
2002,분할매수,27,2004-03-31,30.21183967590332,1146.7,3.93,분할매수,0.0,0.0,0.0,2544.186062492151,1000000.0,1000000.0,28.865096657683353,0.0,0.0,2515.3209658344676,87140569.65282796,87140569.65282796
2002,분할매수,28,2004-04-30,29.309879302978516,1173.6,3.91,분할매수,0.0,0.0,0.0,2515.3209658344676,1000000.0,1000000.0,29.07139480616623,0.0,0.0,2486.2495710283015,85522197.59682642,85522197.59682642
2002,분할매수,29,2004-05-31,30.81033706665039,1165.0,3.9,분할매수,0.0,0.0,0.0,2486.2495710283015,1000000.0,1000000.0,27.859776309995617,0.0,0.0,2458.389794718306,88241548.2222044,88241548.2222044
2002,분할매수,30,2004-06-30,31.813488006591797,1156.0,3.91,분할매수,0.0,0.0,0.0,2458.389794718306,1000000.0,1000000.0,27.191356789766246,0.0,0.0,2431.1984379285395,89410707.11276706,89410707.11276706
2002,분할매수,31,2004-07-31,29.41102409362793,1170.0,3.91,분할매수,0.0,0.0,0.0,2431.1984379285395,1000000.0,1000000.0,29.06056082848304,0.0,0.0,2402.1378771000564,82659721.92613903,82659721.92613903
2002,분할매수,32,2004-08-31,28.677654266357422,1152.0,3.7,분할매수,0.0,0.0,0.0,2402.1378771000564,1000000.0,1000000.0,30.26940584097551,0.0,0.0,2371.8684712590807,78358606.82961597,78358606.82961597
2002,분할매수,33,2004-09-30,29.621776580810547,1152.0,3.52,분할매수,0.0,0.0,0.0,2371.8684712590807,1000000.0,1000000.0,29.304641913945687,0.0,0.0,2342.563829345135,79938319.54078034,79938319.54078034
2002,분할매수,34,2004-10-31,31.105375289916992,1120.0,3.52,분할매수,0.0,0.0,0.0,2342.563829345135,1000000.0,1000000.0,28.704271674438477,0.0,0.0,2313.8595576706966,80610286.29864936,80610286.29864936
2002,분할매수,35,2004-11-30,32.97675704956055,1048.0,3.42,분할매수,0.0,0.0,0.0,2313.8595576706966,1000000.0,1000000.0,28.93548543443445,0.0,0.0,2284.924072236262,78966156.53515548,78966156.53515548
2002,분할매수,36,2004-12-31,33.97343063354492,1035.1,3.39,분할매수,0.0,0.0,0.0,2284.924072236262,1000000.0,1000000.0,28.436640480865698,0.0,0.0,2256.4874317553963,79351406.97346897,79351406.97346897
2002,분할매수,37,2005-01-31,31.828834533691406,1026.85,3.47,분할매수,0.0,0.0,0.0,2256.4874317553963,1000000.0,1000000.0,30.596535692799016,0.0,0.0,2225.890896062597,72749768.74543568,72749768.74543568
2002,분할매수,38,2005-02-28,31.67561912536621,1000.85,3.59,분할매수,0.0,0.0,0.0,2225.890896062597,1000000.0,1000000.0,31.543210503066845,0.0,0.0,2194.3476855595304,69566402.7397015,69566402.7397015
2002,분할매수,39,2005-03-31,31.122455596923828,1015.4,3.55,분할매수,0.0,0.0,0.0,2194.3476855595304,1000000.0,1000000.0,31.643825791984526,0.0,0.0,2162.703859767546,68345208.12952286,68345208.12952286
2002,분할매수,40,2005-04-30,29.76930046081543,997.0,3.52,분할매수,0.0,0.0,0.0,2162.703859767546,1000000.0,1000000.0,33.692730818498035,0.0,0.0,2129.011128949048,63189034.46615776,63189034.46615776
2002,분할매수,41,2005-05-31,32.40752410888672,1005.0,3.51,분할매수,0.0,0.0,0.0,2129.011128949048,1000000.0,1000000.0,30.703514167842187,0.0,0.0,2098.3076147812058,68340959.38695192,68340959.38695192
2002,분할매수,42,2005-06-30,31.330127716064453,1034.5,3.51,분할매수,0.0,0.0,0.0,2098.3076147812058,1000000.0,1000000.0,30.853706202047228,0.0,0.0,2067.4539085791585,67008284.03046041,67008284.03046041
2002,분할매수,43,2005-07-31,33.71521759033203,1026.5,3.51,분할매수,0.0,0.0,0.0,2067.4539085791585,1000000.0,1000000.0,28.894493063517466,0.0,0.0,2038.559415515641,70551831.83295056,70551831.83295056
2002,분할매수,44,2005-08-31,33.204132080078125,1039.0,3.5,분할매수,0.0,0.0,0.0,2038.559415515641,1000000.0,1000000.0,28.986269096939466,0.0,0.0,2009.5731464187015,69328451.33321707,69328451.33321707
2002,분할매수,45,2005-09-30,33.61298751831055,1042.4,3.7,분할매수,0.0,0.0,0.0,2009.5731464187015,1000000.0,1000000.0,28.540296661641577,0.0,0.0,1981.03284975706,69411781.98822252,69411781.98822252
2002,분할매수,46,2005-10-31,33.11042022705078,1043.5,3.93,분할매수,0.0,0.0,0.0,1981.03284975706,1000000.0,1000000.0,28.94295396736042,0.0,0.0,1952.0898957896995,67446118.2500968,67446118.2500968
2002,분할매수,47,2005-11-30,35.129241943359375,1037.4,3.96,분할매수,0.0,0.0,0.0,1952.0898957896995,1000000.0,1000000.0,27.44005503801098,0.0,0.0,1924.6498407516885,70140159.6347235,70140159.6347235
2002,분할매수,48,2005-12-31,34.50527572631836,1010.0,4.04,분할매수,0.0,0.0,0.0,1924.6498407516885,1000000.0,1000000.0,28.69413413050363,0.0,0.0,1895.9557066211848,66074679.16606925,66074679.16606925
2002,분할매수,49,2006-01-31,35.862937927246094,958.9,4.15,분할매수,0.0,0.0,0.0,1895.9557066211848,1000000.0,1000000.0,29.0790903517071,0.0,0.0,1866.8766162694778,64199966.150587715,64199966.150587715
2002,분할매수,50,2006-02-28,35.09444808959961,970.9,4.25,분할매수,0.0,0.0,0.0,1866.8766162694778,1000000.0,1000000.0,29.348579243110716,0.0,0.0,1837.5280370263672,62610459.668425284,62610459.668425284
2002,분할매수,51,2006-03-31,35.82828903198242,971.4,4.27,분할매수,0.0,0.0,0.0,1837.5280370263672,1000000.0,1000000.0,28.73265986813024,0.0,0.0,1808.795377158237,62952590.72636435,62952590.72636435
2002,분할매수,52,2006-04-30,35.75992965698242,942.8,4.33,분할매수,0.0,0.0,0.0,1808.795377158237,1000000.0,1000000.0,29.660862139030712,0.0,0.0,1779.1345150192062,59982562.43125328,59982562.43125328
2002,분할매수,53,2006-05-31,33.17084884643555,945.3,4.36,분할매수,0.0,0.0,0.0,1779.1345150192062,1000000.0,1000000.0,31.891412633645402,0.0,0.0,1747.2431023855609,54787259.58166624,54787259.58166624
2002,분할매수,54,2006-06-30,33.15044021606445,948.5,4.47,분할매수,0.0,0.0,0.0,1747.2431023855609,1000000.0,1000000.0,31.803386331424424,0.0,0.0,1715.4397160541364,53938901.291122496,53938901.291122496
2002,분할매수,55,2006-07-31,31.722482681274414,954.9,4.63,분할매수,0.0,0.0,0.0,1715.4397160541364,1000000.0,1000000.0,33.01223573733619,0.0,0.0,1682.4274803168003,50963754.58188092,50963754.58188092
2002,분할매수,56,2006-08-31,33.23592758178711,961.1,4.68,분할매수,0.0,0.0,0.0,1682.4274803168003,1000000.0,1000000.0,31.305714389697492,0.0,0.0,1651.1217659271028,52741865.12320818,52741865.12320818
2002,분할매수,57,2006-09-30,34.77792739868164,946.0,4.64,분할매수,0.0,0.0,0.0,1651.1217659271028,1000000.0,1000000.0,30.395211316455892,0.0,0.0,1620.7265546106469,53321772.88509883,53321772.88509883
2002,분할매수,58,2006-10-31,36.42914581298828,942.2,4.57,분할매수,0.0,0.0,0.0,1620.7265546106469,1000000.0,1000000.0,29.13452299721012,0.0,0.0,1591.5920316134368,54629074.64679774,54629074.64679774
2002,분할매수,59,2006-11-30,37.678226470947266,929.0,4.6,분할매수,0.0,0.0,0.0,1591.5920316134368,1000000.0,1000000.0,28.56892071687255,0.0,0.0,1563.0231108965643,54710611.100315616,54710611.100315616
2002,분할매수,60,2006-12-31,36.9703369140625,930.0,4.76,분할매수,0.0,0.0,0.0,1563.0231108965643,1000000.0,1000000.0,29.084636683289148,0.0,0.0,1533.9384742132752,52740506.64331021,52740506.64331021
2002,분할매수,61,2007-01-31,37.74984359741211,941.0,4.92,분할매수,0.0,0.0,0.0,1533.9384742132752,1000000.0,1000000.0,28.151090305003876,0.0,0.0,1505.7873839082713,53489487.17771746,53489487.17771746
2002,분할매수,62,2007-02-28,37.11598205566406,942.3,4.95,분할매수,0.0,0.0,0.0,1505.7873839082713,1000000.0,1000000.0,28.592350091454698,0.0,0.0,1477.1950338168167,51663995.05783545,51663995.05783545
2002,분할매수,63,2007-03-31,37.31077194213867,941.1,4.94,분할매수,0.0,0.0,0.0,1477.1950338168167,1000000.0,1000000.0,28.47934469936947,0.0,0.0,1448.7156891174473,50868996.61527401,50868996.61527401
2002,분할매수,64,2007-04-30,39.39360046386719,931.0,4.95,분할매수,0.0,0.0,0.0,1448.7156891174473,1000000.0,1000000.0,27.266201703343867,0.0,0.0,1421.4494874141035,52132288.276873566,52132288.276873566
2002,분할매수,65,2007-05-31,40.63642120361328,927.4,5.04,분할매수,0.0,0.0,0.0,1421.4494874141035,1000000.0,1000000.0,26.53489999691489,0.0,0.0,1394.9145874171886,52569053.871669754,52569053.871669754
2002,분할매수,66,2007-06-30,40.831180572509766,922.6,5.03,분할매수,0.0,0.0,0.0,1394.9145874171886,1000000.0,1000000.0,26.54572632231483,0.0,0.0,1368.3688610948739,51547614.27433981,51547614.27433981
2002,분할매수,67,2007-07-31,40.77112579345703,919.0,5.05,분할매수,0.0,0.0,0.0,1368.3688610948739,1000000.0,1000000.0,26.688968250238975,0.0,0.0,1341.6798928446349,50270953.911177196,50270953.911177196
2002,분할매수,68,2007-08-31,41.92060089111328,938.1,5.21,분할매수,0.0,0.0,0.0,1341.6798928446349,1000000.0,1000000.0,25.428653549028745,0.0,0.0,1316.2512392956062,51762522.0209853,51762522.0209853
2002,분할매수,69,2007-09-30,44.12232208251953,913.6,5.34,분할매수,0.0,0.0,0.0,1316.2512392956062,1000000.0,1000000.0,24.807645575612085,0.0,0.0,1291.4435937199942,52058289.44079995,52058289.44079995
2002,분할매수,70,2007-10-31,47.22917938232422,903.2,5.34,분할매수,0.0,0.0,0.0,1291.4435937199942,1000000.0,1000000.0,23.442594285559412,0.0,0.0,1268.0009994344348,54089619.2626394,54089619.2626394
2002,분할매수,71,2007-11-30,44.03649139404297,920.9,5.43,분할매수,0.0,0.0,0.0,1268.0009994344348,1000000.0,1000000.0,24.65896349881572,0.0,0.0,1243.3420359356192,50421504.37488309,50421504.37488309
2002,분할매수,72,2007-12-31,44.00508117675781,935.8,5.73,분할매수,0.0,0.0,0.0,1243.3420359356192,1000000.0,1000000.0,24.283659388283194,0.0,0.0,1219.058376547336,50200769.046181254,50200769.046181254
2002,분할매수,73,2008-01-31,38.77293395996094,943.4,5.81,분할매수,0.0,0.0,0.0,1219.058376547336,1000000.0,1000000.0,27.338549130988383,0.0,0.0,1191.7198274163475,43591187.72932713,43591187.72932713
2002,분할매수,74,2008-02-29,36.90000534057617,942.8,5.28,분할매수,0.0,0.0,0.0,1191.7198274163475,1000000.0,1000000.0,28.74444959743276,0.0,0.0,1162.9753778189147,40459128.42675488,40459128.42675488
2002,분할매수,75,2008-03-31,37.59089660644531,988.6,5.25,분할매수,0.0,0.0,0.0,1162.9753778189147,1000000.0,1000000.0,26.908947376767987,0.0,0.0,1136.0664304421466,42218910.109541364,42218910.109541364
2002,분할매수,76,2008-04-30,40.59162139892578,1005.0,5.38,분할매수,0.0,0.0,0.0,1136.0664304421466,1000000.0,1000000.0,24.51306061029193,0.0,0.0,1111.5533698318548,45345352.32067935,45345352.32067935
2002,분할매수,77,2008-05-31,42.999122619628906,1028.5,5.36,분할매수,0.0,0.0,0.0,1111.5533698318548,1000000.0,1000000.0,22.611850733423392,0.0,0.0,1088.9415190984314,48158000.50762,48158000.50762
2002,분할매수,78,2008-06-30,38.86471176147461,1046.8,5.36,분할매수,0.0,0.0,0.0,1088.9415190984314,1000000.0,1000000.0,24.579940932347363,0.0,0.0,1064.361578166084,43302039.70365841,43302039.70365841
2002,분할매수,79,2008-07-31,39.11422348022461,1011.5,5.52,분할매수,0.0,0.0,0.0,1064.361578166084,1000000.0,1000000.0,25.27547931294216,0.0,0.0,1039.0860988531417,41110440.91342252,41110440.91342252
2002,분할매수,80,2008-08-31,39.682106018066406,1089.0,5.77,분할매수,0.0,0.0,0.0,1039.0860988531417,1000000.0,1000000.0,23.14074875784825,0.0,0.0,1015.9453500952935,43902872.83814586,43902872.83814586
2002,분할매수,81,2008-09-30,33.501121520996094,1206.3,5.79,분할매수,0.0,0.0,0.0,1015.9453500952935,1000000.0,1000000.0,24.744878514219888,0.0,0.0,991.2004715810737,40056792.80306309,40056792.80306309
2002,분할매수,82,2008-10-31,28.31795310974121,1277.5,6.03,분할매수,0.0,0.0,0.0,991.2004715810737,1000000.0,1000000.0,27.64249456650786,0.0,0.0,963.5579770145658,34857851.7288389,34857851.7288389
2002,분할매수,83,2008-11-30,25.072021484375,1468.0,5.62,분할매수,0.0,0.0,0.0,963.5579770145658,1000000.0,1000000.0,27.169684363355792,0.0,0.0,936.38829265121,34464452.37008836,34464452.37008836
2002,분할매수,84,2008-12-31,25.643007278442383,1262.0,4.68,분할매수,0.0,0.0,0.0,936.38829265121,1000000.0,1000000.0,30.90093990682261,0.0,0.0,905.4873527443874,29302906.496525858,29302906.496525858
2002,분할매수,85,2009-01-31,25.056692123413086,1380.0,3.22,분할매수,0.0,0.0,0.0,905.4873527443874,1000000.0,1000000.0,28.91992596589857,0.0,0.0,876.5674267784889,30310154.590717435,30310154.590717435
2002,분할매수,86,2009-02-28,23.737457275390625,1532.8,2.7,분할매수,0.0,0.0,0.0,876.5674267784889,1000000.0,1000000.0,27.48402356260093,0.0,0.0,849.083403215888,30893708.167652853,30893708.167652853
2002,분할매수,87,2009-03-31,26.18634796142578,1372.3,2.45,분할매수,0.0,0.0,0.0,849.083403215888,1000000.0,1000000.0,27.82761602742671,0.0,0.0,821.2557871884612,29512258.12441271,29512258.12441271
2002,분할매수,88,2009-04-30,29.606460571289062,1277.0,2.42,분할매수,0.0,0.0,0.0,821.2557871884612,1000000.0,1000000.0,26.449813358076177,0.0,0.0,794.805973830385,30049587.2341458,30049587.2341458
2002,분할매수,89,2009-05-31,30.55649757385254,1249.0,2.41,분할매수,0.0,0.0,0.0,794.805973830385,1000000.0,1000000.0,26.20197260745757,0.0,0.0,768.6040012229274,29333822.026978545,29333822.026978545
2002,분할매수,90,2009-06-30,31.458803176879883,1273.5,2.41,분할매수,0.0,0.0,0.0,768.6040012229274,1000000.0,1000000.0,24.96082034459719,0.0,0.0,743.6431808783302,29792417.50118573,29792417.50118573
2002,분할매수,91,2009-07-31,34.113521575927734,1222.2,2.41,분할매수,0.0,0.0,0.0,743.6431808783302,1000000.0,1000000.0,23.984527445056163,0.0,0.0,719.658653433274,30005121.22166553,30005121.22166553
2002,분할매수,92,2009-08-31,34.61505126953125,1248.0,2.48,분할매수,0.0,0.0,0.0,719.658653433274,1000000.0,1000000.0,23.148371066760582,0.0,0.0,696.5102823665135,30088954.439072944,30088954.439072944
2002,분할매수,93,2009-09-30,36.570106506347656,1175.0,2.64,분할매수,0.0,0.0,0.0,696.5102823665135,1000000.0,1000000.0,23.272117887857686,0.0,0.0,673.2381644786558,28928959.870468874,28928959.870468874
2002,분할매수,94,2009-10-31,35.45353317260742,1182.0,2.79,분할매수,0.0,0.0,0.0,673.2381644786558,1000000.0,1000000.0,23.86288792556643,0.0,0.0,649.3752765530894,27212769.828137856,27212769.828137856
2002,분할매수,95,2009-11-30,37.70399475097656,1164.4,2.79,분할매수,0.0,0.0,0.0,649.3752765530894,1000000.0,1000000.0,22.77772980522746,0.0,0.0,626.597546747862,27509218.526424818,27509218.526424818
2002,분할매수,96,2009-12-31,39.66565704345703,1163.65,2.82,분할매수,0.0,0.0,0.0,626.597546747862,1000000.0,1000000.0,21.66521352150372,0.0,0.0,604.9323332263583,27921826.508930326,27921826.508930326
2002,분할매수,97,2010-01-31,37.09931945800781,1158.7,2.88,분할매수,0.0,0.0,0.0,604.9323332263583,1000000.0,1000000.0,23.262856942484163,0.0,0.0,581.6694762838741,25004214.990532435,25004214.990532435
2002,분할매수,98,2010-02-28,38.807308197021484,1159.0,2.88,분할매수,0.0,0.0,0.0,581.6694762838741,1000000.0,1000000.0,22.233254758319276,0.0,0.0,559.4362215255549,25162137.869905174,25162137.869905174
2002,분할매수,99,2010-03-31,41.799720764160156,1131.2,2.83,분할매수,0.0,0.0,0.0,559.4362215255549,1000000.0,1000000.0,21.14887269495485,0.0,0.0,538.2873488306,25452295.09840544,25452295.09840544
2002,분할매수,100,2010-04-30,42.73708724975586,1108.0,2.51,분할매수,0.0,0.0,0.0,538.2873488306,1000000.0,1000000.0,21.118123248266766,0.0,0.0,517.1692255823332,24489355.398793735,24489355.398793735
2002,분할매수,101,2010-05-31,39.57780075073242,1194.5,2.45,분할매수,0.0,0.0,0.0,517.1692255823332,1000000.0,1000000.0,21.152523593762744,0.0,0.0,496.01670198857045,23449528.36430501,23449528.36430501
2002,분할매수,102,2010-06-30,37.212772369384766,1220.85,2.45,분할매수,0.0,0.0,0.0,496.01670198857045,1000000.0,1000000.0,22.011298636484625,0.0,0.0,474.0054033520858,21534640.512595765,21534640.512595765
2002,분할매수,103,2010-07-31,39.91376495361328,1182.0,2.58,분할매수,0.0,0.0,0.0,474.0054033520858,1000000.0,1000000.0,21.19628879025842,0.0,0.0,452.8091145618274,21362660.182754893,21362660.182754893
2002,분할매수,104,2010-08-31,37.86624526977539,1198.0,2.63,분할매수,0.0,0.0,0.0,452.8091145618274,1000000.0,1000000.0,22.044027205617205,0.0,0.0,430.7650873562102,19541124.8288808,19541124.8288808
2002,분할매수,105,2010-09-30,42.85429382324219,1140.1,2.66,분할매수,0.0,0.0,0.0,430.7650873562102,1000000.0,1000000.0,20.467401611380872,0.0,0.0,410.2976857448293,20046398.34284992,20046398.34284992
2002,분할매수,106,2010-10-31,45.57033157348633,1124.0,2.66,분할매수,0.0,0.0,0.0,410.2976857448293,1000000.0,1000000.0,19.523222337493884,0.0,0.0,390.7744634073354,20015879.379545987,20015879.379545987
2002,분할매수,107,2010-11-30,45.49174880981445,1157.2,2.73,분할매수,0.0,0.0,0.0,390.7744634073354,1000000.0,1000000.0,18.995859230715258,0.0,0.0,371.77860417662015,19571560.28906945,19571560.28906945
2002,분할매수,108,2010-12-31,47.65583801269531,1130.6,2.8,분할매수,0.0,0.0,0.0,371.77860417662015,1000000.0,1000000.0,18.559869062262504,0.0,0.0,353.2187351143576,19031316.11162882,19031316.11162882
2002,분할매수,109,2011-01-31,49.00342559814453,1119.1,2.93,분할매수,0.0,0.0,0.0,353.2187351143576,1000000.0,1000000.0,18.23495364753519,0.0,0.0,334.98378146682245,18370421.331567362,18370421.331567362
2002,분할매수,110,2011-02-28,50.55229187011719,1123.7,3.13,분할매수,0.0,0.0,0.0,334.98378146682245,1000000.0,1000000.0,17.603894992206044,0.0,0.0,317.3798864746164,18028958.171764452,18028958.171764452
2002,분할매수,111,2011-03-31,50.32568359375,1097.25,3.35,분할매수,0.0,0.0,0.0,317.3798864746164,1000000.0,1000000.0,18.109427778049056,0.0,0.0,299.27045869656735,16525671.731015233,16525671.731015233
2002,분할매수,112,2011-04-30,51.771575927734375,1068.4,3.4,분할매수,0.0,0.0,0.0,299.27045869656735,1000000.0,1000000.0,18.07901376956591,0.0,0.0,281.19144492700144,15553472.579370297,15553472.579370297
2002,분할매수,113,2011-05-31,51.1406364440918,1078.0,3.46,분할매수,0.0,0.0,0.0,281.19144492700144,1000000.0,1000000.0,18.139073920223204,0.0,0.0,263.05237100677823,14501973.593784291,14501973.593784291
2002,분할매수,114,2011-06-30,50.10478973388672,1066.3,3.53,분할매수,0.0,0.0,0.0,263.05237100677823,1000000.0,1000000.0,18.717220078615295,0.0,0.0,244.33515092816293,13054029.920143938,13054029.920143938
2002,분할매수,115,2011-07-31,50.93914031982422,1054.0,3.59,분할매수,0.0,0.0,0.0,244.33515092816293,1000000.0,1000000.0,18.62549303852943,0.0,0.0,225.7096578896335,12118318.555257656,12118318.555257656
2002,분할매수,116,2011-08-31,48.35704040527344,1063.9,3.59,분할매수,0.0,0.0,0.0,225.7096578896335,1000000.0,1000000.0,19.43745845934499,0.0,0.0,206.2721994302885,10612097.248296294,10612097.248296294
2002,분할매수,117,2011-09-30,46.18540954589844,1180.9,3.58,분할매수,0.0,0.0,0.0,206.2721994302885,1000000.0,1000000.0,18.335049143725616,0.0,0.0,187.93715028656288,10250157.979580672,10250157.979580672
2002,분할매수,118,2011-10-31,50.989601135253906,1112.05,3.58,분할매수,0.0,0.0,0.0,187.93715028656288,1000000.0,1000000.0,17.635755566995662,0.0,0.0,170.3013947195672,9656597.590764798,9656597.590764798
2002,분할매수,119,2011-11-30,49.61699295043945,1140.05,3.56,분할매수,0.0,0.0,0.0,170.3013947195672,1000000.0,1000000.0,17.678510095185096,0.0,0.0,152.62288462438212,8633243.627580944,8633243.627580944
2002,분할매수,120,2011-12-31,49.31224060058594,1158.5,3.55,분할매수,0.0,0.0,0.0,152.62288462438212,1000000.0,1000000.0,17.50448048400194,0.0,0.0,135.1184041403802,7719075.36838185,7719075.36838185
2003,일시매수,0,2002-12-31,20.535011291503906,1186.3,4.9,전액매수,100000000.0,0.0,100000000.0,0.0,0.0,0.0,0.0,100000000.0,0.0,4104.975066815299,100000000.0,100000000.0
2003,일시매수,1,2003-01-31,20.5939998626709,1165.0,4.7,전액매수,0.0,0.0,0.0,4104.975066815299,1000000.0,1000000.0,41.68054309198786,0.0,0.0,4063.294523723311,97486602.19603492,97486602.19603492
2003,일시매수,2,2003-02-28,21.2006893157959,1193.7,4.54,전액매수,0.0,0.0,0.0,4063.294523723311,1000000.0,1000000.0,39.514348369867555,0.0,0.0,4023.7801753534436,101830862.49302433,101830862.49302433
2003,일시매수,3,2003-03-31,21.27652359008789,1252.0,4.76,전액매수,0.0,0.0,0.0,4023.7801753534436,1000000.0,1000000.0,37.540063410572195,0.0,0.0,3986.2401119428714,106186291.38543889,106186291.38543889
2003,일시매수,4,2003-04-30,23.130334854125977,1215.5,4.62,전액매수,0.0,0.0,0.0,3986.2401119428714,1000000.0,1000000.0,35.568300686009835,0.0,0.0,3950.6718112568615,111072829.88109659,111072829.88109659
2003,일시매수,5,2003-05-31,25.10209846496582,1210.0,4.39,전액매수,0.0,0.0,0.0,3950.6718112568615,1000000.0,1000000.0,32.92339411962628,0.0,0.0,3917.7484171372353,118995884.89881086,118995884.89881086
2003,일시매수,6,2003-06-30,25.236921310424805,1196.0,4.28,전액매수,0.0,0.0,0.0,3917.7484171372353,1000000.0,1000000.0,33.13083997264001,0.0,0.0,3884.6175771645953,117250802.58673115,117250802.58673115
2003,일시매수,7,2003-07-31,26.795799255371094,1181.0,4.15,전액매수,0.0,0.0,0.0,3884.6175771645953,1000000.0,1000000.0,31.59973108974079,0.0,0.0,3853.0178460748543,121931982.11505604,121931982.11505604
2003,일시매수,8,2003-08-31,28.13558578491211,1175.0,3.9,전액매수,0.0,0.0,0.0,3853.0178460748543,1000000.0,1000000.0,30.248662185083155,0.0,0.0,3822.7691838897713,126378124.1133677,126378124.1133677
2003,일시매수,9,2003-09-30,27.31822967529297,1150.2,3.83,전액매수,0.0,0.0,0.0,3822.7691838897713,1000000.0,1000000.0,31.82541567619342,0.0,0.0,3790.9437682135776,119116865.80261521,119116865.80261521
2003,일시매수,10,2003-10-31,29.643890380859375,1184.0,3.93,전액매수,0.0,0.0,0.0,3790.9437682135776,1000000.0,1000000.0,28.491354668479577,0.0,0.0,3762.452413545098,132055932.6618315,132055932.6618315
2003,일시매수,11,2003-11-30,29.81243324279785,1202.1,4.23,전액매수,0.0,0.0,0.0,3762.452413545098,1000000.0,1000000.0,27.90371187920249,0.0,0.0,3734.5487016658954,133836986.19857708,133836986.19857708
2003,일시매수,12,2003-12-31,30.73448371887207,1192.0,4.34,전액매수,0.0,0.0,0.0,3734.5487016658954,1000000.0,1000000.0,27.29592539019986,0.0,0.0,3707.2527762756954,135817076.11227286,135817076.11227286
2003,일시매수,13,2004-01-31,31.248687744140625,1174.0,4.26,전액매수,0.0,0.0,0.0,3707.2527762756954,1000000.0,1000000.0,27.258384843636602,0.0,0.0,3679.994391432059,135004124.87906978,135004124.87906978
2003,일시매수,14,2004-02-29,30.82720184326172,1179.0,4.08,전액매수,0.0,0.0,0.0,3679.994391432059,1000000.0,1000000.0,27.513895844585097,0.0,0.0,3652.480495587474,132750393.3364749,132750393.3364749
2003,일시매수,15,2004-03-31,30.21183967590332,1146.7,3.93,전액매수,0.0,0.0,0.0,3652.480495587474,1000000.0,1000000.0,28.865096657683353,0.0,0.0,3623.6153989297904,125536229.5128588,125536229.5128588
2003,일시매수,16,2004-04-30,29.309879302978516,1173.6,3.91,전액매수,0.0,0.0,0.0,3623.6153989297904,1000000.0,1000000.0,29.07139480616623,0.0,0.0,3594.5440041236243,123645391.90810338,123645391.90810338
2003,일시매수,17,2004-05-31,30.81033706665039,1165.0,3.9,전액매수,0.0,0.0,0.0,3594.5440041236243,1000000.0,1000000.0,27.859776309995617,0.0,0.0,3566.6842278136287,128022715.90866876,128022715.90866876
2003,일시매수,18,2004-06-30,31.813488006591797,1156.0,3.91,전액매수,0.0,0.0,0.0,3566.6842278136287,1000000.0,1000000.0,27.191356789766246,0.0,0.0,3539.4928710238623,130169777.78600544,130169777.78600544
2003,일시매수,19,2004-07-31,29.41102409362793,1170.0,3.91,전액매수,0.0,0.0,0.0,3539.4928710238623,1000000.0,1000000.0,29.06056082848304,0.0,0.0,3510.432310195379,120797128.82742132,120797128.82742132
2003,일시매수,20,2004-08-31,28.677654266357422,1152.0,3.7,전액매수,0.0,0.0,0.0,3510.432310195379,1000000.0,1000000.0,30.26940584097551,0.0,0.0,3480.1629043544035,114972950.66305293,114972950.66305293
2003,일시매수,21,2004-09-30,29.621776580810547,1152.0,3.52,전액매수,0.0,0.0,0.0,3480.1629043544035,1000000.0,1000000.0,29.304641913945687,0.0,0.0,3450.858262440458,117758076.43628775,117758076.43628775
2003,일시매수,22,2004-10-31,31.105375289916992,1120.0,3.52,전액매수,0.0,0.0,0.0,3450.858262440458,1000000.0,1000000.0,28.704271674438477,0.0,0.0,3422.1539907660194,119221070.28458385,119221070.28458385
2003,일시매수,23,2004-11-30,32.97675704956055,1048.0,3.42,전액매수,0.0,0.0,0.0,3422.1539907660194,1000000.0,1000000.0,28.93548543443445,0.0,0.0,3393.2185053315848,117268414.69517949,117268414.69517949
2003,일시매수,24,2004-12-31,33.97343063354492,1035.1,3.39,전액매수,0.0,0.0,0.0,3393.2185053315848,1000000.0,1000000.0,28.436640480865698,0.0,0.0,3364.781864850719,118325576.01573212,118325576.01573212
2003,일시매수,25,2005-01-31,31.828834533691406,1026.85,3.47,전액매수,0.0,0.0,0.0,3364.781864850719,1000000.0,1000000.0,30.596535692799016,0.0,0.0,3334.18532915792,108972641.95641047,108972641.95641047
2003,일시매수,26,2005-02-28,31.67561912536621,1000.85,3.59,전액매수,0.0,0.0,0.0,3334.18532915792,1000000.0,1000000.0,31.543210503066845,0.0,0.0,3302.642118654853,104702155.10668288,104702155.10668288
2003,일시매수,27,2005-03-31,31.122455596923828,1015.4,3.55,전액매수,0.0,0.0,0.0,3302.642118654853,1000000.0,1000000.0,31.643825791984526,0.0,0.0,3270.9982928628688,103369242.21379775,103369242.21379775
2003,일시매수,28,2005-04-30,29.76930046081543,997.0,3.52,전액매수,0.0,0.0,0.0,3270.9982928628688,1000000.0,1000000.0,33.692730818498035,0.0,0.0,3237.3055620443706,96083204.99408793,96083204.99408793
2003,일시매수,29,2005-05-31,32.40752410888672,1005.0,3.51,전액매수,0.0,0.0,0.0,3237.3055620443706,1000000.0,1000000.0,30.703514167842187,0.0,0.0,3206.6020478765286,104437623.34003495,104437623.34003495
2003,일시매수,30,2005-06-30,31.330127716064453,1034.5,3.51,전액매수,0.0,0.0,0.0,3206.6020478765286,1000000.0,1000000.0,30.853706202047228,0.0,0.0,3175.7483416744813,102929233.87802796,102929233.87802796
2003,일시매수,31,2005-07-31,33.71521759033203,1026.5,3.51,전액매수,0.0,0.0,0.0,3175.7483416744813,1000000.0,1000000.0,28.894493063517466,0.0,0.0,3146.8538486109637,108908429.08001105,108908429.08001105
2003,일시매수,32,2005-08-31,33.204132080078125,1039.0,3.5,전액매수,0.0,0.0,0.0,3146.8538486109637,1000000.0,1000000.0,28.986269096939466,0.0,0.0,3117.8675795140243,107563604.30819385,107563604.30819385
2003,일시매수,33,2005-09-30,33.61298751831055,1042.4,3.7,전액매수,0.0,0.0,0.0,3117.8675795140243,1000000.0,1000000.0,28.540296661641577,0.0,0.0,3089.3272828523827,108244399.8209895,108244399.8209895
2003,일시매수,34,2005-10-31,33.11042022705078,1043.5,3.93,전액매수,0.0,0.0,0.0,3089.3272828523827,1000000.0,1000000.0,28.94295396736042,0.0,0.0,3060.384328885022,105738492.77224024,105738492.77224024
2003,일시매수,35,2005-11-30,35.129241943359375,1037.4,3.96,전액매수,0.0,0.0,0.0,3060.384328885022,1000000.0,1000000.0,27.44005503801098,0.0,0.0,3032.944273847011,110529817.43825458,110529817.43825458
2003,일시매수,36,2005-12-31,34.50527572631836,1010.0,4.04,전액매수,0.0,0.0,0.0,3032.944273847011,1000000.0,1000000.0,28.69413413050363,0.0,0.0,3004.2501397165074,104699104.21596603,104699104.21596603
2003,일시매수,37,2006-01-31,35.862937927246094,958.9,4.15,전액매수,0.0,0.0,0.0,3004.2501397165074,1000000.0,1000000.0,29.0790903517071,0.0,0.0,2975.1710493648,102313071.46752413,102313071.46752413
2003,일시매수,38,2006-02-28,35.09444808959961,970.9,4.25,전액매수,0.0,0.0,0.0,2975.1710493648,1000000.0,1000000.0,29.348579243110716,0.0,0.0,2945.8224701216895,100373597.15847886,100373597.15847886
2003,일시매수,39,2006-03-31,35.82828903198242,971.4,4.27,전액매수,0.0,0.0,0.0,2945.8224701216895,1000000.0,1000000.0,28.73265986813024,0.0,0.0,2917.0898102535593,101525226.81999044,101525226.81999044
2003,일시매수,40,2006-04-30,35.75992965698242,942.8,4.33,전액매수,0.0,0.0,0.0,2917.0898102535593,1000000.0,1000000.0,29.660862139030712,0.0,0.0,2887.428948114529,97348112.62667118,97348112.62667118
2003,일시매수,41,2006-05-31,33.17084884643555,945.3,4.36,전액매수,0.0,0.0,0.0,2887.428948114529,1000000.0,1000000.0,31.891412633645402,0.0,0.0,2855.5375354808834,89539386.92788713,89539386.92788713
2003,일시매수,42,2006-06-30,33.15044021606445,948.5,4.47,전액매수,0.0,0.0,0.0,2855.5375354808834,1000000.0,1000000.0,31.803386331424424,0.0,0.0,2823.734149149459,88787216.54742067,88787216.54742067
2003,일시매수,43,2006-07-31,31.722482681274414,954.9,4.63,전액매수,0.0,0.0,0.0,2823.734149149459,1000000.0,1000000.0,33.01223573733619,0.0,0.0,2790.721913412123,84535986.46322131,84535986.46322131
2003,일시매수,44,2006-08-31,33.23592758178711,961.1,4.68,전액매수,0.0,0.0,0.0,2790.721913412123,1000000.0,1000000.0,31.305714389697492,0.0,0.0,2759.416199022425,88144169.61302538,88144169.61302538
2003,일시매수,45,2006-09-30,34.77792739868164,946.0,4.64,전액매수,0.0,0.0,0.0,2759.416199022425,1000000.0,1000000.0,30.395211316455892,0.0,0.0,2729.020987705969,89784570.31580116,89784570.31580116
2003,일시매수,46,2006-10-31,36.42914581298828,942.2,4.57,전액매수,0.0,0.0,0.0,2729.020987705969,1000000.0,1000000.0,29.13452299721012,0.0,0.0,2699.886464708759,92669664.26624855,92669664.26624855
2003,일시매수,47,2006-11-30,37.678226470947266,929.0,4.6,전액매수,0.0,0.0,0.0,2699.886464708759,1000000.0,1000000.0,28.56892071687255,0.0,0.0,2671.3175439918864,93504321.37305872,93504321.37305872
2003,일시매수,48,2006-12-31,36.9703369140625,930.0,4.76,전액매수,0.0,0.0,0.0,2671.3175439918864,1000000.0,1000000.0,29.084636683289148,0.0,0.0,2642.232907308597,90846343.93341818,90846343.93341818
2003,일시매수,49,2007-01-31,37.74984359741211,941.0,4.92,전액매수,0.0,0.0,0.0,2642.232907308597,1000000.0,1000000.0,28.151090305003876,0.0,0.0,2614.081817003593,92858990.13790376,92858990.13790376
2003,일시매수,50,2007-02-28,37.11598205566406,942.3,4.95,전액매수,0.0,0.0,0.0,2614.081817003593,1000000.0,1000000.0,28.592350091454698,0.0,0.0,2585.4894669121386,90425916.67499395,90425916.67499395
2003,일시매수,51,2007-03-31,37.31077194213867,941.1,4.94,전액매수,0.0,0.0,0.0,2585.4894669121386,1000000.0,1000000.0,28.47934469936947,0.0,0.0,2557.010122212769,89784724.6558795,89784724.6558795
2003,일시매수,52,2007-04-30,39.39360046386719,931.0,4.95,전액매수,0.0,0.0,0.0,2557.010122212769,1000000.0,1000000.0,27.266201703343867,0.0,0.0,2529.743920509425,92779476.51209456,92779476.51209456
2003,일시매수,53,2007-05-31,40.63642120361328,927.4,5.04,전액매수,0.0,0.0,0.0,2529.743920509425,1000000.0,1000000.0,26.53489999691489,0.0,0.0,2503.20902051251,94336478.40404704,94336478.40404704
2003,일시매수,54,2007-06-30,40.831180572509766,922.6,5.03,전액매수,0.0,0.0,0.0,2503.20902051251,1000000.0,1000000.0,26.54572632231483,0.0,0.0,2476.6632941901953,93298004.51187001,93298004.51187001
2003,일시매수,55,2007-07-31,40.77112579345703,919.0,5.05,전액매수,0.0,0.0,0.0,2476.6632941901953,1000000.0,1000000.0,26.688968250238975,0.0,0.0,2449.9743259399565,91797266.30751339,91797266.30751339
2003,일시매수,56,2007-08-31,41.92060089111328,938.1,5.21,전액매수,0.0,0.0,0.0,2449.9743259399565,1000000.0,1000000.0,25.428653549028745,0.0,0.0,2424.545672390928,95346993.80429973,95346993.80429973
2003,일시매수,57,2007-09-30,44.12232208251953,913.6,5.34,전액매수,0.0,0.0,0.0,2424.545672390928,1000000.0,1000000.0,24.807645575612085,0.0,0.0,2399.7380268153156,96733808.11174002,96733808.11174002
2003,일시매수,58,2007-10-31,47.22917938232422,903.2,5.34,전액매수,0.0,0.0,0.0,2399.7380268153156,1000000.0,1000000.0,23.442594285559412,0.0,0.0,2376.295432529756,101366572.46990572,101366572.46990572
2003,일시매수,59,2007-11-30,44.03649139404297,920.9,5.43,전액매수,0.0,0.0,0.0,2376.295432529756,1000000.0,1000000.0,24.65896349881572,0.0,0.0,2351.63646903094,95366395.63718407,95366395.63718407
2003,일시매수,60,2007-12-31,44.00508117675781,935.8,5.73,전액매수,0.0,0.0,0.0,2351.63646903094,1000000.0,1000000.0,24.283659388283194,0.0,0.0,2327.352809642657,95840283.88923949,95840283.88923949
2003,일시매수,61,2008-01-31,38.77293395996094,943.4,5.81,전액매수,0.0,0.0,0.0,2327.352809642657,1000000.0,1000000.0,27.338549130988383,0.0,0.0,2300.014260511669,84130809.19150136,84130809.19150136
2003,일시매수,62,2008-02-29,36.90000534057617,942.8,5.28,전액매수,0.0,0.0,0.0,2300.014260511669,1000000.0,1000000.0,28.74444959743276,0.0,0.0,2271.269810914236,79015943.6942946,79015943.6942946
2003,일시매수,63,2008-03-31,37.59089660644531,988.6,5.25,전액매수,0.0,0.0,0.0,2271.269810914236,1000000.0,1000000.0,26.908947376767987,0.0,0.0,2244.360863537468,83405747.24506508,83405747.24506508
2003,일시매수,64,2008-04-30,40.59162139892578,1005.0,5.38,전액매수,0.0,0.0,0.0,2244.360863537468,1000000.0,1000000.0,24.51306061029193,0.0,0.0,2219.847802927176,90557757.68755543,90557757.68755543
2003,일시매수,65,2008-05-31,42.999122619628906,1028.5,5.36,전액매수,0.0,0.0,0.0,2219.847802927176,1000000.0,1000000.0,22.611850733423392,0.0,0.0,2197.2359521937524,97171875.84941636,97171875.84941636
2003,일시매수,66,2008-06-30,38.86471176147461,1046.8,5.36,전액매수,0.0,0.0,0.0,2197.2359521937524,1000000.0,1000000.0,24.579940932347363,0.0,0.0,2172.656011261405,88391425.23740469,88391425.23740469
2003,일시매수,67,2008-07-31,39.11422348022461,1011.5,5.52,전액매수,0.0,0.0,0.0,2172.656011261405,1000000.0,1000000.0,25.27547931294216,0.0,0.0,2147.380531948463,84959042.92698851,84959042.92698851
2003,일시매수,68,2008-08-31,39.682106018066406,1089.0,5.77,전액매수,0.0,0.0,0.0,2147.380531948463,1000000.0,1000000.0,23.14074875784825,0.0,0.0,2124.239783190615,91796501.7216728,91796501.7216728
2003,일시매수,69,2008-09-30,33.501121520996094,1206.3,5.79,전액매수,0.0,0.0,0.0,2124.239783190615,1000000.0,1000000.0,24.744878514219888,0.0,0.0,2099.494904676395,84845633.95491716,84845633.95491716
2003,일시매수,70,2008-10-31,28.31795310974121,1277.5,6.03,전액매수,0.0,0.0,0.0,2099.494904676395,1000000.0,1000000.0,27.64249456650786,0.0,0.0,2071.852410109887,74951716.28323951,74951716.28323951
2003,일시매수,71,2008-11-30,25.072021484375,1468.0,5.62,전액매수,0.0,0.0,0.0,2071.852410109887,1000000.0,1000000.0,27.169684363355792,0.0,0.0,2044.682725746531,75256035.30765447,75256035.30765447
2003,일시매수,72,2008-12-31,25.643007278442383,1262.0,4.68,전액매수,0.0,0.0,0.0,2044.682725746531,1000000.0,1000000.0,30.90093990682261,0.0,0.0,2013.7817858397084,65168949.29125072,65168949.29125072
2003,일시매수,73,2009-01-31,25.056692123413086,1380.0,3.22,전액매수,0.0,0.0,0.0,2013.7817858397084,1000000.0,1000000.0,28.91992596589857,0.0,0.0,1984.8618598738099,68633020.09190114,68633020.09190114
2003,일시매수,74,2009-02-28,23.737457275390625,1532.8,2.7,전액매수,0.0,0.0,0.0,1984.8618598738099,1000000.0,1000000.0,27.48402356260093,0.0,0.0,1957.377836311209,71218751.20841926,71218751.20841926
2003,일시매수,75,2009-03-31,26.18634796142578,1372.3,2.45,전액매수,0.0,0.0,0.0,1957.377836311209,1000000.0,1000000.0,27.82761602742671,0.0,0.0,1929.5502202837822,69339400.77303176,69339400.77303176
2003,일시매수,76,2009-04-30,29.606460571289062,1277.0,2.42,전액매수,0.0,0.0,0.0,1929.5502202837822,1000000.0,1000000.0,26.449813358076177,0.0,0.0,1903.100406925706,71951373.76440556,71951373.76440556
2003,일시매수,77,2009-05-31,30.55649757385254,1249.0,2.41,전액매수,0.0,0.0,0.0,1903.100406925706,1000000.0,1000000.0,26.20197260745757,0.0,0.0,1876.8984343182485,71631951.62581187,71631951.62581187
2003,일시매수,78,2009-06-30,31.458803176879883,1273.5,2.41,전액매수,0.0,0.0,0.0,1876.8984343182485,1000000.0,1000000.0,24.96082034459719,0.0,0.0,1851.9376139736514,74193780.02832772,74193780.02832772
2003,일시매수,79,2009-07-31,34.113521575927734,1222.2,2.41,전액매수,0.0,0.0,0.0,1851.9376139736514,1000000.0,1000000.0,23.984527445056163,0.0,0.0,1827.9530865285953,76213846.22715943,76213846.22715943
2003,일시매수,80,2009-08-31,34.61505126953125,1248.0,2.48,전액매수,0.0,0.0,0.0,1827.9530865285953,1000000.0,1000000.0,23.148371066760582,0.0,0.0,1804.8047154618348,77966812.88098957,77966812.88098957
2003,일시매수,81,2009-09-30,36.570106506347656,1175.0,2.64,전액매수,0.0,0.0,0.0,1804.8047154618348,1000000.0,1000000.0,23.272117887857686,0.0,0.0,1781.5325975739772,76552233.28442739,76552233.28442739
2003,일시매수,82,2009-10-31,35.45353317260742,1182.0,2.79,전액매수,0.0,0.0,0.0,1781.5325975739772,1000000.0,1000000.0,23.86288792556643,0.0,0.0,1757.6697096484108,73657040.8045735,73657040.8045735
2003,일시매수,83,2009-11-30,37.70399475097656,1164.4,2.79,전액매수,0.0,0.0,0.0,1757.6697096484108,1000000.0,1000000.0,22.77772980522746,0.0,0.0,1734.8919798431834,76166149.77340841,76166149.77340841
2003,일시매수,84,2009-12-31,39.66565704345703,1163.65,2.82,전액매수,0.0,0.0,0.0,1734.8919798431834,1000000.0,1000000.0,21.66521352150372,0.0,0.0,1713.2267663216796,79077308.17521016,79077308.17521016
2003,일시매수,85,2010-01-31,37.09931945800781,1158.7,2.88,전액매수,0.0,0.0,0.0,1713.2267663216796,1000000.0,1000000.0,23.262856942484163,0.0,0.0,1689.9639093791955,72646447.23378201,72646447.23378201
2003,일시매수,86,2010-02-28,38.807308197021484,1159.0,2.88,전액매수,0.0,0.0,0.0,1689.9639093791955,1000000.0,1000000.0,22.233254758319276,0.0,0.0,1667.730654620876,75010639.36654808,75010639.36654808
2003,일시매수,87,2010-03-31,41.799720764160156,1131.2,2.83,전액매수,0.0,0.0,0.0,1667.730654620876,1000000.0,1000000.0,21.14887269495485,0.0,0.0,1646.5817819259212,77856716.32127796,77856716.32127796
2003,일시매수,88,2010-04-30,42.73708724975586,1108.0,2.51,전액매수,0.0,0.0,0.0,1646.5817819259212,1000000.0,1000000.0,21.118123248266766,0.0,0.0,1625.4636586776544,76970081.08005343,76970081.08005343
2003,일시매수,89,2010-05-31,39.57780075073242,1194.5,2.45,전액매수,0.0,0.0,0.0,1625.4636586776544,1000000.0,1000000.0,21.152523593762744,0.0,0.0,1604.3111350838917,75844904.65038203,75844904.65038203
2003,일시매수,90,2010-06-30,37.212772369384766,1220.85,2.45,전액매수,0.0,0.0,0.0,1604.3111350838917,1000000.0,1000000.0,22.011298636484625,0.0,0.0,1582.2998364474072,71885801.13236393,71885801.13236393
2003,일시매수,91,2010-07-31,39.91376495361328,1182.0,2.58,전액매수,0.0,0.0,0.0,1582.2998364474072,1000000.0,1000000.0,21.19628879025842,0.0,0.0,1561.1035476571487,73649852.7220772,73649852.7220772
2003,일시매수,92,2010-08-31,37.86624526977539,1198.0,2.63,전액매수,0.0,0.0,0.0,1561.1035476571487,1000000.0,1000000.0,22.044027205617205,0.0,0.0,1539.0595204515316,69817529.53286831,69817529.53286831
2003,일시매수,93,2010-09-30,42.85429382324219,1140.1,2.66,전액매수,0.0,0.0,0.0,1539.0595204515316,1000000.0,1000000.0,20.467401611380872,0.0,0.0,1518.5921188401508,74195647.67790258,74195647.67790258
2003,일시매수,94,2010-10-31,45.57033157348633,1124.0,2.66,전액매수,0.0,0.0,0.0,1518.5921188401508,1000000.0,1000000.0,19.523222337493884,0.0,0.0,1499.0688965026568,76783886.931602,76783886.931602
2003,일시매수,95,2010-11-30,45.49174880981445,1157.2,2.73,전액매수,0.0,0.0,0.0,1499.0688965026568,1000000.0,1000000.0,18.995859230715258,0.0,0.0,1480.0730372719415,77915561.4545061,77915561.4545061
2003,일시매수,96,2010-12-31,47.65583801269531,1130.6,2.8,전액매수,0.0,0.0,0.0,1480.0730372719415,1000000.0,1000000.0,18.559869062262504,0.0,0.0,1461.513168209679,78745877.10219094,78745877.10219094
2003,일시매수,97,2011-01-31,49.00342559814453,1119.1,2.93,전액매수,0.0,0.0,0.0,1461.513168209679,1000000.0,1000000.0,18.23495364753519,0.0,0.0,1443.2782145621438,79148992.7783409,79148992.7783409
2003,일시매수,98,2011-02-28,50.55229187011719,1123.7,3.13,전액매수,0.0,0.0,0.0,1443.2782145621438,1000000.0,1000000.0,17.603894992206044,0.0,0.0,1425.6743195699378,80986299.91834998,80986299.91834998
2003,일시매수,99,2011-03-31,50.32568359375,1097.25,3.35,전액매수,0.0,0.0,0.0,1425.6743195699378,1000000.0,1000000.0,18.109427778049056,0.0,0.0,1407.5648917918886,77725531.09038803,77725531.09038803
2003,일시매수,100,2011-04-30,51.771575927734375,1068.4,3.4,전액매수,0.0,0.0,0.0,1407.5648917918886,1000000.0,1000000.0,18.07901376956591,0.0,0.0,1389.4858780223226,76856287.39115039,76856287.39115039
2003,일시매수,101,2011-05-31,51.1406364440918,1078.0,3.46,전액매수,0.0,0.0,0.0,1389.4858780223226,1000000.0,1000000.0,18.139073920223204,0.0,0.0,1371.3468041020994,75601809.11844614,75601809.11844614
2003,일시매수,102,2011-06-30,50.10478973388672,1066.3,3.53,전액매수,0.0,0.0,0.0,1371.3468041020994,1000000.0,1000000.0,18.717220078615295,0.0,0.0,1352.629584023484,72266585.44069178,72266585.44069178
2003,일시매수,103,2011-07-31,50.93914031982422,1054.0,3.59,전액매수,0.0,0.0,0.0,1352.629584023484,1000000.0,1000000.0,18.62549303852943,0.0,0.0,1334.0040909849547,71622484.74310888,71622484.74310888
2003,일시매수,104,2011-08-31,48.35704040527344,1063.9,3.59,전액매수,0.0,0.0,0.0,1334.0040909849547,1000000.0,1000000.0,19.43745845934499,0.0,0.0,1314.5666325256097,67630582.22221448,67630582.22221448
2003,일시매수,105,2011-09-30,46.18540954589844,1180.9,3.58,전액매수,0.0,0.0,0.0,1314.5666325256097,1000000.0,1000000.0,18.335049143725616,0.0,0.0,1296.231583381884,70696924.41077879,70696924.41077879
2003,일시매수,106,2011-10-31,50.989601135253906,1112.05,3.58,전액매수,0.0,0.0,0.0,1296.231583381884,1000000.0,1000000.0,17.635755566995662,0.0,0.0,1278.5958278148885,72500201.25067449,72500201.25067449
2003,일시매수,107,2011-11-30,49.61699295043945,1140.05,3.56,전액매수,0.0,0.0,0.0,1278.5958278148885,1000000.0,1000000.0,17.678510095185096,0.0,0.0,1260.9173177197033,71324863.40368274,71324863.40368274
2003,일시매수,108,2011-12-31,49.31224060058594,1158.5,3.55,전액매수,0.0,0.0,0.0,1260.9173177197033,1000000.0,1000000.0,17.50448048400194,0.0,0.0,1243.4128372357013,71033975.46543053,71033975.46543053
2003,일시매수,109,2012-01-31,53.46356201171875,1125.7,3.55,전액매수,0.0,0.0,0.0,1243.4128372357013,1000000.0,1000000.0,16.615730657883987,0.0,0.0,1226.7971065778174,73833473.34146364,73833473.34146364
2003,일시매수,110,2012-02-29,56.89059066772461,1117.1,3.53,전액매수,0.0,0.0,0.0,1226.7971065778174,1000000.0,1000000.0,15.735027466003562,0.0,0.0,1211.0620791118138,76965997.15052189,76965997.15052189
2003,일시매수,111,2012-03-31,59.765281677246094,1131.4,3.54,전액매수,0.0,0.0,0.0,1211.0620791118138,1000000.0,1000000.0,14.78886535373972,0.0,0.0,1196.273213758074,80890128.15682764,80890128.15682764
2003,일시매수,112,2012-04-30,59.06635665893555,1130.05,3.54,전액매수,0.0,0.0,0.0,1196.273213758074,1000000.0,1000000.0,14.981736586878165,0.0,0.0,1181.2914771711958,78848768.32007821,78848768.32007821
2003,일시매수,113,2012-05-31,54.90799331665039,1180.0,3.54,전액매수,0.0,0.0,0.0,1181.2914771711958,1000000.0,1000000.0,15.434139474582832,0.0,0.0,1165.8573376966128,75537566.54956785,75537566.54956785
2003,일시매수,114,2012-06-30,56.89645004272461,1141.17,3.54,전액매수,0.0,0.0,0.0,1165.8573376966128,1000000.0,1000000.0,15.401551903695259,0.0,0.0,1150.4557857929176,74697393.67737944,74697393.67737944
2003,일시매수,115,2012-07-31,57.463993072509766,1130.27,3.34,전액매수,0.0,0.0,0.0,1150.4557857929176,1000000.0,1000000.0,15.396499717706176,0.0,0.0,1135.0592860752115,73721904.77617964,73721904.77617964
2003,일시매수,116,2012-08-31,60.44361114501953,1133.2,3.19,전액매수,0.0,0.0,0.0,1135.0592860752115,1000000.0,1000000.0,14.59966972359645,0.0,0.0,1120.459616351615,76745545.45166817,76745545.45166817
2003,일시매수,117,2012-09-30,60.98059844970703,1111.21,3.14,전액매수,0.0,0.0,0.0,1120.459616351615,1000000.0,1000000.0,14.757479100020031,0.0,0.0,1105.702137251595,74924865.53818627,74924865.53818627
2003,일시매수,118,2012-10-31,57.76125717163086,1090.17,2.93,전액매수,0.0,0.0,0.0,1105.702137251595,1000000.0,1000000.0,15.88068152063766,0.0,0.0,1089.8214557309575,68625609.94719814,68625609.94719814
2003,일시매수,119,2012-11-30,58.51719284057617,1081.75,2.85,전액매수,0.0,0.0,0.0,1089.8214557309575,1000000.0,1000000.0,15.797545392979005,0.0,0.0,1074.0239103379786,67986758.93125227,67986758.93125227
2003,일시매수,120,2012-12-31,58.24394989013672,1063.24,2.88,전액매수,0.0,0.0,0.0,1074.0239103379786,1000000.0,1000000.0,16.147967760636632,0.0,0.0,1057.875942577342,65511397.98260504,65511397.98260504
2003,분할매수,0,2002-12-31,20.535011291503906,1186.3,4.9,분할매수,100000000.0,0.0,100000000.0,0.0,0.0,0.0,0.0,8333333.333333333,91666666.66666667,342.0812555679416,8333333.333333333,100000000.0
2003,분할매수,1,2003-01-31,20.5939998626709,1165.0,4.7,분할매수,91666666.66666667,374305.5555555556,92040972.22222222,342.0812555679416,1000000.0,1000000.0,0.0,8333333.333333333,82707638.8888889,689.4191146678404,16540550.183002912,99248189.07189181
2003,분할매수,2,2003-02-28,21.2006893157959,1193.7,4.54,분할매수,82707638.8888889,323938.25231481483,83031577.14120372,689.4191146678404,1000000.0,1000000.0,0.0,8333333.333333333,73698243.80787039,1018.7053510834035,25780644.072577883,99478887.88044827
2003,분할매수,3,2003-03-31,21.27652359008789,1252.0,4.76,분할매수,73698243.80787039,278825.02240644296,73977068.83027683,1018.7053510834035,1000000.0,1000000.0,0.0,8333333.333333333,64643735.496943496,1331.5392128381718,35469817.89229418,100113553.38923767
2003,분할매수,4,2003-04-30,23.130334854125977,1215.5,4.62,분할매수,64643735.496943496,256420.1508045425,64900155.64774804,1331.5392128381718,1000000.0,1000000.0,0.0,8333333.333333333,55566822.3144147,1627.9417185549205,45769454.46244618,101336276.7768609
2003,분할매수,5,2003-05-31,25.10209846496582,1210.0,4.39,분할매수,55566822.3144147,213932.2659104966,55780754.5803252,1627.9417185549205,1000000.0,1000000.0,0.0,8333333.333333333,46447421.246991865,1902.3033362184729,57779684.84374679,104227106.09073865
2003,분할매수,6,2003-06-30,25.236921310424805,1196.0,4.28,분할매수,46447421.246991865,169920.14939524521,46617341.39638711,1902.3033362184729,1000000.0,1000000.0,0.0,8333333.333333333,37284008.06305377,2178.393669323806,65751235.740559526,103035243.8036133
2003,분할매수,7,2003-07-31,26.795799255371094,1181.0,4.15,분할매수,37284008.06305377,132979.62875822515,37416987.69181199,2178.393669323806,1000000.0,1000000.0,0.0,8333333.333333333,28083654.35847866,2441.7247617383127,77270428.49839461,105354082.85687327
2003,분할매수,8,2003-08-31,28.13558578491211,1175.0,3.9,분할매수,28083654.35847866,97122.63798973871,28180776.9964684,2441.7247617383127,1000000.0,1000000.0,0.0,8333333.333333333,18847443.663135067,2693.7969466140057,89055077.21734637,107902520.88048144
2003,분할매수,9,2003-09-30,27.31822967529297,1150.2,3.83,분할매수,18847443.663135067,61254.19190518896,18908697.855040256,2693.7969466140057,1000000.0,1000000.0,0.0,8333333.333333333,9575364.521706924,2959.0087439156177,92976279.52520555,102551644.04691248
2003,분할매수,10,2003-10-31,29.643890380859375,1184.0,3.93,분할매수,9575364.521706924,30561.3717651146,9605925.893472038,2959.0087439156177,1000000.0,1000000.0,0.0,8333333.333333333,272592.5601387052,3196.4366994862808,112189705.84864986,112462298.40878856
2003,분할매수,11,2003-11-30,29.81243324279785,1202.1,4.23,분할매수,272592.5601387052,892.7406344542595,273485.3007731594,3196.4366994862808,1000000.0,1000000.0,20.272456843231218,0.0,0.0,3176.1642426430494,113825868.62969811,113825868.62969811
2003,분할매수,12,2003-12-31,30.73448371887207,1192.0,4.34,분할매수,0.0,0.0,0.0,3176.1642426430494,1000000.0,1000000.0,27.29592539019986,0.0,0.0,3148.8683172528495,115360379.69913992,115360379.69913992
2003,분할매수,13,2004-01-31,31.248687744140625,1174.0,4.26,분할매수,0.0,0.0,0.0,3148.8683172528495,1000000.0,1000000.0,27.258384843636602,0.0,0.0,3121.609932409213,114519255.27927765,114519255.27927765
2003,분할매수,14,2004-02-29,30.82720184326172,1179.0,4.08,분할매수,0.0,0.0,0.0,3121.609932409213,1000000.0,1000000.0,27.513895844585097,0.0,0.0,3094.096036564628,112455758.86606275,112455758.86606275
2003,분할매수,15,2004-03-31,30.21183967590332,1146.7,3.93,분할매수,0.0,0.0,0.0,3094.096036564628,1000000.0,1000000.0,28.865096657683353,0.0,0.0,3065.2309399069445,106191604.90810402,106191604.90810402
2003,분할매수,16,2004-04-30,29.309879302978516,1173.6,3.91,분할매수,0.0,0.0,0.0,3065.2309399069445,1000000.0,1000000.0,29.07139480616623,0.0,0.0,3036.1595451007784,104438041.77076462,104438041.77076462
2003,분할매수,17,2004-05-31,30.81033706665039,1165.0,3.9,분할매수,0.0,0.0,0.0,3036.1595451007784,1000000.0,1000000.0,27.859776309995617,0.0,0.0,3008.2997687907828,107980040.30317558,107980040.30317558
2003,분할매수,18,2004-06-30,31.813488006591797,1156.0,3.91,분할매수,0.0,0.0,0.0,3008.2997687907828,1000000.0,1000000.0,27.191356789766246,0.0,0.0,2981.1084120010164,109634411.95854515,109634411.95854515
2003,분할매수,19,2004-07-31,29.41102409362793,1170.0,3.91,분할매수,0.0,0.0,0.0,2981.1084120010164,1000000.0,1000000.0,29.06056082848304,0.0,0.0,2952.0478511725332,101582618.05736218,101582618.05736218
2003,분할매수,20,2004-08-31,28.677654266357422,1152.0,3.7,분할매수,0.0,0.0,0.0,2952.0478511725332,1000000.0,1000000.0,30.26940584097551,0.0,0.0,2921.7784453315576,96525794.41702697,96525794.41702697
2003,분할매수,21,2004-09-30,29.621776580810547,1152.0,3.52,분할매수,0.0,0.0,0.0,2921.7784453315576,1000000.0,1000000.0,29.304641913945687,0.0,0.0,2892.473803417612,98703605.11182778,98703605.11182778
2003,분할매수,22,2004-10-31,31.105375289916992,1120.0,3.52,분할매수,0.0,0.0,0.0,2892.473803417612,1000000.0,1000000.0,28.704271674438477,0.0,0.0,2863.7695317431735,99768061.15214542,99768061.15214542
2003,분할매수,23,2004-11-30,32.97675704956055,1048.0,3.42,분할매수,0.0,0.0,0.0,2863.7695317431735,1000000.0,1000000.0,28.93548543443445,0.0,0.0,2834.834046308739,97970848.03475136,97970848.03475136
2003,분할매수,24,2004-12-31,33.97343063354492,1035.1,3.39,분할매수,0.0,0.0,0.0,2834.834046308739,1000000.0,1000000.0,28.436640480865698,0.0,0.0,2806.397405827873,98689485.05771025,98689485.05771025
2003,분할매수,25,2005-01-31,31.828834533691406,1026.85,3.47,분할매수,0.0,0.0,0.0,2806.397405827873,1000000.0,1000000.0,30.596535692799016,0.0,0.0,2775.800870135074,90722717.69605495,90722717.69605495
2003,분할매수,26,2005-02-28,31.67561912536621,1000.85,3.59,분할매수,0.0,0.0,0.0,2775.800870135074,1000000.0,1000000.0,31.543210503066845,0.0,0.0,2744.2576596320073,86999947.55971944,86999947.55971944
2003,분할매수,27,2005-03-31,31.122455596923828,1015.4,3.55,분할매수,0.0,0.0,0.0,2744.2576596320073,1000000.0,1000000.0,31.643825791984526,0.0,0.0,2712.613833840023,85723320.93065485,85723320.93065485
2003,분할매수,28,2005-04-30,29.76930046081543,997.0,3.52,분할매수,0.0,0.0,0.0,2712.613833840023,1000000.0,1000000.0,33.692730818498035,0.0,0.0,2678.9211030215247,79510358.40498684,79510358.40498684
2003,분할매수,29,2005-05-31,32.40752410888672,1005.0,3.51,분할매수,0.0,0.0,0.0,2678.9211030215247,1000000.0,1000000.0,30.703514167842187,0.0,0.0,2648.2175888536826,86251286.23313534,86251286.23313534
2003,분할매수,30,2005-06-30,31.330127716064453,1034.5,3.51,분할매수,0.0,0.0,0.0,2648.2175888536826,1000000.0,1000000.0,30.853706202047228,0.0,0.0,2617.3638826516353,84831425.61582977,84831425.61582977
2003,분할매수,31,2005-07-31,33.71521759033203,1026.5,3.51,분할매수,0.0,0.0,0.0,2617.3638826516353,1000000.0,1000000.0,28.894493063517466,0.0,0.0,2588.469389588118,89583485.12631807,89583485.12631807
2003,분할매수,32,2005-08-31,33.204132080078125,1039.0,3.5,분할매수,0.0,0.0,0.0,2588.469389588118,1000000.0,1000000.0,28.986269096939466,0.0,0.0,2559.4831204911784,88299846.79751086,88299846.79751086
2003,분할매수,33,2005-09-30,33.61298751831055,1042.4,3.7,분할매수,0.0,0.0,0.0,2559.4831204911784,1000000.0,1000000.0,28.540296661641577,0.0,0.0,2530.942823829537,88679625.64773013,88679625.64773013
2003,분할매수,34,2005-10-31,33.11042022705078,1043.5,3.93,분할매수,0.0,0.0,0.0,2530.942823829537,1000000.0,1000000.0,28.94295396736042,0.0,0.0,2501.999869862176,86445905.7179766,86445905.7179766
2003,분할매수,35,2005-11-30,35.129241943359375,1037.4,3.96,분할매수,0.0,0.0,0.0,2501.999869862176,1000000.0,1000000.0,27.44005503801098,0.0,0.0,2474.559814824165,90180570.38866407,90180570.38866407
2003,분할매수,36,2005-12-31,34.50527572631836,1010.0,4.04,분할매수,0.0,0.0,0.0,2474.559814824165,1000000.0,1000000.0,28.69413413050363,0.0,0.0,2445.8656806936615,85239222.39889288,85239222.39889288
2003,분할매수,37,2006-01-31,35.862937927246094,958.9,4.15,분할매수,0.0,0.0,0.0,2445.8656806936615,1000000.0,1000000.0,29.0790903517071,0.0,0.0,2416.7865903419543,83110804.39970075,83110804.39970075
2003,분할매수,38,2006-02-28,35.09444808959961,970.9,4.25,분할매수,0.0,0.0,0.0,2416.7865903419543,1000000.0,1000000.0,29.348579243110716,0.0,0.0,2387.4380110988436,81347652.00462882,81347652.00462882
2003,분할매수,39,2006-03-31,35.82828903198242,971.4,4.27,분할매수,0.0,0.0,0.0,2387.4380110988436,1000000.0,1000000.0,28.73265986813024,0.0,0.0,2358.7053512307134,82091437.48111354,82091437.48111354
2003,분할매수,40,2006-04-30,35.75992965698242,942.8,4.33,분할매수,0.0,0.0,0.0,2358.7053512307134,1000000.0,1000000.0,29.660862139030712,0.0,0.0,2329.044489091683,78522481.1799012,78522481.1799012
2003,분할매수,41,2006-05-31,33.17084884643555,945.3,4.36,분할매수,0.0,0.0,0.0,2329.044489091683,1000000.0,1000000.0,31.891412633645402,0.0,0.0,2297.1530764580375,72030458.57035959,72030458.57035959
2003,분할매수,42,2006-06-30,33.15044021606445,948.5,4.47,분할매수,0.0,0.0,0.0,2297.1530764580375,1000000.0,1000000.0,31.803386331424424,0.0,0.0,2265.349690126613,71229826.48826477,71229826.48826477
2003,분할매수,43,2006-07-31,31.722482681274414,954.9,4.63,분할매수,0.0,0.0,0.0,2265.349690126613,1000000.0,1000000.0,33.01223573733619,0.0,0.0,2232.337454389277,67621516.8263974,67621516.8263974
2003,분할매수,44,2006-08-31,33.23592758178711,961.1,4.68,분할매수,0.0,0.0,0.0,2232.337454389277,1000000.0,1000000.0,31.305714389697492,0.0,0.0,2201.0317399995793,70307666.91987468,70307666.91987468
2003,분할매수,45,2006-09-30,34.77792739868164,946.0,4.64,분할매수,0.0,0.0,0.0,2201.0317399995793,1000000.0,1000000.0,30.395211316455892,0.0,0.0,2170.6365286831233,71413766.66488072,71413766.66488072
2003,분할매수,46,2006-10-31,36.42914581298828,942.2,4.57,분할매수,0.0,0.0,0.0,2170.6365286831233,1000000.0,1000000.0,29.13452299721012,0.0,0.0,2141.502005685913,73503932.28991532,73503932.28991532
2003,분할매수,47,2006-11-30,37.678226470947266,929.0,4.6,분할매수,0.0,0.0,0.0,2141.502005685913,1000000.0,1000000.0,28.56892071687255,0.0,0.0,2112.9330849690405,73959149.7315879,73959149.7315879
2003,분할매수,48,2006-12-31,36.9703369140625,930.0,4.76,분할매수,0.0,0.0,0.0,2112.9330849690405,1000000.0,1000000.0,29.084636683289148,0.0,0.0,2083.848448285751,71647738.66620262,71647738.66620262
2003,분할매수,49,2007-01-31,37.74984359741211,941.0,4.92,분할매수,0.0,0.0,0.0,2083.848448285751,1000000.0,1000000.0,28.151090305003876,0.0,0.0,2055.6973579807473,73023720.77629068,73023720.77629068
2003,분할매수,50,2007-02-28,37.11598205566406,942.3,4.95,분할매수,0.0,0.0,0.0,2055.6973579807473,1000000.0,1000000.0,28.592350091454698,0.0,0.0,2027.1050078892927,70896760.89602466,70896760.89602466
2003,분할매수,51,2007-03-31,37.31077194213867,941.1,4.94,분할매수,0.0,0.0,0.0,2027.1050078892927,1000000.0,1000000.0,28.47934469936947,0.0,0.0,1998.6256631899232,70178077.63091448,70178077.63091448
2003,분할매수,52,2007-04-30,39.39360046386719,931.0,4.95,분할매수,0.0,0.0,0.0,1998.6256631899232,1000000.0,1000000.0,27.266201703343867,0.0,0.0,1971.3594614865794,72300479.65371048,72300479.65371048
2003,분할매수,53,2007-05-31,40.63642120361328,927.4,5.04,분할매수,0.0,0.0,0.0,1971.3594614865794,1000000.0,1000000.0,26.53489999691489,0.0,0.0,1944.8245614896646,73293080.4983543,73293080.4983543
2003,분할매수,54,2007-06-30,40.831180572509766,922.6,5.03,분할매수,0.0,0.0,0.0,1944.8245614896646,1000000.0,1000000.0,26.54572632231483,0.0,0.0,1918.2788351673498,72263188.87928899,72263188.87928899
2003,분할매수,55,2007-07-31,40.77112579345703,919.0,5.05,분할매수,0.0,0.0,0.0,1918.2788351673498,1000000.0,1000000.0,26.688968250238975,0.0,0.0,1891.5898669171108,70875346.29219598,70875346.29219598
2003,분할매수,56,2007-08-31,41.92060089111328,938.1,5.21,분할매수,0.0,0.0,0.0,1891.5898669171108,1000000.0,1000000.0,25.428653549028745,0.0,0.0,1866.1612133680821,73388125.31972857,73388125.31972857
2003,분할매수,57,2007-09-30,44.12232208251953,913.6,5.34,분할매수,0.0,0.0,0.0,1866.1612133680821,1000000.0,1000000.0,24.807645575612085,0.0,0.0,1841.3535677924701,74225244.88187097,74225244.88187097
2003,분할매수,58,2007-10-31,47.22917938232422,903.2,5.34,분할매수,0.0,0.0,0.0,1841.3535677924701,1000000.0,1000000.0,23.442594285559412,0.0,0.0,1817.9109735069108,77547346.14106852,77547346.14106852
2003,분할매수,59,2007-11-30,44.03649139404297,920.9,5.43,분할매수,0.0,0.0,0.0,1817.9109735069108,1000000.0,1000000.0,24.65896349881572,0.0,0.0,1793.252010008095,72722116.24362145,72722116.24362145
2003,분할매수,60,2007-12-31,44.00508117675781,935.8,5.73,분할매수,0.0,0.0,0.0,1793.252010008095,1000000.0,1000000.0,24.283659388283194,0.0,0.0,1768.9683506198119,72846037.01340559,72846037.01340559
2003,분할매수,61,2008-01-31,38.77293395996094,943.4,5.81,분할매수,0.0,0.0,0.0,1768.9683506198119,1000000.0,1000000.0,27.338549130988383,0.0,0.0,1741.6298014888234,63706006.970014274,63706006.970014274
2003,분할매수,62,2008-02-29,36.90000534057617,942.8,5.28,분할매수,0.0,0.0,0.0,1741.6298014888234,1000000.0,1000000.0,28.74444959743276,0.0,0.0,1712.8853518913907,59590125.25480303,59590125.25480303
2003,분할매수,63,2008-03-31,37.59089660644531,988.6,5.25,분할매수,0.0,0.0,0.0,1712.8853518913907,1000000.0,1000000.0,26.908947376767987,0.0,0.0,1685.9764045146226,62654862.74540122,62654862.74540122
2003,분할매수,64,2008-04-30,40.59162139892578,1005.0,5.38,분할매수,0.0,0.0,0.0,1685.9764045146226,1000000.0,1000000.0,24.51306061029193,0.0,0.0,1661.4633439043307,67778698.4790776,67778698.4790776
2003,분할매수,65,2008-05-31,42.999122619628906,1028.5,5.36,분할매수,0.0,0.0,0.0,1661.4633439043307,1000000.0,1000000.0,22.611850733423392,0.0,0.0,1638.8514931709074,72477547.83505897,72477547.83505897
2003,분할매수,66,2008-06-30,38.86471176147461,1046.8,5.36,분할매수,0.0,0.0,0.0,1638.8514931709074,1000000.0,1000000.0,24.579940932347363,0.0,0.0,1614.27155223856,65674346.27616082,65674346.27616082
2003,분할매수,67,2008-07-31,39.11422348022461,1011.5,5.52,분할매수,0.0,0.0,0.0,1614.27155223856,1000000.0,1000000.0,25.27547931294216,0.0,0.0,1588.9960729256177,62867099.50192643,62867099.50192643
2003,분할매수,68,2008-08-31,39.682106018066406,1089.0,5.77,분할매수,0.0,0.0,0.0,1588.9960729256177,1000000.0,1000000.0,23.14074875784825,0.0,0.0,1565.8553241677694,67666579.87402871,67666579.87402871
2003,분할매수,69,2008-09-30,33.501121520996094,1206.3,5.79,분할매수,0.0,0.0,0.0,1565.8553241677694,1000000.0,1000000.0,24.744878514219888,0.0,0.0,1541.1104456535495,62279976.22893704,62279976.22893704
2003,분할매수,70,2008-10-31,28.31795310974121,1277.5,6.03,분할매수,0.0,0.0,0.0,1541.1104456535495,1000000.0,1000000.0,27.64249456650786,0.0,0.0,1513.4679510870417,54751496.737953104,54751496.737953104
2003,분할매수,71,2008-11-30,25.072021484375,1468.0,5.62,분할매수,0.0,0.0,0.0,1513.4679510870417,1000000.0,1000000.0,27.169684363355792,0.0,0.0,1486.2982667236859,54704289.04681283,54704289.04681283
2003,분할매수,72,2008-12-31,25.643007278442383,1262.0,4.68,분할매수,0.0,0.0,0.0,1486.2982667236859,1000000.0,1000000.0,30.90093990682261,0.0,0.0,1455.3973268168631,47098804.47667309,47098804.47667309
2003,분할매수,73,2009-01-31,25.056692123413086,1380.0,3.22,분할매수,0.0,0.0,0.0,1455.3973268168631,1000000.0,1000000.0,28.91992596589857,0.0,0.0,1426.4774008509646,49325070.97469821,49325070.97469821
2003,분할매수,74,2009-02-28,23.737457275390625,1532.8,2.7,분할매수,0.0,0.0,0.0,1426.4774008509646,1000000.0,1000000.0,27.48402356260093,0.0,0.0,1398.9933772883637,50902058.57602499,50902058.57602499
2003,분할매수,75,2009-03-31,26.18634796142578,1372.3,2.45,분할매수,0.0,0.0,0.0,1398.9933772883637,1000000.0,1000000.0,27.82761602742671,0.0,0.0,1371.165761260937,49273561.91452136,49273561.91452136
2003,분할매수,76,2009-04-30,29.606460571289062,1277.0,2.42,분할매수,0.0,0.0,0.0,1371.165761260937,1000000.0,1000000.0,26.449813358076177,0.0,0.0,1344.7159479028608,50840281.165623635,50840281.165623635
2003,분할매수,77,2009-05-31,30.55649757385254,1249.0,2.41,분할매수,0.0,0.0,0.0,1344.7159479028608,1000000.0,1000000.0,26.20197260745757,0.0,0.0,1318.5139752954033,50321172.18991862,50321172.18991862
2003,분할매수,78,2009-06-30,31.458803176879883,1273.5,2.41,분할매수,0.0,0.0,0.0,1318.5139752954033,1000000.0,1000000.0,24.96082034459719,0.0,0.0,1293.5531549508062,51823343.026896864,51823343.026896864
2003,분할매수,79,2009-07-31,34.113521575927734,1222.2,2.41,분할매수,0.0,0.0,0.0,1293.5531549508062,1000000.0,1000000.0,23.984527445056163,0.0,0.0,1269.56862750575,52932818.06006319,52932818.06006319
2003,분할매수,80,2009-08-31,34.61505126953125,1248.0,2.48,분할매수,0.0,0.0,0.0,1269.56862750575,1000000.0,1000000.0,23.148371066760582,0.0,0.0,1246.4202564389896,53844836.54786235,53844836.54786235
2003,분할매수,81,2009-09-30,36.570106506347656,1175.0,2.64,분할매수,0.0,0.0,0.0,1246.4202564389896,1000000.0,1000000.0,23.272117887857686,0.0,0.0,1223.148138551132,52558522.79733054,52558522.79733054
2003,분할매수,82,2009-10-31,35.45353317260742,1182.0,2.79,분할매수,0.0,0.0,0.0,1223.148138551132,1000000.0,1000000.0,23.86288792556643,0.0,0.0,1199.2852506255656,50257339.110270254,50257339.110270254
2003,분할매수,83,2009-11-30,37.70399475097656,1164.4,2.79,분할매수,0.0,0.0,0.0,1199.2852506255656,1000000.0,1000000.0,22.77772980522746,0.0,0.0,1176.5075208203382,51651658.47872737,51651658.47872737
2003,분할매수,84,2009-12-31,39.66565704345703,1163.65,2.82,분할매수,0.0,0.0,0.0,1176.5075208203382,1000000.0,1000000.0,21.66521352150372,0.0,0.0,1154.8423072988344,53303989.18767177,53303989.18767177
2003,분할매수,85,2010-01-31,37.09931945800781,1158.7,2.88,분할매수,0.0,0.0,0.0,1154.8423072988344,1000000.0,1000000.0,23.262856942484163,0.0,0.0,1131.5794503563502,48643184.84845192,48643184.84845192
2003,분할매수,86,2010-02-28,38.807308197021484,1159.0,2.88,분할매수,0.0,0.0,0.0,1131.5794503563502,1000000.0,1000000.0,22.233254758319276,0.0,0.0,1109.346195598031,49895807.32361888,49895807.32361888
2003,분할매수,87,2010-03-31,41.799720764160156,1131.2,2.83,분할매수,0.0,0.0,0.0,1109.346195598031,1000000.0,1000000.0,21.14887269495485,0.0,0.0,1088.1973229030762,51454152.59711077,51454152.59711077
2003,분할매수,88,2010-04-30,42.73708724975586,1108.0,2.51,분할매수,0.0,0.0,0.0,1088.1973229030762,1000000.0,1000000.0,21.118123248266766,0.0,0.0,1067.0791996548094,50529073.398716345,50529073.398716345
2003,분할매수,89,2010-05-31,39.57780075073242,1194.5,2.45,분할매수,0.0,0.0,0.0,1067.0791996548094,1000000.0,1000000.0,21.152523593762744,0.0,0.0,1045.9266760610467,49446897.97530634,49446897.97530634
2003,분할매수,90,2010-06-30,37.212772369384766,1220.85,2.45,분할매수,0.0,0.0,0.0,1045.9266760610467,1000000.0,1000000.0,22.011298636484625,0.0,0.0,1023.915377424562,46517717.756433524,46517717.756433524
2003,분할매수,91,2010-07-31,39.91376495361328,1182.0,2.58,분할매수,0.0,0.0,0.0,1023.915377424562,1000000.0,1000000.0,21.19628879025842,0.0,0.0,1002.7190886343036,47306351.529572584,47306351.529572584
2003,분할매수,92,2010-08-31,37.86624526977539,1198.0,2.63,분할매수,0.0,0.0,0.0,1002.7190886343036,1000000.0,1000000.0,22.044027205617205,0.0,0.0,980.6750614286864,44487109.9224008,44487109.9224008
2003,분할매수,93,2010-09-30,42.85429382324219,1140.1,2.66,분할매수,0.0,0.0,0.0,980.6750614286864,1000000.0,1000000.0,20.467401611380872,0.0,0.0,960.2076598173055,46913999.0531765,46913999.0531765
2003,분할매수,94,2010-10-31,45.57033157348633,1124.0,2.66,분할매수,0.0,0.0,0.0,960.2076598173055,1000000.0,1000000.0,19.523222337493884,0.0,0.0,940.6844374798117,48182847.1354982,48182847.1354982
2003,분할매수,95,2010-11-30,45.49174880981445,1157.2,2.73,분할매수,0.0,0.0,0.0,940.6844374798117,1000000.0,1000000.0,18.995859230715258,0.0,0.0,921.6885782490964,48520499.49700494,48520499.49700494
2003,분할매수,96,2010-12-31,47.65583801269531,1130.6,2.8,분할매수,0.0,0.0,0.0,921.6885782490964,1000000.0,1000000.0,18.559869062262504,0.0,0.0,903.1287091868339,48660295.29395505,48660295.29395505
2003,분할매수,97,2011-01-31,49.00342559814453,1119.1,2.93,분할매수,0.0,0.0,0.0,903.1287091868339,1000000.0,1000000.0,18.23495364753519,0.0,0.0,884.8937555392987,48527337.80647199,48527337.80647199
2003,분할매수,98,2011-02-28,50.55229187011719,1123.7,3.13,분할매수,0.0,0.0,0.0,884.8937555392987,1000000.0,1000000.0,17.603894992206044,0.0,0.0,867.2898605470926,49266929.89994982,49266929.89994982
2003,분할매수,99,2011-03-31,50.32568359375,1097.25,3.35,분할매수,0.0,0.0,0.0,867.2898605470926,1000000.0,1000000.0,18.109427778049056,0.0,0.0,849.1804327690436,46891621.49001521,46891621.49001521
2003,분할매수,100,2011-04-30,51.771575927734375,1068.4,3.4,분할매수,0.0,0.0,0.0,849.1804327690436,1000000.0,1000000.0,18.07901376956591,0.0,0.0,831.1014189994777,45970506.44424798,45970506.44424798
2003,분할매수,101,2011-05-31,51.1406364440918,1078.0,3.46,분할매수,0.0,0.0,0.0,831.1014189994777,1000000.0,1000000.0,18.139073920223204,0.0,0.0,812.9623450792545,44818293.84756434,44818293.84756434
2003,분할매수,102,2011-06-30,50.10478973388672,1066.3,3.53,분할매수,0.0,0.0,0.0,812.9623450792545,1000000.0,1000000.0,18.717220078615295,0.0,0.0,794.2451250006393,42433925.639848426,42433925.639848426
2003,분할매수,103,2011-07-31,50.93914031982422,1054.0,3.59,분할매수,0.0,0.0,0.0,794.2451250006393,1000000.0,1000000.0,18.62549303852943,0.0,0.0,775.6196319621099,41642904.71976407,41642904.71976407
2003,분할매수,104,2011-08-31,48.35704040527344,1063.9,3.59,분할매수,0.0,0.0,0.0,775.6196319621099,1000000.0,1000000.0,19.43745845934499,0.0,0.0,756.182173502765,38903346.08736944,38903346.08736944
2003,분할매수,105,2011-09-30,46.18540954589844,1180.9,3.58,분할매수,0.0,0.0,0.0,756.182173502765,1000000.0,1000000.0,18.335049143725616,0.0,0.0,737.8471243590393,40242440.50698582,40242440.50698582
2003,분할매수,106,2011-10-31,50.989601135253906,1112.05,3.58,분할매수,0.0,0.0,0.0,737.8471243590393,1000000.0,1000000.0,17.635755566995662,0.0,0.0,720.2113687920437,40838135.120214485,40838135.120214485
2003,분할매수,107,2011-11-30,49.61699295043945,1140.05,3.56,분할매수,0.0,0.0,0.0,720.2113687920437,1000000.0,1000000.0,17.678510095185096,0.0,0.0,702.5328586968586,39739370.281446956,39739370.281446956
2003,분할매수,108,2011-12-31,49.31224060058594,1158.5,3.55,분할매수,0.0,0.0,0.0,702.5328586968586,1000000.0,1000000.0,17.50448048400194,0.0,0.0,685.0283782128566,39134459.25110043,39134459.25110043
2003,분할매수,109,2012-01-31,53.46356201171875,1125.7,3.55,분할매수,0.0,0.0,0.0,685.0283782128566,1000000.0,1000000.0,16.615730657883987,0.0,0.0,668.4126475549726,40227701.16569132,40227701.16569132
2003,분할매수,110,2012-02-29,56.89059066772461,1117.1,3.53,분할매수,0.0,0.0,0.0,668.4126475549726,1000000.0,1000000.0,15.735027466003562,0.0,0.0,652.6776200889691,41479280.636727,41479280.636727
2003,분할매수,111,2012-03-31,59.765281677246094,1131.4,3.54,분할매수,0.0,0.0,0.0,652.6776200889691,1000000.0,1000000.0,14.78886535373972,0.0,0.0,637.8887547352293,43133042.29076127,43133042.29076127
2003,분할매수,112,2012-04-30,59.06635665893555,1130.05,3.54,분할매수,0.0,0.0,0.0,637.8887547352293,1000000.0,1000000.0,14.981736586878165,0.0,0.0,622.9070181483512,41577757.99461911,41577757.99461911
2003,분할매수,113,2012-05-31,54.90799331665039,1180.0,3.54,분할매수,0.0,0.0,0.0,622.9070181483512,1000000.0,1000000.0,15.434139474582832,0.0,0.0,607.4728786737684,39359037.77947347,39359037.77947347
2003,분할매수,114,2012-06-30,56.89645004272461,1141.17,3.54,분할매수,0.0,0.0,0.0,607.4728786737684,1000000.0,1000000.0,15.401551903695259,0.0,0.0,592.0713267700731,38442316.10374399,38442316.10374399
2003,분할매수,115,2012-07-31,57.463993072509766,1130.27,3.34,분할매수,0.0,0.0,0.0,592.0713267700731,1000000.0,1000000.0,15.396499717706176,0.0,0.0,576.6748270523669,37454930.51184766,37454930.51184766
2003,분할매수,116,2012-08-31,60.44361114501953,1133.2,3.19,분할매수,0.0,0.0,0.0,576.6748270523669,1000000.0,1000000.0,14.59966972359645,0.0,0.0,562.0751573287705,38499169.362737484,38499169.362737484
2003,분할매수,117,2012-09-30,60.98059844970703,1111.21,3.14,분할매수,0.0,0.0,0.0,562.0751573287705,1000000.0,1000000.0,14.757479100020031,0.0,0.0,547.3176782287504,37087477.78121586,37087477.78121586
2003,분할매수,118,2012-10-31,57.76125717163086,1090.17,2.93,분할매수,0.0,0.0,0.0,547.3176782287504,1000000.0,1000000.0,15.88068152063766,0.0,0.0,531.4369967081128,33464369.650476683,33464369.650476683
2003,분할매수,119,2012-11-30,58.51719284057617,1081.75,2.85,분할매수,0.0,0.0,0.0,531.4369967081128,1000000.0,1000000.0,15.797545392979005,0.0,0.0,515.6394513151338,32640479.168637328,32640479.168637328
2003,분할매수,120,2012-12-31,58.24394989013672,1063.24,2.88,분할매수,0.0,0.0,0.0,515.6394513151338,1000000.0,1000000.0,16.147967760636632,0.0,0.0,499.49148355449717,30932157.591501456,30932157.591501456
2004,일시매수,0,2003-12-31,30.73448371887207,1192.0,4.34,전액매수,100000000.0,0.0,100000000.0,0.0,0.0,0.0,0.0,100000000.0,0.0,2729.592539019986,100000000.00000001,100000000.00000001
2004,일시매수,1,2004-01-31,31.248687744140625,1174.0,4.26,전액매수,0.0,0.0,0.0,2729.592539019986,1000000.0,1000000.0,27.258384843636602,0.0,0.0,2702.3341541763493,99137721.09675097,99137721.09675097
2004,일시매수,2,2004-02-29,30.82720184326172,1179.0,4.08,전액매수,0.0,0.0,0.0,2702.3341541763493,1000000.0,1000000.0,27.513895844585097,0.0,0.0,2674.8202583317643,97217067.09368768,97217067.09368768
2004,일시매수,3,2004-03-31,30.21183967590332,1146.7,3.93,전액매수,0.0,0.0,0.0,2674.8202583317643,1000000.0,1000000.0,28.865096657683353,0.0,0.0,2645.955161674081,91666249.83290249,91666249.83290249
2004,일시매수,4,2004-04-30,29.309879302978516,1173.6,3.91,전액매수,0.0,0.0,0.0,2645.955161674081,1000000.0,1000000.0,29.07139480616623,0.0,0.0,2616.883766867915,90015762.3779667,90015762.3779667
2004,일시매수,5,2004-05-31,30.81033706665039,1165.0,3.9,전액매수,0.0,0.0,0.0,2616.883766867915,1000000.0,1000000.0,27.859776309995617,0.0,0.0,2589.023990557919,92930537.62348484,92930537.62348484
2004,일시매수,6,2004-06-30,31.813488006591797,1156.0,3.91,전액매수,0.0,0.0,0.0,2589.023990557919,1000000.0,1000000.0,27.191356789766246,0.0,0.0,2561.832633768153,94214961.52528606,94214961.52528606
2004,일시매수,7,2004-07-31,29.41102409362793,1170.0,3.91,전액매수,0.0,0.0,0.0,2561.832633768153,1000000.0,1000000.0,29.06056082848304,0.0,0.0,2532.7720729396697,87154961.939249,87154961.939249
2004,일시매수,8,2004-08-31,28.677654266357422,1152.0,3.7,전액매수,0.0,0.0,0.0,2532.7720729396697,1000000.0,1000000.0,30.26940584097551,0.0,0.0,2502.502667098694,82674324.04342313,82674324.04342313
2004,일시매수,9,2004-09-30,29.621776580810547,1152.0,3.52,전액매수,0.0,0.0,0.0,2502.502667098694,1000000.0,1000000.0,29.304641913945687,0.0,0.0,2473.1980251847485,84396118.2821274,84396118.2821274
2004,일시매수,10,2004-10-31,31.105375289916992,1120.0,3.52,전액매수,0.0,0.0,0.0,2473.1980251847485,1000000.0,1000000.0,28.704271674438477,0.0,0.0,2444.49375351031,85161323.06841156,85161323.06841156
2004,일시매수,11,2004-11-30,32.97675704956055,1048.0,3.42,전액매수,0.0,0.0,0.0,2444.49375351031,1000000.0,1000000.0,28.93548543443445,0.0,0.0,2415.5582680758753,83480827.49637435,83480827.49637435
2004,일시매수,12,2004-12-31,33.97343063354492,1035.1,3.39,전액매수,0.0,0.0,0.0,2415.5582680758753,1000000.0,1000000.0,28.436640480865698,0.0,0.0,2387.1216275950096,83945275.78604949,83945275.78604949
2004,일시매수,13,2005-01-31,31.828834533691406,1026.85,3.47,전액매수,0.0,0.0,0.0,2387.1216275950096,1000000.0,1000000.0,30.596535692799016,0.0,0.0,2356.5250919022105,77019343.48262917,77019343.48262917
2004,일시매수,14,2005-02-28,31.67561912536621,1000.85,3.59,전액매수,0.0,0.0,0.0,2356.5250919022105,1000000.0,1000000.0,31.543210503066845,0.0,0.0,2324.9818813991437,73707839.00304292,73707839.00304292
2004,일시매수,15,2005-03-31,31.122455596923828,1015.4,3.55,전액매수,0.0,0.0,0.0,2324.9818813991437,1000000.0,1000000.0,31.643825791984526,0.0,0.0,2293.3380556071593,72473476.20615673,72473476.20615673
2004,일시매수,16,2005-04-30,29.76930046081543,997.0,3.52,전액매수,0.0,0.0,0.0,2293.3380556071593,1000000.0,1000000.0,33.692730818498035,0.0,0.0,2259.645324788661,67066256.42668499,67066256.42668499
2004,일시매수,17,2005-05-31,32.40752410888672,1005.0,3.51,전액매수,0.0,0.0,0.0,2259.645324788661,1000000.0,1000000.0,30.703514167842187,0.0,0.0,2228.941810620819,72595657.89232482,72595657.89232482
2004,일시매수,18,2005-06-30,31.330127716064453,1034.5,3.51,전액매수,0.0,0.0,0.0,2228.941810620819,1000000.0,1000000.0,30.853706202047228,0.0,0.0,2198.0881044187718,71242271.18857192,71242271.18857192
2004,일시매수,19,2005-07-31,33.71521759033203,1026.5,3.51,전액매수,0.0,0.0,0.0,2198.0881044187718,1000000.0,1000000.0,28.894493063517466,0.0,0.0,2169.1936113552542,75072907.71936414,75072907.71936414
2004,일시매수,20,2005-08-31,33.204132080078125,1039.0,3.5,전액매수,0.0,0.0,0.0,2169.1936113552542,1000000.0,1000000.0,28.986269096939466,0.0,0.0,2140.207342258315,73835212.63467088,73835212.63467088
2004,일시매수,21,2005-09-30,33.61298751831055,1042.4,3.7,전액매수,0.0,0.0,0.0,2140.207342258315,1000000.0,1000000.0,28.540296661641577,0.0,0.0,2111.6670455966732,73988966.21963896,73988966.21963896
2004,일시매수,22,2005-10-31,33.11042022705078,1043.5,3.93,전액매수,0.0,0.0,0.0,2111.6670455966732,1000000.0,1000000.0,28.94295396736042,0.0,0.0,2082.7240916293126,71959624.2311011,71959624.2311011
2004,일시매수,23,2005-11-30,35.129241943359375,1037.4,3.96,전액매수,0.0,0.0,0.0,2082.7240916293126,1000000.0,1000000.0,27.44005503801098,0.0,0.0,2055.2840365913016,74900871.508612,74900871.508612
2004,일시매수,24,2005-12-31,34.50527572631836,1010.0,4.04,전액매수,0.0,0.0,0.0,2055.2840365913016,1000000.0,1000000.0,28.69413413050363,0.0,0.0,2026.589902460798,70627323.8022683,70627323.8022683
2004,일시매수,25,2006-01-31,35.862937927246094,958.9,4.15,전액매수,0.0,0.0,0.0,2026.589902460798,1000000.0,1000000.0,29.0790903517071,0.0,0.0,1997.510812109091,68692341.74623437,68692341.74623437
2004,일시매수,26,2006-02-28,35.09444808959961,970.9,4.25,전액매수,0.0,0.0,0.0,1997.510812109091,1000000.0,1000000.0,29.348579243110716,0.0,0.0,1968.1622328659803,67061584.70441074,67061584.70441074
2004,일시매수,27,2006-03-31,35.82828903198242,971.4,4.27,전액매수,0.0,0.0,0.0,1968.1622328659803,1000000.0,1000000.0,28.73265986813024,0.0,0.0,1939.42957299785,67499131.02020295,67499131.02020295
2004,일시매수,28,2006-04-30,35.75992965698242,942.8,4.33,전액매수,0.0,0.0,0.0,1939.42957299785,1000000.0,1000000.0,29.660862139030712,0.0,0.0,1909.7687108588193,64386824.021064304,64386824.021064304
2004,일시매수,29,2006-05-31,33.17084884643555,945.3,4.36,전액매수,0.0,0.0,0.0,1909.7687108588193,1000000.0,1000000.0,31.891412633645402,0.0,0.0,1877.877298225174,58883478.126146585,58883478.126146585
2004,일시매수,30,2006-06-30,33.15044021606445,948.5,4.47,전액매수,0.0,0.0,0.0,1877.877298225174,1000000.0,1000000.0,31.803386331424424,0.0,0.0,1846.0739118937495,58046457.463860475,58046457.463860475
2004,일시매수,31,2006-07-31,31.722482681274414,954.9,4.63,전액매수,0.0,0.0,0.0,1846.0739118937495,1000000.0,1000000.0,33.01223573733619,0.0,0.0,1813.0616761564133,54920899.34720405,54920899.34720405
2004,일시매수,32,2006-08-31,33.23592758178711,961.1,4.68,전액매수,0.0,0.0,0.0,1813.0616761564133,1000000.0,1000000.0,31.305714389697492,0.0,0.0,1781.755961766716,56914719.77247324,56914719.77247324
2004,일시매수,33,2006-09-30,34.77792739868164,946.0,4.64,전액매수,0.0,0.0,0.0,1781.755961766716,1000000.0,1000000.0,30.395211316455892,0.0,0.0,1751.36075045026,57619627.388544515,57619627.388544515
2004,일시매수,34,2006-10-31,36.42914581298828,942.2,4.57,전액매수,0.0,0.0,0.0,1751.36075045026,1000000.0,1000000.0,29.13452299721012,0.0,0.0,1722.22622745305,59112902.847867735,59112902.847867735
2004,일시매수,35,2006-11-30,37.678226470947266,929.0,4.6,전액매수,0.0,0.0,0.0,1722.22622745305,1000000.0,1000000.0,28.56892071687255,0.0,0.0,1693.6573067361774,59283209.314096294,59283209.314096294
2004,일시매수,36,2006-12-31,36.9703369140625,930.0,4.76,전액매수,0.0,0.0,0.0,1693.6573067361774,1000000.0,1000000.0,29.084636683289148,0.0,0.0,1664.5726700528883,57232025.55971016,57232025.55971016
2004,일시매수,37,2007-01-31,37.74984359741211,941.0,4.92,전액매수,0.0,0.0,0.0,1664.5726700528883,1000000.0,1000000.0,28.151090305003876,0.0,0.0,1636.4215797478844,58129953.83191283,58129953.83191283
2004,일시매수,38,2007-02-28,37.11598205566406,942.3,4.95,전액매수,0.0,0.0,0.0,1636.4215797478844,1000000.0,1000000.0,28.592350091454698,0.0,0.0,1607.8292296564298,56232846.356234156,56232846.356234156
2004,일시매수,39,2007-03-31,37.31077194213867,941.1,4.94,전액매수,0.0,0.0,0.0,1607.8292296564298,1000000.0,1000000.0,28.47934469936947,0.0,0.0,1579.3498849570603,55455977.011719204,55455977.011719204
2004,일시매수,40,2007-04-30,39.39360046386719,931.0,4.95,전액매수,0.0,0.0,0.0,1579.3498849570603,1000000.0,1000000.0,27.266201703343867,0.0,0.0,1552.0836832537166,56923355.15376799,56923355.15376799
2004,일시매수,41,2007-05-31,40.63642120361328,927.4,5.04,전액매수,0.0,0.0,0.0,1552.0836832537166,1000000.0,1000000.0,26.53489999691489,0.0,0.0,1525.5487832568017,57492162.5268673,57492162.5268673
2004,일시매수,42,2007-06-30,40.831180572509766,922.6,5.03,전액매수,0.0,0.0,0.0,1525.5487832568017,1000000.0,1000000.0,26.54572632231483,0.0,0.0,1499.003056934487,56468715.10441201,56468715.10441201
2004,일시매수,43,2007-07-31,40.77112579345703,919.0,5.05,전액매수,0.0,0.0,0.0,1499.003056934487,1000000.0,1000000.0,26.688968250238975,0.0,0.0,1472.314088684248,55165642.78092934,55165642.78092934
2004,일시매수,44,2007-08-31,41.92060089111328,938.1,5.21,전액매수,0.0,0.0,0.0,1472.314088684248,1000000.0,1000000.0,25.428653549028745,0.0,0.0,1446.8854351352193,56899805.266743414,56899805.266743414
2004,일시매수,45,2007-09-30,44.12232208251953,913.6,5.34,전액매수,0.0,0.0,0.0,1446.8854351352193,1000000.0,1000000.0,24.807645575612085,0.0,0.0,1422.0777895596073,57324173.92151169,57324173.92151169
2004,일시매수,46,2007-10-31,47.22917938232422,903.2,5.34,전액매수,0.0,0.0,0.0,1422.0777895596073,1000000.0,1000000.0,23.442594285559412,0.0,0.0,1398.6351952740479,59662133.73131677,59662133.73131677
2004,일시매수,47,2007-11-30,44.03649139404297,920.9,5.43,전액매수,0.0,0.0,0.0,1398.6351952740479,1000000.0,1000000.0,24.65896349881572,0.0,0.0,1373.9762317752322,55719139.68895,55719139.68895
2004,일시매수,48,2007-12-31,44.00508117675781,935.8,5.73,전액매수,0.0,0.0,0.0,1373.9762317752322,1000000.0,1000000.0,24.283659388283194,0.0,0.0,1349.692572386949,55580279.34777294,55580279.34777294
2004,일시매수,49,2008-01-31,38.77293395996094,943.4,5.81,전액매수,0.0,0.0,0.0,1349.692572386949,1000000.0,1000000.0,27.338549130988383,0.0,0.0,1322.3540232559606,48369575.75620081,48369575.75620081
2004,일시매수,50,2008-02-29,36.90000534057617,942.8,5.28,전액매수,0.0,0.0,0.0,1322.3540232559606,1000000.0,1000000.0,28.74444959743276,0.0,0.0,1293.6095736585278,45003803.92651747,45003803.92651747
2004,일시매수,51,2008-03-31,37.59089660644531,988.6,5.25,전액매수,0.0,0.0,0.0,1293.6095736585278,1000000.0,1000000.0,26.908947376767987,0.0,0.0,1266.7006262817597,47073585.173954956,47073585.173954956
2004,일시매수,52,2008-04-30,40.59162139892578,1005.0,5.38,전액매수,0.0,0.0,0.0,1266.7006262817597,1000000.0,1000000.0,24.51306061029193,0.0,0.0,1242.1875656714678,50674519.40905042,50674519.40905042
2004,일시매수,53,2008-05-31,42.999122619628906,1028.5,5.36,전액매수,0.0,0.0,0.0,1242.1875656714678,1000000.0,1000000.0,22.611850733423392,0.0,0.0,1219.5757149380445,53935245.25329303,53935245.25329303
2004,일시매수,54,2008-06-30,38.86471176147461,1046.8,5.36,전액매수,0.0,0.0,0.0,1219.5757149380445,1000000.0,1000000.0,24.579940932347363,0.0,0.0,1194.995774005697,48616706.496355936,48616706.496355936
2004,일시매수,55,2008-07-31,39.11422348022461,1011.5,5.52,전액매수,0.0,0.0,0.0,1194.995774005697,1000000.0,1000000.0,25.27547931294216,0.0,0.0,1169.7202946927548,46278857.07765022,46278857.07765022
2004,일시매수,56,2008-08-31,39.682106018066406,1089.0,5.77,전액매수,0.0,0.0,0.0,1169.7202946927548,1000000.0,1000000.0,23.14074875784825,0.0,0.0,1146.5795459349065,49548074.60782965,49548074.60782965
2004,일시매수,57,2008-09-30,33.501121520996094,1206.3,5.79,전액매수,0.0,0.0,0.0,1146.5795459349065,1000000.0,1000000.0,24.744878514219888,0.0,0.0,1121.8346674206866,45336034.55664627,45336034.55664627
2004,일시매수,58,2008-10-31,28.31795310974121,1277.5,6.03,전액매수,0.0,0.0,0.0,1121.8346674206866,1000000.0,1000000.0,27.64249456650786,0.0,0.0,1094.1921728541788,39583698.57762119,39583698.57762119
2004,일시매수,59,2008-11-30,25.072021484375,1468.0,5.62,전액매수,0.0,0.0,0.0,1094.1921728541788,1000000.0,1000000.0,27.169684363355792,0.0,0.0,1067.022488490823,39272538.98944568,39272538.98944568
2004,일시매수,60,2008-12-31,25.643007278442383,1262.0,4.68,전액매수,0.0,0.0,0.0,1067.022488490823,1000000.0,1000000.0,30.90093990682261,0.0,0.0,1036.1215485840003,33530421.783553425,33530421.783553425
2004,일시매수,61,2009-01-31,25.056692123413086,1380.0,3.22,전액매수,0.0,0.0,0.0,1036.1215485840003,1000000.0,1000000.0,28.91992596589857,0.0,0.0,1007.2016226181017,34827254.53051854,34827254.53051854
2004,일시매수,62,2009-02-28,23.737457275390625,1532.8,2.7,전액매수,0.0,0.0,0.0,1007.2016226181017,1000000.0,1000000.0,27.48402356260093,0.0,0.0,979.7175990555008,35646803.926796876,35646803.926796876
2004,일시매수,63,2009-03-31,26.18634796142578,1372.3,2.45,전액매수,0.0,0.0,0.0,979.7175990555008,1000000.0,1000000.0,27.82761602742671,0.0,0.0,951.8899830280741,34206666.575027406,34206666.575027406
2004,일시매수,64,2009-04-30,29.606460571289062,1277.0,2.42,전액매수,0.0,0.0,0.0,951.8899830280741,1000000.0,1000000.0,26.449813358076177,0.0,0.0,925.4401696699979,34988533.081176706,34988533.081176706
2004,일시매수,65,2009-05-31,30.55649757385254,1249.0,2.41,전액매수,0.0,0.0,0.0,925.4401696699979,1000000.0,1000000.0,26.20197260745757,0.0,0.0,899.2381970625403,34319484.663784444,34319484.663784444
2004,일시매수,66,2009-06-30,31.458803176879883,1273.5,2.41,전액매수,0.0,0.0,0.0,899.2381970625403,1000000.0,1000000.0,24.96082034459719,0.0,0.0,874.2773767179431,35025987.31324076,35025987.31324076
2004,일시매수,67,2009-07-31,34.113521575927734,1222.2,2.41,전액매수,0.0,0.0,0.0,874.2773767179431,1000000.0,1000000.0,23.984527445056163,0.0,0.0,850.2928492728869,35451724.08423475,35451724.08423475
2004,일시매수,68,2009-08-31,34.61505126953125,1248.0,2.48,전액매수,0.0,0.0,0.0,850.2928492728869,1000000.0,1000000.0,23.148371066760582,0.0,0.0,827.1444782061263,35732297.35347759,35732297.35347759
2004,일시매수,69,2009-09-30,36.570106506347656,1175.0,2.64,전액매수,0.0,0.0,0.0,827.1444782061263,1000000.0,1000000.0,23.272117887857686,0.0,0.0,803.8723603182686,34542294.955359094,34542294.955359094
2004,일시매수,70,2009-10-31,35.45353317260742,1182.0,2.79,전액매수,0.0,0.0,0.0,803.8723603182686,1000000.0,1000000.0,23.86288792556643,0.0,0.0,780.0094723927023,32687136.394627612,32687136.394627612
2004,일시매수,71,2009-11-30,37.70399475097656,1164.4,2.79,전액매수,0.0,0.0,0.0,780.0094723927023,1000000.0,1000000.0,22.77772980522746,0.0,0.0,757.2317425874749,33244390.42268783,33244390.42268783
2004,일시매수,72,2009-12-31,39.66565704345703,1163.65,2.82,전액매수,0.0,0.0,0.0,757.2317425874749,1000000.0,1000000.0,21.66521352150372,0.0,0.0,735.5665290659712,33951501.48582139,33951501.48582139
2004,일시매수,73,2010-01-31,37.09931945800781,1158.7,2.88,전액매수,0.0,0.0,0.0,735.5665290659712,1000000.0,1000000.0,23.262856942484163,0.0,0.0,712.303672123487,30619784.744608518,30619784.744608518
2004,일시매수,74,2010-02-28,38.807308197021484,1159.0,2.88,전액매수,0.0,0.0,0.0,712.303672123487,1000000.0,1000000.0,22.233254758319276,0.0,0.0,690.0704173651677,31037759.647266943,31037759.647266943
2004,일시매수,75,2010-03-31,41.799720764160156,1131.2,2.83,전액매수,0.0,0.0,0.0,690.0704173651677,1000000.0,1000000.0,21.14887269495485,0.0,0.0,668.9215446702128,31629182.05232692,31629182.05232692
2004,일시매수,76,2010-04-30,42.73708724975586,1108.0,2.51,전액매수,0.0,0.0,0.0,668.9215446702128,1000000.0,1000000.0,21.118123248266766,0.0,0.0,647.803421421946,30675236.32693608,30675236.32693608
2004,일시매수,77,2010-05-31,39.57780075073242,1194.5,2.45,전액매수,0.0,0.0,0.0,647.803421421946,1000000.0,1000000.0,21.152523593762744,0.0,0.0,626.6508978281832,29625349.195353884,29625349.195353884
2004,일시매수,78,2010-06-30,37.212772369384766,1220.85,2.45,전액매수,0.0,0.0,0.0,626.6508978281832,1000000.0,1000000.0,22.011298636484625,0.0,0.0,604.6395991916986,27469510.5080935,27469510.5080935
2004,일시매수,79,2010-07-31,39.91376495361328,1182.0,2.58,전액매수,0.0,0.0,0.0,604.6395991916986,1000000.0,1000000.0,21.19628879025842,0.0,0.0,583.4433104014402,27525729.44135316,27525729.44135316
2004,일시매수,80,2010-08-31,37.86624526977539,1198.0,2.63,전액매수,0.0,0.0,0.0,583.4433104014402,1000000.0,1000000.0,22.044027205617205,0.0,0.0,561.3992831958229,25467183.37621941,25467183.37621941
2004,일시매수,81,2010-09-30,42.85429382324219,1140.1,2.66,전액매수,0.0,0.0,0.0,561.3992831958229,1000000.0,1000000.0,20.467401611380872,0.0,0.0,540.9318815844421,26428947.448007155,26428947.448007155
2004,일시매수,82,2010-10-31,45.57033157348633,1124.0,2.66,전액매수,0.0,0.0,0.0,540.9318815844421,1000000.0,1000000.0,19.523222337493884,0.0,0.0,521.4086592469482,26707100.407579504,26707100.407579504
2004,일시매수,83,2010-11-30,45.49174880981445,1157.2,2.73,전액매수,0.0,0.0,0.0,521.4086592469482,1000000.0,1000000.0,18.995859230715258,0.0,0.0,502.41280001623295,26448543.017409768,26448543.017409768
2004,일시매수,84,2010-12-31,47.65583801269531,1130.6,2.8,전액매수,0.0,0.0,0.0,502.41280001623295,1000000.0,1000000.0,18.559869062262504,0.0,0.0,483.85293095397043,26069846.146586303,26069846.146586303
2004,일시매수,85,2011-01-31,49.00342559814453,1119.1,2.93,전액매수,0.0,0.0,0.0,483.85293095397043,1000000.0,1000000.0,18.23495364753519,0.0,0.0,465.61797730643525,25534365.828748494,25534365.828748494
2004,일시매수,86,2011-02-28,50.55229187011719,1123.7,3.13,전액매수,0.0,0.0,0.0,465.61797730643525,1000000.0,1000000.0,17.603894992206044,0.0,0.0,448.0140823142292,25449713.40220918,25449713.40220918
2004,일시매수,87,2011-03-31,50.32568359375,1097.25,3.35,전액매수,0.0,0.0,0.0,448.0140823142292,1000000.0,1000000.0,18.109427778049056,0.0,0.0,429.90465453618015,23739273.256180935,23739273.256180935
2004,일시매수,88,2011-04-30,51.771575927734375,1068.4,3.4,전액매수,0.0,0.0,0.0,429.90465453618015,1000000.0,1000000.0,18.07901376956591,0.0,0.0,411.82564076661424,22779209.420144297,22779209.420144297
2004,일시매수,89,2011-05-31,51.1406364440918,1078.0,3.46,전액매수,0.0,0.0,0.0,411.82564076661424,1000000.0,1000000.0,18.139073920223204,0.0,0.0,393.68656684639103,21703785.35187901,21703785.35187901
2004,일시매수,90,2011-06-30,50.10478973388672,1066.3,3.53,전액매수,0.0,0.0,0.0,393.68656684639103,1000000.0,1000000.0,18.717220078615295,0.0,0.0,374.96934676777573,20033388.782781042,20033388.782781042
2004,일시매수,91,2011-07-31,50.93914031982422,1054.0,3.59,전액매수,0.0,0.0,0.0,374.96934676777573,1000000.0,1000000.0,18.62549303852943,0.0,0.0,356.3438537292463,19132049.443850927,19132049.443850927
2004,일시매수,92,2011-08-31,48.35704040527344,1063.9,3.59,전액매수,0.0,0.0,0.0,356.3438537292463,1000000.0,1000000.0,19.43745845934499,0.0,0.0,336.9063952699013,17332841.9440519,17332841.9440519
2004,일시매수,93,2011-09-30,46.18540954589844,1180.9,3.58,전액매수,0.0,0.0,0.0,336.9063952699013,1000000.0,1000000.0,18.335049143725616,0.0,0.0,318.5713461261757,17374992.75998358,17374992.75998358
2004,일시매수,94,2011-10-31,50.989601135253906,1112.05,3.58,전액매수,0.0,0.0,0.0,318.5713461261757,1000000.0,1000000.0,17.635755566995662,0.0,0.0,300.93559055918,17063946.561062813,17063946.561062813
2004,일시매수,95,2011-11-30,49.61699295043945,1140.05,3.56,전액매수,0.0,0.0,0.0,300.93559055918,1000000.0,1000000.0,17.678510095185096,0.0,0.0,283.2570804639949,16022678.321808496,16022678.321808496
2004,일시매수,96,2011-12-31,49.31224060058594,1158.5,3.55,전액매수,0.0,0.0,0.0,283.2570804639949,1000000.0,1000000.0,17.50448048400194,0.0,0.0,265.75259997999297,15181975.850290164,15181975.850290164
2004,일시매수,97,2012-01-31,53.46356201171875,1125.7,3.55,전액매수,0.0,0.0,0.0,265.75259997999297,1000000.0,1000000.0,16.615730657883987,0.0,0.0,249.13686932210896,14994036.341332735,14994036.341332735
2004,일시매수,98,2012-02-29,56.89059066772461,1117.1,3.53,전액매수,0.0,0.0,0.0,249.13686932210896,1000000.0,1000000.0,15.735027466003562,0.0,0.0,233.4018418561054,14833265.614590352,14833265.614590352
2004,일시매수,99,2012-03-31,59.765281677246094,1131.4,3.54,전액매수,0.0,0.0,0.0,233.4018418561054,1000000.0,1000000.0,14.78886535373972,0.0,0.0,218.61297650236568,14782268.366997078,14782268.366997078
2004,일시매수,100,2012-04-30,59.06635665893555,1130.05,3.54,전액매수,0.0,0.0,0.0,218.61297650236568,1000000.0,1000000.0,14.981736586878165,0.0,0.0,203.63123991548753,13591965.039209075,13591965.039209075
2004,일시매수,101,2012-05-31,54.90799331665039,1180.0,3.54,전액매수,0.0,0.0,0.0,203.63123991548753,1000000.0,1000000.0,15.434139474582832,0.0,0.0,188.1971004409047,12193559.65720217,12193559.65720217
2004,일시매수,102,2012-06-30,56.89645004272461,1141.17,3.54,전액매수,0.0,0.0,0.0,188.1971004409047,1000000.0,1000000.0,15.401551903695259,0.0,0.0,172.79554853720944,11219359.556600982,11219359.556600982
2004,일시매수,103,2012-07-31,57.463993072509766,1130.27,3.34,전액매수,0.0,0.0,0.0,172.79554853720944,1000000.0,1000000.0,15.396499717706176,0.0,0.0,157.39904881950326,10223041.061631192,10223041.061631192
2004,일시매수,104,2012-08-31,60.44361114501953,1133.2,3.19,전액매수,0.0,0.0,0.0,157.39904881950326,1000000.0,1000000.0,14.59966972359645,0.0,0.0,142.7993790959068,9781000.652714076,9781000.652714076
2004,일시매수,105,2012-09-30,60.98059844970703,1111.21,3.14,전액매수,0.0,0.0,0.0,142.7993790959068,1000000.0,1000000.0,14.757479100020031,0.0,0.0,128.04189999588678,8676407.340852203,8676407.340852203
2004,일시매수,106,2012-10-31,57.76125717163086,1090.17,2.93,전액매수,0.0,0.0,0.0,128.04189999588678,1000000.0,1000000.0,15.88068152063766,0.0,0.0,112.16121847524911,7062745.911092705,7062745.911092705
2004,일시매수,107,2012-11-30,58.51719284057617,1081.75,2.85,전액매수,0.0,0.0,0.0,112.16121847524911,1000000.0,1000000.0,15.797545392979005,0.0,0.0,96.36367308227011,6099914.302198973,6099914.302198973
2004,일시매수,108,2012-12-31,58.24394989013672,1063.24,2.88,전액매수,0.0,0.0,0.0,96.36367308227011,1000000.0,1000000.0,16.147967760636632,0.0,0.0,80.21570532163348,4967541.830073048,4967541.830073048
2004,일시매수,109,2013-01-31,59.799983978271484,1087.46,2.86,전액매수,0.0,0.0,0.0,80.21570532163348,1000000.0,1000000.0,15.377496650043287,0.0,0.0,64.8382086715902,4216434.582764657,4216434.582764657
2004,일시매수,110,2013-02-28,60.00566482543945,1083.9,2.83,전액매수,0.0,0.0,0.0,64.8382086715902,1000000.0,1000000.0,15.37512063160488,0.0,0.0,49.463088039985315,3217086.1761116656,3217086.1761116656
2004,일시매수,111,2013-03-31,61.82071304321289,1112.48,2.81,전액매수,0.0,0.0,0.0,49.463088039985315,1000000.0,1000000.0,14.540313757500314,0.0,0.0,34.922774282485,2401789.594428168,2401789.594428168
2004,일시매수,112,2013-04-30,63.38931655883789,1101.52,2.8,전액매수,0.0,0.0,0.0,34.922774282485,1000000.0,1000000.0,14.321600128683558,0.0,0.0,20.601174153801445,1438468.744322853,1438468.744322853
2004,일시매수,113,2013-05-31,65.65702056884766,1129.34,2.72,전액매수,0.0,0.0,0.0,20.601174153801445,1000000.0,1000000.0,13.486340431241372,0.0,0.0,7.114833722560073,527558.5143971615,527558.5143971615
2004,일시매수,114,2013-06-30,64.0843734741211,1141.45,2.69,고갈,0.0,0.0,0.0,7.114833722560073,1000000.0,520443.74109955464,7.114833722560074,0.0,0.0,0.0,0.0,0.0
2004,분할매수,0,2003-12-31,30.73448371887207,1192.0,4.34,분할매수,100000000.0,0.0,100000000.0,0.0,0.0,0.0,0.0,8333333.333333333,91666666.66666667,227.46604491833213,8333333.333333333,100000000.0
2004,분할매수,1,2004-01-31,31.248687744140625,1174.0,4.26,분할매수,91666666.66666667,331527.7777777778,91998194.44444445,227.46604491833213,1000000.0,1000000.0,0.0,8333333.333333333,82664861.11111112,454.61925194863716,16678143.424729247,99343004.53584036
2004,분할매수,2,2004-02-29,30.82720184326172,1179.0,4.08,분할매수,82664861.11111112,293460.25694444444,82958321.36805557,454.61925194863716,1000000.0,1000000.0,0.0,8333333.333333333,73624988.03472224,683.9017173201796,24856593.23504256,98481581.2697648
2004,분할매수,3,2004-03-31,30.21183967590332,1146.7,3.93,분할매수,73624988.03472224,250324.95931805563,73875312.9940403,683.9017173201796,1000000.0,1000000.0,0.0,8333333.333333333,64541979.66070696,924.4441894675408,32026367.3609238,96568347.02163076
2004,분할매수,4,2004-04-30,29.309879302978516,1173.6,3.91,분할매수,64541979.66070696,211374.9833888153,64753354.64409578,924.4441894675408,1000000.0,1000000.0,0.0,8333333.333333333,55420021.31076244,1166.7058128522594,40132433.29504072,95552454.60580316
2004,분할매수,5,2004-05-31,30.81033706665039,1165.0,3.9,분할매수,55420021.31076244,180576.90277090098,55600598.21353334,1166.7058128522594,1000000.0,1000000.0,0.0,8333333.333333333,46267264.880200006,1398.8706154355561,50211121.577945516,96478386.45814553
2004,분할매수,6,2004-06-30,31.813488006591797,1156.0,3.91,분할매수,46267264.880200006,150368.61086065002,46417633.49106066,1398.8706154355561,1000000.0,1000000.0,0.0,8333333.333333333,37084300.15772732,1625.465255350275,59778747.63358759,96863047.79131491
2004,분할매수,7,2004-07-31,29.41102409362793,1170.0,3.91,분할매수,37084300.15772732,120833.01134726153,37205133.16907459,1625.465255350275,1000000.0,1000000.0,0.0,8333333.333333333,27871799.835741255,1867.6365955876336,64267052.74583388,92138852.58157514
2004,분할매수,8,2004-08-31,28.677654266357422,1152.0,3.7,분할매수,27871799.835741255,90815.61446479027,27962615.450206045,1867.6365955876336,1000000.0,1000000.0,0.0,8333333.333333333,18629282.116872713,2119.8816442624293,70033804.27747804,88663086.39435075
2004,분할매수,9,2004-09-30,29.621776580810547,1152.0,3.52,분할매수,18629282.116872713,57440.286527024204,18686722.403399736,2119.8816442624293,1000000.0,1000000.0,0.0,8333333.333333333,9353389.070066404,2364.08699354531,80672782.16493997,90026171.23500638
2004,분할매수,10,2004-10-31,31.105375289916992,1120.0,3.52,분할매수,9353389.070066404,27436.607938861453,9380825.678005265,2364.08699354531,1000000.0,1000000.0,0.0,8333333.333333333,47492.34467193205,2603.289257498964,90693444.06384039,90740936.40851232
2004,분할매수,11,2004-11-30,32.97675704956055,1048.0,3.42,분할매수,47492.34467193205,139.31087770433402,47631.65554963638,2603.289257498964,1000000.0,1000000.0,27.557240359059946,0.0,0.0,2575.732017139904,89016374.823789,89016374.823789
2004,분할매수,12,2004-12-31,33.97343063354492,1035.1,3.39,분할매수,0.0,0.0,0.0,2575.732017139904,1000000.0,1000000.0,28.436640480865698,0.0,0.0,2547.2953766590385,89577929.51572637,89577929.51572637
2004,분할매수,13,2005-01-31,31.828834533691406,1026.85,3.47,분할매수,0.0,0.0,0.0,2547.2953766590385,1000000.0,1000000.0,30.596535692799016,0.0,0.0,2516.6988409662395,82254372.39806701,82254372.39806701
2004,분할매수,14,2005-02-28,31.67561912536621,1000.85,3.59,분할매수,0.0,0.0,0.0,2516.6988409662395,1000000.0,1000000.0,31.543210503066845,0.0,0.0,2485.1556304631727,78785754.23454593,78785754.23454593
2004,분할매수,15,2005-03-31,31.122455596923828,1015.4,3.55,분할매수,0.0,0.0,0.0,2485.1556304631727,1000000.0,1000000.0,31.643825791984526,0.0,0.0,2453.511804671188,77535245.60524757,77535245.60524757
2004,분할매수,16,2005-04-30,29.76930046081543,997.0,3.52,분할매수,0.0,0.0,0.0,2453.511804671188,1000000.0,1000000.0,33.692730818498035,0.0,0.0,2419.81907385269,71820212.10712186,71820212.10712186
2004,분할매수,17,2005-05-31,32.40752410888672,1005.0,3.51,분할매수,0.0,0.0,0.0,2419.81907385269,1000000.0,1000000.0,30.703514167842187,0.0,0.0,2389.115559684848,77812446.6999001,77812446.6999001
2004,분할매수,18,2005-06-30,31.330127716064453,1034.5,3.51,분할매수,0.0,0.0,0.0,2389.115559684848,1000000.0,1000000.0,30.853706202047228,0.0,0.0,2358.2618534828007,76433665.31202412,76433665.31202412
2004,분할매수,19,2005-07-31,33.71521759033203,1026.5,3.51,분할매수,0.0,0.0,0.0,2358.2618534828007,1000000.0,1000000.0,28.894493063517466,0.0,0.0,2329.367360419283,80616308.28056888,80616308.28056888
2004,분할매수,20,2005-08-31,33.204132080078125,1039.0,3.5,분할매수,0.0,0.0,0.0,2329.367360419283,1000000.0,1000000.0,28.986269096939466,0.0,0.0,2300.3810913223438,79361061.73682185,79361061.73682185
2004,분할매수,21,2005-09-30,33.61298751831055,1042.4,3.7,분할매수,0.0,0.0,0.0,2300.3810913223438,1000000.0,1000000.0,28.540296661641577,0.0,0.0,2271.840794660702,79601162.58055851,79601162.58055851
2004,분할매수,22,2005-10-31,33.11042022705078,1043.5,3.93,분할매수,0.0,0.0,0.0,2271.840794660702,1000000.0,1000000.0,28.94295396736042,0.0,0.0,2242.8978406933415,77493743.14808035,77493743.14808035
2004,분할매수,23,2005-11-30,35.129241943359375,1037.4,3.96,분할매수,0.0,0.0,0.0,2242.8978406933415,1000000.0,1000000.0,27.44005503801098,0.0,0.0,2215.4577856553306,80738095.553613,80738095.553613
2004,분할매수,24,2005-12-31,34.50527572631836,1010.0,4.04,분할매수,0.0,0.0,0.0,2215.4577856553306,1000000.0,1000000.0,28.69413413050363,0.0,0.0,2186.763651524827,76209431.57159646,76209431.57159646
2004,분할매수,25,2006-01-31,35.862937927246094,958.9,4.15,분할매수,0.0,0.0,0.0,2186.763651524827,1000000.0,1000000.0,29.0790903517071,0.0,0.0,2157.6845611731196,74200552.18633935,74200552.18633935
2004,분할매수,26,2006-02-28,35.09444808959961,970.9,4.25,분할매수,0.0,0.0,0.0,2157.6845611731196,1000000.0,1000000.0,29.348579243110716,0.0,0.0,2128.335981930009,72519216.83498918,72519216.83498918
2004,분할매수,27,2006-03-31,35.82828903198242,971.4,4.27,분할매수,0.0,0.0,0.0,2128.335981930009,1000000.0,1000000.0,28.73265986813024,0.0,0.0,2099.6033220618788,73073754.10762864,73073754.10762864
2004,분할매수,28,2006-04-30,35.75992965698242,942.8,4.33,분할매수,0.0,0.0,0.0,2099.6033220618788,1000000.0,1000000.0,29.660862139030712,0.0,0.0,2069.9424599228482,69786995.74612203,69786995.74612203
2004,분할매수,29,2006-05-31,33.17084884643555,945.3,4.36,분할매수,0.0,0.0,0.0,2069.9424599228482,1000000.0,1000000.0,31.891412633645402,0.0,0.0,2038.0510472892029,63905950.81821685,63905950.81821685
2004,분할매수,30,2006-06-30,33.15044021606445,948.5,4.47,분할매수,0.0,0.0,0.0,2038.0510472892029,1000000.0,1000000.0,31.803386331424424,0.0,0.0,2006.2476609577784,63082831.49632517,63082831.49632517
2004,분할매수,31,2006-07-31,31.722482681274414,954.9,4.63,분할매수,0.0,0.0,0.0,2006.2476609577784,1000000.0,1000000.0,33.01223573733619,0.0,0.0,1973.2354252204423,59772850.3128539,59772850.3128539
2004,분할매수,32,2006-08-31,33.23592758178711,961.1,4.68,분할매수,0.0,0.0,0.0,1973.2354252204423,1000000.0,1000000.0,31.305714389697492,0.0,0.0,1941.9297108307449,62031157.84732966,62031157.84732966
2004,분할매수,33,2006-09-30,34.77792739868164,946.0,4.64,분할매수,0.0,0.0,0.0,1941.9297108307449,1000000.0,1000000.0,30.395211316455892,0.0,0.0,1911.5344995142889,62889330.80979729,62889330.80979729
2004,분할매수,34,2006-10-31,36.42914581298828,942.2,4.57,분할매수,0.0,0.0,0.0,1911.5344995142889,1000000.0,1000000.0,29.13452299721012,0.0,0.0,1882.3999765170788,64610633.1206224,64610633.1206224
2004,분할매수,35,2006-11-30,37.678226470947266,929.0,4.6,분할매수,0.0,0.0,0.0,1882.3999765170788,1000000.0,1000000.0,28.56892071687255,0.0,0.0,1853.8310558002063,64889782.64780405,64889782.64780405
2004,분할매수,36,2006-12-31,36.9703369140625,930.0,4.76,분할매수,0.0,0.0,0.0,1853.8310558002063,1000000.0,1000000.0,29.084636683289148,0.0,0.0,1824.7464191169172,62739185.60465782,62739185.60465782
2004,분할매수,37,2007-01-31,37.74984359741211,941.0,4.92,분할매수,0.0,0.0,0.0,1824.7464191169172,1000000.0,1000000.0,28.151090305003876,0.0,0.0,1796.5953288119133,63819742.30293195,63819742.30293195
2004,분할매수,38,2007-02-28,37.11598205566406,942.3,4.95,분할매수,0.0,0.0,0.0,1796.5953288119133,1000000.0,1000000.0,28.592350091454698,0.0,0.0,1768.0029787204587,61834825.506311074,61834825.506311074
2004,분할매수,39,2007-03-31,37.31077194213867,941.1,4.94,분할매수,0.0,0.0,0.0,1768.0029787204587,1000000.0,1000000.0,28.47934469936947,0.0,0.0,1739.5236340210893,61080184.6876625,61080184.6876625
2004,분할매수,40,2007-04-30,39.39360046386719,931.0,4.95,분할매수,0.0,0.0,0.0,1739.5236340210893,1000000.0,1000000.0,27.266201703343867,0.0,0.0,1712.2574323177455,62797798.202591516,62797798.202591516
2004,분할매수,41,2007-05-31,40.63642120361328,927.4,5.04,분할매수,0.0,0.0,0.0,1712.2574323177455,1000000.0,1000000.0,26.53489999691489,0.0,0.0,1685.7225323208306,63528505.19567901,63528505.19567901
2004,분할매수,42,2007-06-30,40.831180572509766,922.6,5.03,분할매수,0.0,0.0,0.0,1685.7225323208306,1000000.0,1000000.0,26.54572632231483,0.0,0.0,1659.1768059985159,62502595.93024513,62502595.93024513
2004,분할매수,43,2007-07-31,40.77112579345703,919.0,5.05,분할매수,0.0,0.0,0.0,1659.1768059985159,1000000.0,1000000.0,26.688968250238975,0.0,0.0,1632.487837748277,61167139.263004646,61167139.263004646
2004,분할매수,44,2007-08-31,41.92060089111328,938.1,5.21,분할매수,0.0,0.0,0.0,1632.487837748277,1000000.0,1000000.0,25.428653549028745,0.0,0.0,1607.0591841992482,63198752.584390394,63198752.584390394
2004,분할매수,45,2007-09-30,44.12232208251953,913.6,5.34,분할매수,0.0,0.0,0.0,1607.0591841992482,1000000.0,1000000.0,24.807645575612085,0.0,0.0,1582.2515386236362,63780802.32567967,63780802.32567967
2004,분할매수,46,2007-10-31,47.22917938232422,903.2,5.34,분할매수,0.0,0.0,0.0,1582.2515386236362,1000000.0,1000000.0,23.442594285559412,0.0,0.0,1558.8089443380768,66494728.58463876,66494728.58463876
2004,분할매수,47,2007-11-30,44.03649139404297,920.9,5.43,분할매수,0.0,0.0,0.0,1558.8089443380768,1000000.0,1000000.0,24.65896349881572,0.0,0.0,1534.1499808392612,62214698.55831292,62214698.55831292
2004,분할매수,48,2007-12-31,44.00508117675781,935.8,5.73,분할매수,0.0,0.0,0.0,1534.1499808392612,1000000.0,1000000.0,24.283659388283194,0.0,0.0,1509.866321450978,62176227.12083849,62176227.12083849
2004,분할매수,49,2008-01-31,38.77293395996094,943.4,5.81,분할매수,0.0,0.0,0.0,1509.866321450978,1000000.0,1000000.0,27.338549130988383,0.0,0.0,1482.5277723199895,54228472.960166596,54228472.960166596
2004,분할매수,50,2008-02-29,36.90000534057617,942.8,5.28,분할매수,0.0,0.0,0.0,1482.5277723199895,1000000.0,1000000.0,28.74444959743276,0.0,0.0,1453.7833227225567,50576140.54479575,50576140.54479575
2004,분할매수,51,2008-03-31,37.59089660644531,988.6,5.25,분할매수,0.0,0.0,0.0,1453.7833227225567,1000000.0,1000000.0,26.908947376767987,0.0,0.0,1426.8743753457886,53026019.76091007,53026019.76091007
2004,분할매수,52,2008-04-30,40.59162139892578,1005.0,5.38,분할매수,0.0,0.0,0.0,1426.8743753457886,1000000.0,1000000.0,24.51306061029193,0.0,0.0,1402.3613147354968,57208740.150004305,57208740.150004305
2004,분할매수,53,2008-05-31,42.999122619628906,1028.5,5.36,분할매수,0.0,0.0,0.0,1402.3613147354968,1000000.0,1000000.0,22.611850733423392,0.0,0.0,1379.7494640020734,61018864.8540217,61018864.8540217
2004,분할매수,54,2008-06-30,38.86471176147461,1046.8,5.36,분할매수,0.0,0.0,0.0,1379.7494640020734,1000000.0,1000000.0,24.579940932347363,0.0,0.0,1355.169523069726,55133148.07385538,55133148.07385538
2004,분할매수,55,2008-07-31,39.11422348022461,1011.5,5.52,분할매수,0.0,0.0,0.0,1355.169523069726,1000000.0,1000000.0,25.27547931294216,0.0,0.0,1329.8940437567837,52615977.220096454,52615977.220096454
2004,분할매수,56,2008-08-31,39.682106018066406,1089.0,5.77,분할매수,0.0,0.0,0.0,1329.8940437567837,1000000.0,1000000.0,23.14074875784825,0.0,0.0,1306.7532949989354,56469793.12005824,56469793.12005824
2004,분할매수,57,2008-09-30,33.501121520996094,1206.3,5.79,분할매수,0.0,0.0,0.0,1306.7532949989354,1000000.0,1000000.0,24.744878514219888,0.0,0.0,1282.0084164847156,51809040.63634811,51809040.63634811
2004,분할매수,58,2008-10-31,28.31795310974121,1277.5,6.03,분할매수,0.0,0.0,0.0,1282.0084164847156,1000000.0,1000000.0,27.64249456650786,0.0,0.0,1254.3659219182077,45378173.77155316,45378173.77155316
2004,분할매수,59,2008-11-30,25.072021484375,1468.0,5.62,분할매수,0.0,0.0,0.0,1254.3659219182077,1000000.0,1000000.0,27.169684363355792,0.0,0.0,1227.196237554852,45167850.3564065,45167850.3564065
2004,분할매수,60,2008-12-31,25.643007278442383,1262.0,4.68,분할매수,0.0,0.0,0.0,1227.196237554852,1000000.0,1000000.0,30.90093990682261,0.0,0.0,1196.2952976480292,38713880.589240566,38713880.589240566
2004,분할매수,61,2009-01-31,25.056692123413086,1380.0,3.22,분할매수,0.0,0.0,0.0,1196.2952976480292,1000000.0,1000000.0,28.91992596589857,0.0,0.0,1167.3753716821307,40365780.08735781,40365780.08735781
2004,분할매수,62,2009-02-28,23.737457275390625,1532.8,2.7,분할매수,0.0,0.0,0.0,1167.3753716821307,1000000.0,1000000.0,27.48402356260093,0.0,0.0,1139.8913481195298,41474689.669188194,41474689.669188194
2004,분할매수,63,2009-03-31,26.18634796142578,1372.3,2.45,분할매수,0.0,0.0,0.0,1139.8913481195298,1000000.0,1000000.0,27.82761602742671,0.0,0.0,1112.063732092103,39962594.3881093,39962594.3881093
2004,분할매수,64,2009-04-30,29.606460571289062,1277.0,2.42,분할매수,0.0,0.0,0.0,1112.063732092103,1000000.0,1000000.0,26.449813358076177,0.0,0.0,1085.6139187340268,41044294.11417929,41044294.11417929
2004,분할매수,65,2009-05-31,30.55649757385254,1249.0,2.41,분할매수,0.0,0.0,0.0,1085.6139187340268,1000000.0,1000000.0,26.20197260745757,0.0,0.0,1059.4119461265693,40432526.283347115,40432526.283347115
2004,분할매수,66,2009-06-30,31.458803176879883,1273.5,2.41,분할매수,0.0,0.0,0.0,1059.4119461265693,1000000.0,1000000.0,24.96082034459719,0.0,0.0,1034.4511257819722,41442993.920104906,41442993.920104906
2004,분할매수,67,2009-07-31,34.113521575927734,1222.2,2.41,분할매수,0.0,0.0,0.0,1034.4511257819722,1000000.0,1000000.0,23.984527445056163,0.0,0.0,1010.466598336916,42129935.670056306,42129935.670056306
2004,분할매수,68,2009-08-31,34.61505126953125,1248.0,2.48,분할매수,0.0,0.0,0.0,1010.466598336916,1000000.0,1000000.0,23.148371066760582,0.0,0.0,987.3182272701555,42651736.678261325,42651736.678261325
2004,분할매수,69,2009-09-30,36.570106506347656,1175.0,2.64,분할매수,0.0,0.0,0.0,987.3182272701555,1000000.0,1000000.0,23.272117887857686,0.0,0.0,964.0461093822978,41424940.954140335,41424940.954140335
2004,분할매수,70,2009-10-31,35.45353317260742,1182.0,2.79,분할매수,0.0,0.0,0.0,964.0461093822978,1000000.0,1000000.0,23.86288792556643,0.0,0.0,940.1832214567314,39399389.729749754,39399389.729749754
2004,분할매수,71,2009-11-30,37.70399475097656,1164.4,2.79,분할매수,0.0,0.0,0.0,940.1832214567314,1000000.0,1000000.0,22.77772980522746,0.0,0.0,917.405491651504,40276423.484528325,40276423.484528325
2004,분할매수,72,2009-12-31,39.66565704345703,1163.65,2.82,분할매수,0.0,0.0,0.0,917.405491651504,1000000.0,1000000.0,21.66521352150372,0.0,0.0,895.7402781300003,41344631.90223982,41344631.90223982
2004,분할매수,73,2010-01-31,37.09931945800781,1158.7,2.88,분할매수,0.0,0.0,0.0,895.7402781300003,1000000.0,1000000.0,23.262856942484163,0.0,0.0,872.4774211875161,37505170.72536092,37505170.72536092
2004,분할매수,74,2010-02-28,38.807308197021484,1159.0,2.88,분할매수,0.0,0.0,0.0,872.4774211875161,1000000.0,1000000.0,22.233254758319276,0.0,0.0,850.2441664291969,38242001.70742213,38242001.70742213
2004,분할매수,75,2010-03-31,41.799720764160156,1131.2,2.83,분할매수,0.0,0.0,0.0,850.2441664291969,1000000.0,1000000.0,21.14887269495485,0.0,0.0,829.095293734242,39202812.63653481,39202812.63653481
2004,분할매수,76,2010-04-30,42.73708724975586,1108.0,2.51,분할매수,0.0,0.0,0.0,829.095293734242,1000000.0,1000000.0,21.118123248266766,0.0,0.0,807.9771704859752,38259894.640603945,38259894.640603945
2004,분할매수,77,2010-05-31,39.57780075073242,1194.5,2.45,분할매수,0.0,0.0,0.0,807.9771704859752,1000000.0,1000000.0,21.152523593762744,0.0,0.0,786.8246468922124,37197672.58050589,37197672.58050589
2004,분할매수,78,2010-06-30,37.212772369384766,1220.85,2.45,분할매수,0.0,0.0,0.0,786.8246468922124,1000000.0,1000000.0,22.011298636484625,0.0,0.0,764.8133482557278,34746398.24240167,34746398.24240167
2004,분할매수,79,2010-07-31,39.91376495361328,1182.0,2.58,분할매수,0.0,0.0,0.0,764.8133482557278,1000000.0,1000000.0,21.19628879025842,0.0,0.0,743.6170594654693,35082417.81491614,35082417.81491614
2004,분할매수,80,2010-08-31,37.86624526977539,1198.0,2.63,분할매수,0.0,0.0,0.0,743.6170594654693,1000000.0,1000000.0,22.044027205617205,0.0,0.0,721.5730322598521,32733267.180689316,32733267.180689316
2004,분할매수,81,2010-09-30,42.85429382324219,1140.1,2.66,분할매수,0.0,0.0,0.0,721.5730322598521,1000000.0,1000000.0,20.467401611380872,0.0,0.0,701.1056306484712,34254745.37318026,34254745.37318026
2004,분할매수,82,2010-10-31,45.57033157348633,1124.0,2.66,분할매수,0.0,0.0,0.0,701.1056306484712,1000000.0,1000000.0,19.523222337493884,0.0,0.0,681.5824083109774,34911368.447718516,34911368.447718516
2004,분할매수,83,2010-11-30,45.49174880981445,1157.2,2.73,분할매수,0.0,0.0,0.0,681.5824083109774,1000000.0,1000000.0,18.995859230715258,0.0,0.0,662.5865490802621,34880577.97400899,34880577.97400899
2004,분할매수,84,2010-12-31,47.65583801269531,1130.6,2.8,분할매수,0.0,0.0,0.0,662.5865490802621,1000000.0,1000000.0,18.559869062262504,0.0,0.0,644.0266800179996,34699958.16551795,34699958.16551795
2004,분할매수,85,2011-01-31,49.00342559814453,1119.1,2.93,분할매수,0.0,0.0,0.0,644.0266800179996,1000000.0,1000000.0,18.23495364753519,0.0,0.0,625.7917263704644,34318251.55503219,34318251.55503219
2004,분할매수,86,2011-02-28,50.55229187011719,1123.7,3.13,분할매수,0.0,0.0,0.0,625.7917263704644,1000000.0,1000000.0,17.603894992206044,0.0,0.0,608.1878313782584,34548480.983755454,34548480.983755454
2004,분할매수,87,2011-03-31,50.32568359375,1097.25,3.35,분할매수,0.0,0.0,0.0,608.1878313782584,1000000.0,1000000.0,18.109427778049056,0.0,0.0,590.0784036002093,32584044.66625167,32584044.66625167
2004,분할매수,88,2011-04-30,51.771575927734375,1068.4,3.4,분할매수,0.0,0.0,0.0,590.0784036002093,1000000.0,1000000.0,18.07901376956591,0.0,0.0,571.9993898306434,31638860.234375358,31638860.234375358
2004,분할매수,89,2011-05-31,51.1406364440918,1078.0,3.46,분할매수,0.0,0.0,0.0,571.9993898306434,1000000.0,1000000.0,18.139073920223204,0.0,0.0,553.8603159104202,30534101.043213833,30534101.043213833
2004,분할매수,90,2011-06-30,50.10478973388672,1066.3,3.53,분할매수,0.0,0.0,0.0,553.8603159104202,1000000.0,1000000.0,18.717220078615295,0.0,0.0,535.143095831805,28590949.595298823,28590949.595298823
2004,분할매수,91,2011-07-31,50.93914031982422,1054.0,3.59,분할매수,0.0,0.0,0.0,535.143095831805,1000000.0,1000000.0,18.62549303852943,0.0,0.0,516.5176027932756,27731754.629248574,27731754.629248574
2004,분할매수,92,2011-08-31,48.35704040527344,1063.9,3.59,분할매수,0.0,0.0,0.0,516.5176027932756,1000000.0,1000000.0,19.43745845934499,0.0,0.0,497.0801443339306,25573309.667702377,25573309.667702377
2004,분할매수,93,2011-09-30,46.18540954589844,1180.9,3.58,분할매수,0.0,0.0,0.0,497.0801443339306,1000000.0,1000000.0,18.335049143725616,0.0,0.0,478.745095190205,26110925.11601121,26110925.11601121
2004,분할매수,94,2011-10-31,50.989601135253906,1112.05,3.58,분할매수,0.0,0.0,0.0,478.745095190205,1000000.0,1000000.0,17.635755566995662,0.0,0.0,461.10933962320934,26146276.40259144,26146276.40259144
2004,분할매수,95,2011-11-30,49.61699295043945,1140.05,3.56,분할매수,0.0,0.0,0.0,461.10933962320934,1000000.0,1000000.0,17.678510095185096,0.0,0.0,443.4308295280242,25083043.03589456,25083043.03589456
2004,분할매수,96,2011-12-31,49.31224060058594,1158.5,3.55,분할매수,0.0,0.0,0.0,443.4308295280242,1000000.0,1000000.0,17.50448048400194,0.0,0.0,425.9263490440223,24332418.744634766,24332418.744634766
2004,분할매수,97,2012-01-31,53.46356201171875,1125.7,3.55,분할매수,0.0,0.0,0.0,425.9263490440223,1000000.0,1000000.0,16.615730657883987,0.0,0.0,409.3106183861383,24633922.324199732,24633922.324199732
2004,분할매수,98,2012-02-29,56.89059066772461,1117.1,3.53,분할매수,0.0,0.0,0.0,409.3106183861383,1000000.0,1000000.0,15.735027466003562,0.0,0.0,393.57559092013474,25012704.411891088,25012704.411891088
2004,분할매수,99,2012-03-31,59.765281677246094,1131.4,3.54,분할매수,0.0,0.0,0.0,393.57559092013474,1000000.0,1000000.0,14.78886535373972,0.0,0.0,378.78672556639503,25612967.357946075,25612967.357946075
2004,분할매수,100,2012-04-30,59.06635665893555,1130.05,3.54,분할매수,0.0,0.0,0.0,378.78672556639503,1000000.0,1000000.0,14.981736586878165,0.0,0.0,363.80498897951685,24283232.24546328,24283232.24546328
2004,분할매수,101,2012-05-31,54.90799331665039,1180.0,3.54,분할매수,0.0,0.0,0.0,363.80498897951685,1000000.0,1000000.0,15.434139474582832,0.0,0.0,348.37084950493403,22571446.246072628,22571446.246072628
2004,분할매수,102,2012-06-30,56.89645004272461,1141.17,3.54,분할매수,0.0,0.0,0.0,348.37084950493403,1000000.0,1000000.0,15.401551903695259,0.0,0.0,332.9692976012388,21619204.329750057,21619204.329750057
2004,분할매수,103,2012-07-31,57.463993072509766,1130.27,3.34,분할매수,0.0,0.0,0.0,332.9692976012388,1000000.0,1000000.0,15.396499717706176,0.0,0.0,317.57279788353264,20626298.425370004,20626298.425370004
2004,분할매수,104,2012-08-31,60.44361114501953,1133.2,3.19,분할매수,0.0,0.0,0.0,317.57279788353264,1000000.0,1000000.0,14.59966972359645,0.0,0.0,302.9731281599362,20752053.566681813,20752053.566681813
2004,분할매수,105,2012-09-30,60.98059844970703,1111.21,3.14,분할매수,0.0,0.0,0.0,302.9731281599362,1000000.0,1000000.0,14.757479100020031,0.0,0.0,288.2156490599162,19530141.097033635,19530141.097033635
2004,분할매수,106,2012-10-31,57.76125717163086,1090.17,2.93,분할매수,0.0,0.0,0.0,288.2156490599162,1000000.0,1000000.0,15.88068152063766,0.0,0.0,272.3349675392785,17148821.175298236,17148821.175298236
2004,분할매수,107,2012-11-30,58.51719284057617,1081.75,2.85,분할매수,0.0,0.0,0.0,272.3349675392785,1000000.0,1000000.0,15.797545392979005,0.0,0.0,256.5374221462995,16239068.523918526,16239068.523918526
2004,분할매수,108,2012-12-31,58.24394989013672,1063.24,2.88,분할매수,0.0,0.0,0.0,256.5374221462995,1000000.0,1000000.0,16.147967760636632,0.0,0.0,240.38945438566287,14886669.205003759,14886669.205003759
2004,분할매수,109,2013-01-31,59.799983978271484,1087.46,2.86,분할매수,0.0,0.0,0.0,240.38945438566287,1000000.0,1000000.0,15.377496650043287,0.0,0.0,225.01195773561957,14632547.992457937,14632547.992457937
2004,분할매수,110,2013-02-28,60.00566482543945,1083.9,2.83,분할매수,0.0,0.0,0.0,225.01195773561957,1000000.0,1000000.0,15.37512063160488,0.0,0.0,209.6368371040147,13634809.25626614,13634809.25626614
2004,분할매수,111,2013-03-31,61.82071304321289,1112.48,2.81,분할매수,0.0,0.0,0.0,209.6368371040147,1000000.0,1000000.0,14.540313757500314,0.0,0.0,195.09652334651437,13417628.16128214,13417628.16128214
2004,분할매수,112,2013-04-30,63.38931655883789,1101.52,2.8,분할매수,0.0,0.0,0.0,195.09652334651437,1000000.0,1000000.0,14.321600128683558,0.0,0.0,180.7749232178308,12622536.699357467,12622536.699357467
2004,분할매수,113,2013-05-31,65.65702056884766,1129.34,2.72,분할매수,0.0,0.0,0.0,180.7749232178308,1000000.0,1000000.0,13.486340431241372,0.0,0.0,167.28858278658944,12404297.78852847,12404297.78852847
2004,분할매수,114,2013-06-30,64.0843734741211,1141.45,2.69,분할매수,0.0,0.0,0.0,167.28858278658944,1000000.0,1000000.0,13.670706669520868,0.0,0.0,153.6178761170686,11237010.62649255,11237010.62649255
2004,분할매수,115,2013-07-31,68.13068389892578,1122.66,2.68,분할매수,0.0,0.0,0.0,153.6178761170686,1000000.0,1000000.0,13.074015707868398,0.0,0.0,140.5438604092002,10749861.675981926,10749861.675981926
2004,분할매수,116,2013-08-31,67.86092376708984,1109.42,2.66,분할매수,0.0,0.0,0.0,140.5438604092002,1000000.0,1000000.0,13.282635100978247,0.0,0.0,127.26122530822195,9581022.465854635,9581022.465854635
2004,분할매수,117,2013-09-30,71.14009857177734,1073.33,2.66,분할매수,0.0,0.0,0.0,127.26122530822195,1000000.0,1000000.0,13.096410192760567,0.0,0.0,114.16481511546138,8717260.183143117,8717260.183143117
2004,분할매수,118,2013-10-31,74.66643524169922,1060.83,2.66,분할매수,0.0,0.0,0.0,114.16481511546138,1000000.0,1000000.0,12.624924496256153,0.0,0.0,101.53989061920522,8042811.713394111,8042811.713394111
2004,분할매수,119,2013-11-30,77.3179702758789,1057.76,2.65,분할매수,0.0,0.0,0.0,101.53989061920522,1000000.0,1000000.0,12.227352022598394,0.0,0.0,89.31253859660683,7304323.816926253,7304323.816926253
2004,분할매수,120,2013-12-31,79.58113098144531,1055.25,2.65,분할매수,0.0,0.0,0.0,89.31253859660683,1000000.0,1000000.0,11.907882270590774,0.0,0.0,77.40465632601605,6500287.336328851,6500287.336328851
2005,일시매수,0,2004-12-31,33.97343063354492,1035.1,3.39,전액매수,100000000.0,0.0,100000000.0,0.0,0.0,0.0,0.0,100000000.0,0.0,2843.66404808657,100000000.00000001,100000000.00000001
2005,일시매수,1,2005-01-31,31.828834533691406,1026.85,3.47,전액매수,0.0,0.0,0.0,2843.66404808657,1000000.0,1000000.0,30.596535692799016,0.0,0.0,2813.067512393771,91940719.71539688,91940719.71539688
2005,일시매수,2,2005-02-28,31.67561912536621,1000.85,3.59,전액매수,0.0,0.0,0.0,2813.067512393771,1000000.0,1000000.0,31.543210503066845,0.0,0.0,2781.524301890704,88181394.90335852,88181394.90335852
2005,일시매수,3,2005-03-31,31.122455596923828,1015.4,3.55,전액매수,0.0,0.0,0.0,2781.524301890704,1000000.0,1000000.0,31.643825791984526,0.0,0.0,2749.8804760987196,86901011.72264929,86901011.72264929
2005,일시매수,4,2005-04-30,29.76930046081543,997.0,3.52,전액매수,0.0,0.0,0.0,2749.8804760987196,1000000.0,1000000.0,33.692730818498035,0.0,0.0,2716.1877452802214,80616432.06994002,80616432.06994002
2005,일시매수,5,2005-05-31,32.40752410888672,1005.0,3.51,전액매수,0.0,0.0,0.0,2716.1877452802214,1000000.0,1000000.0,30.703514167842187,0.0,0.0,2685.4842311123793,87465044.4386286,87465044.4386286
2005,일시매수,6,2005-06-30,31.330127716064453,1034.5,3.51,전액매수,0.0,0.0,0.0,2685.4842311123793,1000000.0,1000000.0,30.853706202047228,0.0,0.0,2654.630524910332,86039275.39616585,86039275.39616585
2005,일시매수,7,2005-07-31,33.71521759033203,1026.5,3.51,전액매수,0.0,0.0,0.0,2654.630524910332,1000000.0,1000000.0,28.894493063517466,0.0,0.0,2625.7360318468145,90873234.08217533,90873234.08217533
2005,일시매수,8,2005-08-31,33.204132080078125,1039.0,3.5,전액매수,0.0,0.0,0.0,2625.7360318468145,1000000.0,1000000.0,28.986269096939466,0.0,0.0,2596.749762749875,89585512.16320746,89585512.16320746
2005,일시매수,9,2005-09-30,33.61298751831055,1042.4,3.7,전액매수,0.0,0.0,0.0,2596.749762749875,1000000.0,1000000.0,28.540296661641577,0.0,0.0,2568.2094660882335,89985380.8996993,89985380.8996993
2005,일시매수,10,2005-10-31,33.11042022705078,1043.5,3.93,전액매수,0.0,0.0,0.0,2568.2094660882335,1000000.0,1000000.0,28.94295396736042,0.0,0.0,2539.266512120873,87733495.17068842,87733495.17068842
2005,일시매수,11,2005-11-30,35.129241943359375,1037.4,3.96,전액매수,0.0,0.0,0.0,2539.266512120873,1000000.0,1000000.0,27.44005503801098,0.0,0.0,2511.826457082862,91538681.44955932,91538681.44955932
2005,일시매수,12,2005-12-31,34.50527572631836,1010.0,4.04,전액매수,0.0,0.0,0.0,2511.826457082862,1000000.0,1000000.0,28.69413413050363,0.0,0.0,2483.132322952358,86537977.12308857,86537977.12308857
2005,일시매수,13,2006-01-31,35.862937927246094,958.9,4.15,전액매수,0.0,0.0,0.0,2483.132322952358,1000000.0,1000000.0,29.0790903517071,0.0,0.0,2454.053232600651,84392365.88625216,84392365.88625216
2005,일시매수,14,2006-02-28,35.09444808959961,970.9,4.25,전액매수,0.0,0.0,0.0,2454.053232600651,1000000.0,1000000.0,29.348579243110716,0.0,0.0,2424.7046533575403,82617445.74660169,82617445.74660169
2005,일시매수,15,2006-03-31,35.82828903198242,971.4,4.27,전액매수,0.0,0.0,0.0,2424.7046533575403,1000000.0,1000000.0,28.73265986813024,0.0,0.0,2395.97199348941,83388450.79034886,83388450.79034886
2005,일시매수,16,2006-04-30,35.75992965698242,942.8,4.33,전액매수,0.0,0.0,0.0,2395.97199348941,1000000.0,1000000.0,29.660862139030712,0.0,0.0,2366.3111313503796,79778905.96229677,79778905.96229677
2005,일시매수,17,2006-05-31,33.17084884643555,945.3,4.36,전액매수,0.0,0.0,0.0,2366.3111313503796,1000000.0,1000000.0,31.891412633645402,0.0,0.0,2334.419718716734,73199006.43892846,73199006.43892846
2005,일시매수,18,2006-06-30,33.15044021606445,948.5,4.47,전액매수,0.0,0.0,0.0,2334.419718716734,1000000.0,1000000.0,31.803386331424424,0.0,0.0,2302.6163323853098,72401608.69630826,72401608.69630826
2005,일시매수,19,2006-07-31,31.722482681274414,954.9,4.63,전액매수,0.0,0.0,0.0,2302.6163323853098,1000000.0,1000000.0,33.01223573733619,0.0,0.0,2269.6040966479736,68750390.45238297,68750390.45238297
2005,일시매수,20,2006-08-31,33.23592758178711,961.1,4.68,전액매수,0.0,0.0,0.0,2269.6040966479736,1000000.0,1000000.0,31.305714389697492,0.0,0.0,2238.298382258276,71498077.1368337,71498077.1368337
2005,일시매수,21,2006-09-30,34.77792739868164,946.0,4.64,전액매수,0.0,0.0,0.0,2238.298382258276,1000000.0,1000000.0,30.395211316455892,0.0,0.0,2207.90317094182,72639836.18848757,72639836.18848757
2005,일시매수,22,2006-10-31,36.42914581298828,942.2,4.57,전액매수,0.0,0.0,0.0,2207.90317094182,1000000.0,1000000.0,29.13452299721012,0.0,0.0,2178.7686479446097,74783055.42030826,74783055.42030826
2005,일시매수,23,2006-11-30,37.678226470947266,929.0,4.6,전액매수,0.0,0.0,0.0,2178.7686479446097,1000000.0,1000000.0,28.56892071687255,0.0,0.0,2150.199727227737,75263596.70835756,75263596.70835756
2005,일시매수,24,2006-12-31,36.9703369140625,930.0,4.76,전액매수,0.0,0.0,0.0,2150.199727227737,1000000.0,1000000.0,29.084636683289148,0.0,0.0,2121.115090544448,72929055.76376529,72929055.76376529
2005,일시매수,25,2007-01-31,37.74984359741211,941.0,4.92,전액매수,0.0,0.0,0.0,2121.115090544448,1000000.0,1000000.0,28.151090305003876,0.0,0.0,2092.964000239444,74347528.90787388,74347528.90787388
2005,일시매수,26,2007-02-28,37.11598205566406,942.3,4.95,전액매수,0.0,0.0,0.0,2092.964000239444,1000000.0,1000000.0,28.592350091454698,0.0,0.0,2064.3716501479894,72200138.97231068,72200138.97231068
2005,일시매수,27,2007-03-31,37.31077194213867,941.1,4.94,전액매수,0.0,0.0,0.0,2064.3716501479894,1000000.0,1000000.0,28.47934469936947,0.0,0.0,2035.89230544862,71486627.48176557,71486627.48176557
2005,일시매수,28,2007-04-30,39.39360046386719,931.0,4.95,전액매수,0.0,0.0,0.0,2035.89230544862,1000000.0,1000000.0,27.266201703343867,0.0,0.0,2008.6261037452762,73667250.23159139,73667250.23159139
2005,일시매수,29,2007-05-31,40.63642120361328,927.4,5.04,전액매수,0.0,0.0,0.0,2008.6261037452762,1000000.0,1000000.0,26.53489999691489,0.0,0.0,1982.0912037483613,74697519.26627992,74697519.26627992
2005,일시매수,30,2007-06-30,40.831180572509766,922.6,5.03,전액매수,0.0,0.0,0.0,1982.0912037483613,1000000.0,1000000.0,26.54572632231483,0.0,0.0,1955.5454774260465,73667054.86533171,73667054.86533171
2005,일시매수,31,2007-07-31,40.77112579345703,919.0,5.05,전액매수,0.0,0.0,0.0,1955.5454774260465,1000000.0,1000000.0,26.688968250238975,0.0,0.0,1928.8565091758076,72271677.61191131,72271677.61191131
2005,일시매수,32,2007-08-31,41.92060089111328,938.1,5.21,전액매수,0.0,0.0,0.0,1928.8565091758076,1000000.0,1000000.0,25.428653549028745,0.0,0.0,1903.4278556267789,74853662.69813688,74853662.69813688
2005,일시매수,33,2007-09-30,44.12232208251953,913.6,5.34,전액매수,0.0,0.0,0.0,1903.4278556267789,1000000.0,1000000.0,24.807645575612085,0.0,0.0,1878.6202100511669,75727468.95005634,75727468.95005634
2005,일시매수,34,2007-10-31,47.22917938232422,903.2,5.34,전액매수,0.0,0.0,0.0,1878.6202100511669,1000000.0,1000000.0,23.442594285559412,0.0,0.0,1855.1776157656075,79137044.0134432,79137044.0134432
2005,일시매수,35,2007-11-30,44.03649139404297,920.9,5.43,전액매수,0.0,0.0,0.0,1855.1776157656075,1000000.0,1000000.0,24.65896349881572,0.0,0.0,1830.5186522667918,74233398.02399664,74233398.02399664
2005,일시매수,36,2007-12-31,44.00508117675781,935.8,5.73,전액매수,0.0,0.0,0.0,1830.5186522667918,1000000.0,1000000.0,24.283659388283194,0.0,0.0,1806.2349928785086,74380675.66332331,74380675.66332331
2005,일시매수,37,2008-01-31,38.77293395996094,943.4,5.81,전액매수,0.0,0.0,0.0,1806.2349928785086,1000000.0,1000000.0,27.338549130988383,0.0,0.0,1778.8964437475202,65069160.59166915,65069160.59166915
2005,일시매수,38,2008-02-29,36.90000534057617,942.8,5.28,전액매수,0.0,0.0,0.0,1778.8964437475202,1000000.0,1000000.0,28.74444959743276,0.0,0.0,1750.1519941500874,60886606.58530744,60886606.58530744
2005,일시매수,39,2008-03-31,37.59089660644531,988.6,5.25,전액매수,0.0,0.0,0.0,1750.1519941500874,1000000.0,1000000.0,26.908947376767987,0.0,0.0,1723.2430467733193,64039779.13536269,64039779.13536269
2005,일시매수,40,2008-04-30,40.59162139892578,1005.0,5.38,전액매수,0.0,0.0,0.0,1723.2430467733193,1000000.0,1000000.0,24.51306061029193,0.0,0.0,1698.7299861630274,69298975.4796187,69298975.4796187
2005,일시매수,41,2008-05-31,42.999122619628906,1028.5,5.36,전액매수,0.0,0.0,0.0,1698.7299861630274,1000000.0,1000000.0,22.611850733423392,0.0,0.0,1676.118135429604,74125650.09338546,74125650.09338546
2005,일시매수,42,2008-06-30,38.86471176147461,1046.8,5.36,전액매수,0.0,0.0,0.0,1676.118135429604,1000000.0,1000000.0,24.579940932347363,0.0,0.0,1651.5381944972567,67190486.70795712,67190486.70795712
2005,일시매수,43,2008-07-31,39.11422348022461,1011.5,5.52,전액매수,0.0,0.0,0.0,1651.5381944972567,1000000.0,1000000.0,25.27547931294216,0.0,0.0,1626.2627151843144,64341518.31698781,64341518.31698781
2005,일시매수,44,2008-08-31,39.682106018066406,1089.0,5.77,전액매수,0.0,0.0,0.0,1626.2627151843144,1000000.0,1000000.0,23.14074875784825,0.0,0.0,1603.121966426466,69277013.60064085,69277013.60064085
2005,일시매수,45,2008-09-30,33.501121520996094,1206.3,5.79,전액매수,0.0,0.0,0.0,1603.121966426466,1000000.0,1000000.0,24.744878514219888,0.0,0.0,1578.3770879122462,63786010.79028197,63786010.79028197
2005,일시매수,46,2008-10-31,28.31795310974121,1277.5,6.03,전액매수,0.0,0.0,0.0,1578.3770879122462,1000000.0,1000000.0,27.64249456650786,0.0,0.0,1550.7345933457384,56099661.68627328,56099661.68627328
2005,일시매수,47,2008-11-30,25.072021484375,1468.0,5.62,전액매수,0.0,0.0,0.0,1550.7345933457384,1000000.0,1000000.0,27.169684363355792,0.0,0.0,1523.5649089823826,56075914.92808212,56075914.92808212
2005,일시매수,48,2008-12-31,25.643007278442383,1262.0,4.68,전액매수,0.0,0.0,0.0,1523.5649089823826,1000000.0,1000000.0,30.90093990682261,0.0,0.0,1492.6639690755599,48304807.99537087,48304807.99537087
2005,일시매수,49,2009-01-31,25.056692123413086,1380.0,3.22,전액매수,0.0,0.0,0.0,1492.6639690755599,1000000.0,1000000.0,28.91992596589857,0.0,0.0,1463.7440431096613,50613685.693236575,50613685.693236575
2005,일시매수,50,2009-02-28,23.737457275390625,1532.8,2.7,전액매수,0.0,0.0,0.0,1463.7440431096613,1000000.0,1000000.0,27.48402356260093,0.0,0.0,1436.2600195470604,52257996.95141656,52257996.95141656
2005,일시매수,51,2009-03-31,26.18634796142578,1372.3,2.45,전액매수,0.0,0.0,0.0,1436.2600195470604,1000000.0,1000000.0,27.82761602742671,0.0,0.0,1408.4324035196337,50612758.28053299,50612758.28053299
2005,일시매수,52,2009-04-30,29.606460571289062,1277.0,2.42,전액매수,0.0,0.0,0.0,1408.4324035196337,1000000.0,1000000.0,26.449813358076177,0.0,0.0,1381.9825901615575,52249237.88505991,52249237.88505991
2005,일시매수,53,2009-05-31,30.55649757385254,1249.0,2.41,전액매수,0.0,0.0,0.0,1381.9825901615575,1000000.0,1000000.0,26.20197260745757,0.0,0.0,1355.7806175541,51743456.03155922,51743456.03155922
2005,일시매수,54,2009-06-30,31.458803176879883,1273.5,2.41,전액매수,0.0,0.0,0.0,1355.7806175541,1000000.0,1000000.0,24.96082034459719,0.0,0.0,1330.819797209503,53316348.53489745,53316348.53489745
2005,일시매수,55,2009-07-31,34.113521575927734,1222.2,2.41,전액매수,0.0,0.0,0.0,1330.819797209503,1000000.0,1000000.0,23.984527445056163,0.0,0.0,1306.8352697644468,54486596.52595406,54486596.52595406
2005,일시매수,56,2009-08-31,34.61505126953125,1248.0,2.48,전액매수,0.0,0.0,0.0,1306.8352697644468,1000000.0,1000000.0,23.148371066760582,0.0,0.0,1283.6868986976863,55454739.98993258,55454739.98993258
2005,일시매수,57,2009-09-30,36.570106506347656,1175.0,2.64,전액매수,0.0,0.0,0.0,1283.6868986976863,1000000.0,1000000.0,23.272117887857686,0.0,0.0,1260.4147808098287,54159865.76225857,54159865.76225857
2005,일시매수,58,2009-10-31,35.45353317260742,1182.0,2.79,전액매수,0.0,0.0,0.0,1260.4147808098287,1000000.0,1000000.0,23.86288792556643,0.0,0.0,1236.5518928842623,51819037.86085483,51819037.86085483
2005,일시매수,59,2009-11-30,37.70399475097656,1164.4,2.79,전액매수,0.0,0.0,0.0,1236.5518928842623,1000000.0,1000000.0,22.77772980522746,0.0,0.0,1213.774163079035,53287758.41394322,53287758.41394322
2005,일시매수,60,2009-12-31,39.66565704345703,1163.65,2.82,전액매수,0.0,0.0,0.0,1213.774163079035,1000000.0,1000000.0,21.66521352150372,0.0,0.0,1192.108949557531,55024103.42618171,55024103.42618171
2005,일시매수,61,2010-01-31,37.09931945800781,1158.7,2.88,전액매수,0.0,0.0,0.0,1192.108949557531,1000000.0,1000000.0,23.262856942484163,0.0,0.0,1168.846092615047,50245165.30815366,50245165.30815366
2005,일시매수,62,2010-02-28,38.807308197021484,1159.0,2.88,전액매수,0.0,0.0,0.0,1168.846092615047,1000000.0,1000000.0,22.233254758319276,0.0,0.0,1146.6128378567278,51571974.06860488,51571974.06860488
2005,일시매수,63,2010-03-31,41.799720764160156,1131.2,2.83,전액매수,0.0,0.0,0.0,1146.6128378567278,1000000.0,1000000.0,21.14887269495485,0.0,0.0,1125.4639651617729,53216262.7008605,53216262.7008605
2005,일시매수,64,2010-04-30,42.73708724975586,1108.0,2.51,전액매수,0.0,0.0,0.0,1125.4639651617729,1000000.0,1000000.0,21.118123248266766,0.0,0.0,1104.345841913506,52293749.25653697,52293749.25653697
2005,일시매수,65,2010-05-31,39.57780075073242,1194.5,2.45,전액매수,0.0,0.0,0.0,1104.345841913506,1000000.0,1000000.0,21.152523593762744,0.0,0.0,1083.1933183197434,51208703.94108177,51208703.94108177
2005,일시매수,66,2010-06-30,37.212772369384766,1220.85,2.45,전액매수,0.0,0.0,0.0,1083.1933183197434,1000000.0,1000000.0,22.011298636484625,0.0,0.0,1061.1820196832589,48210786.52416747,48210786.52416747
2005,일시매수,67,2010-07-31,39.91376495361328,1182.0,2.58,전액매수,0.0,0.0,0.0,1061.1820196832589,1000000.0,1000000.0,21.19628879025842,0.0,0.0,1039.9857308930004,49064519.79324637,49064519.79324637
2005,일시매수,68,2010-08-31,37.86624526977539,1198.0,2.63,전액매수,0.0,0.0,0.0,1039.9857308930004,1000000.0,1000000.0,22.044027205617205,0.0,0.0,1017.9417036873832,46177665.00614705,46177665.00614705
2005,일시매수,69,2010-09-30,42.85429382324219,1140.1,2.66,전액매수,0.0,0.0,0.0,1017.9417036873832,1000000.0,1000000.0,20.467401611380872,0.0,0.0,997.4743020760023,48734779.38310245,48734779.38310245
2005,일시매수,70,2010-10-31,45.57033157348633,1124.0,2.66,전액매수,0.0,0.0,0.0,997.4743020760023,1000000.0,1000000.0,19.523222337493884,0.0,0.0,977.9510797385085,50091683.78215806,50091683.78215806
2005,일시매수,71,2010-11-30,45.49174880981445,1157.2,2.73,전액매수,0.0,0.0,0.0,977.9510797385085,1000000.0,1000000.0,18.995859230715258,0.0,0.0,958.9552205077932,50482329.27296152,50482329.27296152
2005,일시매수,72,2010-12-31,47.65583801269531,1130.6,2.8,전액매수,0.0,0.0,0.0,958.9552205077932,1000000.0,1000000.0,18.559869062262504,0.0,0.0,940.3953514455308,50668210.443231106,50668210.443231106
2005,일시매수,73,2011-01-31,49.00342559814453,1119.1,2.93,전액매수,0.0,0.0,0.0,940.3953514455308,1000000.0,1000000.0,18.23495364753519,0.0,0.0,922.1603977979955,50571030.53961662,50571030.53961662
2005,일시매수,74,2011-02-28,50.55229187011719,1123.7,3.13,전액매수,0.0,0.0,0.0,922.1603977979955,1000000.0,1000000.0,17.603894992206044,0.0,0.0,904.5565028057895,51383884.26006138,51383884.26006138
2005,일시매수,75,2011-03-31,50.32568359375,1097.25,3.35,전액매수,0.0,0.0,0.0,904.5565028057895,1000000.0,1000000.0,18.109427778049056,0.0,0.0,886.4470750277404,48949480.121190116,48949480.121190116
2005,일시매수,76,2011-04-30,51.771575927734375,1068.4,3.4,전액매수,0.0,0.0,0.0,886.4470750277404,1000000.0,1000000.0,18.07901376956591,0.0,0.0,868.3680612581745,48031826.97498574,48031826.97498574
2005,일시매수,77,2011-05-31,51.1406364440918,1078.0,3.46,전액매수,0.0,0.0,0.0,868.3680612581745,1000000.0,1000000.0,18.139073920223204,0.0,0.0,850.2289873379514,46872789.15546142,46872789.15546142
2005,일시매수,78,2011-06-30,50.10478973388672,1066.3,3.53,전액매수,0.0,0.0,0.0,850.2289873379514,1000000.0,1000000.0,18.717220078615295,0.0,0.0,831.5117672593361,44424960.7456051,44424960.7456051
2005,일시매수,79,2011-07-31,50.93914031982422,1054.0,3.59,전액매수,0.0,0.0,0.0,831.5117672593361,1000000.0,1000000.0,18.62549303852943,0.0,0.0,812.8862742208067,43643745.297868796,43643745.297868796
2005,일시매수,80,2011-08-31,48.35704040527344,1063.9,3.59,전액매수,0.0,0.0,0.0,812.8862742208067,1000000.0,1000000.0,19.43745845934499,0.0,0.0,793.4488157614618,40820605.09201982,40820605.09201982
2005,일시매수,81,2011-09-30,46.18540954589844,1180.9,3.58,전액매수,0.0,0.0,0.0,793.4488157614618,1000000.0,1000000.0,18.335049143725616,0.0,0.0,775.1137666177361,42274976.22404714,42274976.22404714
2005,일시매수,82,2011-10-31,50.989601135253906,1112.05,3.58,전액매수,0.0,0.0,0.0,775.1137666177361,1000000.0,1000000.0,17.635755566995662,0.0,0.0,757.4780110507405,42951265.01233202,42951265.01233202
2005,일시매수,83,2011-11-30,49.61699295043945,1140.05,3.56,전액매수,0.0,0.0,0.0,757.4780110507405,1000000.0,1000000.0,17.678510095185096,0.0,0.0,739.7995009555555,41847389.68229266,41847389.68229266
2005,일시매수,84,2011-12-31,49.31224060058594,1158.5,3.55,전액매수,0.0,0.0,0.0,739.7995009555555,1000000.0,1000000.0,17.50448048400194,0.0,0.0,722.2950204715535,41263436.588802986,41263436.588802986
2005,일시매수,85,2012-01-31,53.46356201171875,1125.7,3.55,전액매수,0.0,0.0,0.0,722.2950204715535,1000000.0,1000000.0,16.615730657883987,0.0,0.0,705.6792898136695,42470554.22018605,42470554.22018605
2005,일시매수,86,2012-02-29,56.89059066772461,1117.1,3.53,전액매수,0.0,0.0,0.0,705.6792898136695,1000000.0,1000000.0,15.735027466003562,0.0,0.0,689.9442623476659,43847668.13012119,43847668.13012119
2005,일시매수,87,2012-03-31,59.765281677246094,1131.4,3.54,전액매수,0.0,0.0,0.0,689.9442623476659,1000000.0,1000000.0,14.78886535373972,0.0,0.0,675.1553969939262,45652954.4927662,45652954.4927662
2005,일시매수,88,2012-04-30,59.06635665893555,1130.05,3.54,전액매수,0.0,0.0,0.0,675.1553969939262,1000000.0,1000000.0,14.981736586878165,0.0,0.0,660.173660407048,44065229.459798716,44065229.459798716
2005,일시매수,89,2012-05-31,54.90799331665039,1180.0,3.54,전액매수,0.0,0.0,0.0,660.173660407048,1000000.0,1000000.0,15.434139474582832,0.0,0.0,644.7395209324652,41773596.90148141,41773596.90148141
2005,일시매수,90,2012-06-30,56.89645004272461,1141.17,3.54,전액매수,0.0,0.0,0.0,644.7395209324652,1000000.0,1000000.0,15.401551903695259,0.0,0.0,629.33796902877,40861984.10160047,40861984.10160047
2005,일시매수,91,2012-07-31,57.463993072509766,1130.27,3.34,전액매수,0.0,0.0,0.0,629.33796902877,1000000.0,1000000.0,15.396499717706176,0.0,0.0,613.9414693110638,39875392.49619334,39875392.49619334
2005,일시매수,92,2012-08-31,60.44361114501953,1133.2,3.19,전액매수,0.0,0.0,0.0,613.9414693110638,1000000.0,1000000.0,14.59966972359645,0.0,0.0,599.3417995874673,41051736.849826954,41051736.849826954
2005,일시매수,93,2012-09-30,60.98059844970703,1111.21,3.14,전액매수,0.0,0.0,0.0,599.3417995874673,1000000.0,1000000.0,14.757479100020031,0.0,0.0,584.5843204874473,39612749.34054649,39612749.34054649
2005,일시매수,94,2012-10-31,57.76125717163086,1090.17,2.93,전액매수,0.0,0.0,0.0,584.5843204874473,1000000.0,1000000.0,15.88068152063766,0.0,0.0,568.7036389668096,35811034.824151196,35811034.824151196
2005,일시매수,95,2012-11-30,58.51719284057617,1081.75,2.85,전액매수,0.0,0.0,0.0,568.7036389668096,1000000.0,1000000.0,15.797545392979005,0.0,0.0,552.9060935738306,34999493.89729634,34999493.89729634
2005,일시매수,96,2012-12-31,58.24394989013672,1063.24,2.88,전액매수,0.0,0.0,0.0,552.9060935738306,1000000.0,1000000.0,16.147967760636632,0.0,0.0,536.7581258131939,33239980.02532749,33239980.02532749
2005,일시매수,97,2013-01-31,59.799983978271484,1087.46,2.86,전액매수,0.0,0.0,0.0,536.7581258131939,1000000.0,1000000.0,15.377496650043287,0.0,0.0,521.3806291631506,33905429.53957872,33905429.53957872
2005,일시매수,98,2013-02-28,60.00566482543945,1083.9,2.83,전액매수,0.0,0.0,0.0,521.3806291631506,1000000.0,1000000.0,15.37512063160488,0.0,0.0,506.00550853154573,32910669.16843618,32910669.16843618
2005,일시매수,99,2013-03-31,61.82071304321289,1112.48,2.81,전액매수,0.0,0.0,0.0,506.00550853154573,1000000.0,1000000.0,14.540313757500314,0.0,0.0,491.4651947740454,33800178.10967342,33800178.10967342
2005,일시매수,100,2013-04-30,63.38931655883789,1101.52,2.8,전액매수,0.0,0.0,0.0,491.4651947740454,1000000.0,1000000.0,14.321600128683558,0.0,0.0,477.1435946453619,33316360.627171133,33316360.627171133
2005,일시매수,101,2013-05-31,65.65702056884766,1129.34,2.72,전액매수,0.0,0.0,0.0,477.1435946453619,1000000.0,1000000.0,13.486340431241372,0.0,0.0,463.6572542141205,34379767.927261375,34379767.927261375
2005,일시매수,102,2013-06-30,64.0843734741211,1141.45,2.69,전액매수,0.0,0.0,0.0,463.6572542141205,1000000.0,1000000.0,13.670706669520868,0.0,0.0,449.9865475445996,32916114.610801663,32916114.610801663
2005,일시매수,103,2013-07-31,68.13068389892578,1122.66,2.68,전액매수,0.0,0.0,0.0,449.9865475445996,1000000.0,1000000.0,13.074015707868398,0.0,0.0,436.9125318367312,33418388.16774421,33418388.16774421
2005,일시매수,104,2013-08-31,67.86092376708984,1109.42,2.66,전액매수,0.0,0.0,0.0,436.9125318367312,1000000.0,1000000.0,13.282635100978247,0.0,0.0,423.62989673575294,31893513.110553883,31893513.110553883
2005,일시매수,105,2013-09-30,71.14009857177734,1073.33,2.66,전액매수,0.0,0.0,0.0,423.62989673575294,1000000.0,1000000.0,13.096410192760567,0.0,0.0,410.53348654299236,31347024.14635172,31347024.14635172
2005,일시매수,106,2013-10-31,74.66643524169922,1060.83,2.66,전액매수,0.0,0.0,0.0,410.53348654299236,1000000.0,1000000.0,12.624924496256153,0.0,0.0,397.9085620467362,31517698.356511652,31517698.356511652
2005,일시매수,107,2013-11-30,77.3179702758789,1057.76,2.65,전액매수,0.0,0.0,0.0,397.9085620467362,1000000.0,1000000.0,12.227352022598394,0.0,0.0,385.68121002413784,31542496.63470293,31542496.63470293
2005,일시매수,108,2013-12-31,79.58113098144531,1055.25,2.65,전액매수,0.0,0.0,0.0,385.68121002413784,1000000.0,1000000.0,11.907882270590774,0.0,0.0,373.77332775354705,31388732.20779696,31388732.20779696
2005,일시매수,109,2014-01-31,78.05211639404297,1080.36,2.65,전액매수,0.0,0.0,0.0,373.77332775354705,1000000.0,1000000.0,11.858965900732937,0.0,0.0,361.9143618528141,30518205.793175124,30518205.793175124
2005,일시매수,110,2014-02-28,82.07371520996094,1066.01,2.65,전액매수,0.0,0.0,0.0,361.9143618528141,1000000.0,1000000.0,11.429694653928948,0.0,0.0,350.4846671988852,30664394.61516204,30664394.61516204
2005,일시매수,111,2014-03-31,79.83013153076172,1064.65,2.65,전액매수,0.0,0.0,0.0,350.4846671988852,1000000.0,1000000.0,11.765930987876633,0.0,0.0,338.71873621100855,28788094.7593537,28788094.7593537
2005,일시매수,112,2014-04-30,79.5751953125,1032.85,2.65,전액매수,0.0,0.0,0.0,338.71873621100855,1000000.0,1000000.0,12.167042719678147,0.0,0.0,326.5516934913304,26839035.665025476,26839035.665025476
2005,일시매수,113,2014-05-31,83.1446304321289,1020.3,2.65,전액매수,0.0,0.0,0.0,326.5516934913304,1000000.0,1000000.0,11.787939713226674,0.0,0.0,314.76375377810376,26702185.575730648,26702185.575730648
2005,일시매수,114,2014-06-30,85.74197387695312,1011.6,2.65,전액매수,0.0,0.0,0.0,314.76375377810376,1000000.0,1000000.0,11.52916095005458,0.0,0.0,303.2345928280492,26301531.754278585,26301531.754278585
2005,일시매수,115,2014-07-31,86.75536346435547,1027.75,2.65,전액매수,0.0,0.0,0.0,303.2345928280492,1000000.0,1000000.0,11.215436503246469,0.0,0.0,292.01915632480274,26037252.873775676,26037252.873775676
2005,일시매수,116,2014-08-31,91.10137939453125,1013.85,2.52,전액매수,0.0,0.0,0.0,292.01915632480274,1000000.0,1000000.0,10.826830599129158,0.0,0.0,281.1923257256736,25971804.319935597,25971804.319935597
2005,일시매수,117,2014-09-30,90.41202545166016,1054.55,2.35,전액매수,0.0,0.0,0.0,281.1923257256736,1000000.0,1000000.0,10.488336810877342,0.0,0.0,270.70398891479624,25810001.50891913,25810001.50891913
2005,일시매수,118,2014-10-31,92.80072021484375,1073.07,2.21,전액매수,0.0,0.0,0.0,270.70398891479624,1000000.0,1000000.0,10.042008852023338,0.0,0.0,260.6619800627729,25957154.978035375,25957154.978035375
2005,일시매수,119,2014-11-30,97.01976013183594,1112.06,2.14,전액매수,0.0,0.0,0.0,260.6619800627729,1000000.0,1000000.0,9.26854544478773,0.0,0.0,251.39343461798518,27123288.774438616,27123288.774438616
2005,일시매수,120,2014-12-31,94.84591674804688,1090.89,2.13,전액매수,0.0,0.0,0.0,251.39343461798518,1000000.0,1000000.0,9.664967560482188,0.0,0.0,241.728467057503,25010789.280439455,25010789.280439455
2005,분할매수,0,2004-12-31,33.97343063354492,1035.1,3.39,분할매수,100000000.0,0.0,100000000.0,0.0,0.0,0.0,0.0,8333333.333333333,91666666.66666667,236.97200400721414,8333333.333333334,100000000.0
2005,분할매수,1,2005-01-31,31.828834533691406,1026.85,3.47,분할매수,91666666.66666667,258958.33333333334,91925625.0,236.97200400721414,1000000.0,1000000.0,0.0,8333333.333333333,82592291.66666667,491.94313478053925,16078393.309616406,98670684.97628307
2005,분할매수,2,2005-02-28,31.67561912536621,1000.85,3.59,분할매수,82592291.66666667,238829.37673611115,82831121.04340278,491.94313478053925,1000000.0,1000000.0,0.0,8333333.333333333,73497787.71006945,754.8032223060964,23929181.91484374,97426969.62491319
2005,분할매수,3,2005-03-31,31.122455596923828,1015.4,3.55,분할매수,73497787.71006945,219880.88156595777,73717668.5916354,754.8032223060964,1000000.0,1000000.0,0.0,8333333.333333333,64384335.25830207,1018.5017705726341,32186429.582437646,96570764.84073971
2005,분할매수,4,2005-04-30,29.76930046081543,997.0,3.52,분할매수,64384335.25830207,190470.32513914362,64574805.58344121,1018.5017705726341,1000000.0,1000000.0,0.0,8333333.333333333,55241472.25010788,1299.274527393451,38562458.30569843,93803930.55580631
2005,분할매수,5,2005-05-31,32.40752410888672,1005.0,3.51,분할매수,55241472.25010788,162041.6519336498,55403513.902041525,1299.274527393451,1000000.0,1000000.0,0.0,8333333.333333333,46070180.56870819,1555.1371454588027,50650135.25675182,96720315.82546002
2005,분할매수,6,2005-06-30,31.330127716064453,1034.5,3.51,분할매수,46070180.56870819,134755.27816347146,46204935.84687166,1555.1371454588027,1000000.0,1000000.0,0.0,8333333.333333333,36871602.51353832,1812.2513638091964,58736909.98227462,95608512.49581295
2005,분할매수,7,2005-07-31,33.71521759033203,1026.5,3.51,분할매수,36871602.51353832,107849.4373520996,36979451.95089042,1812.2513638091964,1000000.0,1000000.0,0.0,8333333.333333333,27646118.61755709,2053.0388060051755,71052944.29260525,98699062.91016234
2005,분할매수,8,2005-08-31,33.204132080078125,1039.0,3.5,분할매수,27646118.61755709,80864.8969563545,27726983.514513444,2053.0388060051755,1000000.0,1000000.0,0.0,8333333.333333333,18393650.181180112,2294.591048479671,79161310.50897981,97554960.69015992
2005,분할매수,9,2005-09-30,33.61298751831055,1042.4,3.7,분할매수,18393650.181180112,53648.14636177533,18447298.327541888,2294.591048479671,1000000.0,1000000.0,0.0,8333333.333333333,9113964.994208556,2532.4268539933505,88731623.3610478,97845588.35525636
2005,분할매수,10,2005-10-31,33.11042022705078,1043.5,3.93,분할매수,9113964.994208556,28101.392065476382,9142066.386274032,2532.4268539933505,1000000.0,1000000.0,0.0,8142066.386274032,0.0,2768.0823066104726,95639246.42011651,95639246.42011651
2005,분할매수,11,2005-11-30,35.129241943359375,1037.4,3.96,분할매수,0.0,0.0,0.0,2768.0823066104726,1000000.0,1000000.0,27.44005503801098,0.0,0.0,2740.6422515724616,99877432.74479672,99877432.74479672
2005,분할매수,12,2005-12-31,34.50527572631836,1010.0,4.04,분할매수,0.0,0.0,0.0,2740.6422515724616,1000000.0,1000000.0,28.69413413050363,0.0,0.0,2711.948117441958,94512282.72328281,94512282.72328281
2005,분할매수,13,2006-01-31,35.862937927246094,958.9,4.15,분할매수,0.0,0.0,0.0,2711.948117441958,1000000.0,1000000.0,29.0790903517071,0.0,0.0,2682.8690270902507,92261105.64812602,92261105.64812602
2005,분할매수,14,2006-02-28,35.09444808959961,970.9,4.25,분할매수,0.0,0.0,0.0,2682.8690270902507,1000000.0,1000000.0,29.348579243110716,0.0,0.0,2653.52044784714,90413931.99536318,90413931.99536318
2005,분할매수,15,2006-03-31,35.82828903198242,971.4,4.27,분할매수,0.0,0.0,0.0,2653.52044784714,1000000.0,1000000.0,28.73265986813024,0.0,0.0,2624.78778797901,91352064.16759133,91352064.16759133
2005,분할매수,16,2006-04-30,35.75992965698242,942.8,4.33,분할매수,0.0,0.0,0.0,2624.78778797901,1000000.0,1000000.0,29.660862139030712,0.0,0.0,2595.1269258399793,87493307.29753311,87493307.29753311
2005,분할매수,17,2006-05-31,33.17084884643555,945.3,4.36,분할매수,0.0,0.0,0.0,2595.1269258399793,1000000.0,1000000.0,31.891412633645402,0.0,0.0,2563.235513206334,80373846.7985618,80373846.7985618
2005,분할매수,18,2006-06-30,33.15044021606445,948.5,4.47,분할매수,0.0,0.0,0.0,2563.235513206334,1000000.0,1000000.0,31.803386331424424,0.0,0.0,2531.4321268749095,79596307.77976751,79596307.77976751
2005,분할매수,19,2006-07-31,31.722482681274414,954.9,4.63,분할매수,0.0,0.0,0.0,2531.4321268749095,1000000.0,1000000.0,33.01223573733619,0.0,0.0,2498.4198911375734,75681632.44126812,75681632.44126812
2005,분할매수,20,2006-08-31,33.23592758178711,961.1,4.68,분할매수,0.0,0.0,0.0,2498.4198911375734,1000000.0,1000000.0,31.305714389697492,0.0,0.0,2467.1141767478757,78807151.50074284,78807151.50074284
2005,분할매수,21,2006-09-30,34.77792739868164,946.0,4.64,분할매수,0.0,0.0,0.0,2467.1141767478757,1000000.0,1000000.0,30.395211316455892,0.0,0.0,2436.7189654314197,80167857.36614327,80167857.36614327
2005,분할매수,22,2006-10-31,36.42914581298828,942.2,4.57,분할매수,0.0,0.0,0.0,2436.7189654314197,1000000.0,1000000.0,29.13452299721012,0.0,0.0,2407.5844424342094,82636823.76624997,82636823.76624997
2005,분할매수,23,2006-11-30,37.678226470947266,929.0,4.6,분할매수,0.0,0.0,0.0,2407.5844424342094,1000000.0,1000000.0,28.56892071687255,0.0,0.0,2379.015521717337,83272852.5271979,83272852.5271979
2005,분할매수,24,2006-12-31,36.9703369140625,930.0,4.76,분할매수,0.0,0.0,0.0,2379.015521717337,1000000.0,1000000.0,29.084636683289148,0.0,0.0,2349.9308850340476,80796294.98635691,80796294.98635691
2005,분할매수,25,2007-01-31,37.74984359741211,941.0,4.92,분할매수,0.0,0.0,0.0,2349.9308850340476,1000000.0,1000000.0,28.151090305003876,0.0,0.0,2321.7797947290437,82475661.49565247,82475661.49565247
2005,분할매수,26,2007-02-28,37.11598205566406,942.3,4.95,분할매수,0.0,0.0,0.0,2321.7797947290437,1000000.0,1000000.0,28.592350091454698,0.0,0.0,2293.187444637589,80202831.78202084,80202831.78202084
2005,분할매수,27,2007-03-31,37.31077194213867,941.1,4.94,분할매수,0.0,0.0,0.0,2293.187444637589,1000000.0,1000000.0,28.47934469936947,0.0,0.0,2264.7080999382197,79521074.79454611,79521074.79454611
2005,분할매수,28,2007-04-30,39.39360046386719,931.0,4.95,분할매수,0.0,0.0,0.0,2264.7080999382197,1000000.0,1000000.0,27.266201703343867,0.0,0.0,2237.4418982348757,82059170.63836877,82059170.63836877
2005,분할매수,29,2007-05-31,40.63642120361328,927.4,5.04,분할매수,0.0,0.0,0.0,2237.4418982348757,1000000.0,1000000.0,26.53489999691489,0.0,0.0,2210.9069982379606,83320720.95598678,83320720.95598678
2005,분할매수,30,2007-06-30,40.831180572509766,922.6,5.03,분할매수,0.0,0.0,0.0,2210.9069982379606,1000000.0,1000000.0,26.54572632231483,0.0,0.0,2184.361271915646,82286739.69562593,82286739.69562593
2005,분할매수,31,2007-07-31,40.77112579345703,919.0,5.05,분할매수,0.0,0.0,0.0,2184.361271915646,1000000.0,1000000.0,26.688968250238975,0.0,0.0,2157.672303665407,80845099.87178269,80845099.87178269
2005,분할매수,32,2007-08-31,41.92060089111328,938.1,5.21,분할매수,0.0,0.0,0.0,2157.672303665407,1000000.0,1000000.0,25.428653549028745,0.0,0.0,2132.2436501163784,83852007.57897857,83852007.57897857
2005,분할매수,33,2007-09-30,44.12232208251953,913.6,5.34,분할매수,0.0,0.0,0.0,2132.2436501163784,1000000.0,1000000.0,24.807645575612085,0.0,0.0,2107.436004540766,84951068.73876598,84951068.73876598
2005,분할매수,34,2007-10-31,47.22917938232422,903.2,5.34,분할매수,0.0,0.0,0.0,2107.436004540766,1000000.0,1000000.0,23.442594285559412,0.0,0.0,2083.9934102552065,88897729.69960675,88897729.69960675
2005,분할매수,35,2007-11-30,44.03649139404297,920.9,5.43,분할매수,0.0,0.0,0.0,2083.9934102552065,1000000.0,1000000.0,24.65896349881572,0.0,0.0,2059.3344467563907,83512611.82795835,83512611.82795835
2005,분할매수,36,2007-12-31,44.00508117675781,935.8,5.73,분할매수,0.0,0.0,0.0,2059.3344467563907,1000000.0,1000000.0,24.283659388283194,0.0,0.0,2035.0507873681074,83803299.77573372,83803299.77573372
2005,분할매수,37,2008-01-31,38.77293395996094,943.4,5.81,분할매수,0.0,0.0,0.0,2035.0507873681074,1000000.0,1000000.0,27.338549130988383,0.0,0.0,2007.712238237119,73438873.02202761,73438873.02202761
2005,분할매수,38,2008-02-29,36.90000534057617,942.8,5.28,분할매수,0.0,0.0,0.0,2007.712238237119,1000000.0,1000000.0,28.74444959743276,0.0,0.0,1978.9677886396862,68846953.63296965,68846953.63296965
2005,분할매수,39,2008-03-31,37.59089660644531,988.6,5.25,분할매수,0.0,0.0,0.0,1978.9677886396862,1000000.0,1000000.0,26.908947376767987,0.0,0.0,1952.0588412629181,72543114.15199544,72543114.15199544
2005,분할매수,40,2008-04-30,40.59162139892578,1005.0,5.38,분할매수,0.0,0.0,0.0,1952.0588412629181,1000000.0,1000000.0,24.51306061029193,0.0,0.0,1927.5457806526263,78633419.60013498,78633419.60013498
2005,분할매수,41,2008-05-31,42.999122619628906,1028.5,5.36,분할매수,0.0,0.0,0.0,1927.5457806526263,1000000.0,1000000.0,22.611850733423392,0.0,0.0,1904.933929919203,84244936.53248167,84244936.53248167
2005,분할매수,42,2008-06-30,38.86471176147461,1046.8,5.36,분할매수,0.0,0.0,0.0,1904.933929919203,1000000.0,1000000.0,24.579940932347363,0.0,0.0,1880.3539889868555,76499532.45055595,76499532.45055595
2005,분할매수,43,2008-07-31,39.11422348022461,1011.5,5.52,분할매수,0.0,0.0,0.0,1880.3539889868555,1000000.0,1000000.0,25.27547931294216,0.0,0.0,1855.0785096739132,73394394.88785605,73394394.88785605
2005,분할매수,44,2008-08-31,39.682106018066406,1089.0,5.77,분할매수,0.0,0.0,0.0,1855.0785096739132,1000000.0,1000000.0,23.14074875784825,0.0,0.0,1831.937760916065,79165016.65896864,79165016.65896864
2005,분할매수,45,2008-09-30,33.501121520996094,1206.3,5.79,분할매수,0.0,0.0,0.0,1831.937760916065,1000000.0,1000000.0,24.744878514219888,0.0,0.0,1807.192882401845,73033006.864969,73033006.864969
2005,분할매수,46,2008-10-31,28.31795310974121,1277.5,6.03,분할매수,0.0,0.0,0.0,1807.192882401845,1000000.0,1000000.0,27.64249456650786,0.0,0.0,1779.5503878353372,64377344.221005015,64377344.221005015
2005,분할매수,47,2008-11-30,25.072021484375,1468.0,5.62,분할매수,0.0,0.0,0.0,1779.5503878353372,1000000.0,1000000.0,27.169684363355792,0.0,0.0,1752.3807034719814,64497646.71670042,64497646.71670042
2005,분할매수,48,2008-12-31,25.643007278442383,1262.0,4.68,분할매수,0.0,0.0,0.0,1752.3807034719814,1000000.0,1000000.0,30.90093990682261,0.0,0.0,1721.4797635651587,55709624.65077231,55709624.65077231
2005,분할매수,49,2009-01-31,25.056692123413086,1380.0,3.22,분할매수,0.0,0.0,0.0,1721.4797635651587,1000000.0,1000000.0,28.91992596589857,0.0,0.0,1692.5598375992602,58525732.03662663,58525732.03662663
2005,분할매수,50,2009-02-28,23.737457275390625,1532.8,2.7,분할매수,0.0,0.0,0.0,1692.5598375992602,1000000.0,1000000.0,27.48402356260093,0.0,0.0,1665.0758140366593,60583408.03864039,60583408.03864039
2005,분할매수,51,2009-03-31,26.18634796142578,1372.3,2.45,분할매수,0.0,0.0,0.0,1665.0758140366593,1000000.0,1000000.0,27.82761602742671,0.0,0.0,1637.2481980092325,58835374.054161586,58835374.054161586
2005,분할매수,52,2009-04-30,29.606460571289062,1277.0,2.42,분할매수,0.0,0.0,0.0,1637.2481980092325,1000000.0,1000000.0,26.449813358076177,0.0,0.0,1610.7983846511563,60900179.628651924,60900179.628651924
2005,분할매수,53,2009-05-31,30.55649757385254,1249.0,2.41,분할매수,0.0,0.0,0.0,1610.7983846511563,1000000.0,1000000.0,26.20197260745757,0.0,0.0,1584.5964120436988,60476225.808765754,60476225.808765754
2005,분할매수,54,2009-06-30,31.458803176879883,1273.5,2.41,분할매수,0.0,0.0,0.0,1584.5964120436988,1000000.0,1000000.0,24.96082034459719,0.0,0.0,1559.6355916991017,62483346.70766089,62483346.70766089
2005,분할매수,55,2009-07-31,34.113521575927734,1222.2,2.41,분할매수,0.0,0.0,0.0,1559.6355916991017,1000000.0,1000000.0,23.984527445056163,0.0,0.0,1535.6510642540457,64026738.39507243,64026738.39507243
2005,분할매수,56,2009-08-31,34.61505126953125,1248.0,2.48,분할매수,0.0,0.0,0.0,1535.6510642540457,1000000.0,1000000.0,23.148371066760582,0.0,0.0,1512.502693187285,65339487.1209375,65339487.1209375
2005,분할매수,57,2009-09-30,36.570106506347656,1175.0,2.64,분할매수,0.0,0.0,0.0,1512.502693187285,1000000.0,1000000.0,23.272117887857686,0.0,0.0,1489.2305752994275,63992051.88267112,63992051.88267112
2005,분할매수,58,2009-10-31,35.45353317260742,1182.0,2.79,분할매수,0.0,0.0,0.0,1489.2305752994275,1000000.0,1000000.0,23.86288792556643,0.0,0.0,1465.3676873738611,61407809.98279268,61407809.98279268
2005,분할매수,59,2009-11-30,37.70399475097656,1164.4,2.79,분할매수,0.0,0.0,0.0,1465.3676873738611,1000000.0,1000000.0,22.77772980522746,0.0,0.0,1442.5899575686337,63333351.03648307,63333351.03648307
2005,분할매수,60,2009-12-31,39.66565704345703,1163.65,2.82,분할매수,0.0,0.0,0.0,1442.5899575686337,1000000.0,1000000.0,21.66521352150372,0.0,0.0,1420.92474404713,65585540.73961916,65585540.73961916
2005,분할매수,61,2010-01-31,37.09931945800781,1158.7,2.88,분할매수,0.0,0.0,0.0,1420.92474404713,1000000.0,1000000.0,23.262856942484163,0.0,0.0,1397.6618871046458,60081265.62271651,60081265.62271651
2005,분할매수,62,2010-02-28,38.807308197021484,1159.0,2.88,분할매수,0.0,0.0,0.0,1397.6618871046458,1000000.0,1000000.0,22.233254758319276,0.0,0.0,1375.4286323463266,61863575.409788646,61863575.409788646
2005,분할매수,63,2010-03-31,41.799720764160156,1131.2,2.83,분할매수,0.0,0.0,0.0,1375.4286323463266,1000000.0,1000000.0,21.14887269495485,0.0,0.0,1354.2797596513717,64035553.061626814,64035553.061626814
2005,분할매수,64,2010-04-30,42.73708724975586,1108.0,2.51,분할매수,0.0,0.0,0.0,1354.2797596513717,1000000.0,1000000.0,21.118123248266766,0.0,0.0,1333.161636403105,63128793.25166937,63128793.25166937
2005,분할매수,65,2010-05-31,39.57780075073242,1194.5,2.45,분할매수,0.0,0.0,0.0,1333.161636403105,1000000.0,1000000.0,21.152523593762744,0.0,0.0,1312.0091128093422,62026126.90602152,62026126.90602152
2005,분할매수,66,2010-06-30,37.212772369384766,1220.85,2.45,분할매수,0.0,0.0,0.0,1312.0091128093422,1000000.0,1000000.0,22.011298636484625,0.0,0.0,1289.9978141728577,58606165.65506196,58606165.65506196
2005,분할매수,67,2010-07-31,39.91376495361328,1182.0,2.58,분할매수,0.0,0.0,0.0,1289.9978141728577,1000000.0,1000000.0,21.19628879025842,0.0,0.0,1268.8015253825993,59859607.40286414,59859607.40286414
2005,분할매수,68,2010-08-31,37.86624526977539,1198.0,2.63,분할매수,0.0,0.0,0.0,1268.8015253825993,1000000.0,1000000.0,22.044027205617205,0.0,0.0,1246.7574981769822,56557610.21104558,56557610.21104558
2005,분할매수,69,2010-09-30,42.85429382324219,1140.1,2.66,분할매수,0.0,0.0,0.0,1246.7574981769822,1000000.0,1000000.0,20.467401611380872,0.0,0.0,1226.2900965656013,59914302.74587099,59914302.74587099
2005,분할매수,70,2010-10-31,45.57033157348633,1124.0,2.66,분할매수,0.0,0.0,0.0,1226.2900965656013,1000000.0,1000000.0,19.523222337493884,0.0,0.0,1206.7668742281073,61811869.647693366,61811869.647693366
2005,분할매수,71,2010-11-30,45.49174880981445,1157.2,2.73,분할매수,0.0,0.0,0.0,1206.7668742281073,1000000.0,1000000.0,18.995859230715258,0.0,0.0,1187.771014997392,62527890.97725212,62527890.97725212
2005,분할매수,72,2010-12-31,47.65583801269531,1130.6,2.8,분할매수,0.0,0.0,0.0,1187.771014997392,1000000.0,1000000.0,18.559869062262504,0.0,0.0,1169.2111459351295,62996734.62203829,62996734.62203829
2005,분할매수,73,2011-01-31,49.00342559814453,1119.1,2.93,분할매수,0.0,0.0,0.0,1169.2111459351295,1000000.0,1000000.0,18.23495364753519,0.0,0.0,1150.9761922875944,63119227.749897316,63119227.749897316
2005,분할매수,74,2011-02-28,50.55229187011719,1123.7,3.13,분할매수,0.0,0.0,0.0,1150.9761922875944,1000000.0,1000000.0,17.603894992206044,0.0,0.0,1133.3722972953883,64381905.12935792,64381905.12935792
2005,분할매수,75,2011-03-31,50.32568359375,1097.25,3.35,분할매수,0.0,0.0,0.0,1133.3722972953883,1000000.0,1000000.0,18.109427778049056,0.0,0.0,1115.2628695173391,61584655.41739427,61584655.41739427
2005,분할매수,76,2011-04-30,51.771575927734375,1068.4,3.4,분할매수,0.0,0.0,0.0,1115.2628695173391,1000000.0,1000000.0,18.07901376956591,0.0,0.0,1097.1838557477731,60688258.20547607,60688258.20547607
2005,분할매수,77,2011-05-31,51.1406364440918,1078.0,3.46,분할매수,0.0,0.0,0.0,1097.1838557477731,1000000.0,1000000.0,18.139073920223204,0.0,0.0,1079.04478182755,59487313.772095375,59487313.772095375
2005,분할매수,78,2011-06-30,50.10478973388672,1066.3,3.53,분할매수,0.0,0.0,0.0,1079.04478182755,1000000.0,1000000.0,18.717220078615295,0.0,0.0,1060.3275617489346,56649842.08634566,56649842.08634566
2005,분할매수,79,2011-07-31,50.93914031982422,1054.0,3.59,분할매수,0.0,0.0,0.0,1060.3275617489346,1000000.0,1000000.0,18.62549303852943,0.0,0.0,1041.7020687104052,55928831.87336299,55928831.87336299
2005,분할매수,80,2011-08-31,48.35704040527344,1063.9,3.59,분할매수,0.0,0.0,0.0,1041.7020687104052,1000000.0,1000000.0,19.43745845934499,0.0,0.0,1022.2646102510603,52592503.92170401,52592503.92170401
2005,분할매수,81,2011-09-30,46.18540954589844,1180.9,3.58,분할매수,0.0,0.0,0.0,1022.2646102510603,1000000.0,1000000.0,18.335049143725616,0.0,0.0,1003.9295611073346,54754669.771413535,54754669.771413535
2005,분할매수,82,2011-10-31,50.989601135253906,1112.05,3.58,분할매수,0.0,0.0,0.0,1003.9295611073346,1000000.0,1000000.0,17.635755566995662,0.0,0.0,986.293805540339,55925803.79068834,55925803.79068834
2005,분할매수,83,2011-11-30,49.61699295043945,1140.05,3.56,분할매수,0.0,0.0,0.0,986.293805540339,1000000.0,1000000.0,17.678510095185096,0.0,0.0,968.615295445154,54790550.234714925,54790550.234714925
2005,분할매수,84,2011-12-31,49.31224060058594,1158.5,3.55,분할매수,0.0,0.0,0.0,968.615295445154,1000000.0,1000000.0,17.50448048400194,0.0,0.0,951.110814961152,54335278.09239531,54335278.09239531
2005,분할매수,85,2012-01-31,53.46356201171875,1125.7,3.55,분할매수,0.0,0.0,0.0,951.110814961152,1000000.0,1000000.0,16.615730657883987,0.0,0.0,934.495084303268,56241588.380578384,56241588.380578384
2005,분할매수,86,2012-02-29,56.89059066772461,1117.1,3.53,분할매수,0.0,0.0,0.0,934.495084303268,1000000.0,1000000.0,15.735027466003562,0.0,0.0,918.7600568372644,58389479.06651569,58389479.06651569
2005,분할매수,87,2012-03-31,59.765281677246094,1131.4,3.54,분할매수,0.0,0.0,0.0,918.7600568372644,1000000.0,1000000.0,14.78886535373972,0.0,0.0,903.9711914835246,61125121.49249732,61125121.49249732
2005,분할매수,88,2012-04-30,59.06635665893555,1130.05,3.54,분할매수,0.0,0.0,0.0,903.9711914835246,1000000.0,1000000.0,14.981736586878165,0.0,0.0,888.9894548966465,59338211.54453301,59338211.54453301
2005,분할매수,89,2012-05-31,54.90799331665039,1180.0,3.54,분할매수,0.0,0.0,0.0,888.9894548966465,1000000.0,1000000.0,15.434139474582832,0.0,0.0,873.5553154220637,56598899.91668454,56598899.91668454
2005,분할매수,90,2012-06-30,56.89645004272461,1141.17,3.54,분할매수,0.0,0.0,0.0,873.5553154220637,1000000.0,1000000.0,15.401551903695259,0.0,0.0,858.1537635183685,55718655.42409877,55718655.42409877
2005,분할매수,91,2012-07-31,57.463993072509766,1130.27,3.34,분할매수,0.0,0.0,0.0,858.1537635183685,1000000.0,1000000.0,15.396499717706176,0.0,0.0,842.7572638006623,54736938.86614244,54736938.86614244
2005,분할매수,92,2012-08-31,60.44361114501953,1133.2,3.19,분할매수,0.0,0.0,0.0,842.7572638006623,1000000.0,1000000.0,14.59966972359645,0.0,0.0,828.1575940770658,56724406.08286989,56724406.08286989
2005,분할매수,93,2012-09-30,60.98059844970703,1111.21,3.14,분할매수,0.0,0.0,0.0,828.1575940770658,1000000.0,1000000.0,14.757479100020031,0.0,0.0,813.4001149770457,55117822.59450678,55117822.59450678
2005,분할매수,94,2012-10-31,57.76125717163086,1090.17,2.93,분할매수,0.0,0.0,0.0,813.4001149770457,1000000.0,1000000.0,15.88068152063766,0.0,0.0,797.5194334564081,50219471.52708753,50219471.52708753
2005,분할매수,95,2012-11-30,58.51719284057617,1081.75,2.85,분할매수,0.0,0.0,0.0,797.5194334564081,1000000.0,1000000.0,15.797545392979005,0.0,0.0,781.7218880634291,49483756.407552674,49483756.407552674
2005,분할매수,96,2012-12-31,58.24394989013672,1063.24,2.88,분할매수,0.0,0.0,0.0,781.7218880634291,1000000.0,1000000.0,16.147967760636632,0.0,0.0,765.5739203027924,47409923.75331629,47409923.75331629
2005,분할매수,97,2013-01-31,59.799983978271484,1087.46,2.86,분할매수,0.0,0.0,0.0,765.5739203027924,1000000.0,1000000.0,15.377496650043287,0.0,0.0,750.1964236527491,48785341.38068807,48785341.38068807
2005,분할매수,98,2013-02-28,60.00566482543945,1083.9,2.83,분할매수,0.0,0.0,0.0,750.1964236527491,1000000.0,1000000.0,15.37512063160488,0.0,0.0,734.8213030211442,47792880.50011497,47792880.50011497
2005,분할매수,99,2013-03-31,61.82071304321289,1112.48,2.81,분할매수,0.0,0.0,0.0,734.8213030211442,1000000.0,1000000.0,14.540313757500314,0.0,0.0,720.280989263644,49536825.77118407,49536825.77118407
2005,분할매수,100,2013-04-30,63.38931655883789,1101.52,2.8,분할매수,0.0,0.0,0.0,720.280989263644,1000000.0,1000000.0,14.321600128683558,0.0,0.0,705.9593891349604,49293331.945573054,49293331.945573054
2005,분할매수,101,2013-05-31,65.65702056884766,1129.34,2.72,분할매수,0.0,0.0,0.0,705.9593891349604,1000000.0,1000000.0,13.486340431241372,0.0,0.0,692.473048703719,51346253.06503397,51346253.06503397
2005,분할매수,102,2013-06-30,64.0843734741211,1141.45,2.69,분할매수,0.0,0.0,0.0,692.473048703719,1000000.0,1000000.0,13.670706669520868,0.0,0.0,678.8023420341981,49653785.89737445,49653785.89737445
2005,분할매수,103,2013-07-31,68.13068389892578,1122.66,2.68,분할매수,0.0,0.0,0.0,678.8023420341981,1000000.0,1000000.0,13.074015707868398,0.0,0.0,665.7283263263297,50919957.662715,50919957.662715
2005,분할매수,104,2013-08-31,67.86092376708984,1109.42,2.66,분할매수,0.0,0.0,0.0,665.7283263263297,1000000.0,1000000.0,13.282635100978247,0.0,0.0,652.4456912253514,49120199.88995253,49120199.88995253
2005,분할매수,105,2013-09-30,71.14009857177734,1073.33,2.66,분할매수,0.0,0.0,0.0,652.4456912253514,1000000.0,1000000.0,13.096410192760567,0.0,0.0,639.3492810325909,48818666.46067716,48818666.46067716
2005,분할매수,106,2013-10-31,74.66643524169922,1060.83,2.66,분할매수,0.0,0.0,0.0,639.3492810325909,1000000.0,1000000.0,12.624924496256153,0.0,0.0,626.7243565363347,49641830.07369162,49641830.07369162
2005,분할매수,107,2013-11-30,77.3179702758789,1057.76,2.65,분할매수,0.0,0.0,0.0,626.7243565363347,1000000.0,1000000.0,12.227352022598394,0.0,0.0,614.4970045137362,50255934.67645594,50255934.67645594
2005,분할매수,108,2013-12-31,79.58113098144531,1055.25,2.65,분할매수,0.0,0.0,0.0,614.4970045137362,1000000.0,1000000.0,11.907882270590774,0.0,0.0,602.5891222431454,50604222.358779654,50604222.358779654
2005,분할매수,109,2014-01-31,78.05211639404297,1080.36,2.65,분할매수,0.0,0.0,0.0,602.5891222431454,1000000.0,1000000.0,11.858965900732937,0.0,0.0,590.7301563424124,49812956.819945216,49812956.819945216
2005,분할매수,110,2014-02-28,82.07371520996094,1066.01,2.65,분할매수,0.0,0.0,0.0,590.7301563424124,1000000.0,1000000.0,11.429694653928948,0.0,0.0,579.3004616884834,50683809.080529496,50683809.080529496
2005,분할매수,111,2014-03-31,79.83013153076172,1064.65,2.65,분할매수,0.0,0.0,0.0,579.3004616884834,1000000.0,1000000.0,11.765930987876633,0.0,0.0,567.5345307006068,48235412.16461175,48235412.16461175
2005,분할매수,112,2014-04-30,79.5751953125,1032.85,2.65,분할매수,0.0,0.0,0.0,567.5345307006068,1000000.0,1000000.0,12.167042719678147,0.0,0.0,555.3674879809286,45645232.02361367,45645232.02361367
2005,분할매수,113,2014-05-31,83.1446304321289,1020.3,2.65,분할매수,0.0,0.0,0.0,555.3674879809286,1000000.0,1000000.0,11.787939713226674,0.0,0.0,543.5795482677019,46113193.780400634,46113193.780400634
2005,분할매수,114,2014-06-30,85.74197387695312,1011.6,2.65,분할매수,0.0,0.0,0.0,543.5795482677019,1000000.0,1000000.0,11.52916095005458,0.0,0.0,532.0503873176473,46148231.39537562,46148231.39537562
2005,분할매수,115,2014-07-31,86.75536346435547,1027.75,2.65,분할매수,0.0,0.0,0.0,532.0503873176473,1000000.0,1000000.0,11.215436503246469,0.0,0.0,520.8349508144008,46439115.46943694,46439115.46943694
2005,분할매수,116,2014-08-31,91.10137939453125,1013.85,2.52,분할매수,0.0,0.0,0.0,520.8349508144008,1000000.0,1000000.0,10.826830599129158,0.0,0.0,510.0081202152717,47105948.09309138,47105948.09309138
2005,분할매수,117,2014-09-30,90.41202545166016,1054.55,2.35,분할매수,0.0,0.0,0.0,510.0081202152717,1000000.0,1000000.0,10.488336810877342,0.0,0.0,499.51978340439433,47626214.948241144,47626214.948241144
2005,분할매수,118,2014-10-31,92.80072021484375,1073.07,2.21,분할매수,0.0,0.0,0.0,499.51978340439433,1000000.0,1000000.0,10.042008852023338,0.0,0.0,489.477774552371,48743013.65047566,48743013.65047566
2005,분할매수,119,2014-11-30,97.01976013183594,1112.06,2.14,분할매수,0.0,0.0,0.0,489.477774552371,1000000.0,1000000.0,9.26854544478773,0.0,0.0,480.20922910758327,51810635.44092934,51810635.44092934
2005,분할매수,120,2014-12-31,94.84591674804688,1090.89,2.13,분할매수,0.0,0.0,0.0,480.20922910758327,1000000.0,1000000.0,9.664967560482188,0.0,0.0,470.5442615471011,48685550.01374733,48685550.01374733
2006,일시매수,0,2005-12-31,34.50527572631836,1010.0,4.04,전액매수,100000000.0,0.0,100000000.0,0.0,0.0,0.0,0.0,100000000.0,0.0,2869.413413050363,100000000.0,100000000.0
2006,일시매수,1,2006-01-31,35.862937927246094,958.9,4.15,전액매수,0.0,0.0,0.0,2869.413413050363,1000000.0,1000000.0,29.0790903517071,0.0,0.0,2840.334322698656,97676175.1604074,97676175.1604074
2006,일시매수,2,2006-02-28,35.09444808959961,970.9,4.25,전액매수,0.0,0.0,0.0,2840.334322698656,1000000.0,1000000.0,29.348579243110716,0.0,0.0,2810.985743455545,95779278.45060492,95779278.45060492
2006,일시매수,3,2006-03-31,35.82828903198242,971.4,4.27,전액매수,0.0,0.0,0.0,2810.985743455545,1000000.0,1000000.0,28.73265986813024,0.0,0.0,2782.253083587415,96832423.32442188,96832423.32442188
2006,일시매수,4,2006-04-30,35.75992965698242,942.8,4.33,전액매수,0.0,0.0,0.0,2782.253083587415,1000000.0,1000000.0,29.660862139030712,0.0,0.0,2752.5922214483844,92802164.97234751,92802164.97234751
2006,일시매수,5,2006-05-31,33.17084884643555,945.3,4.36,전액매수,0.0,0.0,0.0,2752.5922214483844,1000000.0,1000000.0,31.891412633645402,0.0,0.0,2720.700808814739,85311392.13144805,85311392.13144805
2006,일시매수,6,2006-06-30,33.15044021606445,948.5,4.47,전액매수,0.0,0.0,0.0,2720.700808814739,1000000.0,1000000.0,31.803386331424424,0.0,0.0,2688.8974224833146,84547519.38872802,84547519.38872802
2006,일시매수,7,2006-07-31,31.722482681274414,954.9,4.63,전액매수,0.0,0.0,0.0,2688.8974224833146,1000000.0,1000000.0,33.01223573733619,0.0,0.0,2655.8851867459784,80451539.48001845,80451539.48001845
2006,일시매수,8,2006-08-31,33.23592758178711,961.1,4.68,전액매수,0.0,0.0,0.0,2655.8851867459784,1000000.0,1000000.0,31.305714389697492,0.0,0.0,2624.579472356281,83837073.3114467,83837073.3114467
2006,일시매수,9,2006-09-30,34.77792739868164,946.0,4.64,전액매수,0.0,0.0,0.0,2624.579472356281,1000000.0,1000000.0,30.395211316455892,0.0,0.0,2594.184261039825,85348452.88722634,85348452.88722634
2006,일시매수,10,2006-10-31,36.42914581298828,942.2,4.57,전액매수,0.0,0.0,0.0,2594.184261039825,1000000.0,1000000.0,29.13452299721012,0.0,0.0,2565.0497380426145,88041590.32527289,88041590.32527289
2006,일시매수,11,2006-11-30,37.678226470947266,929.0,4.6,전액매수,0.0,0.0,0.0,2565.0497380426145,1000000.0,1000000.0,28.56892071687255,0.0,0.0,2536.480817325742,88784621.66852942,88784621.66852942
2006,일시매수,12,2006-12-31,36.9703369140625,930.0,4.76,전액매수,0.0,0.0,0.0,2536.480817325742,1000000.0,1000000.0,29.084636683289148,0.0,0.0,2507.3961806424527,86210331.86510804,86210331.86510804
2006,일시매수,13,2007-01-31,37.74984359741211,941.0,4.92,전액매수,0.0,0.0,0.0,2507.3961806424527,1000000.0,1000000.0,28.151090305003876,0.0,0.0,2479.245090337449,88069238.650297,88069238.650297
2006,일시매수,14,2007-02-28,37.11598205566406,942.3,4.95,전액매수,0.0,0.0,0.0,2479.245090337449,1000000.0,1000000.0,28.592350091454698,0.0,0.0,2450.652740245994,85710084.42493898,85710084.42493898
2006,일시매수,15,2007-03-31,37.31077194213867,941.1,4.94,전액매수,0.0,0.0,0.0,2450.652740245994,1000000.0,1000000.0,28.47934469936947,0.0,0.0,2422.1733955466248,85050180.09070453,85050180.09070453
2006,일시매수,16,2007-04-30,39.39360046386719,931.0,4.95,전액매수,0.0,0.0,0.0,2422.1733955466248,1000000.0,1000000.0,27.266201703343867,0.0,0.0,2394.9071938432808,87834279.95948459,87834279.95948459
2006,일시매수,17,2007-05-31,40.63642120361328,927.4,5.04,전액매수,0.0,0.0,0.0,2394.9071938432808,1000000.0,1000000.0,26.53489999691489,0.0,0.0,2368.3722938463657,89254992.26006982,89254992.26006982
2006,일시매수,18,2007-06-30,40.831180572509766,922.6,5.03,전액매수,0.0,0.0,0.0,2368.3722938463657,1000000.0,1000000.0,26.54572632231483,0.0,0.0,2341.826567524051,88218590.78519423,88218590.78519423
2006,일시매수,19,2007-07-31,40.77112579345703,919.0,5.05,전액매수,0.0,0.0,0.0,2341.826567524051,1000000.0,1000000.0,26.688968250238975,0.0,0.0,2315.137599273812,86745114.21973318,86745114.21973318
2006,일시매수,20,2007-08-31,41.92060089111328,938.1,5.21,전액매수,0.0,0.0,0.0,2315.137599273812,1000000.0,1000000.0,25.428653549028745,0.0,0.0,2289.7089457247835,90044443.02605395,90044443.02605395
2006,일시매수,21,2007-09-30,44.12232208251953,913.6,5.34,전액매수,0.0,0.0,0.0,2289.7089457247835,1000000.0,1000000.0,24.807645575612085,0.0,0.0,2264.901300149171,91298518.96851315,91298518.96851315
2006,일시매수,22,2007-10-31,47.22917938232422,903.2,5.34,전액매수,0.0,0.0,0.0,2264.901300149171,1000000.0,1000000.0,23.442594285559412,0.0,0.0,2241.4587058636116,95614788.98452571,95614788.98452571
2006,일시매수,23,2007-11-30,44.03649139404297,920.9,5.43,전액매수,0.0,0.0,0.0,2241.4587058636116,1000000.0,1000000.0,24.65896349881572,0.0,0.0,2216.7997423647957,89898334.22930615,89898334.22930615
2006,일시매수,24,2007-12-31,44.00508117675781,935.8,5.73,전액매수,0.0,0.0,0.0,2216.7997423647957,1000000.0,1000000.0,24.283659388283194,0.0,0.0,2192.5160829765127,90287713.55747133,90287713.55747133
2006,일시매수,25,2008-01-31,38.77293395996094,943.4,5.81,전액매수,0.0,0.0,0.0,2192.5160829765127,1000000.0,1000000.0,27.338549130988383,0.0,0.0,2165.1775338455245,79198699.3703073,79198699.3703073
2006,일시매수,26,2008-02-29,36.90000534057617,942.8,5.28,전액매수,0.0,0.0,0.0,2165.1775338455245,1000000.0,1000000.0,28.74444959743276,0.0,0.0,2136.4330842480917,74325064.98363782,74325064.98363782
2006,일시매수,27,2008-03-31,37.59089660644531,988.6,5.25,전액매수,0.0,0.0,0.0,2136.4330842480917,1000000.0,1000000.0,26.908947376767987,0.0,0.0,2109.5241368713237,78394896.21554631,78394896.21554631
2006,일시매수,28,2008-04-30,40.59162139892578,1005.0,5.38,전액매수,0.0,0.0,0.0,2109.5241368713237,1000000.0,1000000.0,24.51306061029193,0.0,0.0,2085.0110762610316,85057150.12125534,85057150.12125534
2006,일시매수,29,2008-05-31,42.999122619628906,1028.5,5.36,전액매수,0.0,0.0,0.0,2085.0110762610316,1000000.0,1000000.0,22.611850733423392,0.0,0.0,2062.399225527608,91208775.86897835,91208775.86897835
2006,일시매수,30,2008-06-30,38.86471176147461,1046.8,5.36,전액매수,0.0,0.0,0.0,2062.399225527608,1000000.0,1000000.0,24.579940932347363,0.0,0.0,2037.8192845952606,82905784.44448079,82905784.44448079
2006,일시매수,31,2008-07-31,39.11422348022461,1011.5,5.52,전액매수,0.0,0.0,0.0,2037.8192845952606,1000000.0,1000000.0,25.27547931294216,0.0,0.0,2012.5438052823183,79624357.67743511,79624357.67743511
2006,일시매수,32,2008-08-31,39.682106018066406,1089.0,5.77,전액매수,0.0,0.0,0.0,2012.5438052823183,1000000.0,1000000.0,23.14074875784825,0.0,0.0,1989.40305652447,85969692.56881794,85969692.56881794
2006,일시매수,33,2008-09-30,33.501121520996094,1206.3,5.79,전액매수,0.0,0.0,0.0,1989.40305652447,1000000.0,1000000.0,24.744878514219888,0.0,0.0,1964.6581780102501,79396557.83241126,79396557.83241126
2006,일시매수,34,2008-10-31,28.31795310974121,1277.5,6.03,전액매수,0.0,0.0,0.0,1964.6581780102501,1000000.0,1000000.0,27.64249456650786,0.0,0.0,1937.0156834437423,70073837.90139784,70073837.90139784
2006,일시매수,35,2008-11-30,25.072021484375,1468.0,5.62,전액매수,0.0,0.0,0.0,1937.0156834437423,1000000.0,1000000.0,27.169684363355792,0.0,0.0,1909.8459990803865,70293271.48372132,70293271.48372132
2006,일시매수,36,2008-12-31,25.643007278442383,1262.0,4.68,전액매수,0.0,0.0,0.0,1909.8459990803865,1000000.0,1000000.0,30.90093990682261,0.0,0.0,1878.9450591735638,60805433.907164484,60805433.907164484
2006,일시매수,37,2009-01-31,25.056692123413086,1380.0,3.22,전액매수,0.0,0.0,0.0,1878.9450591735638,1000000.0,1000000.0,28.91992596589857,0.0,0.0,1850.0251332076652,63970604.05303783,63970604.05303783
2006,일시매수,38,2009-02-28,23.737457275390625,1532.8,2.7,전액매수,0.0,0.0,0.0,1850.0251332076652,1000000.0,1000000.0,27.48402356260093,0.0,0.0,1822.5411096450644,66312747.31277335,66312747.31277335
2006,일시매수,39,2009-03-31,26.18634796142578,1372.3,2.45,전액매수,0.0,0.0,0.0,1822.5411096450644,1000000.0,1000000.0,27.82761602742671,0.0,0.0,1794.7134936176376,64493972.16954482,64493972.16954482
2006,일시매수,40,2009-04-30,29.606460571289062,1277.0,2.42,전액매수,0.0,0.0,0.0,1794.7134936176376,1000000.0,1000000.0,26.449813358076177,0.0,0.0,1768.2636802595614,66853540.942648664,66853540.942648664
2006,일시매수,41,2009-05-31,30.55649757385254,1249.0,2.41,전액매수,0.0,0.0,0.0,1768.2636802595614,1000000.0,1000000.0,26.20197260745757,0.0,0.0,1742.061707652104,66485899.12487278,66485899.12487278
2006,일시매수,42,2009-06-30,31.458803176879883,1273.5,2.41,전액매수,0.0,0.0,0.0,1742.061707652104,1000000.0,1000000.0,24.96082034459719,0.0,0.0,1717.1008873075068,68791845.12375917,68791845.12375917
2006,일시매수,43,2009-07-31,34.113521575927734,1222.2,2.41,전액매수,0.0,0.0,0.0,1717.1008873075068,1000000.0,1000000.0,23.984527445056163,0.0,0.0,1693.1163598624507,70592024.9519632,70592024.9519632
2006,일시매수,44,2009-08-31,34.61505126953125,1248.0,2.48,전액매수,0.0,0.0,0.0,1693.1163598624507,1000000.0,1000000.0,23.148371066760582,0.0,0.0,1669.9679887956902,72141922.38319723,72141922.38319723
2006,일시매수,45,2009-09-30,36.570106506347656,1175.0,2.64,전액매수,0.0,0.0,0.0,1669.9679887956902,1000000.0,1000000.0,23.272117887857686,0.0,0.0,1646.6958709078326,70758315.97462827,70758315.97462827
2006,일시매수,46,2009-10-31,35.45353317260742,1182.0,2.79,전액매수,0.0,0.0,0.0,1646.6958709078326,1000000.0,1000000.0,23.86288792556643,0.0,0.0,1622.8329829822662,68006562.66099215,68006562.66099215
2006,일시매수,47,2009-11-30,37.70399475097656,1164.4,2.79,전액매수,0.0,0.0,0.0,1622.8329829822662,1000000.0,1000000.0,22.77772980522746,0.0,0.0,1600.0552531770388,70246476.13520414,70246476.13520414
2006,일시매수,48,2009-12-31,39.66565704345703,1163.65,2.82,전액매수,0.0,0.0,0.0,1600.0552531770388,1000000.0,1000000.0,21.66521352150372,0.0,0.0,1578.390039655535,72853657.22746792,72853657.22746792
2006,일시매수,49,2010-01-31,37.09931945800781,1158.7,2.88,전액매수,0.0,0.0,0.0,1578.390039655535,1000000.0,1000000.0,23.262856942484163,0.0,0.0,1555.1271827130508,66850223.364997566,66850223.364997566
2006,일시매수,50,2010-02-28,38.807308197021484,1159.0,2.88,전액매수,0.0,0.0,0.0,1555.1271827130508,1000000.0,1000000.0,22.233254758319276,0.0,0.0,1532.8939279547317,68945997.54366377,68945997.54366377
2006,일시매수,51,2010-03-31,41.799720764160156,1131.2,2.83,전액매수,0.0,0.0,0.0,1532.8939279547317,1000000.0,1000000.0,21.14887269495485,0.0,0.0,1511.7450552597768,71481117.5548099,71481117.5548099
2006,일시매수,52,2010-04-30,42.73708724975586,1108.0,2.51,전액매수,0.0,0.0,0.0,1511.7450552597768,1000000.0,1000000.0,21.118123248266766,0.0,0.0,1490.62693201151,70585199.00123468,70585199.00123468
2006,일시매수,53,2010-05-31,39.57780075073242,1194.5,2.45,전액매수,0.0,0.0,0.0,1490.62693201151,1000000.0,1000000.0,21.152523593762744,0.0,0.0,1469.4744084177473,69470406.30419399,69470406.30419399
2006,일시매수,54,2010-06-30,37.212772369384766,1220.85,2.45,전액매수,0.0,0.0,0.0,1469.4744084177473,1000000.0,1000000.0,22.011298636484625,0.0,0.0,1447.4631097812628,65760005.06312851,65760005.06312851
2006,일시매수,55,2010-07-31,39.91376495361328,1182.0,2.58,전액매수,0.0,0.0,0.0,1447.4631097812628,1000000.0,1000000.0,21.19628879025842,0.0,0.0,1426.2668209910044,67288516.1692315,67288516.1692315
2006,일시매수,56,2010-08-31,37.86624526977539,1198.0,2.63,전액매수,0.0,0.0,0.0,1426.2668209910044,1000000.0,1000000.0,22.044027205617205,0.0,0.0,1404.2227937853872,63700828.37801827,63700828.37801827
2006,일시매수,57,2010-09-30,42.85429382324219,1140.1,2.66,전액매수,0.0,0.0,0.0,1404.2227937853872,1000000.0,1000000.0,20.467401611380872,0.0,0.0,1383.7553921740064,67607770.56353705,67607770.56353705
2006,일시매수,58,2010-10-31,45.57033157348633,1124.0,2.66,전액매수,0.0,0.0,0.0,1383.7553921740064,1000000.0,1000000.0,19.523222337493884,0.0,0.0,1364.2321698365124,69877407.85067724,69877407.85067724
2006,일시매수,59,2010-11-30,45.49174880981445,1157.2,2.73,전액매수,0.0,0.0,0.0,1364.2321698365124,1000000.0,1000000.0,18.995859230715258,0.0,0.0,1345.2363106057971,70817344.67849836,70817344.67849836
2006,일시매수,60,2010-12-31,47.65583801269531,1130.6,2.8,전액매수,0.0,0.0,0.0,1345.2363106057971,1000000.0,1000000.0,18.559869062262504,0.0,0.0,1326.6764415435346,71480916.0071633,71480916.0071633
2006,일시매수,61,2011-01-31,49.00342559814453,1119.1,2.93,전액매수,0.0,0.0,0.0,1326.6764415435346,1000000.0,1000000.0,18.23495364753519,0.0,0.0,1308.4414878959994,71754582.61024211,71754582.61024211
2006,일시매수,62,2011-02-28,50.55229187011719,1123.7,3.13,전액매수,0.0,0.0,0.0,1308.4414878959994,1000000.0,1000000.0,17.603894992206044,0.0,0.0,1290.8375929037934,73326817.35918668,73326817.35918668
2006,일시매수,63,2011-03-31,50.32568359375,1097.25,3.35,전액매수,0.0,0.0,0.0,1290.8375929037934,1000000.0,1000000.0,18.109427778049056,0.0,0.0,1272.7281651257442,70279866.41678725,70279866.41678725
2006,일시매수,64,2011-04-30,51.771575927734375,1068.4,3.4,전액매수,0.0,0.0,0.0,1272.7281651257442,1000000.0,1000000.0,18.07901376956591,0.0,0.0,1254.6491513561782,69398097.0061678,69398097.0061678
2006,일시매수,65,2011-05-31,51.1406364440918,1078.0,3.46,전액매수,0.0,0.0,0.0,1254.6491513561782,1000000.0,1000000.0,18.139073920223204,0.0,0.0,1236.510077435955,68168313.49131739,68168313.49131739
2006,일시매수,66,2011-06-30,50.10478973388672,1066.3,3.53,전액매수,0.0,0.0,0.0,1236.510077435955,1000000.0,1000000.0,18.717220078615295,0.0,0.0,1217.7928573573397,65062699.06761883,65062699.06761883
2006,일시매수,67,2011-07-31,50.93914031982422,1054.0,3.59,전액매수,0.0,0.0,0.0,1217.7928573573397,1000000.0,1000000.0,18.62549303852943,0.0,0.0,1199.1673643188103,64383120.58844109,64383120.58844109
2006,일시매수,68,2011-08-31,48.35704040527344,1063.9,3.59,전액매수,0.0,0.0,0.0,1199.1673643188103,1000000.0,1000000.0,19.43745845934499,0.0,0.0,1179.7299058594654,60693629.69068026,60693629.69068026
2006,일시매수,69,2011-09-30,46.18540954589844,1180.9,3.58,전액매수,0.0,0.0,0.0,1179.7299058594654,1000000.0,1000000.0,18.335049143725616,0.0,0.0,1161.3948567157397,63342882.12765317,63342882.12765317
2006,일시매수,70,2011-10-31,50.989601135253906,1112.05,3.58,전액매수,0.0,0.0,0.0,1161.3948567157397,1000000.0,1000000.0,17.635755566995662,0.0,0.0,1143.759101148744,64854556.23399689,64854556.23399689
2006,일시매수,71,2011-11-30,49.61699295043945,1140.05,3.56,전액매수,0.0,0.0,0.0,1143.759101148744,1000000.0,1000000.0,17.678510095185096,0.0,0.0,1126.080591053559,63697708.96927888,63697708.96927888
2006,일시매수,72,2011-12-31,49.31224060058594,1158.5,3.55,전액매수,0.0,0.0,0.0,1126.080591053559,1000000.0,1000000.0,17.50448048400194,0.0,0.0,1108.576110569557,63330991.83278989,63330991.83278989
2006,일시매수,73,2012-01-31,53.46356201171875,1125.7,3.55,전액매수,0.0,0.0,0.0,1108.576110569557,1000000.0,1000000.0,16.615730657883987,0.0,0.0,1091.960379911673,65718468.985506184,65718468.985506184
2006,일시매수,74,2012-02-29,56.89059066772461,1117.1,3.53,전액매수,0.0,0.0,0.0,1091.960379911673,1000000.0,1000000.0,15.735027466003562,0.0,0.0,1076.2253524456694,68396788.93290251,68396788.93290251
2006,일시매수,75,2012-03-31,59.765281677246094,1131.4,3.54,전액매수,0.0,0.0,0.0,1076.2253524456694,1000000.0,1000000.0,14.78886535373972,0.0,0.0,1061.4364870919296,71772679.08680499,71772679.08680499
2006,일시매수,76,2012-04-30,59.06635665893555,1130.05,3.54,전액매수,0.0,0.0,0.0,1061.4364870919296,1000000.0,1000000.0,14.981736586878165,0.0,0.0,1046.4547505050514,69848695.07194476,69848695.07194476
2006,일시매수,77,2012-05-31,54.90799331665039,1180.0,3.54,전액매수,0.0,0.0,0.0,1046.4547505050514,1000000.0,1000000.0,15.434139474582832,0.0,0.0,1031.0206110304684,66801301.92735192,66801301.92735192
2006,일시매수,78,2012-06-30,56.89645004272461,1141.17,3.54,전액매수,0.0,0.0,0.0,1031.0206110304684,1000000.0,1000000.0,15.401551903695259,0.0,0.0,1015.6190591267732,65942644.31775204,65942644.31775204
2006,일시매수,79,2012-07-31,57.463993072509766,1130.27,3.34,전액매수,0.0,0.0,0.0,1015.6190591267732,1000000.0,1000000.0,15.396499717706176,0.0,0.0,1000.222559409067,64964282.6452819,64964282.6452819
2006,일시매수,80,2012-08-31,60.44361114501953,1133.2,3.19,전액매수,0.0,0.0,0.0,1000.222559409067,1000000.0,1000000.0,14.59966972359645,0.0,0.0,985.6228896854706,67509944.28952564,67509944.28952564
2006,일시매수,81,2012-09-30,60.98059844970703,1111.21,3.14,전액매수,0.0,0.0,0.0,985.6228896854706,1000000.0,1000000.0,14.757479100020031,0.0,0.0,970.8654105854505,65788025.44833911,65788025.44833911
2006,일시매수,82,2012-10-31,57.76125717163086,1090.17,2.93,전액매수,0.0,0.0,0.0,970.8654105854505,1000000.0,1000000.0,15.88068152063766,0.0,0.0,954.9847290648129,60134996.58838742,60134996.58838742
2006,일시매수,83,2012-11-30,58.51719284057617,1081.75,2.85,전액매수,0.0,0.0,0.0,954.9847290648129,1000000.0,1000000.0,15.797545392979005,0.0,0.0,939.1871836718338,59451462.889243685,59451462.889243685
2006,일시매수,84,2012-12-31,58.24394989013672,1063.24,2.88,전액매수,0.0,0.0,0.0,939.1871836718338,1000000.0,1000000.0,16.147967760636632,0.0,0.0,923.0392159111972,57161323.92592828,57161323.92592828
2006,일시매수,85,2013-01-31,59.799983978271484,1087.46,2.86,전액매수,0.0,0.0,0.0,923.0392159111972,1000000.0,1000000.0,15.377496650043287,0.0,0.0,907.6617192611538,59025323.816838466,59025323.816838466
2006,일시매수,86,2013-02-28,60.00566482543945,1083.9,2.83,전액매수,0.0,0.0,0.0,907.6617192611538,1000000.0,1000000.0,15.37512063160488,0.0,0.0,892.286598629549,58034445.388049655,58034445.388049655
2006,일시매수,87,2013-03-31,61.82071304321289,1112.48,2.81,전액매수,0.0,0.0,0.0,892.286598629549,1000000.0,1000000.0,14.540313757500314,0.0,0.0,877.7462848720486,60366392.329001956,60366392.329001956
2006,일시매수,88,2013-04-30,63.38931655883789,1101.52,2.8,전액매수,0.0,0.0,0.0,877.7462848720486,1000000.0,1000000.0,14.321600128683558,0.0,0.0,863.424684743365,60288283.22151535,60288283.22151535
2006,일시매수,89,2013-05-31,65.65702056884766,1129.34,2.72,전액매수,0.0,0.0,0.0,863.424684743365,1000000.0,1000000.0,13.486340431241372,0.0,0.0,849.9383443121236,63022162.954097226,63022162.954097226
2006,일시매수,90,2013-06-30,64.0843734741211,1141.45,2.69,전액매수,0.0,0.0,0.0,849.9383443121236,1000000.0,1000000.0,13.670706669520868,0.0,0.0,836.2676376426027,61172231.82815262,61172231.82815262
2006,일시매수,91,2013-07-31,68.13068389892578,1122.66,2.68,전액매수,0.0,0.0,0.0,836.2676376426027,1000000.0,1000000.0,13.074015707868398,0.0,0.0,823.1936219347343,62964099.19710497,62964099.19710497
2006,일시매수,92,2013-08-31,67.86092376708984,1109.42,2.66,전액매수,0.0,0.0,0.0,823.1936219347343,1000000.0,1000000.0,13.282635100978247,0.0,0.0,809.910986833756,60975174.02808929,60975174.02808929
2006,일시매수,93,2013-09-30,71.14009857177734,1073.33,2.66,전액매수,0.0,0.0,0.0,809.910986833756,1000000.0,1000000.0,13.096410192760567,0.0,0.0,796.8145766409955,60842212.85932679,60842212.85932679
2006,일시매수,94,2013-10-31,74.66643524169922,1060.83,2.66,전액매수,0.0,0.0,0.0,796.8145766409955,1000000.0,1000000.0,12.624924496256153,0.0,0.0,784.1896521447393,62114403.32789999,62114403.32789999
2006,일시매수,95,2013-11-30,77.3179702758789,1057.76,2.65,전액매수,0.0,0.0,0.0,784.1896521447393,1000000.0,1000000.0,12.227352022598394,0.0,0.0,771.9623001221408,63134053.77512749,63134053.77512749
2006,일시매수,96,2013-12-31,79.58113098144531,1055.25,2.65,전액매수,0.0,0.0,0.0,771.9623001221408,1000000.0,1000000.0,11.907882270590774,0.0,0.0,760.05441785155,63827841.13751926,63827841.13751926
2006,일시매수,97,2014-01-31,78.05211639404297,1080.36,2.65,전액매수,0.0,0.0,0.0,760.05441785155,1000000.0,1000000.0,11.858965900732937,0.0,0.0,748.1954519508171,63091120.947111875,63091120.947111875
2006,일시매수,98,2014-02-28,82.07371520996094,1066.01,2.65,전액매수,0.0,0.0,0.0,748.1954519508171,1000000.0,1000000.0,11.429694653928948,0.0,0.0,736.7657572968881,64460668.42596057,64460668.42596057
2006,일시매수,99,2014-03-31,79.83013153076172,1064.65,2.65,전액매수,0.0,0.0,0.0,736.7657572968881,1000000.0,1000000.0,11.765930987876633,0.0,0.0,724.9998263090114,61618568.65011668,61618568.65011668
2006,일시매수,100,2014-04-30,79.5751953125,1032.85,2.65,전액매수,0.0,0.0,0.0,724.9998263090114,1000000.0,1000000.0,12.167042719678147,0.0,0.0,712.8327835893332,58587185.071393386,58587185.071393386
2006,일시매수,101,2014-05-31,83.1446304321289,1020.3,2.65,전액매수,0.0,0.0,0.0,712.8327835893332,1000000.0,1000000.0,11.787939713226674,0.0,0.0,701.0448438761065,59471363.18397508,59471363.18397508
2006,일시매수,102,2014-06-30,85.74197387695312,1011.6,2.65,전액매수,0.0,0.0,0.0,701.0448438761065,1000000.0,1000000.0,11.52916095005458,0.0,0.0,689.5156829260519,59806232.7270041,59806232.7270041
2006,일시매수,103,2014-07-31,86.75536346435547,1027.75,2.65,전액매수,0.0,0.0,0.0,689.5156829260519,1000000.0,1000000.0,11.215436503246469,0.0,0.0,678.3002464228055,60479166.033926696,60479166.033926696
2006,일시매수,104,2014-08-31,91.10137939453125,1013.85,2.52,전액매수,0.0,0.0,0.0,678.3002464228055,1000000.0,1000000.0,10.826830599129158,0.0,0.0,667.4734158236763,61649936.21285287,61649936.21285287
2006,일시매수,105,2014-09-30,90.41202545166016,1054.55,2.35,전액매수,0.0,0.0,0.0,667.4734158236763,1000000.0,1000000.0,10.488336810877342,0.0,0.0,656.9850790127989,62639586.319486484,62639586.319486484
2006,일시매수,106,2014-10-31,92.80072021484375,1073.07,2.21,전액매수,0.0,0.0,0.0,656.9850790127989,1000000.0,1000000.0,10.042008852023338,0.0,0.0,646.9430701607756,64423670.571692914,64423670.571692914
2006,일시매수,107,2014-11-30,97.01976013183594,1112.06,2.14,전액매수,0.0,0.0,0.0,646.9430701607756,1000000.0,1000000.0,9.26854544478773,0.0,0.0,637.6745247159879,68799848.74806772,68799848.74806772
2006,일시매수,108,2014-12-31,94.84591674804688,1090.89,2.13,전액매수,0.0,0.0,0.0,637.6745247159879,1000000.0,1000000.0,9.664967560482188,0.0,0.0,628.0095571555057,64977927.05722999,64977927.05722999
2006,일시매수,109,2015-01-31,92.87090301513672,1104.3,2.13,전액매수,0.0,0.0,0.0,628.0095571555057,1000000.0,1000000.0,9.750643079811809,0.0,0.0,618.258914075694,63406988.545787945,63406988.545787945
2006,일시매수,110,2015-02-28,99.57671356201172,1100.65,2.12,전액매수,0.0,0.0,0.0,618.258914075694,1000000.0,1000000.0,9.124161701575952,0.0,0.0,609.134752374118,66760626.59749952,66760626.59749952
2006,일시매수,111,2015-03-31,97.22772979736328,1107.71,1.95,전액매수,0.0,0.0,0.0,609.134752374118,1000000.0,1000000.0,9.28503998316416,0.0,0.0,599.8497123909538,64603891.14948504,64603891.14948504
2006,일시매수,112,2015-04-30,99.09678649902344,1076.74,1.81,전액매수,0.0,0.0,0.0,599.8497123909538,1000000.0,1000000.0,9.37194176890605,0.0,0.0,590.4777706220477,63004848.42758171,63004848.42758171
2006,일시매수,113,2015-05-31,101.32492065429688,1111.99,1.8,전액매수,0.0,0.0,0.0,590.4777706220477,1000000.0,1000000.0,8.875295996885576,0.0,0.0,581.6024746251621,65530487.6399899,65530487.6399899
2006,일시매수,114,2015-06-30,98.80795288085938,1117.34,1.7,전액매수,0.0,0.0,0.0,581.6024746251621,1000000.0,1000000.0,9.057800518471668,0.0,0.0,572.5446741066904,63210121.81037704,63210121.81037704
2006,일시매수,115,2015-07-31,103.31137084960938,1159.7,1.65,전액매수,0.0,0.0,0.0,572.5446741066904,1000000.0,1000000.0,8.34653499387769,0.0,0.0,564.1981391128128,67596690.06679547,67596690.06679547
2006,일시매수,116,2015-08-31,96.26093292236328,1182.54,1.64,전액매수,0.0,0.0,0.0,564.1981391128128,1000000.0,1000000.0,8.784844808827106,0.0,0.0,555.4132943039857,63224030.29202069,63224030.29202069
2006,일시매수,117,2015-09-30,94.13616943359375,1184.62,1.6,전액매수,0.0,0.0,0.0,555.4132943039857,1000000.0,1000000.0,8.96735612176437,0.0,0.0,546.4459381822213,60937240.67185875,60937240.67185875
2006,일시매수,118,2015-10-31,104.83930969238281,1140.5,1.58,전액매수,0.0,0.0,0.0,546.4459381822213,1000000.0,1000000.0,8.363355500274835,0.0,0.0,538.0825826819465,64338121.54275447,64338121.54275447
2006,일시매수,119,2015-11-30,105.47760772705078,1149.39,1.59,전액매수,0.0,0.0,0.0,538.0825826819465,1000000.0,1000000.0,8.248449396685212,0.0,0.0,529.8341332852613,64234392.163233094,64234392.163233094
2006,일시매수,120,2015-12-31,103.79549407958984,1169.26,1.67,전액매수,0.0,0.0,0.0,529.8341332852613,1000000.0,1000000.0,8.23968115797513,0.0,0.0,521.5944521272861,63302747.05137571,63302747.05137571
2006,분할매수,0,2005-12-31,34.50527572631836,1010.0,4.04,분할매수,100000000.0,0.0,100000000.0,0.0,0.0,0.0,0.0,8333333.333333333,91666666.66666667,239.1177844208636,8333333.333333333,100000000.0
2006,분할매수,1,2006-01-31,35.862937927246094,958.9,4.15,분할매수,91666666.66666667,308611.1111111111,91975277.77777778,239.1177844208636,1000000.0,1000000.0,0.0,8333333.333333333,82641944.44444445,481.44353735175605,16556347.93003395,99198292.3744784
2006,분할매수,2,2006-02-28,35.09444808959961,970.9,4.25,분할매수,82641944.44444445,285803.39120370377,82927747.83564815,481.44353735175605,1000000.0,1000000.0,0.0,8333333.333333333,73594414.50231482,726.0150310443454,24737655.101814512,98332069.60412933
2006,분할매수,3,2006-03-31,35.82828903198242,971.4,4.27,분할매수,73594414.50231482,260646.88469569833,73855061.38701051,726.0150310443454,1000000.0,1000000.0,0.0,8333333.333333333,64521728.05367718,965.4538632787641,33601270.042862564,98122998.09653974
2006,분할매수,4,2006-04-30,35.75992965698242,942.8,4.33,분할매수,64521728.05367718,229589.81565766793,64751317.86933485,965.4538632787641,1000000.0,1000000.0,0.0,8333333.333333333,55417984.53600151,1212.6277144373532,40883090.61123538,96301075.14723688
2006,분할매수,5,2006-05-31,33.17084884643555,945.3,4.36,분할매수,55417984.53600151,199966.56086740544,55617951.09686892,1212.6277144373532,1000000.0,1000000.0,0.0,8333333.333333333,46284617.76353558,1478.3894863843982,46356977.13887716,92641594.90241274
2006,분할매수,6,2006-06-30,33.15044021606445,948.5,4.47,분할매수,46284617.76353558,168167.44454084596,46452785.208076425,1478.3894863843982,1000000.0,1000000.0,0.0,8333333.333333333,37119451.87474309,1743.417705812935,54818618.61012868,91938070.48487177
2006,분할매수,7,2006-07-31,31.722482681274414,954.9,4.63,분할매수,37119451.87474309,138269.958233418,37257721.832976505,1743.417705812935,1000000.0,1000000.0,0.0,8333333.333333333,27924388.499643173,2018.5196702907367,61144591.54936394,89068980.04900712
2006,분할매수,8,2006-08-31,33.23592758178711,961.1,4.68,분할매수,27924388.499643173,107741.59896112325,28032130.098604295,2018.5196702907367,1000000.0,1000000.0,0.0,8333333.333333333,18698796.765270963,2279.4006235382158,72811008.08510384,91509804.8503748
2006,분할매수,9,2006-09-30,34.77792739868164,946.0,4.64,분할매수,18698796.765270963,72925.30738455674,18771722.07265552,2279.4006235382158,1000000.0,1000000.0,0.0,8333333.333333333,9438388.73932219,2532.6940511753482,83325429.9437673,92763818.68308948
2006,분할매수,10,2006-10-31,36.42914581298828,942.2,4.57,분할매수,9438388.73932219,36495.10312537913,9474883.842447568,2532.6940511753482,1000000.0,1000000.0,0.0,8333333.333333333,141550.5091142347,2775.4817428187657,95264361.9078487,95405912.41696294
2006,분할매수,11,2006-11-30,37.678226470947266,929.0,4.6,분할매수,141550.5091142347,539.0715222100439,142089.58063644476,2775.4817428187657,1000000.0,1000000.0,24.50957475297629,0.0,0.0,2750.9721680657894,96292477.94583607,96292477.94583607
2006,분할매수,12,2006-12-31,36.9703369140625,930.0,4.76,분할매수,0.0,0.0,0.0,2750.9721680657894,1000000.0,1000000.0,29.084636683289148,0.0,0.0,2721.8875313825,93585062.14197911,93585062.14197911
2006,분할매수,13,2007-01-31,37.74984359741211,941.0,4.92,분할매수,0.0,0.0,0.0,2721.8875313825,1000000.0,1000000.0,28.151090305003876,0.0,0.0,2693.7364410774962,95688529.71206884,95688529.71206884
2006,분할매수,14,2007-02-28,37.11598205566406,942.3,4.95,분할매수,0.0,0.0,0.0,2693.7364410774962,1000000.0,1000000.0,28.592350091454698,0.0,0.0,2665.1440909860416,93211788.55397983,93211788.55397983
2006,분할매수,15,2007-03-31,37.31077194213867,941.1,4.94,분할매수,0.0,0.0,0.0,2665.1440909860416,1000000.0,1000000.0,28.47934469936947,0.0,0.0,2636.664746286672,92581650.81112444,92581650.81112444
2006,분할매수,16,2007-04-30,39.39360046386719,931.0,4.95,분할매수,0.0,0.0,0.0,2636.664746286672,1000000.0,1000000.0,27.266201703343867,0.0,0.0,2609.398544583328,95700845.05988662,95700845.05988662
2006,분할매수,17,2007-05-31,40.63642120361328,927.4,5.04,분할매수,0.0,0.0,0.0,2609.398544583328,1000000.0,1000000.0,26.53489999691489,0.0,0.0,2582.863644586413,97338359.8538797,97338359.8538797
2006,분할매수,18,2007-06-30,40.831180572509766,922.6,5.03,분할매수,0.0,0.0,0.0,2582.863644586413,1000000.0,1000000.0,26.54572632231483,0.0,0.0,2556.3179182640984,96298661.68382856,96298661.68382856
2006,분할매수,19,2007-07-31,40.77112579345703,919.0,5.05,분할매수,0.0,0.0,0.0,2556.3179182640984,1000000.0,1000000.0,26.688968250238975,0.0,0.0,2529.6289500138596,94781818.70111106,94781818.70111106
2006,분할매수,20,2007-08-31,41.92060089111328,938.1,5.21,분할매수,0.0,0.0,0.0,2529.6289500138596,1000000.0,1000000.0,25.428653549028745,0.0,0.0,2504.200296464831,98479468.90449809,98479468.90449809
2006,분할매수,21,2007-09-30,44.12232208251953,913.6,5.34,분할매수,0.0,0.0,0.0,2504.200296464831,1000000.0,1000000.0,24.807645575612085,0.0,0.0,2479.3926508892187,99944698.23152672,99944698.23152672
2006,분할매수,22,2007-10-31,47.22917938232422,903.2,5.34,분할매수,0.0,0.0,0.0,2479.3926508892187,1000000.0,1000000.0,23.442594285559412,0.0,0.0,2455.950056603659,104764431.21811475,104764431.21811475
2006,분할매수,23,2007-11-30,44.03649139404297,920.9,5.43,분할매수,0.0,0.0,0.0,2455.950056603659,1000000.0,1000000.0,24.65896349881572,0.0,0.0,2431.291093104843,98596645.9304589,98596645.9304589
2006,분할매수,24,2007-12-31,44.00508117675781,935.8,5.73,분할매수,0.0,0.0,0.0,2431.291093104843,1000000.0,1000000.0,24.283659388283194,0.0,0.0,2407.00743371656,99120457.72137354,99120457.72137354
2006,분할매수,25,2008-01-31,38.77293395996094,943.4,5.81,분할매수,0.0,0.0,0.0,2407.00743371656,1000000.0,1000000.0,27.338549130988383,0.0,0.0,2379.668884585572,87044446.76942293,87044446.76942293
2006,분할매수,26,2008-02-29,36.90000534057617,942.8,5.28,분할매수,0.0,0.0,0.0,2379.668884585572,1000000.0,1000000.0,28.74444959743276,0.0,0.0,2350.924434988139,81787074.30174994,81787074.30174994
2006,분할매수,27,2008-03-31,37.59089660644531,988.6,5.25,분할매수,0.0,0.0,0.0,2350.924434988139,1000000.0,1000000.0,26.908947376767987,0.0,0.0,2324.015487611371,86365901.09124166,86365901.09124166
2006,분할매수,28,2008-04-30,40.59162139892578,1005.0,5.38,분할매수,0.0,0.0,0.0,2324.015487611371,1000000.0,1000000.0,24.51306061029193,0.0,0.0,2299.502427001079,93807234.58235246,93807234.58235246
2006,분할매수,29,2008-05-31,42.999122619628906,1028.5,5.36,분할매수,0.0,0.0,0.0,2299.502427001079,1000000.0,1000000.0,22.611850733423392,0.0,0.0,2276.8905762676554,100694569.54720214,100694569.54720214
2006,분할매수,30,2008-06-30,38.86471176147461,1046.8,5.36,분할매수,0.0,0.0,0.0,2276.8905762676554,1000000.0,1000000.0,24.579940932347363,0.0,0.0,2252.3106353353082,91632060.52994427,91632060.52994427
2006,분할매수,31,2008-07-31,39.11422348022461,1011.5,5.52,분할매수,0.0,0.0,0.0,2252.3106353353082,1000000.0,1000000.0,25.27547931294216,0.0,0.0,2227.035156022366,88110501.42507192,88110501.42507192
2006,분할매수,32,2008-08-31,39.682106018066406,1089.0,5.77,분할매수,0.0,0.0,0.0,2227.035156022366,1000000.0,1000000.0,23.14074875784825,0.0,0.0,2203.894407264518,95238681.787125,95238681.787125
2006,분할매수,33,2008-09-30,33.501121520996094,1206.3,5.79,분할매수,0.0,0.0,0.0,2203.894407264518,1000000.0,1000000.0,24.744878514219888,0.0,0.0,2179.149528750298,88064668.71510516,88064668.71510516
2006,분할매수,34,2008-10-31,28.31795310974121,1277.5,6.03,분할매수,0.0,0.0,0.0,2179.149528750298,1000000.0,1000000.0,27.64249456650786,0.0,0.0,2151.50703418379,77833316.70762429,77833316.70762429
2006,분할매수,35,2008-11-30,25.072021484375,1468.0,5.62,분할매수,0.0,0.0,0.0,2151.50703418379,1000000.0,1000000.0,27.169684363355792,0.0,0.0,2124.337349820434,78187781.69854501,78187781.69854501
2006,분할매수,36,2008-12-31,25.643007278442383,1262.0,4.68,분할매수,0.0,0.0,0.0,2124.337349820434,1000000.0,1000000.0,30.90093990682261,0.0,0.0,2093.4364099136114,67746690.43162024,67746690.43162024
2006,분할매수,37,2009-01-31,25.056692123413086,1380.0,3.22,분할매수,0.0,0.0,0.0,2093.4364099136114,1000000.0,1000000.0,28.91992596589857,0.0,0.0,2064.516483947713,71387336.412345,71387336.412345
2006,분할매수,38,2009-02-28,23.737457275390625,1532.8,2.7,분할매수,0.0,0.0,0.0,2064.516483947713,1000000.0,1000000.0,27.48402356260093,0.0,0.0,2037.032460385112,74116966.74416396,74116966.74416396
2006,분할매수,39,2009-03-31,26.18634796142578,1372.3,2.45,분할매수,0.0,0.0,0.0,2037.032460385112,1000000.0,1000000.0,27.82761602742671,0.0,0.0,2009.2048443576853,72201831.53229606,72201831.53229606
2006,분할매수,40,2009-04-30,29.606460571289062,1277.0,2.42,분할매수,0.0,0.0,0.0,2009.2048443576853,1000000.0,1000000.0,26.449813358076177,0.0,0.0,1982.755030999609,74962911.9932597,74962911.9932597
2006,분할매수,41,2009-05-31,30.55649757385254,1249.0,2.41,분할매수,0.0,0.0,0.0,1982.755030999609,1000000.0,1000000.0,26.20197260745757,0.0,0.0,1956.5530583921516,74671975.56856005,74671975.56856005
2006,분할매수,42,2009-06-30,31.458803176879883,1273.5,2.41,분할매수,0.0,0.0,0.0,1956.5530583921516,1000000.0,1000000.0,24.96082034459719,0.0,0.0,1931.5922380475545,77384966.17422475,77384966.17422475
2006,분할매수,43,2009-07-31,34.113521575927734,1222.2,2.41,분할매수,0.0,0.0,0.0,1931.5922380475545,1000000.0,1000000.0,23.984527445056163,0.0,0.0,1907.6077106024984,79534929.96568112,79534929.96568112
2006,분할매수,44,2009-08-31,34.61505126953125,1248.0,2.48,분할매수,0.0,0.0,0.0,1907.6077106024984,1000000.0,1000000.0,23.148371066760582,0.0,0.0,1884.4593395357379,81407859.50341396,81407859.50341396
2006,분할매수,45,2009-09-30,36.570106506347656,1175.0,2.64,분할매수,0.0,0.0,0.0,1884.4593395357379,1000000.0,1000000.0,23.272117887857686,0.0,0.0,1861.1872216478803,79974982.5356016,79974982.5356016
2006,분할매수,46,2009-10-31,35.45353317260742,1182.0,2.79,분할매수,0.0,0.0,0.0,1861.1872216478803,1000000.0,1000000.0,23.86288792556643,0.0,0.0,1837.324333722314,76995053.55149513,76995053.55149513
2006,분할매수,47,2009-11-30,37.70399475097656,1164.4,2.79,분할매수,0.0,0.0,0.0,1837.324333722314,1000000.0,1000000.0,22.77772980522746,0.0,0.0,1814.5466039170865,79663189.4149807,79663189.4149807
2006,분할매수,48,2009-12-31,39.66565704345703,1163.65,2.82,분할매수,0.0,0.0,0.0,1814.5466039170865,1000000.0,1000000.0,21.66521352150372,0.0,0.0,1792.8813903955827,82753922.02417326,82753922.02417326
2006,분할매수,49,2010-01-31,37.09931945800781,1158.7,2.88,분할매수,0.0,0.0,0.0,1792.8813903955827,1000000.0,1000000.0,23.262856942484163,0.0,0.0,1769.6185334530985,76070559.08173102,76070559.08173102
2006,분할매수,50,2010-02-28,38.807308197021484,1159.0,2.88,분할매수,0.0,0.0,0.0,1769.6185334530985,1000000.0,1000000.0,22.233254758319276,0.0,0.0,1747.3852786947791,78593318.77807677,78593318.77807677
2006,분할매수,51,2010-03-31,41.799720764160156,1131.2,2.83,분할매수,0.0,0.0,0.0,1747.3852786947791,1000000.0,1000000.0,21.14887269495485,0.0,0.0,1726.2364059998242,81623093.15009612,81623093.15009612
2006,분할매수,52,2010-04-30,42.73708724975586,1108.0,2.51,분할매수,0.0,0.0,0.0,1726.2364059998242,1000000.0,1000000.0,21.118123248266766,0.0,0.0,1705.1182827515574,80741942.01378678,80741942.01378678
2006,분할매수,53,2010-05-31,39.57780075073242,1194.5,2.45,분할매수,0.0,0.0,0.0,1705.1182827515574,1000000.0,1000000.0,21.152523593762744,0.0,0.0,1683.9657591577948,79610631.40732516,79610631.40732516
2006,분할매수,54,2010-06-30,37.212772369384766,1220.85,2.45,분할매수,0.0,0.0,0.0,1683.9657591577948,1000000.0,1000000.0,22.011298636484625,0.0,0.0,1661.9544605213102,75504607.33682258,75504607.33682258
2006,분할매수,55,2010-07-31,39.91376495361328,1182.0,2.58,분할매수,0.0,0.0,0.0,1661.9544605213102,1000000.0,1000000.0,21.19628879025842,0.0,0.0,1640.7581717310518,77407804.16641267,77407804.16641267
2006,분할매수,56,2010-08-31,37.86624526977539,1198.0,2.63,분할매수,0.0,0.0,0.0,1640.7581717310518,1000000.0,1000000.0,22.044027205617205,0.0,0.0,1618.7141445254347,73430962.9282692,73430962.9282692
2006,분할매수,57,2010-09-30,42.85429382324219,1140.1,2.66,분할매수,0.0,0.0,0.0,1618.7141445254347,1000000.0,1000000.0,20.467401611380872,0.0,0.0,1598.2467429140538,78087427.66963397,78087427.66963397
2006,분할매수,58,2010-10-31,45.57033157348633,1124.0,2.66,분할매수,0.0,0.0,0.0,1598.2467429140538,1000000.0,1000000.0,19.523222337493884,0.0,0.0,1578.7235205765598,80863880.6281819,80863880.6281819
2006,분할매수,59,2010-11-30,45.49174880981445,1157.2,2.73,분할매수,0.0,0.0,0.0,1578.7235205765598,1000000.0,1000000.0,18.995859230715258,0.0,0.0,1559.7276613458446,82108823.94958216,82108823.94958216
2006,분할매수,60,2010-12-31,47.65583801269531,1130.6,2.8,분할매수,0.0,0.0,0.0,1559.7276613458446,1000000.0,1000000.0,18.559869062262504,0.0,0.0,1541.167792283582,83037643.59077376,83037643.59077376
2006,분할매수,61,2011-01-31,49.00342559814453,1119.1,2.93,분할매수,0.0,0.0,0.0,1541.167792283582,1000000.0,1000000.0,18.23495364753519,0.0,0.0,1522.9328386360469,83517231.1415171,83517231.1415171
2006,분할매수,62,2011-02-28,50.55229187011719,1123.7,3.13,분할매수,0.0,0.0,0.0,1522.9328386360469,1000000.0,1000000.0,17.603894992206044,0.0,0.0,1505.3289436438408,85511129.45801546,85511129.45801546
2006,분할매수,63,2011-03-31,50.32568359375,1097.25,3.35,분할매수,0.0,0.0,0.0,1505.3289436438408,1000000.0,1000000.0,18.109427778049056,0.0,0.0,1487.2195158657917,82124047.98723081,82124047.98723081
2006,분할매수,64,2011-04-30,51.771575927734375,1068.4,3.4,분할매수,0.0,0.0,0.0,1487.2195158657917,1000000.0,1000000.0,18.07901376956591,0.0,0.0,1469.1405020962256,81262203.83599502,81262203.83599502
2006,분할매수,65,2011-05-31,51.1406364440918,1078.0,3.46,분할매수,0.0,0.0,0.0,1469.1405020962256,1000000.0,1000000.0,18.139073920223204,0.0,0.0,1451.0014281760025,79993137.16662705,79993137.16662705
2006,분할매수,66,2011-06-30,50.10478973388672,1066.3,3.53,분할매수,0.0,0.0,0.0,1451.0014281760025,1000000.0,1000000.0,18.717220078615295,0.0,0.0,1432.2842080973871,76522272.11528027,76522272.11528027
2006,분할매수,67,2011-07-31,50.93914031982422,1054.0,3.59,분할매수,0.0,0.0,0.0,1432.2842080973871,1000000.0,1000000.0,18.62549303852943,0.0,0.0,1413.6587150588578,75899129.87186474,75899129.87186474
2006,분할매수,68,2011-08-31,48.35704040527344,1063.9,3.59,분할매수,0.0,0.0,0.0,1413.6587150588578,1000000.0,1000000.0,19.43745845934499,0.0,0.0,1394.2212565995128,71728578.07082334,71728578.07082334
2006,분할매수,69,2011-09-30,46.18540954589844,1180.9,3.58,분할매수,0.0,0.0,0.0,1394.2212565995128,1000000.0,1000000.0,18.335049143725616,0.0,0.0,1375.8862074557871,75041315.49746215,75041315.49746215
2006,분할매수,70,2011-10-31,50.989601135253906,1112.05,3.58,분할매수,0.0,0.0,0.0,1375.8862074557871,1000000.0,1000000.0,17.635755566995662,0.0,0.0,1358.2504518887915,77016856.27978887,77016856.27978887
2006,분할매수,71,2011-11-30,49.61699295043945,1140.05,3.56,분할매수,0.0,0.0,0.0,1358.2504518887915,1000000.0,1000000.0,17.678510095185096,0.0,0.0,1340.5719417936064,75830595.1449338,75830595.1449338
2006,분할매수,72,2011-12-31,49.31224060058594,1158.5,3.55,분할매수,0.0,0.0,0.0,1340.5719417936064,1000000.0,1000000.0,17.50448048400194,0.0,0.0,1323.0674613096044,75584503.20869617,75584503.20869617
2006,분할매수,73,2012-01-31,53.46356201171875,1125.7,3.55,분할매수,0.0,0.0,0.0,1323.0674613096044,1000000.0,1000000.0,16.615730657883987,0.0,0.0,1306.4517306517205,78627401.80082439,78627401.80082439
2006,분할매수,74,2012-02-29,56.89059066772461,1117.1,3.53,분할매수,0.0,0.0,0.0,1306.4517306517205,1000000.0,1000000.0,15.735027466003562,0.0,0.0,1290.7167031857168,82028245.96108173,82028245.96108173
2006,분할매수,75,2012-03-31,59.765281677246094,1131.4,3.54,분할매수,0.0,0.0,0.0,1290.7167031857168,1000000.0,1000000.0,14.78886535373972,0.0,0.0,1275.927837831977,86276249.55076951,86276249.55076951
2006,분할매수,76,2012-04-30,59.06635665893555,1130.05,3.54,분할매수,0.0,0.0,0.0,1275.927837831977,1000000.0,1000000.0,14.981736586878165,0.0,0.0,1260.9461012450988,84165550.09714329,84165550.09714329
2006,분할매수,77,2012-05-31,54.90799331665039,1180.0,3.54,분할매수,0.0,0.0,0.0,1260.9461012450988,1000000.0,1000000.0,15.434139474582832,0.0,0.0,1245.5119617705159,80698503.71779026,80698503.71779026
2006,분할매수,78,2012-06-30,56.89645004272461,1141.17,3.54,분할매수,0.0,0.0,0.0,1245.5119617705159,1000000.0,1000000.0,15.401551903695259,0.0,0.0,1230.1104098668206,79869250.68062027,79869250.68062027
2006,분할매수,79,2012-07-31,57.463993072509766,1130.27,3.34,분할매수,0.0,0.0,0.0,1230.1104098668206,1000000.0,1000000.0,15.396499717706176,0.0,0.0,1214.7139101491146,78895458.8653795,78895458.8653795
2006,분할매수,80,2012-08-31,60.44361114501953,1133.2,3.19,분할매수,0.0,0.0,0.0,1214.7139101491146,1000000.0,1000000.0,14.59966972359645,0.0,0.0,1200.1142404255181,82201465.04313418,82201465.04313418
2006,분할매수,81,2012-09-30,60.98059844970703,1111.21,3.14,분할매수,0.0,0.0,0.0,1200.1142404255181,1000000.0,1000000.0,14.757479100020031,0.0,0.0,1185.3567613254982,80322442.15232457,80322442.15232457
2006,분할매수,82,2012-10-31,57.76125717163086,1090.17,2.93,분할매수,0.0,0.0,0.0,1185.3567613254982,1000000.0,1000000.0,15.88068152063766,0.0,0.0,1169.4760798048605,73641428.94529267,73641428.94529267
2006,분할매수,83,2012-11-30,58.51719284057617,1081.75,2.85,분할매수,0.0,0.0,0.0,1169.4760798048605,1000000.0,1000000.0,15.797545392979005,0.0,0.0,1153.6785344118816,73028974.16738032,73028974.16738032
2006,분할매수,84,2012-12-31,58.24394989013672,1063.24,2.88,분할매수,0.0,0.0,0.0,1153.6785344118816,1000000.0,1000000.0,16.147967760636632,0.0,0.0,1137.530566651245,70444193.56745099,70444193.56745099
2006,분할매수,85,2013-01-31,59.799983978271484,1087.46,2.86,분할매수,0.0,0.0,0.0,1137.530566651245,1000000.0,1000000.0,15.377496650043287,0.0,0.0,1122.1530700012017,72973715.78344925,72973715.78344925
2006,분할매수,86,2013-02-28,60.00566482543945,1083.9,2.83,분할매수,0.0,0.0,0.0,1122.1530700012017,1000000.0,1000000.0,15.37512063160488,0.0,0.0,1106.7779493695969,71984992.89134161,71984992.89134161
2006,분할매수,87,2013-03-31,61.82071304321289,1112.48,2.81,분할매수,0.0,0.0,0.0,1106.7779493695969,1000000.0,1000000.0,14.540313757500314,0.0,0.0,1092.2376356120965,75117886.30067825,75117886.30067825
2006,분할매수,88,2013-04-30,63.38931655883789,1101.52,2.8,분할매수,0.0,0.0,0.0,1092.2376356120965,1000000.0,1000000.0,14.321600128683558,0.0,0.0,1077.916035483413,75265055.98522776,75265055.98522776
2006,분할매수,89,2013-05-31,65.65702056884766,1129.34,2.72,분할매수,0.0,0.0,0.0,1077.916035483413,1000000.0,1000000.0,13.486340431241372,0.0,0.0,1064.4296950521716,78926503.4854377,78926503.4854377
2006,분할매수,90,2013-06-30,64.0843734741211,1141.45,2.69,분할매수,0.0,0.0,0.0,1064.4296950521716,1000000.0,1000000.0,13.670706669520868,0.0,0.0,1050.7589883826508,76862082.83038801,76862082.83038801
2006,분할매수,91,2013-07-31,68.13068389892578,1122.66,2.68,분할매수,0.0,0.0,0.0,1050.7589883826508,1000000.0,1000000.0,13.074015707868398,0.0,0.0,1037.6849726747823,79370026.46021508,79370026.46021508
2006,분할매수,92,2013-08-31,67.86092376708984,1109.42,2.66,분할매수,0.0,0.0,0.0,1037.6849726747823,1000000.0,1000000.0,13.282635100978247,0.0,0.0,1024.402337573804,77123426.92440285,77123426.92440285
2006,분할매수,93,2013-09-30,71.14009857177734,1073.33,2.66,분할매수,0.0,0.0,0.0,1024.402337573804,1000000.0,1000000.0,13.096410192760567,0.0,0.0,1011.3059273810435,77220086.45850702,77220086.45850702
2006,분할매수,94,2013-10-31,74.66643524169922,1060.83,2.66,분할매수,0.0,0.0,0.0,1011.3059273810435,1000000.0,1000000.0,12.624924496256153,0.0,0.0,998.6810028847873,79103918.85360901,79103918.85360901
2006,분할매수,95,2013-11-30,77.3179702758789,1057.76,2.65,분할매수,0.0,0.0,0.0,998.6810028847873,1000000.0,1000000.0,12.227352022598394,0.0,0.0,986.4536508621889,80675983.56856345,80675983.56856345
2006,분할매수,96,2013-12-31,79.58113098144531,1055.25,2.65,분할매수,0.0,0.0,0.0,986.4536508621889,1000000.0,1000000.0,11.907882270590774,0.0,0.0,974.5457685915981,81840393.31648925,81840393.31648925
2006,분할매수,97,2014-01-31,78.05211639404297,1080.36,2.65,분할매수,0.0,0.0,0.0,974.5457685915981,1000000.0,1000000.0,11.858965900732937,0.0,0.0,962.6868026908651,81177972.07186227,81177972.07186227
2006,분할매수,98,2014-02-28,82.07371520996094,1066.01,2.65,분할매수,0.0,0.0,0.0,962.6868026908651,1000000.0,1000000.0,11.429694653928948,0.0,0.0,951.2571080369362,83226817.23697163,83226817.23697163
2006,분할매수,99,2014-03-31,79.83013153076172,1064.65,2.65,분할매수,0.0,0.0,0.0,951.2571080369362,1000000.0,1000000.0,11.765930987876633,0.0,0.0,939.4911770490595,79848435.11466211,79848435.11466211
2006,분할매수,100,2014-04-30,79.5751953125,1032.85,2.65,분할매수,0.0,0.0,0.0,939.4911770490595,1000000.0,1000000.0,12.167042719678147,0.0,0.0,927.3241343293813,76216066.27792883,76216066.27792883
2006,분할매수,101,2014-05-31,83.1446304321289,1020.3,2.65,분할매수,0.0,0.0,0.0,927.3241343293813,1000000.0,1000000.0,11.787939713226674,0.0,0.0,915.5361946161546,77667193.49513435,77667193.49513435
2006,분할매수,102,2014-06-30,85.74197387695312,1011.6,2.65,분할매수,0.0,0.0,0.0,915.5361946161546,1000000.0,1000000.0,11.52916095005458,0.0,0.0,904.0070336661,78410479.09577672,78410479.09577672
2006,분할매수,103,2014-07-31,86.75536346435547,1027.75,2.65,분할매수,0.0,0.0,0.0,904.0070336661,1000000.0,1000000.0,11.215436503246469,0.0,0.0,892.7915971628536,79603820.76118235,79603820.76118235
2006,분할매수,104,2014-08-31,91.10137939453125,1013.85,2.52,분할매수,0.0,0.0,0.0,892.7915971628536,1000000.0,1000000.0,10.826830599129158,0.0,0.0,881.9647665637244,81461029.47566798,81461029.47566798
2006,분할매수,105,2014-09-30,90.41202545166016,1054.55,2.35,분할매수,0.0,0.0,0.0,881.9647665637244,1000000.0,1000000.0,10.488336810877342,0.0,0.0,871.476429752847,83090049.97332352,83090049.97332352
2006,분할매수,106,2014-10-31,92.80072021484375,1073.07,2.21,분할매수,0.0,0.0,0.0,871.476429752847,1000000.0,1000000.0,10.042008852023338,0.0,0.0,861.4344209008237,85783077.2303348,85783077.2303348
2006,분할매수,107,2014-11-30,97.01976013183594,1112.06,2.14,분할매수,0.0,0.0,0.0,861.4344209008237,1000000.0,1000000.0,9.26854544478773,0.0,0.0,852.165875456036,91941705.47388977,91941705.47388977
2006,분할매수,108,2014-12-31,94.84591674804688,1090.89,2.13,분할매수,0.0,0.0,0.0,852.165875456036,1000000.0,1000000.0,9.664967560482188,0.0,0.0,842.5009078955538,87170588.27391668,87170588.27391668
2006,분할매수,109,2015-01-31,92.87090301513672,1104.3,2.13,분할매수,0.0,0.0,0.0,842.5009078955538,1000000.0,1000000.0,9.750643079811809,0.0,0.0,832.7502648157421,85404650.5445274,85404650.5445274
2006,분할매수,110,2015-02-28,99.57671356201172,1100.65,2.12,분할매수,0.0,0.0,0.0,832.7502648157421,1000000.0,1000000.0,9.124161701575952,0.0,0.0,823.6261031141661,90268687.69455358,90268687.69455358
2006,분할매수,111,2015-03-31,97.22772979736328,1107.71,1.95,분할매수,0.0,0.0,0.0,823.6261031141661,1000000.0,1000000.0,9.28503998316416,0.0,0.0,814.3410631310019,87704637.20216425,87704637.20216425
2006,분할매수,112,2015-04-30,99.09678649902344,1076.74,1.81,분할매수,0.0,0.0,0.0,814.3410631310019,1000000.0,1000000.0,9.37194176890605,0.0,0.0,804.9691213620958,85891391.68926536,85891391.68926536
2006,분할매수,113,2015-05-31,101.32492065429688,1111.99,1.8,분할매수,0.0,0.0,0.0,804.9691213620958,1000000.0,1000000.0,8.875295996885576,0.0,0.0,796.0938253652103,89697721.14018135,89697721.14018135
2006,분할매수,114,2015-06-30,98.80795288085938,1117.34,1.7,분할매수,0.0,0.0,0.0,796.0938253652103,1000000.0,1000000.0,9.057800518471668,0.0,0.0,787.0360248467385,86890412.66052699,86890412.66052699
2006,분할매수,115,2015-07-31,103.31137084960938,1159.7,1.65,분할매수,0.0,0.0,0.0,787.0360248467385,1000000.0,1000000.0,8.34653499387769,0.0,0.0,778.6894898528609,93294941.00534432,93294941.00534432
2006,분할매수,116,2015-08-31,96.26093292236328,1182.54,1.64,분할매수,0.0,0.0,0.0,778.6894898528609,1000000.0,1000000.0,8.784844808827106,0.0,0.0,769.9046450440338,87640096.3020343,87640096.3020343
2006,분할매수,117,2015-09-30,94.13616943359375,1184.62,1.6,분할매수,0.0,0.0,0.0,769.9046450440338,1000000.0,1000000.0,8.96735612176437,0.0,0.0,760.9372889222694,84856369.99242441,84856369.99242441
2006,분할매수,118,2015-10-31,104.83930969238281,1140.5,1.58,분할매수,0.0,0.0,0.0,760.9372889222694,1000000.0,1000000.0,8.363355500274835,0.0,0.0,752.5739334219946,89984687.77242145,89984687.77242145
2006,분할매수,119,2015-11-30,105.47760772705078,1149.39,1.59,분할매수,0.0,0.0,0.0,752.5739334219946,1000000.0,1000000.0,8.248449396685212,0.0,0.0,744.3254840253094,90238231.23948969,90238231.23948969
2006,분할매수,120,2015-12-31,103.79549407958984,1169.26,1.67,분할매수,0.0,0.0,0.0,744.3254840253094,1000000.0,1000000.0,8.23968115797513,0.0,0.0,736.0858028673342,89334258.05619699,89334258.05619699
2007,일시매수,0,2006-12-31,36.9703369140625,930.0,4.76,전액매수,100000000.0,0.0,100000000.0,0.0,0.0,0.0,0.0,100000000.0,0.0,2908.4636683289145,100000000.0,100000000.0
2007,일시매수,1,2007-01-31,37.74984359741211,941.0,4.92,전액매수,0.0,0.0,0.0,2908.4636683289145,1000000.0,1000000.0,28.151090305003876,0.0,0.0,2880.3125780239106,102316199.72146986,102316199.72146986
2007,일시매수,2,2007-02-28,37.11598205566406,942.3,4.95,전액매수,0.0,0.0,0.0,2880.3125780239106,1000000.0,1000000.0,28.592350091454698,0.0,0.0,2851.720227932456,99737175.11191009,99737175.11191009
2007,일시매수,3,2007-03-31,37.31077194213867,941.1,4.94,전액매수,0.0,0.0,0.0,2851.720227932456,1000000.0,1000000.0,28.47934469936947,0.0,0.0,2823.2408832330866,99132929.95451519,99132929.95451519
2007,일시매수,4,2007-04-30,39.39360046386719,931.0,4.95,전액매수,0.0,0.0,0.0,2823.2408832330866,1000000.0,1000000.0,27.266201703343867,0.0,0.0,2795.9746815297426,102543607.35499328,102543607.35499328
2007,일시매수,5,2007-05-31,40.63642120361328,927.4,5.04,전액매수,0.0,0.0,0.0,2795.9746815297426,1000000.0,1000000.0,26.53489999691489,0.0,0.0,2769.4397815328275,104369708.6423849,104369708.6423849
2007,일시매수,6,2007-06-30,40.831180572509766,922.6,5.03,전액매수,0.0,0.0,0.0,2769.4397815328275,1000000.0,1000000.0,26.54572632231483,0.0,0.0,2742.8940552105128,103327142.82919377,103327142.82919377
2007,일시매수,7,2007-07-31,40.77112579345703,919.0,5.05,전액매수,0.0,0.0,0.0,2742.8940552105128,1000000.0,1000000.0,26.688968250238975,0.0,0.0,2716.205086960274,101772577.39950112,101772577.39950112
2007,일시매수,8,2007-08-31,41.92060089111328,938.1,5.21,전액매수,0.0,0.0,0.0,2716.205086960274,1000000.0,1000000.0,25.428653549028745,0.0,0.0,2690.7764334112453,105816709.02170204,105816709.02170204
2007,일시매수,9,2007-09-30,44.12232208251953,913.6,5.34,전액매수,0.0,0.0,0.0,2690.7764334112453,1000000.0,1000000.0,24.807645575612085,0.0,0.0,2665.968787835633,107465610.94280125,107465610.94280125
2007,일시매수,10,2007-10-31,47.22917938232422,903.2,5.34,전액매수,0.0,0.0,0.0,2665.968787835633,1000000.0,1000000.0,23.442594285559412,0.0,0.0,2642.5261935500735,112723283.15547669,112723283.15547669
2007,일시매수,11,2007-11-30,44.03649139404297,920.9,5.43,전액매수,0.0,0.0,0.0,2642.5261935500735,1000000.0,1000000.0,24.65896349881572,0.0,0.0,2617.8672300512576,106162906.24611957,106162906.24611957
2007,일시매수,12,2007-12-31,44.00508117675781,935.8,5.73,전액매수,0.0,0.0,0.0,2617.8672300512576,1000000.0,1000000.0,24.283659388283194,0.0,0.0,2593.5835706629746,106803654.63840973,106803654.63840973
2007,일시매수,13,2008-01-31,38.77293395996094,943.4,5.81,전액매수,0.0,0.0,0.0,2593.5835706629746,1000000.0,1000000.0,27.338549130988383,0.0,0.0,2566.2450215319864,93869100.70597473,93869100.70597473
2007,일시매수,14,2008-02-29,36.90000534057617,942.8,5.28,전액매수,0.0,0.0,0.0,2566.2450215319864,1000000.0,1000000.0,28.74444959743276,0.0,0.0,2537.5005719345536,88277932.17377119,88277932.17377119
2007,일시매수,15,2008-03-31,37.59089660644531,988.6,5.25,전액매수,0.0,0.0,0.0,2537.5005719345536,1000000.0,1000000.0,26.908947376767987,0.0,0.0,2510.5916245577855,93299510.73171003,93299510.73171003
2007,일시매수,16,2008-04-30,40.59162139892578,1005.0,5.38,전액매수,0.0,0.0,0.0,2510.5916245577855,1000000.0,1000000.0,24.51306061029193,0.0,0.0,2486.0785639474934,101418529.63492046,101418529.63492046
2007,일시매수,17,2008-05-31,42.999122619628906,1028.5,5.36,전액매수,0.0,0.0,0.0,2486.0785639474934,1000000.0,1000000.0,22.611850733423392,0.0,0.0,2463.46671321407,108945824.12808566,108945824.12808566
2007,일시매수,18,2008-06-30,38.86471176147461,1046.8,5.36,전액매수,0.0,0.0,0.0,2463.46671321407,1000000.0,1000000.0,24.579940932347363,0.0,0.0,2438.8867722817226,99222645.7742269,99222645.7742269
2007,일시매수,19,2008-07-31,39.11422348022461,1011.5,5.52,전액매수,0.0,0.0,0.0,2438.8867722817226,1000000.0,1000000.0,25.27547931294216,0.0,0.0,2413.6112929687806,95492206.61991188,95492206.61991188
2007,일시매수,20,2008-08-31,39.682106018066406,1089.0,5.77,전액매수,0.0,0.0,0.0,2413.6112929687806,1000000.0,1000000.0,23.14074875784825,0.0,0.0,2390.4705442109325,103301348.16403456,103301348.16403456
2007,일시매수,21,2008-09-30,33.501121520996094,1206.3,5.79,전액매수,0.0,0.0,0.0,2390.4705442109325,1000000.0,1000000.0,24.744878514219888,0.0,0.0,2365.7256656967124,95604658.73118855,95604658.73118855
2007,일시매수,22,2008-10-31,28.31795310974121,1277.5,6.03,전액매수,0.0,0.0,0.0,2365.7256656967124,1000000.0,1000000.0,27.64249456650786,0.0,0.0,2338.0831711302044,84582929.57261056,84582929.57261056
2007,일시매수,23,2008-11-30,25.072021484375,1468.0,5.62,전액매수,0.0,0.0,0.0,2338.0831711302044,1000000.0,1000000.0,27.169684363355792,0.0,0.0,2310.9134867668486,85054852.16028555,85054852.16028555
2007,일시매수,24,2008-12-31,25.643007278442383,1262.0,4.68,전액매수,0.0,0.0,0.0,2310.9134867668486,1000000.0,1000000.0,30.90093990682261,0.0,0.0,2280.012546860026,73784569.45759836,73784569.45759836
2007,일시매수,25,2009-01-31,25.056692123413086,1380.0,3.22,전액매수,0.0,0.0,0.0,2280.012546860026,1000000.0,1000000.0,28.91992596589857,0.0,0.0,2251.0926208941273,77838809.94538306,77838809.94538306
2007,일시매수,26,2009-02-28,23.737457275390625,1532.8,2.7,전액매수,0.0,0.0,0.0,2251.0926208941273,1000000.0,1000000.0,27.48402356260093,0.0,0.0,2223.608597331526,80905497.4162268,80905497.4162268
2007,일시매수,27,2009-03-31,26.18634796142578,1372.3,2.45,전액매수,0.0,0.0,0.0,2223.608597331526,1000000.0,1000000.0,27.82761602742671,0.0,0.0,2195.7809813040994,78906543.02330291,78906543.02330291
2007,일시매수,28,2009-04-30,29.606460571289062,1277.0,2.42,전액매수,0.0,0.0,0.0,2195.7809813040994,1000000.0,1000000.0,26.449813358076177,0.0,0.0,2169.3311679460235,82016879.98995428,82016879.98995428
2007,일시매수,29,2009-05-31,30.55649757385254,1249.0,2.41,전액매수,0.0,0.0,0.0,2169.3311679460235,1000000.0,1000000.0,26.20197260745757,0.0,0.0,2143.1291953385658,81792666.05021146,81792666.05021146
2007,일시매수,30,2009-06-30,31.458803176879883,1273.5,2.41,전액매수,0.0,0.0,0.0,2143.1291953385658,1000000.0,1000000.0,24.96082034459719,0.0,0.0,2118.1683749939684,84859725.99263747,84859725.99263747
2007,일시매수,31,2009-07-31,34.113521575927734,1222.2,2.41,전액매수,0.0,0.0,0.0,2118.1683749939684,1000000.0,1000000.0,23.984527445056163,0.0,0.0,2094.183847548912,87313950.7270375,87313950.7270375
2007,일시매수,32,2009-08-31,34.61505126953125,1248.0,2.48,전액매수,0.0,0.0,0.0,2094.183847548912,1000000.0,1000000.0,23.148371066760582,0.0,0.0,2071.0354764821514,89467871.00091079,89467871.00091079
2007,일시매수,33,2009-09-30,36.570106506347656,1175.0,2.64,전액매수,0.0,0.0,0.0,2071.0354764821514,1000000.0,1000000.0,23.272117887857686,0.0,0.0,2047.7633585942938,87992135.84521769,87992135.84521769
2007,일시매수,34,2009-10-31,35.45353317260742,1182.0,2.79,전액매수,0.0,0.0,0.0,2047.7633585942938,1000000.0,1000000.0,23.86288792556643,0.0,0.0,2023.9004706687274,84813727.36534303,84813727.36534303
2007,일시매수,35,2009-11-30,37.70399475097656,1164.4,2.79,전액매수,0.0,0.0,0.0,2023.9004706687274,1000000.0,1000000.0,22.77772980522746,0.0,0.0,2001.1227408635,87854354.14218694,87854354.14218694
2007,일시매수,36,2009-12-31,39.66565704345703,1163.65,2.82,전액매수,0.0,0.0,0.0,2001.1227408635,1000000.0,1000000.0,21.66521352150372,0.0,0.0,1979.4575273419962,91365705.9219515,91365705.9219515
2007,일시매수,37,2010-01-31,37.09931945800781,1158.7,2.88,전액매수,0.0,0.0,0.0,1979.4575273419962,1000000.0,1000000.0,23.262856942484163,0.0,0.0,1956.194670399512,84090904.02077745,84090904.02077745
2007,일시매수,38,2010-02-28,38.807308197021484,1159.0,2.88,전액매수,0.0,0.0,0.0,1956.194670399512,1000000.0,1000000.0,22.233254758319276,0.0,0.0,1933.9614156411926,86985078.7329075,86985078.7329075
2007,일시매수,39,2010-03-31,41.799720764160156,1131.2,2.83,전액매수,0.0,0.0,0.0,1933.9614156411926,1000000.0,1000000.0,21.14887269495485,0.0,0.0,1912.8125429462377,90445130.12755272,90445130.12755272
2007,일시매수,40,2010-04-30,42.73708724975586,1108.0,2.51,전액매수,0.0,0.0,0.0,1912.8125429462377,1000000.0,1000000.0,21.118123248266766,0.0,0.0,1891.694419697971,89576824.48667538,89576824.48667538
2007,일시매수,41,2010-05-31,39.57780075073242,1194.5,2.45,전액매수,0.0,0.0,0.0,1891.694419697971,1000000.0,1000000.0,21.152523593762744,0.0,0.0,1870.5418961042083,88431145.71236199,88431145.71236199
2007,일시매수,42,2010-06-30,37.212772369384766,1220.85,2.45,전액매수,0.0,0.0,0.0,1870.5418961042083,1000000.0,1000000.0,22.011298636484625,0.0,0.0,1848.5305974677237,83980987.58260944,83980987.58260944
2007,일시매수,43,2010-07-31,39.91376495361328,1182.0,2.58,전액매수,0.0,0.0,0.0,1848.5305974677237,1000000.0,1000000.0,21.19628879025842,0.0,0.0,1827.3343086774653,86210106.24828285,86210106.24828285
2007,일시매수,44,2010-08-31,37.86624526977539,1198.0,2.63,전액매수,0.0,0.0,0.0,1827.3343086774653,1000000.0,1000000.0,22.044027205617205,0.0,0.0,1805.2902814718482,81894758.36846313,81894758.36846313
2007,일시매수,45,2010-09-30,42.85429382324219,1140.1,2.66,전액매수,0.0,0.0,0.0,1805.2902814718482,1000000.0,1000000.0,20.467401611380872,0.0,0.0,1784.8228798604673,87203198.22463535,87203198.22463535
2007,일시매수,46,2010-10-31,45.57033157348633,1124.0,2.66,전액매수,0.0,0.0,0.0,1784.8228798604673,1000000.0,1000000.0,19.523222337493884,0.0,0.0,1765.2996575229733,90420506.76914933,90420506.76914933
2007,일시매수,47,2010-11-30,45.49174880981445,1157.2,2.73,전액매수,0.0,0.0,0.0,1765.2996575229733,1000000.0,1000000.0,18.995859230715258,0.0,0.0,1746.303798292258,91930761.177077,91930761.177077
2007,일시매수,48,2010-12-31,47.65583801269531,1130.6,2.8,전액매수,0.0,0.0,0.0,1746.303798292258,1000000.0,1000000.0,18.559869062262504,0.0,0.0,1727.7439292299955,93090308.09613797,93090308.09613797
2007,일시매수,49,2011-01-31,49.00342559814453,1119.1,2.93,전액매수,0.0,0.0,0.0,1727.7439292299955,1000000.0,1000000.0,18.23495364753519,0.0,0.0,1709.5089755824604,93749016.78532833,93749016.78532833
2007,일시매수,50,2011-02-28,50.55229187011719,1123.7,3.13,전액매수,0.0,0.0,0.0,1709.5089755824604,1000000.0,1000000.0,17.603894992206044,0.0,0.0,1691.9050805902543,96109700.79856358,96109700.79856358
2007,일시매수,51,2011-03-31,50.32568359375,1097.25,3.35,전액매수,0.0,0.0,0.0,1691.9050805902543,1000000.0,1000000.0,18.109427778049056,0.0,0.0,1673.7956528122052,92426755.46275733,92426755.46275733
2007,일시매수,52,2011-04-30,51.771575927734375,1068.4,3.4,전액매수,0.0,0.0,0.0,1673.7956528122052,1000000.0,1000000.0,18.07901376956591,0.0,0.0,1655.7166390426391,91582243.37601098,91582243.37601098
2007,일시매수,53,2011-05-31,51.1406364440918,1078.0,3.46,전액매수,0.0,0.0,0.0,1655.7166390426391,1000000.0,1000000.0,18.139073920223204,0.0,0.0,1637.577565122416,90279006.10166681,90279006.10166681
2007,일시매수,54,2011-06-30,50.10478973388672,1066.3,3.53,전액매수,0.0,0.0,0.0,1637.577565122416,1000000.0,1000000.0,18.717220078615295,0.0,0.0,1618.8603450438006,86490426.36910452,86490426.36910452
2007,일시매수,55,2011-07-31,50.93914031982422,1054.0,3.59,전액매수,0.0,0.0,0.0,1618.8603450438006,1000000.0,1000000.0,18.62549303852943,0.0,0.0,1600.2348520052713,85916375.40520202,85916375.40520202
2007,일시매수,56,2011-08-31,48.35704040527344,1063.9,3.59,전액매수,0.0,0.0,0.0,1600.2348520052713,1000000.0,1000000.0,19.43745845934499,0.0,0.0,1580.7973935459263,81327370.90357216,81327370.90357216
2007,일시매수,57,2011-09-30,46.18540954589844,1180.9,3.58,전액매수,0.0,0.0,0.0,1580.7973935459263,1000000.0,1000000.0,18.335049143725616,0.0,0.0,1562.4623444022006,85217243.33293574,85217243.33293574
2007,일시매수,58,2011-10-31,50.989601135253906,1112.05,3.58,전액매수,0.0,0.0,0.0,1562.4623444022006,1000000.0,1000000.0,17.635755566995662,0.0,0.0,1544.826588835205,87596280.35025968,87596280.35025968
2007,일시매수,59,2011-11-30,49.61699295043945,1140.05,3.56,전액매수,0.0,0.0,0.0,1544.826588835205,1000000.0,1000000.0,17.678510095185096,0.0,0.0,1527.1480787400199,86384433.44589047,86384433.44589047
2007,일시매수,60,2011-12-31,49.31224060058594,1158.5,3.55,전액매수,0.0,0.0,0.0,1527.1480787400199,1000000.0,1000000.0,17.50448048400194,0.0,0.0,1509.6435982560179,86243267.80996116,86243267.80996116
2007,일시매수,61,2012-01-31,53.46356201171875,1125.7,3.55,전액매수,0.0,0.0,0.0,1509.6435982560179,1000000.0,1000000.0,16.615730657883987,0.0,0.0,1493.027867598134,89856287.29421587,89856287.29421587
2007,일시매수,62,2012-02-29,56.89059066772461,1117.1,3.53,전액매수,0.0,0.0,0.0,1493.027867598134,1000000.0,1000000.0,15.735027466003562,0.0,0.0,1477.2928401321303,93885621.95546891,93885621.95546891
2007,일시매수,63,2012-03-31,59.765281677246094,1131.4,3.54,전액매수,0.0,0.0,0.0,1477.2928401321303,1000000.0,1000000.0,14.78886535373972,0.0,0.0,1462.5039747783906,98892236.81440589,98892236.81440589
2007,일시매수,64,2012-04-30,59.06635665893555,1130.05,3.54,전액매수,0.0,0.0,0.0,1462.5039747783906,1000000.0,1000000.0,14.981736586878165,0.0,0.0,1447.5222381915123,96619122.20905901,96619122.20905901
2007,일시매수,65,2012-05-31,54.90799331665039,1180.0,3.54,전액매수,0.0,0.0,0.0,1447.5222381915123,1000000.0,1000000.0,15.434139474582832,0.0,0.0,1432.0880987169294,92787038.8287804,92787038.8287804
2007,일시매수,66,2012-06-30,56.89645004272461,1141.17,3.54,전액매수,0.0,0.0,0.0,1432.0880987169294,1000000.0,1000000.0,15.401551903695259,0.0,0.0,1416.6865468132341,91983363.47347775,91983363.47347775
2007,일시매수,67,2012-07-31,57.463993072509766,1130.27,3.34,전액매수,0.0,0.0,0.0,1416.6865468132341,1000000.0,1000000.0,15.396499717706176,0.0,0.0,1401.290047095528,91013546.76634887,91013546.76634887
2007,일시매수,68,2012-08-31,60.44361114501953,1133.2,3.19,전액매수,0.0,0.0,0.0,1401.290047095528,1000000.0,1000000.0,14.59966972359645,0.0,0.0,1386.6903773719316,94980941.59833756,94980941.59833756
2007,일시매수,69,2012-09-30,60.98059844970703,1111.21,3.14,전액매수,0.0,0.0,0.0,1386.6903773719316,1000000.0,1000000.0,14.757479100020031,0.0,0.0,1371.9328982719117,92965261.1379981,92965261.1379981
2007,일시매수,70,2012-10-31,57.76125717163086,1090.17,2.93,전액매수,0.0,0.0,0.0,1371.9328982719117,1000000.0,1000000.0,15.88068152063766,0.0,0.0,1356.052216751274,85390051.7423653,85390051.7423653
2007,일시매수,71,2012-11-30,58.51719284057617,1081.75,2.85,전액매수,0.0,0.0,0.0,1356.052216751274,1000000.0,1000000.0,15.797545392979005,0.0,0.0,1340.2546713582951,84839425.24095878,84839425.24095878
2007,일시매수,72,2012-12-31,58.24394989013672,1063.24,2.88,전액매수,0.0,0.0,0.0,1340.2546713582951,1000000.0,1000000.0,16.147967760636632,0.0,0.0,1324.1067035976585,81998349.46570736,81998349.46570736
2007,일시매수,73,2013-01-31,59.799983978271484,1087.46,2.86,전액매수,0.0,0.0,0.0,1324.1067035976585,1000000.0,1000000.0,15.377496650043287,0.0,0.0,1308.7292069476152,85106778.86858334,85106778.86858334
2007,일시매수,74,2013-02-28,60.00566482543945,1083.9,2.83,전액매수,0.0,0.0,0.0,1308.7292069476152,1000000.0,1000000.0,15.37512063160488,0.0,0.0,1293.3540863160104,84119930.97845425,84119930.97845425
2007,일시매수,75,2013-03-31,61.82071304321289,1112.48,2.81,전액매수,0.0,0.0,0.0,1293.3540863160104,1000000.0,1000000.0,14.540313757500314,0.0,0.0,1278.81377255851,87949530.79323071,87949530.79323071
2007,일시매수,76,2013-04-30,63.38931655883789,1101.52,2.8,전액매수,0.0,0.0,0.0,1278.81377255851,1000000.0,1000000.0,14.321600128683558,0.0,0.0,1264.4921724298265,88292660.11255817,88292660.11255817
2007,일시매수,77,2013-05-31,65.65702056884766,1129.34,2.72,전액매수,0.0,0.0,0.0,1264.4921724298265,1000000.0,1000000.0,13.486340431241372,0.0,0.0,1251.005831998585,92760956.04858124,92760956.04858124
2007,일시매수,78,2013-06-30,64.0843734741211,1141.45,2.69,전액매수,0.0,0.0,0.0,1251.005831998585,1000000.0,1000000.0,13.670706669520868,0.0,0.0,1237.3351253290643,90509960.8411414,90509960.8411414
2007,일시매수,79,2013-07-31,68.13068389892578,1122.66,2.68,전액매수,0.0,0.0,0.0,1237.3351253290643,1000000.0,1000000.0,13.074015707868398,0.0,0.0,1224.2611096211958,93640786.19581227,93640786.19581227
2007,일시매수,80,2013-08-31,67.86092376708984,1109.42,2.66,전액매수,0.0,0.0,0.0,1224.2611096211958,1000000.0,1000000.0,13.282635100978247,0.0,0.0,1210.9784745202176,91170047.60832666,91170047.60832666
2007,일시매수,81,2013-09-30,71.14009857177734,1073.33,2.66,전액매수,0.0,0.0,0.0,1210.9784745202176,1000000.0,1000000.0,13.096410192760567,0.0,0.0,1197.882064327457,91466443.60525773,91466443.60525773
2007,일시매수,82,2013-10-31,74.66643524169922,1060.83,2.66,전액매수,0.0,0.0,0.0,1197.882064327457,1000000.0,1000000.0,12.624924496256153,0.0,0.0,1185.257139831201,93882315.11267114,93882315.11267114
2007,일시매수,83,2013-11-30,77.3179702758789,1057.76,2.65,전액매수,0.0,0.0,0.0,1185.257139831201,1000000.0,1000000.0,12.227352022598394,0.0,0.0,1173.0297878086026,95934899.53021947,95934899.53021947
2007,일시매수,84,2013-12-31,79.58113098144531,1055.25,2.65,전액매수,0.0,0.0,0.0,1173.0297878086026,1000000.0,1000000.0,11.907882270590774,0.0,0.0,1161.1219055380118,97508681.99341093,97508681.99341093
2007,일시매수,85,2014-01-31,78.05211639404297,1080.36,2.65,전액매수,0.0,0.0,0.0,1161.1219055380118,1000000.0,1000000.0,11.858965900732937,0.0,0.0,1149.2629396372788,96910889.97618666,96910889.97618666
2007,일시매수,86,2014-02-28,82.07371520996094,1066.01,2.65,전액매수,0.0,0.0,0.0,1149.2629396372788,1000000.0,1000000.0,11.429694653928948,0.0,0.0,1137.83324498335,99550624.87974872,99550624.87974872
2007,일시매수,87,2014-03-31,79.83013153076172,1064.65,2.65,전액매수,0.0,0.0,0.0,1137.83324498335,1000000.0,1000000.0,11.765930987876633,0.0,0.0,1126.0673139954733,95705755.4693929,95705755.4693929
2007,일시매수,88,2014-04-30,79.5751953125,1032.85,2.65,전액매수,0.0,0.0,0.0,1126.0673139954733,1000000.0,1000000.0,12.167042719678147,0.0,0.0,1113.9002712757951,91550617.26497011,91550617.26497011
2007,일시매수,89,2014-05-31,83.1446304321289,1020.3,2.65,전액매수,0.0,0.0,0.0,1113.9002712757951,1000000.0,1000000.0,11.787939713226674,0.0,0.0,1102.1123315625684,93494907.36926165,93494907.36926165
2007,일시매수,90,2014-06-30,85.74197387695312,1011.6,2.65,전액매수,0.0,0.0,0.0,1102.1123315625684,1000000.0,1000000.0,11.52916095005458,0.0,0.0,1090.5831706125139,94593455.26851639,94593455.26851639
2007,일시매수,91,2014-07-31,86.75536346435547,1027.75,2.65,전액매수,0.0,0.0,0.0,1090.5831706125139,1000000.0,1000000.0,11.215436503246469,0.0,0.0,1079.3677341092673,96239476.17168792,96239476.17168792
2007,일시매수,92,2014-08-31,91.10137939453125,1013.85,2.52,전액매수,0.0,0.0,0.0,1079.3677341092673,1000000.0,1000000.0,10.826830599129158,0.0,0.0,1068.5409035101382,98693786.12020445,98693786.12020445
2007,일시매수,93,2014-09-30,90.41202545166016,1054.55,2.35,전액매수,0.0,0.0,0.0,1068.5409035101382,1000000.0,1000000.0,10.488336810877342,0.0,0.0,1058.0525666992608,100878965.44302101,100878965.44302101
2007,일시매수,94,2014-10-31,92.80072021484375,1073.07,2.21,전액매수,0.0,0.0,0.0,1058.0525666992608,1000000.0,1000000.0,10.042008852023338,0.0,0.0,1048.0105578472374,104362640.31335486,104362640.31335486
2007,일시매수,95,2014-11-30,97.01976013183594,1112.06,2.14,전액매수,0.0,0.0,0.0,1048.0105578472374,1000000.0,1000000.0,9.26854544478773,0.0,0.0,1038.7420124024495,112071739.6909995,112071739.6909995
2007,일시매수,96,2014-12-31,94.84591674804688,1090.89,2.13,전액매수,0.0,0.0,0.0,1038.7420124024495,1000000.0,1000000.0,9.664967560482188,0.0,0.0,1029.0770448419673,106474961.08001696,106474961.08001696
2007,일시매수,97,2015-01-31,92.87090301513672,1104.3,2.13,전액매수,0.0,0.0,0.0,1029.0770448419673,1000000.0,1000000.0,9.750643079811809,0.0,0.0,1019.3264017621556,104539402.52131851,104539402.52131851
2007,일시매수,98,2015-02-28,99.57671356201172,1100.65,2.12,전액매수,0.0,0.0,0.0,1019.3264017621556,1000000.0,1000000.0,9.124161701575952,0.0,0.0,1010.2022400605796,110717266.21045026,110717266.21045026
2007,일시매수,99,2015-03-31,97.22772979736328,1107.71,1.95,전액매수,0.0,0.0,0.0,1010.2022400605796,1000000.0,1000000.0,9.28503998316416,0.0,0.0,1000.9172000774154,107798911.14010285,107798911.14010285
2007,일시매수,100,2015-04-30,99.09678649902344,1076.74,1.81,전액매수,0.0,0.0,0.0,1000.9172000774154,1000000.0,1000000.0,9.37194176890605,0.0,0.0,991.5452583085093,105799340.49507529,105799340.49507529
2007,일시매수,101,2015-05-31,101.32492065429688,1111.99,1.8,전액매수,0.0,0.0,0.0,991.5452583085093,1000000.0,1000000.0,8.875295996885576,0.0,0.0,982.6699623116237,110719683.33861221,110719683.33861221
2007,일시매수,102,2015-06-30,98.80795288085938,1117.34,1.7,전액매수,0.0,0.0,0.0,982.6699623116237,1000000.0,1000000.0,9.057800518471668,0.0,0.0,973.612161793152,107488805.89803833,107488805.89803833
2007,일시매수,103,2015-07-31,103.31137084960938,1159.7,1.65,전액매수,0.0,0.0,0.0,973.612161793152,1000000.0,1000000.0,8.34653499387769,0.0,0.0,965.2656267992744,115648664.68628137,115648664.68628137
2007,일시매수,104,2015-08-31,96.26093292236328,1182.54,1.64,전액매수,0.0,0.0,0.0,965.2656267992744,1000000.0,1000000.0,8.784844808827106,0.0,0.0,956.4807819904473,108878506.42840785,108878506.42840785
2007,일시매수,105,2015-09-30,94.13616943359375,1184.62,1.6,전액매수,0.0,0.0,0.0,956.4807819904473,1000000.0,1000000.0,8.96735612176437,0.0,0.0,947.5134258686829,105662517.80377105,105662517.80377105
2007,일시매수,106,2015-10-31,104.83930969238281,1140.5,1.58,전액매수,0.0,0.0,0.0,947.5134258686829,1000000.0,1000000.0,8.363355500274835,0.0,0.0,939.1500703684081,112293453.30801086,112293453.30801086
2007,일시매수,107,2015-11-30,105.47760772705078,1149.39,1.59,전액매수,0.0,0.0,0.0,939.1500703684081,1000000.0,1000000.0,8.248449396685212,0.0,0.0,930.9016209717229,112857771.95236507,112857771.95236507
2007,일시매수,108,2015-12-31,103.79549407958984,1169.26,1.67,전액매수,0.0,0.0,0.0,930.9016209717229,1000000.0,1000000.0,8.23968115797513,0.0,0.0,922.6619398137477,111977869.30392443,111977869.30392443
2007,일시매수,109,2016-01-31,96.6227798461914,1210.04,1.67,전액매수,0.0,0.0,0.0,922.6619398137477,1000000.0,1000000.0,8.55304476513904,0.0,0.0,914.1088950486087,106875261.40099055,106875261.40099055
2007,일시매수,110,2016-02-29,95.11029052734375,1238.09,1.64,전액매수,0.0,0.0,0.0,914.1088950486087,1000000.0,1000000.0,8.492201215959062,0.0,0.0,905.6166938326496,106640983.98077986,106640983.98077986
2007,일시매수,111,2016-03-31,101.62784576416016,1138.86,1.63,전액매수,0.0,0.0,0.0,905.6166938326496,1000000.0,1000000.0,8.64006362535049,0.0,0.0,896.9766302072991,103815975.1017936,103815975.1017936
2007,일시매수,112,2016-04-30,98.38916778564453,1144.09,1.61,전액매수,0.0,0.0,0.0,896.9766302072991,1000000.0,1000000.0,8.883672161918165,0.0,0.0,888.0929580453809,99969127.84021778,99969127.84021778
2007,일시매수,113,2016-05-31,102.68879699707031,1188.99,1.58,전액매수,0.0,0.0,0.0,888.0929580453809,1000000.0,1000000.0,8.190279673862781,0.0,0.0,879.9026783715182,107432555.83560918,107432555.83560918
2007,일시매수,114,2016-06-30,100.34950256347656,1154.15,1.43,전액매수,0.0,0.0,0.0,879.9026783715182,1000000.0,1000000.0,8.634208266045675,0.0,0.0,871.2684701054725,100908901.3444077,100908901.3444077
2007,일시매수,115,2016-07-31,107.52534484863281,1112.89,1.36,전액매수,0.0,0.0,0.0,871.2684701054725,1000000.0,1000000.0,8.356740491820076,0.0,0.0,862.9117296136524,103259366.55066723,103259366.55066723
2007,일시매수,116,2016-08-31,108.6544189453125,1115.98,1.35,전액매수,0.0,0.0,0.0,862.9117296136524,1000000.0,1000000.0,8.247003803724308,0.0,0.0,854.6647258099281,103633361.41835724,103633361.41835724
2007,일시매수,117,2016-09-30,111.05952453613281,1097.98,1.34,전액매수,0.0,0.0,0.0,854.6647258099281,1000000.0,1000000.0,8.200678020975545,0.0,0.0,846.4640477889525,103218788.20554619,103218788.20554619
2007,일시매수,118,2016-10-31,109.44116973876953,1145.37,1.35,전액매수,0.0,0.0,0.0,846.4640477889525,1000000.0,1000000.0,7.977622285490401,0.0,0.0,838.4864255034621,105104803.84969977,105104803.84969977
2007,일시매수,119,2016-11-30,109.91825103759766,1175.87,1.42,전액매수,0.0,0.0,0.0,838.4864255034621,1000000.0,1000000.0,7.7369694168529275,0.0,0.0,830.7494560866091,107374013.17330305,107374013.17330305
2007,일시매수,120,2016-12-31,111.16278076171875,1203.73,1.54,전액매수,0.0,0.0,0.0,830.7494560866091,1000000.0,1000000.0,7.473284460506867,0.0,0.0,823.2761716261023,110162563.19116007,110162563.19116007
2007,분할매수,0,2006-12-31,36.9703369140625,930.0,4.76,분할매수,100000000.0,0.0,100000000.0,0.0,0.0,0.0,0.0,8333333.333333333,91666666.66666667,242.3719723607429,8333333.333333334,100000000.0
2007,분할매수,1,2007-01-31,37.74984359741211,941.0,4.92,분할매수,91666666.66666667,363611.11111111107,92030277.77777778,242.3719723607429,1000000.0,1000000.0,0.0,8333333.333333333,82696944.44444445,476.96439156910856,16943016.643455822,99639961.08790027
2007,분할매수,2,2007-02-28,37.11598205566406,942.3,4.95,분할매수,82696944.44444445,339057.47222222225,83036001.91666667,476.96439156910856,1000000.0,1000000.0,0.0,8333333.333333333,73702668.58333334,715.2339756645644,25014871.928219844,98717540.51155318
2007,분할매수,3,2007-03-31,37.31077194213867,941.1,4.94,분할매수,73702668.58333334,304023.5079062501,74006692.09123959,715.2339756645644,1000000.0,1000000.0,0.0,8333333.333333333,64673358.75790625,952.5618481593099,33447463.70447209,98120822.46237834
2007,분할매수,4,2007-04-30,39.39360046386719,931.0,4.95,분할매수,64673358.75790625,266238.6602200474,64939597.4181263,952.5618481593099,1000000.0,1000000.0,0.0,8333333.333333333,55606264.084792964,1179.7801956871754,43268960.17726186,98875224.26205483
2007,분할매수,5,2007-05-31,40.63642120361328,927.4,5.04,분할매수,55606264.084792964,229375.83934977098,55835639.92414273,1179.7801956871754,1000000.0,1000000.0,0.0,8333333.333333333,46502306.5908094,1400.9043623281327,52794785.82888989,99297092.41969928
2007,분할매수,6,2007-06-30,40.831180572509766,922.6,5.03,분할매수,46502306.5908094,195309.68768139946,46697616.2784908,1400.9043623281327,1000000.0,1000000.0,0.0,8333333.333333333,37364282.94515746,1622.118748347423,61106587.50308294,98470870.4482404
2007,분할매수,7,2007-07-31,40.77112579345703,919.0,5.05,분할매수,37364282.94515746,156618.61934511838,37520901.56450258,1622.118748347423,1000000.0,1000000.0,0.0,8333333.333333333,28187568.23116925,1844.5268170994145,69111956.66332656,97299524.89449582
2007,분할매수,8,2007-08-31,41.92060089111328,938.1,5.21,분할매수,28187568.23116925,118622.68297283725,28306190.914142087,1844.5268170994145,1000000.0,1000000.0,0.0,8333333.333333333,18972857.580808755,2056.432263341321,80870670.5361467,99843528.11695546
2007,분할매수,9,2007-09-30,44.12232208251953,913.6,5.34,분할매수,18972857.580808755,82373.82333001134,19055231.404138766,2056.432263341321,1000000.0,1000000.0,0.0,8333333.333333333,9721898.070805434,2263.1626431380882,91228433.4375915,100950331.50839692
2007,분할매수,10,2007-10-31,47.22917938232422,903.2,5.34,분할매수,9721898.070805434,43262.44641508418,9765160.517220518,2263.1626431380882,1000000.0,1000000.0,0.0,8333333.333333333,431827.1838871846,2458.51759551775,104873955.73928401,105305782.92317119
2007,분할매수,11,2007-11-30,44.03649139404297,920.9,5.43,분할매수,431827.1838871846,1921.6309682979715,433748.81485548255,2458.51759551775,1000000.0,1000000.0,13.963167305639796,0.0,0.0,2444.5544282121105,99134516.67704986,99134516.67704986
2007,분할매수,12,2007-12-31,44.00508117675781,935.8,5.73,분할매수,0.0,0.0,0.0,2444.5544282121105,1000000.0,1000000.0,24.283659388283194,0.0,0.0,2420.2707688238274,99666641.2637793,99666641.2637793
2007,분할매수,13,2008-01-31,38.77293395996094,943.4,5.81,분할매수,0.0,0.0,0.0,2420.2707688238274,1000000.0,1000000.0,27.338549130988383,0.0,0.0,2392.932219692839,87529598.15926877,87529598.15926877
2007,분할매수,14,2008-02-29,36.90000534057617,942.8,5.28,분할매수,0.0,0.0,0.0,2392.932219692839,1000000.0,1000000.0,28.74444959743276,0.0,0.0,2364.1877700954064,82248496.77784605,82248496.77784605
2007,분할매수,15,2008-03-31,37.59089660644531,988.6,5.25,분할매수,0.0,0.0,0.0,2364.1877700954064,1000000.0,1000000.0,26.908947376767987,0.0,0.0,2337.2788227186384,86858797.9304067,86858797.9304067
2007,분할매수,16,2008-04-30,40.59162139892578,1005.0,5.38,분할매수,0.0,0.0,0.0,2337.2788227186384,1000000.0,1000000.0,24.51306061029193,0.0,0.0,2312.7657621083463,94348306.76089953,94348306.76089953
2007,분할매수,17,2008-05-31,42.999122619628906,1028.5,5.36,분할매수,0.0,0.0,0.0,2312.7657621083463,1000000.0,1000000.0,22.611850733423392,0.0,0.0,2290.1539113749227,101281135.20534448,101281135.20534448
2007,분할매수,18,2008-06-30,38.86471176147461,1046.8,5.36,분할매수,0.0,0.0,0.0,2290.1539113749227,1000000.0,1000000.0,24.579940932347363,0.0,0.0,2265.5739704425755,92171660.48845404,92171660.48845404
2007,분할매수,19,2008-07-31,39.11422348022461,1011.5,5.52,분할매수,0.0,0.0,0.0,2265.5739704425755,1000000.0,1000000.0,25.27547931294216,0.0,0.0,2240.2984911296335,88635252.50666569,88635252.50666569
2007,분할매수,20,2008-08-31,39.682106018066406,1089.0,5.77,분할매수,0.0,0.0,0.0,2240.2984911296335,1000000.0,1000000.0,23.14074875784825,0.0,0.0,2217.1577423717854,95811841.07622404,95811841.07622404
2007,분할매수,21,2008-09-30,33.501121520996094,1206.3,5.79,분할매수,0.0,0.0,0.0,2217.1577423717854,1000000.0,1000000.0,24.744878514219888,0.0,0.0,2192.4128638575653,88600671.95713544,88600671.95713544
2007,분할매수,22,2008-10-31,28.31795310974121,1277.5,6.03,분할매수,0.0,0.0,0.0,2192.4128638575653,1000000.0,1000000.0,27.64249456650786,0.0,0.0,2164.7703692910572,78313133.57347754,78313133.57347754
2007,분할매수,23,2008-11-30,25.072021484375,1468.0,5.62,분할매수,0.0,0.0,0.0,2164.7703692910572,1000000.0,1000000.0,27.169684363355792,0.0,0.0,2137.6006849277014,78675948.39676236,78675948.39676236
2007,분할매수,24,2008-12-31,25.643007278442383,1262.0,4.68,분할매수,0.0,0.0,0.0,2137.6006849277014,1000000.0,1000000.0,30.90093990682261,0.0,0.0,2106.6997450208787,68175911.52156964,68175911.52156964
2007,분할매수,25,2009-01-31,25.056692123413086,1380.0,3.22,분할매수,0.0,0.0,0.0,2106.6997450208787,1000000.0,1000000.0,28.91992596589857,0.0,0.0,2077.77981905498,71845959.13229619,71845959.13229619
2007,분할매수,26,2009-02-28,23.737457275390625,1532.8,2.7,분할매수,0.0,0.0,0.0,2077.77981905498,1000000.0,1000000.0,27.48402356260093,0.0,0.0,2050.295795492379,74599550.20131524,74599550.20131524
2007,분할매수,27,2009-03-31,26.18634796142578,1372.3,2.45,분할매수,0.0,0.0,0.0,2050.295795492379,1000000.0,1000000.0,27.82761602742671,0.0,0.0,2022.4681794649523,72678456.44670466,72678456.44670466
2007,분할매수,28,2009-04-30,29.606460571289062,1277.0,2.42,분할매수,0.0,0.0,0.0,2022.4681794649523,1000000.0,1000000.0,26.449813358076177,0.0,0.0,1996.018366106876,75464364.87414427,75464364.87414427
2007,분할매수,29,2009-05-31,30.55649757385254,1249.0,2.41,분할매수,0.0,0.0,0.0,1996.018366106876,1000000.0,1000000.0,26.20197260745757,0.0,0.0,1969.8163934994186,75178171.62127604,75178171.62127604
2007,분할매수,30,2009-06-30,31.458803176879883,1273.5,2.41,분할매수,0.0,0.0,0.0,1969.8163934994186,1000000.0,1000000.0,24.96082034459719,0.0,0.0,1944.8555731548215,77916332.32822768,77916332.32822768
2007,분할매수,31,2009-07-31,34.113521575927734,1222.2,2.41,분할매수,0.0,0.0,0.0,1944.8555731548215,1000000.0,1000000.0,23.984527445056163,0.0,0.0,1920.8710457097654,80087925.43901911,80087925.43901911
2007,분할매수,32,2009-08-31,34.61505126953125,1248.0,2.48,분할매수,0.0,0.0,0.0,1920.8710457097654,1000000.0,1000000.0,23.148371066760582,0.0,0.0,1897.722674643005,81980830.06229325,81980830.06229325
2007,분할매수,33,2009-09-30,36.570106506347656,1175.0,2.64,분할매수,0.0,0.0,0.0,1897.722674643005,1000000.0,1000000.0,23.272117887857686,0.0,0.0,1874.4505567551473,80544906.38916662,80544906.38916662
2007,분할매수,34,2009-10-31,35.45353317260742,1182.0,2.79,분할매수,0.0,0.0,0.0,1874.4505567551473,1000000.0,1000000.0,23.86288792556643,0.0,0.0,1850.587668829581,77550867.88329932,77550867.88329932
2007,분할매수,35,2009-11-30,37.70399475097656,1164.4,2.79,분할매수,0.0,0.0,0.0,1850.587668829581,1000000.0,1000000.0,22.77772980522746,0.0,0.0,1827.8099390243535,80245483.40216386,80245483.40216386
2007,분할매수,36,2009-12-31,39.66565704345703,1163.65,2.82,분할매수,0.0,0.0,0.0,1827.8099390243535,1000000.0,1000000.0,21.66521352150372,0.0,0.0,1806.1447255028497,83366117.01104023,83366117.01104023
2007,분할매수,37,2010-01-31,37.09931945800781,1158.7,2.88,분할매수,0.0,0.0,0.0,1806.1447255028497,1000000.0,1000000.0,23.262856942484163,0.0,0.0,1782.8818685603655,76640709.82203175,76640709.82203175
2007,분할매수,38,2010-02-28,38.807308197021484,1159.0,2.88,분할매수,0.0,0.0,0.0,1782.8818685603655,1000000.0,1000000.0,22.233254758319276,0.0,0.0,1760.6486138020464,79189872.69028814,79189872.69028814
2007,분할매수,39,2010-03-31,41.799720764160156,1131.2,2.83,분할매수,0.0,0.0,0.0,1760.6486138020464,1000000.0,1000000.0,21.14887269495485,0.0,0.0,1739.4997411070915,82250234.61993112,82250234.61993112
2007,분할매수,40,2010-04-30,42.73708724975586,1108.0,2.51,분할매수,0.0,0.0,0.0,1739.4997411070915,1000000.0,1000000.0,21.118123248266766,0.0,0.0,1718.3816178588247,81369996.6449366,81369996.6449366
2007,분할매수,41,2010-05-31,39.57780075073242,1194.5,2.45,분할매수,0.0,0.0,0.0,1718.3816178588247,1000000.0,1000000.0,21.152523593762744,0.0,0.0,1697.229094265062,80237664.633336,80237664.633336
2007,분할매수,42,2010-06-30,37.212772369384766,1220.85,2.45,분할매수,0.0,0.0,0.0,1697.229094265062,1000000.0,1000000.0,22.011298636484625,0.0,0.0,1675.2177956285775,76107176.7411231,76107176.7411231
2007,분할매수,43,2010-07-31,39.91376495361328,1182.0,2.58,분할매수,0.0,0.0,0.0,1675.2177956285775,1000000.0,1000000.0,21.19628879025842,0.0,0.0,1654.021506838319,78033542.72086012,78033542.72086012
2007,분할매수,44,2010-08-31,37.86624526977539,1198.0,2.63,분할매수,0.0,0.0,0.0,1654.021506838319,1000000.0,1000000.0,22.044027205617205,0.0,0.0,1631.977479632702,74032637.70318907,74032637.70318907
2007,분할매수,45,2010-09-30,42.85429382324219,1140.1,2.66,분할매수,0.0,0.0,0.0,1631.977479632702,1000000.0,1000000.0,20.467401611380872,0.0,0.0,1611.510078021321,78735450.08884972,78735450.08884972
2007,분할매수,46,2010-10-31,45.57033157348633,1124.0,2.66,분할매수,0.0,0.0,0.0,1611.510078021321,1000000.0,1000000.0,19.523222337493884,0.0,0.0,1591.9868556838271,81543242.61453778,81543242.61453778
2007,분할매수,47,2010-11-30,45.49174880981445,1157.2,2.73,분할매수,0.0,0.0,0.0,1591.9868556838271,1000000.0,1000000.0,18.995859230715258,0.0,0.0,1572.9909964531118,82807046.38564977,82807046.38564977
2007,분할매수,48,2010-12-31,47.65583801269531,1130.6,2.8,분할매수,0.0,0.0,0.0,1572.9909964531118,1000000.0,1000000.0,18.559869062262504,0.0,0.0,1554.4311273908493,83752267.9807828,83752267.9807828
2007,분할매수,49,2011-01-31,49.00342559814453,1119.1,2.93,분할매수,0.0,0.0,0.0,1554.4311273908493,1000000.0,1000000.0,18.23495364753519,0.0,0.0,1536.1961737433141,84244588.90527321,84244588.90527321
2007,분할매수,50,2011-02-28,50.55229187011719,1123.7,3.13,분할매수,0.0,0.0,0.0,1536.1961737433141,1000000.0,1000000.0,17.603894992206044,0.0,0.0,1518.592278751108,86264561.30438465,86264561.30438465
2007,분할매수,51,2011-03-31,50.32568359375,1097.25,3.35,분할매수,0.0,0.0,0.0,1518.592278751108,1000000.0,1000000.0,18.109427778049056,0.0,0.0,1500.482850973059,82856447.44622113,82856447.44622113
2007,분할매수,52,2011-04-30,51.771575927734375,1068.4,3.4,분할매수,0.0,0.0,0.0,1500.482850973059,1000000.0,1000000.0,18.07901376956591,0.0,0.0,1482.403837203493,81995835.39777826,81995835.39777826
2007,분할매수,53,2011-05-31,51.1406364440918,1078.0,3.46,분할매수,0.0,0.0,0.0,1482.403837203493,1000000.0,1000000.0,18.139073920223204,0.0,0.0,1464.2647632832698,80724339.606487,80724339.606487
2007,분할매수,54,2011-06-30,50.10478973388672,1066.3,3.53,분할매수,0.0,0.0,0.0,1464.2647632832698,1000000.0,1000000.0,18.717220078615295,0.0,0.0,1445.5475432046544,77230888.8356885,77230888.8356885
2007,분할매수,55,2011-07-31,50.93914031982422,1054.0,3.59,분할매수,0.0,0.0,0.0,1445.5475432046544,1000000.0,1000000.0,18.62549303852943,0.0,0.0,1426.922050166125,76611236.39596212,76611236.39596212
2007,분할매수,56,2011-08-31,48.35704040527344,1063.9,3.59,분할매수,0.0,0.0,0.0,1426.922050166125,1000000.0,1000000.0,19.43745845934499,0.0,0.0,1407.48459170678,72410937.6053792,72410937.6053792
2007,분할매수,57,2011-09-30,46.18540954589844,1180.9,3.58,분할매수,0.0,0.0,0.0,1407.48459170678,1000000.0,1000000.0,18.335049143725616,0.0,0.0,1389.1495425630544,75764702.43814053,75764702.43814053
2007,분할매수,58,2011-10-31,50.989601135253906,1112.05,3.58,분할매수,0.0,0.0,0.0,1389.1495425630544,1000000.0,1000000.0,17.635755566995662,0.0,0.0,1371.5137869960588,77768926.98392637,77768926.98392637
2007,분할매수,59,2011-11-30,49.61699295043945,1140.05,3.56,분할매수,0.0,0.0,0.0,1371.5137869960588,1000000.0,1000000.0,17.678510095185096,0.0,0.0,1353.8352769008736,76580847.00642295,76580847.00642295
2007,분할매수,60,2011-12-31,49.31224060058594,1158.5,3.55,분할매수,0.0,0.0,0.0,1353.8352769008736,1000000.0,1000000.0,17.50448048400194,0.0,0.0,1336.3307964168716,76342214.0770301,76342214.0770301
2007,분할매수,61,2012-01-31,53.46356201171875,1125.7,3.55,분할매수,0.0,0.0,0.0,1336.3307964168716,1000000.0,1000000.0,16.615730657883987,0.0,0.0,1319.7150657589877,79425641.45578498,79425641.45578498
2007,분할매수,62,2012-02-29,56.89059066772461,1117.1,3.53,분할매수,0.0,0.0,0.0,1319.7150657589877,1000000.0,1000000.0,15.735027466003562,0.0,0.0,1303.980038292984,82871163.78476673,82871163.78476673
2007,분할매수,63,2012-03-31,59.765281677246094,1131.4,3.54,분할매수,0.0,0.0,0.0,1303.980038292984,1000000.0,1000000.0,14.78886535373972,0.0,0.0,1289.1911729392443,87173095.57580368,87173095.57580368
2007,분할매수,64,2012-04-30,59.06635665893555,1130.05,3.54,분할매수,0.0,0.0,0.0,1289.1911729392443,1000000.0,1000000.0,14.981736586878165,0.0,0.0,1274.209436352366,85050850.34457149,85050850.34457149
2007,분할매수,65,2012-05-31,54.90799331665039,1180.0,3.54,분할매수,0.0,0.0,0.0,1274.209436352366,1000000.0,1000000.0,15.434139474582832,0.0,0.0,1258.7752968777831,81557854.19399332,81557854.19399332
2007,분할매수,66,2012-06-30,56.89645004272461,1141.17,3.54,분할매수,0.0,0.0,0.0,1258.7752968777831,1000000.0,1000000.0,15.401551903695259,0.0,0.0,1243.373744974088,80730419.42453657,80730419.42453657
2007,분할매수,67,2012-07-31,57.463993072509766,1130.27,3.34,분할매수,0.0,0.0,0.0,1243.373744974088,1000000.0,1000000.0,15.396499717706176,0.0,0.0,1227.9772452563818,79756910.1920089,79756910.1920089
2007,분할매수,68,2012-08-31,60.44361114501953,1133.2,3.19,분할매수,0.0,0.0,0.0,1227.9772452563818,1000000.0,1000000.0,14.59966972359645,0.0,0.0,1213.3775755327854,83109933.20428926,83109933.20428926
2007,분할매수,69,2012-09-30,60.98059844970703,1111.21,3.14,분할매수,0.0,0.0,0.0,1213.3775755327854,1000000.0,1000000.0,14.757479100020031,0.0,0.0,1198.6200964327654,81221195.59235142,81221195.59235142
2007,분할매수,70,2012-10-31,57.76125717163086,1090.17,2.93,분할매수,0.0,0.0,0.0,1198.6200964327654,1000000.0,1000000.0,15.88068152063766,0.0,0.0,1182.7394149121278,74476615.71545936,74476615.71545936
2007,분할매수,71,2012-11-30,58.51719284057617,1081.75,2.85,분할매수,0.0,0.0,0.0,1182.7394149121278,1000000.0,1000000.0,15.797545392979005,0.0,0.0,1166.941869519149,73868556.18960775,73868556.18960775
2007,분할매수,72,2012-12-31,58.24394989013672,1063.24,2.88,분할매수,0.0,0.0,0.0,1166.941869519149,1000000.0,1000000.0,16.147967760636632,0.0,0.0,1150.7939017585122,71265556.06357875,71265556.06357875
2007,분할매수,73,2013-01-31,59.799983978271484,1087.46,2.86,분할매수,0.0,0.0,0.0,1150.7939017585122,1000000.0,1000000.0,15.377496650043287,0.0,0.0,1135.416405108469,73836231.66682808,73836231.66682808
2007,분할매수,74,2013-02-28,60.00566482543945,1083.9,2.83,분할매수,0.0,0.0,0.0,1135.416405108469,1000000.0,1000000.0,15.37512063160488,0.0,0.0,1120.0412844768641,72847642.06496847,72847642.06496847
2007,분할매수,75,2013-03-31,61.82071304321289,1112.48,2.81,분할매수,0.0,0.0,0.0,1120.0412844768641,1000000.0,1000000.0,14.540313757500314,0.0,0.0,1105.5009707193637,76030062.97915094,76030062.97915094
2007,분할매수,76,2013-04-30,63.38931655883789,1101.52,2.8,분할매수,0.0,0.0,0.0,1105.5009707193637,1000000.0,1000000.0,14.321600128683558,0.0,0.0,1091.1793705906803,76191163.05343889,76191163.05343889
2007,분할매수,77,2013-05-31,65.65702056884766,1129.34,2.72,분할매수,0.0,0.0,0.0,1091.1793705906803,1000000.0,1000000.0,13.486340431241372,0.0,0.0,1077.6930301594389,79909967.84145696,79909967.84145696
2007,분할매수,78,2013-06-30,64.0843734741211,1141.45,2.69,분할매수,0.0,0.0,0.0,1077.6930301594389,1000000.0,1000000.0,13.670706669520868,0.0,0.0,1064.022323489918,77832283.96394303,77832283.96394303
2007,분할매수,79,2013-07-31,68.13068389892578,1122.66,2.68,분할매수,0.0,0.0,0.0,1064.022323489918,1000000.0,1000000.0,13.074015707868398,0.0,0.0,1050.9483077820496,80384507.04549424,80384507.04549424
2007,분할매수,80,2013-08-31,67.86092376708984,1109.42,2.66,분할매수,0.0,0.0,0.0,1050.9483077820496,1000000.0,1000000.0,13.282635100978247,0.0,0.0,1037.6656726810713,78121973.89994164,78121973.89994164
2007,분할매수,81,2013-09-30,71.14009857177734,1073.33,2.66,분할매수,0.0,0.0,0.0,1037.6656726810713,1000000.0,1000000.0,13.096410192760567,0.0,0.0,1024.5692624883109,78232832.31115288,78232832.31115288
2007,분할매수,82,2013-10-31,74.66643524169922,1060.83,2.66,분할매수,0.0,0.0,0.0,1024.5692624883109,1000000.0,1000000.0,12.624924496256153,0.0,0.0,1011.9443379920547,80154486.33313735,80154486.33313735
2007,분할매수,83,2013-11-30,77.3179702758789,1057.76,2.65,분할매수,0.0,0.0,0.0,1011.9443379920547,1000000.0,1000000.0,12.227352022598394,0.0,0.0,999.7169859694562,81760710.26022604,81760710.26022604
2007,분할매수,84,2013-12-31,79.58113098144531,1055.25,2.65,분할매수,0.0,0.0,0.0,999.7169859694562,1000000.0,1000000.0,11.907882270590774,0.0,0.0,987.8091036988654,82954221.51917683,82954221.51917683
2007,분할매수,85,2014-01-31,78.05211639404297,1080.36,2.65,분할매수,0.0,0.0,0.0,987.8091036988654,1000000.0,1000000.0,11.858965900732937,0.0,0.0,975.9501377981325,82296394.64076835,82296394.64076835
2007,분할매수,86,2014-02-28,82.07371520996094,1066.01,2.65,분할매수,0.0,0.0,0.0,975.9501377981325,1000000.0,1000000.0,11.429694653928948,0.0,0.0,964.5204431442035,84387245.0094413,84387245.0094413
2007,분할매수,87,2014-03-31,79.83013153076172,1064.65,2.65,분할매수,0.0,0.0,0.0,964.5204431442035,1000000.0,1000000.0,11.765930987876633,0.0,0.0,952.7545121563268,80975701.21208641,80975701.21208641
2007,분할매수,88,2014-04-30,79.5751953125,1032.85,2.65,분할매수,0.0,0.0,0.0,952.7545121563268,1000000.0,1000000.0,12.167042719678147,0.0,0.0,940.5874694366486,77306169.71660717,77306169.71660717
2007,분할매수,89,2014-05-31,83.1446304321289,1020.3,2.65,분할매수,0.0,0.0,0.0,940.5874694366486,1000000.0,1000000.0,11.787939713226674,0.0,0.0,928.7995297234219,78792354.92537014,78792354.92537014
2007,분할매수,90,2014-06-30,85.74197387695312,1011.6,2.65,분할매수,0.0,0.0,0.0,928.7995297234219,1000000.0,1000000.0,11.52916095005458,0.0,0.0,917.2703687733673,79560895.43263987,79560895.43263987
2007,분할매수,91,2014-07-31,86.75536346435547,1027.75,2.65,분할매수,0.0,0.0,0.0,917.2703687733673,1000000.0,1000000.0,11.215436503246469,0.0,0.0,906.0549322701208,80786417.18562183,80786417.18562183
2007,분할매수,92,2014-08-31,91.10137939453125,1013.85,2.52,분할매수,0.0,0.0,0.0,906.0549322701208,1000000.0,1000000.0,10.826830599129158,0.0,0.0,895.2281016709917,82686072.66682442,82686072.66682442
2007,분할매수,93,2014-09-30,90.41202545166016,1054.55,2.35,분할매수,0.0,0.0,0.0,895.2281016709917,1000000.0,1000000.0,10.488336810877342,0.0,0.0,884.7397648601143,84354629.41489065,84354629.41489065
2007,분할매수,94,2014-10-31,92.80072021484375,1073.07,2.21,분할매수,0.0,0.0,0.0,884.7397648601143,1000000.0,1000000.0,10.042008852023338,0.0,0.0,874.697756008091,87103862.27471313,87103862.27471313
2007,분할매수,95,2014-11-30,97.01976013183594,1112.06,2.14,분할매수,0.0,0.0,0.0,874.697756008091,1000000.0,1000000.0,9.26854544478773,0.0,0.0,865.4292105633033,93372710.49903382,93372710.49903382
2007,분할매수,96,2014-12-31,94.84591674804688,1090.89,2.13,분할매수,0.0,0.0,0.0,865.4292105633033,1000000.0,1000000.0,9.664967560482188,0.0,0.0,855.7642430028211,88542898.63339457,88542898.63339457
2007,분할매수,97,2015-01-31,92.87090301513672,1104.3,2.13,분할매수,0.0,0.0,0.0,855.7642430028211,1000000.0,1000000.0,9.750643079811809,0.0,0.0,846.0135999230093,86764902.88877825,86764902.88877825
2007,분할매수,98,2015-02-28,99.57671356201172,1100.65,2.12,분할매수,0.0,0.0,0.0,846.0135999230093,1000000.0,1000000.0,9.124161701575952,0.0,0.0,836.8894382214334,91722337.41505079,91722337.41505079
2007,분할매수,99,2015-03-31,97.22772979736328,1107.71,1.95,분할매수,0.0,0.0,0.0,836.8894382214334,1000000.0,1000000.0,9.28503998316416,0.0,0.0,827.6043982382691,89133100.09853482,89133100.09853482
2007,분할매수,100,2015-04-30,99.09678649902344,1076.74,1.81,분할매수,0.0,0.0,0.0,827.6043982382691,1000000.0,1000000.0,9.37194176890605,0.0,0.0,818.2324564693631,87306609.09397352,87306609.09397352
2007,분할매수,101,2015-05-31,101.32492065429688,1111.99,1.8,분할매수,0.0,0.0,0.0,818.2324564693631,1000000.0,1000000.0,8.875295996885576,0.0,0.0,809.3571604724775,91192131.59273656,91192131.59273656
2007,분할매수,102,2015-06-30,98.80795288085938,1117.34,1.7,분할매수,0.0,0.0,0.0,809.3571604724775,1000000.0,1000000.0,9.057800518471668,0.0,0.0,800.2993599540058,88354712.41853328,88354712.41853328
2007,분할매수,103,2015-07-31,103.31137084960938,1159.7,1.65,분할매수,0.0,0.0,0.0,800.2993599540058,1000000.0,1000000.0,8.34653499387769,0.0,0.0,791.9528249601282,94884023.79442938,94884023.79442938
2007,분할매수,104,2015-08-31,96.26093292236328,1182.54,1.64,분할매수,0.0,0.0,0.0,791.9528249601282,1000000.0,1000000.0,8.784844808827106,0.0,0.0,783.1679801513011,89149893.6172857,89149893.6172857
2007,분할매수,105,2015-09-30,94.13616943359375,1184.62,1.6,분할매수,0.0,0.0,0.0,783.1679801513011,1000000.0,1000000.0,8.96735612176437,0.0,0.0,774.2006240295367,86335438.61947228,86335438.61947228
2007,분할매수,106,2015-10-31,104.83930969238281,1140.5,1.58,분할매수,0.0,0.0,0.0,774.2006240295367,1000000.0,1000000.0,8.363355500274835,0.0,0.0,765.8372685292619,91570574.57429558,91570574.57429558
2007,분할매수,107,2015-11-30,105.47760772705078,1149.39,1.59,분할매수,0.0,0.0,0.0,765.8372685292619,1000000.0,1000000.0,8.248449396685212,0.0,0.0,757.5888191325766,91846210.44496283,91846210.44496283
2007,분할매수,108,2015-12-31,103.79549407958984,1169.26,1.67,분할매수,0.0,0.0,0.0,757.5888191325766,1000000.0,1000000.0,8.23968115797513,0.0,0.0,749.3491379746015,90943948.38923006,90943948.38923006
2007,분할매수,109,2016-01-31,96.6227798461914,1210.04,1.67,분할매수,0.0,0.0,0.0,749.3491379746015,1000000.0,1000000.0,8.55304476513904,0.0,0.0,740.7960932094625,86611974.27947986,86611974.27947986
2007,분할매수,110,2016-02-29,95.11029052734375,1238.09,1.64,분할매수,0.0,0.0,0.0,740.7960932094625,1000000.0,1000000.0,8.492201215959062,0.0,0.0,732.3038919935034,86232517.7384296,86232517.7384296
2007,분할매수,111,2016-03-31,101.62784576416016,1138.86,1.63,분할매수,0.0,0.0,0.0,732.3038919935034,1000000.0,1000000.0,8.64006362535049,0.0,0.0,723.6638283681528,83756770.75396502,83756770.75396502
2007,분할매수,112,2016-04-30,98.38916778564453,1144.09,1.61,분할매수,0.0,0.0,0.0,723.6638283681528,1000000.0,1000000.0,8.883672161918165,0.0,0.0,714.7801562062347,80459988.07455984,80459988.07455984
2007,분할매수,113,2016-05-31,102.68879699707031,1188.99,1.58,분할매수,0.0,0.0,0.0,714.7801562062347,1000000.0,1000000.0,8.190279673862781,0.0,0.0,706.5898765323719,86271764.17275175,86271764.17275175
2007,분할매수,114,2016-06-30,100.34950256347656,1154.15,1.43,분할매수,0.0,0.0,0.0,706.5898765323719,1000000.0,1000000.0,8.634208266045675,0.0,0.0,697.9556682663263,80836093.68227324,80836093.68227324
2007,분할매수,115,2016-07-31,107.52534484863281,1112.89,1.36,분할매수,0.0,0.0,0.0,697.9556682663263,1000000.0,1000000.0,8.356740491820076,0.0,0.0,689.5989277745061,82520084.05065517,82520084.05065517
2007,분할매수,116,2016-08-31,108.6544189453125,1115.98,1.35,분할매수,0.0,0.0,0.0,689.5989277745061,1000000.0,1000000.0,8.247003803724308,0.0,0.0,681.3519239707819,82618116.85634078,82618116.85634078
2007,분할매수,117,2016-09-30,111.05952453613281,1097.98,1.34,분할매수,0.0,0.0,0.0,681.3519239707819,1000000.0,1000000.0,8.200678020975545,0.0,0.0,673.1512459498063,82084828.13592148,82084828.13592148
2007,분할매수,118,2016-10-31,109.44116973876953,1145.37,1.35,분할매수,0.0,0.0,0.0,673.1512459498063,1000000.0,1000000.0,7.977622285490401,0.0,0.0,665.1736236643159,83379934.5043103,83379934.5043103
2007,분할매수,119,2016-11-30,109.91825103759766,1175.87,1.42,분할매수,0.0,0.0,0.0,665.1736236643159,1000000.0,1000000.0,7.7369694168529275,0.0,0.0,657.4366542474629,84973407.39326334,84973407.39326334
2007,분할매수,120,2016-12-31,111.16278076171875,1203.73,1.54,분할매수,0.0,0.0,0.0,657.4366542474629,1000000.0,1000000.0,7.473284460506867,0.0,0.0,649.963369786956,86971581.66823924,86971581.66823924
2008,일시매수,0,2007-12-31,44.00508117675781,935.8,5.73,전액매수,100000000.0,0.0,100000000.0,0.0,0.0,0.0,0.0,100000000.0,0.0,2428.3659388283195,100000000.0,100000000.0
2008,일시매수,1,2008-01-31,38.77293395996094,943.4,5.81,전액매수,0.0,0.0,0.0,2428.3659388283195,1000000.0,1000000.0,27.338549130988383,0.0,0.0,2401.0273896973313,87825706.41160159,87825706.41160159
2008,일시매수,2,2008-02-29,36.90000534057617,942.8,5.28,전액매수,0.0,0.0,0.0,2401.0273896973313,1000000.0,1000000.0,28.74444959743276,0.0,0.0,2372.2829400998985,82530122.27834667,82530122.27834667
2008,일시매수,3,2008-03-31,37.59089660644531,988.6,5.25,전액매수,0.0,0.0,0.0,2372.2829400998985,1000000.0,1000000.0,26.908947376767987,0.0,0.0,2345.3739927231304,87159633.55549255,87159633.55549255
2008,일시매수,4,2008-04-30,40.59162139892578,1005.0,5.38,전액매수,0.0,0.0,0.0,2345.3739927231304,1000000.0,1000000.0,24.51306061029193,0.0,0.0,2320.8609321128383,94678545.81726174,94678545.81726174
2008,일시매수,5,2008-05-31,42.999122619628906,1028.5,5.36,전액매수,0.0,0.0,0.0,2320.8609321128383,1000000.0,1000000.0,22.611850733423392,0.0,0.0,2298.2490813794147,101639140.84141241,101639140.84141241
2008,일시매수,6,2008-06-30,38.86471176147461,1046.8,5.36,전액매수,0.0,0.0,0.0,2298.2490813794147,1000000.0,1000000.0,24.579940932347363,0.0,0.0,2273.6691404470675,92501000.98714657,92501000.98714657
2008,일시매수,7,2008-07-31,39.11422348022461,1011.5,5.52,전액매수,0.0,0.0,0.0,2273.6691404470675,1000000.0,1000000.0,25.27547931294216,0.0,0.0,2248.3936611341255,88955530.11265148,88955530.11265148
2008,일시매수,8,2008-08-31,39.682106018066406,1089.0,5.77,전액매수,0.0,0.0,0.0,2248.3936611341255,1000000.0,1000000.0,23.14074875784825,0.0,0.0,2225.2529123762774,96161664.24267393,96161664.24267393
2008,일시매수,9,2008-09-30,33.501121520996094,1206.3,5.79,전액매수,0.0,0.0,0.0,2225.2529123762774,1000000.0,1000000.0,24.744878514219888,0.0,0.0,2200.5080338620573,88927817.22882631,88927817.22882631
2008,일시매수,10,2008-10-31,28.31795310974121,1277.5,6.03,전액매수,0.0,0.0,0.0,2200.5080338620573,1000000.0,1000000.0,27.64249456650786,0.0,0.0,2172.8655392955493,78605985.94195735,78605985.94195735
2008,일시매수,11,2008-11-30,25.072021484375,1468.0,5.62,전액매수,0.0,0.0,0.0,2172.8655392955493,1000000.0,1000000.0,27.169684363355792,0.0,0.0,2145.6958549321935,78973897.01833008,78973897.01833008
2008,일시매수,12,2008-12-31,25.643007278442383,1262.0,4.68,전액매수,0.0,0.0,0.0,2145.6958549321935,1000000.0,1000000.0,30.90093990682261,0.0,0.0,2114.7949150253708,68437883.16479155,68437883.16479155
2008,일시매수,13,2009-01-31,25.056692123413086,1380.0,3.22,전액매수,0.0,0.0,0.0,2114.7949150253708,1000000.0,1000000.0,28.91992596589857,0.0,0.0,2085.8749890594722,72125875.82413135,72125875.82413135
2008,일시매수,14,2009-02-28,23.737457275390625,1532.8,2.7,전액매수,0.0,0.0,0.0,2085.8749890594722,1000000.0,1000000.0,27.48402356260093,0.0,0.0,2058.390965496871,74894091.1365627,74894091.1365627
2008,일시매수,15,2009-03-31,26.18634796142578,1372.3,2.45,전액매수,0.0,0.0,0.0,2058.390965496871,1000000.0,1000000.0,27.82761602742671,0.0,0.0,2030.5633494694443,72969360.63326931,72969360.63326931
2008,일시매수,16,2009-04-30,29.606460571289062,1277.0,2.42,전액매수,0.0,0.0,0.0,2030.5633494694443,1000000.0,1000000.0,26.449813358076177,0.0,0.0,2004.1135361113681,75770422.61054114,75770422.61054114
2008,일시매수,17,2009-05-31,30.55649757385254,1249.0,2.41,전액매수,0.0,0.0,0.0,2004.1135361113681,1000000.0,1000000.0,26.20197260745757,0.0,0.0,1977.9115635039107,75487124.31448616,75487124.31448616
2008,일시매수,18,2009-06-30,31.458803176879883,1273.5,2.41,전액매수,0.0,0.0,0.0,1977.9115635039107,1000000.0,1000000.0,24.96082034459719,0.0,0.0,1952.9507431593136,78240647.39050265,78240647.39050265
2008,일시매수,19,2009-07-31,34.113521575927734,1222.2,2.41,전액매수,0.0,0.0,0.0,1952.9507431593136,1000000.0,1000000.0,23.984527445056163,0.0,0.0,1928.9662157142575,80425441.7825467,80425441.7825467
2008,일시매수,20,2009-08-31,34.61505126953125,1248.0,2.48,전액매수,0.0,0.0,0.0,1928.9662157142575,1000000.0,1000000.0,23.148371066760582,0.0,0.0,1905.817844647497,82330538.0387701,82330538.0387701
2008,일시매수,21,2009-09-30,36.570106506347656,1175.0,2.64,전액매수,0.0,0.0,0.0,1905.817844647497,1000000.0,1000000.0,23.272117887857686,0.0,0.0,1882.5457267596394,80892754.83353685,80892754.83353685
2008,일시매수,22,2009-10-31,35.45353317260742,1182.0,2.79,전액매수,0.0,0.0,0.0,1882.5457267596394,1000000.0,1000000.0,23.86288792556643,0.0,0.0,1858.682838834073,77890104.69444065,77890104.69444065
2008,일시매수,23,2009-11-30,37.70399475097656,1164.4,2.79,전액매수,0.0,0.0,0.0,1858.682838834073,1000000.0,1000000.0,22.77772980522746,0.0,0.0,1835.9051090288456,80600881.8581871,80600881.8581871
2008,일시매수,24,2009-12-31,39.66565704345703,1163.65,2.82,전액매수,0.0,0.0,0.0,1835.9051090288456,1000000.0,1000000.0,21.66521352150372,0.0,0.0,1814.2398955073418,83739765.30194938,83739765.30194938
2008,일시매수,25,2010-01-31,37.09931945800781,1158.7,2.88,전액매수,0.0,0.0,0.0,1814.2398955073418,1000000.0,1000000.0,23.262856942484163,0.0,0.0,1790.9770385648576,76988696.74489796,76988696.74489796
2008,일시매수,26,2010-02-28,38.807308197021484,1159.0,2.88,전액매수,0.0,0.0,0.0,1790.9770385648576,1000000.0,1000000.0,22.233254758319276,0.0,0.0,1768.7437838065384,79553974.57696593,79553974.57696593
2008,일시매수,27,2010-03-31,41.799720764160156,1131.2,2.83,전액매수,0.0,0.0,0.0,1768.7437838065384,1000000.0,1000000.0,21.14887269495485,0.0,0.0,1747.5949111115835,82633005.37661657,82633005.37661657
2008,일시매수,28,2010-04-30,42.73708724975586,1108.0,2.51,전액매수,0.0,0.0,0.0,1747.5949111115835,1000000.0,1000000.0,21.118123248266766,0.0,0.0,1726.4767878633168,81753324.74229284,81753324.74229284
2008,일시매수,29,2010-05-31,39.57780075073242,1194.5,2.45,전액매수,0.0,0.0,0.0,1726.4767878633168,1000000.0,1000000.0,21.152523593762744,0.0,0.0,1705.324264269554,80620369.32427314,80620369.32427314
2008,일시매수,30,2010-06-30,37.212772369384766,1220.85,2.45,전액매수,0.0,0.0,0.0,1705.324264269554,1000000.0,1000000.0,22.011298636484625,0.0,0.0,1683.3129656330696,76474950.1350597,76474950.1350597
2008,일시매수,31,2010-07-31,39.91376495361328,1182.0,2.58,전액매수,0.0,0.0,0.0,1683.3129656330696,1000000.0,1000000.0,21.19628879025842,0.0,0.0,1662.116676842811,78415457.219412,78415457.219412
2008,일시매수,32,2010-08-31,37.86624526977539,1198.0,2.63,전액매수,0.0,0.0,0.0,1662.116676842811,1000000.0,1000000.0,22.044027205617205,0.0,0.0,1640.072649637194,74399865.06727204,74399865.06727204
2008,일시매수,33,2010-09-30,42.85429382324219,1140.1,2.66,전액매수,0.0,0.0,0.0,1640.072649637194,1000000.0,1000000.0,20.467401611380872,0.0,0.0,1619.6052480258131,79130965.36519974,79130965.36519974
2008,일시매수,34,2010-10-31,45.57033157348633,1124.0,2.66,전액매수,0.0,0.0,0.0,1619.6052480258131,1000000.0,1000000.0,19.523222337493884,0.0,0.0,1600.0820256883192,81957885.74386103,81957885.74386103
2008,일시매수,35,2010-11-30,45.49174880981445,1157.2,2.73,전액매수,0.0,0.0,0.0,1600.0820256883192,1000000.0,1000000.0,18.995859230715258,0.0,0.0,1581.086166457604,83233200.83890043,83233200.83890043
2008,일시매수,36,2010-12-31,47.65583801269531,1130.6,2.8,전액매수,0.0,0.0,0.0,1581.086166457604,1000000.0,1000000.0,18.559869062262504,0.0,0.0,1562.5262973953413,84188433.23482288,84188433.23482288
2008,일시매수,37,2011-01-31,49.00342559814453,1119.1,2.93,전액매수,0.0,0.0,0.0,1562.5262973953413,1000000.0,1000000.0,18.23495364753519,0.0,0.0,1544.2913437478062,84688525.87166008,84688525.87166008
2008,일시매수,38,2011-02-28,50.55229187011719,1123.7,3.13,전액매수,0.0,0.0,0.0,1544.2913437478062,1000000.0,1000000.0,17.603894992206044,0.0,0.0,1526.6874487556001,86724412.37757476,86724412.37757476
2008,일시매수,39,2011-03-31,50.32568359375,1097.25,3.35,전액매수,0.0,0.0,0.0,1526.6874487556001,1000000.0,1000000.0,18.109427778049056,0.0,0.0,1508.578020977551,83303461.5707814,83303461.5707814
2008,일시매수,40,2011-04-30,51.771575927734375,1068.4,3.4,전액매수,0.0,0.0,0.0,1508.578020977551,1000000.0,1000000.0,18.07901376956591,0.0,0.0,1490.499007207985,82443601.52637756,82443601.52637756
2008,일시매수,41,2011-05-31,51.1406364440918,1078.0,3.46,전액매수,0.0,0.0,0.0,1490.499007207985,1000000.0,1000000.0,18.139073920223204,0.0,0.0,1472.3599332877618,81170623.14003977,81170623.14003977
2008,일시매수,42,2011-06-30,50.10478973388672,1066.3,3.53,전액매수,0.0,0.0,0.0,1472.3599332877618,1000000.0,1000000.0,18.717220078615295,0.0,0.0,1453.6427132091465,77663387.35686263,77663387.35686263
2008,일시매수,43,2011-07-31,50.93914031982422,1054.0,3.59,전액매수,0.0,0.0,0.0,1453.6427132091465,1000000.0,1000000.0,18.62549303852943,0.0,0.0,1435.017220170617,77045864.89077546,77045864.89077546
2008,일시매수,44,2011-08-31,48.35704040527344,1063.9,3.59,전액매수,0.0,0.0,0.0,1435.017220170617,1000000.0,1000000.0,19.43745845934499,0.0,0.0,1415.579761711272,72827410.26415934,72827410.26415934
2008,일시매수,45,2011-09-30,46.18540954589844,1180.9,3.58,전액매수,0.0,0.0,0.0,1415.579761711272,1000000.0,1000000.0,18.335049143725616,0.0,0.0,1397.2447125675465,76206215.84456967,76206215.84456967
2008,일시매수,46,2011-10-31,50.989601135253906,1112.05,3.58,전액매수,0.0,0.0,0.0,1397.2447125675465,1000000.0,1000000.0,17.635755566995662,0.0,0.0,1379.6089570005508,78227947.2948929,78227947.2948929
2008,일시매수,47,2011-11-30,49.61699295043945,1140.05,3.56,전액매수,0.0,0.0,0.0,1379.6089570005508,1000000.0,1000000.0,17.678510095185096,0.0,0.0,1361.9304469053657,77038757.20139447,77038757.20139447
2008,일시매수,48,2011-12-31,49.31224060058594,1158.5,3.55,전액매수,0.0,0.0,0.0,1361.9304469053657,1000000.0,1000000.0,17.50448048400194,0.0,0.0,1344.4259664213637,76804676.81689209,76804676.81689209
2008,일시매수,49,2012-01-31,53.46356201171875,1125.7,3.55,전액매수,0.0,0.0,0.0,1344.4259664213637,1000000.0,1000000.0,16.615730657883987,0.0,0.0,1327.8102357634798,79912840.61489333,79912840.61489333
2008,일시매수,50,2012-02-29,56.89059066772461,1117.1,3.53,전액매수,0.0,0.0,0.0,1327.8102357634798,1000000.0,1000000.0,15.735027466003562,0.0,0.0,1312.0752082974761,83385631.90514223,83385631.90514223
2008,일시매수,51,2012-03-31,59.765281677246094,1131.4,3.54,전액매수,0.0,0.0,0.0,1312.0752082974761,1000000.0,1000000.0,14.78886535373972,0.0,0.0,1297.2863429437364,87720478.34052978,87720478.34052978
2008,일시매수,52,2012-04-30,59.06635665893555,1130.05,3.54,전액매수,0.0,0.0,0.0,1297.2863429437364,1000000.0,1000000.0,14.981736586878165,0.0,0.0,1282.3046063568581,85591186.23671247,85591186.23671247
2008,일시매수,53,2012-05-31,54.90799331665039,1180.0,3.54,전액매수,0.0,0.0,0.0,1282.3046063568581,1000000.0,1000000.0,15.434139474582832,0.0,0.0,1266.8704668822752,82082351.85178779,82082351.85178779
2008,일시매수,54,2012-06-30,56.89645004272461,1141.17,3.54,전액매수,0.0,0.0,0.0,1266.8704668822752,1000000.0,1000000.0,15.401551903695259,0.0,0.0,1251.46891497858,81256026.84741905,81256026.84741905
2008,일시매수,55,2012-07-31,57.463993072509766,1130.27,3.34,전액매수,0.0,0.0,0.0,1251.46891497858,1000000.0,1000000.0,15.396499717706176,0.0,0.0,1236.0724152608739,80282690.0869796,80282690.0869796
2008,일시매수,56,2012-08-31,60.44361114501953,1133.2,3.19,전액매수,0.0,0.0,0.0,1236.0724152608739,1000000.0,1000000.0,14.59966972359645,0.0,0.0,1221.4727455372774,83664409.44640647,83664409.44640647
2008,일시매수,57,2012-09-30,60.98059844970703,1111.21,3.14,전액매수,0.0,0.0,0.0,1221.4727455372774,1000000.0,1000000.0,14.757479100020031,0.0,0.0,1206.7152664372575,81769742.53249116,81769742.53249116
2008,일시매수,58,2012-10-31,57.76125717163086,1090.17,2.93,전액매수,0.0,0.0,0.0,1206.7152664372575,1000000.0,1000000.0,15.88068152063766,0.0,0.0,1190.8345849166199,74986365.24944328,74986365.24944328
2008,일시매수,59,2012-11-30,58.51719284057617,1081.75,2.85,전액매수,0.0,0.0,0.0,1190.8345849166199,1000000.0,1000000.0,15.797545392979005,0.0,0.0,1175.037039523641,74380988.33036868,74380988.33036868
2008,일시매수,60,2012-12-31,58.24394989013672,1063.24,2.88,전액매수,0.0,0.0,0.0,1175.037039523641,1000000.0,1000000.0,16.147967760636632,0.0,0.0,1158.8890717630043,71766868.0629887,71766868.0629887
2008,일시매수,61,2013-01-31,59.799983978271484,1087.46,2.86,전액매수,0.0,0.0,0.0,1158.8890717630043,1000000.0,1000000.0,15.377496650043287,0.0,0.0,1143.511575112961,74362661.3054565,74362661.3054565
2008,일시매수,62,2013-02-28,60.00566482543945,1083.9,2.83,전액매수,0.0,0.0,0.0,1143.511575112961,1000000.0,1000000.0,15.37512063160488,0.0,0.0,1128.1364544813562,73374153.0562287,73374153.0562287
2008,일시매수,63,2013-03-31,61.82071304321289,1112.48,2.81,전액매수,0.0,0.0,0.0,1128.1364544813562,1000000.0,1000000.0,14.540313757500314,0.0,0.0,1113.5961407238558,76586802.68501294,76586802.68501294
2008,일시매수,64,2013-04-30,63.38931655883789,1101.52,2.8,전액매수,0.0,0.0,0.0,1113.5961407238558,1000000.0,1000000.0,14.321600128683558,0.0,0.0,1099.2745405951723,76756405.06073938,76756405.06073938
2008,일시매수,65,2013-05-31,65.65702056884766,1129.34,2.72,전액매수,0.0,0.0,0.0,1099.2745405951723,1000000.0,1000000.0,13.486340431241372,0.0,0.0,1085.788200163931,80510217.40847363,80510217.40847363
2008,일시매수,66,2013-06-30,64.0843734741211,1141.45,2.69,전액매수,0.0,0.0,0.0,1085.788200163931,1000000.0,1000000.0,13.670706669520868,0.0,0.0,1072.1174934944102,78424438.42970596,78424438.42970596
2008,일시매수,67,2013-07-31,68.13068389892578,1122.66,2.68,전액매수,0.0,0.0,0.0,1072.1174934944102,1000000.0,1000000.0,13.074015707868398,0.0,0.0,1059.0434777865416,81003687.11880715,81003687.11880715
2008,일시매수,68,2013-08-31,67.86092376708984,1109.42,2.66,전액매수,0.0,0.0,0.0,1059.0434777865416,1000000.0,1000000.0,13.282635100978247,0.0,0.0,1045.7608426855634,78731429.02258489,78731429.02258489
2008,일시매수,69,2013-09-30,71.14009857177734,1073.33,2.66,전액매수,0.0,0.0,0.0,1045.7608426855634,1000000.0,1000000.0,13.096410192760567,0.0,0.0,1032.664432492803,78850953.6043426,78850953.6043426
2008,일시매수,70,2013-10-31,74.66643524169922,1060.83,2.66,전액매수,0.0,0.0,0.0,1032.664432492803,1000000.0,1000000.0,12.624924496256153,0.0,0.0,1020.0395079965467,80795691.75237708,80795691.75237708
2008,일시매수,71,2013-11-30,77.3179702758789,1057.76,2.65,전액매수,0.0,0.0,0.0,1020.0395079965467,1000000.0,1000000.0,12.227352022598394,0.0,0.0,1007.8121559739483,82422764.48010382,82422764.48010382
2008,일시매수,72,2013-12-31,79.58113098144531,1055.25,2.65,전액매수,0.0,0.0,0.0,1007.8121559739483,1000000.0,1000000.0,11.907882270590774,0.0,0.0,995.9042737033575,83634037.61246194,83634037.61246194
2008,일시매수,73,2014-01-31,78.05211639404297,1080.36,2.65,전액매수,0.0,0.0,0.0,995.9042737033575,1000000.0,1000000.0,11.858965900732937,0.0,0.0,984.0453078026245,82979014.86855665,82979014.86855665
2008,일시매수,74,2014-02-28,82.07371520996094,1066.01,2.65,전액매수,0.0,0.0,0.0,984.0453078026245,1000000.0,1000000.0,11.429694653928948,0.0,0.0,972.6156131486955,85095502.77568962,85095502.77568962
2008,일시매수,75,2014-03-31,79.83013153076172,1064.65,2.65,전액매수,0.0,0.0,0.0,972.6156131486955,1000000.0,1000000.0,11.765930987876633,0.0,0.0,960.8496821608188,81663719.01644316,81663719.01644316
2008,일시매수,76,2014-04-30,79.5751953125,1032.85,2.65,전액매수,0.0,0.0,0.0,960.8496821608188,1000000.0,1000000.0,12.167042719678147,0.0,0.0,948.6826394411406,77971505.59082083,77971505.59082083
2008,일시매수,77,2014-05-31,83.1446304321289,1020.3,2.65,전액매수,0.0,0.0,0.0,948.6826394411406,1000000.0,1000000.0,11.787939713226674,0.0,0.0,936.8946997279139,79479088.16302055,79479088.16302055
2008,일시매수,78,2014-06-30,85.74197387695312,1011.6,2.65,전액매수,0.0,0.0,0.0,936.8946997279139,1000000.0,1000000.0,11.52916095005458,0.0,0.0,925.3655387778593,80263042.79961315,80263042.79961315
2008,일시매수,79,2014-07-31,86.75536346435547,1027.75,2.65,전액매수,0.0,0.0,0.0,925.3655387778593,1000000.0,1000000.0,11.215436503246469,0.0,0.0,914.1501022746129,81508205.41046254,81508205.41046254
2008,일시매수,80,2014-08-31,91.10137939453125,1013.85,2.52,전액매수,0.0,0.0,0.0,914.1501022746129,1000000.0,1000000.0,10.826830599129158,0.0,0.0,903.3232716754837,83433767.93464759,83433767.93464759
2008,일시매수,81,2014-09-30,90.41202545166016,1054.55,2.35,전액매수,0.0,0.0,0.0,903.3232716754837,1000000.0,1000000.0,10.488336810877342,0.0,0.0,892.8349348646063,85126455.31545639,85126455.31545639
2008,일시매수,82,2014-10-31,92.80072021484375,1073.07,2.21,전액매수,0.0,0.0,0.0,892.8349348646063,1000000.0,1000000.0,10.042008852023338,0.0,0.0,882.792926012583,87909992.81331159,87909992.81331159
2008,일시매수,83,2014-11-30,97.01976013183594,1112.06,2.14,전액매수,0.0,0.0,0.0,882.792926012583,1000000.0,1000000.0,9.26854544478773,0.0,0.0,873.5243805677953,94246112.91721417,94246112.91721417
2008,일시매수,84,2014-12-31,94.84591674804688,1090.89,2.13,전액매수,0.0,0.0,0.0,873.5243805677953,1000000.0,1000000.0,9.664967560482188,0.0,0.0,863.8594130073132,89380477.23402964,89380477.23402964
2008,일시매수,85,2015-01-31,92.87090301513672,1104.3,2.13,전액매수,0.0,0.0,0.0,863.8594130073132,1000000.0,1000000.0,9.750643079811809,0.0,0.0,854.1087699275014,87595121.97671232,87595121.97671232
2008,일시매수,86,2015-02-28,99.57671356201172,1100.65,2.12,전액매수,0.0,0.0,0.0,854.1087699275014,1000000.0,1000000.0,9.124161701575952,0.0,0.0,844.9846082259254,92609560.84107728,92609560.84107728
2008,일시매수,87,2015-03-31,97.22772979736328,1107.71,1.95,전액매수,0.0,0.0,0.0,844.9846082259254,1000000.0,1000000.0,9.28503998316416,0.0,0.0,835.6995682427612,90004950.9488457,90004950.9488457
2008,일시매수,88,2015-04-30,99.09678649902344,1076.74,1.81,전액매수,0.0,0.0,0.0,835.6995682427612,1000000.0,1000000.0,9.37194176890605,0.0,0.0,826.3276264738552,88170375.66488308,88170375.66488308
2008,일시매수,89,2015-05-31,101.32492065429688,1111.99,1.8,전액매수,0.0,0.0,0.0,826.3276264738552,1000000.0,1000000.0,8.875295996885576,0.0,0.0,817.4523304769696,92104233.00403965,92104233.00403965
2008,일시매수,90,2015-06-30,98.80795288085938,1117.34,1.7,전액매수,0.0,0.0,0.0,817.4523304769696,1000000.0,1000000.0,9.057800518471668,0.0,0.0,808.3945299584979,89248436.00937451,89248436.00937451
2008,일시매수,91,2015-07-31,103.31137084960938,1159.7,1.65,전액매수,0.0,0.0,0.0,808.3945299584979,1000000.0,1000000.0,8.34653499387769,0.0,0.0,800.0479949646202,95853907.70558892,95853907.70558892
2008,일시매수,92,2015-08-31,96.26093292236328,1182.54,1.64,전액매수,0.0,0.0,0.0,800.0479949646202,1000000.0,1000000.0,8.784844808827106,0.0,0.0,791.2631501557931,90071386.27659346,90071386.27659346
2008,일시매수,93,2015-09-30,94.13616943359375,1184.62,1.6,전액매수,0.0,0.0,0.0,791.2631501557931,1000000.0,1000000.0,8.96735612176437,0.0,0.0,782.2957940340287,87238176.270857,87238176.270857
2008,일시매수,94,2015-10-31,104.83930969238281,1140.5,1.58,전액매수,0.0,0.0,0.0,782.2957940340287,1000000.0,1000000.0,8.363355500274835,0.0,0.0,773.932438533754,92538507.84034243,92538507.84034243
2008,일시매수,95,2015-11-30,105.47760772705078,1149.39,1.59,전액매수,0.0,0.0,0.0,773.932438533754,1000000.0,1000000.0,8.248449396685212,0.0,0.0,765.6839891370687,92827627.63202168,92827627.63202168
2008,일시매수,96,2015-12-31,103.79549407958984,1169.26,1.67,전액매수,0.0,0.0,0.0,765.6839891370687,1000000.0,1000000.0,8.23968115797513,0.0,0.0,757.4443079790935,91926409.94924524,91926409.94924524
2008,일시매수,97,2016-01-31,96.6227798461914,1210.04,1.67,전액매수,0.0,0.0,0.0,757.4443079790935,1000000.0,1000000.0,8.55304476513904,0.0,0.0,748.8912632139545,87558440.73987849,87558440.73987849
2008,일시매수,98,2016-02-29,95.11029052734375,1238.09,1.64,전액매수,0.0,0.0,0.0,748.8912632139545,1000000.0,1000000.0,8.492201215959062,0.0,0.0,740.3990619979954,87185765.2885794,87185765.2885794
2008,일시매수,99,2016-03-31,101.62784576416016,1138.86,1.63,전액매수,0.0,0.0,0.0,740.3990619979954,1000000.0,1000000.0,8.64006362535049,0.0,0.0,731.7589983726449,84693704.82708229,84693704.82708229
2008,일시매수,100,2016-04-30,98.38916778564453,1144.09,1.61,전액매수,0.0,0.0,0.0,731.7589983726449,1000000.0,1000000.0,8.883672161918165,0.0,0.0,722.8753262107267,81371229.49105355,81371229.49105355
2008,일시매수,101,2016-05-31,102.68879699707031,1188.99,1.58,전액매수,0.0,0.0,0.0,722.8753262107267,1000000.0,1000000.0,8.190279673862781,0.0,0.0,714.685046536864,87260151.667055,87260151.667055
2008,일시매수,102,2016-06-30,100.34950256347656,1154.15,1.43,전액매수,0.0,0.0,0.0,714.685046536864,1000000.0,1000000.0,8.634208266045675,0.0,0.0,706.0508382708183,81773663.14493336,81773663.14493336
2008,일시매수,103,2016-07-31,107.52534484863281,1112.89,1.36,전액매수,0.0,0.0,0.0,706.0508382708183,1000000.0,1000000.0,8.356740491820076,0.0,0.0,697.6940977789982,83488783.51097895,83488783.51097895
2008,일시매수,104,2016-08-31,108.6544189453125,1115.98,1.35,전액매수,0.0,0.0,0.0,697.6940977789982,1000000.0,1000000.0,8.247003803724308,0.0,0.0,689.4470939752739,83599706.07312231,83599706.07312231
2008,일시매수,105,2016-09-30,111.05952453613281,1097.98,1.34,전액매수,0.0,0.0,0.0,689.4470939752739,1000000.0,1000000.0,8.200678020975545,0.0,0.0,681.2464159542983,83071962.36845522,83071962.36845522
2008,일시매수,106,2016-10-31,109.44116973876953,1145.37,1.35,전액매수,0.0,0.0,0.0,681.2464159542983,1000000.0,1000000.0,7.977622285490401,0.0,0.0,673.2687936688079,84394669.18524593,84394669.18524593
2008,일시매수,107,2016-11-30,109.91825103759766,1175.87,1.42,전액매수,0.0,0.0,0.0,673.2687936688079,1000000.0,1000000.0,7.7369694168529275,0.0,0.0,665.531824251955,86019704.66656765,86019704.66656765
2008,일시매수,108,2016-12-31,111.16278076171875,1203.73,1.54,전액매수,0.0,0.0,0.0,665.531824251955,1000000.0,1000000.0,7.473284460506867,0.0,0.0,658.0585397914481,88054796.15676452,88054796.15676452
2008,일시매수,109,2017-01-31,116.8766860961914,1151.45,1.5,전액매수,0.0,0.0,0.0,658.0585397914481,1000000.0,1000000.0,7.430653783646564,0.0,0.0,650.6278860078015,87559978.56335442,87559978.56335442
2008,일시매수,110,2017-02-28,121.99009704589844,1129.17,1.49,전액매수,0.0,0.0,0.0,650.6278860078015,1000000.0,1000000.0,7.259656834436199,0.0,0.0,643.3682291733653,88622402.38705866,88622402.38705866
2008,일시매수,111,2017-03-31,124.46270751953125,1117.48,1.48,전액매수,0.0,0.0,0.0,643.3682291733653,1000000.0,1000000.0,7.189869315437843,0.0,0.0,636.1783598579275,88482604.0567868,88482604.0567868
2008,일시매수,112,2017-04-30,127.85678100585938,1136.99,1.43,전액매수,0.0,0.0,0.0,636.1783598579275,1000000.0,1000000.0,6.878909388273054,0.0,0.0,629.2994504696544,91482445.10132146,91482445.10132146
2008,일시매수,113,2017-05-31,132.83978271484375,1119.58,1.39,전액매수,0.0,0.0,0.0,629.2994504696544,1000000.0,1000000.0,6.723829801861346,0.0,0.0,622.575620667793,92592412.21356416,92592412.21356416
2008,일시매수,114,2017-06-30,129.76060485839844,1143.75,1.38,전액매수,0.0,0.0,0.0,622.575620667793,1000000.0,1000000.0,6.737922814438256,0.0,0.0,615.8376978533548,91398746.29221284,91398746.29221284
2008,일시매수,115,2017-07-31,135.0306396484375,1121.86,1.39,전액매수,0.0,0.0,0.0,615.8376978533548,1000000.0,1000000.0,6.60129303214384,0.0,0.0,609.236404821211,92290465.19441584,92290465.19441584
2008,일시매수,116,2017-08-31,137.83059692382812,1122.36,1.39,전액매수,0.0,0.0,0.0,609.236404821211,1000000.0,1000000.0,6.464310111012158,0.0,0.0,602.7720947101988,93246159.97047502,93246159.97047502
2008,일시매수,117,2017-09-30,137.42367553710938,1142.57,1.38,전액매수,0.0,0.0,0.0,602.7720947101988,1000000.0,1000000.0,6.368770851011641,0.0,0.0,596.4033238591871,93644965.06644638,93644965.06644638
2008,일시매수,118,2017-10-31,143.75392150878906,1115.68,1.38,전액매수,0.0,0.0,0.0,596.4033238591871,1000000.0,1000000.0,6.235060205407442,0.0,0.0,590.1682636537797,94653178.03057429,94653178.03057429
2008,일시매수,119,2017-11-30,146.5884246826172,1084.79,1.45,전액매수,0.0,0.0,0.0,590.1682636537797,1000000.0,1000000.0,6.2886098156397425,0.0,0.0,583.87965383814,92847174.64677711,92847174.64677711
2008,일시매수,120,2017-12-31,147.4724884033203,1067.42,1.66,전액매수,0.0,0.0,0.0,583.87965383814,1000000.0,1000000.0,6.352631382658852,0.0,0.0,577.5270224554812,90911464.50461306,90911464.50461306
2008,분할매수,0,2007-12-31,44.00508117675781,935.8,5.73,분할매수,100000000.0,0.0,100000000.0,0.0,0.0,0.0,0.0,8333333.333333333,91666666.66666667,202.3638282356933,8333333.333333333,100000000.0
2008,분할매수,1,2008-01-31,38.77293395996094,943.4,5.81,분할매수,91666666.66666667,437708.33333333343,92104375.0,202.3638282356933,1000000.0,1000000.0,0.0,8333333.333333333,82771041.66666667,430.1850709939298,15735475.534300134,98506517.2009668
2008,분할매수,2,2008-02-29,36.90000534057617,942.8,5.28,분할매수,82771041.66666667,400749.7934027778,83171791.46006945,430.1850709939298,1000000.0,1000000.0,0.0,8333333.333333333,73838458.12673612,669.7221509725362,23299181.59338667,97137639.72012278
2008,분할매수,3,2008-03-31,37.59089660644531,988.6,5.25,분할매수,73838458.12673612,324889.215757639,74163347.34249376,669.7221509725362,1000000.0,1000000.0,0.0,8333333.333333333,64830014.00916042,893.9633791122694,33221789.265680395,98051803.27484082
2008,분할매수,4,2008-04-30,40.59162139892578,1005.0,5.38,분할매수,64830014.00916042,283631.3112900768,65113645.3204505,893.9633791122694,1000000.0,1000000.0,0.0,8333333.333333333,55780311.987117164,1098.2388841980355,44802193.47791008,100582505.46502724
2008,분할매수,5,2008-05-31,42.999122619628906,1028.5,5.36,분할매수,55780311.987117164,250081.73207557527,56030393.719192736,1098.2388841980355,1000000.0,1000000.0,0.0,8333333.333333333,46697060.3858594,1286.6709736432304,56902506.071356446,103599566.45721585
2008,분할매수,6,2008-06-30,38.86471176147461,1046.8,5.36,분할매수,46697060.3858594,208580.20305683865,46905640.58891624,1286.6709736432304,1000000.0,1000000.0,0.0,8333333.333333333,37572307.25558291,1491.503814746125,60679715.173086375,98252022.42866927
2008,분할매수,7,2008-07-31,39.11422348022461,1011.5,5.52,분할매수,37572307.25558291,167822.97240827032,37740130.22799118,1491.503814746125,1000000.0,1000000.0,0.0,8333333.333333333,28406796.894657847,1702.132809020643,67343245.52053405,95750042.4151919
2008,분할매수,8,2008-08-31,39.682106018066406,1089.0,5.77,분할매수,28406796.894657847,130671.2657154261,28537468.160373274,1702.132809020643,1000000.0,1000000.0,0.0,8333333.333333333,19204134.827039942,1894.9723820027118,81888983.01573005,101093117.84277
2008,분할매수,9,2008-09-30,33.501121520996094,1206.3,5.79,분할매수,19204134.827039942,92339.88162668371,19296474.708666626,1894.9723820027118,1000000.0,1000000.0,0.0,8333333.333333333,9963141.375333294,2101.179702954544,84913720.7017234,94876862.07705669
2008,분할매수,10,2008-10-31,28.31795310974121,1277.5,6.03,분할매수,9963141.375333294,48072.15713598315,10011213.532469278,2101.179702954544,1000000.0,1000000.0,0.0,8333333.333333333,677880.1991359452,2331.5338243421097,84345999.19093546,85023879.3900714
2008,분할매수,11,2008-11-30,25.072021484375,1468.0,5.62,분할매수,677880.1991359452,3406.3480006581244,681286.5471366033,2331.5338243421097,1000000.0,1000000.0,8.659343916653762,0.0,0.0,2322.874480425456,85495085.2339807,85495085.2339807
2008,분할매수,12,2008-12-31,25.643007278442383,1262.0,4.68,분할매수,0.0,0.0,0.0,2322.874480425456,1000000.0,1000000.0,30.90093990682261,0.0,0.0,2291.9735405186334,74171644.85707404,74171644.85707404
2008,분할매수,13,2009-01-31,25.056692123413086,1380.0,3.22,분할매수,0.0,0.0,0.0,2291.9735405186334,1000000.0,1000000.0,28.91992596589857,0.0,0.0,2263.053614552735,78252399.99650253,78252399.99650253
2008,분할매수,14,2009-02-28,23.737457275390625,1532.8,2.7,분할매수,0.0,0.0,0.0,2263.053614552735,1000000.0,1000000.0,27.48402356260093,0.0,0.0,2235.5695909901337,81340695.47343133,81340695.47343133
2008,분할매수,15,2009-03-31,26.18634796142578,1372.3,2.45,분할매수,0.0,0.0,0.0,2235.5695909901337,1000000.0,1000000.0,27.82761602742671,0.0,0.0,2207.741974962707,79336367.61362423,79336367.61362423
2008,분할매수,16,2009-04-30,29.606460571289062,1277.0,2.42,분할매수,0.0,0.0,0.0,2207.741974962707,1000000.0,1000000.0,26.449813358076177,0.0,0.0,2181.292161604631,82469094.661441,82469094.661441
2008,분할매수,17,2009-05-31,30.55649757385254,1249.0,2.41,분할매수,0.0,0.0,0.0,2181.292161604631,1000000.0,1000000.0,26.20197260745757,0.0,0.0,2155.0901889971733,82249158.15627539,82249158.15627539
2008,분할매수,18,2009-06-30,31.458803176879883,1273.5,2.41,분할매수,0.0,0.0,0.0,2155.0901889971733,1000000.0,1000000.0,24.96082034459719,0.0,0.0,2130.129368652576,85338916.72008473,85338916.72008473
2008,분할매수,19,2009-07-31,34.113521575927734,1222.2,2.41,분할매수,0.0,0.0,0.0,2130.129368652576,1000000.0,1000000.0,23.984527445056163,0.0,0.0,2106.1448412075197,87812646.96718681,87812646.96718681
2008,분할매수,20,2009-08-31,34.61505126953125,1248.0,2.48,분할매수,0.0,0.0,0.0,2106.1448412075197,1000000.0,1000000.0,23.148371066760582,0.0,0.0,2082.996470140759,89984580.95100237,89984580.95100237
2008,분할매수,21,2009-09-30,36.570106506347656,1175.0,2.64,분할매수,0.0,0.0,0.0,2082.996470140759,1000000.0,1000000.0,23.272117887857686,0.0,0.0,2059.724352252901,88506098.24933767,88506098.24933767
2008,분할매수,22,2009-10-31,35.45353317260742,1182.0,2.79,분할매수,0.0,0.0,0.0,2059.724352252901,1000000.0,1000000.0,23.86288792556643,0.0,0.0,2035.8614643273347,85314965.67714822,85314965.67714822
2008,분할매수,23,2009-11-30,37.70399475097656,1164.4,2.79,분할매수,0.0,0.0,0.0,2035.8614643273347,1000000.0,1000000.0,22.77772980522746,0.0,0.0,2013.0837345221073,88379472.04291216,88379472.04291216
2008,분할매수,24,2009-12-31,39.66565704345703,1163.65,2.82,분할매수,0.0,0.0,0.0,2013.0837345221073,1000000.0,1000000.0,21.66521352150372,0.0,0.0,1991.4185210006035,91917788.81034471,91917788.81034471
2008,분할매수,25,2010-01-31,37.09931945800781,1158.7,2.88,분할매수,0.0,0.0,0.0,1991.4185210006035,1000000.0,1000000.0,23.262856942484163,0.0,0.0,1968.1556640581193,84605071.03337525,84605071.03337525
2008,분할매수,26,2010-02-28,38.807308197021484,1159.0,2.88,분할매수,0.0,0.0,0.0,1968.1556640581193,1000000.0,1000000.0,22.233254758319276,0.0,0.0,1945.9224092998002,87523056.36095281,87523056.36095281
2008,분할매수,27,2010-03-31,41.799720764160156,1131.2,2.83,분할매수,0.0,0.0,0.0,1945.9224092998002,1000000.0,1000000.0,21.14887269495485,0.0,0.0,1924.7735366048453,91010691.8873273,91010691.8873273
2008,분할매수,28,2010-04-30,42.73708724975586,1108.0,2.51,분할매수,0.0,0.0,0.0,1924.7735366048453,1000000.0,1000000.0,21.118123248266766,0.0,0.0,1903.6554133565785,90143209.74345188,90143209.74345188
2008,분할매수,29,2010-05-31,39.57780075073242,1194.5,2.45,분할매수,0.0,0.0,0.0,1903.6554133565785,1000000.0,1000000.0,21.152523593762744,0.0,0.0,1882.5028897628158,88996609.85689247,88996609.85689247
2008,분할매수,30,2010-06-30,37.212772369384766,1220.85,2.45,분할매수,0.0,0.0,0.0,1882.5028897628158,1000000.0,1000000.0,22.011298636484625,0.0,0.0,1860.4915911263313,84524390.0349655,84524390.0349655
2008,분할매수,31,2010-07-31,39.91376495361328,1182.0,2.58,분할매수,0.0,0.0,0.0,1860.4915911263313,1000000.0,1000000.0,21.19628879025842,0.0,0.0,1839.2953023360728,86774402.84647341,86774402.84647341
2008,분할매수,32,2010-08-31,37.86624526977539,1198.0,2.63,분할매수,0.0,0.0,0.0,1839.2953023360728,1000000.0,1000000.0,22.044027205617205,0.0,0.0,1817.2512751304557,82437354.0360805,82437354.0360805
2008,분할매수,33,2010-09-30,42.85429382324219,1140.1,2.66,분할매수,0.0,0.0,0.0,1817.2512751304557,1000000.0,1000000.0,20.467401611380872,0.0,0.0,1796.7838735190749,87787590.61042587,87787590.61042587
2008,분할매수,34,2010-10-31,45.57033157348633,1124.0,2.66,분할매수,0.0,0.0,0.0,1796.7838735190749,1000000.0,1000000.0,19.523222337493884,0.0,0.0,1777.260651181581,91033161.45554487,91033161.45554487
2008,분할매수,35,2010-11-30,45.49174880981445,1157.2,2.73,분할매수,0.0,0.0,0.0,1777.260651181581,1000000.0,1000000.0,18.995859230715258,0.0,0.0,1758.2647919508656,92560424.38490218,92560424.38490218
2008,분할매수,36,2010-12-31,47.65583801269531,1130.6,2.8,분할매수,0.0,0.0,0.0,1758.2647919508656,1000000.0,1000000.0,18.559869062262504,0.0,0.0,1739.704922888603,93734762.7320237,93734762.7320237
2008,분할매수,37,2011-01-31,49.00342559814453,1119.1,2.93,분할매수,0.0,0.0,0.0,1739.704922888603,1000000.0,1000000.0,18.23495364753519,0.0,0.0,1721.469969241068,94404954.49100077,94404954.49100077
2008,분할매수,38,2011-02-28,50.55229187011719,1123.7,3.13,분할매수,0.0,0.0,0.0,1721.469969241068,1000000.0,1000000.0,17.603894992206044,0.0,0.0,1703.8660742488619,96789152.3440257,96789152.3440257
2008,분할매수,39,2011-03-31,50.32568359375,1097.25,3.35,분할매수,0.0,0.0,0.0,1703.8660742488619,1000000.0,1000000.0,18.109427778049056,0.0,0.0,1685.7566464708127,93087239.81406885,93087239.81406885
2008,분할매수,40,2011-04-30,51.771575927734375,1068.4,3.4,분할매수,0.0,0.0,0.0,1685.7566464708127,1000000.0,1000000.0,18.07901376956591,0.0,0.0,1667.6776327012467,92243838.8485883,92243838.8485883
2008,분할매수,41,2011-05-31,51.1406364440918,1078.0,3.46,분할매수,0.0,0.0,0.0,1667.6776327012467,1000000.0,1000000.0,18.139073920223204,0.0,0.0,1649.5385587810235,90938410.97047172,90938410.97047172
2008,분할매수,42,2011-06-30,50.10478973388672,1066.3,3.53,분할매수,0.0,0.0,0.0,1649.5385587810235,1000000.0,1000000.0,18.717220078615295,0.0,0.0,1630.8213387024082,87129463.2350691,87129463.2350691
2008,분할매수,43,2011-07-31,50.93914031982422,1054.0,3.59,분할매수,0.0,0.0,0.0,1630.8213387024082,1000000.0,1000000.0,18.62549303852943,0.0,0.0,1612.1958456638788,86558559.40719673,86558559.40719673
2008,분할매수,44,2011-08-31,48.35704040527344,1063.9,3.59,분할매수,0.0,0.0,0.0,1612.1958456638788,1000000.0,1000000.0,19.43745845934499,0.0,0.0,1592.7583872045338,81942728.80561604,81942728.80561604
2008,분할매수,45,2011-09-30,46.18540954589844,1180.9,3.58,분할매수,0.0,0.0,0.0,1592.7583872045338,1000000.0,1000000.0,18.335049143725616,0.0,0.0,1574.4233380608082,85869600.11501181,85869600.11501181
2008,분할매수,46,2011-10-31,50.989601135253906,1112.05,3.58,분할매수,0.0,0.0,0.0,1574.4233380608082,1000000.0,1000000.0,17.635755566995662,0.0,0.0,1556.7875824938126,88274504.40554154,88274504.40554154
2008,분할매수,47,2011-11-30,49.61699295043945,1140.05,3.56,분할매수,0.0,0.0,0.0,1556.7875824938126,1000000.0,1000000.0,17.678510095185096,0.0,0.0,1539.1090723986274,87061017.25268227,87061017.25268227
2008,분할매수,48,2011-12-31,49.31224060058594,1158.5,3.55,분할매수,0.0,0.0,0.0,1539.1090723986274,1000000.0,1000000.0,17.50448048400194,0.0,0.0,1521.6045919146254,86926578.21551928,86926578.21551928
2008,분할매수,49,2012-01-31,53.46356201171875,1125.7,3.55,분할매수,0.0,0.0,0.0,1521.6045919146254,1000000.0,1000000.0,16.615730657883987,0.0,0.0,1504.9888612567415,90576146.92030653,90576146.92030653
2008,분할매수,50,2012-02-29,56.89059066772461,1117.1,3.53,분할매수,0.0,0.0,0.0,1504.9888612567415,1000000.0,1000000.0,15.735027466003562,0.0,0.0,1489.2538337907379,94645772.75180213,94645772.75180213
2008,분할매수,51,2012-03-31,59.765281677246094,1131.4,3.54,분할매수,0.0,0.0,0.0,1489.2538337907379,1000000.0,1000000.0,14.78886535373972,0.0,0.0,1474.464968436998,99701020.54273856,99701020.54273856
2008,분할매수,52,2012-04-30,59.06635665893555,1130.05,3.54,분할매수,0.0,0.0,0.0,1474.464968436998,1000000.0,1000000.0,14.981736586878165,0.0,0.0,1459.4832318501199,97417493.85237597,97417493.85237597
2008,분할매수,53,2012-05-31,54.90799331665039,1180.0,3.54,분할매수,0.0,0.0,0.0,1459.4832318501199,1000000.0,1000000.0,15.434139474582832,0.0,0.0,1444.049092375537,93562008.73742382,93562008.73742382
2008,분할매수,54,2012-06-30,56.89645004272461,1141.17,3.54,분할매수,0.0,0.0,0.0,1444.049092375537,1000000.0,1000000.0,15.401551903695259,0.0,0.0,1428.6475404718417,92759973.11212967,92759973.11212967
2008,분할매수,55,2012-07-31,57.463993072509766,1130.27,3.34,분할매수,0.0,0.0,0.0,1428.6475404718417,1000000.0,1000000.0,15.396499717706176,0.0,0.0,1413.2510407541356,91790411.24060674,91790411.24060674
2008,분할매수,56,2012-08-31,60.44361114501953,1133.2,3.19,분할매수,0.0,0.0,0.0,1413.2510407541356,1000000.0,1000000.0,14.59966972359645,0.0,0.0,1398.6513710305392,95800206.27247438,95800206.27247438
2008,분할매수,57,2012-09-30,60.98059844970703,1111.21,3.14,분할매수,0.0,0.0,0.0,1398.6513710305392,1000000.0,1000000.0,14.757479100020031,0.0,0.0,1383.8938919305192,93775764.99014933,93775764.99014933
2008,분할매수,58,2012-10-31,57.76125717163086,1090.17,2.93,분할매수,0.0,0.0,0.0,1383.8938919305192,1000000.0,1000000.0,15.88068152063766,0.0,0.0,1368.0132104098816,86143230.60582048,86143230.60582048
2008,분할매수,59,2012-11-30,58.51719284057617,1081.75,2.85,분할매수,0.0,0.0,0.0,1368.0132104098816,1000000.0,1000000.0,15.797545392979005,0.0,0.0,1352.2156650169027,85596567.78184514,85596567.78184514
2008,분할매수,60,2012-12-31,58.24394989013672,1063.24,2.88,분할매수,0.0,0.0,0.0,1352.2156650169027,1000000.0,1000000.0,16.147967760636632,0.0,0.0,1336.067697256266,82739061.47578236,82739061.47578236
2008,분할매수,61,2013-01-31,59.799983978271484,1087.46,2.86,분할매수,0.0,0.0,0.0,1336.067697256266,1000000.0,1000000.0,15.377496650043287,0.0,0.0,1320.6902006062228,85884603.36959364,85884603.36959364
2008,분할매수,62,2013-02-28,60.00566482543945,1083.9,2.83,분할매수,0.0,0.0,0.0,1320.6902006062228,1000000.0,1000000.0,15.37512063160488,0.0,0.0,1305.315079974618,84897875.68179664,84897875.68179664
2008,분할매수,63,2013-03-31,61.82071304321289,1112.48,2.81,분할매수,0.0,0.0,0.0,1305.315079974618,1000000.0,1000000.0,14.540313757500314,0.0,0.0,1290.7747662171175,88772139.84129459,88772139.84129459
2008,분할매수,64,2013-04-30,63.38931655883789,1101.52,2.8,분할매수,0.0,0.0,0.0,1290.7747662171175,1000000.0,1000000.0,14.321600128683558,0.0,0.0,1276.453166088434,89127831.7100846,89127831.7100846
2008,분할매수,65,2013-05-31,65.65702056884766,1129.34,2.72,분할매수,0.0,0.0,0.0,1276.453166088434,1000000.0,1000000.0,13.486340431241372,0.0,0.0,1262.9668256571927,93647852.9587986,93647852.9587986
2008,분할매수,66,2013-06-30,64.0843734741211,1141.45,2.69,분할매수,0.0,0.0,0.0,1262.9668256571927,1000000.0,1000000.0,13.670706669520868,0.0,0.0,1249.296118987672,91384896.85928264,91384896.85928264
2008,분할매수,67,2013-07-31,68.13068389892578,1122.66,2.68,분할매수,0.0,0.0,0.0,1249.296118987672,1000000.0,1000000.0,13.074015707868398,0.0,0.0,1236.2221032798034,94555653.81765619,94555653.81765619
2008,분할매수,68,2013-08-31,67.86092376708984,1109.42,2.66,분할매수,0.0,0.0,0.0,1236.2221032798034,1000000.0,1000000.0,13.282635100978247,0.0,0.0,1222.939468178825,92070546.15907933,92070546.15907933
2008,분할매수,69,2013-09-30,71.14009857177734,1073.33,2.66,분할매수,0.0,0.0,0.0,1222.939468178825,1000000.0,1000000.0,13.096410192760567,0.0,0.0,1209.8430579860647,92379746.82977183,92379746.82977183
2008,분할매수,70,2013-10-31,74.66643524169922,1060.83,2.66,분할매수,0.0,0.0,0.0,1209.8430579860647,1000000.0,1000000.0,12.624924496256153,0.0,0.0,1197.2181334898085,94829726.21696363,94829726.21696363
2008,분할매수,71,2013-11-30,77.3179702758789,1057.76,2.65,분할매수,0.0,0.0,0.0,1197.2181334898085,1000000.0,1000000.0,12.227352022598394,0.0,0.0,1184.9907814672101,96913115.71607079,96913115.71607079
2008,분할매수,72,2013-12-31,79.58113098144531,1055.25,2.65,분할매수,0.0,0.0,0.0,1184.9907814672101,1000000.0,1000000.0,11.907882270590774,0.0,0.0,1173.0828991966193,98513142.18094133,98513142.18094133
2008,분할매수,73,2014-01-31,78.05211639404297,1080.36,2.65,분할매수,0.0,0.0,0.0,1173.0828991966193,1000000.0,1000000.0,11.858965900732937,0.0,0.0,1161.2239332958864,97919493.40406804,97919493.40406804
2008,분할매수,74,2014-02-28,82.07371520996094,1066.01,2.65,분할매수,0.0,0.0,0.0,1161.2239332958864,1000000.0,1000000.0,11.429694653928948,0.0,0.0,1149.7942386419575,100597108.97409816,100597108.97409816
2008,분할매수,75,2014-03-31,79.83013153076172,1064.65,2.65,분할매수,0.0,0.0,0.0,1149.7942386419575,1000000.0,1000000.0,11.765930987876633,0.0,0.0,1138.028307654081,96722334.07000953,96722334.07000953
2008,분할매수,76,2014-04-30,79.5751953125,1032.85,2.65,분할매수,0.0,0.0,0.0,1138.028307654081,1000000.0,1000000.0,12.167042719678147,0.0,0.0,1125.8612649344027,92533682.24913941,92533682.24913941
2008,분할매수,77,2014-05-31,83.1446304321289,1020.3,2.65,분할매수,0.0,0.0,0.0,1125.8612649344027,1000000.0,1000000.0,11.787939713226674,0.0,0.0,1114.073325221176,94509587.96227372,94509587.96227372
2008,분할매수,78,2014-06-30,85.74197387695312,1011.6,2.65,분할매수,0.0,0.0,0.0,1114.073325221176,1000000.0,1000000.0,11.52916095005458,0.0,0.0,1102.5441642711214,95630910.96112262,95630910.96112262
2008,분할매수,79,2014-07-31,86.75536346435547,1027.75,2.65,분할매수,0.0,0.0,0.0,1102.5441642711214,1000000.0,1000000.0,11.215436503246469,0.0,0.0,1091.3287277678749,97305952.15371013,97305952.15371013
2008,분할매수,80,2014-08-31,91.10137939453125,1013.85,2.52,분할매수,0.0,0.0,0.0,1091.3287277678749,1000000.0,1000000.0,10.826830599129158,0.0,0.0,1080.5018971687457,99798540.97427684,99798540.97427684
2008,분할매수,81,2014-09-30,90.41202545166016,1054.55,2.35,분할매수,0.0,0.0,0.0,1080.5018971687457,1000000.0,1000000.0,10.488336810877342,0.0,0.0,1070.0135603578683,102019374.43963172,102019374.43963172
2008,분할매수,82,2014-10-31,92.80072021484375,1073.07,2.21,분할매수,0.0,0.0,0.0,1070.0135603578683,1000000.0,1000000.0,10.042008852023338,0.0,0.0,1059.971551505845,105553736.02287494,105553736.02287494
2008,분할매수,83,2014-11-30,97.01976013183594,1112.06,2.14,분할매수,0.0,0.0,0.0,1059.971551505845,1000000.0,1000000.0,9.26854544478773,0.0,0.0,1050.703006061057,113362232.76025817,113362232.76025817
2008,분할매수,84,2014-12-31,94.84591674804688,1090.89,2.13,분할매수,0.0,0.0,0.0,1050.703006061057,1000000.0,1000000.0,9.664967560482188,0.0,0.0,1041.0380385005749,107712522.7773281,107712522.7773281
2008,분할매수,85,2015-01-31,92.87090301513672,1104.3,2.13,분할매수,0.0,0.0,0.0,1041.0380385005749,1000000.0,1000000.0,9.750643079811809,0.0,0.0,1031.287395420763,105766090.19316776,105766090.19316776
2008,분할매수,86,2015-02-28,99.57671356201172,1100.65,2.12,분할매수,0.0,0.0,0.0,1031.287395420763,1000000.0,1000000.0,9.124161701575952,0.0,0.0,1022.163233719187,112028180.46754213,112028180.46754213
2008,분할매수,87,2015-03-31,97.22772979736328,1107.71,1.95,분할매수,0.0,0.0,0.0,1022.163233719187,1000000.0,1000000.0,9.28503998316416,0.0,0.0,1012.8781937360228,109087111.69500573,109087111.69500573
2008,분할매수,88,2015-04-30,99.09678649902344,1076.74,1.81,분할매수,0.0,0.0,0.0,1012.8781937360228,1000000.0,1000000.0,9.37194176890605,0.0,0.0,1003.5062519671168,107075596.14769696,107075596.14769696
2008,분할매수,89,2015-05-31,101.32492065429688,1111.99,1.8,분할매수,0.0,0.0,0.0,1003.5062519671168,1000000.0,1000000.0,8.875295996885576,0.0,0.0,994.6309559702312,112067355.98669119,112067355.98669119
2008,분할매수,90,2015-06-30,98.80795288085938,1117.34,1.7,분할매수,0.0,0.0,0.0,994.6309559702312,1000000.0,1000000.0,9.057800518471668,0.0,0.0,985.5731554517595,108809324.4537534,108809324.4537534
2008,분할매수,91,2015-07-31,103.31137084960938,1159.7,1.65,분할매수,0.0,0.0,0.0,985.5731554517595,1000000.0,1000000.0,8.34653499387769,0.0,0.0,977.2266204578818,117081713.69013518,117081713.69013518
2008,분할매수,92,2015-08-31,96.26093292236328,1182.54,1.64,분할매수,0.0,0.0,0.0,977.2266204578818,1000000.0,1000000.0,8.784844808827106,0.0,0.0,968.4417756490548,110240055.08622693,110240055.08622693
2008,분할매수,93,2015-09-30,94.13616943359375,1184.62,1.6,분할매수,0.0,0.0,0.0,968.4417756490548,1000000.0,1000000.0,8.96735612176437,0.0,0.0,959.4744195272904,106996355.05704767,106996355.05704767
2008,분할매수,94,2015-10-31,104.83930969238281,1140.5,1.58,분할매수,0.0,0.0,0.0,959.4744195272904,1000000.0,1000000.0,8.363355500274835,0.0,0.0,951.1110640270156,113723620.14214991,113723620.14214991
2008,분할매수,95,2015-11-30,105.47760772705078,1149.39,1.59,분할매수,0.0,0.0,0.0,951.1110640270156,1000000.0,1000000.0,8.248449396685212,0.0,0.0,942.8626146303303,114307861.9127174,114307861.9127174
2008,분할매수,96,2015-12-31,103.79549407958984,1169.26,1.67,분할매수,0.0,0.0,0.0,942.8626146303303,1000000.0,1000000.0,8.23968115797513,0.0,0.0,934.6229334723552,113429502.3743413,113429502.3743413
2008,분할매수,97,2016-01-31,96.6227798461914,1210.04,1.67,분할매수,0.0,0.0,0.0,934.6229334723552,1000000.0,1000000.0,8.55304476513904,0.0,0.0,926.0698887072161,108273710.02215977,108273710.02215977
2008,분할매수,98,2016-02-29,95.11029052734375,1238.09,1.64,분할매수,0.0,0.0,0.0,926.0698887072161,1000000.0,1000000.0,8.492201215959062,0.0,0.0,917.577687491257,108049451.98035216,108049451.98035216
2008,분할매수,99,2016-03-31,101.62784576416016,1138.86,1.63,분할매수,0.0,0.0,0.0,917.577687491257,1000000.0,1000000.0,8.64006362535049,0.0,0.0,908.9376238659065,105200339.17331654,105200339.17331654
2008,분할매수,100,2016-04-30,98.38916778564453,1144.09,1.61,분할매수,0.0,0.0,0.0,908.9376238659065,1000000.0,1000000.0,8.883672161918165,0.0,0.0,900.0539517039883,101315529.80559883,101315529.80559883
2008,분할매수,101,2016-05-31,102.68879699707031,1188.99,1.58,분할매수,0.0,0.0,0.0,900.0539517039883,1000000.0,1000000.0,8.190279673862781,0.0,0.0,891.8636720301256,108892944.75209247,108892944.75209247
2008,분할매수,102,2016-06-30,100.34950256347656,1154.15,1.43,분할매수,0.0,0.0,0.0,891.8636720301256,1000000.0,1000000.0,8.634208266045675,0.0,0.0,883.2294637640799,102294204.23380455,102294204.23380455
2008,분할매수,103,2016-07-31,107.52534484863281,1112.89,1.36,분할매수,0.0,0.0,0.0,883.2294637640799,1000000.0,1000000.0,8.356740491820076,0.0,0.0,874.8727232722598,104690665.47281459,104690665.47281459
2008,분할매수,104,2016-08-31,108.6544189453125,1115.98,1.35,분할매수,0.0,0.0,0.0,874.8727232722598,1000000.0,1000000.0,8.247003803724308,0.0,0.0,866.6257194685355,105083705.56069967,105083705.56069967
2008,분할매수,105,2016-09-30,111.05952453613281,1097.98,1.34,분할매수,0.0,0.0,0.0,866.6257194685355,1000000.0,1000000.0,8.200678020975545,0.0,0.0,858.42504144756,104677325.36893852,104677325.36893852
2008,분할매수,106,2016-10-31,109.44116973876953,1145.37,1.35,분할매수,0.0,0.0,0.0,858.42504144756,1000000.0,1000000.0,7.977622285490401,0.0,0.0,850.4474191620697,106604121.97113578,106604121.97113578
2008,분할매수,107,2016-11-30,109.91825103759766,1175.87,1.42,분할매수,0.0,0.0,0.0,850.4474191620697,1000000.0,1000000.0,7.7369694168529275,0.0,0.0,842.7104497452167,108919966.5064717,108919966.5064717
2008,분할매수,108,2016-12-31,111.16278076171875,1203.73,1.54,분할매수,0.0,0.0,0.0,842.7104497452167,1000000.0,1000000.0,7.473284460506867,0.0,0.0,835.2371652847098,111763063.4426648,111763063.4426648
2008,분할매수,109,2017-01-31,116.8766860961914,1151.45,1.5,분할매수,0.0,0.0,0.0,835.2371652847098,1000000.0,1000000.0,7.430653783646564,0.0,0.0,827.8065115010633,111404263.42065698,111404263.42065698
2008,분할매수,110,2017-02-28,121.99009704589844,1129.17,1.49,분할매수,0.0,0.0,0.0,827.8065115010633,1000000.0,1000000.0,7.259656834436199,0.0,0.0,820.546854666627,113028325.35752393,113028325.35752393
2008,분할매수,111,2017-03-31,124.46270751953125,1117.48,1.48,분할매수,0.0,0.0,0.0,820.546854666627,1000000.0,1000000.0,7.189869315437843,0.0,0.0,813.3569853511892,113125419.9022473,113125419.9022473
2008,분할매수,112,2017-04-30,127.85678100585938,1136.99,1.43,분할매수,0.0,0.0,0.0,813.3569853511892,1000000.0,1000000.0,6.878909388273054,0.0,0.0,806.4780759629161,117239235.23949513,117239235.23949513
2008,분할매수,113,2017-05-31,132.83978271484375,1119.58,1.39,분할매수,0.0,0.0,0.0,806.4780759629161,1000000.0,1000000.0,6.723829801861346,0.0,0.0,799.7542461610548,118943261.46382532,118943261.46382532
2008,분할매수,114,2017-06-30,129.76060485839844,1143.75,1.38,분할매수,0.0,0.0,0.0,799.7542461610548,1000000.0,1000000.0,6.737922814438256,0.0,0.0,793.0163233466166,117694480.21092102,117694480.21092102
2008,분할매수,115,2017-07-31,135.0306396484375,1121.86,1.39,분할매수,0.0,0.0,0.0,793.0163233466166,1000000.0,1000000.0,6.60129303214384,0.0,0.0,786.4150303144727,119130453.15291451,119130453.15291451
2008,분할매수,116,2017-08-31,137.83059692382812,1122.36,1.39,분할매수,0.0,0.0,0.0,786.4150303144727,1000000.0,1000000.0,6.464310111012158,0.0,0.0,779.9507202034605,120654904.67030498,120654904.67030498
2008,분할매수,117,2017-09-30,137.42367553710938,1142.57,1.38,분할매수,0.0,0.0,0.0,779.9507202034605,1000000.0,1000000.0,6.368770851011641,0.0,0.0,773.5819493524489,121464874.06271966,121464874.06271966
2008,분할매수,118,2017-10-31,143.75392150878906,1115.68,1.38,분할매수,0.0,0.0,0.0,773.5819493524489,1000000.0,1000000.0,6.235060205407442,0.0,0.0,767.3468891470415,123069683.99143112,123069683.99143112
2008,분할매수,119,2017-11-30,146.5884246826172,1084.79,1.45,분할매수,0.0,0.0,0.0,767.3468891470415,1000000.0,1000000.0,6.2886098156397425,0.0,0.0,761.0582793314018,121021704.5806616,121021704.5806616
2008,분할매수,120,2017-12-31,147.4724884033203,1067.42,1.66,분할매수,0.0,0.0,0.0,761.0582793314018,1000000.0,1000000.0,6.352631382658852,0.0,0.0,754.7056479487429,118802052.64371341,118802052.64371341
2009,일시매수,0,2008-12-31,25.643007278442383,1262.0,4.68,전액매수,100000000.0,0.0,100000000.0,0.0,0.0,0.0,0.0,100000000.0,0.0,3090.093990682261,100000000.0,100000000.0
2009,일시매수,1,2009-01-31,25.056692123413086,1380.0,3.22,전액매수,0.0,0.0,0.0,3090.093990682261,1000000.0,1000000.0,28.91992596589857,0.0,0.0,3061.1740647163624,105849996.58456936,105849996.58456936
2009,일시매수,2,2009-02-28,23.737457275390625,1532.8,2.7,전액매수,0.0,0.0,0.0,3061.1740647163624,1000000.0,1000000.0,27.48402356260093,0.0,0.0,3033.6900411537613,110380128.08582637,110380128.08582637
2009,일시매수,3,2009-03-31,26.18634796142578,1372.3,2.45,전액매수,0.0,0.0,0.0,3033.6900411537613,1000000.0,1000000.0,27.82761602742671,0.0,0.0,3005.8624251263345,108017245.24888432,108017245.24888432
2009,일시매수,4,2009-04-30,29.606460571289062,1277.0,2.42,전액매수,0.0,0.0,0.0,3005.8624251263345,1000000.0,1000000.0,26.449813358076177,0.0,0.0,2979.4126117682586,112643993.79432769,112643993.79432769
2009,일시매수,5,2009-05-31,30.55649757385254,1249.0,2.41,전액매수,0.0,0.0,0.0,2979.4126117682586,1000000.0,1000000.0,26.20197260745757,0.0,0.0,2953.210639160801,112709477.38951005,112709477.38951005
2009,일시매수,6,2009-06-30,31.458803176879883,1273.5,2.41,전액매수,0.0,0.0,0.0,2953.210639160801,1000000.0,1000000.0,24.96082034459719,0.0,0.0,2928.2498188162035,117313845.39410894,117313845.39410894
2009,일시매수,7,2009-07-31,34.113521575927734,1222.2,2.41,전액매수,0.0,0.0,0.0,2928.2498188162035,1000000.0,1000000.0,23.984527445056163,0.0,0.0,2904.265291371147,121089118.72557206,121089118.72557206
2009,일시매수,8,2009-08-31,34.61505126953125,1248.0,2.48,전액매수,0.0,0.0,0.0,2904.265291371147,1000000.0,1000000.0,23.148371066760582,0.0,0.0,2881.1169203043864,124463052.36749318,124463052.36749318
2009,일시매수,9,2009-09-30,36.570106506347656,1175.0,2.64,전액매수,0.0,0.0,0.0,2881.1169203043864,1000000.0,1000000.0,23.272117887857686,0.0,0.0,2857.8448024165286,122801234.34350683,122801234.34350683
2009,일시매수,10,2009-10-31,35.45353317260742,1182.0,2.79,전액매수,0.0,0.0,0.0,2857.8448024165286,1000000.0,1000000.0,23.86288792556643,0.0,0.0,2833.981914490962,118761062.08648223,118761062.08648223
2009,일시매수,11,2009-11-30,37.70399475097656,1164.4,2.79,전액매수,0.0,0.0,0.0,2833.981914490962,1000000.0,1000000.0,22.77772980522746,0.0,0.0,2811.2041846857346,123418980.23746715,123418980.23746715
2009,일시매수,12,2009-12-31,39.66565704345703,1163.65,2.82,전액매수,0.0,0.0,0.0,2811.2041846857346,1000000.0,1000000.0,21.66521352150372,0.0,0.0,2789.538971164231,128756587.99279709,128756587.99279709
2009,일시매수,13,2010-01-31,37.09931945800781,1158.7,2.88,전액매수,0.0,0.0,0.0,2789.538971164231,1000000.0,1000000.0,23.262856942484163,0.0,0.0,2766.276114221747,118913860.02420841,118913860.02420841
2009,일시매수,14,2010-02-28,38.807308197021484,1159.0,2.88,전액매수,0.0,0.0,0.0,2766.276114221747,1000000.0,1000000.0,22.233254758319276,0.0,0.0,2744.0428594634277,123420654.74856564,123420654.74856564
2009,일시매수,15,2010-03-31,41.799720764160156,1131.2,2.83,전액매수,0.0,0.0,0.0,2744.0428594634277,1000000.0,1000000.0,21.14887269495485,0.0,0.0,2722.893986768473,128748894.84856707,128748894.84856707
2009,일시매수,16,2010-04-30,42.73708724975586,1108.0,2.51,전액매수,0.0,0.0,0.0,2722.893986768473,1000000.0,1000000.0,21.118123248266766,0.0,0.0,2701.7758635202063,127936362.13587068,127936362.13587068
2009,일시매수,17,2010-05-31,39.57780075073242,1194.5,2.45,전액매수,0.0,0.0,0.0,2701.7758635202063,1000000.0,1000000.0,21.152523593762744,0.0,0.0,2680.6233399264434,126728299.25205143,126728299.25205143
2009,일시매수,18,2010-06-30,37.212772369384766,1220.85,2.45,전액매수,0.0,0.0,0.0,2680.6233399264434,1000000.0,1000000.0,22.011298636484625,0.0,0.0,2658.6120412899586,120783970.32345927,120783970.32345927
2009,일시매수,19,2010-07-31,39.91376495361328,1182.0,2.58,전액매수,0.0,0.0,0.0,2658.6120412899586,1000000.0,1000000.0,21.19628879025842,0.0,0.0,2637.4157524997004,124428185.45253202,124428185.45253202
2009,일시매수,20,2010-08-31,37.86624526977539,1198.0,2.63,전액매수,0.0,0.0,0.0,2637.4157524997004,1000000.0,1000000.0,22.044027205617205,0.0,0.0,2615.3717252940833,118643100.0515024,118643100.0515024
2009,일시매수,21,2010-09-30,42.85429382324219,1140.1,2.66,전액매수,0.0,0.0,0.0,2615.3717252940833,1000000.0,1000000.0,20.467401611380872,0.0,0.0,2594.9043236827024,126782303.53577513,126782303.53577513
2009,일시매수,22,2010-10-31,45.57033157348633,1124.0,2.66,전액매수,0.0,0.0,0.0,2594.9043236827024,1000000.0,1000000.0,19.523222337493884,0.0,0.0,2575.3811013452087,131913731.0852241,131913731.0852241
2009,일시매수,23,2010-11-30,45.49174880981445,1157.2,2.73,전액매수,0.0,0.0,0.0,2575.3811013452087,1000000.0,1000000.0,18.995859230715258,0.0,0.0,2556.3852421144934,134575920.52382442,134575920.52382442
2009,일시매수,24,2010-12-31,47.65583801269531,1130.6,2.8,전액매수,0.0,0.0,0.0,2556.3852421144934,1000000.0,1000000.0,18.559869062262504,0.0,0.0,2537.825373052231,136737245.53436384,136737245.53436384
2009,일시매수,25,2011-01-31,49.00342559814453,1119.1,2.93,전액매수,0.0,0.0,0.0,2537.825373052231,1000000.0,1000000.0,18.23495364753519,0.0,0.0,2519.5904194046957,138173667.34821767,138173667.34821767
2009,일시매수,26,2011-02-28,50.55229187011719,1123.7,3.13,전액매수,0.0,0.0,0.0,2519.5904194046957,1000000.0,1000000.0,17.603894992206044,0.0,0.0,2501.98652441249,142126871.66790196,142126871.66790196
2009,일시매수,27,2011-03-31,50.32568359375,1097.25,3.35,전액매수,0.0,0.0,0.0,2501.98652441249,1000000.0,1000000.0,18.109427778049056,0.0,0.0,2483.877096634441,137159336.40074578,137159336.40074578
2009,일시매수,28,2011-04-30,51.771575927734375,1068.4,3.4,전액매수,0.0,0.0,0.0,2483.877096634441,1000000.0,1000000.0,18.07901376956591,0.0,0.0,2465.798082864875,136390077.1520946,136390077.1520946
2009,일시매수,29,2011-05-31,51.1406364440918,1078.0,3.46,전액매수,0.0,0.0,0.0,2465.798082864875,1000000.0,1000000.0,18.139073920223204,0.0,0.0,2447.6590089446518,134938476.99775696,134938476.99775696
2009,일시매수,30,2011-06-30,50.10478973388672,1066.3,3.53,전액매수,0.0,0.0,0.0,2447.6590089446518,1000000.0,1000000.0,18.717220078615295,0.0,0.0,2428.9417888660364,129770434.85432641,129770434.85432641
2009,일시매수,31,2011-07-31,50.93914031982422,1054.0,3.59,전액매수,0.0,0.0,0.0,2428.9417888660364,1000000.0,1000000.0,18.62549303852943,0.0,0.0,2410.316295827507,129409529.7687654,129409529.7687654
2009,일시매수,32,2011-08-31,48.35704040527344,1063.9,3.59,전액매수,0.0,0.0,0.0,2410.316295827507,1000000.0,1000000.0,19.43745845934499,0.0,0.0,2390.878837368162,123003675.73100555,123003675.73100555
2009,일시매수,33,2011-09-30,46.18540954589844,1180.9,3.58,전액매수,0.0,0.0,0.0,2390.878837368162,1000000.0,1000000.0,18.335049143725616,0.0,0.0,2372.5437882244364,129399368.91504532,129399368.91504532
2009,일시매수,34,2011-10-31,50.989601135253906,1112.05,3.58,전액매수,0.0,0.0,0.0,2372.5437882244364,1000000.0,1000000.0,17.635755566995662,0.0,0.0,2354.908032657441,133530317.0715589,133530317.0715589
2009,일시매수,35,2011-11-30,49.61699295043945,1140.05,3.56,전액매수,0.0,0.0,0.0,2354.908032657441,1000000.0,1000000.0,17.678510095185096,0.0,0.0,2337.2295225622556,132207381.1638019,132207381.1638019
2009,일시매수,36,2011-12-31,49.31224060058594,1158.5,3.55,전액매수,0.0,0.0,0.0,2337.2295225622556,1000000.0,1000000.0,17.50448048400194,0.0,0.0,2319.725042078254,132521787.4474107,132521787.4474107
2009,일시매수,37,2012-01-31,53.46356201171875,1125.7,3.55,전액매수,0.0,0.0,0.0,2319.725042078254,1000000.0,1000000.0,16.615730657883987,0.0,0.0,2303.10931142037,138610173.62649468,138610173.62649468
2009,일시매수,38,2012-02-29,56.89059066772461,1117.1,3.53,전액매수,0.0,0.0,0.0,2303.10931142037,1000000.0,1000000.0,15.735027466003562,0.0,0.0,2287.3742839543665,145368305.7685391,145368305.7685391
2009,일시매수,39,2012-03-31,59.765281677246094,1131.4,3.54,전액매수,0.0,0.0,0.0,2287.3742839543665,1000000.0,1000000.0,14.78886535373972,0.0,0.0,2272.585418600627,153668680.0671932,153668680.0671932
2009,일시매수,40,2012-04-30,59.06635665893555,1130.05,3.54,전액매수,0.0,0.0,0.0,2272.585418600627,1000000.0,1000000.0,14.981736586878165,0.0,0.0,2257.6036820137488,150690386.85348955,150690386.85348955
2009,일시매수,41,2012-05-31,54.90799331665039,1180.0,3.54,전액매수,0.0,0.0,0.0,2257.6036820137488,1000000.0,1000000.0,15.434139474582832,0.0,0.0,2242.169542539166,145273375.70271432,145273375.70271432
2009,일시매수,42,2012-06-30,56.89645004272461,1141.17,3.54,전액매수,0.0,0.0,0.0,2242.169542539166,1000000.0,1000000.0,15.401551903695259,0.0,0.0,2226.7679906354706,144580754.23563045,144580754.23563045
2009,일시매수,43,2012-07-31,57.463993072509766,1130.27,3.34,전액매수,0.0,0.0,0.0,2226.7679906354706,1000000.0,1000000.0,15.396499717706176,0.0,0.0,2211.3714909177643,143628196.76310313,143628196.76310313
2009,일시매수,44,2012-08-31,60.44361114501953,1133.2,3.19,전액매수,0.0,0.0,0.0,2211.3714909177643,1000000.0,1000000.0,14.59966972359645,0.0,0.0,2196.771821194168,150467227.18964493,150467227.18964493
2009,일시매수,45,2012-09-30,60.98059844970703,1111.21,3.14,전액매수,0.0,0.0,0.0,2196.771821194168,1000000.0,1000000.0,14.757479100020031,0.0,0.0,2182.0143420941477,147858203.10537902,147858203.10537902
2009,일시매수,46,2012-10-31,57.76125717163086,1090.17,2.93,전액매수,0.0,0.0,0.0,2182.0143420941477,1000000.0,1000000.0,15.88068152063766,0.0,0.0,2166.13366057351,136400547.908383,136400547.908383
2009,일시매수,47,2012-11-30,58.51719284057617,1081.75,2.85,전액매수,0.0,0.0,0.0,2166.13366057351,1000000.0,1000000.0,15.797545392979005,0.0,0.0,2150.336115180531,136118369.13196763,136118369.13196763
2009,일시매수,48,2012-12-31,58.24394989013672,1063.24,2.88,전액매수,0.0,0.0,0.0,2150.336115180531,1000000.0,1000000.0,16.147967760636632,0.0,0.0,2134.1881474198944,132164503.85926174,132164503.85926174
2009,일시매수,49,2013-01-31,59.799983978271484,1087.46,2.86,전액매수,0.0,0.0,0.0,2134.1881474198944,1000000.0,1000000.0,15.377496650043287,0.0,0.0,2118.8106507698512,137786448.53509927,137786448.53509927
2009,일시매수,50,2013-02-28,60.00566482543945,1083.9,2.83,전액매수,0.0,0.0,0.0,2118.8106507698512,1000000.0,1000000.0,15.37512063160488,0.0,0.0,2103.4355301382466,136807741.5805411,136807741.5805411
2009,일시매수,51,2013-03-31,61.82071304321289,1112.48,2.81,전액매수,0.0,0.0,0.0,2103.4355301382466,1000000.0,1000000.0,14.540313757500314,0.0,0.0,2088.895216380746,143662320.58116582,143662320.58116582
2009,일시매수,52,2013-04-30,63.38931655883789,1101.52,2.8,전액매수,0.0,0.0,0.0,2088.895216380746,1000000.0,1000000.0,14.321600128683558,0.0,0.0,2074.5736162520625,144856272.8753381,144856272.8753381
2009,일시매수,53,2013-05-31,65.65702056884766,1129.34,2.72,전액매수,0.0,0.0,0.0,2074.5736162520625,1000000.0,1000000.0,13.486340431241372,0.0,0.0,2061.087275820821,152827765.7181389,152827765.7181389
2009,일시매수,54,2013-06-30,64.0843734741211,1141.45,2.69,전액매수,0.0,0.0,0.0,2061.087275820821,1000000.0,1000000.0,13.670706669520868,0.0,0.0,2047.4165691513003,149766695.94674718,149766695.94674718
2009,일시매수,55,2013-07-31,68.13068389892578,1122.66,2.68,전액매수,0.0,0.0,0.0,2047.4165691513003,1000000.0,1000000.0,13.074015707868398,0.0,0.0,2034.3425534434318,155601966.44242164,155601966.44242164
2009,일시매수,56,2013-08-31,67.86092376708984,1109.42,2.66,전액매수,0.0,0.0,0.0,2034.3425534434318,1000000.0,1000000.0,13.282635100978247,0.0,0.0,2021.0599183424536,152158054.70659998,152158054.70659998
2009,일시매수,57,2013-09-30,71.14009857177734,1073.33,2.66,전액매수,0.0,0.0,0.0,2021.0599183424536,1000000.0,1000000.0,13.096410192760567,0.0,0.0,2007.963508149693,153321672.0151034,153321672.0151034
2009,일시매수,58,2013-10-31,74.66643524169922,1060.83,2.66,전액매수,0.0,0.0,0.0,2007.963508149693,1000000.0,1000000.0,12.624924496256153,0.0,0.0,1995.338583653437,158047565.6900081,158047565.6900081
2009,일시매수,59,2013-11-30,77.3179702758789,1057.76,2.65,전액매수,0.0,0.0,0.0,1995.338583653437,1000000.0,1000000.0,12.227352022598394,0.0,0.0,1983.1112316308386,162186483.87366983,162186483.87366983
2009,일시매수,60,2013-12-31,79.58113098144531,1055.25,2.65,전액매수,0.0,0.0,0.0,1983.1112316308386,1000000.0,1000000.0,11.907882270590774,0.0,0.0,1971.2033493602478,165537692.1409933,165537692.1409933
2009,일시매수,61,2014-01-31,78.05211639404297,1080.36,2.65,전액매수,0.0,0.0,0.0,1971.2033493602478,1000000.0,1000000.0,11.858965900732937,0.0,0.0,1959.3443834595148,165220509.0950147,165220509.0950147
2009,일시매수,62,2014-02-28,82.07371520996094,1066.01,2.65,전액매수,0.0,0.0,0.0,1959.3443834595148,1000000.0,1000000.0,11.429694653928948,0.0,0.0,1947.914688805586,170425785.4461573,170425785.4461573
2009,일시매수,63,2014-03-31,79.83013153076172,1064.65,2.65,전액매수,0.0,0.0,0.0,1947.914688805586,1000000.0,1000000.0,11.765930987876633,0.0,0.0,1936.1487578177093,164555508.59618983,164555508.59618983
2009,일시매수,64,2014-04-30,79.5751953125,1032.85,2.65,전액매수,0.0,0.0,0.0,1936.1487578177093,1000000.0,1000000.0,12.167042719678147,0.0,0.0,1923.9817150980311,158130595.85845903,158130595.85845903
2009,일시매수,65,2014-05-31,83.1446304321289,1020.3,2.65,전액매수,0.0,0.0,0.0,1923.9817150980311,1000000.0,1000000.0,11.787939713226674,0.0,0.0,1912.1937753848044,162216114.2577973,162216114.2577973
2009,일시매수,66,2014-06-30,85.74197387695312,1011.6,2.65,전액매수,0.0,0.0,0.0,1912.1937753848044,1000000.0,1000000.0,11.52916095005458,0.0,0.0,1900.6646144347499,164857149.85406217,164857149.85406217
2009,일시매수,67,2014-07-31,86.75536346435547,1027.75,2.65,전액매수,0.0,0.0,0.0,1900.6646144347499,1000000.0,1000000.0,11.215436503246469,0.0,0.0,1889.4491779315033,168468626.021339,168468626.021339
2009,일시매수,68,2014-08-31,91.10137939453125,1013.85,2.52,전액매수,0.0,0.0,0.0,1889.4491779315033,1000000.0,1000000.0,10.826830599129158,0.0,0.0,1878.6223473323741,173515446.66113818,173515446.66113818
2009,일시매수,69,2014-09-30,90.41202545166016,1054.55,2.35,전액매수,0.0,0.0,0.0,1878.6223473323741,1000000.0,1000000.0,10.488336810877342,0.0,0.0,1868.1340105214967,178115371.78936464,178115371.78936464
2009,일시매수,70,2014-10-31,92.80072021484375,1073.07,2.21,전액매수,0.0,0.0,0.0,1868.1340105214967,1000000.0,1000000.0,10.042008852023338,0.0,0.0,1858.0920016694733,185031902.38625327,185031902.38625327
2009,일시매수,71,2014-11-30,97.01976013183594,1112.06,2.14,전액매수,0.0,0.0,0.0,1858.0920016694733,1000000.0,1000000.0,9.26854544478773,0.0,0.0,1848.8234562246855,199472880.31741726,199472880.31741726
2009,일시매수,72,2014-12-31,94.84591674804688,1090.89,2.13,전액매수,0.0,0.0,0.0,1848.8234562246855,1000000.0,1000000.0,9.664967560482188,0.0,0.0,1839.1584886642033,190291222.10239962,190291222.10239962
2009,일시매수,73,2015-01-31,92.87090301513672,1104.3,2.13,전액매수,0.0,0.0,0.0,1839.1584886642033,1000000.0,1000000.0,9.750643079811809,0.0,0.0,1829.4078455843915,187619199.12462834,187619199.12462834
2009,일시매수,74,2015-02-28,99.57671356201172,1100.65,2.12,전액매수,0.0,0.0,0.0,1829.4078455843915,1000000.0,1000000.0,9.124161701575952,0.0,0.0,1820.2836838828155,199501471.30430743,199501471.30430743
2009,일시매수,75,2015-03-31,97.22772979736328,1107.71,1.95,전액매수,0.0,0.0,0.0,1820.2836838828155,1000000.0,1000000.0,9.28503998316416,0.0,0.0,1810.9986438996514,195044786.79503742,195044786.79503742
2009,일시매수,76,2015-04-30,99.09678649902344,1076.74,1.81,전액매수,0.0,0.0,0.0,1810.9986438996514,1000000.0,1000000.0,9.37194176890605,0.0,0.0,1801.6267021307453,192236224.52586392,192236224.52586392
2009,일시매수,77,2015-05-31,101.32492065429688,1111.99,1.8,전액매수,0.0,0.0,0.0,1801.6267021307453,1000000.0,1000000.0,8.875295996885576,0.0,0.0,1792.7514061338597,201993421.60114464,201993421.60114464
2009,일시매수,78,2015-06-30,98.80795288085938,1117.34,1.7,전액매수,0.0,0.0,0.0,1792.7514061338597,1000000.0,1000000.0,9.057800518471668,0.0,0.0,1783.6936056153882,196923480.70349783,196923480.70349783
2009,일시매수,79,2015-07-31,103.31137084960938,1159.7,1.65,전액매수,0.0,0.0,0.0,1783.6936056153882,1000000.0,1000000.0,8.34653499387769,0.0,0.0,1775.3470706215105,212704681.87382606,212704681.87382606
2009,일시매수,80,2015-08-31,96.26093292236328,1182.54,1.64,전액매수,0.0,0.0,0.0,1775.3470706215105,1000000.0,1000000.0,8.784844808827106,0.0,0.0,1766.5622258126834,201092024.30504212,201092024.30504212
2009,일시매수,81,2015-09-30,94.13616943359375,1184.62,1.6,전액매수,0.0,0.0,0.0,1766.5622258126834,1000000.0,1000000.0,8.96735612176437,0.0,0.0,1757.594869690919,195999227.1774642,195999227.1774642
2009,일시매수,82,2015-10-31,104.83930969238281,1140.5,1.58,전액매수,0.0,0.0,0.0,1757.594869690919,1000000.0,1000000.0,8.363355500274835,0.0,0.0,1749.2315141906442,209154269.97371584,209154269.97371584
2009,일시매수,83,2015-11-30,105.47760772705078,1149.39,1.59,전액매수,0.0,0.0,0.0,1749.2315141906442,1000000.0,1000000.0,8.248449396685212,0.0,0.0,1740.983064793959,211067920.8983939,211067920.8983939
2009,일시매수,84,2015-12-31,103.79549407958984,1169.26,1.67,전액매수,0.0,0.0,0.0,1740.983064793959,1000000.0,1000000.0,8.23968115797513,0.0,0.0,1732.743383635984,210292528.36547855,210292528.36547855
2009,일시매수,85,2016-01-31,96.6227798461914,1210.04,1.67,전액매수,0.0,0.0,0.0,1732.743383635984,1000000.0,1000000.0,8.55304476513904,0.0,0.0,1724.190338870845,201587900.70857486,201587900.70857486
2009,일시매수,86,2016-02-29,95.11029052734375,1238.09,1.64,전액매수,0.0,0.0,0.0,1724.190338870845,1000000.0,1000000.0,8.492201215959062,0.0,0.0,1715.6981376548858,202032205.0813682,202032205.0813682
2009,일시매수,87,2016-03-31,101.62784576416016,1138.86,1.63,전액매수,0.0,0.0,0.0,1715.6981376548858,1000000.0,1000000.0,8.64006362535049,0.0,0.0,1707.0580740295354,197574711.02653915,197574711.02653915
2009,일시매수,88,2016-04-30,98.38916778564453,1144.09,1.61,전액매수,0.0,0.0,0.0,1707.0580740295354,1000000.0,1000000.0,8.883672161918165,0.0,0.0,1698.1744018676172,191156806.65786153,191156806.65786153
2009,일시매수,89,2016-05-31,102.68879699707031,1188.99,1.58,전액매수,0.0,0.0,0.0,1698.1744018676172,1000000.0,1000000.0,8.190279673862781,0.0,0.0,1689.9841221937545,206340221.51733282,206340221.51733282
2009,일시매수,90,2016-06-30,100.34950256347656,1154.15,1.43,전액매수,0.0,0.0,0.0,1689.9841221937545,1000000.0,1000000.0,8.634208266045675,0.0,0.0,1681.3499139277087,194731220.52657402,194731220.52657402
2009,일시매수,91,2016-07-31,107.52534484863281,1112.89,1.36,전액매수,0.0,0.0,0.0,1681.3499139277087,1000000.0,1000000.0,8.356740491820076,0.0,0.0,1672.9931734358886,200196856.06768376,200196856.06768376
2009,일시매수,92,2016-08-31,108.6544189453125,1115.98,1.35,전액매수,0.0,0.0,0.0,1672.9931734358886,1000000.0,1000000.0,8.247003803724308,0.0,0.0,1664.7461696321643,201860725.33158922,201860725.33158922
2009,일시매수,93,2016-09-30,111.05952453613281,1097.98,1.34,전액매수,0.0,0.0,0.0,1664.7461696321643,1000000.0,1000000.0,8.200678020975545,0.0,0.0,1656.5454916111887,202001040.32545927,202001040.32545927
2009,일시매수,94,2016-10-31,109.44116973876953,1145.37,1.35,전액매수,0.0,0.0,0.0,1656.5454916111887,1000000.0,1000000.0,7.977622285490401,0.0,0.0,1648.5678693256982,206649025.2771296,206649025.2771296
2009,일시매수,95,2016-11-30,109.91825103759766,1175.87,1.42,전액매수,0.0,0.0,0.0,1648.5678693256982,1000000.0,1000000.0,7.7369694168529275,0.0,0.0,1640.8308999088454,212076694.56915936,212076694.56915936
2009,일시매수,96,2016-12-31,111.16278076171875,1203.73,1.54,전액매수,0.0,0.0,0.0,1640.8308999088454,1000000.0,1000000.0,7.473284460506867,0.0,0.0,1633.3576154483385,218559540.196809,218559540.196809
2009,일시매수,97,2017-01-31,116.8766860961914,1151.45,1.5,전액매수,0.0,0.0,0.0,1633.3576154483385,1000000.0,1000000.0,7.430653783646564,0.0,0.0,1625.9269616646918,218813446.16580623,218813446.16580623
2009,일시매수,98,2017-02-28,121.99009704589844,1129.17,1.49,전액매수,0.0,0.0,0.0,1625.9269616646918,1000000.0,1000000.0,7.259656834436199,0.0,0.0,1618.6673048302557,222967468.2627013,222967468.2627013
2009,일시매수,99,2017-03-31,124.46270751953125,1117.48,1.48,전액매수,0.0,0.0,0.0,1618.6673048302557,1000000.0,1000000.0,7.189869315437843,0.0,0.0,1611.477435514818,224131672.60978004,224131672.60978004
2009,일시매수,100,2017-04-30,127.85678100585938,1136.99,1.43,전액매수,0.0,0.0,0.0,1611.477435514818,1000000.0,1000000.0,6.878909388273054,0.0,0.0,1604.5985261265448,233263506.69221103,233263506.69221103
2009,일시매수,101,2017-05-31,132.83978271484375,1119.58,1.39,전액매수,0.0,0.0,0.0,1604.5985261265448,1000000.0,1000000.0,6.723829801861346,0.0,0.0,1597.8746963246836,237643537.00362062,237643537.00362062
2009,일시매수,102,2017-06-30,129.76060485839844,1143.75,1.38,전액매수,0.0,0.0,0.0,1597.8746963246836,1000000.0,1000000.0,6.737922814438256,0.0,0.0,1591.1367735102453,236146482.7262049,236146482.7262049
2009,일시매수,103,2017-07-31,135.0306396484375,1121.86,1.39,전액매수,0.0,0.0,0.0,1591.1367735102453,1000000.0,1000000.0,6.60129303214384,0.0,0.0,1584.5354804781016,240034107.37297732,240034107.37297732
2009,일시매수,104,2017-08-31,137.83059692382812,1122.36,1.39,전액매수,0.0,0.0,0.0,1584.5354804781016,1000000.0,1000000.0,6.464310111012158,0.0,0.0,1578.0711703670895,244120585.68768153,244120585.68768153
2009,일시매수,105,2017-09-30,137.42367553710938,1142.57,1.38,전액매수,0.0,0.0,0.0,1578.0711703670895,1000000.0,1000000.0,6.368770851011641,0.0,0.0,1571.7023995160778,246782689.51479426,246782689.51479426
2009,일시매수,106,2017-10-31,143.75392150878906,1115.68,1.38,전액매수,0.0,0.0,0.0,1571.7023995160778,1000000.0,1000000.0,6.235060205407442,0.0,0.0,1565.4673393106702,251074935.56405392,251074935.56405392
2009,일시매수,107,2017-11-30,146.5884246826172,1084.79,1.45,전액매수,0.0,0.0,0.0,1565.4673393106702,1000000.0,1000000.0,6.2886098156397425,0.0,0.0,1559.1787294950304,247936948.73823467,247936948.73823467
2009,일시매수,108,2017-12-31,147.4724884033203,1067.42,1.66,전액매수,0.0,0.0,0.0,1559.1787294950304,1000000.0,1000000.0,6.352631382658852,0.0,0.0,1552.8260981123715,244438250.006322,244438250.006322
2009,일시매수,109,2018-01-31,160.3867645263672,1068.33,1.66,전액매수,0.0,0.0,0.0,1552.8260981123715,1000000.0,1000000.0,5.836144677053632,0.0,0.0,1546.9899534353178,265070528.41197094,265070528.41197094
2009,일시매수,110,2018-02-28,158.31326293945312,1082.12,1.65,전액매수,0.0,0.0,0.0,1546.9899534353178,1000000.0,1000000.0,5.837236320435129,0.0,0.0,1541.1527171148828,264020956.58172697,264020956.58172697
2009,일시매수,111,2018-03-31,151.85598754882812,1060.99,1.65,전액매수,0.0,0.0,0.0,1541.1527171148828,1000000.0,1000000.0,6.206643328959487,0.0,0.0,1534.9460737859233,247306956.82544553,247306956.82544553
2009,일시매수,112,2018-04-30,152.62411499023438,1069.07,1.65,전액매수,0.0,0.0,0.0,1534.9460737859233,1000000.0,1000000.0,6.12873295913748,0.0,0.0,1528.8173408267858,249450800.19311887,249450800.19311887
2009,일시매수,113,2018-05-31,161.2823486328125,1080.75,1.65,전액매수,0.0,0.0,0.0,1528.8173408267858,1000000.0,1000000.0,5.737040512337957,0.0,0.0,1523.0803003144479,265481879.90636355,265481879.90636355
2009,일시매수,114,2018-06-30,163.1290740966797,1111.79,1.65,전액매수,0.0,0.0,0.0,1523.0803003144479,1000000.0,1000000.0,5.513734696064479,0.0,0.0,1517.5665656183835,275233874.9090652,275233874.9090652
2009,일시매수,115,2018-07-31,167.6908416748047,1112.75,1.65,전액매수,0.0,0.0,0.0,1517.5665656183835,1000000.0,1000000.0,5.359114703004297,0.0,0.0,1512.2074509153792,282174861.841946,282174861.841946
2009,일시매수,116,2018-08-31,177.38449096679688,1116.5,1.65,전액매수,0.0,0.0,0.0,1512.2074509153792,1000000.0,1000000.0,5.049235495100367,0.0,0.0,1507.1582154202788,298492359.26563174,298492359.26563174
2009,일시매수,117,2018-09-30,176.8849639892578,1109.76,1.65,전액매수,0.0,0.0,0.0,1507.1582154202788,1000000.0,1000000.0,5.094247199356835,0.0,0.0,1502.0639682209219,294854943.12301177,294854943.12301177
2009,일시매수,118,2018-10-31,161.68032836914062,1140.78,1.68,전액매수,0.0,0.0,0.0,1502.0639682209219,1000000.0,1000000.0,5.42176786129744,0.0,0.0,1496.6422003596244,276043209.27186936,276043209.27186936
2009,일시매수,119,2018-11-30,161.25193786621094,1118.61,1.71,전액매수,0.0,0.0,0.0,1496.6422003596244,1000000.0,1000000.0,5.543912408842806,0.0,0.0,1491.0982879507817,268961372.03979063,268961372.03979063
2009,일시매수,120,2018-12-31,147.2863311767578,1112.85,1.91,전액매수,0.0,0.0,0.0,1491.0982879507817,1000000.0,1000000.0,6.100998603731652,0.0,0.0,1484.9972893470501,243402332.27372932,243402332.27372932
2009,분할매수,0,2008-12-31,25.643007278442383,1262.0,4.68,분할매수,100000000.0,0.0,100000000.0,0.0,0.0,0.0,0.0,8333333.333333333,91666666.66666667,257.5078325568551,8333333.333333332,100000000.0
2009,분할매수,1,2009-01-31,25.056692123413086,1380.0,3.22,분할매수,91666666.66666667,357499.99999999994,92024166.66666667,257.5078325568551,1000000.0,1000000.0,0.0,8333333.333333333,82690833.33333334,498.5072156060098,17237499.715380777,99928333.04871412
2009,분할매수,2,2009-02-28,23.737457275390625,1532.8,2.7,분할매수,82690833.33333334,221887.06944444447,82912720.40277779,498.5072156060098,1000000.0,1000000.0,0.0,8333333.333333333,73579387.06944446,727.5407452943509,26471405.965622764,100050793.03506723
2009,분할매수,3,2009-03-31,26.18634796142578,1372.3,2.45,분할매수,73579387.06944446,165553.62090625006,73744940.69035071,727.5407452943509,1000000.0,1000000.0,0.0,8333333.333333333,64411607.357017376,959.4375455229068,34477892.19807014,98889499.5550875
2009,분할매수,4,2009-04-30,29.606460571289062,1277.0,2.42,분할매수,64411607.357017376,131507.0316872438,64543114.38870462,959.4375455229068,1000000.0,1000000.0,0.0,8333333.333333333,55209781.055371284,1179.8526568402083,44607220.50728393,99817001.56265521
2009,분할매수,5,2009-05-31,30.55649757385254,1249.0,2.41,분할매수,55209781.055371284,111339.72512833208,55321120.780499615,1179.8526568402083,1000000.0,1000000.0,0.0,8333333.333333333,45987787.44716628,1398.2024285690213,53362487.226288706,99350274.67345499
2009,분할매수,6,2009-06-30,31.458803176879883,1273.5,2.41,분할매수,45987787.44716628,92358.80645639228,46080146.25362267,1398.2024285690213,1000000.0,1000000.0,0.0,8333333.333333333,36746812.92028934,1606.2092647739978,64349217.79811072,101096030.71840006
2009,분할매수,7,2009-07-31,34.113521575927734,1222.2,2.41,분할매수,36746812.92028934,73799.84928158109,36820612.76957092,1606.2092647739978,1000000.0,1000000.0,0.0,8333333.333333333,27487279.436237585,1806.0803268161326,75301893.31240766,102789172.74864525
2009,분할매수,8,2009-08-31,34.61505126953125,1248.0,2.48,분할매수,27487279.436237585,55203.61953444382,27542483.05577203,1806.0803268161326,1000000.0,1000000.0,0.0,8333333.333333333,18209149.722438697,1998.9834190391375,86355252.0941543,104564401.81659299
2009,분할매수,9,2009-09-30,36.570106506347656,1175.0,2.64,분할매수,18209149.722438697,37632.24275970664,18246781.965198405,1998.9834190391375,1000000.0,1000000.0,0.0,8333333.333333333,8913448.631865073,2192.917734771285,94229401.26628733,103142849.8981524
2009,분할매수,10,2009-10-31,35.45353317260742,1182.0,2.79,분할매수,8913448.631865073,19609.586990103162,8933058.218855176,2192.917734771285,1000000.0,1000000.0,0.0,7933058.218855176,0.0,2382.2234139548195,99829635.9344894,99829635.9344894
2009,분할매수,11,2009-11-30,37.70399475097656,1164.4,2.79,분할매수,0.0,0.0,0.0,2382.2234139548195,1000000.0,1000000.0,22.77772980522746,0.0,0.0,2359.445684149592,103585638.44269074,103585638.44269074
2009,분할매수,12,2009-12-31,39.66565704345703,1163.65,2.82,분할매수,0.0,0.0,0.0,2359.445684149592,1000000.0,1000000.0,21.66521352150372,0.0,0.0,2337.7804706280886,107904797.16748391,107904797.16748391
2009,분할매수,13,2010-01-31,37.09931945800781,1158.7,2.88,분할매수,0.0,0.0,0.0,2337.7804706280886,1000000.0,1000000.0,23.262856942484163,0.0,0.0,2314.5176136856044,99494125.73907375,99494125.73907375
2009,분할매수,14,2010-02-28,38.807308197021484,1159.0,2.88,분할매수,0.0,0.0,0.0,2314.5176136856044,1000000.0,1000000.0,22.233254758319276,0.0,0.0,2292.284358927285,103101609.90124735,103101609.90124735
2009,분할매수,15,2010-03-31,41.799720764160156,1131.2,2.83,분할매수,0.0,0.0,0.0,2292.284358927285,1000000.0,1000000.0,21.14887269495485,0.0,0.0,2271.1354862323305,107388016.32552826,107388016.32552826
2009,분할매수,16,2010-04-30,42.73708724975586,1108.0,2.51,분할매수,0.0,0.0,0.0,2271.1354862323305,1000000.0,1000000.0,21.118123248266766,0.0,0.0,2250.0173629840638,106544380.69768961,106544380.69768961
2009,분할매수,17,2010-05-31,39.57780075073242,1194.5,2.45,분할매수,0.0,0.0,0.0,2250.0173629840638,1000000.0,1000000.0,21.152523593762744,0.0,0.0,2228.864839390301,105371107.58961768,105371107.58961768
2009,분할매수,18,2010-06-30,37.212772369384766,1220.85,2.45,분할매수,0.0,0.0,0.0,2228.864839390301,1000000.0,1000000.0,22.011298636484625,0.0,0.0,2206.853540753816,100260033.59455884,100260033.59455884
2009,분할매수,19,2010-07-31,39.91376495361328,1182.0,2.58,분할매수,0.0,0.0,0.0,2206.853540753816,1000000.0,1000000.0,21.19628879025842,0.0,0.0,2185.657251963558,103115091.21200792,103115091.21200792
2009,분할매수,20,2010-08-31,37.86624526977539,1198.0,2.63,분할매수,0.0,0.0,0.0,2185.657251963558,1000000.0,1000000.0,22.044027205617205,0.0,0.0,2163.6132247579408,98149635.02706139,98149635.02706139
2009,분할매수,21,2010-09-30,42.85429382324219,1140.1,2.66,분할매수,0.0,0.0,0.0,2163.6132247579408,1000000.0,1000000.0,20.467401611380872,0.0,0.0,2143.14582314656,104710205.22482279,104710205.22482279
2009,분할매수,22,2010-10-31,45.57033157348633,1124.0,2.66,분할매수,0.0,0.0,0.0,2143.14582314656,1000000.0,1000000.0,19.523222337493884,0.0,0.0,2123.622600809066,108774185.12674004,108774185.12674004
2009,분할매수,23,2010-11-30,45.49174880981445,1157.2,2.73,분할매수,0.0,0.0,0.0,2123.622600809066,1000000.0,1000000.0,18.995859230715258,0.0,0.0,2104.626741578351,110793974.41392308,110793974.41392308
2009,분할매수,24,2010-12-31,47.65583801269531,1130.6,2.8,분할매수,0.0,0.0,0.0,2104.626741578351,1000000.0,1000000.0,18.559869062262504,0.0,0.0,2086.0668725160886,112396637.36408876,112396637.36408876
2009,분할매수,25,2011-01-31,49.00342559814453,1119.1,2.93,분할매수,0.0,0.0,0.0,2086.0668725160886,1000000.0,1000000.0,18.23495364753519,0.0,0.0,2067.831918868553,113399351.53320564,113399351.53320564
2009,분할매수,26,2011-02-28,50.55229187011719,1123.7,3.13,분할매수,0.0,0.0,0.0,2067.831918868553,1000000.0,1000000.0,17.603894992206044,0.0,0.0,2050.2280238763474,116464454.30309977,116464454.30309977
2009,분할매수,27,2011-03-31,50.32568359375,1097.25,3.35,분할매수,0.0,0.0,0.0,2050.2280238763474,1000000.0,1000000.0,18.109427778049056,0.0,0.0,2032.1185960982982,112213296.90833665,112213296.90833665
2009,분할매수,28,2011-04-30,51.771575927734375,1068.4,3.4,분할매수,0.0,0.0,0.0,2032.1185960982982,1000000.0,1000000.0,18.07901376956591,0.0,0.0,2014.0395823287322,111402071.37400122,111402071.37400122
2009,분할매수,29,2011-05-31,51.1406364440918,1078.0,3.46,분할매수,0.0,0.0,0.0,2014.0395823287322,1000000.0,1000000.0,18.139073920223204,0.0,0.0,1995.900508408509,110033208.81686716,110033208.81686716
2009,분할매수,30,2011-06-30,50.10478973388672,1066.3,3.53,분할매수,0.0,0.0,0.0,1995.900508408509,1000000.0,1000000.0,18.717220078615295,0.0,0.0,1977.1832883298937,105634452.12619236,105634452.12619236
2009,분할매수,31,2011-07-31,50.93914031982422,1054.0,3.59,분할매수,0.0,0.0,0.0,1977.1832883298937,1000000.0,1000000.0,18.62549303852943,0.0,0.0,1958.5577952913643,105154681.87820931,105154681.87820931
2009,분할매수,32,2011-08-31,48.35704040527344,1063.9,3.59,분할매수,0.0,0.0,0.0,1958.5577952913643,1000000.0,1000000.0,19.43745845934499,0.0,0.0,1939.1203368320193,99762031.17747343,99762031.17747343
2009,분할매수,33,2011-09-30,46.18540954589844,1180.9,3.58,분할매수,0.0,0.0,0.0,1939.1203368320193,1000000.0,1000000.0,18.335049143725616,0.0,0.0,1920.7852876882937,104760302.1203573,104760302.1203573
2009,분할매수,34,2011-10-31,50.989601135253906,1112.05,3.58,분할매수,0.0,0.0,0.0,1920.7852876882937,1000000.0,1000000.0,17.635755566995662,0.0,0.0,1903.149532121298,107914261.16627158,107914261.16627158
2009,분할매수,35,2011-11-30,49.61699295043945,1140.05,3.56,분할매수,0.0,0.0,0.0,1903.149532121298,1000000.0,1000000.0,17.678510095185096,0.0,0.0,1885.471022026113,106653276.31538577,106653276.31538577
2009,분할매수,36,2011-12-31,49.31224060058594,1158.5,3.55,분할매수,0.0,0.0,0.0,1885.471022026113,1000000.0,1000000.0,17.50448048400194,0.0,0.0,1867.966541542111,106713623.59193246,106713623.59193246
2009,분할매수,37,2012-01-31,53.46356201171875,1125.7,3.55,분할매수,0.0,0.0,0.0,1867.966541542111,1000000.0,1000000.0,16.615730657883987,0.0,0.0,1851.350810884227,111421570.85976721,111421570.85976721
2009,분할매수,38,2012-02-29,56.89059066772461,1117.1,3.53,분할매수,0.0,0.0,0.0,1851.350810884227,1000000.0,1000000.0,15.735027466003562,0.0,0.0,1835.6157834182234,116657933.22472285,116657933.22472285
2009,분할매수,39,2012-03-31,59.765281677246094,1131.4,3.54,분할매수,0.0,0.0,0.0,1835.6157834182234,1000000.0,1000000.0,14.78886535373972,0.0,0.0,1820.8269180644836,123121475.14440951,123121475.14440951
2009,분할매수,40,2012-04-30,59.06635665893555,1130.05,3.54,분할매수,0.0,0.0,0.0,1820.8269180644836,1000000.0,1000000.0,14.981736586878165,0.0,0.0,1805.8451814776054,120536439.21755137,120536439.21755137
2009,분할매수,41,2012-05-31,54.90799331665039,1180.0,3.54,분할매수,0.0,0.0,0.0,1805.8451814776054,1000000.0,1000000.0,15.434139474582832,0.0,0.0,1790.4110420030224,116003295.48346364,116003295.48346364
2009,분할매수,42,2012-06-30,56.89645004272461,1141.17,3.54,분할매수,0.0,0.0,0.0,1790.4110420030224,1000000.0,1000000.0,15.401551903695259,0.0,0.0,1775.0094900993272,115248742.54220143,115248742.54220143
2009,분할매수,43,2012-07-31,57.463993072509766,1130.27,3.34,분할매수,0.0,0.0,0.0,1775.0094900993272,1000000.0,1000000.0,15.396499717706176,0.0,0.0,1759.612990381621,114286560.10418025,114286560.10418025
2009,분할매수,44,2012-08-31,60.44361114501953,1133.2,3.19,분할매수,0.0,0.0,0.0,1759.612990381621,1000000.0,1000000.0,14.59966972359645,0.0,0.0,1745.0133206580247,119524164.15541776,119524164.15541776
2009,분할매수,45,2012-09-30,60.98059844970703,1111.21,3.14,분할매수,0.0,0.0,0.0,1745.0133206580247,1000000.0,1000000.0,14.757479100020031,0.0,0.0,1730.2558415580047,117246030.28952661,117246030.28952661
2009,분할매수,46,2012-10-31,57.76125717163086,1090.17,2.93,분할매수,0.0,0.0,0.0,1730.2558415580047,1000000.0,1000000.0,15.88068152063766,0.0,0.0,1714.375160037367,107953500.47222215,107953500.47222215
2009,분할매수,47,2012-11-30,58.51719284057617,1081.75,2.85,분할매수,0.0,0.0,0.0,1714.375160037367,1000000.0,1000000.0,15.797545392979005,0.0,0.0,1698.5776146443882,107521616.32650203,107521616.32650203
2009,분할매수,48,2012-12-31,58.24394989013672,1063.24,2.88,분할매수,0.0,0.0,0.0,1698.5776146443882,1000000.0,1000000.0,16.147967760636632,0.0,0.0,1682.4296468837515,104188320.89725585,104188320.89725585
2009,분할매수,49,2013-01-31,59.799983978271484,1087.46,2.86,분할매수,0.0,0.0,0.0,1682.4296468837515,1000000.0,1000000.0,15.377496650043287,0.0,0.0,1667.0521502337083,108408552.32629919,108408552.32629919
2009,분할매수,50,2013-02-28,60.00566482543945,1083.9,2.83,분할매수,0.0,0.0,0.0,1667.0521502337083,1000000.0,1000000.0,15.37512063160488,0.0,0.0,1651.6770296021034,107425305.41236468,107425305.41236468
2009,분할매수,51,2013-03-31,61.82071304321289,1112.48,2.81,분할매수,0.0,0.0,0.0,1651.6770296021034,1000000.0,1000000.0,14.540313757500314,0.0,0.0,1637.136715844603,112592942.84486265,112592942.84486265
2009,분할매수,52,2013-04-30,63.38931655883789,1101.52,2.8,분할매수,0.0,0.0,0.0,1637.136715844603,1000000.0,1000000.0,14.321600128683558,0.0,0.0,1622.8151157159195,113312416.28969352,113312416.28969352
2009,분할매수,53,2013-05-31,65.65702056884766,1129.34,2.72,분할매수,0.0,0.0,0.0,1622.8151157159195,1000000.0,1000000.0,13.486340431241372,0.0,0.0,1609.3287752846782,119330279.6625715,119330279.6625715
2009,분할매수,54,2013-06-30,64.0843734741211,1141.45,2.69,분할매수,0.0,0.0,0.0,1609.3287752846782,1000000.0,1000000.0,13.670706669520868,0.0,0.0,1595.6580686151574,116720964.55501536,116720964.55501536
2009,분할매수,55,2013-07-31,68.13068389892578,1122.66,2.68,분할매수,0.0,0.0,0.0,1595.6580686151574,1000000.0,1000000.0,13.074015707868398,0.0,0.0,1582.5840529072889,121048045.85440682,121048045.85440682
2009,분할매수,56,2013-08-31,67.86092376708984,1109.42,2.66,분할매수,0.0,0.0,0.0,1582.5840529072889,1000000.0,1000000.0,13.282635100978247,0.0,0.0,1569.3014178063106,118146844.04683629,118146844.04683629
2009,분할매수,57,2013-09-30,71.14009857177734,1073.33,2.66,분할매수,0.0,0.0,0.0,1569.3014178063106,1000000.0,1000000.0,13.096410192760567,0.0,0.0,1556.2050076135502,118826837.63782756,118826837.63782756
2009,분할매수,58,2013-10-31,74.66643524169922,1060.83,2.66,분할매수,0.0,0.0,0.0,1556.2050076135502,1000000.0,1000000.0,12.624924496256153,0.0,0.0,1543.580083117294,122264500.16196403,122264500.16196403
2009,분할매수,59,2013-11-30,77.3179702758789,1057.76,2.65,분할매수,0.0,0.0,0.0,1543.580083117294,1000000.0,1000000.0,12.227352022598394,0.0,0.0,1531.3527310946956,125239931.61106955,125239931.61106955
2009,분할매수,60,2013-12-31,79.58113098144531,1055.25,2.65,분할매수,0.0,0.0,0.0,1531.3527310946956,1000000.0,1000000.0,11.907882270590774,0.0,0.0,1519.4448488241048,127599921.99257123,127599921.99257123
2009,분할매수,61,2014-01-31,78.05211639404297,1080.36,2.65,분할매수,0.0,0.0,0.0,1519.4448488241048,1000000.0,1000000.0,11.858965900732937,0.0,0.0,1507.5858829233719,127126251.609358,127126251.609358
2009,분할매수,62,2014-02-28,82.07371520996094,1066.01,2.65,분할매수,0.0,0.0,0.0,1507.5858829233719,1000000.0,1000000.0,11.429694653928948,0.0,0.0,1496.156188269443,130900801.25238872,130900801.25238872
2009,분할매수,63,2014-03-31,79.83013153076172,1064.65,2.65,분할매수,0.0,0.0,0.0,1496.156188269443,1000000.0,1000000.0,11.765930987876633,0.0,0.0,1484.3902572815664,126160034.32376502,126160034.32376502
2009,분할매수,64,2014-04-30,79.5751953125,1032.85,2.65,분할매수,0.0,0.0,0.0,1484.3902572815664,1000000.0,1000000.0,12.167042719678147,0.0,0.0,1472.2232145618882,121000907.81968033,121000907.81968033
2009,분할매수,65,2014-05-31,83.1446304321289,1020.3,2.65,분할매수,0.0,0.0,0.0,1472.2232145618882,1000000.0,1000000.0,11.787939713226674,0.0,0.0,1460.4352748486615,123892326.42664249,123892326.42664249
2009,분할매수,66,2014-06-30,85.74197387695312,1011.6,2.65,분할매수,0.0,0.0,0.0,1460.4352748486615,1000000.0,1000000.0,11.52916095005458,0.0,0.0,1448.906113898607,125673162.18200144,125673162.18200144
2009,분할매수,67,2014-07-31,86.75536346435547,1027.75,2.65,분할매수,0.0,0.0,0.0,1448.906113898607,1000000.0,1000000.0,11.215436503246469,0.0,0.0,1437.6906773953604,128188561.98590222,128188561.98590222
2009,분할매수,68,2014-08-31,91.10137939453125,1013.85,2.52,분할매수,0.0,0.0,0.0,1437.6906773953604,1000000.0,1000000.0,10.826830599129158,0.0,0.0,1426.8638467962312,131789615.9667446,131789615.9667446
2009,분할매수,69,2014-09-30,90.41202545166016,1054.55,2.35,분할매수,0.0,0.0,0.0,1426.8638467962312,1000000.0,1000000.0,10.488336810877342,0.0,0.0,1416.3755099853538,135042908.6636926,135042908.6636926
2009,분할매수,70,2014-10-31,92.80072021484375,1073.07,2.21,분할매수,0.0,0.0,0.0,1416.3755099853538,1000000.0,1000000.0,10.042008852023338,0.0,0.0,1406.3335011333304,140045036.98978236,140045036.98978236
2009,분할매수,71,2014-11-30,97.01976013183594,1112.06,2.14,분할매수,0.0,0.0,0.0,1406.3335011333304,1000000.0,1000000.0,9.26854544478773,0.0,0.0,1397.0649556885426,150731845.03553337,150731845.03553337
2009,분할매수,72,2014-12-31,94.84591674804688,1090.89,2.13,분할매수,0.0,0.0,0.0,1397.0649556885426,1000000.0,1000000.0,9.664967560482188,0.0,0.0,1387.3999881280604,143549368.31871194,143549368.31871194
2009,분할매수,73,2015-01-31,92.87090301513672,1104.3,2.13,분할매수,0.0,0.0,0.0,1387.3999881280604,1000000.0,1000000.0,9.750643079811809,0.0,0.0,1377.6493450482485,141288049.80059198,141288049.80059198
2009,분할매수,74,2015-02-28,99.57671356201172,1100.65,2.12,분할매수,0.0,0.0,0.0,1377.6493450482485,1000000.0,1000000.0,9.124161701575952,0.0,0.0,1368.5251833466725,149989141.80908224,149989141.80908224
2009,분할매수,75,2015-03-31,97.22772979736328,1107.71,1.95,분할매수,0.0,0.0,0.0,1368.5251833466725,1000000.0,1000000.0,9.28503998316416,0.0,0.0,1359.2401433635084,146390338.20297086,146390338.20297086
2009,분할매수,76,2015-04-30,99.09678649902344,1076.74,1.81,분할매수,0.0,0.0,0.0,1359.2401433635084,1000000.0,1000000.0,9.37194176890605,0.0,0.0,1349.8682015946024,144032926.67408106,144032926.67408106
2009,분할매수,77,2015-05-31,101.32492065429688,1111.99,1.8,분할매수,0.0,0.0,0.0,1349.8682015946024,1000000.0,1000000.0,8.875295996885576,0.0,0.0,1340.9929055977168,151092752.97052443,151092752.97052443
2009,분할매수,78,2015-06-30,98.80795288085938,1117.34,1.7,분할매수,0.0,0.0,0.0,1340.9929055977168,1000000.0,1000000.0,9.057800518471668,0.0,0.0,1331.9351050792452,147048403.45766237,147048403.45766237
2009,분할매수,79,2015-07-31,103.31137084960938,1159.7,1.65,분할매수,0.0,0.0,0.0,1331.9351050792452,1000000.0,1000000.0,8.34653499387769,0.0,0.0,1323.5885700853676,158579407.03013164,158579407.03013164
2009,분할매수,80,2015-08-31,96.26093292236328,1182.54,1.64,분할매수,0.0,0.0,0.0,1323.5885700853676,1000000.0,1000000.0,8.784844808827106,0.0,0.0,1314.8037252765405,149667268.33414423,149667268.33414423
2009,분할매수,81,2015-09-30,94.13616943359375,1184.62,1.6,분할매수,0.0,0.0,0.0,1314.8037252765405,1000000.0,1000000.0,8.96735612176437,0.0,0.0,1305.836369154776,145621111.88886818,145621111.88886818
2009,분할매수,82,2015-10-31,104.83930969238281,1140.5,1.58,분할매수,0.0,0.0,0.0,1305.836369154776,1000000.0,1000000.0,8.363355500274835,0.0,0.0,1297.4730136545013,155137852.6970262,155137852.6970262
2009,분할매수,83,2015-11-30,105.47760772705078,1149.39,1.59,분할매수,0.0,0.0,0.0,1297.4730136545013,1000000.0,1000000.0,8.248449396685212,0.0,0.0,1289.2245642578162,156299020.85304838,156299020.85304838
2009,분할매수,84,2015-12-31,103.79549407958984,1169.26,1.67,분할매수,0.0,0.0,0.0,1289.2245642578162,1000000.0,1000000.0,8.23968115797513,0.0,0.0,1280.984883099841,155465346.11475646,155465346.11475646
2009,분할매수,85,2016-01-31,96.6227798461914,1210.04,1.67,분할매수,0.0,0.0,0.0,1280.984883099841,1000000.0,1000000.0,8.55304476513904,0.0,0.0,1272.431838334702,148769458.5115406,148769458.5115406
2009,분할매수,86,2016-02-29,95.11029052734375,1238.09,1.64,분할매수,0.0,0.0,0.0,1272.431838334702,1000000.0,1000000.0,8.492201215959062,0.0,0.0,1263.939637118743,148835337.85604024,148835337.85604024
2009,분할매수,87,2016-03-31,101.62784576416016,1138.86,1.63,분할매수,0.0,0.0,0.0,1263.939637118743,1000000.0,1000000.0,8.64006362535049,0.0,0.0,1255.2995734933925,145288232.57855007,145288232.57855007
2009,분할매수,88,2016-04-30,98.38916778564453,1144.09,1.61,분할매수,0.0,0.0,0.0,1255.2995734933925,1000000.0,1000000.0,8.883672161918165,0.0,0.0,1246.4159013314743,140304130.83842885,140304130.83842885
2009,분할매수,89,2016-05-31,102.68879699707031,1188.99,1.58,분할매수,0.0,0.0,0.0,1246.4159013314743,1000000.0,1000000.0,8.190279673862781,0.0,0.0,1238.2256216576116,151182336.98527995,151182336.98527995
2009,분할매수,90,2016-06-30,100.34950256347656,1154.15,1.43,분할매수,0.0,0.0,0.0,1238.2256216576116,1000000.0,1000000.0,8.634208266045675,0.0,0.0,1229.5914133915658,142409283.57345477,142409283.57345477
2009,분할매수,91,2016-07-31,107.52534484863281,1112.89,1.36,분할매수,0.0,0.0,0.0,1229.5914133915658,1000000.0,1000000.0,8.356740491820076,0.0,0.0,1221.2346728997456,146137680.60587028,146137680.60587028
2009,분할매수,92,2016-08-31,108.6544189453125,1115.98,1.35,분할매수,0.0,0.0,0.0,1221.2346728997456,1000000.0,1000000.0,8.247003803724308,0.0,0.0,1212.9876690960214,147082225.00737074,147082225.00737074
2009,분할매수,93,2016-09-30,111.05952453613281,1097.98,1.34,분할매수,0.0,0.0,0.0,1212.9876690960214,1000000.0,1000000.0,8.200678020975545,0.0,0.0,1204.7869910750458,146913095.2335238,146913095.2335238
2009,분할매수,94,2016-10-31,109.44116973876953,1145.37,1.35,분할매수,0.0,0.0,0.0,1204.7869910750458,1000000.0,1000000.0,7.977622285490401,0.0,0.0,1196.8093687895553,150020811.4598628,150020811.4598628
2009,분할매수,95,2016-11-30,109.91825103759766,1175.87,1.42,분할매수,0.0,0.0,0.0,1196.8093687895553,1000000.0,1000000.0,7.7369694168529275,0.0,0.0,1189.0723993727024,153687100.89284116,153687100.89284116
2009,분할매수,96,2016-12-31,111.16278076171875,1203.73,1.54,분할매수,0.0,0.0,0.0,1189.0723993727024,1000000.0,1000000.0,7.473284460506867,0.0,0.0,1181.5991149121955,158109746.9468003,158109746.9468003
2009,분할매수,97,2017-01-31,116.8766860961914,1151.45,1.5,분할매수,0.0,0.0,0.0,1181.5991149121955,1000000.0,1000000.0,7.430653783646564,0.0,0.0,1174.1684611285489,158016844.18572524,158016844.18572524
2009,분할매수,98,2017-02-28,121.99009704589844,1129.17,1.49,분할매수,0.0,0.0,0.0,1174.1684611285489,1000000.0,1000000.0,7.259656834436199,0.0,0.0,1166.9088042941128,160738838.0617219,160738838.0617219
2009,분할매수,99,2017-03-31,124.46270751953125,1117.48,1.48,분할매수,0.0,0.0,0.0,1166.9088042941128,1000000.0,1000000.0,7.189869315437843,0.0,0.0,1159.718934978675,161299028.41051173,161299028.41051173
2009,분할매수,100,2017-04-30,127.85678100585938,1136.99,1.43,분할매수,0.0,0.0,0.0,1159.718934978675,1000000.0,1000000.0,6.878909388273054,0.0,0.0,1152.8400255904019,167590523.51463252,167590523.51463252
2009,분할매수,101,2017-05-31,132.83978271484375,1119.58,1.39,분할매수,0.0,0.0,0.0,1152.8400255904019,1000000.0,1000000.0,6.723829801861346,0.0,0.0,1146.1161957885406,170455860.65716052,170455860.65716052
2009,분할매수,102,2017-06-30,129.76060485839844,1143.75,1.38,분할매수,0.0,0.0,0.0,1146.1161957885406,1000000.0,1000000.0,6.737922814438256,0.0,0.0,1139.3782729741024,169099335.85653475,169099335.85653475
2009,분할매수,103,2017-07-31,135.0306396484375,1121.86,1.39,분할매수,0.0,0.0,0.0,1139.3782729741024,1000000.0,1000000.0,6.60129303214384,0.0,0.0,1132.7769799419586,171599257.05859438,171599257.05859438
2009,분할매수,104,2017-08-31,137.83059692382812,1122.36,1.39,분할매수,0.0,0.0,0.0,1132.7769799419586,1000000.0,1000000.0,6.464310111012158,0.0,0.0,1126.3126698309466,174235556.53869966,174235556.53869966
2009,분할매수,105,2017-09-30,137.42367553710938,1142.57,1.38,분할매수,0.0,0.0,0.0,1126.3126698309466,1000000.0,1000000.0,6.368770851011641,0.0,0.0,1119.9438989799348,175849300.46620196,175849300.46620196
2009,분할매수,106,2017-10-31,143.75392150878906,1115.68,1.38,분할매수,0.0,0.0,0.0,1119.9438989799348,1000000.0,1000000.0,6.235060205407442,0.0,0.0,1113.7088387745273,178620382.49584952,178620382.49584952
2009,분할매수,107,2017-11-30,146.5884246826172,1084.79,1.45,분할매수,0.0,0.0,0.0,1113.7088387745273,1000000.0,1000000.0,6.2886098156397425,0.0,0.0,1107.4202289588875,176099370.3576168,176099370.3576168
2009,분할매수,108,2017-12-31,147.4724884033203,1067.42,1.66,분할매수,0.0,0.0,0.0,1107.4202289588875,1000000.0,1000000.0,6.352631382658852,0.0,0.0,1101.0675975762285,173324647.8903021,173324647.8903021
2009,분할매수,109,2018-01-31,160.3867645263672,1068.33,1.66,분할매수,0.0,0.0,0.0,1101.0675975762285,1000000.0,1000000.0,5.836144677053632,0.0,0.0,1095.2314528991749,187663519.92701128,187663519.92701128
2009,분할매수,110,2018-02-28,158.31326293945312,1082.12,1.65,분할매수,0.0,0.0,0.0,1095.2314528991749,1000000.0,1000000.0,5.837236320435129,0.0,0.0,1089.3942165787398,186628424.2707399,186628424.2707399
2009,분할매수,111,2018-03-31,151.85598754882812,1060.99,1.65,분할매수,0.0,0.0,0.0,1089.3942165787398,1000000.0,1000000.0,6.206643328959487,0.0,0.0,1083.1875732497804,174520673.38810194,174520673.38810194
2009,분할매수,112,2018-04-30,152.62411499023438,1069.07,1.65,분할매수,0.0,0.0,0.0,1083.1875732497804,1000000.0,1000000.0,6.12873295913748,0.0,0.0,1077.0588402906428,175739234.76055995,175739234.76055995
2009,분할매수,113,2018-05-31,161.2823486328125,1080.75,1.65,분할매수,0.0,0.0,0.0,1077.0588402906428,1000000.0,1000000.0,5.737040512337957,0.0,0.0,1071.321799778305,186737708.6625662,186737708.6625662
2009,분할매수,114,2018-06-30,163.1290740966797,1111.79,1.65,분할매수,0.0,0.0,0.0,1071.321799778305,1000000.0,1000000.0,5.513734696064479,0.0,0.0,1065.8080650822405,193300570.9982707,193300570.9982707
2009,분할매수,115,2018-07-31,167.6908416748047,1112.75,1.65,분할매수,0.0,0.0,0.0,1065.8080650822405,1000000.0,1000000.0,5.359114703004297,0.0,0.0,1060.4489503792363,197877636.35377184,197877636.35377184
2009,분할매수,116,2018-08-31,177.38449096679688,1116.5,1.65,분할매수,0.0,0.0,0.0,1060.4489503792363,1000000.0,1000000.0,5.049235495100367,0.0,0.0,1055.3997148841358,209021685.74000272,209021685.74000272
2009,분할매수,117,2018-09-30,176.8849639892578,1109.76,1.65,분할매수,0.0,0.0,0.0,1055.3997148841358,1000000.0,1000000.0,5.094247199356835,0.0,0.0,1050.305467684779,206174813.7815894,206174813.7815894
2009,분할매수,118,2018-10-31,161.68032836914062,1140.78,1.68,분할매수,0.0,0.0,0.0,1050.305467684779,1000000.0,1000000.0,5.42176786129744,0.0,0.0,1044.8836998234815,192720110.22128838,192720110.22128838
2009,분할매수,119,2018-11-30,161.25193786621094,1118.61,1.71,분할매수,0.0,0.0,0.0,1044.8836998234815,1000000.0,1000000.0,5.543912408842806,0.0,0.0,1039.3397874146387,187474063.57951146,187474063.57951146
2009,분할매수,120,2018-12-31,147.2863311767578,1112.85,1.91,분할매수,0.0,0.0,0.0,1039.3397874146387,1000000.0,1000000.0,6.100998603731652,0.0,0.0,1033.2387888109072,169355683.5398931,169355683.5398931
2010,일시매수,0,2009-12-31,39.66565704345703,1163.65,2.82,전액매수,100000000.0,0.0,100000000.0,0.0,0.0,0.0,0.0,100000000.0,0.0,2166.521352150372,100000000.0,100000000.0
2010,일시매수,1,2010-01-31,37.09931945800781,1158.7,2.88,전액매수,0.0,0.0,0.0,2166.521352150372,1000000.0,1000000.0,23.262856942484163,0.0,0.0,2143.258495207888,92132213.18890233,92132213.18890233
2010,일시매수,2,2010-02-28,38.807308197021484,1159.0,2.88,전액매수,0.0,0.0,0.0,2143.258495207888,1000000.0,1000000.0,22.233254758319276,0.0,0.0,2121.0252404495686,95398773.75155431,95398773.75155431
2010,일시매수,3,2010-03-31,41.799720764160156,1131.2,2.83,전액매수,0.0,0.0,0.0,2121.0252404495686,1000000.0,1000000.0,21.14887269495485,0.0,0.0,2099.876367754614,99290226.86185767,99290226.86185767
2010,일시매수,4,2010-04-30,42.73708724975586,1108.0,2.51,전액매수,0.0,0.0,0.0,2099.876367754614,1000000.0,1000000.0,21.118123248266766,0.0,0.0,2078.758244506347,98434800.29301172,98434800.29301172
2010,일시매수,5,2010-05-31,39.57780075073242,1194.5,2.45,전액매수,0.0,0.0,0.0,2078.758244506347,1000000.0,1000000.0,21.152523593762744,0.0,0.0,2057.6057209125843,97274715.79416233,97274715.79416233
2010,일시매수,6,2010-06-30,37.212772369384766,1220.85,2.45,전액매수,0.0,0.0,0.0,2057.6057209125843,1000000.0,1000000.0,22.011298636484625,0.0,0.0,2035.5944222760997,92479524.0796024,92479524.0796024
2010,일시매수,7,2010-07-31,39.91376495361328,1182.0,2.58,전액매수,0.0,0.0,0.0,2035.5944222760997,1000000.0,1000000.0,21.19628879025842,0.0,0.0,2014.3981334858413,95035416.50232829,95035416.50232829
2010,일시매수,8,2010-08-31,37.86624526977539,1198.0,2.63,전액매수,0.0,0.0,0.0,2014.3981334858413,1000000.0,1000000.0,22.044027205617205,0.0,0.0,1992.3541062802242,90380677.16467604,90380677.16467604
2010,일시매수,9,2010-09-30,42.85429382324219,1140.1,2.66,전액매수,0.0,0.0,0.0,1992.3541062802242,1000000.0,1000000.0,20.467401611380872,0.0,0.0,1971.8867046688433,96342796.32116948,96342796.32116948
2010,일시매수,10,2010-10-31,45.57033157348633,1124.0,2.66,전액매수,0.0,0.0,0.0,1971.8867046688433,1000000.0,1000000.0,19.523222337493884,0.0,0.0,1952.3634823313494,100002112.79578996,100002112.79578996
2010,일시매수,11,2010-11-30,45.49174880981445,1157.2,2.73,전액매수,0.0,0.0,0.0,1952.3634823313494,1000000.0,1000000.0,18.995859230715258,0.0,0.0,1933.367623100634,101778371.78191365,101778371.78191365
2010,일시매수,12,2010-12-31,47.65583801269531,1130.6,2.8,전액매수,0.0,0.0,0.0,1933.367623100634,1000000.0,1000000.0,18.559869062262504,0.0,0.0,1914.8077540383715,103169249.07254443,103169249.07254443
2010,일시매수,13,2011-01-31,49.00342559814453,1119.1,2.93,전액매수,0.0,0.0,0.0,1914.8077540383715,1000000.0,1000000.0,18.23495364753519,0.0,0.0,1896.5728003908364,104007547.10156313,104007547.10156313
2010,일시매수,14,2011-02-28,50.55229187011719,1123.7,3.13,전액매수,0.0,0.0,0.0,1896.5728003908364,1000000.0,1000000.0,17.603894992206044,0.0,0.0,1878.9689053986303,106735975.54578269,106735975.54578269
2010,일시매수,15,2011-03-31,50.32568359375,1097.25,3.35,전액매수,0.0,0.0,0.0,1878.9689053986303,1000000.0,1000000.0,18.109427778049056,0.0,0.0,1860.8594776205812,102756392.991952,102756392.991952
2010,일시매수,16,2011-04-30,51.771575927734375,1068.4,3.4,전액매수,0.0,0.0,0.0,1860.8594776205812,1000000.0,1000000.0,18.07901376956591,0.0,0.0,1842.7804638510152,101929258.27365315,101929258.27365315
2010,일시매수,17,2011-05-31,51.1406364440918,1078.0,3.46,전액매수,0.0,0.0,0.0,1842.7804638510152,1000000.0,1000000.0,18.139073920223204,0.0,0.0,1824.641389930792,100591761.07642981,100591761.07642981
2010,일시매수,18,2011-06-30,50.10478973388672,1066.3,3.53,전액매수,0.0,0.0,0.0,1824.641389930792,1000000.0,1000000.0,18.717220078615295,0.0,0.0,1805.9241698521766,96484636.19421092,96484636.19421092
2010,일시매수,19,2011-07-31,50.93914031982422,1054.0,3.59,전액매수,0.0,0.0,0.0,1805.9241698521766,1000000.0,1000000.0,18.62549303852943,0.0,0.0,1787.2986768136473,95959804.82859544,95959804.82859544
2010,일시매수,20,2011-08-31,48.35704040527344,1063.9,3.59,전액매수,0.0,0.0,0.0,1787.2986768136473,1000000.0,1000000.0,19.43745845934499,0.0,0.0,1767.8612183543023,90951253.84071824,90951253.84071824
2010,일시매수,21,2011-09-30,46.18540954589844,1180.9,3.58,전액매수,0.0,0.0,0.0,1767.8612183543023,1000000.0,1000000.0,18.335049143725616,0.0,0.0,1749.5261692105767,95419769.83515625,95419769.83515625
2010,일시매수,22,2011-10-31,50.989601135253906,1112.05,3.58,전액매수,0.0,0.0,0.0,1749.5261692105767,1000000.0,1000000.0,17.635755566995662,0.0,0.0,1731.890413643581,98203357.77871166,98203357.77871166
2010,일시매수,23,2011-11-30,49.61699295043945,1140.05,3.56,전액매수,0.0,0.0,0.0,1731.890413643581,1000000.0,1000000.0,17.678510095185096,0.0,0.0,1714.2119035483959,96965858.22666566,96965858.22666566
2010,일시매수,24,2011-12-31,49.31224060058594,1158.5,3.55,전액매수,0.0,0.0,0.0,1714.2119035483959,1000000.0,1000000.0,17.50448048400194,0.0,0.0,1696.7074230643939,96929893.15593137,96929893.15593137
2010,일시매수,25,2012-01-31,53.46356201171875,1125.7,3.55,전액매수,0.0,0.0,0.0,1696.7074230643939,1000000.0,1000000.0,16.615730657883987,0.0,0.0,1680.09169240651,101114523.76061022,101114523.76061022
2010,일시매수,26,2012-02-29,56.89059066772461,1117.1,3.53,전액매수,0.0,0.0,0.0,1680.09169240651,1000000.0,1000000.0,15.735027466003562,0.0,0.0,1664.3566649405063,105773991.7223815,105773991.7223815
2010,일시매수,27,2012-03-31,59.765281677246094,1131.4,3.54,전액매수,0.0,0.0,0.0,1664.3566649405063,1000000.0,1000000.0,14.78886535373972,0.0,0.0,1649.5677995867666,111541200.77032374,111541200.77032374
2010,일시매수,28,2012-04-30,59.06635665893555,1130.05,3.54,전액매수,0.0,0.0,0.0,1649.5677995867666,1000000.0,1000000.0,14.981736586878165,0.0,0.0,1634.5860629998883,109105246.47934002,109105246.47934002
2010,일시매수,29,2012-05-31,54.90799331665039,1180.0,3.54,전액매수,0.0,0.0,0.0,1634.5860629998883,1000000.0,1000000.0,15.434139474582832,0.0,0.0,1619.1519235253054,104907171.93477152,104907171.93477152
2010,일시매수,30,2012-06-30,56.89645004272461,1141.17,3.54,전액매수,0.0,0.0,0.0,1619.1519235253054,1000000.0,1000000.0,15.401551903695259,0.0,0.0,1603.7503716216102,104129141.11835873,104129141.11835873
2010,일시매수,31,2012-07-31,57.463993072509766,1130.27,3.34,전액매수,0.0,0.0,0.0,1603.7503716216102,1000000.0,1000000.0,15.396499717706176,0.0,0.0,1588.353871903904,103163309.9098022,103163309.9098022
2010,일시매수,32,2012-08-31,60.44361114501953,1133.2,3.19,전액매수,0.0,0.0,0.0,1588.353871903904,1000000.0,1000000.0,14.59966972359645,0.0,0.0,1573.7542021803076,107793822.18741265,107793822.18741265
2010,일시매수,33,2012-09-30,60.98059844970703,1111.21,3.14,전액매수,0.0,0.0,0.0,1573.7542021803076,1000000.0,1000000.0,14.757479100020031,0.0,0.0,1558.9967230802877,105641126.95088765,105641126.95088765
2010,일시매수,34,2012-10-31,57.76125717163086,1090.17,2.93,전액매수,0.0,0.0,0.0,1558.9967230802877,1000000.0,1000000.0,15.88068152063766,0.0,0.0,1543.11604155965,97169384.04402238,97169384.04402238
2010,일시매수,35,2012-11-30,58.51719284057617,1081.75,2.85,전액매수,0.0,0.0,0.0,1543.11604155965,1000000.0,1000000.0,15.797545392979005,0.0,0.0,1527.3184961666711,96680747.43089305,96680747.43089305
2010,일시매수,36,2012-12-31,58.24394989013672,1063.24,2.88,전액매수,0.0,0.0,0.0,1527.3184961666711,1000000.0,1000000.0,16.147967760636632,0.0,0.0,1511.1705284060345,93582706.5551719,93582706.5551719
2010,일시매수,37,2013-01-31,59.799983978271484,1087.46,2.86,전액매수,0.0,0.0,0.0,1511.1705284060345,1000000.0,1000000.0,15.377496650043287,0.0,0.0,1495.7930317559913,97271556.33955418,97271556.33955418
2010,일시매수,38,2013-02-28,60.00566482543945,1083.9,2.83,전액매수,0.0,0.0,0.0,1495.7930317559913,1000000.0,1000000.0,15.37512063160488,0.0,0.0,1480.4179111243864,96286588.3524361,96286588.3524361
2010,일시매수,39,2013-03-31,61.82071304321289,1112.48,2.81,전액매수,0.0,0.0,0.0,1480.4179111243864,1000000.0,1000000.0,14.540313757500314,0.0,0.0,1465.877597366886,100814715.68044697,100814715.68044697
2010,일시매수,40,2013-04-30,63.38931655883789,1101.52,2.8,전액매수,0.0,0.0,0.0,1465.877597366886,1000000.0,1000000.0,14.321600128683558,0.0,0.0,1451.5559972382025,101354316.8497632,101354316.8497632
2010,일시매수,41,2013-05-31,65.65702056884766,1129.34,2.72,전액매수,0.0,0.0,0.0,1451.5559972382025,1000000.0,1000000.0,13.486340431241372,0.0,0.0,1438.0696568069611,106631570.22757964,106631570.22757964
2010,일시매수,42,2013-06-30,64.0843734741211,1141.45,2.69,전액매수,0.0,0.0,0.0,1438.0696568069611,1000000.0,1000000.0,13.670706669520868,0.0,0.0,1424.3989501374404,104193512.78402954,104193512.78402954
2010,일시매수,43,2013-07-31,68.13068389892578,1122.66,2.68,전액매수,0.0,0.0,0.0,1424.3989501374404,1000000.0,1000000.0,13.074015707868398,0.0,0.0,1411.3249344295718,107948848.00239205,107948848.00239205
2010,일시매수,44,2013-08-31,67.86092376708984,1109.42,2.66,전액매수,0.0,0.0,0.0,1411.3249344295718,1000000.0,1000000.0,13.282635100978247,0.0,0.0,1398.0422993285936,105253384.49037343,105253384.49037343
2010,일시매수,45,2013-09-30,71.14009857177734,1073.33,2.66,전액매수,0.0,0.0,0.0,1398.0422993285936,1000000.0,1000000.0,13.096410192760567,0.0,0.0,1384.945889135833,105750039.03752215,105750039.03752215
2010,일시매수,46,2013-10-31,74.66643524169922,1060.83,2.66,전액매수,0.0,0.0,0.0,1384.945889135833,1000000.0,1000000.0,12.624924496256153,0.0,0.0,1372.320964639577,108699340.34429517,108699340.34429517
2010,일시매수,47,2013-11-30,77.3179702758789,1057.76,2.65,전액매수,0.0,0.0,0.0,1372.320964639577,1000000.0,1000000.0,12.227352022598394,0.0,0.0,1360.0936126169786,111233700.48586772,111233700.48586772
2010,일시매수,48,2013-12-31,79.58113098144531,1055.25,2.65,전액매수,0.0,0.0,0.0,1360.0936126169786,1000000.0,1000000.0,11.907882270590774,0.0,0.0,1348.1857303463878,113217925.71598051,113217925.71598051
2010,일시매수,49,2014-01-31,78.05211639404297,1080.36,2.65,전액매수,0.0,0.0,0.0,1348.1857303463878,1000000.0,1000000.0,11.858965900732937,0.0,0.0,1336.3267644456548,112684931.85928328,112684931.85928328
2010,일시매수,50,2014-02-28,82.07371520996094,1066.01,2.65,전액매수,0.0,0.0,0.0,1336.3267644456548,1000000.0,1000000.0,11.429694653928948,0.0,0.0,1324.897069791726,115917101.01689321,115917101.01689321
2010,일시매수,51,2014-03-31,79.83013153076172,1064.65,2.65,전액매수,0.0,0.0,0.0,1324.897069791726,1000000.0,1000000.0,11.765930987876633,0.0,0.0,1313.1311388038494,111604524.97612575,111604524.97612575
2010,일시매수,52,2014-04-30,79.5751953125,1032.85,2.65,전액매수,0.0,0.0,0.0,1313.1311388038494,1000000.0,1000000.0,12.167042719678147,0.0,0.0,1300.9640960841712,106925250.94697663,106925250.94697663
2010,일시매수,53,2014-05-31,83.1446304321289,1020.3,2.65,전액매수,0.0,0.0,0.0,1300.9640960841712,1000000.0,1000000.0,11.787939713226674,0.0,0.0,1289.1761563709445,109363993.0075671,109363993.0075671
2010,일시매수,54,2014-06-30,85.74197387695312,1011.6,2.65,전액매수,0.0,0.0,0.0,1289.1761563709445,1000000.0,1000000.0,11.52916095005458,0.0,0.0,1277.6469954208899,110818731.8188876,110818731.8188876
2010,일시매수,55,2014-07-31,86.75536346435547,1027.75,2.65,전액매수,0.0,0.0,0.0,1277.6469954208899,1000000.0,1000000.0,11.215436503246469,0.0,0.0,1266.4315589176433,112918615.20958695,112918615.20958695
2010,일시매수,56,2014-08-31,91.10137939453125,1013.85,2.52,전액매수,0.0,0.0,0.0,1266.4315589176433,1000000.0,1000000.0,10.826830599129158,0.0,0.0,1255.6047283185142,115971587.14384125,115971587.14384125
2010,일시매수,57,2014-09-30,90.41202545166016,1054.55,2.35,전액매수,0.0,0.0,0.0,1255.6047283185142,1000000.0,1000000.0,10.488336810877342,0.0,0.0,1245.1163915076368,118714379.02493174,118714379.02493174
2010,일시매수,58,2014-10-31,92.80072021484375,1073.07,2.21,전액매수,0.0,0.0,0.0,1245.1163915076368,1000000.0,1000000.0,10.042008852023338,0.0,0.0,1235.0743826556134,122990768.16754264,122990768.16754264
2010,일시매수,59,2014-11-30,97.01976013183594,1112.06,2.14,전액매수,0.0,0.0,0.0,1235.0743826556134,1000000.0,1000000.0,9.26854544478773,0.0,0.0,1225.8058372108255,132254391.42666893,132254391.42666893
2010,일시매수,60,2014-12-31,94.84591674804688,1090.89,2.13,전액매수,0.0,0.0,0.0,1225.8058372108255,1000000.0,1000000.0,9.664967560482188,0.0,0.0,1216.1408696503433,125829793.22381397,125829793.22381397
2010,일시매수,61,2015-01-31,92.87090301513672,1104.3,2.13,전액매수,0.0,0.0,0.0,1216.1408696503433,1000000.0,1000000.0,9.750643079811809,0.0,0.0,1206.3902265705315,123724170.46710473,123724170.46710473
2010,일시매수,62,2015-02-28,99.57671356201172,1100.65,2.12,전액매수,0.0,0.0,0.0,1206.3902265705315,1000000.0,1000000.0,9.124161701575952,0.0,0.0,1197.2660648689555,131219294.88186955,131219294.88186955
2010,일시매수,63,2015-03-31,97.22772979736328,1107.71,1.95,전액매수,0.0,0.0,0.0,1197.2660648689555,1000000.0,1000000.0,9.28503998316416,0.0,0.0,1187.9810248857914,127945709.12347873,127945709.12347873
2010,일시매수,64,2015-04-30,99.09678649902344,1076.74,1.81,전액매수,0.0,0.0,0.0,1187.9810248857914,1000000.0,1000000.0,9.37194176890605,0.0,0.0,1178.6090831168854,125759326.31455731,125759326.31455731
2010,일시매수,65,2015-05-31,101.32492065429688,1111.99,1.8,전액매수,0.0,0.0,0.0,1178.6090831168854,1000000.0,1000000.0,8.875295996885576,0.0,0.0,1169.7337871199998,131796594.44940993,131796594.44940993
2010,일시매수,66,2015-06-30,98.80795288085938,1117.34,1.7,전액매수,0.0,0.0,0.0,1169.7337871199998,1000000.0,1000000.0,9.057800518471668,0.0,0.0,1160.6759866015282,128141040.88896078,128141040.88896078
2010,일시매수,67,2015-07-31,103.31137084960938,1159.7,1.65,전액매수,0.0,0.0,0.0,1160.6759866015282,1000000.0,1000000.0,8.34653499387769,0.0,0.0,1152.3294516076505,138060818.3459246,138060818.3459246
2010,일시매수,68,2015-08-31,96.26093292236328,1182.54,1.64,전액매수,0.0,0.0,0.0,1152.3294516076505,1000000.0,1000000.0,8.784844808827106,0.0,0.0,1143.5446067988235,130172431.2363239,130172431.2363239
2010,일시매수,69,2015-09-30,94.13616943359375,1184.62,1.6,전액매수,0.0,0.0,0.0,1143.5446067988235,1000000.0,1000000.0,8.96735612176437,0.0,0.0,1134.577250677059,126523050.41430937,126523050.41430937
2010,일시매수,70,2015-10-31,104.83930969238281,1140.5,1.58,전액매수,0.0,0.0,0.0,1134.577250677059,1000000.0,1000000.0,8.363355500274835,0.0,0.0,1126.2138951767843,134660531.3070543,134660531.3070543
2010,일시매수,71,2015-11-30,105.47760772705078,1149.39,1.59,전액매수,0.0,0.0,0.0,1126.2138951767843,1000000.0,1000000.0,8.248449396685212,0.0,0.0,1117.9654457800991,135536437.45809653,135536437.45809653
2010,일시매수,72,2015-12-31,103.79549407958984,1169.26,1.67,전액매수,0.0,0.0,0.0,1117.9654457800991,1000000.0,1000000.0,8.23968115797513,0.0,0.0,1109.725764622124,134680668.2620271,134680668.2620271
2010,일시매수,73,2016-01-31,96.6227798461914,1210.04,1.67,전액매수,0.0,0.0,0.0,1109.725764622124,1000000.0,1000000.0,8.55304476513904,0.0,0.0,1101.172719856985,128746282.76765297,128746282.76765297
2010,일시매수,74,2016-02-29,95.11029052734375,1238.09,1.64,전액매수,0.0,0.0,0.0,1101.172719856985,1000000.0,1000000.0,8.492201215959062,0.0,0.0,1092.6805186410259,128668703.3024599,128668703.3024599
2010,일시매수,75,2016-03-31,101.62784576416016,1138.86,1.63,전액매수,0.0,0.0,0.0,1092.6805186410259,1000000.0,1000000.0,8.64006362535049,0.0,0.0,1084.0404550156754,125466721.3138376,125466721.3138376
2010,일시매수,76,2016-04-30,98.38916778564453,1144.09,1.61,전액매수,0.0,0.0,0.0,1084.0404550156754,1000000.0,1000000.0,8.883672161918165,0.0,0.0,1075.1567828537572,121026166.12335783,121026166.12335783
2010,일시매수,77,2016-05-31,102.68879699707031,1188.99,1.58,전액매수,0.0,0.0,0.0,1075.1567828537572,1000000.0,1000000.0,8.190279673862781,0.0,0.0,1066.9665031798945,130272291.74906567,130272291.74906567
2010,일시매수,78,2016-06-30,100.34950256347656,1154.15,1.43,전액매수,0.0,0.0,0.0,1066.9665031798945,1000000.0,1000000.0,8.634208266045675,0.0,0.0,1058.3322949138487,122574330.1879545,122574330.1879545
2010,일시매수,79,2016-07-31,107.52534484863281,1112.89,1.36,전액매수,0.0,0.0,0.0,1058.3322949138487,1000000.0,1000000.0,8.356740491820076,0.0,0.0,1049.9755544220286,125644149.82729068,125644149.82729068
2010,일시매수,80,2016-08-31,108.6544189453125,1115.98,1.35,전액매수,0.0,0.0,0.0,1049.9755544220286,1000000.0,1000000.0,8.247003803724308,0.0,0.0,1041.7285506183043,126316002.20044333,126316002.20044333
2010,일시매수,81,2016-09-30,111.05952453613281,1097.98,1.34,전액매수,0.0,0.0,0.0,1041.7285506183043,1000000.0,1000000.0,8.200678020975545,0.0,0.0,1033.5278725973287,126029563.64751668,126029563.64751668
2010,일시매수,82,2016-10-31,109.44116973876953,1145.37,1.35,전액매수,0.0,0.0,0.0,1033.5278725973287,1000000.0,1000000.0,7.977622285490401,0.0,0.0,1025.5502503118382,128553372.62295511,128553372.62295511
2010,일시매수,83,2016-11-30,109.91825103759766,1175.87,1.42,전액매수,0.0,0.0,0.0,1025.5502503118382,1000000.0,1000000.0,7.7369694168529275,0.0,0.0,1017.8132808949853,131551932.81208402,131551932.81208402
2010,일시매수,84,2016-12-31,111.16278076171875,1203.73,1.54,전액매수,0.0,0.0,0.0,1017.8132808949853,1000000.0,1000000.0,7.473284460506867,0.0,0.0,1010.3399964344784,135193568.74125373,135193568.74125373
2010,일시매수,85,2017-01-31,116.8766860961914,1151.45,1.5,전액매수,0.0,0.0,0.0,1010.3399964344784,1000000.0,1000000.0,7.430653783646564,0.0,0.0,1002.9093426508318,134969192.7321445,134969192.7321445
2010,일시매수,86,2017-02-28,121.99009704589844,1129.17,1.49,전액매수,0.0,0.0,0.0,1002.9093426508318,1000000.0,1000000.0,7.259656834436199,0.0,0.0,995.6496858163956,137148312.72650918,137148312.72650918
2010,일시매수,87,2017-03-31,124.46270751953125,1117.48,1.48,전액매수,0.0,0.0,0.0,995.6496858163956,1000000.0,1000000.0,7.189869315437843,0.0,0.0,988.4598165009578,137479524.7499938,137479524.7499938
2010,일시매수,88,2017-04-30,127.85678100585938,1136.99,1.43,전액매수,0.0,0.0,0.0,988.4598165009578,1000000.0,1000000.0,6.878909388273054,0.0,0.0,981.5809071126847,142694263.2484813,142694263.2484813
2010,일시매수,89,2017-05-31,132.83978271484375,1119.58,1.39,전액매수,0.0,0.0,0.0,981.5809071126847,1000000.0,1000000.0,6.723829801861346,0.0,0.0,974.8570773108233,144985388.69037932,144985388.69037932
2010,일시매수,90,2017-06-30,129.76060485839844,1143.75,1.38,전액매수,0.0,0.0,0.0,974.8570773108233,1000000.0,1000000.0,6.737922814438256,0.0,0.0,968.1191544963851,143682137.82767972,143682137.82767972
2010,일시매수,91,2017-07-31,135.0306396484375,1121.86,1.39,전액매수,0.0,0.0,0.0,968.1191544963851,1000000.0,1000000.0,6.60129303214384,0.0,0.0,961.5178614642413,145655988.42261636,145655988.42261636
2010,일시매수,92,2017-08-31,137.83059692382812,1122.36,1.39,전액매수,0.0,0.0,0.0,961.5178614642413,1000000.0,1000000.0,6.464310111012158,0.0,0.0,955.0535513532291,147742533.22504824,147742533.22504824
2010,일시매수,93,2017-09-30,137.42367553710938,1142.57,1.38,전액매수,0.0,0.0,0.0,955.0535513532291,1000000.0,1000000.0,6.368770851011641,0.0,0.0,948.6847805022174,148958849.78363204,148958849.78363204
2010,일시매수,94,2017-10-31,143.75392150878906,1115.68,1.38,전액매수,0.0,0.0,0.0,948.6847805022174,1000000.0,1000000.0,6.235060205407442,0.0,0.0,942.44972029681,151153267.04936346,151153267.04936346
2010,일시매수,95,2017-11-30,146.5884246826172,1084.79,1.45,전액매수,0.0,0.0,0.0,942.44972029681,1000000.0,1000000.0,6.2886098156397425,0.0,0.0,936.1611104811703,148866146.561191,148866146.561191
2010,일시매수,96,2017-12-31,147.4724884033203,1067.42,1.66,전액매수,0.0,0.0,0.0,936.1611104811703,1000000.0,1000000.0,6.352631382658852,0.0,0.0,929.8084790985115,146365879.44275564,146365879.44275564
2010,일시매수,97,2018-01-31,160.3867645263672,1068.33,1.66,전액매수,0.0,0.0,0.0,929.8084790985115,1000000.0,1000000.0,5.836144677053632,0.0,0.0,923.9723344214578,158318956.35731974,158318956.35731974
2010,일시매수,98,2018-02-28,158.31326293945312,1082.12,1.65,전액매수,0.0,0.0,0.0,923.9723344214578,1000000.0,1000000.0,5.837236320435129,0.0,0.0,918.1350981010227,157289348.53755957,157289348.53755957
2010,일시매수,99,2018-03-31,151.85598754882812,1060.99,1.65,전액매수,0.0,0.0,0.0,918.1350981010227,1000000.0,1000000.0,6.206643328959487,0.0,0.0,911.9284547720632,146927800.81579837,146927800.81579837
2010,일시매수,100,2018-04-30,152.62411499023438,1069.07,1.65,전액매수,0.0,0.0,0.0,911.9284547720632,1000000.0,1000000.0,6.12873295913748,0.0,0.0,905.7997218129258,147795592.96386808,147795592.96386808
2010,일시매수,101,2018-05-31,161.2823486328125,1080.75,1.65,전액매수,0.0,0.0,0.0,905.7997218129258,1000000.0,1000000.0,5.737040512337957,0.0,0.0,900.0626813005878,156886234.17682552,156886234.17682552
2010,일시매수,102,2018-06-30,163.1290740966797,1111.79,1.65,전액매수,0.0,0.0,0.0,900.0626813005878,1000000.0,1000000.0,5.513734696064479,0.0,0.0,894.5489466045233,162240114.17216402,162240114.17216402
2010,일시매수,103,2018-07-31,167.6908416748047,1112.75,1.65,전액매수,0.0,0.0,0.0,894.5489466045233,1000000.0,1000000.0,5.359114703004297,0.0,0.0,889.189831901519,165921030.0916013,165921030.0916013
2010,일시매수,104,2018-08-31,177.38449096679688,1116.5,1.65,전액매수,0.0,0.0,0.0,889.189831901519,1000000.0,1000000.0,5.049235495100367,0.0,0.0,884.1405964064187,175103854.2893005,175103854.2893005
2010,일시매수,105,2018-09-30,176.8849639892578,1109.76,1.65,전액매수,0.0,0.0,0.0,884.1405964064187,1000000.0,1000000.0,5.094247199356835,0.0,0.0,879.0463492070619,172556673.2054236,172556673.2054236
2010,일시매수,106,2018-10-31,161.68032836914062,1140.78,1.68,전액매수,0.0,0.0,0.0,879.0463492070619,1000000.0,1000000.0,5.42176786129744,0.0,0.0,873.6245813457645,161132789.83816627,161132789.83816627
2010,일시매수,107,2018-11-30,161.25193786621094,1118.61,1.71,전액매수,0.0,0.0,0.0,873.6245813457645,1000000.0,1000000.0,5.543912408842806,0.0,0.0,868.0806689369216,156582681.13188285,156582681.13188285
2010,일시매수,108,2018-12-31,147.2863311767578,1112.85,1.91,전액매수,0.0,0.0,0.0,868.0806689369216,1000000.0,1000000.0,6.100998603731652,0.0,0.0,861.9796703331899,141285013.5395808,141285013.5395808
2010,일시매수,109,2019-01-31,160.55799865722656,1111.82,1.87,전액매수,0.0,0.0,0.0,861.9796703331899,1000000.0,1000000.0,5.601877039001956,0.0,0.0,856.377793294188,152873365.0045918,152873365.0045918
2010,일시매수,110,2019-02-28,165.36058044433594,1124.65,1.87,전액매수,0.0,0.0,0.0,856.377793294188,1000000.0,1000000.0,5.377131089960818,0.0,0.0,851.0006622042272,158262956.20596972,158262956.20596972
2010,일시매수,111,2019-03-31,171.85031127929688,1136.3,1.9,전액매수,0.0,0.0,0.0,851.0006622042272,1000000.0,1000000.0,5.121022337454769,0.0,0.0,845.8796398667724,165177885.22031486,165177885.22031486
2010,일시매수,112,2019-04-30,181.30081176757812,1165.1,1.86,전액매수,0.0,0.0,0.0,845.8796398667724,1000000.0,1000000.0,4.734095875895419,0.0,0.0,841.1455439908771,177678181.01735857,177678181.01735857
2010,일시매수,113,2019-05-31,166.3885498046875,1190.5,1.84,전액매수,0.0,0.0,0.0,841.1455439908771,1000000.0,1000000.0,5.048323345097929,0.0,0.0,836.0972206457791,165618793.3084069,165618793.3084069
2010,일시매수,114,2019-06-30,179.0174560546875,1154.58,1.8,전액매수,0.0,0.0,0.0,836.0972206457791,1000000.0,1000000.0,4.838164032129153,0.0,0.0,831.2590566136499,171812913.1409036,171812913.1409036
2010,일시매수,115,2019-07-31,183.1971893310547,1182.74,1.68,전액매수,0.0,0.0,0.0,831.2590566136499,1000000.0,1000000.0,4.615214696469642,0.0,0.0,826.6438419171803,179112759.92198426,179112759.92198426
2010,일시매수,116,2019-08-31,179.71731567382812,1211.32,1.49,전액매수,0.0,0.0,0.0,826.6438419171803,1000000.0,1000000.0,4.5935789915566225,0.0,0.0,822.0502629256238,178956378.98828343,178956378.98828343
2010,일시매수,117,2019-09-30,181.3668670654297,1195.85,1.54,전액매수,0.0,0.0,0.0,822.0502629256238,1000000.0,1000000.0,4.610683817946259,0.0,0.0,817.4395791076776,177292482.28341764,177292482.28341764
2010,일시매수,118,2019-10-31,189.31082153320312,1169.1,1.46,전액매수,0.0,0.0,0.0,817.4395791076776,1000000.0,1000000.0,4.5182774872499225,0.0,0.0,812.9213016204276,179918410.0388702,179918410.0388702
2010,일시매수,119,2019-11-30,197.0147247314453,1181.33,1.52,전액매수,0.0,0.0,0.0,812.9213016204276,1000000.0,1000000.0,4.2966510161918094,0.0,0.0,808.6246506042357,188198819.86155176,188198819.86155176
2010,일시매수,120,2019-12-31,204.67141723632812,1155.46,1.53,전액매수,0.0,0.0,0.0,808.6246506042357,1000000.0,1000000.0,4.228515117742067,0.0,0.0,804.3961354864937,190231349.08786216,190231349.08786216
2010,분할매수,0,2009-12-31,39.66565704345703,1163.65,2.82,분할매수,100000000.0,0.0,100000000.0,0.0,0.0,0.0,0.0,8333333.333333333,91666666.66666667,180.54344601253098,8333333.333333333,100000000.0
2010,분할매수,1,2010-01-31,37.09931945800781,1158.7,2.88,분할매수,91666666.66666667,215416.6666666667,91882083.33333334,180.54344601253098,1000000.0,1000000.0,0.0,8333333.333333333,82548750.00000001,374.400587199899,16094351.099075193,98643101.09907521
2010,분할매수,2,2010-02-28,38.807308197021484,1159.0,2.88,분할매수,82548750.00000001,198117.00000000003,82746867.00000001,374.400587199899,1000000.0,1000000.0,0.0,8333333.333333333,73413533.66666669,559.6777101858929,25172999.467226986,98586533.13389367
2010,분할매수,3,2010-03-31,41.799720764160156,1131.2,2.83,분할매수,73413533.66666669,176192.48080000002,73589726.14746669,559.6777101858929,1000000.0,1000000.0,0.0,8333333.333333333,64256392.81413335,735.9183159771833,34797046.94391298,99053439.75804633
2010,분할매수,4,2010-04-30,42.73708724975586,1108.0,2.51,분할매수,64256392.81413335,151537.99305333116,64407930.807186686,735.9183159771833,1000000.0,1000000.0,0.0,8333333.333333333,55074597.47385335,911.9026763794063,43181047.18203353,98255644.65588689
2010,분할매수,5,2010-05-31,39.57780075073242,1194.5,2.45,분할매수,55074597.47385335,115197.69971614325,55189795.17356949,911.9026763794063,1000000.0,1000000.0,0.0,8333333.333333333,45856461.84023616,1088.1737063274293,51444155.18573394,97300617.0259701
2010,분할매수,6,2010-06-30,37.212772369384766,1220.85,2.45,분할매수,45856461.84023616,93623.60959048217,45950085.44982664,1088.1737063274293,1000000.0,1000000.0,0.0,8333333.333333333,36616752.11649331,1271.6011949648012,57770384.92663355,94387137.04312685
2010,분할매수,7,2010-07-31,39.91376495361328,1182.0,2.58,분할매수,36616752.11649331,74759.20223784051,36691511.318731144,1271.6011949648012,1000000.0,1000000.0,0.0,8333333.333333333,27358177.985397812,1448.2369348836214,68325023.7442139,95683201.72961171
2010,분할매수,8,2010-08-31,37.86624526977539,1198.0,2.63,분할매수,27358177.985397812,58820.0826686053,27416998.06806642,1448.2369348836214,1000000.0,1000000.0,0.0,8333333.333333333,18083664.734733086,1631.937161597098,74030808.72542436,92114473.46015745
2010,분할매수,9,2010-09-30,42.85429382324219,1140.1,2.66,분할매수,18083664.734733086,39633.365210290016,18123298.099943377,1631.937161597098,1000000.0,1000000.0,0.0,8333333.333333333,8789964.766610045,1802.4988416919387,88066813.55632664,96856778.32293668
2010,분할매수,10,2010-10-31,45.57033157348633,1124.0,2.66,분할매수,8789964.766610045,19484.42189931893,8809449.188509364,1802.4988416919387,1000000.0,1000000.0,0.0,7809449.188509364,0.0,1954.9644545325682,100135337.32995017,100135337.32995017
2010,분할매수,11,2010-11-30,45.49174880981445,1157.2,2.73,분할매수,0.0,0.0,0.0,1954.9644545325682,1000000.0,1000000.0,18.995859230715258,0.0,0.0,1935.968595301853,101915294.89603177,101915294.89603177
2010,분할매수,12,2010-12-31,47.65583801269531,1130.6,2.8,분할매수,0.0,0.0,0.0,1935.968595301853,1000000.0,1000000.0,18.559869062262504,0.0,0.0,1917.4087262395904,103309388.64963375,103309388.64963375
2010,분할매수,13,2011-01-31,49.00342559814453,1119.1,2.93,분할매수,0.0,0.0,0.0,1917.4087262395904,1000000.0,1000000.0,18.23495364753519,0.0,0.0,1899.1737725920552,104150183.72414486,104150183.72414486
2010,분할매수,14,2011-02-28,50.55229187011719,1123.7,3.13,분할매수,0.0,0.0,0.0,1899.1737725920552,1000000.0,1000000.0,17.603894992206044,0.0,0.0,1881.5698775998492,106883725.35923989,106883725.35923989
2010,분할매수,15,2011-03-31,50.32568359375,1097.25,3.35,분할매수,0.0,0.0,0.0,1881.5698775998492,1000000.0,1000000.0,18.109427778049056,0.0,0.0,1863.4604498218,102900018.30320406,102900018.30320406
2010,분할매수,16,2011-04-30,51.771575927734375,1068.4,3.4,분할매수,0.0,0.0,0.0,1863.4604498218,1000000.0,1000000.0,18.07901376956591,0.0,0.0,1845.381436052234,102073125.20325288,102073125.20325288
2010,분할매수,17,2011-05-31,51.1406364440918,1078.0,3.46,분할매수,0.0,0.0,0.0,1845.381436052234,1000000.0,1000000.0,18.139073920223204,0.0,0.0,1827.2423621320108,100735151.64932555,100735151.64932555
2010,분할매수,18,2011-06-30,50.10478973388672,1066.3,3.53,분할매수,0.0,0.0,0.0,1827.2423621320108,1000000.0,1000000.0,18.717220078615295,0.0,0.0,1808.5251420533955,96623597.65271246,96623597.65271246
2010,분할매수,19,2011-07-31,50.93914031982422,1054.0,3.59,분할매수,0.0,0.0,0.0,1808.5251420533955,1000000.0,1000000.0,18.62549303852943,0.0,0.0,1789.899649014866,96099450.64606929,96099450.64606929
2010,분할매수,20,2011-08-31,48.35704040527344,1063.9,3.59,분할매수,0.0,0.0,0.0,1789.899649014866,1000000.0,1000000.0,19.43745845934499,0.0,0.0,1770.4621905555211,91085066.20135474,91085066.20135474
2010,분할매수,21,2011-09-30,46.18540954589844,1180.9,3.58,분할매수,0.0,0.0,0.0,1770.4621905555211,1000000.0,1000000.0,18.335049143725616,0.0,0.0,1752.1271414117955,95561627.76969627,95561627.76969627
2010,분할매수,22,2011-10-31,50.989601135253906,1112.05,3.58,분할매수,0.0,0.0,0.0,1752.1271414117955,1000000.0,1000000.0,17.635755566995662,0.0,0.0,1734.4913858447999,98350840.6688741,98350840.6688741
2010,분할매수,23,2011-11-30,49.61699295043945,1140.05,3.56,분할매수,0.0,0.0,0.0,1734.4913858447999,1000000.0,1000000.0,17.678510095185096,0.0,0.0,1716.8128757496147,97112984.43737091,97112984.43737091
2010,분할매수,24,2011-12-31,49.31224060058594,1158.5,3.55,분할매수,0.0,0.0,0.0,1716.8128757496147,1000000.0,1000000.0,17.50448048400194,0.0,0.0,1699.3083952656127,97078482.09597994,97078482.09597994
2010,분할매수,25,2012-01-31,53.46356201171875,1125.7,3.55,분할매수,0.0,0.0,0.0,1699.3083952656127,1000000.0,1000000.0,16.615730657883987,0.0,0.0,1682.6926646077288,101271060.49406917,101271060.49406917
2010,분할매수,26,2012-02-29,56.89059066772461,1117.1,3.53,분할매수,0.0,0.0,0.0,1682.6926646077288,1000000.0,1000000.0,15.735027466003562,0.0,0.0,1666.9576371417252,105939289.95314966,105939289.95314966
2010,분할매수,27,2012-03-31,59.765281677246094,1131.4,3.54,분할매수,0.0,0.0,0.0,1666.9576371417252,1000000.0,1000000.0,14.78886535373972,0.0,0.0,1652.1687717879854,111717074.45224626,111717074.45224626
2010,분할매수,28,2012-04-30,59.06635665893555,1130.05,3.54,분할매수,0.0,0.0,0.0,1652.1687717879854,1000000.0,1000000.0,14.981736586878165,0.0,0.0,1637.1870352011072,109278856.00625539,109278856.00625539
2010,분할매수,29,2012-05-31,54.90799331665039,1180.0,3.54,분할매수,0.0,0.0,0.0,1637.1870352011072,1000000.0,1000000.0,15.434139474582832,0.0,0.0,1621.7528957265242,105075692.64857629,105075692.64857629
2010,분할매수,30,2012-06-30,56.89645004272461,1141.17,3.54,분할매수,0.0,0.0,0.0,1621.7528957265242,1000000.0,1000000.0,15.401551903695259,0.0,0.0,1606.351343822829,104298018.39887452,104298018.39887452
2010,분할매수,31,2012-07-31,57.463993072509766,1130.27,3.34,분할매수,0.0,0.0,0.0,1606.351343822829,1000000.0,1000000.0,15.396499717706176,0.0,0.0,1590.954844105123,103332242.60547376,103332242.60547376
2010,분할매수,32,2012-08-31,60.44361114501953,1133.2,3.19,분할매수,0.0,0.0,0.0,1590.954844105123,1000000.0,1000000.0,14.59966972359645,0.0,0.0,1576.3551743815265,107971974.99843241,107971974.99843241
2010,분할매수,33,2012-09-30,60.98059844970703,1111.21,3.14,분할매수,0.0,0.0,0.0,1576.3551743815265,1000000.0,1000000.0,14.757479100020031,0.0,0.0,1561.5976952815065,105817374.68151906,105817374.68151906
2010,분할매수,34,2012-10-31,57.76125717163086,1090.17,2.93,분할매수,0.0,0.0,0.0,1561.5976952815065,1000000.0,1000000.0,15.88068152063766,0.0,0.0,1545.717013760869,97333166.19643433,97333166.19643433
2010,분할매수,35,2012-11-30,58.51719284057617,1081.75,2.85,분할매수,0.0,0.0,0.0,1545.717013760869,1000000.0,1000000.0,15.797545392979005,0.0,0.0,1529.91946836789,96845391.50290026,96845391.50290026
2010,분할매수,36,2012-12-31,58.24394989013672,1063.24,2.88,분할매수,0.0,0.0,0.0,1529.91946836789,1000000.0,1000000.0,16.147967760636632,0.0,0.0,1513.7715006072533,93743777.73389691,93743777.73389691
2010,분할매수,37,2013-01-31,59.799983978271484,1087.46,2.86,분할매수,0.0,0.0,0.0,1513.7715006072533,1000000.0,1000000.0,15.377496650043287,0.0,0.0,1498.39400395721,97440697.79738772,97440697.79738772
2010,분할매수,38,2013-02-28,60.00566482543945,1083.9,2.83,분할매수,0.0,0.0,0.0,1498.39400395721,1000000.0,1000000.0,15.37512063160488,0.0,0.0,1483.0188833256052,96455755.94881074,96455755.94881074
2010,분할매수,39,2013-03-31,61.82071304321289,1112.48,2.81,분할매수,0.0,0.0,0.0,1483.0188833256052,1000000.0,1000000.0,14.540313757500314,0.0,0.0,1468.4785695681048,100993595.74071234,100993595.74071234
2010,분할매수,40,2013-04-30,63.38931655883789,1101.52,2.8,분할매수,0.0,0.0,0.0,1468.4785695681048,1000000.0,1000000.0,14.321600128683558,0.0,0.0,1454.1569694394213,101535928.69326171,101535928.69326171
2010,분할매수,41,2013-05-31,65.65702056884766,1129.34,2.72,분할매수,0.0,0.0,0.0,1454.1569694394213,1000000.0,1000000.0,13.486340431241372,0.0,0.0,1440.67062900818,106824429.97440864,106824429.97440864
2010,분할매수,42,2013-06-30,64.0843734741211,1141.45,2.69,분할매수,0.0,0.0,0.0,1440.67062900818,1000000.0,1000000.0,13.670706669520868,0.0,0.0,1426.9999223386592,104383771.58074689,104383771.58074689
2010,분할매수,43,2013-07-31,68.13068389892578,1122.66,2.68,분할매수,0.0,0.0,0.0,1426.9999223386592,1000000.0,1000000.0,13.074015707868398,0.0,0.0,1413.925906630791,108147790.1070473,108147790.1070473
2010,분할매수,44,2013-08-31,67.86092376708984,1109.42,2.66,분할매수,0.0,0.0,0.0,1413.925906630791,1000000.0,1000000.0,13.282635100978247,0.0,0.0,1400.6432715298126,105449201.97549184,105449201.97549184
2010,분할매수,45,2013-09-30,71.14009857177734,1073.33,2.66,분할매수,0.0,0.0,0.0,1400.6432715298126,1000000.0,1000000.0,13.096410192760567,0.0,0.0,1387.5468613370522,105948640.95689826,105948640.95689826
2010,분할매수,46,2013-10-31,74.66643524169922,1060.83,2.66,분할매수,0.0,0.0,0.0,1387.5468613370522,1000000.0,1000000.0,12.624924496256153,0.0,0.0,1374.921936840796,108905359.17648624,108905359.17648624
2010,분할매수,47,2013-11-30,77.3179702758789,1057.76,2.65,분할매수,0.0,0.0,0.0,1374.921936840796,1000000.0,1000000.0,12.227352022598394,0.0,0.0,1362.6945848181977,111446418.02245389,111446418.02245389
2010,분할매수,48,2013-12-31,79.58113098144531,1055.25,2.65,분할매수,0.0,0.0,0.0,1362.6945848181977,1000000.0,1000000.0,11.907882270590774,0.0,0.0,1350.7867025476069,113436350.12950052,113436350.12950052
2010,분할매수,49,2014-01-31,78.05211639404297,1080.36,2.65,분할매수,0.0,0.0,0.0,1350.7867025476069,1000000.0,1000000.0,11.858965900732937,0.0,0.0,1338.9277366468739,112904257.23916808,112904257.23916808
2010,분할매수,50,2014-02-28,82.07371520996094,1066.01,2.65,분할매수,0.0,0.0,0.0,1338.9277366468739,1000000.0,1000000.0,11.429694653928948,0.0,0.0,1327.498041992945,116144663.71913257,116144663.71913257
2010,분할매수,51,2014-03-31,79.83013153076172,1064.65,2.65,분할매수,0.0,0.0,0.0,1327.498041992945,1000000.0,1000000.0,11.765930987876633,0.0,0.0,1315.7321110050684,111825584.59341392,111825584.59341392
2010,분할매수,52,2014-04-30,79.5751953125,1032.85,2.65,분할매수,0.0,0.0,0.0,1315.7321110050684,1000000.0,1000000.0,12.167042719678147,0.0,0.0,1303.5650682853902,107139022.87670057,107139022.87670057
2010,분할매수,53,2014-05-31,83.1446304321289,1020.3,2.65,분할매수,0.0,0.0,0.0,1303.5650682853902,1000000.0,1000000.0,11.787939713226674,0.0,0.0,1291.7771285721635,109584639.89451213,109584639.89451213
2010,분할매수,54,2014-06-30,85.74197387695312,1011.6,2.65,분할매수,0.0,0.0,0.0,1291.7771285721635,1000000.0,1000000.0,11.52916095005458,0.0,0.0,1280.247967622109,111044331.25430937,111044331.25430937
2010,분할매수,55,2014-07-31,86.75536346435547,1027.75,2.65,분할매수,0.0,0.0,0.0,1280.247967622109,1000000.0,1000000.0,11.215436503246469,0.0,0.0,1269.0325311188624,113150525.23827519,113150525.23827519
2010,분할매수,56,2014-08-31,91.10137939453125,1013.85,2.52,분할매수,0.0,0.0,0.0,1269.0325311188624,1000000.0,1000000.0,10.826830599129158,0.0,0.0,1258.2057005197332,116211821.08649,116211821.08649
2010,분할매수,57,2014-09-30,90.41202545166016,1054.55,2.35,분할매수,0.0,0.0,0.0,1258.2057005197332,1000000.0,1000000.0,10.488336810877342,0.0,0.0,1247.7173637088558,118962366.1222303,118962366.1222303
2010,분할매수,58,2014-10-31,92.80072021484375,1073.07,2.21,분할매수,0.0,0.0,0.0,1247.7173637088558,1000000.0,1000000.0,10.042008852023338,0.0,0.0,1237.6753548568324,123249777.31994893,123249777.31994893
2010,분할매수,59,2014-11-30,97.01976013183594,1112.06,2.14,분할매수,0.0,0.0,0.0,1237.6753548568324,1000000.0,1000000.0,9.26854544478773,0.0,0.0,1228.4068094120446,132535014.98477876,132535014.98477876
2010,분할매수,60,2014-12-31,94.84591674804688,1090.89,2.13,분할매수,0.0,0.0,0.0,1228.4068094120446,1000000.0,1000000.0,9.664967560482188,0.0,0.0,1218.7418418515624,126098906.61554988,126098906.61554988
2010,분할매수,61,2015-01-31,92.87090301513672,1104.3,2.13,분할매수,0.0,0.0,0.0,1218.7418418515624,1000000.0,1000000.0,9.750643079811809,0.0,0.0,1208.9911987717505,123990919.25279295,123990919.25279295
2010,분할매수,62,2015-02-28,99.57671356201172,1100.65,2.12,분할매수,0.0,0.0,0.0,1208.9911987717505,1000000.0,1000000.0,9.124161701575952,0.0,0.0,1199.8670370701745,131504359.11969097,131504359.11969097
2010,분할매수,63,2015-03-31,97.22772979736328,1107.71,1.95,분할매수,0.0,0.0,0.0,1199.8670370701745,1000000.0,1000000.0,9.28503998316416,0.0,0.0,1190.5819970870104,128225834.163967,128225834.163967
2010,분할매수,64,2015-04-30,99.09678649902344,1076.74,1.81,분할매수,0.0,0.0,0.0,1190.5819970870104,1000000.0,1000000.0,9.37194176890605,0.0,0.0,1181.2100553181044,126036853.8819872,126036853.8819872
2010,분할매수,65,2015-05-31,101.32492065429688,1111.99,1.8,분할매수,0.0,0.0,0.0,1181.2100553181044,1000000.0,1000000.0,8.875295996885576,0.0,0.0,1172.3347593212188,132089651.96570367,132089651.96570367
2010,분할매수,66,2015-06-30,98.80795288085938,1117.34,1.7,분할매수,0.0,0.0,0.0,1172.3347593212188,1000000.0,1000000.0,9.057800518471668,0.0,0.0,1163.2769588027472,128428193.62498261,128428193.62498261
2010,분할매수,67,2015-07-31,103.31137084960938,1159.7,1.65,분할매수,0.0,0.0,0.0,1163.2769588027472,1000000.0,1000000.0,8.34653499387769,0.0,0.0,1154.9304238088696,138372441.3371571,138372441.3371571
2010,분할매수,68,2015-08-31,96.26093292236328,1182.54,1.64,분할매수,0.0,0.0,0.0,1154.9304238088696,1000000.0,1000000.0,8.784844808827106,0.0,0.0,1146.1455790000425,130468506.1537323,130468506.1537323
2010,분할매수,69,2015-09-30,94.13616943359375,1184.62,1.6,분할매수,0.0,0.0,0.0,1146.1455790000425,1000000.0,1000000.0,8.96735612176437,0.0,0.0,1137.1782228782781,126813099.36139047,126813099.36139047
2010,분할매수,70,2015-10-31,104.83930969238281,1140.5,1.58,분할매수,0.0,0.0,0.0,1137.1782228782781,1000000.0,1000000.0,8.363355500274835,0.0,0.0,1128.8148673780033,134971527.55743894,134971527.55743894
2010,분할매수,71,2015-11-30,105.47760772705078,1149.39,1.59,분할매수,0.0,0.0,0.0,1128.8148673780033,1000000.0,1000000.0,8.248449396685212,0.0,0.0,1120.5664179813182,135851766.08243945,135851766.08243945
2010,분할매수,72,2015-12-31,103.79549407958984,1169.26,1.67,분할매수,0.0,0.0,0.0,1120.5664179813182,1000000.0,1000000.0,8.23968115797513,0.0,0.0,1112.326736823343,134996332.44263703,134996332.44263703
2010,분할매수,73,2016-01-31,96.6227798461914,1210.04,1.67,분할매수,0.0,0.0,0.0,1112.326736823343,1000000.0,1000000.0,8.55304476513904,0.0,0.0,1103.773692058204,129050381.74908474,129050381.74908474
2010,분할매수,74,2016-02-29,95.11029052734375,1238.09,1.64,분할매수,0.0,0.0,0.0,1103.773692058204,1000000.0,1000000.0,8.492201215959062,0.0,0.0,1095.281490842245,128974981.04306869,128974981.04306869
2010,분할매수,75,2016-03-31,101.62784576416016,1138.86,1.63,분할매수,0.0,0.0,0.0,1095.281490842245,1000000.0,1000000.0,8.64006362535049,0.0,0.0,1086.6414272168945,125767757.54620835,125767757.54620835
2010,분할매수,76,2016-04-30,98.38916778564453,1144.09,1.61,분할매수,0.0,0.0,0.0,1086.6414272168945,1000000.0,1000000.0,8.883672161918165,0.0,0.0,1077.7577550549763,121318947.32394837,121318947.32394837
2010,분할매수,77,2016-05-31,102.68879699707031,1188.99,1.58,분할매수,0.0,0.0,0.0,1077.7577550549763,1000000.0,1000000.0,8.190279673862781,0.0,0.0,1069.5674753811136,130589859.9280278,130589859.9280278
2010,분할매수,78,2016-06-30,100.34950256347656,1154.15,1.43,분할매수,0.0,0.0,0.0,1069.5674753811136,1000000.0,1000000.0,8.634208266045675,0.0,0.0,1060.9332671150678,122875570.5705206,122875570.5705206
2010,분할매수,79,2016-07-31,107.52534484863281,1112.89,1.36,분할매수,0.0,0.0,0.0,1060.9332671150678,1000000.0,1000000.0,8.356740491820076,0.0,0.0,1052.5765266232477,125955392.25533606,125955392.25533606
2010,분할매수,80,2016-08-31,108.6544189453125,1115.98,1.35,분할매수,0.0,0.0,0.0,1052.5765266232477,1000000.0,1000000.0,8.247003803724308,0.0,0.0,1044.3295228195234,126631386.09781033,126631386.09781033
2010,분할매수,81,2016-09-30,111.05952453613281,1097.98,1.34,분할매수,0.0,0.0,0.0,1044.3295228195234,1000000.0,1000000.0,8.200678020975545,0.0,0.0,1036.1288447985478,126346729.15438896,126346729.15438896
2010,분할매수,82,2016-10-31,109.44116973876953,1145.37,1.35,분할매수,0.0,0.0,0.0,1036.1288447985478,1000000.0,1000000.0,7.977622285490401,0.0,0.0,1028.1512225130573,128879406.13371052,128879406.13371052
2010,분할매수,83,2016-11-30,109.91825103759766,1175.87,1.42,분할매수,0.0,0.0,0.0,1028.1512225130573,1000000.0,1000000.0,7.7369694168529275,0.0,0.0,1020.4142530962043,131888107.36068098,131888107.36068098
2010,분할매수,84,2016-12-31,111.16278076171875,1203.73,1.54,분할매수,0.0,0.0,0.0,1020.4142530962043,1000000.0,1000000.0,7.473284460506867,0.0,0.0,1012.9409686356975,135541604.76409805,135541604.76409805
2010,분할매수,85,2017-01-31,116.8766860961914,1151.45,1.5,분할매수,0.0,0.0,0.0,1012.9409686356975,1000000.0,1000000.0,7.430653783646564,0.0,0.0,1005.5103148520509,135319225.485244,135319225.485244
2010,분할매수,86,2017-02-28,121.99009704589844,1129.17,1.49,분할매수,0.0,0.0,0.0,1005.5103148520509,1000000.0,1000000.0,7.259656834436199,0.0,0.0,998.2506580176147,137506590.2953443,137506590.2953443
2010,분할매수,87,2017-03-31,124.46270751953125,1117.48,1.48,분할매수,0.0,0.0,0.0,998.2506580176147,1000000.0,1000000.0,7.189869315437843,0.0,0.0,991.0607887021769,137841279.89283544,137841279.89283544
2010,분할매수,88,2017-04-30,127.85678100585938,1136.99,1.43,분할매수,0.0,0.0,0.0,991.0607887021769,1000000.0,1000000.0,6.878909388273054,0.0,0.0,984.1818793139038,143072371.47093487,143072371.47093487
2010,분할매수,89,2017-05-31,132.83978271484375,1119.58,1.39,분할매수,0.0,0.0,0.0,984.1818793139038,1000000.0,1000000.0,6.723829801861346,0.0,0.0,977.4580495120424,145372217.66699904,145372217.66699904
2010,분할매수,90,2017-06-30,129.76060485839844,1143.75,1.38,분할매수,0.0,0.0,0.0,977.4580495120424,1000000.0,1000000.0,6.737922814438256,0.0,0.0,970.7201266976042,144068157.71434948,144068157.71434948
2010,분할매수,91,2017-07-31,135.0306396484375,1121.86,1.39,분할매수,0.0,0.0,0.0,970.7201266976042,1000000.0,1000000.0,6.60129303214384,0.0,0.0,964.1188336654603,146049997.92780787,146049997.92780787
2010,분할매수,92,2017-08-31,137.83059692382812,1122.36,1.39,분할매수,0.0,0.0,0.0,964.1188336654603,1000000.0,1000000.0,6.464310111012158,0.0,0.0,957.6545235544481,148144892.0470343,148144892.0470343
2010,분할매수,93,2017-09-30,137.42367553710938,1142.57,1.38,분할매수,0.0,0.0,0.0,957.6545235544481,1000000.0,1000000.0,6.368770851011641,0.0,0.0,951.2857527034365,149367244.47423485,149367244.47423485
2010,분할매수,94,2017-10-31,143.75392150878906,1115.68,1.38,분할매수,0.0,0.0,0.0,951.2857527034365,1000000.0,1000000.0,6.235060205407442,0.0,0.0,945.0506924980291,151570419.7496635,151570419.7496635
2010,분할매수,95,2017-11-30,146.5884246826172,1084.79,1.45,분할매수,0.0,0.0,0.0,945.0506924980291,1000000.0,1000000.0,6.2886098156397425,0.0,0.0,938.7620826823894,149279747.067101,149279747.067101
2010,분할매수,96,2017-12-31,147.4724884033203,1067.42,1.66,분할매수,0.0,0.0,0.0,938.7620826823894,1000000.0,1000000.0,6.352631382658852,0.0,0.0,932.4094512997306,146775311.6991776,146775311.6991776
2010,분할매수,97,2018-01-31,160.3867645263672,1068.33,1.66,분할매수,0.0,0.0,0.0,932.4094512997306,1000000.0,1000000.0,5.836144677053632,0.0,0.0,926.5733066226769,158764622.51968297,158764622.51968297
2010,분할매수,98,2018-02-28,158.31326293945312,1082.12,1.65,분할매수,0.0,0.0,0.0,926.5733066226769,1000000.0,1000000.0,5.837236320435129,0.0,0.0,920.7360703022417,157734931.35422805,157734931.35422805
2010,분할매수,99,2018-03-31,151.85598754882812,1060.99,1.65,분할매수,0.0,0.0,0.0,920.7360703022417,1000000.0,1000000.0,6.206643328959487,0.0,0.0,914.5294269732823,147346863.4336039,147346863.4336039
2010,분할매수,100,2018-04-30,152.62411499023438,1069.07,1.65,분할매수,0.0,0.0,0.0,914.5294269732823,1000000.0,1000000.0,6.12873295913748,0.0,0.0,908.4006940141448,148219982.8367114,148219982.8367114
2010,분할매수,101,2018-05-31,161.2823486328125,1080.75,1.65,분할매수,0.0,0.0,0.0,908.4006940141448,1000000.0,1000000.0,5.737040512337957,0.0,0.0,902.6636535018068,157339598.97277308,157339598.97277308
2010,분할매수,102,2018-06-30,163.1290740966797,1111.79,1.65,분할매수,0.0,0.0,0.0,902.6636535018068,1000000.0,1000000.0,5.513734696064479,0.0,0.0,897.1499188057423,162711840.20625767,162711840.20625767
2010,분할매수,103,2018-07-31,167.6908416748047,1112.75,1.65,분할매수,0.0,0.0,0.0,897.1499188057423,1000000.0,1000000.0,5.359114703004297,0.0,0.0,891.7908041027381,166406366.26098037,166406366.26098037
2010,분할매수,104,2018-08-31,177.38449096679688,1116.5,1.65,분할매수,0.0,0.0,0.0,891.7908041027381,1000000.0,1000000.0,5.049235495100367,0.0,0.0,886.7415686076378,175618976.2723696,175618976.2723696
2010,분할매수,105,2018-09-30,176.8849639892578,1109.76,1.65,분할매수,0.0,0.0,0.0,886.7415686076378,1000000.0,1000000.0,5.094247199356835,0.0,0.0,881.647321408281,173067243.67823997,173067243.67823997
2010,분할매수,106,2018-10-31,161.68032836914062,1140.78,1.68,분할매수,0.0,0.0,0.0,881.647321408281,1000000.0,1000000.0,5.42176786129744,0.0,0.0,876.2255535469835,161612517.53358933,161612517.53358933
2010,분할매수,107,2018-11-30,161.25193786621094,1118.61,1.71,분할매수,0.0,0.0,0.0,876.2255535469835,1000000.0,1000000.0,5.543912408842806,0.0,0.0,870.6816411381407,157051839.37418666,157051839.37418666
2010,분할매수,108,2018-12-31,147.2863311767578,1112.85,1.91,분할매수,0.0,0.0,0.0,870.6816411381407,1000000.0,1000000.0,6.100998603731652,0.0,0.0,864.580642534409,141711332.6342333,141711332.6342333
2010,분할매수,109,2019-01-31,160.55799865722656,1111.82,1.87,분할매수,0.0,0.0,0.0,864.580642534409,1000000.0,1000000.0,5.601877039001956,0.0,0.0,858.9787654954071,153337668.69835556,153337668.69835556
2010,분할매수,110,2019-02-28,165.36058044433594,1124.65,1.87,분할매수,0.0,0.0,0.0,858.9787654954071,1000000.0,1000000.0,5.377131089960818,0.0,0.0,853.6016344054462,158746666.22860152,158746666.22860152
2010,분할매수,111,2019-03-31,171.85031127929688,1136.3,1.9,분할매수,0.0,0.0,0.0,853.6016344054462,1000000.0,1000000.0,5.121022337454769,0.0,0.0,848.4806120679915,165685786.1880954,165685786.1880954
2010,분할매수,112,2019-04-30,181.30081176757812,1165.1,1.86,분할매수,0.0,0.0,0.0,848.4806120679915,1000000.0,1000000.0,4.734095875895419,0.0,0.0,843.7465161920961,178227593.6759535,178227593.6759535
2010,분할매수,113,2019-05-31,166.3885498046875,1190.5,1.84,분할매수,0.0,0.0,0.0,843.7465161920961,1000000.0,1000000.0,5.048323345097929,0.0,0.0,838.6981928469982,166134008.36564854,166134008.36564854
2010,분할매수,114,2019-06-30,179.0174560546875,1154.58,1.8,분할매수,0.0,0.0,0.0,838.6981928469982,1000000.0,1000000.0,4.838164032129153,0.0,0.0,833.860028814869,172350508.01861888,172350508.01861888
2010,분할매수,115,2019-07-31,183.1971893310547,1182.74,1.68,분할매수,0.0,0.0,0.0,833.860028814869,1000000.0,1000000.0,4.615214696469642,0.0,0.0,829.2448141183994,179676324.64698148,179676324.64698148
2010,분할매수,116,2019-08-31,179.71731567382812,1211.32,1.49,분할매수,0.0,0.0,0.0,829.2448141183994,1000000.0,1000000.0,4.5935789915566225,0.0,0.0,824.6512351268428,179522598.09673893,179522598.09673893
2010,분할매수,117,2019-09-30,181.3668670654297,1195.85,1.54,분할매수,0.0,0.0,0.0,824.6512351268428,1000000.0,1000000.0,4.610683817946259,0.0,0.0,820.0405513088966,177856600.81852415,177856600.81852415
2010,분할매수,118,2019-10-31,189.31082153320312,1169.1,1.46,분할매수,0.0,0.0,0.0,820.0405513088966,1000000.0,1000000.0,4.5182774872499225,0.0,0.0,815.5222738216466,180494065.7414158,180494065.7414158
2010,분할매수,119,2019-11-30,197.0147247314453,1181.33,1.52,분할매수,0.0,0.0,0.0,815.5222738216466,1000000.0,1000000.0,4.2966510161918094,0.0,0.0,811.2256228054548,188804168.58347902,188804168.58347902
2010,분할매수,120,2019-12-31,204.67141723632812,1155.46,1.53,분할매수,0.0,0.0,0.0,811.2256228054548,1000000.0,1000000.0,4.228515117742067,0.0,0.0,806.9971076877127,190846452.05635005,190846452.05635005
2011,일시매수,0,2010-12-31,47.65583801269531,1130.6,2.8,전액매수,100000000.0,0.0,100000000.0,0.0,0.0,0.0,0.0,100000000.0,0.0,1855.9869062262503,100000000.00000001,100000000.00000001
2011,일시매수,1,2011-01-31,49.00342559814453,1119.1,2.93,전액매수,0.0,0.0,0.0,1855.9869062262503,1000000.0,1000000.0,18.23495364753519,0.0,0.0,1837.7519525787152,100781827.47819176,100781827.47819176
2011,일시매수,2,2011-02-28,50.55229187011719,1123.7,3.13,전액매수,0.0,0.0,0.0,1837.7519525787152,1000000.0,1000000.0,17.603894992206044,0.0,0.0,1820.1480575865091,103394621.38307247,103394621.38307247
2011,일시매수,3,2011-03-31,50.32568359375,1097.25,3.35,전액매수,0.0,0.0,0.0,1820.1480575865091,1000000.0,1000000.0,18.109427778049056,0.0,0.0,1802.03862980846,99508314.22695538,99508314.22695538
2011,일시매수,4,2011-04-30,51.771575927734375,1068.4,3.4,전액매수,0.0,0.0,0.0,1802.03862980846,1000000.0,1000000.0,18.07901376956591,0.0,0.0,1783.959616038894,98675715.32259129,98675715.32259129
2011,일시매수,5,2011-05-31,51.1406364440918,1078.0,3.46,전액매수,0.0,0.0,0.0,1783.959616038894,1000000.0,1000000.0,18.139073920223204,0.0,0.0,1765.8205421186708,97348990.90686002,97348990.90686002
2011,일시매수,6,2011-06-30,50.10478973388672,1066.3,3.53,전액매수,0.0,0.0,0.0,1765.8205421186708,1000000.0,1000000.0,18.717220078615295,0.0,0.0,1747.1033220400554,93342030.21078688,93342030.21078688
2011,일시매수,7,2011-07-31,50.93914031982422,1054.0,3.59,전액매수,0.0,0.0,0.0,1747.1033220400554,1000000.0,1000000.0,18.62549303852943,0.0,0.0,1728.477829001526,92801722.10345942,92801722.10345942
2011,일시매수,8,2011-08-31,48.35704040527344,1063.9,3.59,전액매수,0.0,0.0,0.0,1728.477829001526,1000000.0,1000000.0,19.43745845934499,0.0,0.0,1709.040370542181,87925094.4312898,87925094.4312898
2011,일시매수,9,2011-09-30,46.18540954589844,1180.9,3.58,전액매수,0.0,0.0,0.0,1709.040370542181,1000000.0,1000000.0,18.335049143725616,0.0,0.0,1690.7053213984555,92211660.20037787,92211660.20037787
2011,일시매수,10,2011-10-31,50.989601135253906,1112.05,3.58,전액매수,0.0,0.0,0.0,1690.7053213984555,1000000.0,1000000.0,17.635755566995662,0.0,0.0,1673.0695658314598,94868040.07209744,94868040.07209744
2011,일시매수,11,2011-11-30,49.61699295043945,1140.05,3.56,전액매수,0.0,0.0,0.0,1673.0695658314598,1000000.0,1000000.0,17.678510095185096,0.0,0.0,1655.3910557362747,93638606.80698062,93638606.80698062
2011,일시매수,12,2011-12-31,49.31224060058594,1158.5,3.55,전액매수,0.0,0.0,0.0,1655.3910557362747,1000000.0,1000000.0,17.50448048400194,0.0,0.0,1637.8865752522727,93569562.19004638,93569562.19004638
2011,일시매수,13,2012-01-31,53.46356201171875,1125.7,3.55,전액매수,0.0,0.0,0.0,1637.8865752522727,1000000.0,1000000.0,16.615730657883987,0.0,0.0,1621.2708445943888,97574453.87002064,97574453.87002064
2011,일시매수,14,2012-02-29,56.89059066772461,1117.1,3.53,전액매수,0.0,0.0,0.0,1621.2708445943888,1000000.0,1000000.0,15.735027466003562,0.0,0.0,1605.5358171283851,102035781.03674991,102035781.03674991
2011,일시매수,15,2012-03-31,59.765281677246094,1131.4,3.54,전액매수,0.0,0.0,0.0,1605.5358171283851,1000000.0,1000000.0,14.78886535373972,0.0,0.0,1590.7469517746454,107563826.82004654,107563826.82004654
2011,일시매수,16,2012-04-30,59.06635665893555,1130.05,3.54,전액매수,0.0,0.0,0.0,1590.7469517746454,1000000.0,1000000.0,14.981736586878165,0.0,0.0,1575.7652151877671,105179076.27396876,105179076.27396876
2011,일시매수,17,2012-05-31,54.90799331665039,1180.0,3.54,전액매수,0.0,0.0,0.0,1575.7652151877671,1000000.0,1000000.0,15.434139474582832,0.0,0.0,1560.3310757131842,101096084.9668853,101096084.9668853
2011,일시매수,18,2012-06-30,56.89645004272461,1141.17,3.54,전액매수,0.0,0.0,0.0,1560.3310757131842,1000000.0,1000000.0,15.401551903695259,0.0,0.0,1544.929523809489,100309990.4132919,100309990.4132919
2011,일시매수,19,2012-07-31,57.463993072509766,1130.27,3.34,전액매수,0.0,0.0,0.0,1544.929523809489,1000000.0,1000000.0,15.396499717706176,0.0,0.0,1529.5330240917829,99342905.99393834,99342905.99393834
2011,일시매수,20,2012-08-31,60.44361114501953,1133.2,3.19,전액매수,0.0,0.0,0.0,1529.5330240917829,1000000.0,1000000.0,14.59966972359645,0.0,0.0,1514.9333543681864,103764905.8539799,103764905.8539799
2011,일시매수,21,2012-09-30,60.98059844970703,1111.21,3.14,전액매수,0.0,0.0,0.0,1514.9333543681864,1000000.0,1000000.0,14.757479100020031,0.0,0.0,1500.1758752681665,101655293.90898001,101655293.90898001
2011,일시매수,22,2012-10-31,57.76125717163086,1090.17,2.93,전액매수,0.0,0.0,0.0,1500.1758752681665,1000000.0,1000000.0,15.88068152063766,0.0,0.0,1484.2951937475289,93465459.38967547,93465459.38967547
2011,일시매수,23,2012-11-30,58.51719284057617,1081.75,2.85,전액매수,0.0,0.0,0.0,1484.2951937475289,1000000.0,1000000.0,15.797545392979005,0.0,0.0,1468.49764835455,92957330.5108022,92957330.5108022
2011,일시매수,24,2012-12-31,58.24394989013672,1063.24,2.88,전액매수,0.0,0.0,0.0,1468.49764835455,1000000.0,1000000.0,16.147967760636632,0.0,0.0,1452.3496805939133,89940090.42637911,89940090.42637911
2011,일시매수,25,2013-01-31,59.799983978271484,1087.46,2.86,전액매수,0.0,0.0,0.0,1452.3496805939133,1000000.0,1000000.0,15.377496650043287,0.0,0.0,1436.97218394387,93446431.27851534,93446431.27851534
2011,일시매수,26,2013-02-28,60.00566482543945,1083.9,2.83,전액매수,0.0,0.0,0.0,1436.97218394387,1000000.0,1000000.0,15.37512063160488,0.0,0.0,1421.5970633122652,92460872.16968238,92460872.16968238
2011,일시매수,27,2013-03-31,61.82071304321289,1112.48,2.81,전액매수,0.0,0.0,0.0,1421.5970633122652,1000000.0,1000000.0,14.540313757500314,0.0,0.0,1407.0567495547648,96769352.64405584,96769352.64405584
2011,일시매수,28,2013-04-30,63.38931655883789,1101.52,2.8,전액매수,0.0,0.0,0.0,1407.0567495547648,1000000.0,1000000.0,14.321600128683558,0.0,0.0,1392.7351494260813,97247174.68103907,97247174.68103907
2011,일시매수,29,2013-05-31,65.65702056884766,1129.34,2.72,전액매수,0.0,0.0,0.0,1392.7351494260813,1000000.0,1000000.0,13.486340431241372,0.0,0.0,1379.24880899484,102270057.32405975,102270057.32405975
2011,일시매수,30,2013-06-30,64.0843734741211,1141.45,2.69,전액매수,0.0,0.0,0.0,1379.24880899484,1000000.0,1000000.0,13.670706669520868,0.0,0.0,1365.5781023253192,99890820.2287673,99890820.2287673
2011,일시매수,31,2013-07-31,68.13068389892578,1122.66,2.68,전액매수,0.0,0.0,0.0,1365.5781023253192,1000000.0,1000000.0,13.074015707868398,0.0,0.0,1352.5040866174509,103449782.90055647,103449782.90055647
2011,일시매수,32,2013-08-31,67.86092376708984,1109.42,2.66,전액매수,0.0,0.0,0.0,1352.5040866174509,1000000.0,1000000.0,13.282635100978247,0.0,0.0,1339.2214515164726,100824982.49295735,100824982.49295735
2011,일시매수,33,2013-09-30,71.14009857177734,1073.33,2.66,전액매수,0.0,0.0,0.0,1339.2214515164726,1000000.0,1000000.0,13.096410192760567,0.0,0.0,1326.1250413237121,101258667.2076572,101258667.2076572
2011,일시매수,34,2013-10-31,74.66643524169922,1060.83,2.66,전액매수,0.0,0.0,0.0,1326.1250413237121,1000000.0,1000000.0,12.624924496256153,0.0,0.0,1313.500116827456,104040235.42611814,104040235.42611814
2011,일시매수,35,2013-11-30,77.3179702758789,1057.76,2.65,전액매수,0.0,0.0,0.0,1313.500116827456,1000000.0,1000000.0,12.227352022598394,0.0,0.0,1301.2727648048576,106423104.72454433,106423104.72454433
2011,일시매수,36,2013-12-31,79.58113098144531,1055.25,2.65,전액매수,0.0,0.0,0.0,1301.2727648048576,1000000.0,1000000.0,11.907882270590774,0.0,0.0,1289.3648825342668,108278269.23672624,108278269.23672624
2011,일시매수,37,2014-01-31,78.05211639404297,1080.36,2.65,전액매수,0.0,0.0,0.0,1289.3648825342668,1000000.0,1000000.0,11.858965900732937,0.0,0.0,1277.5059166335338,107724900.07367155,107724900.07367155
2011,일시매수,38,2014-02-28,82.07371520996094,1066.01,2.65,전액매수,0.0,0.0,0.0,1277.5059166335338,1000000.0,1000000.0,11.429694653928948,0.0,0.0,1266.076221979605,110770782.62492274,110770782.62492274
2011,일시매수,39,2014-03-31,79.83013153076172,1064.65,2.65,전액매수,0.0,0.0,0.0,1266.076221979605,1000000.0,1000000.0,11.765930987876633,0.0,0.0,1254.3102909917284,106605273.50399585,106605273.50399585
2011,일시매수,40,2014-04-30,79.5751953125,1032.85,2.65,전액매수,0.0,0.0,0.0,1254.3102909917284,1000000.0,1000000.0,12.167042719678147,0.0,0.0,1242.1432482720502,102090810.14099607,102090810.14099607
2011,일시매수,41,2014-05-31,83.1446304321289,1020.3,2.65,전액매수,0.0,0.0,0.0,1242.1432482720502,1000000.0,1000000.0,11.787939713226674,0.0,0.0,1230.3553085588235,104374075.41016702,104374075.41016702
2011,일시매수,42,2014-06-30,85.74197387695312,1011.6,2.65,전액매수,0.0,0.0,0.0,1230.3553085588235,1000000.0,1000000.0,11.52916095005458,0.0,0.0,1218.826147608769,105716812.60144077,105716812.60144077
2011,일시매수,43,2014-07-31,86.75536346435547,1027.75,2.65,전액매수,0.0,0.0,0.0,1218.826147608769,1000000.0,1000000.0,11.215436503246469,0.0,0.0,1207.6107111055223,107673982.26149845,107673982.26149845
2011,일시매수,44,2014-08-31,91.10137939453125,1013.85,2.52,전액매수,0.0,0.0,0.0,1207.6107111055223,1000000.0,1000000.0,10.826830599129158,0.0,0.0,1196.7838805063932,110538709.3248374,110538709.3248374
2011,일시매수,45,2014-09-30,90.41202545166016,1054.55,2.35,전액매수,0.0,0.0,0.0,1196.7838805063932,1000000.0,1000000.0,10.488336810877342,0.0,0.0,1186.2955436955158,113106164.02642803,113106164.02642803
2011,일시매수,46,2014-10-31,92.80072021484375,1073.07,2.21,전액매수,0.0,0.0,0.0,1186.2955436955158,1000000.0,1000000.0,10.042008852023338,0.0,0.0,1176.2535348434924,117133289.97977252,117133289.97977252
2011,일시매수,47,2014-11-30,97.01976013183594,1112.06,2.14,전액매수,0.0,0.0,0.0,1176.2535348434924,1000000.0,1000000.0,9.26854544478773,0.0,0.0,1166.9849893987046,125908104.60501888,125908104.60501888
2011,일시매수,48,2014-12-31,94.84591674804688,1090.89,2.13,전액매수,0.0,0.0,0.0,1166.9849893987046,1000000.0,1000000.0,9.664967560482188,0.0,0.0,1157.3200218382224,119743808.20171975,119743808.20171975
2011,일시매수,49,2015-01-31,92.87090301513672,1104.3,2.13,전액매수,0.0,0.0,0.0,1157.3200218382224,1000000.0,1000000.0,9.750643079811809,0.0,0.0,1147.5693787584105,117691660.88484894,117691660.88484894
2011,일시매수,50,2015-02-28,99.57671356201172,1100.65,2.12,전액매수,0.0,0.0,0.0,1147.5693787584105,1000000.0,1000000.0,9.124161701575952,0.0,0.0,1138.4452170568345,124772582.32503694,124772582.32503694
2011,일시매수,51,2015-03-31,97.22772979736328,1107.71,1.95,전액매수,0.0,0.0,0.0,1138.4452170568345,1000000.0,1000000.0,9.28503998316416,0.0,0.0,1129.1601770736704,121610696.25129119,121610696.25129119
2011,일시매수,52,2015-04-30,99.09678649902344,1076.74,1.81,전액매수,0.0,0.0,0.0,1129.1601770736704,1000000.0,1000000.0,9.37194176890605,0.0,0.0,1119.7882353047644,119483055.15725297,119483055.15725297
2011,일시매수,53,2015-05-31,101.32492065429688,1111.99,1.8,전액매수,0.0,0.0,0.0,1119.7882353047644,1000000.0,1000000.0,8.875295996885576,0.0,0.0,1110.9129393078788,125169114.32561892,125169114.32561892
2011,일시매수,54,2015-06-30,98.80795288085938,1117.34,1.7,전액매수,0.0,0.0,0.0,1110.9129393078788,1000000.0,1000000.0,9.057800518471668,0.0,0.0,1101.8551387894072,121647097.0565517,121647097.0565517
2011,일시매수,55,2015-07-31,103.31137084960938,1159.7,1.65,전액매수,0.0,0.0,0.0,1101.8551387894072,1000000.0,1000000.0,8.34653499387769,0.0,0.0,1093.5086037955296,131013480.9951237,131013480.9951237
2011,일시매수,56,2015-08-31,96.26093292236328,1182.54,1.64,전액매수,0.0,0.0,0.0,1093.5086037955296,1000000.0,1000000.0,8.784844808827106,0.0,0.0,1084.7237589867025,123476712.74702092,123476712.74702092
2011,일시매수,57,2015-09-30,94.13616943359375,1184.62,1.6,전액매수,0.0,0.0,0.0,1084.7237589867025,1000000.0,1000000.0,8.96735612176437,0.0,0.0,1075.756402864938,119963608.9230365,119963608.9230365
2011,일시매수,58,2015-10-31,104.83930969238281,1140.5,1.58,전액매수,0.0,0.0,0.0,1075.756402864938,1000000.0,1000000.0,8.363355500274835,0.0,0.0,1067.3930473646633,127627367.66715068,127627367.66715068
2011,일시매수,59,2015-11-30,105.47760772705078,1149.39,1.59,전액매수,0.0,0.0,0.0,1067.3930473646633,1000000.0,1000000.0,8.248449396685212,0.0,0.0,1059.1445979679781,128405297.41185229,128405297.41185229
2011,일시매수,60,2015-12-31,103.79549407958984,1169.26,1.67,전액매수,0.0,0.0,0.0,1059.1445979679781,1000000.0,1000000.0,8.23968115797513,0.0,0.0,1050.904916810003,127541939.62867597,127541939.62867597
2011,일시매수,61,2016-01-31,96.6227798461914,1210.04,1.67,전액매수,0.0,0.0,0.0,1050.904916810003,1000000.0,1000000.0,8.55304476513904,0.0,0.0,1042.351872044864,121869100.4977944,121869100.4977944
2011,일시매수,62,2016-02-29,95.11029052734375,1238.09,1.64,전액매수,0.0,0.0,0.0,1042.351872044864,1000000.0,1000000.0,8.492201215959062,0.0,0.0,1033.8596708289049,121742248.50984603,121742248.50984603
2011,일시매수,63,2016-03-31,101.62784576416016,1138.86,1.63,전액매수,0.0,0.0,0.0,1033.8596708289049,1000000.0,1000000.0,8.64006362535049,0.0,0.0,1025.2196072035545,118658802.95088287,118658802.95088287
2011,일시매수,64,2016-04-30,98.38916778564453,1144.09,1.61,전액매수,0.0,0.0,0.0,1025.2196072035545,1000000.0,1000000.0,8.883672161918165,0.0,0.0,1016.3359350416363,114404934.86447938,114404934.86447938
2011,일시매수,65,2016-05-31,102.68879699707031,1188.99,1.58,전액매수,0.0,0.0,0.0,1016.3359350416363,1000000.0,1000000.0,8.190279673862781,0.0,0.0,1008.1456553677735,123090504.29437923,123090504.29437923
2011,일시매수,66,2016-06-30,100.34950256347656,1154.15,1.43,전액매수,0.0,0.0,0.0,1008.1456553677735,1000000.0,1000000.0,8.634208266045675,0.0,0.0,999.5114471017279,115761794.97920398,115761794.97920398
2011,일시매수,67,2016-07-31,107.52534484863281,1112.89,1.36,전액매수,0.0,0.0,0.0,999.5114471017279,1000000.0,1000000.0,8.356740491820076,0.0,0.0,991.1547066099077,118605418.89269997,118605418.89269997
2011,일시매수,68,2016-08-31,108.6544189453125,1115.98,1.35,전액매수,0.0,0.0,0.0,991.1547066099077,1000000.0,1000000.0,8.247003803724308,0.0,0.0,982.9077028061835,119183612.15770349,119183612.15770349
2011,일시매수,69,2016-09-30,111.05952453613281,1097.98,1.34,전액매수,0.0,0.0,0.0,982.9077028061835,1000000.0,1000000.0,8.200678020975545,0.0,0.0,974.707024785208,118856882.60069716,118856882.60069716
2011,일시매수,70,2016-10-31,109.44116973876953,1145.37,1.35,전액매수,0.0,0.0,0.0,974.707024785208,1000000.0,1000000.0,7.977622285490401,0.0,0.0,966.7294024997176,121180142.14059657,121180142.14059657
2011,일시매수,71,2016-11-30,109.91825103759766,1175.87,1.42,전액매수,0.0,0.0,0.0,966.7294024997176,1000000.0,1000000.0,7.7369694168529275,0.0,0.0,958.9924330828646,123949363.29901409,123949363.29901409
2011,일시매수,72,2016-12-31,111.16278076171875,1203.73,1.54,전액매수,0.0,0.0,0.0,958.9924330828646,1000000.0,1000000.0,7.473284460506867,0.0,0.0,951.5191486223578,127322752.61977945,127322752.61977945
2011,일시매수,73,2017-01-31,116.8766860961914,1151.45,1.5,전액매수,0.0,0.0,0.0,951.5191486223578,1000000.0,1000000.0,7.430653783646564,0.0,0.0,944.0884948387112,127053220.66228788,127053220.66228788
2011,일시매수,74,2017-02-28,121.99009704589844,1129.17,1.49,전액매수,0.0,0.0,0.0,944.0884948387112,1000000.0,1000000.0,7.259656834436199,0.0,0.0,936.828838004275,129045884.58788095,129045884.58788095
2011,일시매수,75,2017-03-31,124.46270751953125,1117.48,1.48,전액매수,0.0,0.0,0.0,936.828838004275,1000000.0,1000000.0,7.189869315437843,0.0,0.0,929.6389686888372,129298451.46041083,129298451.46041083
2011,일시매수,76,2017-04-30,127.85678100585938,1136.99,1.43,전액매수,0.0,0.0,0.0,929.6389686888372,1000000.0,1000000.0,6.878909388273054,0.0,0.0,922.7600593005641,134143365.93438141,134143365.93438141
2011,일시매수,77,2017-05-31,132.83978271484375,1119.58,1.39,전액매수,0.0,0.0,0.0,922.7600593005641,1000000.0,1000000.0,6.723829801861346,0.0,0.0,916.0362294987027,136237271.9852484,136237271.9852484
2011,일시매수,78,2017-06-30,129.76060485839844,1143.75,1.38,전액매수,0.0,0.0,0.0,916.0362294987027,1000000.0,1000000.0,6.737922814438256,0.0,0.0,909.2983066842645,134952318.64867735,134952318.64867735
2011,일시매수,79,2017-07-31,135.0306396484375,1121.86,1.39,전액매수,0.0,0.0,0.0,909.2983066842645,1000000.0,1000000.0,6.60129303214384,0.0,0.0,902.6970136521206,136745484.44624344,136745484.44624344
2011,일시매수,80,2017-08-31,137.83059692382812,1122.36,1.39,전액매수,0.0,0.0,0.0,902.6970136521206,1000000.0,1000000.0,6.464310111012158,0.0,0.0,896.2327035411084,138643209.8940222,138643209.8940222
2011,일시매수,81,2017-09-30,137.42367553710938,1142.57,1.38,전액매수,0.0,0.0,0.0,896.2327035411084,1000000.0,1000000.0,6.368770851011641,0.0,0.0,889.8639326900968,139723025.6052857,139723025.6052857
2011,일시매수,82,2017-10-31,143.75392150878906,1115.68,1.38,전액매수,0.0,0.0,0.0,889.8639326900968,1000000.0,1000000.0,6.235060205407442,0.0,0.0,883.6288724846894,141719380.94813424,141719380.94813424
2011,일시매수,83,2017-11-30,146.5884246826172,1084.79,1.45,전액매수,0.0,0.0,0.0,883.6288724846894,1000000.0,1000000.0,6.2886098156397425,0.0,0.0,877.3402626690497,139512593.14691597,139512593.14691597
2011,일시매수,84,2017-12-31,147.4724884033203,1067.42,1.66,전액매수,0.0,0.0,0.0,877.3402626690497,1000000.0,1000000.0,6.352631382658852,0.0,0.0,870.9876312863909,137106590.76866582,137106590.76866582
2011,일시매수,85,2018-01-31,160.3867645263672,1068.33,1.66,전액매수,0.0,0.0,0.0,870.9876312863909,1000000.0,1000000.0,5.836144677053632,0.0,0.0,865.1514866093372,148240239.83005637,148240239.83005637
2011,일시매수,86,2018-02-28,158.31326293945312,1082.12,1.65,전액매수,0.0,0.0,0.0,865.1514866093372,1000000.0,1000000.0,5.837236320435129,0.0,0.0,859.314250288902,147212516.86874408,147212516.86874408
2011,일시매수,87,2018-03-31,151.85598754882812,1060.99,1.65,전액매수,0.0,0.0,0.0,859.314250288902,1000000.0,1000000.0,6.206643328959487,0.0,0.0,853.1076069599426,137450722.0318977,137450722.0318977
2011,일시매수,88,2018-04-30,152.62411499023438,1069.07,1.65,전액매수,0.0,0.0,0.0,853.1076069599426,1000000.0,1000000.0,6.12873295913748,0.0,0.0,846.9788740008051,138198038.59099835,138198038.59099835
2011,일시매수,89,2018-05-31,161.2823486328125,1080.75,1.65,전액매수,0.0,0.0,0.0,846.9788740008051,1000000.0,1000000.0,5.737040512337957,0.0,0.0,841.2418334884671,146633413.46105373,146633413.46105373
2011,일시매수,90,2018-06-30,163.1290740966797,1111.79,1.65,전액매수,0.0,0.0,0.0,841.2418334884671,1000000.0,1000000.0,5.513734696064479,0.0,0.0,835.7280987924026,151572055.03357235,151572055.03357235
2011,일시매수,91,2018-07-31,167.6908416748047,1112.75,1.65,전액매수,0.0,0.0,0.0,835.7280987924026,1000000.0,1000000.0,5.359114703004297,0.0,0.0,830.3689840893984,154945178.4683573,154945178.4683573
2011,일시매수,92,2018-08-31,177.38449096679688,1116.5,1.65,전액매수,0.0,0.0,0.0,830.3689840893984,1000000.0,1000000.0,5.049235495100367,0.0,0.0,825.3197485942981,163454398.0757413,163454398.0757413
2011,일시매수,93,2018-09-30,176.8849639892578,1109.76,1.65,전액매수,0.0,0.0,0.0,825.3197485942981,1000000.0,1000000.0,5.094247199356835,0.0,0.0,820.2255013949413,161010149.1538332,161010149.1538332
2011,일시매수,94,2018-10-31,161.68032836914062,1140.78,1.68,전액매수,0.0,0.0,0.0,820.2255013949413,1000000.0,1000000.0,5.42176786129744,0.0,0.0,814.8037335336438,150283773.55474967,150283773.55474967
2011,일시매수,95,2018-11-30,161.25193786621094,1118.61,1.71,전액매수,0.0,0.0,0.0,814.8037335336438,1000000.0,1000000.0,5.543912408842806,0.0,0.0,809.259821124801,145972692.4678667,145972692.4678667
2011,일시매수,96,2018-12-31,147.2863311767578,1112.85,1.91,전액매수,0.0,0.0,0.0,809.259821124801,1000000.0,1000000.0,6.100998603731652,0.0,0.0,803.1588225210693,131643829.91824,131643829.91824
2011,일시매수,97,2019-01-31,160.55799865722656,1111.82,1.87,전액매수,0.0,0.0,0.0,803.1588225210693,1000000.0,1000000.0,5.601877039001956,0.0,0.0,797.5569454820674,142373161.69727316,142373161.69727316
2011,일시매수,98,2019-02-28,165.36058044433594,1124.65,1.87,전액매수,0.0,0.0,0.0,797.5569454820674,1000000.0,1000000.0,5.377131089960818,0.0,0.0,792.1798143921066,147323879.80481222,147323879.80481222
2011,일시매수,99,2019-03-31,171.85031127929688,1136.3,1.9,전액매수,0.0,0.0,0.0,792.1798143921066,1000000.0,1000000.0,5.121022337454769,0.0,0.0,787.0587920546518,153691731.88294134,153691731.88294134
2011,일시매수,100,2019-04-30,181.30081176757812,1165.1,1.86,전액매수,0.0,0.0,0.0,787.0587920546518,1000000.0,1000000.0,4.734095875895419,0.0,0.0,782.3246961787564,165253243.00298113,165253243.00298113
2011,일시매수,101,2019-05-31,166.3885498046875,1190.5,1.84,전액매수,0.0,0.0,0.0,782.3246961787564,1000000.0,1000000.0,5.048323345097929,0.0,0.0,777.2763728336585,153967232.22739226,153967232.22739226
2011,일시매수,102,2019-06-30,179.0174560546875,1154.58,1.8,전액매수,0.0,0.0,0.0,777.2763728336585,1000000.0,1000000.0,4.838164032129153,0.0,0.0,772.4382088015293,159655233.61174652,159655233.61174652
2011,일시매수,103,2019-07-31,183.1971893310547,1182.74,1.68,전액매수,0.0,0.0,0.0,772.4382088015293,1000000.0,1000000.0,4.615214696469642,0.0,0.0,767.8229941050597,166367773.67960748,166367773.67960748
2011,일시매수,104,2019-08-31,179.71731567382812,1211.32,1.49,전액매수,0.0,0.0,0.0,767.8229941050597,1000000.0,1000000.0,4.5935789915566225,0.0,0.0,763.2294151135031,166151364.00536093,166151364.00536093
2011,일시매수,105,2019-09-30,181.3668670654297,1195.85,1.54,전액매수,0.0,0.0,0.0,763.2294151135031,1000000.0,1000000.0,4.610683817946259,0.0,0.0,758.6187312955569,164534971.65491366,164534971.65491366
2011,일시매수,106,2019-10-31,189.31082153320312,1169.1,1.46,전액매수,0.0,0.0,0.0,758.6187312955569,1000000.0,1000000.0,4.5182774872499225,0.0,0.0,754.100453808307,166899986.98315775,166899986.98315775
2011,일시매수,107,2019-11-30,197.0147247314453,1181.33,1.52,전액매수,0.0,0.0,0.0,754.100453808307,1000000.0,1000000.0,4.2966510161918094,0.0,0.0,749.8038027921151,174508890.75386864,174508890.75386864
2011,일시매수,108,2019-12-31,204.67141723632812,1155.46,1.53,전액매수,0.0,0.0,0.0,749.8038027921151,1000000.0,1000000.0,4.228515117742067,0.0,0.0,745.575287674373,176320828.21368596,176320828.21368596
2011,일시매수,109,2020-01-31,210.8901824951172,1191.3,1.47,전액매수,0.0,0.0,0.0,745.575287674373,1000000.0,1000000.0,3.9803613048086475,0.0,0.0,741.5949263695644,186313469.95400858,186313469.95400858
2011,일시매수,110,2020-02-29,198.11570739746094,1214.92,1.42,전액매수,0.0,0.0,0.0,741.5949263695644,1000000.0,1000000.0,4.154640104773938,0.0,0.0,737.4402862647904,177497994.45141497,177497994.45141497
2011,일시매수,111,2020-03-31,183.68133544921875,1218.92,1.23,전액매수,0.0,0.0,0.0,737.4402862647904,1000000.0,1000000.0,4.466422151437308,0.0,0.0,732.9738641133531,164107609.9081857,164107609.9081857
2011,일시매수,112,2020-04-30,211.18528747558594,1203.95,1.1,전액매수,0.0,0.0,0.0,732.9738641133531,1000000.0,1000000.0,3.933035711470431,0.0,0.0,729.0408284018827,185363388.96585268,185363388.96585268
2011,일시매수,113,2020-05-31,225.1253662109375,1236.61,1.02,전액매수,0.0,0.0,0.0,729.0408284018827,1000000.0,1000000.0,3.5920536417049425,0.0,0.0,725.4487747601777,201959337.78312084,201959337.78312084
2011,일시매수,114,2020-06-30,239.27830505371094,1200.5,0.79,전액매수,0.0,0.0,0.0,725.4487747601777,1000000.0,1000000.0,3.481244384190199,0.0,0.0,721.9675303759875,207387775.95010194,207387775.95010194
2011,일시매수,115,2020-07-31,256.8569030761719,1192.68,0.79,전액매수,0.0,0.0,0.0,721.9675303759875,1000000.0,1000000.0,3.264260587394414,0.0,0.0,718.703269788593,220173374.8108247,220173374.8108247
2011,일시매수,116,2020-08-31,284.9691467285156,1187.48,0.68,전액매수,0.0,0.0,0.0,718.703269788593,1000000.0,1000000.0,2.955124987704449,0.0,0.0,715.7481448008886,242205709.66674545,242205709.66674545
2011,일시매수,117,2020-09-30,268.5018615722656,1165.97,0.63,전액매수,0.0,0.0,0.0,715.7481448008886,1000000.0,1000000.0,3.194223662650429,0.0,0.0,712.5539211382381,223075775.64778033,223075775.64778033
2011,일시매수,118,2020-10-31,260.32635498046875,1133.99,0.63,전액매수,0.0,0.0,0.0,712.5539211382381,1000000.0,1000000.0,3.3874480039414943,0.0,0.0,709.1664731342967,209351249.76358014,209351249.76358014
2011,일시매수,119,2020-11-30,289.54986572265625,1105.79,0.66,전액매수,0.0,0.0,0.0,709.1664731342967,1000000.0,1000000.0,3.123230045842461,0.0,0.0,706.0432430884542,226061875.9185912,226061875.9185912
2011,일시매수,120,2020-12-31,303.7449035644531,1086.11,0.66,전액매수,0.0,0.0,0.0,706.0432430884542,1000000.0,1000000.0,3.0312181163778047,0.0,0.0,703.0120249720765,231923932.22172683,231923932.22172683
2011,분할매수,0,2010-12-31,47.65583801269531,1130.6,2.8,분할매수,100000000.0,0.0,100000000.0,0.0,0.0,0.0,0.0,8333333.333333333,91666666.66666667,154.66557551885418,8333333.333333333,100000000.0
2011,분할매수,1,2011-01-31,49.00342559814453,1119.1,2.93,분할매수,91666666.66666667,213888.88888888888,91880555.55555557,154.66557551885418,1000000.0,1000000.0,0.0,8333333.333333333,82547222.22222224,306.6235225816474,16815152.289849315,99362374.51207155
2011,분할매수,2,2011-02-28,50.55229187011719,1123.7,3.13,분할매수,82547222.22222224,201552.800925926,82748775.02314816,306.6235225816474,1000000.0,1000000.0,0.0,8333333.333333333,73415441.68981484,453.32264751669777,25751269.68874798,99166711.37856281
2011,분할매수,3,2011-03-31,50.32568359375,1097.25,3.35,분할매수,73415441.68981484,191491.94374093373,73606933.63355577,453.32264751669777,1000000.0,1000000.0,0.0,8333333.333333333,64273600.300222434,604.2345456671065,33365744.79727714,97639345.09749958
2011,분할매수,4,2011-04-30,51.771575927734375,1068.4,3.4,분할매수,64273600.300222434,179430.46750478764,64453030.76772722,604.2345456671065,1000000.0,1000000.0,0.0,8333333.333333333,55119697.43439388,754.8929937468224,41755208.739184886,96874906.17357877
2011,분할매수,5,2011-05-31,51.1406364440918,1078.0,3.46,분할매수,55119697.43439388,156172.47606411602,55275869.910458,754.8929937468224,1000000.0,1000000.0,0.0,8333333.333333333,45942536.57712466,906.0519430820158,49950286.71622871,95892823.29335338
2011,분할매수,6,2011-06-30,50.10478973388672,1066.3,3.53,분할매수,45942536.57712466,132467.64713070943,46075004.224255376,906.0519430820158,1000000.0,1000000.0,0.0,8333333.333333333,36741670.89092204,1062.0287770704765,56740732.47040892,93482403.36133096
2011,분할매수,7,2011-07-31,50.93914031982422,1054.0,3.59,분할매수,36741670.89092204,108081.74853746234,36849752.639459506,1062.0287770704765,1000000.0,1000000.0,0.0,8333333.333333333,27516419.306126174,1217.2412190582218,65353503.20875741,92869922.51488358
2011,분할매수,8,2011-08-31,48.35704040527344,1063.9,3.59,분할매수,27516419.306126174,82319.95442416081,27598739.260550335,1217.2412190582218,1000000.0,1000000.0,0.0,8333333.333333333,18265405.927217003,1379.2200395527634,70956809.62804438,89222215.55526139
2011,분할매수,9,2011-09-30,46.18540954589844,1180.9,3.58,분할매수,18265405.927217003,54644.00606559087,18320049.933282595,1379.2200395527634,1000000.0,1000000.0,0.0,8333333.333333333,8986716.599949263,1532.0121157504768,83556477.20064838,92543193.80059764
2011,분할매수,10,2011-10-31,50.989601135253906,1112.05,3.58,분할매수,8986716.599949263,26810.371189848633,9013526.971139112,1532.0121157504768,1000000.0,1000000.0,0.0,8013526.9711391125,0.0,1673.3367186430132,94883188.43421543,94883188.43421543
2011,분할매수,11,2011-11-30,49.61699295043945,1140.05,3.56,분할매수,0.0,0.0,0.0,1673.3367186430132,1000000.0,1000000.0,17.678510095185096,0.0,0.0,1655.658208547828,93653718.53359756,93653718.53359756
2011,분할매수,12,2011-12-31,49.31224060058594,1158.5,3.55,분할매수,0.0,0.0,0.0,1655.658208547828,1000000.0,1000000.0,17.50448048400194,0.0,0.0,1638.153728063826,93584824.15750651,93584824.15750651
2011,분할매수,13,2012-01-31,53.46356201171875,1125.7,3.55,분할매수,0.0,0.0,0.0,1638.153728063826,1000000.0,1000000.0,16.615730657883987,0.0,0.0,1621.5379974059422,97590532.17659974,97590532.17659974
2011,분할매수,14,2012-02-29,56.89059066772461,1117.1,3.53,분할매수,0.0,0.0,0.0,1621.5379974059422,1000000.0,1000000.0,15.735027466003562,0.0,0.0,1605.8029699399385,102052759.26015185,102052759.26015185
2011,분할매수,15,2012-03-31,59.765281677246094,1131.4,3.54,분할매수,0.0,0.0,0.0,1605.8029699399385,1000000.0,1000000.0,14.78886535373972,0.0,0.0,1591.0141045861988,107581891.27632248,107581891.27632248
2011,분할매수,16,2012-04-30,59.06635665893555,1130.05,3.54,분할매수,0.0,0.0,0.0,1591.0141045861988,1000000.0,1000000.0,14.981736586878165,0.0,0.0,1576.0323679993205,105196908.17282803,105196908.17282803
2011,분할매수,17,2012-05-31,54.90799331665039,1180.0,3.54,분할매수,0.0,0.0,0.0,1576.0323679993205,1000000.0,1000000.0,15.434139474582832,0.0,0.0,1560.5982285247376,101113394.18013902,101113394.18013902
2011,분할매수,18,2012-06-30,56.89645004272461,1141.17,3.54,분할매수,0.0,0.0,0.0,1560.5982285247376,1000000.0,1000000.0,15.401551903695259,0.0,0.0,1545.1966766210423,100327336.25046623,100327336.25046623
2011,분할매수,19,2012-07-31,57.463993072509766,1130.27,3.34,분할매수,0.0,0.0,0.0,1545.1966766210423,1000000.0,1000000.0,15.396499717706176,0.0,0.0,1529.8001769033363,99360257.52295154,99360257.52295154
2011,분할매수,20,2012-08-31,60.44361114501953,1133.2,3.19,분할매수,0.0,0.0,0.0,1529.8001769033363,1000000.0,1000000.0,14.59966972359645,0.0,0.0,1515.2005071797398,103783204.40570135,103783204.40570135
2011,분할매수,21,2012-09-30,60.98059844970703,1111.21,3.14,분할매수,0.0,0.0,0.0,1515.2005071797398,1000000.0,1000000.0,14.757479100020031,0.0,0.0,1500.4430280797199,101673396.78479931,101673396.78479931
2011,분할매수,22,2012-10-31,57.76125717163086,1090.17,2.93,분할매수,0.0,0.0,0.0,1500.4430280797199,1000000.0,1000000.0,15.88068152063766,0.0,0.0,1484.5623465590822,93482281.89261441,93482281.89261441
2011,분할매수,23,2012-11-30,58.51719284057617,1081.75,2.85,분할매수,0.0,0.0,0.0,1484.5623465590822,1000000.0,1000000.0,15.797545392979005,0.0,0.0,1468.7648011661033,92974241.54380813,92974241.54380813
2011,분할매수,24,2012-12-31,58.24394989013672,1063.24,2.88,분할매수,0.0,0.0,0.0,1468.7648011661033,1000000.0,1000000.0,16.147967760636632,0.0,0.0,1452.6168334054667,89956634.47795968,89956634.47795968
2011,분할매수,25,2013-01-31,59.799983978271484,1087.46,2.86,분할매수,0.0,0.0,0.0,1452.6168334054667,1000000.0,1000000.0,15.377496650043287,0.0,0.0,1437.2393367554234,93463804.25004856,93463804.25004856
2011,분할매수,26,2013-02-28,60.00566482543945,1083.9,2.83,분할매수,0.0,0.0,0.0,1437.2393367554234,1000000.0,1000000.0,15.37512063160488,0.0,0.0,1421.8642161238186,92478247.82597508,92478247.82597508
2011,분할매수,27,2013-03-31,61.82071304321289,1112.48,2.81,분할매수,0.0,0.0,0.0,1421.8642161238186,1000000.0,1000000.0,14.540313757500314,0.0,0.0,1407.3239023663182,96787725.89349248,96787725.89349248
2011,분할매수,28,2013-04-30,63.38931655883789,1101.52,2.8,분할매수,0.0,0.0,0.0,1407.3239023663182,1000000.0,1000000.0,14.321600128683558,0.0,0.0,1393.0023022376347,97265828.51923822,97265828.51923822
2011,분할매수,29,2013-05-31,65.65702056884766,1129.34,2.72,분할매수,0.0,0.0,0.0,1393.0023022376347,1000000.0,1000000.0,13.486340431241372,0.0,0.0,1379.5159618063933,102289866.46449451,102289866.46449451
2011,분할매수,30,2013-06-30,64.0843734741211,1141.45,2.69,분할매수,0.0,0.0,0.0,1379.5159618063933,1000000.0,1000000.0,13.670706669520868,0.0,0.0,1365.8452551368725,99910362.21865939,99910362.21865939
2011,분할매수,31,2013-07-31,68.13068389892578,1122.66,2.68,분할매수,0.0,0.0,0.0,1365.8452551368725,1000000.0,1000000.0,13.074015707868398,0.0,0.0,1352.7712394290043,103470216.77623193,103470216.77623193
2011,분할매수,32,2013-08-31,67.86092376708984,1109.42,2.66,분할매수,0.0,0.0,0.0,1352.7712394290043,1000000.0,1000000.0,13.282635100978247,0.0,0.0,1339.488604328026,100845095.4306028,100845095.4306028
2011,분할매수,33,2013-09-30,71.14009857177734,1073.33,2.66,분할매수,0.0,0.0,0.0,1339.488604328026,1000000.0,1000000.0,13.096410192760567,0.0,0.0,1326.3921941352655,101279066.14199273,101279066.14199273
2011,분할매수,34,2013-10-31,74.66643524169922,1060.83,2.66,분할매수,0.0,0.0,0.0,1326.3921941352655,1000000.0,1000000.0,12.624924496256153,0.0,0.0,1313.7672696390093,104061396.17140675,104061396.17140675
2011,분할매수,35,2013-11-30,77.3179702758789,1057.76,2.65,분할매수,0.0,0.0,0.0,1313.7672696390093,1000000.0,1000000.0,12.227352022598394,0.0,0.0,1301.539917616411,106444953.51167826,106444953.51167826
2011,분할매수,36,2013-12-31,79.58113098144531,1055.25,2.65,분할매수,0.0,0.0,0.0,1301.539917616411,1000000.0,1000000.0,11.907882270590774,0.0,0.0,1289.6320353458202,108300704.19245411,108300704.19245411
2011,분할매수,37,2014-01-31,78.05211639404297,1080.36,2.65,분할매수,0.0,0.0,0.0,1289.6320353458202,1000000.0,1000000.0,11.858965900732937,0.0,0.0,1277.7730694450872,107747427.57006456,107747427.57006456
2011,분할매수,38,2014-02-28,82.07371520996094,1066.01,2.65,분할매수,0.0,0.0,0.0,1277.7730694450872,1000000.0,1000000.0,11.429694653928948,0.0,0.0,1266.3433747911583,110794156.19872697,110794156.19872697
2011,분할매수,39,2014-03-31,79.83013153076172,1064.65,2.65,분할매수,0.0,0.0,0.0,1266.3433747911583,1000000.0,1000000.0,11.765930987876633,0.0,0.0,1254.5774438032818,106627979.12855107,106627979.12855107
2011,분할매수,40,2014-04-30,79.5751953125,1032.85,2.65,분할매수,0.0,0.0,0.0,1254.5774438032818,1000000.0,1000000.0,12.167042719678147,0.0,0.0,1242.4104010836036,102112767.22766933,102112767.22766933
2011,분할매수,41,2014-05-31,83.1446304321289,1020.3,2.65,분할매수,0.0,0.0,0.0,1242.4104010836036,1000000.0,1000000.0,11.787939713226674,0.0,0.0,1230.6224613703769,104396738.64208479,104396738.64208479
2011,분할매수,42,2014-06-30,85.74197387695312,1011.6,2.65,분할매수,0.0,0.0,0.0,1230.6224613703769,1000000.0,1000000.0,11.52916095005458,0.0,0.0,1219.0933004203223,105739984.52285907,105739984.52285907
2011,분할매수,43,2014-07-31,86.75536346435547,1027.75,2.65,분할매수,0.0,0.0,0.0,1219.0933004203223,1000000.0,1000000.0,11.215436503246469,0.0,0.0,1207.8778639170757,107697802.36082993,107697802.36082993
2011,분할매수,44,2014-08-31,91.10137939453125,1013.85,2.52,분할매수,0.0,0.0,0.0,1207.8778639170757,1000000.0,1000000.0,10.826830599129158,0.0,0.0,1197.0510333179466,110563384.39563558,110563384.39563558
2011,분할매수,45,2014-09-30,90.41202545166016,1054.55,2.35,분할매수,0.0,0.0,0.0,1197.0510333179466,1000000.0,1000000.0,10.488336810877342,0.0,0.0,1186.5626965070692,113131635.44447748,113131635.44447748
2011,분할매수,46,2014-10-31,92.80072021484375,1073.07,2.21,분할매수,0.0,0.0,0.0,1186.5626965070692,1000000.0,1000000.0,10.042008852023338,0.0,0.0,1176.5206876550458,117159893.50258256,117159893.50258256
2011,분할매수,47,2014-11-30,97.01976013183594,1112.06,2.14,분할매수,0.0,0.0,0.0,1176.5206876550458,1000000.0,1000000.0,9.26854544478773,0.0,0.0,1167.252142210258,125936928.20125031,125936928.20125031
2011,분할매수,48,2014-12-31,94.84591674804688,1090.89,2.13,분할매수,0.0,0.0,0.0,1167.252142210258,1000000.0,1000000.0,9.664967560482188,0.0,0.0,1157.5871746497758,119771449.55797693,119771449.55797693
2011,분할매수,49,2015-01-31,92.87090301513672,1104.3,2.13,분할매수,0.0,0.0,0.0,1157.5871746497758,1000000.0,1000000.0,9.750643079811809,0.0,0.0,1147.8365315699639,117719059.3660944,117719059.3660944
2011,분할매수,50,2015-02-28,99.57671356201172,1100.65,2.12,분할매수,0.0,0.0,0.0,1147.8365315699639,1000000.0,1000000.0,9.124161701575952,0.0,0.0,1138.712369868388,124801862.03535895,124801862.03535895
2011,분할매수,51,2015-03-31,97.22772979736328,1107.71,1.95,분할매수,0.0,0.0,0.0,1138.712369868388,1000000.0,1000000.0,9.28503998316416,0.0,0.0,1129.4273298852238,121639468.64344434,121639468.64344434
2011,분할매수,52,2015-04-30,99.09678649902344,1076.74,1.81,분할매수,0.0,0.0,0.0,1129.4273298852238,1000000.0,1000000.0,9.37194176890605,0.0,0.0,1120.0553881163178,119511560.75600089,119511560.75600089
2011,분할매수,53,2015-05-31,101.32492065429688,1111.99,1.8,분할매수,0.0,0.0,0.0,1120.0553881163178,1000000.0,1000000.0,8.875295996885576,0.0,0.0,1111.1800921194322,125199215.0469523,125199215.0469523
2011,분할매수,54,2015-06-30,98.80795288085938,1117.34,1.7,분할매수,0.0,0.0,0.0,1111.1800921194322,1000000.0,1000000.0,9.057800518471668,0.0,0.0,1102.1222916009606,121676591.28210993,121676591.28210993
2011,분할매수,55,2015-07-31,103.31137084960938,1159.7,1.65,분할매수,0.0,0.0,0.0,1102.1222916009606,1000000.0,1000000.0,8.34653499387769,0.0,0.0,1093.775756607083,131045488.6260447,131045488.6260447
2011,분할매수,56,2015-08-31,96.26093292236328,1182.54,1.64,분할매수,0.0,0.0,0.0,1093.775756607083,1000000.0,1000000.0,8.784844808827106,0.0,0.0,1084.9909117982559,123507123.39369336,123507123.39369336
2011,분할매수,57,2015-09-30,94.13616943359375,1184.62,1.6,분할매수,0.0,0.0,0.0,1084.9909117982559,1000000.0,1000000.0,8.96735612176437,0.0,0.0,1076.0235556764915,119993400.62617907,119993400.62617907
2011,분할매수,58,2015-10-31,104.83930969238281,1140.5,1.58,분할매수,0.0,0.0,0.0,1076.0235556764915,1000000.0,1000000.0,8.363355500274835,0.0,0.0,1067.6602001762167,127659310.92384288,127659310.92384288
2011,분할매수,59,2015-11-30,105.47760772705078,1149.39,1.59,분할매수,0.0,0.0,0.0,1067.6602001762167,1000000.0,1000000.0,8.248449396685212,0.0,0.0,1059.4117507795315,128437685.65826146,128437685.65826146
2011,분할매수,60,2015-12-31,103.79549407958984,1169.26,1.67,분할매수,0.0,0.0,0.0,1059.4117507795315,1000000.0,1000000.0,8.23968115797513,0.0,0.0,1051.1720696215564,127574362.34096684,127574362.34096684
2011,분할매수,61,2016-01-31,96.6227798461914,1210.04,1.67,분할매수,0.0,0.0,0.0,1051.1720696215564,1000000.0,1000000.0,8.55304476513904,0.0,0.0,1042.6190248564174,121900335.31754446,121900335.31754446
2011,분할매수,62,2016-02-29,95.11029052734375,1238.09,1.64,분할매수,0.0,0.0,0.0,1042.6190248564174,1000000.0,1000000.0,8.492201215959062,0.0,0.0,1034.1268236404583,121773707.11577865,121773707.11577865
2011,분할매수,63,2016-03-31,101.62784576416016,1138.86,1.63,분할매수,0.0,0.0,0.0,1034.1268236404583,1000000.0,1000000.0,8.64006362535049,0.0,0.0,1025.4867600151078,118689723.187485,118689723.187485
2011,분할매수,64,2016-04-30,98.38916778564453,1144.09,1.61,분할매수,0.0,0.0,0.0,1025.4867600151078,1000000.0,1000000.0,8.883672161918165,0.0,0.0,1016.6030878531897,114435007.20468782,114435007.20468782
2011,분할매수,65,2016-05-31,102.68879699707031,1188.99,1.58,분할매수,0.0,0.0,0.0,1016.6030878531897,1000000.0,1000000.0,8.190279673862781,0.0,0.0,1008.4128081793269,123123122.57143342,123123122.57143342
2011,분할매수,66,2016-06-30,100.34950256347656,1154.15,1.43,분할매수,0.0,0.0,0.0,1008.4128081793269,1000000.0,1000000.0,8.634208266045675,0.0,0.0,999.7785999132813,115792736.18461871,115792736.18461871
2011,분할매수,67,2016-07-31,107.52534484863281,1112.89,1.36,분할매수,0.0,0.0,0.0,999.7785999132813,1000000.0,1000000.0,8.356740491820076,0.0,0.0,991.4218594214611,118637387.43495813,118637387.43495813
2011,분할매수,68,2016-08-31,108.6544189453125,1115.98,1.35,분할매수,0.0,0.0,0.0,991.4218594214611,1000000.0,1000000.0,8.247003803724308,0.0,0.0,983.1748556177369,119216006.0813528,119216006.0813528
2011,분할매수,69,2016-09-30,111.05952453613281,1097.98,1.34,분할매수,0.0,0.0,0.0,983.1748556177369,1000000.0,1000000.0,8.200678020975545,0.0,0.0,974.9741775967614,118889459.51822399,118889459.51822399
2011,분할매수,70,2016-10-31,109.44116973876953,1145.37,1.35,분할매수,0.0,0.0,0.0,974.9741775967614,1000000.0,1000000.0,7.977622285490401,0.0,0.0,966.996555311271,121213629.91452129,121213629.91452129
2011,분할매수,71,2016-11-30,109.91825103759766,1175.87,1.42,분할매수,0.0,0.0,0.0,966.996555311271,1000000.0,1000000.0,7.7369694168529275,0.0,0.0,959.259585894418,123983892.68605955,123983892.68605955
2011,분할매수,72,2016-12-31,111.16278076171875,1203.73,1.54,분할매수,0.0,0.0,0.0,959.259585894418,1000000.0,1000000.0,7.473284460506867,0.0,0.0,951.7863014339111,127358500.3305705,127358500.3305705
2011,분할매수,73,2017-01-31,116.8766860961914,1151.45,1.5,분할매수,0.0,0.0,0.0,951.7863014339111,1000000.0,1000000.0,7.430653783646564,0.0,0.0,944.3556476502646,127089173.46258405,127089173.46258405
2011,분할매수,74,2017-02-28,121.99009704589844,1129.17,1.49,분할매수,0.0,0.0,0.0,944.3556476502646,1000000.0,1000000.0,7.259656834436199,0.0,0.0,937.0959908158284,129082684.23525356,129082684.23525356
2011,분할매수,75,2017-03-31,124.46270751953125,1117.48,1.48,분할매수,0.0,0.0,0.0,937.0959908158284,1000000.0,1000000.0,7.189869315437843,0.0,0.0,929.9061215003906,129335608.29871105,129335608.29871105
2011,분할매수,76,2017-04-30,127.85678100585938,1136.99,1.43,분할매수,0.0,0.0,0.0,929.9061215003906,1000000.0,1000000.0,6.878909388273054,0.0,0.0,923.0272121121175,134182202.4412278,134182202.4412278
2011,분할매수,77,2017-05-31,132.83978271484375,1119.58,1.39,분할매수,0.0,0.0,0.0,923.0272121121175,1000000.0,1000000.0,6.723829801861346,0.0,0.0,916.3033823102561,136277004.22408038,136277004.22408038
2011,분할매수,78,2017-06-30,129.76060485839844,1143.75,1.38,분할매수,0.0,0.0,0.0,916.3033823102561,1000000.0,1000000.0,6.737922814438256,0.0,0.0,909.5654594958179,134991967.78371656,134991967.78371656
2011,분할매수,79,2017-07-31,135.0306396484375,1121.86,1.39,분할매수,0.0,0.0,0.0,909.5654594958179,1000000.0,1000000.0,6.60129303214384,0.0,0.0,902.964166463674,136785954.21637067,136785954.21637067
2011,분할매수,80,2017-08-31,137.83059692382812,1122.36,1.39,분할매수,0.0,0.0,0.0,902.964166463674,1000000.0,1000000.0,6.464310111012158,0.0,0.0,896.4998563526618,138684537.24480915,138684537.24480915
2011,분할매수,81,2017-09-30,137.42367553710938,1142.57,1.38,분할매수,0.0,0.0,0.0,896.4998563526618,1000000.0,1000000.0,6.368770851011641,0.0,0.0,890.1310855016502,139764972.9162823,139764972.9162823
2011,분할매수,82,2017-10-31,143.75392150878906,1115.68,1.38,분할매수,0.0,0.0,0.0,890.1310855016502,1000000.0,1000000.0,6.235060205407442,0.0,0.0,883.8960252962428,141762227.8177317,141762227.8177317
2011,분할매수,83,2017-11-30,146.5884246826172,1084.79,1.45,분할매수,0.0,0.0,0.0,883.8960252962428,1000000.0,1000000.0,6.2886098156397425,0.0,0.0,877.6074154806031,139555075.16112664,139555075.16112664
2011,분할매수,84,2017-12-31,147.4724884033203,1067.42,1.66,분할매수,0.0,0.0,0.0,877.6074154806031,1000000.0,1000000.0,6.352631382658852,0.0,0.0,871.2547840979443,137148644.65082285,137148644.65082285
2011,분할매수,85,2018-01-31,160.3867645263672,1068.33,1.66,분할매수,0.0,0.0,0.0,871.2547840979443,1000000.0,1000000.0,5.836144677053632,0.0,0.0,865.4186394208906,148286015.3936067,148286015.3936067
2011,분할매수,86,2018-02-28,158.31326293945312,1082.12,1.65,분할매수,0.0,0.0,0.0,865.4186394208906,1000000.0,1000000.0,5.837236320435129,0.0,0.0,859.5814031004554,147258283.8716352,147258283.8716352
2011,분할매수,87,2018-03-31,151.85598754882812,1060.99,1.65,분할매수,0.0,0.0,0.0,859.5814031004554,1000000.0,1000000.0,6.206643328959487,0.0,0.0,853.374759771496,137493765.07423055,137493765.07423055
2011,분할매수,88,2018-04-30,152.62411499023438,1069.07,1.65,분할매수,0.0,0.0,0.0,853.374759771496,1000000.0,1000000.0,6.12873295913748,0.0,0.0,847.2460268123585,138241628.80994484,138241628.80994484
2011,분할매수,89,2018-05-31,161.2823486328125,1080.75,1.65,분할매수,0.0,0.0,0.0,847.2460268123585,1000000.0,1000000.0,5.737040512337957,0.0,0.0,841.5089863000205,146679979.77185088,146679979.77185088
2011,분할매수,90,2018-06-30,163.1290740966797,1111.79,1.65,분할매수,0.0,0.0,0.0,841.5089863000205,1000000.0,1000000.0,5.513734696064479,0.0,0.0,835.995251603956,151620507.27624992,151620507.27624992
2011,분할매수,91,2018-07-31,167.6908416748047,1112.75,1.65,분할매수,0.0,0.0,0.0,835.995251603956,1000000.0,1000000.0,5.359114703004297,0.0,0.0,830.6361369009518,154995028.64443275,154995028.64443275
2011,분할매수,92,2018-08-31,177.38449096679688,1116.5,1.65,분할매수,0.0,0.0,0.0,830.6361369009518,1000000.0,1000000.0,5.049235495100367,0.0,0.0,825.5869014058514,163507307.63240835,163507307.63240835
2011,분할매수,93,2018-09-30,176.8849639892578,1109.76,1.65,분할매수,0.0,0.0,0.0,825.5869014058514,1000000.0,1000000.0,5.094247199356835,0.0,0.0,820.4926542064946,161062591.2127084,161062591.2127084
2011,분할매수,94,2018-10-31,161.68032836914062,1140.78,1.68,분할매수,0.0,0.0,0.0,820.4926542064946,1000000.0,1000000.0,5.42176786129744,0.0,0.0,815.0708863451972,150333047.66946426,150333047.66946426
2011,분할매수,95,2018-11-30,161.25193786621094,1118.61,1.71,분할매수,0.0,0.0,0.0,815.0708863451972,1000000.0,1000000.0,5.543912408842806,0.0,0.0,809.5269739363544,146020880.9657815,146020880.9657815
2011,분할매수,96,2018-12-31,147.2863311767578,1112.85,1.91,분할매수,0.0,0.0,0.0,809.5269739363544,1000000.0,1000000.0,6.100998603731652,0.0,0.0,803.4259753326227,131687618.29271856,131687618.29271856
2011,분할매수,97,2019-01-31,160.55799865722656,1111.82,1.87,분할매수,0.0,0.0,0.0,803.4259753326227,1000000.0,1000000.0,5.601877039001956,0.0,0.0,797.8240982936208,142420851.57152307,142420851.57152307
2011,분할매수,98,2019-02-28,165.36058044433594,1124.65,1.87,분할매수,0.0,0.0,0.0,797.8240982936208,1000000.0,1000000.0,5.377131089960818,0.0,0.0,792.4469672036599,147373562.95500585,147373562.95500585
2011,분할매수,99,2019-03-31,171.85031127929688,1136.3,1.9,분할매수,0.0,0.0,0.0,792.4469672036599,1000000.0,1000000.0,5.121022337454769,0.0,0.0,787.3259448662052,153743899.74981418,153743899.74981418
2011,분할매수,100,2019-04-30,181.30081176757812,1165.1,1.86,분할매수,0.0,0.0,0.0,787.3259448662052,1000000.0,1000000.0,4.734095875895419,0.0,0.0,782.5918489903098,165309674.646648,165309674.646648
2011,분할매수,101,2019-05-31,166.3885498046875,1190.5,1.84,분할매수,0.0,0.0,0.0,782.5918489903098,1000000.0,1000000.0,5.048323345097929,0.0,0.0,777.5435256452118,154020151.34395653,154020151.34395653
2011,분할매수,102,2019-06-30,179.0174560546875,1154.58,1.8,분할매수,0.0,0.0,0.0,777.5435256452118,1000000.0,1000000.0,4.838164032129153,0.0,0.0,772.7053616130827,159710451.41953048,159710451.41953048
2011,분할매수,103,2019-07-31,183.1971893310547,1182.74,1.68,분할매수,0.0,0.0,0.0,772.7053616130827,1000000.0,1000000.0,4.615214696469642,0.0,0.0,768.0901469166131,166425658.91986677,166425658.91986677
2011,분할매수,104,2019-08-31,179.71731567382812,1211.32,1.49,분할매수,0.0,0.0,0.0,768.0901469166131,1000000.0,1000000.0,4.5935789915566225,0.0,0.0,763.4965679250565,166209521.88444486,166209521.88444486
2011,분할매수,105,2019-09-30,181.3668670654297,1195.85,1.54,분할매수,0.0,0.0,0.0,763.4965679250565,1000000.0,1000000.0,4.610683817946259,0.0,0.0,758.8858841071103,164592913.77849054,164592913.77849054
2011,분할매수,106,2019-10-31,189.31082153320312,1169.1,1.46,분할매수,0.0,0.0,0.0,758.8858841071103,1000000.0,1000000.0,4.5182774872499225,0.0,0.0,754.3676066198603,166959114.12006056,166959114.12006056
2011,분할매수,107,2019-11-30,197.0147247314453,1181.33,1.52,분할매수,0.0,0.0,0.0,754.3676066198603,1000000.0,1000000.0,4.2966510161918094,0.0,0.0,750.0709556036685,174571067.7402114,174571067.7402114
2011,분할매수,108,2019-12-31,204.67141723632812,1155.46,1.53,분할매수,0.0,0.0,0.0,750.0709556036685,1000000.0,1000000.0,4.228515117742067,0.0,0.0,745.8424404859264,176384007.08478245,176384007.08478245
2011,분할매수,109,2020-01-31,210.8901824951172,1191.3,1.47,분할매수,0.0,0.0,0.0,745.8424404859264,1000000.0,1000000.0,3.9803613048086475,0.0,0.0,741.8620791811178,186380587.6830526,186380587.6830526
2011,분할매수,110,2020-02-29,198.11570739746094,1214.92,1.42,분할매수,0.0,0.0,0.0,741.8620791811178,1000000.0,1000000.0,4.154640104773938,0.0,0.0,737.7074390763438,177562296.7266581,177562296.7266581
2011,분할매수,111,2020-03-31,183.68133544921875,1218.92,1.23,분할매수,0.0,0.0,0.0,737.7074390763438,1000000.0,1000000.0,4.466422151437308,0.0,0.0,733.2410169249065,164167423.51345974,164167423.51345974
2011,분할매수,112,2020-04-30,211.18528747558594,1203.95,1.1,분할매수,0.0,0.0,0.0,733.2410169249065,1000000.0,1000000.0,3.933035711470431,0.0,0.0,729.307981213436,185431314.31185812,185431314.31185812
2011,분할매수,113,2020-05-31,225.1253662109375,1236.61,1.02,분할매수,0.0,0.0,0.0,729.307981213436,1000000.0,1000000.0,3.5920536417049425,0.0,0.0,725.7159275717311,202033711.06319985,202033711.06319985
2011,분할매수,114,2020-06-30,239.27830505371094,1200.5,0.79,분할매수,0.0,0.0,0.0,725.7159275717311,1000000.0,1000000.0,3.481244384190199,0.0,0.0,722.2346831875409,207464516.55836448,207464516.55836448
2011,분할매수,115,2020-07-31,256.8569030761719,1192.68,0.79,분할매수,0.0,0.0,0.0,722.2346831875409,1000000.0,1000000.0,3.264260587394414,0.0,0.0,718.9704226001464,220255216.56469232,220255216.56469232
2011,분할매수,116,2020-08-31,284.9691467285156,1187.48,0.68,분할매수,0.0,0.0,0.0,718.9704226001464,1000000.0,1000000.0,2.955124987704449,0.0,0.0,716.0152976124419,242296112.88578525,242296112.88578525
2011,분할매수,117,2020-09-30,268.5018615722656,1165.97,0.63,분할매수,0.0,0.0,0.0,716.0152976124419,1000000.0,1000000.0,3.194223662650429,0.0,0.0,712.8210739497915,223159411.87359542,223159411.87359542
2011,분할매수,118,2020-10-31,260.32635498046875,1133.99,0.63,분할매수,0.0,0.0,0.0,712.8210739497915,1000000.0,1000000.0,3.3874480039414943,0.0,0.0,709.43362594585,209430115.27273113,209430115.27273113
2011,분할매수,119,2020-11-30,289.54986572265625,1105.79,0.66,분할매수,0.0,0.0,0.0,709.43362594585,1000000.0,1000000.0,3.123230045842461,0.0,0.0,706.3103959000076,226147413.2653867,226147413.2653867
2011,분할매수,120,2020-12-31,303.7449035644531,1086.11,0.66,분할매수,0.0,0.0,0.0,706.3103959000076,1000000.0,1000000.0,3.0312181163778047,0.0,0.0,703.2791777836298,232012066.0350311,232012066.0350311
2012,일시매수,0,2011-12-31,49.31224060058594,1158.5,3.55,전액매수,100000000.0,0.0,100000000.0,0.0,0.0,0.0,0.0,100000000.0,0.0,1750.448048400194,100000000.0,100000000.0
2012,일시매수,1,2012-01-31,53.46356201171875,1125.7,3.55,전액매수,0.0,0.0,0.0,1750.448048400194,1000000.0,1000000.0,16.615730657883987,0.0,0.0,1733.8323177423101,104348845.88837658,104348845.88837658
2012,일시매수,2,2012-02-29,56.89059066772461,1117.1,3.53,전액매수,0.0,0.0,0.0,1733.8323177423101,1000000.0,1000000.0,15.735027466003562,0.0,0.0,1718.0972902763065,109189341.67661004,109189341.67661004
2012,일시매수,3,2012-03-31,59.765281677246094,1131.4,3.54,전액매수,0.0,0.0,0.0,1718.0972902763065,1000000.0,1000000.0,14.78886535373972,0.0,0.0,1703.3084249225667,115175058.00347587,115175058.00347587
2012,일시매수,4,2012-04-30,59.06635665893555,1130.05,3.54,전액매수,0.0,0.0,0.0,1703.3084249225667,1000000.0,1000000.0,14.981736586878165,0.0,0.0,1688.3266883356885,112692322.31825638,112692322.31825638
2012,일시매수,5,2012-05-31,54.90799331665039,1180.0,3.54,전액매수,0.0,0.0,0.0,1688.3266883356885,1000000.0,1000000.0,15.434139474582832,0.0,0.0,1672.8925488611055,108389104.01296099,108389104.01296099
2012,일시매수,6,2012-06-30,56.89645004272461,1141.17,3.54,전액매수,0.0,0.0,0.0,1672.8925488611055,1000000.0,1000000.0,15.401551903695259,0.0,0.0,1657.4909969574103,107618440.48713899,107618440.48713899
2012,일시매수,7,2012-07-31,57.463993072509766,1130.27,3.34,전액매수,0.0,0.0,0.0,1657.4909969574103,1000000.0,1000000.0,15.396499717706176,0.0,0.0,1642.0944972397042,106653754.25242104,106653754.25242104
2012,일시매수,8,2012-08-31,60.44361114501953,1133.2,3.19,전액매수,0.0,0.0,0.0,1642.0944972397042,1000000.0,1000000.0,14.59966972359645,0.0,0.0,1627.4948275161078,111474770.20563683,111474770.20563683
2012,일시매수,9,2012-09-30,60.98059844970703,1111.21,3.14,전액매수,0.0,0.0,0.0,1627.4948275161078,1000000.0,1000000.0,14.757479100020031,0.0,0.0,1612.7373484160878,109282712.68321827,109282712.68321827
2012,일시매수,10,2012-10-31,57.76125717163086,1090.17,2.93,전액매수,0.0,0.0,0.0,1612.7373484160878,1000000.0,1000000.0,15.88068152063766,0.0,0.0,1596.8566668954502,100553409.17329417,100553409.17329417
2012,일시매수,11,2012-11-30,58.51719284057617,1081.75,2.85,전액매수,0.0,0.0,0.0,1596.8566668954502,1000000.0,1000000.0,15.797545392979005,0.0,0.0,1581.0591215024713,100082581.32337132,100082581.32337132
2012,일시매수,12,2012-12-31,58.24394989013672,1063.24,2.88,전액매수,0.0,0.0,0.0,1581.0591215024713,1000000.0,1000000.0,16.147967760636632,0.0,0.0,1564.9111537418346,96910718.23641899,96910718.23641899
2012,일시매수,13,2013-01-31,59.799983978271484,1087.46,2.86,전액매수,0.0,0.0,0.0,1564.9111537418346,1000000.0,1000000.0,15.377496650043287,0.0,0.0,1549.5336570917914,100766314.07280648,100766314.07280648
2012,일시매수,14,2013-02-28,60.00566482543945,1083.9,2.83,전액매수,0.0,0.0,0.0,1549.5336570917914,1000000.0,1000000.0,15.37512063160488,0.0,0.0,1534.1585364601865,99781886.15356891,99781886.15356891
2012,일시매수,15,2013-03-31,61.82071304321289,1112.48,2.81,전액매수,0.0,0.0,0.0,1534.1585364601865,1000000.0,1000000.0,14.540313757500314,0.0,0.0,1519.6182227026861,104510689.93740405,104510689.93740405
2012,일시매수,16,2013-04-30,63.38931655883789,1101.52,2.8,전액매수,0.0,0.0,0.0,1519.6182227026861,1000000.0,1000000.0,14.321600128683558,0.0,0.0,1505.2966225740026,105106734.51628968,105106734.51628968
2012,일시매수,17,2013-05-31,65.65702056884766,1129.34,2.72,전액매수,0.0,0.0,0.0,1505.2966225740026,1000000.0,1000000.0,13.486340431241372,0.0,0.0,1491.8102821427613,110616389.20866577,110616389.20866577
2012,일시매수,18,2013-06-30,64.0843734741211,1141.45,2.69,전액매수,0.0,0.0,0.0,1491.8102821427613,1000000.0,1000000.0,13.670706669520868,0.0,0.0,1478.1395754732405,108124591.59618896,108124591.59618896
2012,일시매수,19,2013-07-31,68.13068389892578,1122.66,2.68,전액매수,0.0,0.0,0.0,1478.1395754732405,1000000.0,1000000.0,13.074015707868398,0.0,0.0,1465.0655597653722,112059339.11213253,112059339.11213253
2012,일시매수,20,2013-08-31,67.86092376708984,1109.42,2.66,전액매수,0.0,0.0,0.0,1465.0655597653722,1000000.0,1000000.0,13.282635100978247,0.0,0.0,1451.782924664394,109299315.50686596,109299315.50686596
2012,일시매수,21,2013-09-30,71.14009857177734,1073.33,2.66,전액매수,0.0,0.0,0.0,1451.782924664394,1000000.0,1000000.0,13.096410192760567,0.0,0.0,1438.6865144716335,109853501.3256465,109853501.3256465
2012,일시매수,22,2013-10-31,74.66643524169922,1060.83,2.66,전액매수,0.0,0.0,0.0,1438.6865144716335,1000000.0,1000000.0,12.624924496256153,0.0,0.0,1426.0615899753773,112956048.996433,112956048.996433
2012,일시매수,23,2013-11-30,77.3179702758789,1057.76,2.65,전액매수,0.0,0.0,0.0,1426.0615899753773,1000000.0,1000000.0,12.227352022598394,0.0,0.0,1413.834237952779,115628816.06252553,115628816.06252553
2012,일시매수,24,2013-12-31,79.58113098144531,1055.25,2.65,전액매수,0.0,0.0,0.0,1413.834237952779,1000000.0,1000000.0,11.907882270590774,0.0,0.0,1401.9263556821882,117730955.33070262,117730955.33070262
2012,일시매수,25,2014-01-31,78.05211639404297,1080.36,2.65,전액매수,0.0,0.0,0.0,1401.9263556821882,1000000.0,1000000.0,11.858965900732937,0.0,0.0,1390.0673897814552,117216577.01162148,117216577.01162148
2012,일시매수,26,2014-02-28,82.07371520996094,1066.01,2.65,전액매수,0.0,0.0,0.0,1390.0673897814552,1000000.0,1000000.0,11.429694653928948,0.0,0.0,1378.6376951275263,120618943.62625171,120618943.62625171
2012,일시매수,27,2014-03-31,79.83013153076172,1064.65,2.65,전액매수,0.0,0.0,0.0,1378.6376951275263,1000000.0,1000000.0,11.765930987876633,0.0,0.0,1366.8717641396497,116172002.50010353,116172002.50010353
2012,일시매수,28,2014-04-30,79.5751953125,1032.85,2.65,전액매수,0.0,0.0,0.0,1366.8717641396497,1000000.0,1000000.0,12.167042719678147,0.0,0.0,1354.7047214199715,111342152.12616655,111342152.12616655
2012,일시매수,29,2014-05-31,83.1446304321289,1020.3,2.65,전액매수,0.0,0.0,0.0,1354.7047214199715,1000000.0,1000000.0,11.787939713226674,0.0,0.0,1342.9167817067448,113922942.80228828,113922942.80228828
2012,일시매수,30,2014-06-30,85.74197387695312,1011.6,2.65,전액매수,0.0,0.0,0.0,1342.9167817067448,1000000.0,1000000.0,11.52916095005458,0.0,0.0,1331.3876207566902,115480009.90916753,115480009.90916753
2012,일시매수,31,2014-07-31,86.75536346435547,1027.75,2.65,전액매수,0.0,0.0,0.0,1331.3876207566902,1000000.0,1000000.0,11.215436503246469,0.0,0.0,1320.1721842534437,117710281.17107175,117710281.17107175
2012,일시매수,32,2014-08-31,91.10137939453125,1013.85,2.52,전액매수,0.0,0.0,0.0,1320.1721842534437,1000000.0,1000000.0,10.826830599129158,0.0,0.0,1309.3453536543145,120935239.69605935,120935239.69605935
2012,일시매수,33,2014-09-30,90.41202545166016,1054.55,2.35,전액매수,0.0,0.0,0.0,1309.3453536543145,1000000.0,1000000.0,10.488336810877342,0.0,0.0,1298.8570168434371,123838225.28433739,123838225.28433739
2012,일시매수,34,2014-10-31,92.80072021484375,1073.07,2.21,전액매수,0.0,0.0,0.0,1298.8570168434371,1000000.0,1000000.0,10.042008852023338,0.0,0.0,1288.8150079914137,128342349.32303748,128342349.32303748
2012,일시매수,35,2014-11-30,97.01976013183594,1112.06,2.14,전액매수,0.0,0.0,0.0,1288.8150079914137,1000000.0,1000000.0,9.26854544478773,0.0,0.0,1279.546462546626,138052563.9291323,138052563.9291323
2012,일시매수,36,2014-12-31,94.84591674804688,1090.89,2.13,전액매수,0.0,0.0,0.0,1279.546462546626,1000000.0,1000000.0,9.664967560482188,0.0,0.0,1269.8814949861437,131390145.59949428,131390145.59949428
2012,일시매수,37,2015-01-31,92.87090301513672,1104.3,2.13,전액매수,0.0,0.0,0.0,1269.8814949861437,1000000.0,1000000.0,9.750643079811809,0.0,0.0,1260.1308519063318,129235665.95472723,129235665.95472723
2012,일시매수,38,2015-02-28,99.57671356201172,1100.65,2.12,전액매수,0.0,0.0,0.0,1260.1308519063318,1000000.0,1000000.0,9.124161701575952,0.0,0.0,1251.0066902047558,137109219.57780278,137109219.57780278
2012,일시매수,39,2015-03-31,97.22772979736328,1107.71,1.95,전액매수,0.0,0.0,0.0,1251.0066902047558,1000000.0,1000000.0,9.28503998316416,0.0,0.0,1241.7216502215917,133733581.38178284,133733581.38178284
2012,일시매수,40,2015-04-30,99.09678649902344,1076.74,1.81,전액매수,0.0,0.0,0.0,1241.7216502215917,1000000.0,1000000.0,9.37194176890605,0.0,0.0,1232.3497084526857,131493530.24592395,131493530.24592395
2012,일시매수,41,2015-05-31,101.32492065429688,1111.99,1.8,전액매수,0.0,0.0,0.0,1232.3497084526857,1000000.0,1000000.0,8.875295996885576,0.0,0.0,1223.4744124558001,137851674.2298092,137851674.2298092
2012,일시매수,42,2015-06-30,98.80795288085938,1117.34,1.7,전액매수,0.0,0.0,0.0,1223.4744124558001,1000000.0,1000000.0,9.057800518471668,0.0,0.0,1214.4166119373285,134074117.60291651,134074117.60291651
2012,일시매수,43,2015-07-31,103.31137084960938,1159.7,1.65,전액매수,0.0,0.0,0.0,1214.4166119373285,1000000.0,1000000.0,8.34653499387769,0.0,0.0,1206.0700769434509,144499493.24218032,144499493.24218032
2012,일시매수,44,2015-08-31,96.26093292236328,1182.54,1.64,전액매수,0.0,0.0,0.0,1206.0700769434509,1000000.0,1000000.0,8.784844808827106,0.0,0.0,1197.2852321346238,136289855.79023305,136289855.79023305
2012,일시매수,45,2015-09-30,94.13616943359375,1184.62,1.6,전액매수,0.0,0.0,0.0,1197.2852321346238,1000000.0,1000000.0,8.96735612176437,0.0,0.0,1188.3178760128594,132515967.90370943,132515967.90370943
2012,일시매수,46,2015-10-31,104.83930969238281,1140.5,1.58,전액매수,0.0,0.0,0.0,1188.3178760128594,1000000.0,1000000.0,8.363355500274835,0.0,0.0,1179.9545205125846,141086256.64349782,141086256.64349782
2012,일시매수,47,2015-11-30,105.47760772705078,1149.39,1.59,전액매수,0.0,0.0,0.0,1179.9545205125846,1000000.0,1000000.0,8.248449396685212,0.0,0.0,1171.7060711158995,142051677.202114,142051677.202114
2012,일시매수,48,2015-12-31,103.79549407958984,1169.26,1.67,전액매수,0.0,0.0,0.0,1171.7060711158995,1000000.0,1000000.0,8.23968115797513,0.0,0.0,1163.4663899579243,141202841.18418992,141202841.18418992
2012,일시매수,49,2016-01-31,96.6227798461914,1210.04,1.67,전액매수,0.0,0.0,0.0,1163.4663899579243,1000000.0,1000000.0,8.55304476513904,0.0,0.0,1154.9133451927853,135029498.48924482,135029498.48924482
2012,일시매수,50,2016-02-29,95.11029052734375,1238.09,1.64,전액매수,0.0,0.0,0.0,1154.9133451927853,1000000.0,1000000.0,8.492201215959062,0.0,0.0,1146.4211439768262,134996935.99138954,134996935.99138954
2012,일시매수,51,2016-03-31,101.62784576416016,1138.86,1.63,전액매수,0.0,0.0,0.0,1146.4211439768262,1000000.0,1000000.0,8.64006362535049,0.0,0.0,1137.7810803514758,131686655.29419883,131686655.29419883
2012,일시매수,52,2016-04-30,98.38916778564453,1144.09,1.61,전액매수,0.0,0.0,0.0,1137.7810803514758,1000000.0,1000000.0,8.883672161918165,0.0,0.0,1128.8974081895576,127075536.73905565,127075536.73905565
2012,일시매수,53,2016-05-31,102.68879699707031,1188.99,1.58,전액매수,0.0,0.0,0.0,1128.8974081895576,1000000.0,1000000.0,8.190279673862781,0.0,0.0,1120.7071285156949,136833804.6003667,136833804.6003667
2012,일시매수,54,2016-06-30,100.34950256347656,1154.15,1.43,전액매수,0.0,0.0,0.0,1120.7071285156949,1000000.0,1000000.0,8.634208266045675,0.0,0.0,1112.072920249649,128798482.26766945,128798482.26766945
2012,일시매수,55,2016-07-31,107.52534484863281,1112.89,1.36,전액매수,0.0,0.0,0.0,1112.072920249649,1000000.0,1000000.0,8.356740491820076,0.0,0.0,1103.716179757829,132074961.6238762,132074961.6238762
2012,일시매수,56,2016-08-31,108.6544189453125,1115.98,1.35,전액매수,0.0,0.0,0.0,1103.716179757829,1000000.0,1000000.0,8.247003803724308,0.0,0.0,1095.4691759541047,132832383.98160988,132832383.98160988
2012,일시매수,57,2016-09-30,111.05952453613281,1097.98,1.34,전액매수,0.0,0.0,0.0,1095.4691759541047,1000000.0,1000000.0,8.200678020975545,0.0,0.0,1087.268497933129,132582756.59062988,132582756.59062988
2012,일시매수,58,2016-10-31,109.44116973876953,1145.37,1.35,전액매수,0.0,0.0,0.0,1087.268497933129,1000000.0,1000000.0,7.977622285490401,0.0,0.0,1079.2908756476386,135289794.004241,135289794.004241
2012,일시매수,59,2016-11-30,109.91825103759766,1175.87,1.42,전액매수,0.0,0.0,0.0,1079.2908756476386,1000000.0,1000000.0,7.7369694168529275,0.0,0.0,1071.5539062307857,138497885.7350387,138497885.7350387
2012,일시매수,60,2016-12-31,111.16278076171875,1203.73,1.54,전액매수,0.0,0.0,0.0,1071.5539062307857,1000000.0,1000000.0,7.473284460506867,0.0,0.0,1064.0806217702789,142384600.42481896,142384600.42481896
2012,일시매수,61,2017-01-31,116.8766860961914,1151.45,1.5,전액매수,0.0,0.0,0.0,1064.0806217702789,1000000.0,1000000.0,7.430653783646564,0.0,0.0,1056.6499679866322,142201480.34781474,142201480.34781474
2012,일시매수,62,2017-02-28,121.99009704589844,1129.17,1.49,전액매수,0.0,0.0,0.0,1056.6499679866322,1000000.0,1000000.0,7.259656834436199,0.0,0.0,1049.390311152196,144550952.62553054,144550952.62553054
2012,일시매수,63,2017-03-31,124.46270751953125,1117.48,1.48,전액매수,0.0,0.0,0.0,1049.390311152196,1000000.0,1000000.0,7.189869315437843,0.0,0.0,1042.2004418367583,144954017.39764324,144954017.39764324
2012,일시매수,64,2017-04-30,127.85678100585938,1136.99,1.43,전액매수,0.0,0.0,0.0,1042.2004418367583,1000000.0,1000000.0,6.878909388273054,0.0,0.0,1035.3215324484852,150506639.06308585,150506639.06308585
2012,일시매수,65,2017-05-31,132.83978271484375,1119.58,1.39,전액매수,0.0,0.0,0.0,1035.3215324484852,1000000.0,1000000.0,6.723829801861346,0.0,0.0,1028.597702646624,152977950.50699815,152977950.50699815
2012,일시매수,66,2017-06-30,129.76060485839844,1143.75,1.38,전액매수,0.0,0.0,0.0,1028.597702646624,1000000.0,1000000.0,6.737922814438256,0.0,0.0,1021.8597798321857,151657982.43377158,151657982.43377158
2012,일시매수,67,2017-07-31,135.0306396484375,1121.86,1.39,전액매수,0.0,0.0,0.0,1021.8597798321857,1000000.0,1000000.0,6.60129303214384,0.0,0.0,1015.2584868000419,153796912.492207,153796912.492207
2012,일시매수,68,2017-08-31,137.83059692382812,1122.36,1.39,전액매수,0.0,0.0,0.0,1015.2584868000419,1000000.0,1000000.0,6.464310111012158,0.0,0.0,1008.7941766890297,156055968.75225973,156055968.75225973
2012,일시매수,69,2017-09-30,137.42367553710938,1142.57,1.38,전액매수,0.0,0.0,0.0,1008.7941766890297,1000000.0,1000000.0,6.368770851011641,0.0,0.0,1002.425405838018,157396996.89129007,157396996.89129007
2012,일시매수,70,2017-10-31,143.75392150878906,1115.68,1.38,전액매수,0.0,0.0,0.0,1002.425405838018,1000000.0,1000000.0,6.235060205407442,0.0,0.0,996.1903456326106,159772369.92333302,159772369.92333302
2012,일시매수,71,2017-11-30,146.5884246826172,1084.79,1.45,전액매수,0.0,0.0,0.0,996.1903456326106,1000000.0,1000000.0,6.2886098156397425,0.0,0.0,989.9017358169709,157411854.89916864,157411854.89916864
2012,일시매수,72,2017-12-31,147.4724884033203,1067.42,1.66,전액매수,0.0,0.0,0.0,989.9017358169709,1000000.0,1000000.0,6.352631382658852,0.0,0.0,983.5491044343121,154825464.47117385,154825464.47117385
2012,일시매수,73,2018-01-31,160.3867645263672,1068.33,1.66,전액매수,0.0,0.0,0.0,983.5491044343121,1000000.0,1000000.0,5.836144677053632,0.0,0.0,977.7129597572584,167527197.12405333,167527197.12405333
2012,일시매수,74,2018-02-28,158.31326293945312,1082.12,1.65,전액매수,0.0,0.0,0.0,977.7129597572584,1000000.0,1000000.0,5.837236320435129,0.0,0.0,971.8757234368233,166495867.23677075,166495867.23677075
2012,일시매수,75,2018-03-31,151.85598754882812,1060.99,1.65,전액매수,0.0,0.0,0.0,971.8757234368233,1000000.0,1000000.0,6.206643328959487,0.0,0.0,965.6690801078638,155586365.91894403,155586365.91894403
2012,일시매수,76,2018-04-30,152.62411499023438,1069.07,1.65,전액매수,0.0,0.0,0.0,965.6690801078638,1000000.0,1000000.0,6.12873295913748,0.0,0.0,959.5403471487264,156564228.45412505,156564228.45412505
2012,일시매수,77,2018-05-31,161.2823486328125,1080.75,1.65,전액매수,0.0,0.0,0.0,959.5403471487264,1000000.0,1000000.0,5.737040512337957,0.0,0.0,953.8033066363884,166253542.15037516,166253542.15037516
2012,일시매수,78,2018-06-30,163.1290740966797,1111.79,1.65,전액매수,0.0,0.0,0.0,953.8033066363884,1000000.0,1000000.0,5.513734696064479,0.0,0.0,948.2895719403239,171986797.37296417,171986797.37296417
2012,일시매수,79,2018-07-31,167.6908416748047,1112.75,1.65,전액매수,0.0,0.0,0.0,948.2895719403239,1000000.0,1000000.0,5.359114703004297,0.0,0.0,942.9304572373196,175948922.44211844,175948922.44211844
2012,일시매수,80,2018-08-31,177.38449096679688,1116.5,1.65,전액매수,0.0,0.0,0.0,942.9304572373196,1000000.0,1000000.0,5.049235495100367,0.0,0.0,937.8812217422193,185747173.53791726,185747173.53791726
2012,일시매수,81,2018-09-30,176.8849639892578,1109.76,1.65,전액매수,0.0,0.0,0.0,937.8812217422193,1000000.0,1000000.0,5.094247199356835,0.0,0.0,932.7869745428625,183105950.3081495,183105950.3081495
2012,일시매수,82,2018-10-31,161.68032836914062,1140.78,1.68,전액매수,0.0,0.0,0.0,932.7869745428625,1000000.0,1000000.0,5.42176786129744,0.0,0.0,927.365206681565,171044801.32789102,171044801.32789102
2012,일시매수,83,2018-11-30,161.25193786621094,1118.61,1.71,전액매수,0.0,0.0,0.0,927.365206681565,1000000.0,1000000.0,5.543912408842806,0.0,0.0,921.8212942727222,166276309.2725587,166276309.2725587
2012,일시매수,84,2018-12-31,147.2863311767578,1112.85,1.91,전액매수,0.0,0.0,0.0,921.8212942727222,1000000.0,1000000.0,6.100998603731652,0.0,0.0,915.7202956689905,150093510.11962104,150093510.11962104
2012,일시매수,85,2019-01-31,160.55799865722656,1111.82,1.87,전액매수,0.0,0.0,0.0,915.7202956689905,1000000.0,1000000.0,5.601877039001956,0.0,0.0,910.1184186299886,162466689.69944715,162466689.69944715
2012,일시매수,86,2019-02-28,165.36058044433594,1124.65,1.87,전액매수,0.0,0.0,0.0,910.1184186299886,1000000.0,1000000.0,5.377131089960818,0.0,0.0,904.7412875400278,168257249.52646086,168257249.52646086
2012,일시매수,87,2019-03-31,171.85031127929688,1136.3,1.9,전액매수,0.0,0.0,0.0,904.7412875400278,1000000.0,1000000.0,5.121022337454769,0.0,0.0,899.620265202573,175672005.68972695,175672005.68972695
2012,일시매수,88,2019-04-30,181.30081176757812,1165.1,1.86,전액매수,0.0,0.0,0.0,899.620265202573,1000000.0,1000000.0,4.734095875895419,0.0,0.0,894.8861693266776,189030005.47225222,189030005.47225222
2012,일시매수,89,2019-05-31,166.3885498046875,1190.5,1.84,전액매수,0.0,0.0,0.0,894.8861693266776,1000000.0,1000000.0,5.048323345097929,0.0,0.0,889.8378459815797,176264035.63187736,176264035.63187736
2012,일시매수,90,2019-06-30,179.0174560546875,1154.58,1.8,전액매수,0.0,0.0,0.0,889.8378459815797,1000000.0,1000000.0,4.838164032129153,0.0,0.0,884.9996819494505,182920561.6164247,182920561.6164247
2012,일시매수,91,2019-07-31,183.1971893310547,1182.74,1.68,전액매수,0.0,0.0,0.0,884.9996819494505,1000000.0,1000000.0,4.615214696469642,0.0,0.0,880.3844672529809,190756990.7693398,190756990.7693398
2012,일시매수,92,2019-08-31,179.71731567382812,1211.32,1.49,전액매수,0.0,0.0,0.0,880.3844672529809,1000000.0,1000000.0,4.5935789915566225,0.0,0.0,875.7908882614244,190655454.03076783,190655454.03076783
2012,일시매수,93,2019-09-30,181.3668670654297,1195.85,1.54,전액매수,0.0,0.0,0.0,875.7908882614244,1000000.0,1000000.0,4.610683817946259,0.0,0.0,871.1802044434781,188948155.81423423,188948155.81423423
2012,일시매수,94,2019-10-31,189.31082153320312,1169.1,1.46,전액매수,0.0,0.0,0.0,871.1802044434781,1000000.0,1000000.0,4.5182774872499225,0.0,0.0,866.6619269562282,191812461.58560467,191812461.58560467
2012,일시매수,95,2019-11-30,197.0147247314453,1181.33,1.52,전액매수,0.0,0.0,0.0,866.6619269562282,1000000.0,1000000.0,4.2966510161918094,0.0,0.0,862.3652759400363,200706381.01401228,200706381.01401228
2012,일시매수,96,2019-12-31,204.67141723632812,1155.46,1.53,전액매수,0.0,0.0,0.0,862.3652759400363,1000000.0,1000000.0,4.228515117742067,0.0,0.0,858.1367608222943,202940449.99903426,202940449.99903426
2012,일시매수,97,2020-01-31,210.8901824951172,1191.3,1.47,전액매수,0.0,0.0,0.0,858.1367608222943,1000000.0,1000000.0,3.9803613048086475,0.0,0.0,854.1563995174856,214592679.93726727,214592679.93726727
2012,일시매수,98,2020-02-29,198.11570739746094,1214.92,1.42,전액매수,0.0,0.0,0.0,854.1563995174856,1000000.0,1000000.0,4.154640104773938,0.0,0.0,850.0017594127116,204590948.42800155,204590948.42800155
2012,일시매수,99,2020-03-31,183.68133544921875,1218.92,1.23,전액매수,0.0,0.0,0.0,850.0017594127116,1000000.0,1000000.0,4.466422151437308,0.0,0.0,845.5353372612743,189309319.3148298,189309319.3148298
2012,일시매수,100,2020-04-30,211.18528747558594,1203.95,1.1,전액매수,0.0,0.0,0.0,845.5353372612743,1000000.0,1000000.0,3.933035711470431,0.0,0.0,841.6023015498039,213982878.18626413,213982878.18626413
2012,일시매수,101,2020-05-31,225.1253662109375,1236.61,1.02,전액매수,0.0,0.0,0.0,841.6023015498039,1000000.0,1000000.0,3.5920536417049425,0.0,0.0,838.0102479080989,233295582.83276176,233295582.83276176
2012,일시매수,102,2020-06-30,239.27830505371094,1200.5,0.79,전액매수,0.0,0.0,0.0,838.0102479080989,1000000.0,1000000.0,3.481244384190199,0.0,0.0,834.5290035239087,239721464.92037657,239721464.92037657
2012,일시매수,103,2020-07-31,256.8569030761719,1192.68,0.79,전액매수,0.0,0.0,0.0,834.5290035239087,1000000.0,1000000.0,3.264260587394414,0.0,0.0,831.2647429365143,254656367.24794796,254656367.24794796
2012,일시매수,104,2020-08-31,284.9691467285156,1187.48,0.68,전액매수,0.0,0.0,0.0,831.2647429365143,1000000.0,1000000.0,2.955124987704449,0.0,0.0,828.3096179488098,280295967.6477993,280295967.6477993
2012,일시매수,105,2020-09-30,268.5018615722656,1165.97,0.63,전액매수,0.0,0.0,0.0,828.3096179488098,1000000.0,1000000.0,3.194223662650429,0.0,0.0,825.1153942861594,258314846.24389583,258314846.24389583
2012,일시매수,106,2020-10-31,260.32635498046875,1133.99,0.63,전액매수,0.0,0.0,0.0,825.1153942861594,1000000.0,1000000.0,3.3874480039414943,0.0,0.0,821.7279462822179,242580238.96635145,242580238.96635145
2012,일시매수,107,2020-11-30,289.54986572265625,1105.79,0.66,전액매수,0.0,0.0,0.0,821.7279462822179,1000000.0,1000000.0,3.123230045842461,0.0,0.0,818.6047162363755,262101959.90080035,262101959.90080035
2012,일시매수,108,2020-12-31,303.7449035644531,1086.11,0.66,전액매수,0.0,0.0,0.0,818.6047162363755,1000000.0,1000000.0,3.0312181163778047,0.0,0.0,815.5734981199977,269058004.67258304,269058004.67258304
2012,일시매수,109,2021-01-31,304.5386962890625,1118.35,0.68,전액매수,0.0,0.0,0.0,815.5734981199977,1000000.0,1000000.0,2.936160377422551,0.0,0.0,812.6373377425751,276768716.0385743,276768716.0385743
2012,일시매수,110,2021-02-28,304.1322326660156,1123.36,0.73,전액매수,0.0,0.0,0.0,812.6373377425751,1000000.0,1000000.0,2.9269721768865664,0.0,0.0,809.7103655656886,276637534.1589277,276637534.1589277
2012,일시매수,111,2021-03-31,309.3534240722656,1126.72,0.75,전액매수,0.0,0.0,0.0,809.7103655656886,1000000.0,1000000.0,2.8689902295793304,0.0,0.0,806.8413753361092,281228345.43581325,281228345.43581325
2012,일시매수,112,2021-04-30,327.6355895996094,1115.58,0.74,전액매수,0.0,0.0,0.0,806.8413753361092,1000000.0,1000000.0,2.7359503331429273,0.0,0.0,804.1054250029663,293903516.91042906,293903516.91042906
2012,일시매수,113,2021-05-31,323.6999206542969,1114.48,0.68,전액매수,0.0,0.0,0.0,804.1054250029663,1000000.0,1000000.0,2.7719483121831776,0.0,0.0,801.3334766907831,289086731.2239511,289086731.2239511
2012,일시매수,114,2021-06-30,343.970458984375,1130.42,0.66,전액매수,0.0,0.0,0.0,801.3334766907831,1000000.0,1000000.0,2.5718108334826013,0.0,0.0,798.7616658573005,310583366.1862535,310583366.1862535
2012,일시매수,115,2021-07-31,353.8113098144531,1151.86,0.69,전액매수,0.0,0.0,0.0,798.7616658573005,1000000.0,1000000.0,2.4537402766897563,0.0,0.0,796.3079255806108,324528204.2054093,324528204.2054093
2012,일시매수,116,2021-08-31,368.7373352050781,1158.32,0.77,전액매수,0.0,0.0,0.0,796.3079255806108,1000000.0,1000000.0,2.341285266180246,0.0,0.0,793.9666403144306,339115720.661314,339115720.661314
2012,일시매수,117,2021-09-30,347.7815246582031,1183.7,0.98,전액매수,0.0,0.0,0.0,793.9666403144306,1000000.0,1000000.0,2.4291360838413016,0.0,0.0,791.5375042305893,325851445.4978149,325851445.4978149
2012,일시매수,118,2021-10-31,375.1310729980469,1174.94,1.08,전액매수,0.0,0.0,0.0,791.5375042305893,1000000.0,1000000.0,2.268826423209901,0.0,0.0,789.2686778073794,347875302.2854582,347875302.2854582
2012,일시매수,119,2021-11-30,382.6218566894531,1187.45,1.17,전액매수,0.0,0.0,0.0,789.2686778073794,1000000.0,1000000.0,2.200973904107376,0.0,0.0,787.067703903272,357599743.656422,357599743.656422
2012,일시매수,120,2021-12-31,387.0309143066406,1188.59,1.27,전액매수,0.0,0.0,0.0,787.067703903272,1000000.0,1000000.0,2.173813452408931,0.0,0.0,784.8938904508631,361067730.80324614,361067730.80324614
2012,분할매수,0,2011-12-31,49.31224060058594,1158.5,3.55,분할매수,100000000.0,0.0,100000000.0,0.0,0.0,0.0,0.0,8333333.333333333,91666666.66666667,145.87067070001618,8333333.333333334,100000000.0
2012,분할매수,1,2012-01-31,53.46356201171875,1125.7,3.55,분할매수,91666666.66666667,271180.55555555556,91937847.22222222,145.87067070001618,1000000.0,1000000.0,0.0,8333333.333333333,82604513.8888889,284.3350928490494,17112403.82403138,99716917.71292028
2012,분할매수,2,2012-02-29,56.89059066772461,1117.1,3.53,분할매수,82604513.8888889,244371.6869212963,82848885.5758102,284.3350928490494,1000000.0,1000000.0,0.0,8333333.333333333,73515552.24247687,415.46032173241235,26403533.303646177,99919085.54612304
2012,분할매수,3,2012-03-31,59.765281677246094,1131.4,3.54,분할매수,73515552.24247687,216258.2495132861,73731810.49199015,415.46032173241235,1000000.0,1000000.0,0.0,8333333.333333333,64398477.15865681,538.7008663469101,36426112.041833326,100824589.20049015
2012,분할매수,4,2012-04-30,59.06635665893555,1130.05,3.54,분할매수,64398477.15865681,189975.5076180376,64588452.66627485,538.7008663469101,1000000.0,1000000.0,0.0,8333333.333333333,55255119.33294152,663.5486712375614,44290504.467868835,99545623.80081035
2012,분할매수,5,2012-05-31,54.90799331665039,1180.0,3.54,분할매수,55255119.33294152,163002.60203217747,55418121.934973694,663.5486712375614,1000000.0,1000000.0,0.0,8333333.333333333,46084788.60164036,792.1665001924183,51325602.01992277,97410390.62156314
2012,분할매수,6,2012-06-30,56.89645004272461,1141.17,3.54,분할매수,46084788.60164036,135950.12637483905,46220738.7280152,792.1665001924183,1000000.0,1000000.0,0.0,8333333.333333333,36887405.39468186,920.5127660565454,59767533.28576511,96654938.68044698
2012,분할매수,7,2012-07-31,57.463993072509766,1130.27,3.34,분할매수,36887405.39468186,108817.84591431149,36996223.240596175,920.5127660565454,1000000.0,1000000.0,0.0,8333333.333333333,27662889.907262843,1048.8169303707634,68120478.65428856,95783368.5615514
2012,분할매수,8,2012-08-31,60.44361114501953,1133.2,3.19,분할매수,27662889.907262843,76995.04357521492,27739884.95083806,1048.8169303707634,1000000.0,1000000.0,0.0,8333333.333333333,18406551.617504727,1170.4808447340672,80171734.4908357,98578286.10834043
2012,분할매수,9,2012-09-30,60.98059844970703,1111.21,3.14,분할매수,18406551.617504727,48930.7497165334,18455482.367221262,1170.4808447340672,1000000.0,1000000.0,0.0,8333333.333333333,9122149.03388793,1293.459837234234,87647749.89466041,96769898.92854834
2012,분할매수,10,2012-10-31,57.76125717163086,1090.17,2.93,분할매수,9122149.03388793,23869.623305340087,9146018.65719327,1293.459837234234,1000000.0,1000000.0,0.0,8146018.65719327,0.0,1422.824165190293,89594653.94109622,89594653.94109622
2012,분할매수,11,2012-11-30,58.51719284057617,1081.75,2.85,분할매수,0.0,0.0,0.0,1422.824165190293,1000000.0,1000000.0,15.797545392979005,0.0,0.0,1407.026619797314,89066154.56997813,89066154.56997813
2012,분할매수,12,2012-12-31,58.24394989013672,1063.24,2.88,분할매수,0.0,0.0,0.0,1407.026619797314,1000000.0,1000000.0,16.147967760636632,0.0,0.0,1390.8786520366773,86133355.76673469,86133355.76673469
2012,분할매수,13,2013-01-31,59.799983978271484,1087.46,2.86,분할매수,0.0,0.0,0.0,1390.8786520366773,1000000.0,1000000.0,15.377496650043287,0.0,0.0,1375.501155386634,89448964.72357625,89448964.72357625
2012,분할매수,14,2013-02-28,60.00566482543945,1083.9,2.83,분할매수,0.0,0.0,0.0,1375.501155386634,1000000.0,1000000.0,15.37512063160488,0.0,0.0,1360.1260347550292,88462787.85996471,88462787.85996471
2012,분할매수,15,2013-03-31,61.82071304321289,1112.48,2.81,분할매수,0.0,0.0,0.0,1360.1260347550292,1000000.0,1000000.0,14.540313757500314,0.0,0.0,1345.5857209975288,92541725.26390201,92541725.26390201
2012,분할매수,16,2013-04-30,63.38931655883789,1101.52,2.8,분할매수,0.0,0.0,0.0,1345.5857209975288,1000000.0,1000000.0,14.321600128683558,0.0,0.0,1331.2641208688453,92954984.70192347,92954984.70192347
2012,분할매수,17,2013-05-31,65.65702056884766,1129.34,2.72,분할매수,0.0,0.0,0.0,1331.2641208688453,1000000.0,1000000.0,13.486340431241372,0.0,0.0,1317.777780437604,97712035.90448791,97712035.90448791
2012,분할매수,18,2013-06-30,64.0843734741211,1141.45,2.69,분할매수,0.0,0.0,0.0,1317.777780437604,1000000.0,1000000.0,13.670706669520868,0.0,0.0,1304.1070737680832,95394269.31569074,95394269.31569074
2012,분할매수,19,2013-07-31,68.13068389892578,1122.66,2.68,분할매수,0.0,0.0,0.0,1304.1070737680832,1000000.0,1000000.0,13.074015707868398,0.0,0.0,1291.033058060215,98748011.85095918,98748011.85095918
2012,분할매수,20,2013-08-31,67.86092376708984,1109.42,2.66,분할매수,0.0,0.0,0.0,1291.033058060215,1000000.0,1000000.0,13.282635100978247,0.0,0.0,1277.7504229592366,96197058.28289539,96197058.28289539
2012,분할매수,21,2013-09-30,71.14009857177734,1073.33,2.66,분할매수,0.0,0.0,0.0,1277.7504229592366,1000000.0,1000000.0,13.096410192760567,0.0,0.0,1264.6540127664762,96564936.05137317,96564936.05137317
2012,분할매수,22,2013-10-31,74.66643524169922,1060.83,2.66,분할매수,0.0,0.0,0.0,1264.6540127664762,1000000.0,1000000.0,12.624924496256153,0.0,0.0,1252.02908827022,99171213.94599245,99171213.94599245
2012,분할매수,23,2013-11-30,77.3179702758789,1057.76,2.65,분할매수,0.0,0.0,0.0,1252.02908827022,1000000.0,1000000.0,12.227352022598394,0.0,0.0,1239.8017362476216,101395766.96215503,101395766.96215503
2012,분할매수,24,2013-12-31,79.58113098144531,1055.25,2.65,분할매수,0.0,0.0,0.0,1239.8017362476216,1000000.0,1000000.0,11.907882270590774,0.0,0.0,1227.8938539770309,103116055.90942012,103116055.90942012
2012,분할매수,25,2014-01-31,78.05211639404297,1080.36,2.65,분할매수,0.0,0.0,0.0,1227.8938539770309,1000000.0,1000000.0,11.858965900732937,0.0,0.0,1216.0348880762979,102541393.42800047,102541393.42800047
2012,분할매수,26,2014-02-28,82.07371520996094,1066.01,2.65,분할매수,0.0,0.0,0.0,1216.0348880762979,1000000.0,1000000.0,11.429694653928948,0.0,0.0,1204.605193422369,105392596.20625885,105392596.20625885
2012,분할매수,27,2014-03-31,79.83013153076172,1064.65,2.65,분할매수,0.0,0.0,0.0,1204.605193422369,1000000.0,1000000.0,11.765930987876633,0.0,0.0,1192.8392624344924,101380780.12386516,101380780.12386516
2012,분할매수,28,2014-04-30,79.5751953125,1032.85,2.65,분할매수,0.0,0.0,0.0,1192.8392624344924,1000000.0,1000000.0,12.167042719678147,0.0,0.0,1180.6722197148142,97038552.9924437,97038552.9924437
2012,분할매수,29,2014-05-31,83.1446304321289,1020.3,2.65,분할매수,0.0,0.0,0.0,1180.6722197148142,1000000.0,1000000.0,11.787939713226674,0.0,0.0,1168.8842800015875,99159336.44367382,99159336.44367382
2012,분할매수,30,2014-06-30,85.74197387695312,1011.6,2.65,분할매수,0.0,0.0,0.0,1168.8842800015875,1000000.0,1000000.0,11.52916095005458,0.0,0.0,1157.355119051533,100385025.76772979,100385025.76772979
2012,분할매수,31,2014-07-31,86.75536346435547,1027.75,2.65,분할매수,0.0,0.0,0.0,1157.355119051533,1000000.0,1000000.0,11.215436503246469,0.0,0.0,1146.1396825482864,102193051.71194363,102193051.71194363
2012,분할매수,32,2014-08-31,91.10137939453125,1013.85,2.52,분할매수,0.0,0.0,0.0,1146.1396825482864,1000000.0,1000000.0,10.826830599129158,0.0,0.0,1135.3128519491572,104861052.50787564,104861052.50787564
2012,분할매수,33,2014-09-30,90.41202545166016,1054.55,2.35,분할매수,0.0,0.0,0.0,1135.3128519491572,1000000.0,1000000.0,10.488336810877342,0.0,0.0,1124.8245151382798,107245270.19114569,107245270.19114569
2012,분할매수,34,2014-10-31,92.80072021484375,1073.07,2.21,분할매수,0.0,0.0,0.0,1124.8245151382798,1000000.0,1000000.0,10.042008852023338,0.0,0.0,1114.7825062862564,111011902.37067375,111011902.37067375
2012,분할매수,35,2014-11-30,97.01976013183594,1112.06,2.14,분할매수,0.0,0.0,0.0,1114.7825062862564,1000000.0,1000000.0,9.26854544478773,0.0,0.0,1105.5139608414686,119275885.02715567,119275885.02715567
2012,분할매수,36,2014-12-31,94.84591674804688,1090.89,2.13,분할매수,0.0,0.0,0.0,1105.5139608414686,1000000.0,1000000.0,9.664967560482188,0.0,0.0,1095.8489932809864,113383618.35394657,113383618.35394657
2012,분할매수,37,2015-01-31,92.87090301513672,1104.3,2.13,분할매수,0.0,0.0,0.0,1095.8489932809864,1000000.0,1000000.0,9.750643079811809,0.0,0.0,1086.0983502011745,111387355.81962626,111387355.81962626
2012,분할매수,38,2015-02-28,99.57671356201172,1100.65,2.12,분할매수,0.0,0.0,0.0,1086.0983502011745,1000000.0,1000000.0,9.124161701575952,0.0,0.0,1076.9741884995985,118035412.31777824,118035412.31777824
2012,분할매수,39,2015-03-31,97.22772979736328,1107.71,1.95,분할매수,0.0,0.0,0.0,1076.9741884995985,1000000.0,1000000.0,9.28503998316416,0.0,0.0,1067.6891485164344,114990258.57211085,114990258.57211085
2012,분할매수,40,2015-04-30,99.09678649902344,1076.74,1.81,분할매수,0.0,0.0,0.0,1067.6891485164344,1000000.0,1000000.0,9.37194176890605,0.0,0.0,1058.3172067475284,112924005.80835679,112924005.80835679
2012,분할매수,41,2015-05-31,101.32492065429688,1111.99,1.8,분할매수,0.0,0.0,0.0,1058.3172067475284,1000000.0,1000000.0,8.875295996885576,0.0,0.0,1049.4419107506428,118243032.2457867,118243032.2457867
2012,분할매수,42,2015-06-30,98.80795288085938,1117.34,1.7,분할매수,0.0,0.0,0.0,1049.4419107506428,1000000.0,1000000.0,9.057800518471668,0.0,0.0,1040.3841102321712,114860567.76261577,114860567.76261577
2012,분할매수,43,2015-07-31,103.31137084960938,1159.7,1.65,분할매수,0.0,0.0,0.0,1040.3841102321712,1000000.0,1000000.0,8.34653499387769,0.0,0.0,1032.0375752382936,123648624.96776313,123648624.96776313
2012,분할매수,44,2015-08-31,96.26093292236328,1182.54,1.64,분할매수,0.0,0.0,0.0,1032.0375752382936,1000000.0,1000000.0,8.784844808827106,0.0,0.0,1023.2527304294665,116479317.81347932,116479317.81347932
2012,분할매수,45,2015-09-30,94.13616943359375,1184.62,1.6,분할매수,0.0,0.0,0.0,1023.2527304294665,1000000.0,1000000.0,8.96735612176437,0.0,0.0,1014.2853743077021,113108630.96492444,113108630.96492444
2012,분할매수,46,2015-10-31,104.83930969238281,1140.5,1.58,분할매수,0.0,0.0,0.0,1014.2853743077021,1000000.0,1000000.0,8.363355500274835,0.0,0.0,1005.9220188074273,120277323.9490263,120277323.9490263
2012,분할매수,47,2015-11-30,105.47760772705078,1149.39,1.59,분할매수,0.0,0.0,0.0,1005.9220188074273,1000000.0,1000000.0,8.248449396685212,0.0,0.0,997.6735694107421,120952862.94799544,120952862.94799544
2012,분할매수,48,2015-12-31,103.79549407958984,1169.26,1.67,분할매수,0.0,0.0,0.0,997.6735694107421,1000000.0,1000000.0,8.23968115797513,0.0,0.0,989.4338882527669,120081574.67295937,120081574.67295937
2012,분할매수,49,2016-01-31,96.6227798461914,1210.04,1.67,분할매수,0.0,0.0,0.0,989.4338882527669,1000000.0,1000000.0,8.55304476513904,0.0,0.0,980.8808434876279,114682065.91009025,114682065.91009025
2012,분할매수,50,2016-02-29,95.11029052734375,1238.09,1.64,분할매수,0.0,0.0,0.0,980.8808434876279,1000000.0,1000000.0,8.492201215959062,0.0,0.0,972.3886422716688,114503721.41963577,114503721.41963577
2012,분할매수,51,2016-03-31,101.62784576416016,1138.86,1.63,분할매수,0.0,0.0,0.0,972.3886422716688,1000000.0,1000000.0,8.64006362535049,0.0,0.0,963.7485786463183,111544152.96417716,111544152.96417716
2012,분할매수,52,2016-04-30,98.38916778564453,1144.09,1.61,분할매수,0.0,0.0,0.0,963.7485786463183,1000000.0,1000000.0,8.883672161918165,0.0,0.0,954.8649064844001,107485383.19295941,107485383.19295941
2012,분할매수,53,2016-05-31,102.68879699707031,1188.99,1.58,분할매수,0.0,0.0,0.0,954.8649064844001,1000000.0,1000000.0,8.190279673862781,0.0,0.0,946.6746268105373,115585140.49668066,115585140.49668066
2012,분할매수,54,2016-06-30,100.34950256347656,1154.15,1.43,분할매수,0.0,0.0,0.0,946.6746268105373,1000000.0,1000000.0,8.634208266045675,0.0,0.0,938.0404185444917,108642320.13413067,108642320.13413067
2012,분할매수,55,2016-07-31,107.52534484863281,1112.89,1.36,분할매수,0.0,0.0,0.0,938.0404185444917,1000000.0,1000000.0,8.356740491820076,0.0,0.0,929.6836780526716,111249557.04472148,111249557.04472148
2012,분할매수,56,2016-08-31,108.6544189453125,1115.98,1.35,분할매수,0.0,0.0,0.0,929.6836780526716,1000000.0,1000000.0,8.247003803724308,0.0,0.0,921.4366742489473,111729871.37860064,111729871.37860064
2012,분할매수,57,2016-09-30,111.05952453613281,1097.98,1.34,분할매수,0.0,0.0,0.0,921.4366742489473,1000000.0,1000000.0,8.200678020975545,0.0,0.0,913.2359962279718,111361035.50122482,111361035.50122482
2012,분할매수,58,2016-10-31,109.44116973876953,1145.37,1.35,분할매수,0.0,0.0,0.0,913.2359962279718,1000000.0,1000000.0,7.977622285490401,0.0,0.0,905.2583739424814,113474709.82537666,113474709.82537666
2012,분할매수,59,2016-11-30,109.91825103759766,1175.87,1.42,분할매수,0.0,0.0,0.0,905.2583739424814,1000000.0,1000000.0,7.7369694168529275,0.0,0.0,897.5214045256284,116004259.05401888,116004259.05401888
2012,분할매수,60,2016-12-31,111.16278076171875,1203.73,1.54,분할매수,0.0,0.0,0.0,897.5214045256284,1000000.0,1000000.0,7.473284460506867,0.0,0.0,890.0481200651216,119097315.88147725,119097315.88147725
2012,분할매수,61,2017-01-31,116.8766860961914,1151.45,1.5,분할매수,0.0,0.0,0.0,890.0481200651216,1000000.0,1000000.0,7.430653783646564,0.0,0.0,882.617466281475,118780593.46863204,118780593.46863204
2012,분할매수,62,2017-02-28,121.99009704589844,1129.17,1.49,분할매수,0.0,0.0,0.0,882.617466281475,1000000.0,1000000.0,7.259656834436199,0.0,0.0,875.3578094470388,120578400.52366896,120578400.52366896
2012,분할매수,63,2017-03-31,124.46270751953125,1117.48,1.48,분할매수,0.0,0.0,0.0,875.3578094470388,1000000.0,1000000.0,7.189869315437843,0.0,0.0,868.167940131601,120748778.87801108,120748778.87801108
2012,분할매수,64,2017-04-30,127.85678100585938,1136.99,1.43,분할매수,0.0,0.0,0.0,868.167940131601,1000000.0,1000000.0,6.878909388273054,0.0,0.0,861.2890307433279,125207206.859219,125207206.859219
2012,분할매수,65,2017-05-31,132.83978271484375,1119.58,1.39,분할매수,0.0,0.0,0.0,861.2890307433279,1000000.0,1000000.0,6.723829801861346,0.0,0.0,854.5652009414665,127095007.77442327,127095007.77442327
2012,분할매수,66,2017-06-30,129.76060485839844,1143.75,1.38,분할매수,0.0,0.0,0.0,854.5652009414665,1000000.0,1000000.0,6.737922814438256,0.0,0.0,847.8272781270283,125829176.36133713,125829176.36133713
2012,분할매수,67,2017-07-31,135.0306396484375,1121.86,1.39,분할매수,0.0,0.0,0.0,847.8272781270283,1000000.0,1000000.0,6.60129303214384,0.0,0.0,841.2259850948844,127433516.5851117,127433516.5851117
2012,분할매수,68,2017-08-31,137.83059692382812,1122.36,1.39,분할매수,0.0,0.0,0.0,841.2259850948844,1000000.0,1000000.0,6.464310111012158,0.0,0.0,834.7616749838722,129133915.3983082,129133915.3983082
2012,분할매수,69,2017-09-30,137.42367553710938,1142.57,1.38,분할매수,0.0,0.0,0.0,834.7616749838722,1000000.0,1000000.0,6.368770851011641,0.0,0.0,828.3929041328606,130071080.19929393,130071080.19929393
2012,분할매수,70,2017-10-31,143.75392150878906,1115.68,1.38,분할매수,0.0,0.0,0.0,828.3929041328606,1000000.0,1000000.0,6.235060205407442,0.0,0.0,822.1578439274532,131860449.9142487,131860449.9142487
2012,분할매수,71,2017-11-30,146.5884246826172,1084.79,1.45,분할매수,0.0,0.0,0.0,822.1578439274532,1000000.0,1000000.0,6.2886098156397425,0.0,0.0,815.8692341118135,129737614.19936574,129737614.19936574
2012,분할매수,72,2017-12-31,147.4724884033203,1067.42,1.66,분할매수,0.0,0.0,0.0,815.8692341118135,1000000.0,1000000.0,6.352631382658852,0.0,0.0,809.5166027291547,127430123.67110412,127430123.67110412
2012,분할매수,73,2018-01-31,160.3867645263672,1068.33,1.66,분할매수,0.0,0.0,0.0,809.5166027291547,1000000.0,1000000.0,5.836144677053632,0.0,0.0,803.680458052101,137707425.45365372,137707425.45365372
2012,분할매수,74,2018-02-28,158.31326293945312,1082.12,1.65,분할매수,0.0,0.0,0.0,803.680458052101,1000000.0,1000000.0,5.837236320435129,0.0,0.0,797.8432217316658,136681672.27332535,136681672.27332535
2012,분할매수,75,2018-03-31,151.85598754882812,1060.99,1.65,분할매수,0.0,0.0,0.0,797.8432217316658,1000000.0,1000000.0,6.206643328959487,0.0,0.0,791.6365784027064,127546652.26355457,127546652.26355457
2012,분할매수,76,2018-04-30,152.62411499023438,1069.07,1.65,분할매수,0.0,0.0,0.0,791.6365784027064,1000000.0,1000000.0,6.12873295913748,0.0,0.0,785.507845443569,128168065.19077255,128168065.19077255
2012,분할매수,77,2018-05-31,161.2823486328125,1080.75,1.65,분할매수,0.0,0.0,0.0,785.507845443569,1000000.0,1000000.0,5.737040512337957,0.0,0.0,779.7708049312309,135918650.60988718,135918650.60988718
2012,분할매수,78,2018-06-30,163.1290740966797,1111.79,1.65,분할매수,0.0,0.0,0.0,779.7708049312309,1000000.0,1000000.0,5.513734696064479,0.0,0.0,774.2570702351665,140423345.13987502,140423345.13987502
2012,분할매수,79,2018-07-31,167.6908416748047,1112.75,1.65,분할매수,0.0,0.0,0.0,774.2570702351665,1000000.0,1000000.0,5.359114703004297,0.0,0.0,768.8979555321622,143474808.46064392,143474808.46064392
2012,분할매수,80,2018-08-31,177.38449096679688,1116.5,1.65,분할매수,0.0,0.0,0.0,768.8979555321622,1000000.0,1000000.0,5.049235495100367,0.0,0.0,763.8487200370619,151280074.13761523,151280074.13761523
2012,분할매수,81,2018-09-30,176.8849639892578,1109.76,1.65,분할매수,0.0,0.0,0.0,763.8487200370619,1000000.0,1000000.0,5.094247199356835,0.0,0.0,758.7544728377051,148943394.99926507,148943394.99926507
2012,분할매수,82,2018-10-31,161.68032836914062,1140.78,1.68,분할매수,0.0,0.0,0.0,758.7544728377051,1000000.0,1000000.0,5.42176786129744,0.0,0.0,753.3327049764076,138945953.46915752,138945953.46915752
2012,분할매수,83,2018-11-30,161.25193786621094,1118.61,1.71,분할매수,0.0,0.0,0.0,753.3327049764076,1000000.0,1000000.0,5.543912408842806,0.0,0.0,747.7887925675648,134884669.42132884,134884669.42132884
2012,분할매수,84,2018-12-31,147.2863311767578,1112.85,1.91,분할매수,0.0,0.0,0.0,747.7887925675648,1000000.0,1000000.0,6.100998603731652,0.0,0.0,741.6877939638331,121568261.5482296,121568261.5482296
2012,분할매수,85,2019-01-31,160.55799865722656,1111.82,1.87,분할매수,0.0,0.0,0.0,741.6877939638331,1000000.0,1000000.0,5.601877039001956,0.0,0.0,736.0859169248312,131399870.4005781,131399870.4005781
2012,분할매수,86,2019-02-28,165.36058044433594,1124.65,1.87,분할매수,0.0,0.0,0.0,736.0859169248312,1000000.0,1000000.0,5.377131089960818,0.0,0.0,730.7087858348704,135891941.9314724,135891941.9314724
2012,분할매수,87,2019-03-31,171.85031127929688,1136.3,1.9,분할매수,0.0,0.0,0.0,730.7087858348704,1000000.0,1000000.0,5.121022337454769,0.0,0.0,725.5877634974156,141688068.4527622,141688068.4527622
2012,분할매수,88,2019-04-30,181.30081176757812,1165.1,1.86,분할매수,0.0,0.0,0.0,725.5877634974156,1000000.0,1000000.0,4.734095875895419,0.0,0.0,720.8536676215202,152268497.833322,152268497.833322
2012,분할매수,89,2019-05-31,166.3885498046875,1190.5,1.84,분할매수,0.0,0.0,0.0,720.8536676215202,1000000.0,1000000.0,5.048323345097929,0.0,0.0,715.8053442764223,141790708.58674106,141790708.58674106
2012,분할매수,90,2019-06-30,179.0174560546875,1154.58,1.8,분할매수,0.0,0.0,0.0,715.8053442764223,1000000.0,1000000.0,4.838164032129153,0.0,0.0,710.9671802442931,146949788.29219535,146949788.29219535
2012,분할매수,91,2019-07-31,183.1971893310547,1182.74,1.68,분할매수,0.0,0.0,0.0,710.9671802442931,1000000.0,1000000.0,4.615214696469642,0.0,0.0,706.3519655478235,153048560.46851727,153048560.46851727
2012,분할매수,92,2019-08-31,179.71731567382812,1211.32,1.49,분할매수,0.0,0.0,0.0,706.3519655478235,1000000.0,1000000.0,4.5935789915566225,0.0,0.0,701.7583865562669,152769417.4512198,152769417.4512198
2012,분할매수,93,2019-09-30,181.3668670654297,1195.85,1.54,분할매수,0.0,0.0,0.0,701.7583865562669,1000000.0,1000000.0,4.610683817946259,0.0,0.0,697.1477027383207,151202669.76989368,151202669.76989368
2012,분할매수,94,2019-10-31,189.31082153320312,1169.1,1.46,분할매수,0.0,0.0,0.0,697.1477027383207,1000000.0,1000000.0,4.5182774872499225,0.0,0.0,692.6294252510708,153295017.22848898,153295017.22848898
2012,분할매수,95,2019-11-30,197.0147247314453,1181.33,1.52,분할매수,0.0,0.0,0.0,692.6294252510708,1000000.0,1000000.0,4.2966510161918094,0.0,0.0,688.3327742348789,160202160.15704232,160202160.15704232
2012,분할매수,96,2019-12-31,204.67141723632812,1155.46,1.53,분할매수,0.0,0.0,0.0,688.3327742348789,1000000.0,1000000.0,4.228515117742067,0.0,0.0,684.1042591171368,161783567.06039953,161783567.06039953
2012,분할매수,97,2020-01-31,210.8901824951172,1191.3,1.47,분할매수,0.0,0.0,0.0,684.1042591171368,1000000.0,1000000.0,3.9803613048086475,0.0,0.0,680.1238978123282,170869889.87423706,170869889.87423706
2012,분할매수,98,2020-02-29,198.11570739746094,1214.92,1.42,분할매수,0.0,0.0,0.0,680.1238978123282,1000000.0,1000000.0,4.154640104773938,0.0,0.0,675.9692577075542,162702241.50843388,162702241.50843388
2012,분할매수,99,2020-03-31,183.68133544921875,1218.92,1.23,분할매수,0.0,0.0,0.0,675.9692577075542,1000000.0,1000000.0,4.466422151437308,0.0,0.0,671.5028355561169,150344685.92271903,150344685.92271903
2012,분할매수,100,2020-04-30,211.18528747558594,1203.95,1.1,분할매수,0.0,0.0,0.0,671.5028355561169,1000000.0,1000000.0,3.933035711470431,0.0,0.0,667.5697998446465,169733978.7426096,169733978.7426096
2012,분할매수,101,2020-05-31,225.1253662109375,1236.61,1.02,분할매수,0.0,0.0,0.0,667.5697998446465,1000000.0,1000000.0,3.5920536417049425,0.0,0.0,663.9777462029415,184846278.04382932,184846278.04382932
2012,분할매수,102,2020-06-30,239.27830505371094,1200.5,0.79,분할매수,0.0,0.0,0.0,663.9777462029415,1000000.0,1000000.0,3.481244384190199,0.0,0.0,660.4965018187513,189730001.38063988,189730001.38063988
2012,분할매수,103,2020-07-31,256.8569030761719,1192.68,0.79,분할매수,0.0,0.0,0.0,660.4965018187513,1000000.0,1000000.0,3.264260587394414,0.0,0.0,657.2322412313569,201341842.5506189,201341842.5506189
2012,분할매수,104,2020-08-31,284.9691467285156,1187.48,0.68,분할매수,0.0,0.0,0.0,657.2322412313569,1000000.0,1000000.0,2.955124987704449,0.0,0.0,654.2771162436524,221404210.97785679,221404210.97785679
2012,분할매수,105,2020-09-30,268.5018615722656,1165.97,0.63,분할매수,0.0,0.0,0.0,654.2771162436524,1000000.0,1000000.0,3.194223662650429,0.0,0.0,651.0828925810019,203831340.99030545,203831340.99030545
2012,분할매수,106,2020-10-31,260.32635498046875,1133.99,0.63,분할매수,0.0,0.0,0.0,651.0828925810019,1000000.0,1000000.0,3.3874480039414943,0.0,0.0,647.6954445770605,191204542.12830096,191204542.12830096
2012,분할매수,107,2020-11-30,289.54986572265625,1105.79,0.66,분할매수,0.0,0.0,0.0,647.6954445770605,1000000.0,1000000.0,3.123230045842461,0.0,0.0,644.572214531218,206379999.25405782,206379999.25405782
2012,분할매수,108,2020-12-31,303.7449035644531,1086.11,0.66,분할매수,0.0,0.0,0.0,644.572214531218,1000000.0,1000000.0,3.0312181163778047,0.0,0.0,641.5409964148403,211644616.7131841,211644616.7131841
2012,분할매수,109,2021-01-31,304.5386962890625,1118.35,0.68,분할매수,0.0,0.0,0.0,641.5409964148403,1000000.0,1000000.0,2.936160377422551,0.0,0.0,638.6048360374177,217496578.5070651,217496578.5070651
2012,분할매수,110,2021-02-28,304.1322326660156,1123.36,0.73,분할매수,0.0,0.0,0.0,638.6048360374177,1000000.0,1000000.0,2.9269721768865664,0.0,0.0,635.6778638605311,217179332.58139288,217179332.58139288
2012,분할매수,111,2021-03-31,309.3534240722656,1126.72,0.75,분할매수,0.0,0.0,0.0,635.6778638605311,1000000.0,1000000.0,2.8689902295793304,0.0,0.0,632.8088736309518,220568500.75914624,220568500.75914624
2012,분할매수,112,2021-04-30,327.6355895996094,1115.58,0.74,분할매수,0.0,0.0,0.0,632.8088736309518,1000000.0,1000000.0,2.7359503331429273,0.0,0.0,630.0729232978089,230293991.6946561,230293991.6946561
2012,분할매수,113,2021-05-31,323.6999206542969,1114.48,0.68,분할매수,0.0,0.0,0.0,630.0729232978089,1000000.0,1000000.0,2.7719483121831776,0.0,0.0,627.3009749856257,226303272.76613808,226303272.76613808
2012,분할매수,114,2021-06-30,343.970458984375,1130.42,0.66,분할매수,0.0,0.0,0.0,627.3009749856257,1000000.0,1000000.0,2.5718108334826013,0.0,0.0,624.7291641521431,242914119.50628194,242914119.50628194
2012,분할매수,115,2021-07-31,353.8113098144531,1151.86,0.69,분할매수,0.0,0.0,0.0,624.7291641521431,1000000.0,1000000.0,2.4537402766897563,0.0,0.0,622.2754238754534,253602807.83870918,253602807.83870918
2012,분할매수,116,2021-08-31,368.7373352050781,1158.32,0.77,분할매수,0.0,0.0,0.0,622.2754238754534,1000000.0,1000000.0,2.341285266180246,0.0,0.0,619.9341386092732,264783684.22856975,264783684.22856975
2012,분할매수,117,2021-09-30,347.7815246582031,1183.7,0.98,분할매수,0.0,0.0,0.0,619.9341386092732,1000000.0,1000000.0,2.4291360838413016,0.0,0.0,617.5050025254319,254207661.16525823,254207661.16525823
2012,분할매수,118,2021-10-31,375.1310729980469,1174.94,1.08,분할매수,0.0,0.0,0.0,617.5050025254319,1000000.0,1000000.0,2.268826423209901,0.0,0.0,615.236176102222,271169345.44150585,271169345.44150585
2012,분할매수,119,2021-11-30,382.6218566894531,1187.45,1.17,분할매수,0.0,0.0,0.0,615.236176102222,1000000.0,1000000.0,2.200973904107376,0.0,0.0,613.0352021981146,278529064.3628673,278529064.3628673
2012,분할매수,120,2021-12-31,387.0309143066406,1188.59,1.27,분할매수,0.0,0.0,0.0,613.0352021981146,1000000.0,1000000.0,2.173813452408931,0.0,0.0,610.8613887457057,281009112.38210166,281009112.38210166
2013,일시매수,0,2012-12-31,58.24394989013672,1063.24,2.88,전액매수,100000000.0,0.0,100000000.0,0.0,0.0,0.0,0.0,100000000.0,0.0,1614.7967760636634,100000000.0,100000000.0
2013,일시매수,1,2013-01-31,59.799983978271484,1087.46,2.86,전액매수,0.0,0.0,0.0,1614.7967760636634,1000000.0,1000000.0,15.377496650043287,0.0,0.0,1599.4192794136202,104010380.61088556,104010380.61088556
2013,일시매수,2,2013-02-28,60.00566482543945,1083.9,2.83,전액매수,0.0,0.0,0.0,1599.4192794136202,1000000.0,1000000.0,15.37512063160488,0.0,0.0,1584.0441587820153,103026454.01857054,103026454.01857054
2013,일시매수,3,2013-03-31,61.82071304321289,1112.48,2.81,전액매수,0.0,0.0,0.0,1584.0441587820153,1000000.0,1000000.0,14.540313757500314,0.0,0.0,1569.503845024515,107941539.03418483,107941539.03418483
2013,일시매수,4,2013-04-30,63.38931655883789,1101.52,2.8,전액매수,0.0,0.0,0.0,1569.503845024515,1000000.0,1000000.0,14.321600128683558,0.0,0.0,1555.1822448958314,108589978.13945976,108589978.13945976
2013,일시매수,5,2013-05-31,65.65702056884766,1129.34,2.72,전액매수,0.0,0.0,0.0,1555.1822448958314,1000000.0,1000000.0,13.486340431241372,0.0,0.0,1541.69590446459,114315363.18727511,114315363.18727511
2013,일시매수,6,2013-06-30,64.0843734741211,1141.45,2.69,전액매수,0.0,0.0,0.0,1541.69590446459,1000000.0,1000000.0,13.670706669520868,0.0,0.0,1528.0251977950693,111773680.37614575,111773680.37614575
2013,일시매수,7,2013-07-31,68.13068389892578,1122.66,2.68,전액매수,0.0,0.0,0.0,1528.0251977950693,1000000.0,1000000.0,13.074015707868398,0.0,0.0,1514.9511820872008,115874970.31806764,115874970.31806764
2013,일시매수,8,2013-08-31,67.86092376708984,1109.42,2.66,전액매수,0.0,0.0,0.0,1514.9511820872008,1000000.0,1000000.0,13.282635100978247,0.0,0.0,1501.6685469862225,113055017.7408417,113055017.7408417
2013,일시매수,9,2013-09-30,71.14009857177734,1073.33,2.66,전액매수,0.0,0.0,0.0,1501.6685469862225,1000000.0,1000000.0,13.096410192760567,0.0,0.0,1488.572136793462,113662607.91192342,113662607.91192342
2013,일시매수,10,2013-10-31,74.66643524169922,1060.83,2.66,전액매수,0.0,0.0,0.0,1488.572136793462,1000000.0,1000000.0,12.624924496256153,0.0,0.0,1475.9472122972059,116907409.0490513,116907409.0490513
2013,일시매수,11,2013-11-30,77.3179702758789,1057.76,2.65,전액매수,0.0,0.0,0.0,1475.9472122972059,1000000.0,1000000.0,12.227352022598394,0.0,0.0,1463.7198602746075,119708654.62688768,119708654.62688768
2013,일시매수,12,2013-12-31,79.58113098144531,1055.25,2.65,전액매수,0.0,0.0,0.0,1463.7198602746075,1000000.0,1000000.0,11.907882270590774,0.0,0.0,1451.8119780040167,121920249.54677263,121920249.54677263
2013,일시매수,13,2014-01-31,78.05211639404297,1080.36,2.65,전액매수,0.0,0.0,0.0,1451.8119780040167,1000000.0,1000000.0,11.858965900732937,0.0,0.0,1439.9530121032838,121423151.40768628,121423151.40768628
2013,일시매수,14,2014-02-28,82.07371520996094,1066.01,2.65,전액매수,0.0,0.0,0.0,1439.9530121032838,1000000.0,1000000.0,11.429694653928948,0.0,0.0,1428.5233174493549,124983506.62047663,124983506.62047663
2013,일시매수,15,2014-03-31,79.83013153076172,1064.65,2.65,전액매수,0.0,0.0,0.0,1428.5233174493549,1000000.0,1000000.0,11.765930987876633,0.0,0.0,1416.7573864614783,120411838.88646597,120411838.88646597
2013,일시매수,16,2014-04-30,79.5751953125,1032.85,2.65,전액매수,0.0,0.0,0.0,1416.7573864614783,1000000.0,1000000.0,12.167042719678147,0.0,0.0,1404.5903437418,115442213.53559572,115442213.53559572
2013,일시매수,17,2014-05-31,83.1446304321289,1020.3,2.65,전액매수,0.0,0.0,0.0,1404.5903437418,1000000.0,1000000.0,11.787939713226674,0.0,0.0,1392.8024040285734,118154863.18323953,118154863.18323953
2013,일시매수,18,2014-06-30,85.74197387695312,1011.6,2.65,전액매수,0.0,0.0,0.0,1392.8024040285734,1000000.0,1000000.0,11.52916095005458,0.0,0.0,1381.2732430785188,119806918.21914238,119806918.21914238
2013,일시매수,19,2014-07-31,86.75536346435547,1027.75,2.65,전액매수,0.0,0.0,0.0,1381.2732430785188,1000000.0,1000000.0,11.215436503246469,0.0,0.0,1370.0578065752723,122158224.17421643,122158224.17421643
2013,일시매수,20,2014-08-31,91.10137939453125,1013.85,2.52,전액매수,0.0,0.0,0.0,1370.0578065752723,1000000.0,1000000.0,10.826830599129158,0.0,0.0,1359.230975976143,125542832.09025835,125542832.09025835
2013,일시매수,21,2014-09-30,90.41202545166016,1054.55,2.35,전액매수,0.0,0.0,0.0,1359.230975976143,1000000.0,1000000.0,10.488336810877342,0.0,0.0,1348.7426391652657,128594520.13082752,128594520.13082752
2013,일시매수,22,2014-10-31,92.80072021484375,1073.07,2.21,전액매수,0.0,0.0,0.0,1348.7426391652657,1000000.0,1000000.0,10.042008852023338,0.0,0.0,1338.7006303132423,133310042.84501413,133310042.84501413
2013,일시매수,23,2014-11-30,97.01976013183594,1112.06,2.14,전액매수,0.0,0.0,0.0,1338.7006303132423,1000000.0,1000000.0,9.26854544478773,0.0,0.0,1329.4320848684545,143434813.23879957,143434813.23879957
2013,일시매수,24,2014-12-31,94.84591674804688,1090.89,2.13,전액매수,0.0,0.0,0.0,1329.4320848684545,1000000.0,1000000.0,9.664967560482188,0.0,0.0,1319.7671173079723,136551634.45185208,136551634.45185208
2013,일시매수,25,2015-01-31,92.87090301513672,1104.3,2.13,전액매수,0.0,0.0,0.0,1319.7671173079723,1000000.0,1000000.0,9.750643079811809,0.0,0.0,1310.0164742281604,134351802.59448528,134351802.59448528
2013,일시매수,26,2015-02-28,99.57671356201172,1100.65,2.12,전액매수,0.0,0.0,0.0,1310.0164742281604,1000000.0,1000000.0,9.124161701575952,0.0,0.0,1300.8923125265844,142576639.37519768,142576639.37519768
2013,일시매수,27,2015-03-31,97.22772979736328,1107.71,1.95,전액매수,0.0,0.0,0.0,1300.8923125265844,1000000.0,1000000.0,9.28503998316416,0.0,0.0,1291.6072725434203,139106269.31982967,139106269.31982967
2013,일시매수,28,2015-04-30,99.09678649902344,1076.74,1.81,전액매수,0.0,0.0,0.0,1291.6072725434203,1000000.0,1000000.0,9.37194176890605,0.0,0.0,1282.2353307745143,136816399.6738303,136816399.6738303
2013,일시매수,29,2015-05-31,101.32492065429688,1111.99,1.8,전액매수,0.0,0.0,0.0,1282.2353307745143,1000000.0,1000000.0,8.875295996885576,0.0,0.0,1273.3600347776287,143472401.959829,143472401.959829
2013,일시매수,30,2015-06-30,98.80795288085938,1117.34,1.7,전액매수,0.0,0.0,0.0,1273.3600347776287,1000000.0,1000000.0,9.057800518471668,0.0,0.0,1264.302234259157,139581593.9731563,139581593.9731563
2013,일시매수,31,2015-07-31,103.31137084960938,1159.7,1.65,전액매수,0.0,0.0,0.0,1264.302234259157,1000000.0,1000000.0,8.34653499387769,0.0,0.0,1255.9556992652795,150476299.46876663,150476299.46876663
2013,일시매수,32,2015-08-31,96.26093292236328,1182.54,1.64,전액매수,0.0,0.0,0.0,1255.9556992652795,1000000.0,1000000.0,8.784844808827106,0.0,0.0,1247.1708544564524,141968456.08510715,141968456.08510715
2013,일시매수,33,2015-09-30,94.13616943359375,1184.62,1.6,전액매수,0.0,0.0,0.0,1247.1708544564524,1000000.0,1000000.0,8.96735612176437,0.0,0.0,1238.203498334688,138078992.46127695,138078992.46127695
2013,일시매수,34,2015-10-31,104.83930969238281,1140.5,1.58,전액매수,0.0,0.0,0.0,1238.203498334688,1000000.0,1000000.0,8.363355500274835,0.0,0.0,1229.8401428344132,147051042.22748852,147051042.22748852
2013,일시매수,35,2015-11-30,105.47760772705078,1149.39,1.59,전액매수,0.0,0.0,0.0,1229.8401428344132,1000000.0,1000000.0,8.248449396685212,0.0,0.0,1221.591693437728,148099556.01214537,148099556.01214537
2013,일시매수,36,2015-12-31,103.79549407958984,1169.26,1.67,전액매수,0.0,0.0,0.0,1221.591693437728,1000000.0,1000000.0,8.23968115797513,0.0,0.0,1213.352012279753,147257155.83124936,147257155.83124936
2013,일시매수,37,2016-01-31,96.6227798461914,1210.04,1.67,전액매수,0.0,0.0,0.0,1213.352012279753,1000000.0,1000000.0,8.55304476513904,0.0,0.0,1204.7989675146139,140861997.17148662,140861997.17148662
2013,일시매수,38,2016-02-29,95.11029052734375,1238.09,1.64,전액매수,0.0,0.0,0.0,1204.7989675146139,1000000.0,1000000.0,8.492201215959062,0.0,0.0,1196.3067662986548,140871222.41645452,140871222.41645452
2013,일시매수,39,2016-03-31,101.62784576416016,1138.86,1.63,전액매수,0.0,0.0,0.0,1196.3067662986548,1000000.0,1000000.0,8.64006362535049,0.0,0.0,1187.6667026733044,137460411.6558373,137460411.6558373
2013,일시매수,40,2016-04-30,98.38916778564453,1144.09,1.61,전액매수,0.0,0.0,0.0,1187.6667026733044,1000000.0,1000000.0,8.883672161918165,0.0,0.0,1178.7830305113862,132690964.84272595,132690964.84272595
2013,일시매수,41,2016-05-31,102.68879699707031,1188.99,1.58,전액매수,0.0,0.0,0.0,1178.7830305113862,1000000.0,1000000.0,8.190279673862781,0.0,0.0,1170.5927508375235,142924637.18585533,142924637.18585533
2013,일시매수,42,2016-06-30,100.34950256347656,1154.15,1.43,전액매수,0.0,0.0,0.0,1170.5927508375235,1000000.0,1000000.0,8.634208266045675,0.0,0.0,1161.9585425714777,134576154.1496422,134576154.1496422
2013,일시매수,43,2016-07-31,107.52534484863281,1112.89,1.36,전액매수,0.0,0.0,0.0,1161.9585425714777,1000000.0,1000000.0,8.356740491820076,0.0,0.0,1153.6018020796575,138044468.79843292,138044468.79843292
2013,일시매수,44,2016-08-31,108.6544189453125,1115.98,1.35,전액매수,0.0,0.0,0.0,1153.6018020796575,1000000.0,1000000.0,8.247003803724308,0.0,0.0,1145.3547982759333,138881322.90647134,138881322.90647134
2013,일시매수,45,2016-09-30,111.05952453613281,1097.98,1.34,전액매수,0.0,0.0,0.0,1145.3547982759333,1000000.0,1000000.0,8.200678020975545,0.0,0.0,1137.1541202549577,138665866.08404395,138665866.08404395
2013,일시매수,46,2016-10-31,109.44116973876953,1145.37,1.35,전액매수,0.0,0.0,0.0,1137.1541202549577,1000000.0,1000000.0,7.977622285490401,0.0,0.0,1129.1764979694672,141542988.3191135,141542988.3191135
2013,일시매수,47,2016-11-30,109.91825103759766,1175.87,1.42,전액매수,0.0,0.0,0.0,1129.1764979694672,1000000.0,1000000.0,7.7369694168529275,0.0,0.0,1121.4395285526143,144945581.16125634,144945581.16125634
2013,일시매수,48,2016-12-31,111.16278076171875,1203.73,1.54,전액매수,0.0,0.0,0.0,1121.4395285526143,1000000.0,1000000.0,7.473284460506867,0.0,0.0,1113.9662440921074,149059794.25498196,149059794.25498196
2013,일시매수,49,2017-01-31,116.8766860961914,1151.45,1.5,전액매수,0.0,0.0,0.0,1113.9662440921074,1000000.0,1000000.0,7.430653783646564,0.0,0.0,1106.5355903084608,148914970.67777967,148914970.67777967
2013,일시매수,50,2017-02-28,121.99009704589844,1129.17,1.49,전액매수,0.0,0.0,0.0,1106.5355903084608,1000000.0,1000000.0,7.259656834436199,0.0,0.0,1099.2759334740247,151422575.27375215,151422575.27375215
2013,일시매수,51,2017-03-31,124.46270751953125,1117.48,1.48,전액매수,0.0,0.0,0.0,1099.2759334740247,1000000.0,1000000.0,7.189869315437843,0.0,0.0,1092.0860641585869,151892338.5455278,151892338.5455278
2013,일시매수,52,2017-04-30,127.85678100585938,1136.99,1.43,전액매수,0.0,0.0,0.0,1092.0860641585869,1000000.0,1000000.0,6.878909388273054,0.0,0.0,1085.2071547703138,157758605.8366084,157758605.8366084
2013,일시매수,53,2017-05-31,132.83978271484375,1119.58,1.39,전액매수,0.0,0.0,0.0,1085.2071547703138,1000000.0,1000000.0,6.723829801861346,0.0,0.0,1078.4833249684525,160397177.91040727,160397177.91040727
2013,일시매수,54,2017-06-30,129.76060485839844,1143.75,1.38,전액매수,0.0,0.0,0.0,1078.4833249684525,1000000.0,1000000.0,6.737922814438256,0.0,0.0,1071.7454021540143,159061691.8106335,159061691.8106335
2013,일시매수,55,2017-07-31,135.0306396484375,1121.86,1.39,전액매수,0.0,0.0,0.0,1071.7454021540143,1000000.0,1000000.0,6.60129303214384,0.0,0.0,1065.1441091218705,161353859.60528305,161353859.60528305
2013,일시매수,56,2017-08-31,137.83059692382812,1122.36,1.39,전액매수,0.0,0.0,0.0,1065.1441091218705,1000000.0,1000000.0,6.464310111012158,0.0,0.0,1058.6797990108585,163773052.4727401,163773052.4727401
2013,일시매수,57,2017-09-30,137.42367553710938,1142.57,1.38,전액매수,0.0,0.0,0.0,1058.6797990108585,1000000.0,1000000.0,6.368770851011641,0.0,0.0,1052.3110281598467,165229846.19437099,165229846.19437099
2013,일시매수,58,2017-10-31,143.75392150878906,1115.68,1.38,전액매수,0.0,0.0,0.0,1052.3110281598467,1000000.0,1000000.0,6.235060205407442,0.0,0.0,1046.0759679544392,167773194.4027125,167773194.4027125
2013,일시매수,59,2017-11-30,146.5884246826172,1084.79,1.45,전액매수,0.0,0.0,0.0,1046.0759679544392,1000000.0,1000000.0,6.2886098156397425,0.0,0.0,1039.7873581387994,165344549.68932134,165344549.68932134
2013,일시매수,60,2017-12-31,147.4724884033203,1067.42,1.66,전액매수,0.0,0.0,0.0,1039.7873581387994,1000000.0,1000000.0,6.352631382658852,0.0,0.0,1033.4347267561404,162678213.87797937,162678213.87797937
2013,일시매수,61,2018-01-31,160.3867645263672,1068.33,1.66,전액매수,0.0,0.0,0.0,1033.4347267561404,1000000.0,1000000.0,5.836144677053632,0.0,0.0,1027.5985820790868,176074898.5746303,176074898.5746303
2013,일시매수,62,2018-02-28,158.31326293945312,1082.12,1.65,전액매수,0.0,0.0,0.0,1027.5985820790868,1000000.0,1000000.0,5.837236320435129,0.0,0.0,1021.7613457586516,175041970.14975157,175041970.14975157
2013,일시매수,63,2018-03-31,151.85598754882812,1060.99,1.65,전액매수,0.0,0.0,0.0,1021.7613457586516,1000000.0,1000000.0,6.206643328959487,0.0,0.0,1015.5547024296922,163623821.86378106,163623821.86378106
2013,일시매수,64,2018-04-30,152.62411499023438,1069.07,1.65,전액매수,0.0,0.0,0.0,1015.5547024296922,1000000.0,1000000.0,6.12873295913748,0.0,0.0,1009.4259694705547,164703859.052233,164703859.052233
2013,일시매수,65,2018-05-31,161.2823486328125,1080.75,1.65,전액매수,0.0,0.0,0.0,1009.4259694705547,1000000.0,1000000.0,5.737040512337957,0.0,0.0,1003.6889289582167,174948900.3606833,174948900.3606833
2013,일시매수,66,2018-06-30,163.1290740966797,1111.79,1.65,전액매수,0.0,0.0,0.0,1003.6889289582167,1000000.0,1000000.0,5.513734696064479,0.0,0.0,998.1751942621522,181034316.89860165,181034316.89860165
2013,일시매수,67,2018-07-31,167.6908416748047,1112.75,1.65,전액매수,0.0,0.0,0.0,998.1751942621522,1000000.0,1000000.0,5.359114703004297,0.0,0.0,992.816079559148,185257479.0016305,185257479.0016305
2013,일시매수,68,2018-08-31,177.38449096679688,1116.5,1.65,전액매수,0.0,0.0,0.0,992.816079559148,1000000.0,1000000.0,5.049235495100367,0.0,0.0,987.7668440640476,195627010.27166352,195627010.27166352
2013,일시매수,69,2018-09-30,176.8849639892578,1109.76,1.65,전액매수,0.0,0.0,0.0,987.7668440640476,1000000.0,1000000.0,5.094247199356835,0.0,0.0,982.6725968646908,192898490.8680435,192898490.8680435
2013,일시매수,70,2018-10-31,161.68032836914062,1140.78,1.68,전액매수,0.0,0.0,0.0,982.6725968646908,1000000.0,1000000.0,5.42176786129744,0.0,0.0,977.2508290033934,180245789.5660504,180245789.5660504
2013,일시매수,71,2018-11-30,161.25193786621094,1118.61,1.71,전액매수,0.0,0.0,0.0,977.2508290033934,1000000.0,1000000.0,5.543912408842806,0.0,0.0,971.7069165945505,175274579.56309545,175274579.56309545
2013,일시매수,72,2018-12-31,147.2863311767578,1112.85,1.91,전액매수,0.0,0.0,0.0,971.7069165945505,1000000.0,1000000.0,6.100998603731652,0.0,0.0,965.6059179908189,158270142.4321274,158270142.4321274
2013,일시매수,73,2019-01-31,160.55799865722656,1111.82,1.87,전액매수,0.0,0.0,0.0,965.6059179908189,1000000.0,1000000.0,5.601877039001956,0.0,0.0,960.0040409518169,171371851.6611449,171371851.6611449
2013,일시매수,74,2019-02-28,165.36058044433594,1124.65,1.87,전액매수,0.0,0.0,0.0,960.0040409518169,1000000.0,1000000.0,5.377131089960818,0.0,0.0,954.6269098618561,177534617.23188382,177534617.23188382
2013,일시매수,75,2019-03-31,171.85031127929688,1136.3,1.9,전액매수,0.0,0.0,0.0,954.6269098618561,1000000.0,1000000.0,5.121022337454769,0.0,0.0,949.5058875244014,185413346.19452593,185413346.19452593
2013,일시매수,76,2019-04-30,181.30081176757812,1165.1,1.86,전액매수,0.0,0.0,0.0,949.5058875244014,1000000.0,1000000.0,4.734095875895419,0.0,0.0,944.771791648506,199567523.85582164,199567523.85582164
2013,일시매수,77,2019-05-31,166.3885498046875,1190.5,1.84,전액매수,0.0,0.0,0.0,944.771791648506,1000000.0,1000000.0,5.048323345097929,0.0,0.0,939.723468303408,186145657.4915922,186145657.4915922
2013,일시매수,78,2019-06-30,179.0174560546875,1154.58,1.8,전액매수,0.0,0.0,0.0,939.723468303408,1000000.0,1000000.0,4.838164032129153,0.0,0.0,934.8853042712789,193231419.61763123,193231419.61763123
2013,일시매수,79,2019-07-31,183.1971893310547,1182.74,1.68,전액매수,0.0,0.0,0.0,934.8853042712789,1000000.0,1000000.0,4.615214696469642,0.0,0.0,930.2700895748093,201565940.21214423,201565940.21214423
2013,일시매수,80,2019-08-31,179.71731567382812,1211.32,1.49,전액매수,0.0,0.0,0.0,930.2700895748093,1000000.0,1000000.0,4.5935789915566225,0.0,0.0,925.6765105832527,201515313.50276604,201515313.50276604
2013,일시매수,81,2019-09-30,181.3668670654297,1195.85,1.54,전액매수,0.0,0.0,0.0,925.6765105832527,1000000.0,1000000.0,4.610683817946259,0.0,0.0,921.0658267653065,199767727.11679405,199767727.11679405
2013,일시매수,82,2019-10-31,189.31082153320312,1169.1,1.46,전액매수,0.0,0.0,0.0,921.0658267653065,1000000.0,1000000.0,4.5182774872499225,0.0,0.0,916.5475492780565,202853311.21526995,202853311.21526995
2013,일시매수,83,2019-11-30,197.0147247314453,1181.33,1.52,전액매수,0.0,0.0,0.0,916.5475492780565,1000000.0,1000000.0,4.2966510161918094,0.0,0.0,912.2508982618647,212316731.0596259,212316731.0596259
2013,일시매수,84,2019-12-31,204.67141723632812,1155.46,1.53,전액매수,0.0,0.0,0.0,912.2508982618647,1000000.0,1000000.0,4.228515117742067,0.0,0.0,908.0223831441226,214737882.65157872,214737882.65157872
2013,일시매수,85,2020-01-31,210.8901824951172,1191.3,1.47,전액매수,0.0,0.0,0.0,908.0223831441226,1000000.0,1000000.0,3.9803613048086475,0.0,0.0,904.042021839314,227125618.1561073,227125618.1561073
2013,일시매수,86,2020-02-29,198.11570739746094,1214.92,1.42,전액매수,0.0,0.0,0.0,904.042021839314,1000000.0,1000000.0,4.154640104773938,0.0,0.0,899.88738173454,216598155.08460382,216598155.08460382
2013,일시매수,87,2020-03-31,183.68133544921875,1218.92,1.23,전액매수,0.0,0.0,0.0,899.88738173454,1000000.0,1000000.0,4.466422151437308,0.0,0.0,895.4209595831027,200478353.6403861,200478353.6403861
2013,일시매수,88,2020-04-30,211.18528747558594,1203.95,1.1,전액매수,0.0,0.0,0.0,895.4209595831027,1000000.0,1000000.0,3.933035711470431,0.0,0.0,891.4879238716322,226666623.25787392,226666623.25787392
2013,일시매수,89,2020-05-31,225.1253662109375,1236.61,1.02,전액매수,0.0,0.0,0.0,891.4879238716322,1000000.0,1000000.0,3.5920536417049425,0.0,0.0,887.8958702299273,247183354.9257616,247183354.9257616
2013,일시매수,90,2020-06-30,239.27830505371094,1200.5,0.79,전액매수,0.0,0.0,0.0,887.8958702299273,1000000.0,1000000.0,3.481244384190199,0.0,0.0,884.4146258457371,254051289.7808144,254051289.7808144
2013,일시매수,91,2020-07-31,256.8569030761719,1192.68,0.79,전액매수,0.0,0.0,0.0,884.4146258457371,1000000.0,1000000.0,3.264260587394414,0.0,0.0,881.1503652583426,269938732.4226131,269938732.4226131
2013,일시매수,92,2020-08-31,284.9691467285156,1187.48,0.68,전액매수,0.0,0.0,0.0,881.1503652583426,1000000.0,1000000.0,2.955124987704449,0.0,0.0,878.1952402706381,297177020.9126833,297177020.9126833
2013,일시매수,93,2020-09-30,268.5018615722656,1165.97,0.63,전액매수,0.0,0.0,0.0,878.1952402706381,1000000.0,1000000.0,3.194223662650429,0.0,0.0,875.0010166079877,273932294.35973483,273932294.35973483
2013,일시매수,94,2020-10-31,260.32635498046875,1133.99,0.63,전액매수,0.0,0.0,0.0,875.0010166079877,1000000.0,1000000.0,3.3874480039414943,0.0,0.0,871.6135686040462,257306847.9840496,257306847.9840496
2013,일시매수,95,2020-11-30,289.54986572265625,1105.79,0.66,전액매수,0.0,0.0,0.0,871.6135686040462,1000000.0,1000000.0,3.123230045842461,0.0,0.0,868.4903385582038,278074405.6027218,278074405.6027218
2013,일시매수,96,2020-12-31,303.7449035644531,1086.11,0.66,전액매수,0.0,0.0,0.0,868.4903385582038,1000000.0,1000000.0,3.0312181163778047,0.0,0.0,865.459120441826,285515290.2939291,285515290.2939291
2013,일시매수,97,2021-01-31,304.5386962890625,1118.35,0.68,전액매수,0.0,0.0,0.0,865.459120441826,1000000.0,1000000.0,2.936160377422551,0.0,0.0,862.5229600644035,293758803.7413514,293758803.7413514
2013,일시매수,98,2021-02-28,304.1322326660156,1123.36,0.73,전액매수,0.0,0.0,0.0,862.5229600644035,1000000.0,1000000.0,2.9269721768865664,0.0,0.0,859.5959878875169,293680956.27129364,293680956.27129364
2013,일시매수,99,2021-03-31,309.3534240722656,1126.72,0.75,전액매수,0.0,0.0,0.0,859.5959878875169,1000000.0,1000000.0,2.8689902295793304,0.0,0.0,856.7269976579375,298616213.0581937,298616213.0581937
2013,일시매수,100,2021-04-30,327.6355895996094,1115.58,0.74,전액매수,0.0,0.0,0.0,856.7269976579375,1000000.0,1000000.0,2.7359503331429273,0.0,0.0,853.9910473247946,312136896.99687314,312136896.99687314
2013,일시매수,101,2021-05-31,323.6999206542969,1114.48,0.68,전액매수,0.0,0.0,0.0,853.9910473247946,1000000.0,1000000.0,2.7719483121831776,0.0,0.0,851.2190990126114,307083323.0444308,307083323.0444308
2013,일시매수,102,2021-06-30,343.970458984375,1130.42,0.66,전액매수,0.0,0.0,0.0,851.2190990126114,1000000.0,1000000.0,2.5718108334826013,0.0,0.0,848.6472881791289,329980446.90166366,329980446.90166366
2013,일시매수,103,2021-07-31,353.8113098144531,1151.86,0.69,전액매수,0.0,0.0,0.0,848.6472881791289,1000000.0,1000000.0,2.4537402766897563,0.0,0.0,846.1935479024391,344858645.3673105,344858645.3673105
2013,일시매수,104,2021-08-31,368.7373352050781,1158.32,0.77,전액매수,0.0,0.0,0.0,846.1935479024391,1000000.0,1000000.0,2.341285266180246,0.0,0.0,843.852262636259,360422659.6500925,360422659.6500925
2013,일시매수,105,2021-09-30,347.7815246582031,1183.7,0.98,전액매수,0.0,0.0,0.0,843.852262636259,1000000.0,1000000.0,2.4291360838413016,0.0,0.0,841.4231265524177,346387809.2913748,346387809.2913748
2013,일시매수,106,2021-10-31,375.1310729980469,1174.94,1.08,전액매수,0.0,0.0,0.0,841.4231265524177,1000000.0,1000000.0,2.268826423209901,0.0,0.0,839.1543001292077,369862714.7254328,369862714.7254328
2013,일시매수,107,2021-11-30,382.6218566894531,1187.45,1.17,전액매수,0.0,0.0,0.0,839.1543001292077,1000000.0,1000000.0,2.200973904107376,0.0,0.0,836.9533262251003,380264992.99387836,380264992.99387836
2013,일시매수,108,2021-12-31,387.0309143066406,1188.59,1.27,전액매수,0.0,0.0,0.0,836.9533262251003,1000000.0,1000000.0,2.173813452408931,0.0,0.0,834.7795127726914,384016168.3826287,384016168.3826287
2013,일시매수,109,2022-01-31,353.17724609375,1206.78,1.39,전액매수,0.0,0.0,0.0,834.7795127726914,1000000.0,1000000.0,2.3462764427525804,0.0,0.0,832.4332363299388,354789069.677294,354789069.677294
2013,일시매수,110,2022-02-28,337.3691711425781,1202.28,1.5,전액매수,0.0,0.0,0.0,832.4332363299388,1000000.0,1000000.0,2.4654090348902273,0.0,0.0,829.9678272950487,336645082.2356149,336645082.2356149
2013,일시매수,111,2022-03-31,353.1171875,1211.55,1.5,전액매수,0.0,0.0,0.0,829.9678272950487,1000000.0,1000000.0,2.3374363915648937,0.0,0.0,827.6303909034838,354076112.56937444,354076112.56937444
2013,일시매수,112,2022-04-30,305.1082763671875,1255.87,1.64,전액매수,0.0,0.0,0.0,827.6303909034838,1000000.0,1000000.0,2.609764536558292,0.0,0.0,825.0206263669255,316128376.6446405,316128376.6446405
2013,일시매수,113,2022-05-31,300.26739501953125,1236.93,1.77,전액매수,0.0,0.0,0.0,825.0206263669255,1000000.0,1000000.0,2.6924441345542958,0.0,0.0,822.3281822323712,305420703.6940057,305420703.6940057
2013,일시매수,114,2022-06-30,273.51995849609375,1298.95,1.99,전액매수,0.0,0.0,0.0,822.3281822323712,1000000.0,1000000.0,2.8146120578006033,0.0,0.0,819.5135701745706,291163952.02788824,291163952.02788824
2013,일시매수,115,2022-07-31,307.8514709472656,1299.08,2.41,전액매수,0.0,0.0,0.0,819.5135701745706,1000000.0,1000000.0,2.5004770355192028,0.0,0.0,817.0130931390514,326742890.06993645,326742890.06993645
2013,일시매수,116,2022-08-31,292.05194091796875,1338.66,2.79,전액매수,0.0,0.0,0.0,817.0130931390514,1000000.0,1000000.0,2.557817866372707,0.0,0.0,814.4552752726787,318418010.1250423,318418010.1250423
2013,일시매수,117,2022-09-30,261.2827453613281,1431.67,3.01,전액매수,0.0,0.0,0.0,814.4552752726787,1000000.0,1000000.0,2.6732916676119927,0.0,0.0,811.7819836050667,303663828.9192807,303663828.9192807
2013,일시매수,118,2022-10-31,271.7336730957031,1424.6,3.69,전액매수,0.0,0.0,0.0,811.7819836050667,1000000.0,1000000.0,2.583233122948915,0.0,0.0,809.1987504821177,313250377.32497364,313250377.32497364
2013,일시매수,119,2022-11-30,286.7989501953125,1316.84,3.99,전액매수,0.0,0.0,0.0,809.1987504821177,1000000.0,1000000.0,2.647825940620462,0.0,0.0,806.5509245414972,304608740.3889167,304608740.3889167
2013,일시매수,120,2022-12-31,260.9478454589844,1260.18,4.02,전액매수,0.0,0.0,0.0,806.5509245414972,1000000.0,1000000.0,3.040980966004395,0.0,0.0,803.5099435754928,264227218.96587223,264227218.96587223
2013,분할매수,0,2012-12-31,58.24394989013672,1063.24,2.88,분할매수,100000000.0,0.0,100000000.0,0.0,0.0,0.0,0.0,8333333.333333333,91666666.66666667,134.56639800530527,8333333.333333334,100000000.0
2013,분할매수,1,2013-01-31,59.799983978271484,1087.46,2.86,분할매수,91666666.66666667,220000.0,91886666.66666667,134.56639800530527,1000000.0,1000000.0,0.0,8333333.333333333,82553333.33333334,262.71220342233266,17084198.38424046,99637531.7175738
2013,분할매수,2,2013-02-28,60.00566482543945,1083.9,2.83,분할매수,82553333.33333334,196752.11111111112,82750085.44444445,262.71220342233266,1000000.0,1000000.0,0.0,8333333.333333333,73416752.11111112,390.83820868570666,25420171.85102959,98836923.96214071
2013,분할매수,3,2013-03-31,61.82071304321289,1112.48,2.81,분할매수,73416752.11111112,173141.17372870372,73589893.28483982,390.83820868570666,1000000.0,1000000.0,0.0,8333333.333333333,64256559.95150649,512.0074899982093,35212960.22474762,99469520.17625411
2013,분할매수,4,2013-04-30,63.38931655883789,1101.52,2.8,분할매수,64256559.95150649,150467.44455311104,64407027.3960596,512.0074899982093,1000000.0,1000000.0,0.0,8333333.333333333,55073694.06272627,631.3541577372389,44084051.50711837,99157745.56984463
2013,분할매수,5,2013-05-31,65.65702056884766,1129.34,2.72,분할매수,55073694.06272627,128505.28614636128,55202199.348872624,631.3541577372389,1000000.0,1000000.0,0.0,8333333.333333333,45868866.01553929,743.7403279975837,55147675.66408858,101016541.67962787
2013,분할매수,6,2013-06-30,64.0843734741211,1141.45,2.69,분할매수,45868866.01553929,103969.42963522239,45972835.44517451,743.7403279975837,1000000.0,1000000.0,0.0,8333333.333333333,36639502.11184117,857.6628835769243,62737274.98587195,99376777.09771311
2013,분할매수,7,2013-07-31,68.13068389892578,1122.66,2.68,분할매수,36639502.11184117,82133.55056737729,36721635.662408546,857.6628835769243,1000000.0,1000000.0,0.0,8333333.333333333,27388302.329075214,966.6130144758276,73933903.40613453,101322205.73520975
2013,분할매수,8,2013-08-31,67.86092376708984,1109.42,2.66,분할매수,27388302.329075214,61167.20853493464,27449469.537610147,966.6130144758276,1000000.0,1000000.0,0.0,8333333.333333333,18116136.204276815,1077.301640317313,81106017.90438189,99222154.1086587
2013,분할매수,9,2013-09-30,71.14009857177734,1073.33,2.66,분할매수,18116136.204276815,40157.43525281361,18156293.639529627,1077.301640317313,1000000.0,1000000.0,0.0,8333333.333333333,8822960.306196295,1186.4383919236511,90592641.37736695,99415601.68356323
2013,분할매수,10,2013-10-31,74.66643524169922,1060.83,2.66,분할매수,8822960.306196295,19557.562012068454,8842517.868208364,1186.4383919236511,1000000.0,1000000.0,0.0,7842517.868208364,0.0,1285.4495878703215,101818398.06261922,101818398.06261922
2013,분할매수,11,2013-11-30,77.3179702758789,1057.76,2.65,분할매수,0.0,0.0,0.0,1285.4495878703215,1000000.0,1000000.0,12.227352022598394,0.0,0.0,1273.2222358477231,104129024.29688574,104129024.29688574
2013,분할매수,12,2013-12-31,79.58113098144531,1055.25,2.65,분할매수,0.0,0.0,0.0,1273.2222358477231,1000000.0,1000000.0,11.907882270590774,0.0,0.0,1261.3143535771324,105922642.23943794,105922642.23943794
2013,분할매수,13,2014-01-31,78.05211639404297,1080.36,2.65,분할매수,0.0,0.0,0.0,1261.3143535771324,1000000.0,1000000.0,11.858965900732937,0.0,0.0,1249.4553876763994,105359556.4853743,105359556.4853743
2013,분할매수,14,2014-02-28,82.07371520996094,1066.01,2.65,분할매수,0.0,0.0,0.0,1249.4553876763994,1000000.0,1000000.0,11.429694653928948,0.0,0.0,1238.0256930224705,108316602.54343717,108316602.54343717
2013,분할매수,15,2014-03-31,79.83013153076172,1064.65,2.65,분할매수,0.0,0.0,0.0,1238.0256930224705,1000000.0,1000000.0,11.765930987876633,0.0,0.0,1226.259762034594,104221226.80288592,104221226.80288592
2013,분할매수,16,2014-04-30,79.5751953125,1032.85,2.65,분할매수,0.0,0.0,0.0,1226.259762034594,1000000.0,1000000.0,12.167042719678147,0.0,0.0,1214.0927193149157,99785358.47098857,99785358.47098857
2013,분할매수,17,2014-05-31,83.1446304321289,1020.3,2.65,분할매수,0.0,0.0,0.0,1214.0927193149157,1000000.0,1000000.0,11.787939713226674,0.0,0.0,1202.304779601689,101994479.85406995,101994479.85406995
2013,분할매수,18,2014-06-30,85.74197387695312,1011.6,2.65,분할매수,0.0,0.0,0.0,1202.304779601689,1000000.0,1000000.0,11.52916095005458,0.0,0.0,1190.7756186516344,103283805.63079894,103283805.63079894
2013,분할매수,19,2014-07-31,86.75536346435547,1027.75,2.65,분할매수,0.0,0.0,0.0,1190.7756186516344,1000000.0,1000000.0,11.215436503246469,0.0,0.0,1179.5601821483879,105172917.86253235,105172917.86253235
2013,분할매수,20,2014-08-31,91.10137939453125,1013.85,2.52,분할매수,0.0,0.0,0.0,1179.5601821483879,1000000.0,1000000.0,10.826830599129158,0.0,0.0,1168.7333515492587,107947874.57404794,107947874.57404794
2013,분할매수,21,2014-09-30,90.41202545166016,1054.55,2.35,분할매수,0.0,0.0,0.0,1168.7333515492587,1000000.0,1000000.0,10.488336810877342,0.0,0.0,1158.2450147383813,110431714.35314488,110431714.35314488
2013,분할매수,22,2014-10-31,92.80072021484375,1073.07,2.21,분할매수,0.0,0.0,0.0,1158.2450147383813,1000000.0,1000000.0,10.042008852023338,0.0,0.0,1148.203005886358,114339971.49434991,114339971.49434991
2013,분할매수,23,2014-11-30,97.01976013183594,1112.06,2.14,분할매수,0.0,0.0,0.0,1148.203005886358,1000000.0,1000000.0,9.26854544478773,0.0,0.0,1138.93446044157,122881682.70049998,122881682.70049998
2013,분할매수,24,2014-12-31,94.84591674804688,1090.89,2.13,분할매수,0.0,0.0,0.0,1138.93446044157,1000000.0,1000000.0,9.664967560482188,0.0,0.0,1129.269492881088,116841519.20989463,116841519.20989463
2013,분할매수,25,2015-01-31,92.87090301513672,1104.3,2.13,분할매수,0.0,0.0,0.0,1129.269492881088,1000000.0,1000000.0,9.750643079811809,0.0,0.0,1119.518849801276,114814873.29991399,114814873.29991399
2013,분할매수,26,2015-02-28,99.57671356201172,1100.65,2.12,분할매수,0.0,0.0,0.0,1119.518849801276,1000000.0,1000000.0,9.124161701575952,0.0,0.0,1110.3946880997,121698269.32242,121698269.32242
2013,분할매수,27,2015-03-31,97.22772979736328,1107.71,1.95,분할매수,0.0,0.0,0.0,1110.3946880997,1000000.0,1000000.0,9.28503998316416,0.0,0.0,1101.109648116536,118589650.67604364,118589650.67604364
2013,분할매수,28,2015-04-30,99.09678649902344,1076.74,1.81,분할매수,0.0,0.0,0.0,1101.109648116536,1000000.0,1000000.0,9.37194176890605,0.0,0.0,1091.73770634763,116490022.3739935,116490022.3739935
2013,분할매수,29,2015-05-31,101.32492065429688,1111.99,1.8,분할매수,0.0,0.0,0.0,1091.73770634763,1000000.0,1000000.0,8.875295996885576,0.0,0.0,1082.8624103507443,122008596.75336246,122008596.75336246
2013,분할매수,30,2015-06-30,98.80795288085938,1117.34,1.7,분할매수,0.0,0.0,0.0,1082.8624103507443,1000000.0,1000000.0,9.057800518471668,0.0,0.0,1073.8046098322727,118550260.36866805,118550260.36866805
2013,분할매수,31,2015-07-31,103.31137084960938,1159.7,1.65,분할매수,0.0,0.0,0.0,1073.8046098322727,1000000.0,1000000.0,8.34653499387769,0.0,0.0,1065.458074838395,127652741.60114643,127652741.60114643
2013,분할매수,32,2015-08-31,96.26093292236328,1182.54,1.64,분할매수,0.0,0.0,0.0,1065.458074838395,1000000.0,1000000.0,8.784844808827106,0.0,0.0,1056.673230029568,120283653.61307366,120283653.61307366
2013,분할매수,33,2015-09-30,94.13616943359375,1184.62,1.6,분할매수,0.0,0.0,0.0,1056.673230029568,1000000.0,1000000.0,8.96735612176437,0.0,0.0,1047.7058739078036,116835537.66365449,116835537.66365449
2013,분할매수,34,2015-10-31,104.83930969238281,1140.5,1.58,분할매수,0.0,0.0,0.0,1047.7058739078036,1000000.0,1000000.0,8.363355500274835,0.0,0.0,1039.3425184075288,124273387.44280021,124273387.44280021
2013,분할매수,35,2015-11-30,105.47760772705078,1149.39,1.59,분할매수,0.0,0.0,0.0,1039.3425184075288,1000000.0,1000000.0,8.248449396685212,0.0,0.0,1031.0940690108437,125004594.12713467,125004594.12713467
2013,분할매수,36,2015-12-31,103.79549407958984,1169.26,1.67,분할매수,0.0,0.0,0.0,1031.0940690108437,1000000.0,1000000.0,8.23968115797513,0.0,0.0,1022.8543878528685,124137617.49298453,124137617.49298453
2013,분할매수,37,2016-01-31,96.6227798461914,1210.04,1.67,분할매수,0.0,0.0,0.0,1022.8543878528685,1000000.0,1000000.0,8.55304476513904,0.0,0.0,1014.3013430877295,118589504.78335777,118589504.78335777
2013,분할매수,38,2016-02-29,95.11029052734375,1238.09,1.64,분할매수,0.0,0.0,0.0,1014.3013430877295,1000000.0,1000000.0,8.492201215959062,0.0,0.0,1005.8091418717704,118439155.67869404,118439155.67869404
2013,분할매수,39,2016-03-31,101.62784576416016,1138.86,1.63,분할매수,0.0,0.0,0.0,1005.8091418717704,1000000.0,1000000.0,8.64006362535049,0.0,0.0,997.1690782464199,115412237.85906658,115412237.85906658
2013,분할매수,40,2016-04-30,98.38916778564453,1144.09,1.61,분할매수,0.0,0.0,0.0,997.1690782464199,1000000.0,1000000.0,8.883672161918165,0.0,0.0,988.2854060845017,111247397.25549608,111247397.25549608
2013,분할매수,41,2016-05-31,102.68879699707031,1188.99,1.58,분할매수,0.0,0.0,0.0,988.2854060845017,1000000.0,1000000.0,8.190279673862781,0.0,0.0,980.095126410639,119665648.23645355,119665648.23645355
2013,분할매수,42,2016-06-30,100.34950256347656,1154.15,1.43,분할매수,0.0,0.0,0.0,980.095126410639,1000000.0,1000000.0,8.634208266045675,0.0,0.0,971.4609181445933,112513028.20258541,112513028.20258541
2013,분할매수,43,2016-07-31,107.52534484863281,1112.89,1.36,분할매수,0.0,0.0,0.0,971.4609181445933,1000000.0,1000000.0,8.356740491820076,0.0,0.0,963.1041776527732,115248783.73278424,115248783.73278424
2013,분할매수,44,2016-08-31,108.6544189453125,1115.98,1.35,분할매수,0.0,0.0,0.0,963.1041776527732,1000000.0,1000000.0,8.247003803724308,0.0,0.0,954.8571738490489,115782312.77374211,115782312.77374211
2013,분할매수,45,2016-09-30,111.05952453613281,1097.98,1.34,분할매수,0.0,0.0,0.0,954.8571738490489,1000000.0,1000000.0,8.200678020975545,0.0,0.0,946.6564958280733,115436369.21322022,115436369.21322022
2013,분할매수,46,2016-10-31,109.44116973876953,1145.37,1.35,분할매수,0.0,0.0,0.0,946.6564958280733,1000000.0,1000000.0,7.977622285490401,0.0,0.0,938.6788735425829,117663990.59151249,117663990.59151249
2013,분할매수,47,2016-11-30,109.91825103759766,1175.87,1.42,분할매수,0.0,0.0,0.0,938.6788735425829,1000000.0,1000000.0,7.7369694168529275,0.0,0.0,930.9419041257299,120323844.38510522,120323844.38510522
2013,분할매수,48,2016-12-31,111.16278076171875,1203.73,1.54,분할매수,0.0,0.0,0.0,930.9419041257299,1000000.0,1000000.0,7.473284460506867,0.0,0.0,923.4686196652231,123569312.06691815,123569312.06691815
2013,분할매수,49,2017-01-31,116.8766860961914,1151.45,1.5,분할매수,0.0,0.0,0.0,923.4686196652231,1000000.0,1000000.0,7.430653783646564,0.0,0.0,916.0379658815765,123278246.1077112,123278246.1077112
2013,분할매수,50,2017-02-28,121.99009704589844,1129.17,1.49,분할매수,0.0,0.0,0.0,916.0379658815765,1000000.0,1000000.0,7.259656834436199,0.0,0.0,908.7783090471403,125181992.72675648,125181992.72675648
2013,분할매수,51,2017-03-31,124.46270751953125,1117.48,1.48,분할매수,0.0,0.0,0.0,908.7783090471403,1000000.0,1000000.0,7.189869315437843,0.0,0.0,901.5884397317025,125397055.24213666,125397055.24213666
2013,분할매수,52,2017-04-30,127.85678100585938,1136.99,1.43,분할매수,0.0,0.0,0.0,901.5884397317025,1000000.0,1000000.0,6.878909388273054,0.0,0.0,894.7095303434294,130065607.7646119,130065607.7646119
2013,분할매수,53,2017-05-31,132.83978271484375,1119.58,1.39,분할매수,0.0,0.0,0.0,894.7095303434294,1000000.0,1000000.0,6.723829801861346,0.0,0.0,887.985700541568,132065463.68793401,132065463.68793401
2013,분할매수,54,2017-06-30,129.76060485839844,1143.75,1.38,분할매수,0.0,0.0,0.0,887.985700541568,1000000.0,1000000.0,6.737922814438256,0.0,0.0,881.2477777271298,130789236.08901565,130789236.08901565
2013,분할매수,55,2017-07-31,135.0306396484375,1121.86,1.39,분할매수,0.0,0.0,0.0,881.2477777271298,1000000.0,1000000.0,6.60129303214384,0.0,0.0,874.6464846949859,132496236.7881638,132496236.7881638
2013,분할매수,56,2017-08-31,137.83059692382812,1122.36,1.39,분할매수,0.0,0.0,0.0,874.6464846949859,1000000.0,1000000.0,6.464310111012158,0.0,0.0,868.1821745839737,134303917.92389384,134303917.92389384
2013,분할매수,57,2017-09-30,137.42367553710938,1142.57,1.38,분할매수,0.0,0.0,0.0,868.1821745839737,1000000.0,1000000.0,6.368770851011641,0.0,0.0,861.8134037329621,135318639.0111788,135318639.0111788
2013,분할매수,58,2017-10-31,143.75392150878906,1115.68,1.38,분할매수,0.0,0.0,0.0,861.8134037329621,1000000.0,1000000.0,6.235060205407442,0.0,0.0,855.5783435275547,137220542.4392763,137220542.4392763
2013,분할매수,59,2017-11-30,146.5884246826172,1084.79,1.45,분할매수,0.0,0.0,0.0,855.5783435275547,1000000.0,1000000.0,6.2886098156397425,0.0,0.0,849.289733711915,135052063.7486103,135052063.7486103
2013,분할매수,60,2017-12-31,147.4724884033203,1067.42,1.66,분할매수,0.0,0.0,0.0,849.289733711915,1000000.0,1000000.0,6.352631382658852,0.0,0.0,842.9371023292562,132691014.40865445,132691014.40865445
2013,분할매수,61,2018-01-31,160.3867645263672,1068.33,1.66,분할매수,0.0,0.0,0.0,842.9371023292562,1000000.0,1000000.0,5.836144677053632,0.0,0.0,837.1009576522025,143433894.11566326,143433894.11566326
2013,분할매수,62,2018-02-28,158.31326293945312,1082.12,1.65,분할매수,0.0,0.0,0.0,837.1009576522025,1000000.0,1000000.0,5.837236320435129,0.0,0.0,831.2637213317673,142407070.0070272,142407070.0070272
2013,분할매수,63,2018-03-31,151.85598754882812,1060.99,1.65,분할매수,0.0,0.0,0.0,831.2637213317673,1000000.0,1000000.0,6.206643328959487,0.0,0.0,825.0570780028079,132931285.76491354,132931285.76491354
2013,분할매수,64,2018-04-30,152.62411499023438,1069.07,1.65,분할매수,0.0,0.0,0.0,825.0570780028079,1000000.0,1000000.0,6.12873295913748,0.0,0.0,818.9283450436704,133621149.83696748,133621149.83696748
2013,분할매수,65,2018-05-31,161.2823486328125,1080.75,1.65,분할매수,0.0,0.0,0.0,818.9283450436704,1000000.0,1000000.0,5.737040512337957,0.0,0.0,813.1913045313324,141744040.81381342,141744040.81381342
2013,분할매수,66,2018-06-30,163.1290740966797,1111.79,1.65,분할매수,0.0,0.0,0.0,813.1913045313324,1000000.0,1000000.0,5.513734696064479,0.0,0.0,807.677569835268,146484663.18333405,146484663.18333405
2013,분할매수,67,2018-07-31,167.6908416748047,1112.75,1.65,분할매수,0.0,0.0,0.0,807.677569835268,1000000.0,1000000.0,5.359114703004297,0.0,0.0,802.3184551322637,149711006.31275675,149711006.31275675
2013,분할매수,68,2018-08-31,177.38449096679688,1116.5,1.65,분할매수,0.0,0.0,0.0,802.3184551322637,1000000.0,1000000.0,5.049235495100367,0.0,0.0,797.2692196371634,157898996.87008274,157898996.87008274
2013,분할매수,69,2018-09-30,176.8849639892578,1109.76,1.65,분할매수,0.0,0.0,0.0,797.2692196371634,1000000.0,1000000.0,5.094247199356835,0.0,0.0,792.1749724378066,155503834.31291303,155503834.31291303
2013,분할매수,70,2018-10-31,161.68032836914062,1140.78,1.68,분할매수,0.0,0.0,0.0,792.1749724378066,1000000.0,1000000.0,5.42176786129744,0.0,0.0,786.7532045765091,145110086.72884005,145110086.72884005
2013,분할매수,71,2018-11-30,161.25193786621094,1118.61,1.71,분할매수,0.0,0.0,0.0,786.7532045765091,1000000.0,1000000.0,5.543912408842806,0.0,0.0,781.2092921676663,140912993.30804724,140912993.30804724
2013,분할매수,72,2018-12-31,147.2863311767578,1112.85,1.91,분할매수,0.0,0.0,0.0,781.2092921676663,1000000.0,1000000.0,6.100998603731652,0.0,0.0,775.1082935639346,127046135.21626487,127046135.21626487
2013,분할매수,73,2019-01-31,160.55799865722656,1111.82,1.87,분할매수,0.0,0.0,0.0,775.1082935639346,1000000.0,1000000.0,5.601877039001956,0.0,0.0,769.5064165249327,137365817.05871034,137365817.05871034
2013,분할매수,74,2019-02-28,165.36058044433594,1124.65,1.87,분할매수,0.0,0.0,0.0,769.5064165249327,1000000.0,1000000.0,5.377131089960818,0.0,0.0,764.1292854349718,142107245.044037,142107245.044037
2013,분할매수,75,2019-03-31,171.85031127929688,1136.3,1.9,분할매수,0.0,0.0,0.0,764.1292854349718,1000000.0,1000000.0,5.121022337454769,0.0,0.0,759.0082630975171,148214206.67240372,148214206.67240372
2013,분할매수,76,2019-04-30,181.30081176757812,1165.1,1.86,분할매수,0.0,0.0,0.0,759.0082630975171,1000000.0,1000000.0,4.734095875895419,0.0,0.0,754.2741672216217,159328029.46855322,159328029.46855322
2013,분할매수,77,2019-05-31,166.3885498046875,1190.5,1.84,분할매수,0.0,0.0,0.0,754.2741672216217,1000000.0,1000000.0,5.048323345097929,0.0,0.0,749.2258438765238,148410827.2510009,148410827.2510009
2013,분할매수,78,2019-06-30,179.0174560546875,1154.58,1.8,분할매수,0.0,0.0,0.0,749.2258438765238,1000000.0,1000000.0,4.838164032129153,0.0,0.0,744.3876798443946,153857470.49936393,153857470.49936393
2013,분할매수,79,2019-07-31,183.1971893310547,1182.74,1.68,분할매수,0.0,0.0,0.0,744.3876798443946,1000000.0,1000000.0,4.615214696469642,0.0,0.0,739.772465147925,160289935.31195977,160289935.31195977
2013,분할매수,80,2019-08-31,179.71731567382812,1211.32,1.49,분할매수,0.0,0.0,0.0,739.772465147925,1000000.0,1000000.0,4.5935789915566225,0.0,0.0,735.1788861563684,160044899.0879852,160044899.0879852
2013,분할매수,81,2019-09-30,181.3668670654297,1195.85,1.54,분할매수,0.0,0.0,0.0,735.1788861563684,1000000.0,1000000.0,4.610683817946259,0.0,0.0,730.5682023384222,158451160.64884275,158451160.64884275
2013,분할매수,82,2019-10-31,189.31082153320312,1169.1,1.46,분할매수,0.0,0.0,0.0,730.5682023384222,1000000.0,1000000.0,4.5182774872499225,0.0,0.0,726.0499248511722,160691751.86783117,160691751.86783117
2013,분할매수,83,2019-11-30,197.0147247314453,1181.33,1.52,분할매수,0.0,0.0,0.0,726.0499248511722,1000000.0,1000000.0,4.2966510161918094,0.0,0.0,721.7532738349804,167980427.34098563,167980427.34098563
2013,분할매수,84,2019-12-31,204.67141723632812,1155.46,1.53,분할매수,0.0,0.0,0.0,721.7532738349804,1000000.0,1000000.0,4.228515117742067,0.0,0.0,717.5247587172383,169687168.837741,169687168.837741
2013,분할매수,85,2020-01-31,210.8901824951172,1191.3,1.47,분할매수,0.0,0.0,0.0,717.5247587172383,1000000.0,1000000.0,3.9803613048086475,0.0,0.0,713.5443974124297,179266238.10516936,179266238.10516936
2013,분할매수,86,2020-02-29,198.11570739746094,1214.92,1.42,분할매수,0.0,0.0,0.0,713.5443974124297,1000000.0,1000000.0,4.154640104773938,0.0,0.0,709.3897573076557,170746379.81097886,170746379.81097886
2013,분할매수,87,2020-03-31,183.68133544921875,1218.92,1.23,분할매수,0.0,0.0,0.0,709.3897573076557,1000000.0,1000000.0,4.466422151437308,0.0,0.0,704.9233351562184,157827296.94043183,157827296.94043183
2013,분할매수,88,2020-04-30,211.18528747558594,1203.95,1.1,분할매수,0.0,0.0,0.0,704.9233351562184,1000000.0,1000000.0,3.933035711470431,0.0,0.0,700.990299444748,178231358.89673147,178231358.89673147
2013,분할매수,89,2020-05-31,225.1253662109375,1236.61,1.02,분할매수,0.0,0.0,0.0,700.990299444748,1000000.0,1000000.0,3.5920536417049425,0.0,0.0,697.398245803043,194150287.09650004,194150287.09650004
2013,분할매수,90,2020-06-30,239.27830505371094,1200.5,0.79,분할매수,0.0,0.0,0.0,697.398245803043,1000000.0,1000000.0,3.481244384190199,0.0,0.0,693.9170014188528,199330160.3789217,199330160.3789217
2013,분할매수,91,2020-07-31,256.8569030761719,1192.68,0.79,분할매수,0.0,0.0,0.0,693.9170014188528,1000000.0,1000000.0,3.264260587394414,0.0,0.0,690.6527408314583,211580148.80875325,211580148.80875325
2013,분할매수,92,2020-08-31,284.9691467285156,1187.48,0.68,분할매수,0.0,0.0,0.0,690.6527408314583,1000000.0,1000000.0,2.955124987704449,0.0,0.0,687.6976158437539,232713546.36609113,232713546.36609113
2013,분할매수,93,2020-09-30,268.5018615722656,1165.97,0.63,분할매수,0.0,0.0,0.0,687.6976158437539,1000000.0,1000000.0,3.194223662650429,0.0,0.0,684.5033921811034,214294133.55892935,214294133.55892935
2013,분할매수,94,2020-10-31,260.32635498046875,1133.99,0.63,분할매수,0.0,0.0,0.0,684.5033921811034,1000000.0,1000000.0,3.3874480039414943,0.0,0.0,681.115944177162,201070523.70535097,201070523.70535097
2013,분할매수,95,2020-11-30,289.54986572265625,1105.79,0.66,분할매수,0.0,0.0,0.0,681.115944177162,1000000.0,1000000.0,3.123230045842461,0.0,0.0,677.9927141313195,217080619.80059418,217080619.80059418
2013,분할매수,96,2020-12-31,303.7449035644531,1086.11,0.66,분할매수,0.0,0.0,0.0,677.9927141313195,1000000.0,1000000.0,3.0312181163778047,0.0,0.0,674.9614960149418,222670052.1378172,222670052.1378172
2013,분할매수,97,2021-01-31,304.5386962890625,1118.35,0.68,분할매수,0.0,0.0,0.0,674.9614960149418,1000000.0,1000000.0,2.936160377422551,0.0,0.0,672.0253356375192,228878960.70154145,228878960.70154145
2013,분할매수,98,2021-02-28,304.1322326660156,1123.36,0.73,분할매수,0.0,0.0,0.0,672.0253356375192,1000000.0,1000000.0,2.9269721768865664,0.0,0.0,669.0983634606326,228597445.7647068,228597445.7647068
2013,분할매수,99,2021-03-31,309.3534240722656,1126.72,0.75,분할매수,0.0,0.0,0.0,669.0983634606326,1000000.0,1000000.0,2.8689902295793304,0.0,0.0,666.2293732310533,232217372.63592565,232217372.63592565
2013,분할매수,100,2021-04-30,327.6355895996094,1115.58,0.74,분할매수,0.0,0.0,0.0,666.2293732310533,1000000.0,1000000.0,2.7359503331429273,0.0,0.0,663.4934228979104,242509308.32348895,242509308.32348895
2013,분할매수,101,2021-05-31,323.6999206542969,1114.48,0.68,분할매수,0.0,0.0,0.0,663.4934228979104,1000000.0,1000000.0,2.7719483121831776,0.0,0.0,660.7214745857272,238359954.8670318,238359954.8670318
2013,분할매수,102,2021-06-30,343.970458984375,1130.42,0.66,분할매수,0.0,0.0,0.0,660.7214745857272,1000000.0,1000000.0,2.5718108334826013,0.0,0.0,658.1496637522446,255909048.66864392,255909048.66864392
2013,분할매수,103,2021-07-31,353.8113098144531,1151.86,0.69,분할매수,0.0,0.0,0.0,658.1496637522446,1000000.0,1000000.0,2.4537402766897563,0.0,0.0,655.6959234755549,267223034.85197225,267223034.85197225
2013,분할매수,104,2021-08-31,368.7373352050781,1158.32,0.77,분할매수,0.0,0.0,0.0,655.6959234755549,1000000.0,1000000.0,2.341285266180246,0.0,0.0,653.3546382093747,279058108.65811664,279058108.65811664
2013,분할매수,105,2021-09-30,347.7815246582031,1183.7,0.98,분할매수,0.0,0.0,0.0,653.3546382093747,1000000.0,1000000.0,2.4291360838413016,0.0,0.0,650.9255021255334,267965844.50558892,267965844.50558892
2013,분할매수,106,2021-10-31,375.1310729980469,1174.94,1.08,분할매수,0.0,0.0,0.0,650.9255021255334,1000000.0,1000000.0,2.268826423209901,0.0,0.0,648.6566757023235,285899647.97069573,285899647.97069573
2013,분할매수,107,2021-11-30,382.6218566894531,1187.45,1.17,분할매수,0.0,0.0,0.0,648.6566757023235,1000000.0,1000000.0,2.200973904107376,0.0,0.0,646.4557017982161,293713478.6522568,293713478.6522568
2013,분할매수,108,2021-12-31,387.0309143066406,1188.59,1.27,분할매수,0.0,0.0,0.0,646.4557017982161,1000000.0,1000000.0,2.173813452408931,0.0,0.0,644.2818883458071,296383246.51631916,296383246.51631916
2013,분할매수,109,2022-01-31,353.17724609375,1206.78,1.39,분할매수,0.0,0.0,0.0,644.2818883458071,1000000.0,1000000.0,2.3462764427525804,0.0,0.0,641.9356119030546,273597603.5074346,273597603.5074346
2013,분할매수,110,2022-02-28,337.3691711425781,1202.28,1.5,분할매수,0.0,0.0,0.0,641.9356119030546,1000000.0,1000000.0,2.4654090348902273,0.0,0.0,639.4702028681644,259376920.34808207,259376920.34808207
2013,분할매수,111,2022-03-31,353.1171875,1211.55,1.5,분할매수,0.0,0.0,0.0,639.4702028681644,1000000.0,1000000.0,2.3374363915648937,0.0,0.0,637.1327664765995,272577584.902768,272577584.902768
2013,분할매수,112,2022-04-30,305.1082763671875,1255.87,1.64,분할매수,0.0,0.0,0.0,637.1327664765995,1000000.0,1000000.0,2.609764536558292,0.0,0.0,634.5230019400412,243134195.84467113,243134195.84467113
2013,분할매수,113,2022-05-31,300.26739501953125,1236.93,1.77,분할매수,0.0,0.0,0.0,634.5230019400412,1000000.0,1000000.0,2.6924441345542958,0.0,0.0,631.8305578054869,234668028.83547276,234668028.83547276
2013,분할매수,114,2022-06-30,273.51995849609375,1298.95,1.99,분할매수,0.0,0.0,0.0,631.8305578054869,1000000.0,1000000.0,2.8146120578006033,0.0,0.0,629.0159457476864,223482289.15043184,223482289.15043184
2013,분할매수,115,2022-07-31,307.8514709472656,1299.08,2.41,분할매수,0.0,0.0,0.0,629.0159457476864,1000000.0,1000000.0,2.5004770355192028,0.0,0.0,626.5154687121671,250558377.38660797,250558377.38660797
2013,분할매수,116,2022-08-31,292.05194091796875,1338.66,2.79,분할매수,0.0,0.0,0.0,626.5154687121671,1000000.0,1000000.0,2.557817866372707,0.0,0.0,623.9576508457944,243941392.01578155,243941392.01578155
2013,분할매수,117,2022-09-30,261.2827453613281,1431.67,3.01,분할매수,0.0,0.0,0.0,623.9576508457944,1000000.0,1000000.0,2.6732916676119927,0.0,0.0,621.2843591781824,232404255.28770137,232404255.28770137
2013,분할매수,118,2022-10-31,271.7336730957031,1424.6,3.69,분할매수,0.0,0.0,0.0,621.2843591781824,1000000.0,1000000.0,2.583233122948915,0.0,0.0,618.7011260552334,239506500.81048402,239506500.81048402
2013,분할매수,119,2022-11-30,286.7989501953125,1316.84,3.99,분할매수,0.0,0.0,0.0,618.7011260552334,1000000.0,1000000.0,2.647825940620462,0.0,0.0,616.053300114613,232663820.78357235,232663820.78357235
2013,분할매수,120,2022-12-31,260.9478454589844,1260.18,4.02,분할매수,0.0,0.0,0.0,616.053300114613,1000000.0,1000000.0,3.040980966004395,0.0,0.0,613.0123191486085,201583740.90517822,201583740.90517822
2014,일시매수,0,2013-12-31,79.58113098144531,1055.25,2.65,전액매수,100000000.0,0.0,100000000.0,0.0,0.0,0.0,0.0,100000000.0,0.0,1190.7882270590774,100000000.0,100000000.0
2014,일시매수,1,2014-01-31,78.05211639404297,1080.36,2.65,전액매수,0.0,0.0,0.0,1190.7882270590774,1000000.0,1000000.0,11.858965900732937,0.0,0.0,1178.9292611583444,99412484.27786452,99412484.27786452
2014,일시매수,2,2014-02-28,82.07371520996094,1066.01,2.65,전액매수,0.0,0.0,0.0,1178.9292611583444,1000000.0,1000000.0,11.429694653928948,0.0,0.0,1167.4995665044155,102146172.91662192,102146172.91662192
2014,일시매수,3,2014-03-31,79.83013153076172,1064.65,2.65,전액매수,0.0,0.0,0.0,1167.4995665044155,1000000.0,1000000.0,11.765930987876633,0.0,0.0,1155.733635516539,98227130.2379202,98227130.2379202
2014,일시매수,4,2014-04-30,79.5751953125,1032.85,2.65,전액매수,0.0,0.0,0.0,1155.733635516539,1000000.0,1000000.0,12.167042719678147,0.0,0.0,1143.5665927968607,93988869.69857793,93988869.69857793
2014,일시매수,5,2014-05-31,83.1446304321289,1020.3,2.65,전액매수,0.0,0.0,0.0,1143.5665927968607,1000000.0,1000000.0,11.787939713226674,0.0,0.0,1131.778653083634,96011574.59379609,96011574.59379609
2014,일시매수,6,2014-06-30,85.74197387695312,1011.6,2.65,전액매수,0.0,0.0,0.0,1131.778653083634,1000000.0,1000000.0,11.52916095005458,0.0,0.0,1120.2494921335795,97166610.56139354,97166610.56139354
2014,일시매수,7,2014-07-31,86.75536346435547,1027.75,2.65,전액매수,0.0,0.0,0.0,1120.2494921335795,1000000.0,1000000.0,11.215436503246469,0.0,0.0,1109.034055630333,98884609.19994573,98884609.19994573
2014,일시매수,8,2014-08-31,91.10137939453125,1013.85,2.52,전액매수,0.0,0.0,0.0,1109.034055630333,1000000.0,1000000.0,10.826830599129158,0.0,0.0,1098.2072250312037,101433860.53528321,101433860.53528321
2014,일시매수,9,2014-09-30,90.41202545166016,1054.55,2.35,전액매수,0.0,0.0,0.0,1098.2072250312037,1000000.0,1000000.0,10.488336810877342,0.0,0.0,1087.7188882203263,103707471.24484643,103707471.24484643
2014,일시매수,10,2014-10-31,92.80072021484375,1073.07,2.21,전액매수,0.0,0.0,0.0,1087.7188882203263,1000000.0,1000000.0,10.042008852023338,0.0,0.0,1077.676879368303,107316862.11879455,107316862.11879455
2014,일시매수,11,2014-11-30,97.01976013183594,1112.06,2.14,전액매수,0.0,0.0,0.0,1077.676879368303,1000000.0,1000000.0,9.26854544478773,0.0,0.0,1068.408333923515,115272492.35470347,115272492.35470347
2014,일시매수,12,2014-12-31,94.84591674804688,1090.89,2.13,전액매수,0.0,0.0,0.0,1068.408333923515,1000000.0,1000000.0,9.664967560482188,0.0,0.0,1058.743366363033,109544430.4119539,109544430.4119539
2014,일시매수,13,2015-01-31,92.87090301513672,1104.3,2.13,전액매수,0.0,0.0,0.0,1058.743366363033,1000000.0,1000000.0,9.750643079811809,0.0,0.0,1048.992723283221,107581901.49069296,107581901.49069296
2014,일시매수,14,2015-02-28,99.57671356201172,1100.65,2.12,전액매수,0.0,0.0,0.0,1048.992723283221,1000000.0,1000000.0,9.124161701575952,0.0,0.0,1039.868561581645,113968668.63966647,113968668.63966647
2014,일시매수,15,2015-03-31,97.22772979736328,1107.71,1.95,전액매수,0.0,0.0,0.0,1039.868561581645,1000000.0,1000000.0,9.28503998316416,0.0,0.0,1030.583521598481,110993977.78223442,110993977.78223442
2014,일시매수,16,2015-04-30,99.09678649902344,1076.74,1.81,전액매수,0.0,0.0,0.0,1030.583521598481,1000000.0,1000000.0,9.37194176890605,0.0,0.0,1021.2115798295749,108964780.72641471,108964780.72641471
2014,일시매수,17,2015-05-31,101.32492065429688,1111.99,1.8,전액매수,0.0,0.0,0.0,1021.2115798295749,1000000.0,1000000.0,8.875295996885576,0.0,0.0,1012.3362838326893,114062255.97297572,114062255.97297572
2014,일시매수,18,2015-06-30,98.80795288085938,1117.34,1.7,전액매수,0.0,0.0,0.0,1012.3362838326893,1000000.0,1000000.0,9.057800518471668,0.0,0.0,1003.2784833142176,110764029.44271308,110764029.44271308
2014,일시매수,19,2015-07-31,103.31137084960938,1159.7,1.65,전액매수,0.0,0.0,0.0,1003.2784833142176,1000000.0,1000000.0,8.34653499387769,0.0,0.0,994.93194832034,119202992.50528966,119202992.50528966
2014,일시매수,20,2015-08-31,96.26093292236328,1182.54,1.64,전액매수,0.0,0.0,0.0,994.93194832034,1000000.0,1000000.0,8.784844808827106,0.0,0.0,986.1471035115129,112255495.11365548,112255495.11365548
2014,일시매수,21,2015-09-30,94.13616943359375,1184.62,1.6,전액매수,0.0,0.0,0.0,986.1471035115129,1000000.0,1000000.0,8.96735612176437,0.0,0.0,977.1797473897485,108970775.12267728,108970775.12267728
2014,일시매수,22,2015-10-31,104.83930969238281,1140.5,1.58,전액매수,0.0,0.0,0.0,977.1797473897485,1000000.0,1000000.0,8.363355500274835,0.0,0.0,968.8163918894737,115840632.60943966,115840632.60943966
2014,일시매수,23,2015-11-30,105.47760772705078,1149.39,1.59,전액매수,0.0,0.0,0.0,968.8163918894737,1000000.0,1000000.0,8.248449396685212,0.0,0.0,960.5679424927885,116454365.69918343,116454365.69918343
2014,일시매수,24,2015-12-31,103.79549407958984,1169.26,1.67,전액매수,0.0,0.0,0.0,960.5679424927885,1000000.0,1000000.0,8.23968115797513,0.0,0.0,952.3282613348133,115578290.35812405,115578290.35812405
2014,일시매수,25,2016-01-31,96.6227798461914,1210.04,1.67,전액매수,0.0,0.0,0.0,952.3282613348133,1000000.0,1000000.0,8.55304476513904,0.0,0.0,943.7752165696743,110343771.42703193,110343771.42703193
2014,일시매수,26,2016-02-29,95.11029052734375,1238.09,1.64,전액매수,0.0,0.0,0.0,943.7752165696743,1000000.0,1000000.0,8.492201215959062,0.0,0.0,935.2830153537152,110134344.62622887,110134344.62622887
2014,일시매수,27,2016-03-31,101.62784576416016,1138.86,1.63,전액매수,0.0,0.0,0.0,935.2830153537152,1000000.0,1000000.0,8.64006362535049,0.0,0.0,926.6429517283647,107249551.84468038,107249551.84468038
2014,일시매수,28,2016-04-30,98.38916778564453,1144.09,1.61,전액매수,0.0,0.0,0.0,926.6429517283647,1000000.0,1000000.0,8.883672161918165,0.0,0.0,917.7592795664465,103308548.85670203,103308548.85670203
2014,일시매수,29,2016-05-31,102.68879699707031,1188.99,1.58,전액매수,0.0,0.0,0.0,917.7592795664465,1000000.0,1000000.0,8.190279673862781,0.0,0.0,909.5689998925837,111054693.62606072,111054693.62606072
2014,일시매수,30,2016-06-30,100.34950256347656,1154.15,1.43,전액매수,0.0,0.0,0.0,909.5689998925837,1000000.0,1000000.0,8.634208266045675,0.0,0.0,900.9347916265381,104344806.59558506,104344806.59558506
2014,일시매수,31,2016-07-31,107.52534484863281,1112.89,1.36,전액매수,0.0,0.0,0.0,900.9347916265381,1000000.0,1000000.0,8.356740491820076,0.0,0.0,892.578051134718,106809353.71972005,106809353.71972005
2014,일시매수,32,2016-08-31,108.6544189453125,1115.98,1.35,전액매수,0.0,0.0,0.0,892.578051134718,1000000.0,1000000.0,8.247003803724308,0.0,0.0,884.3310473309937,107230585.60148035,107230585.60148035
2014,일시매수,33,2016-09-30,111.05952453613281,1097.98,1.34,전액매수,0.0,0.0,0.0,884.3310473309937,1000000.0,1000000.0,8.200678020975545,0.0,0.0,876.1303693100181,106836333.17502135,106836333.17502135
2014,일시매수,34,2016-10-31,109.44116973876953,1145.37,1.35,전액매수,0.0,0.0,0.0,876.1303693100181,1000000.0,1000000.0,7.977622285490401,0.0,0.0,868.1527470245277,108823496.0187966,108823496.0187966
2014,일시매수,35,2016-11-30,109.91825103759766,1175.87,1.42,전액매수,0.0,0.0,0.0,868.1527470245277,1000000.0,1000000.0,7.7369694168529275,0.0,0.0,860.4157776076747,111208372.58752608,111208372.58752608
2014,일시매수,36,2016-12-31,111.16278076171875,1203.73,1.54,전액매수,0.0,0.0,0.0,860.4157776076747,1000000.0,1000000.0,7.473284460506867,0.0,0.0,852.9424931471679,114132212.90512982,114132212.90512982
2014,일시매수,37,2017-01-31,116.8766860961914,1151.45,1.5,전액매수,0.0,0.0,0.0,852.9424931471679,1000000.0,1000000.0,7.430653783646564,0.0,0.0,845.5118393635213,113787005.0175571,113787005.0175571
2014,일시매수,38,2017-02-28,121.99009704589844,1129.17,1.49,전액매수,0.0,0.0,0.0,845.5118393635213,1000000.0,1000000.0,7.259656834436199,0.0,0.0,838.2521825290851,115467191.03206557,115467191.03206557
2014,일시매수,39,2017-03-31,124.46270751953125,1117.48,1.48,전액매수,0.0,0.0,0.0,838.2521825290851,1000000.0,1000000.0,7.189869315437843,0.0,0.0,831.0623132136473,115587958.10505465,115587958.10505465
2014,일시매수,40,2017-04-30,127.85678100585938,1136.99,1.43,전액매수,0.0,0.0,0.0,831.0623132136473,1000000.0,1000000.0,6.878909388273054,0.0,0.0,824.1834038253742,119813092.06229927,119813092.06229927
2014,일시매수,41,2017-05-31,132.83978271484375,1119.58,1.39,전액매수,0.0,0.0,0.0,824.1834038253742,1000000.0,1000000.0,6.723829801861346,0.0,0.0,817.4595740235128,121576482.17050602,121576482.17050602
2014,일시매수,42,2017-06-30,129.76060485839844,1143.75,1.38,전액매수,0.0,0.0,0.0,817.4595740235128,1000000.0,1000000.0,6.737922814438256,0.0,0.0,810.7216512090746,120322193.2836381,120322193.2836381
2014,일시매수,43,2017-07-31,135.0306396484375,1121.86,1.39,전액매수,0.0,0.0,0.0,810.7216512090746,1000000.0,1000000.0,6.60129303214384,0.0,0.0,804.1203581769307,121812553.12579028,121812553.12579028
2014,일시매수,44,2017-08-31,137.83059692382812,1122.36,1.39,전액매수,0.0,0.0,0.0,804.1203581769307,1000000.0,1000000.0,6.464310111012158,0.0,0.0,797.6560480659185,123393840.08002435,123393840.08002435
2014,일시매수,45,2017-09-30,137.42367553710938,1142.57,1.38,전액매수,0.0,0.0,0.0,797.6560480659185,1000000.0,1000000.0,6.368770851011641,0.0,0.0,791.2872772149069,124244896.81383586,124244896.81383586
2014,일시매수,46,2017-10-31,143.75392150878906,1115.68,1.38,전액매수,0.0,0.0,0.0,791.2872772149069,1000000.0,1000000.0,6.235060205407442,0.0,0.0,785.0522170094995,125909324.23213045,125909324.23213045
2014,일시매수,47,2017-11-30,146.5884246826172,1084.79,1.45,전액매수,0.0,0.0,0.0,785.0522170094995,1000000.0,1000000.0,6.2886098156397425,0.0,0.0,778.7636071938598,123837164.33751039,123837164.33751039
2014,일시매수,48,2017-12-31,147.4724884033203,1067.42,1.66,전액매수,0.0,0.0,0.0,778.7636071938598,1000000.0,1000000.0,6.352631382658852,0.0,0.0,772.410975811201,121589138.30884257,121589138.30884257
2014,일시매수,49,2018-01-31,160.3867645263672,1068.33,1.66,전액매수,0.0,0.0,0.0,772.410975811201,1000000.0,1000000.0,5.836144677053632,0.0,0.0,766.5748311341473,131349524.99518079,131349524.99518079
2014,일시매수,50,2018-02-28,158.31326293945312,1082.12,1.65,전액매수,0.0,0.0,0.0,766.5748311341473,1000000.0,1000000.0,5.837236320435129,0.0,0.0,760.7375948137121,130324960.82958038,130324960.82958038
2014,일시매수,51,2018-03-31,151.85598754882812,1060.99,1.65,전액매수,0.0,0.0,0.0,760.7375948137121,1000000.0,1000000.0,6.206643328959487,0.0,0.0,754.5309514847527,121568279.58265261,121568279.58265261
2014,일시매수,52,2018-04-30,152.62411499023438,1069.07,1.65,전액매수,0.0,0.0,0.0,754.5309514847527,1000000.0,1000000.0,6.12873295913748,0.0,0.0,748.4022185256152,122113693.56692296,122113693.56692296
2014,일시매수,53,2018-05-31,161.2823486328125,1080.75,1.65,전액매수,0.0,0.0,0.0,748.4022185256152,1000000.0,1000000.0,5.737040512337957,0.0,0.0,742.6651780132772,129450920.97852844,129450920.97852844
2014,일시매수,54,2018-06-30,163.1290740966797,1111.79,1.65,전액매수,0.0,0.0,0.0,742.6651780132772,1000000.0,1000000.0,5.513734696064479,0.0,0.0,737.1514433172127,133693672.97330554,133693672.97330554
2014,일시매수,55,2018-07-31,167.6908416748047,1112.75,1.65,전액매수,0.0,0.0,0.0,737.1514433172127,1000000.0,1000000.0,5.359114703004297,0.0,0.0,731.7923286142085,136550973.27996522,136550973.27996522
2014,일시매수,56,2018-08-31,177.38449096679688,1116.5,1.65,전액매수,0.0,0.0,0.0,731.7923286142085,1000000.0,1000000.0,5.049235495100367,0.0,0.0,726.7430931191082,143931312.7352287,143931312.7352287
2014,일시매수,57,2018-09-30,176.8849639892578,1109.76,1.65,전액매수,0.0,0.0,0.0,726.7430931191082,1000000.0,1000000.0,5.094247199356835,0.0,0.0,721.6488459197514,141659565.71774957,141659565.71774957
2014,일시매수,58,2018-10-31,161.68032836914062,1140.78,1.68,전액매수,0.0,0.0,0.0,721.6488459197514,1000000.0,1000000.0,5.42176786129744,0.0,0.0,716.2270780584539,132102129.11754201,132102129.11754201
2014,일시매수,59,2018-11-30,161.25193786621094,1118.61,1.71,전액매수,0.0,0.0,0.0,716.2270780584539,1000000.0,1000000.0,5.543912408842806,0.0,0.0,710.683165649611,128191629.5279192,128191629.5279192
2014,일시매수,60,2018-12-31,147.2863311767578,1112.85,1.91,전액매수,0.0,0.0,0.0,710.683165649611,1000000.0,1000000.0,6.100998603731652,0.0,0.0,704.5821670458794,115486367.5292311,115486367.5292311
2014,일시매수,61,2019-01-31,160.55799865722656,1111.82,1.87,전액매수,0.0,0.0,0.0,704.5821670458794,1000000.0,1000000.0,5.601877039001956,0.0,0.0,698.9802900068775,124776085.7905959,124776085.7905959
2014,일시매수,62,2019-02-28,165.36058044433594,1124.65,1.87,전액매수,0.0,0.0,0.0,698.9802900068775,1000000.0,1000000.0,5.377131089960818,0.0,0.0,693.6031589169166,128991305.45875733,128991305.45875733
2014,일시매수,63,2019-03-31,171.85031127929688,1136.3,1.9,전액매수,0.0,0.0,0.0,693.6031589169166,1000000.0,1000000.0,5.121022337454769,0.0,0.0,688.4821365794619,134442322.4917329,134442322.4917329
2014,일시매수,64,2019-04-30,181.30081176757812,1165.1,1.86,전액매수,0.0,0.0,0.0,688.4821365794619,1000000.0,1000000.0,4.734095875895419,0.0,0.0,683.7480407035665,144430543.5774979,144430543.5774979
2014,일시매수,65,2019-05-31,166.3885498046875,1190.5,1.84,전액매수,0.0,0.0,0.0,683.7480407035665,1000000.0,1000000.0,5.048323345097929,0.0,0.0,678.6997173584685,134440619.38257304,134440619.38257304
2014,일시매수,66,2019-06-30,179.0174560546875,1154.58,1.8,전액매수,0.0,0.0,0.0,678.6997173584685,1000000.0,1000000.0,4.838164032129153,0.0,0.0,673.8615533263394,139280427.21399632,139280427.21399632
2014,일시매수,67,2019-07-31,183.1971893310547,1182.74,1.68,전액매수,0.0,0.0,0.0,673.8615533263394,1000000.0,1000000.0,4.615214696469642,0.0,0.0,669.2463386298698,145008711.97645527,145008711.97645527
2014,일시매수,68,2019-08-31,179.71731567382812,1211.32,1.49,전액매수,0.0,0.0,0.0,669.2463386298698,1000000.0,1000000.0,4.5935789915566225,0.0,0.0,664.6527596383132,144691701.36401266,144691701.36401266
2014,일시매수,69,2019-09-30,181.3668670654297,1195.85,1.54,전액매수,0.0,0.0,0.0,664.6527596383132,1000000.0,1000000.0,4.610683817946259,0.0,0.0,660.042075820367,143154920.58927825,143154920.58927825
2014,일시매수,70,2019-10-31,189.31082153320312,1169.1,1.46,전액매수,0.0,0.0,0.0,660.042075820367,1000000.0,1000000.0,4.5182774872499225,0.0,0.0,655.523798333117,145082678.11858222,145082678.11858222
2014,일시매수,71,2019-11-30,197.0147247314453,1181.33,1.52,전액매수,0.0,0.0,0.0,655.523798333117,1000000.0,1000000.0,4.2966510161918094,0.0,0.0,651.2271473169252,151566218.63465148,151566218.63465148
2014,일시매수,72,2019-12-31,204.67141723632812,1155.46,1.53,전액매수,0.0,0.0,0.0,651.2271473169252,1000000.0,1000000.0,4.228515117742067,0.0,0.0,646.9986321991831,153008470.86593038,153008470.86593038
2014,일시매수,73,2020-01-31,210.8901824951172,1191.3,1.47,전액매수,0.0,0.0,0.0,646.9986321991831,1000000.0,1000000.0,3.9803613048086475,0.0,0.0,643.0182708943745,161547714.30361068,161547714.30361068
2014,일시매수,74,2020-02-29,198.11570739746094,1214.92,1.42,전액매수,0.0,0.0,0.0,643.0182708943745,1000000.0,1000000.0,4.154640104773938,0.0,0.0,638.8636307896005,153771112.46182474,153771112.46182474
2014,일시매수,75,2020-03-31,183.68133544921875,1218.92,1.23,전액매수,0.0,0.0,0.0,638.8636307896005,1000000.0,1000000.0,4.466422151437308,0.0,0.0,634.3972086381632,142037001.2346487,142037001.2346487
2014,일시매수,76,2020-04-30,211.18528747558594,1203.95,1.1,전액매수,0.0,0.0,0.0,634.3972086381632,1000000.0,1000000.0,3.933035711470431,0.0,0.0,630.4641729266928,160299630.91562757,160299630.91562757
2014,일시매수,77,2020-05-31,225.1253662109375,1236.61,1.02,전액매수,0.0,0.0,0.0,630.4641729266928,1000000.0,1000000.0,3.5920536417049425,0.0,0.0,626.8721192849878,174516357.99833086,174516357.99833086
2014,일시매수,78,2020-06-30,239.27830505371094,1200.5,0.79,전액매수,0.0,0.0,0.0,626.8721192849878,1000000.0,1000000.0,3.481244384190199,0.0,0.0,623.3908749007976,179071276.27462146,179071276.27462146
2014,일시매수,79,2020-07-31,256.8569030761719,1192.68,0.79,전액매수,0.0,0.0,0.0,623.3908749007976,1000000.0,1000000.0,3.264260587394414,0.0,0.0,620.1266143134031,189974604.5729757,189974604.5729757
2014,일시매수,80,2020-08-31,284.9691467285156,1187.48,0.68,전액매수,0.0,0.0,0.0,620.1266143134031,1000000.0,1000000.0,2.955124987704449,0.0,0.0,617.1714893256986,208847846.332591,208847846.332591
2014,일시매수,81,2020-09-30,268.5018615722656,1165.97,0.63,전액매수,0.0,0.0,0.0,617.1714893256986,1000000.0,1000000.0,3.194223662650429,0.0,0.0,613.9772656630482,192214863.61214808,192214863.61214808
2014,일시매수,82,2020-10-31,260.32635498046875,1133.99,0.63,전액매수,0.0,0.0,0.0,613.9772656630482,1000000.0,1000000.0,3.3874480039414943,0.0,0.0,610.5898176591068,180250683.3901656,180250683.3901656
2014,일시매수,83,2020-11-30,289.54986572265625,1105.79,0.66,전액매수,0.0,0.0,0.0,610.5898176591068,1000000.0,1000000.0,3.123230045842461,0.0,0.0,607.4665876132643,194499469.68264586,194499469.68264586
2014,일시매수,84,2020-12-31,303.7449035644531,1086.11,0.66,전액매수,0.0,0.0,0.0,607.4665876132643,1000000.0,1000000.0,3.0312181163778047,0.0,0.0,604.4353694968866,199403456.3963232,199403456.3963232
2014,일시매수,85,2021-01-31,304.5386962890625,1118.35,0.68,전액매수,0.0,0.0,0.0,604.4353694968866,1000000.0,1000000.0,2.936160377422551,0.0,0.0,601.499209119464,204859112.51465014,204859112.51465014
2014,일시매수,86,2021-02-28,304.1322326660156,1123.36,0.73,전액매수,0.0,0.0,0.0,601.499209119464,1000000.0,1000000.0,2.9269721768865664,0.0,0.0,598.5722369425774,204502195.70562553,204502195.70562553
2014,일시매수,87,2021-03-31,309.3534240722656,1126.72,0.75,전액매수,0.0,0.0,0.0,598.5722369425774,1000000.0,1000000.0,2.8689902295793304,0.0,0.0,595.7032467129981,207635160.47259033,207635160.47259033
2014,일시매수,88,2021-04-30,327.6355895996094,1115.58,0.74,전액매수,0.0,0.0,0.0,595.7032467129981,1000000.0,1000000.0,2.7359503331429273,0.0,0.0,592.9672963798552,216731747.35547304,216731747.35547304
2014,일시매수,89,2021-05-31,323.6999206542969,1114.48,0.68,전액매수,0.0,0.0,0.0,592.9672963798552,1000000.0,1000000.0,2.7719483121831776,0.0,0.0,590.195348067672,212917154.8667284,212917154.8667284
2014,일시매수,90,2021-06-30,343.970458984375,1130.42,0.66,전액매수,0.0,0.0,0.0,590.195348067672,1000000.0,1000000.0,2.5718108334826013,0.0,0.0,587.6235372341894,228486298.28596795,228486298.28596795
2014,일시매수,91,2021-07-31,353.8113098144531,1151.86,0.69,전액매수,0.0,0.0,0.0,587.6235372341894,1000000.0,1000000.0,2.4537402766897563,0.0,0.0,585.1697969574997,238480740.00192434,238480740.00192434
2014,일시매수,92,2021-08-31,368.7373352050781,1158.32,0.77,전액매수,0.0,0.0,0.0,585.1697969574997,1000000.0,1000000.0,2.341285266180246,0.0,0.0,582.8285116913195,248935283.5855799,248935283.5855799
2014,일시매수,93,2021-09-30,347.7815246582031,1183.7,0.98,전액매수,0.0,0.0,0.0,582.8285116913195,1000000.0,1000000.0,2.4291360838413016,0.0,0.0,580.3993756074782,238932425.18124664,238932425.18124664
2014,일시매수,94,2021-10-31,375.1310729980469,1174.94,1.08,전액매수,0.0,0.0,0.0,580.3993756074782,1000000.0,1000000.0,2.268826423209901,0.0,0.0,578.1305491842683,254814799.08292758,254814799.08292758
2014,일시매수,95,2021-11-30,382.6218566894531,1187.45,1.17,전액매수,0.0,0.0,0.0,578.1305491842683,1000000.0,1000000.0,2.200973904107376,0.0,0.0,575.9295752801609,261670333.39440438,261670333.39440438
2014,일시매수,96,2021-12-31,387.0309143066406,1188.59,1.27,전액매수,0.0,0.0,0.0,575.9295752801609,1000000.0,1000000.0,2.173813452408931,0.0,0.0,573.7557618277519,263939742.01969323,263939742.01969323
2014,일시매수,97,2022-01-31,353.17724609375,1206.78,1.39,전액매수,0.0,0.0,0.0,573.7557618277519,1000000.0,1000000.0,2.3462764427525804,0.0,0.0,571.4094853849994,243538857.98496917,243538857.98496917
2014,일시매수,98,2022-02-28,337.3691711425781,1202.28,1.5,전액매수,0.0,0.0,0.0,571.4094853849994,1000000.0,1000000.0,2.4654090348902273,0.0,0.0,568.9440763501092,230770662.51419878,230770662.51419878
2014,일시매수,99,2022-03-31,353.1171875,1211.55,1.5,전액매수,0.0,0.0,0.0,568.9440763501092,1000000.0,1000000.0,2.3374363915648937,0.0,0.0,566.6066399585443,242405158.91823092,242405158.91823092
2014,일시매수,100,2022-04-30,305.1082763671875,1255.87,1.64,전액매수,0.0,0.0,0.0,566.6066399585443,1000000.0,1000000.0,2.609764536558292,0.0,0.0,563.996875421986,216110253.44293106,216110253.44293106
2014,일시매수,101,2022-05-31,300.26739501953125,1236.93,1.77,전액매수,0.0,0.0,0.0,563.996875421986,1000000.0,1000000.0,2.6924441345542958,0.0,0.0,561.3044312874317,208473937.89299533,208473937.89299533
2014,일시매수,102,2022-06-30,273.51995849609375,1298.95,1.99,전액매수,0.0,0.0,0.0,561.3044312874317,1000000.0,1000000.0,2.8146120578006033,0.0,0.0,558.4898192296312,198425149.81124854,198425149.81124854
2014,일시매수,103,2022-07-31,307.8514709472656,1299.08,2.41,전액매수,0.0,0.0,0.0,558.4898192296312,1000000.0,1000000.0,2.5004770355192028,0.0,0.0,555.9893421941119,222353308.70721853,222353308.70721853
2014,일시매수,104,2022-08-31,292.05194091796875,1338.66,2.79,전액매수,0.0,0.0,0.0,555.9893421941119,1000000.0,1000000.0,2.557817866372707,0.0,0.0,553.4315243277392,216368620.92631,216368620.92631
2014,일시매수,105,2022-09-30,261.2827453613281,1431.67,3.01,전액매수,0.0,0.0,0.0,553.4315243277392,1000000.0,1000000.0,2.6732916676119927,0.0,0.0,550.7582326601272,206022500.0260112,206022500.0260112
2014,일시매수,106,2022-10-31,271.7336730957031,1424.6,3.69,전액매수,0.0,0.0,0.0,550.7582326601272,1000000.0,1000000.0,2.583233122948915,0.0,0.0,548.1749995371782,212205005.68349934,212205005.68349934
2014,일시매수,107,2022-11-30,286.7989501953125,1316.84,3.99,전액매수,0.0,0.0,0.0,548.1749995371782,1000000.0,1000000.0,2.647825940620462,0.0,0.0,545.5271735965578,206028336.39008957,206028336.39008957
2014,일시매수,108,2022-12-31,260.9478454589844,1260.18,4.02,전액매수,0.0,0.0,0.0,545.5271735965578,1000000.0,1000000.0,3.040980966004395,0.0,0.0,542.4861926305533,178391840.88788846,178391840.88788846
2014,일시매수,109,2023-01-31,288.7203369140625,1231.95,3.8,전액매수,0.0,0.0,0.0,542.4861926305533,1000000.0,1000000.0,2.8114446789478102,0.0,0.0,539.6747479516055,191956381.71104974,191956381.71104974
2014,일시매수,110,2023-02-28,287.6816101074219,1323.45,3.52,전액매수,0.0,0.0,0.0,539.6747479516055,1000000.0,1000000.0,2.626517876227495,0.0,0.0,537.048230075378,204471568.5875125,204471568.5875125
2014,일시매수,111,2023-03-31,314.9904479980469,1303.8,3.61,전액매수,0.0,0.0,0.0,537.048230075378,1000000.0,1000000.0,2.4349589228440576,0.0,0.0,534.6132711525339,219557408.6022363,219557408.6022363
2014,일시매수,112,2023-04-30,316.59027099609375,1338.41,3.5,전액매수,0.0,0.0,0.0,534.6132711525339,1000000.0,1000000.0,2.360006844810072,0.0,0.0,532.2532643077238,225530390.08264336,225530390.08264336
2014,일시매수,113,2023-05-31,341.549560546875,1324.55,3.64,전액매수,0.0,0.0,0.0,532.2532643077238,1000000.0,1000000.0,2.210435832443378,0.0,0.0,530.0428284752804,239791094.90338838,239791094.90338838
2014,일시매수,114,2023-06-30,363.08038330078125,1317.8,3.75,전액매수,0.0,0.0,0.0,530.0428284752804,1000000.0,1000000.0,2.090006859720658,0.0,0.0,527.9528216155597,252608176.45647526,252608176.45647526
2014,일시매수,115,2023-07-31,377.0956115722656,1273.85,3.75,전액매수,0.0,0.0,0.0,527.9528216155597,1000000.0,1000000.0,2.081757942187233,0.0,0.0,525.8710636733725,252609130.4932683,252609130.4932683
2014,일시매수,116,2023-08-31,371.50323486328125,1322.43,3.7,전액매수,0.0,0.0,0.0,525.8710636733725,1000000.0,1000000.0,2.0354700072013694,0.0,0.0,523.8355936661711,257353629.29096106,257353629.29096106
2014,일시매수,117,2023-09-30,352.63140869140625,1347.86,3.76,전액매수,0.0,0.0,0.0,523.8355936661711,1000000.0,1000000.0,2.103944226181571,0.0,0.0,521.7316494399895,247977889.7879225,247977889.7879225
2014,일시매수,118,2023-10-31,345.3478088378906,1351.03,3.82,전액매수,0.0,0.0,0.0,521.7316494399895,1000000.0,1000000.0,2.1432769947109764,0.0,0.0,519.5883724452785,242427074.86129,242427074.86129
2014,일시매수,119,2023-11-30,382.7104797363281,1289.95,3.83,전액매수,0.0,0.0,0.0,519.5883724452785,1000000.0,1000000.0,2.025614366294848,0.0,0.0,517.5627580789837,255509028.12053195,255509028.12053195
2014,일시매수,120,2023-12-31,404.09228515625,1290.97,3.83,전액매수,0.0,0.0,0.0,517.5627580789837,1000000.0,1000000.0,1.9169169202556255,0.0,0.0,515.6458411587281,268997490.5589364,268997490.5589364
2014,분할매수,0,2013-12-31,79.58113098144531,1055.25,2.65,분할매수,100000000.0,0.0,100000000.0,0.0,0.0,0.0,0.0,8333333.333333333,91666666.66666667,99.23235225492311,8333333.333333333,100000000.0
2014,분할매수,1,2014-01-31,78.05211639404297,1080.36,2.65,분할매수,91666666.66666667,202430.55555555556,91869097.22222222,99.23235225492311,1000000.0,1000000.0,0.0,8333333.333333333,82535763.8888889,198.05706809436424,16701040.356488708,99236804.2453776
2014,분할매수,2,2014-02-28,82.07371520996094,1066.01,2.65,분할매수,82535763.8888889,182266.47858796298,82718030.36747687,198.05706809436424,1000000.0,1000000.0,0.0,8333333.333333333,73384697.03414354,293.3045235437721,25661623.728762425,99046320.76290596
2014,분할매수,3,2014-03-31,79.83013153076172,1064.65,2.65,분할매수,73384697.03414354,162057.87261706698,73546754.9067606,293.3045235437721,1000000.0,1000000.0,0.0,8333333.333333333,64213421.57342727,391.35394844274407,33261621.95290683,97475043.52633409
2014,분할매수,4,2014-04-30,79.5751953125,1032.85,2.65,분할매수,64213421.57342727,141804.63930798523,64355226.21273525,391.35394844274407,1000000.0,1000000.0,0.0,8333333.333333333,55021892.879401915,492.74597110672863,40498417.114110634,95520309.99351254
2014,분할매수,5,2014-05-31,83.1446304321289,1020.3,2.65,분할매수,55021892.879401915,121506.68010867924,55143399.559510596,492.74597110672863,1000000.0,1000000.0,0.0,8333333.333333333,45810066.22617726,590.9788020502842,50134189.38571391,95944255.61189118
2014,분할매수,6,2014-06-30,85.74197387695312,1011.6,2.65,분할매수,45810066.22617726,101163.89624947478,45911230.12242673,590.9788020502842,1000000.0,1000000.0,0.0,8333333.333333333,36577896.7890934,687.055143300739,59592813.93304571,96170710.7221391
2014,분할매수,7,2014-07-31,86.75536346435547,1027.75,2.65,분할매수,36577896.7890934,80776.18874258126,36658672.977835976,687.055143300739,1000000.0,1000000.0,0.0,8333333.333333333,27325339.644502643,780.5171141611263,69593110.7037336,96918450.34823623
2014,분할매수,8,2014-08-31,91.10137939453125,1013.85,2.52,분할매수,27325339.644502643,60343.458381610006,27385683.102884255,780.5171141611263,1000000.0,1000000.0,0.0,8333333.333333333,18052349.769550923,870.7407024872026,80424339.74696524,98476689.51651616
2014,분할매수,9,2014-09-30,90.41202545166016,1054.55,2.35,분할매수,18052349.769550923,37909.934516056936,18090259.70406698,870.7407024872026,1000000.0,1000000.0,0.0,8333333.333333333,8756926.370733649,958.1435092445138,91353236.12518176,100110162.49591541
2014,분할매수,10,2014-10-31,92.80072021484375,1073.07,2.21,분할매수,8756926.370733649,17148.980809353394,8774075.351543002,958.1435092445138,1000000.0,1000000.0,0.0,7774075.351543002,0.0,1036.210842741005,103187604.99122858,103187604.99122858
2014,분할매수,11,2014-11-30,97.01976013183594,1112.06,2.14,분할매수,0.0,0.0,0.0,1036.210842741005,1000000.0,1000000.0,9.26854544478773,0.0,0.0,1026.9422972962172,110798647.25416325,110798647.25416325
2014,분할매수,12,2014-12-31,94.84591674804688,1090.89,2.13,분할매수,0.0,0.0,0.0,1026.9422972962172,1000000.0,1000000.0,9.664967560482188,0.0,0.0,1017.2773297357351,105254086.30393611,105254086.30393611
2014,분할매수,13,2015-01-31,92.87090301513672,1104.3,2.13,분할매수,0.0,0.0,0.0,1017.2773297357351,1000000.0,1000000.0,9.750643079811809,0.0,0.0,1007.5266866559233,103329255.14850953,103329255.14850953
2014,분할매수,14,2015-02-28,99.57671356201172,1100.65,2.12,분할매수,0.0,0.0,0.0,1007.5266866559233,1000000.0,1000000.0,9.124161701575952,0.0,0.0,998.4025249543473,109424027.93912567,109424027.93912567
2014,분할매수,15,2015-03-31,97.22772979736328,1107.71,1.95,분할매수,0.0,0.0,0.0,998.4025249543473,1000000.0,1000000.0,9.28503998316416,0.0,0.0,989.1174849711831,106528080.306027,106528080.306027
2014,분할매수,16,2015-04-30,99.09678649902344,1076.74,1.81,분할매수,0.0,0.0,0.0,989.1174849711831,1000000.0,1000000.0,9.37194176890605,0.0,0.0,979.7455432022771,104540293.5016997,104540293.5016997
2014,분할매수,17,2015-05-31,101.32492065429688,1111.99,1.8,분할매수,0.0,0.0,0.0,979.7455432022771,1000000.0,1000000.0,8.875295996885576,0.0,0.0,970.8702472053915,109390182.31573108,109390182.31573108
2014,분할매수,18,2015-06-30,98.80795288085938,1117.34,1.7,분할매수,0.0,0.0,0.0,970.8702472053915,1000000.0,1000000.0,9.057800518471668,0.0,0.0,961.8124466869198,106186092.8296539,106186092.8296539
2014,분할매수,19,2015-07-31,103.31137084960938,1159.7,1.65,분할매수,0.0,0.0,0.0,961.8124466869198,1000000.0,1000000.0,8.34653499387769,0.0,0.0,953.4659116930421,114234938.4975231,114234938.4975231
2014,분할매수,20,2015-08-31,96.26093292236328,1182.54,1.64,분할매수,0.0,0.0,0.0,953.4659116930421,1000000.0,1000000.0,8.784844808827106,0.0,0.0,944.681066884215,107535316.49585766,107535316.49585766
2014,분할매수,21,2015-09-30,94.13616943359375,1184.62,1.6,분할매수,0.0,0.0,0.0,944.681066884215,1000000.0,1000000.0,8.96735612176437,0.0,0.0,935.7137107624507,104346665.62326115,104346665.62326115
2014,분할매수,22,2015-10-31,104.83930969238281,1140.5,1.58,분할매수,0.0,0.0,0.0,935.7137107624507,1000000.0,1000000.0,8.363355500274835,0.0,0.0,927.3503552621759,110882570.42663096,110882570.42663096
2014,분할매수,23,2015-11-30,105.47760772705078,1149.39,1.59,분할매수,0.0,0.0,0.0,927.3503552621759,1000000.0,1000000.0,8.248449396685212,0.0,0.0,919.1019058654906,111427234.58239901,111427234.58239901
2014,분할매수,24,2015-12-31,103.79549407958984,1169.26,1.67,분할매수,0.0,0.0,0.0,919.1019058654906,1000000.0,1000000.0,8.23968115797513,0.0,0.0,910.8622247075155,110545809.63074017,110545809.63074017
2014,분할매수,25,2016-01-31,96.6227798461914,1210.04,1.67,분할매수,0.0,0.0,0.0,910.8622247075155,1000000.0,1000000.0,8.55304476513904,0.0,0.0,902.3091799423764,105495669.05344126,105495669.05344126
2014,분할매수,26,2016-02-29,95.11029052734375,1238.09,1.64,분할매수,0.0,0.0,0.0,902.3091799423764,1000000.0,1000000.0,8.492201215959062,0.0,0.0,893.8169787264173,105251507.35320565,105251507.35320565
2014,분할매수,27,2016-03-31,101.62784576416016,1138.86,1.63,분할매수,0.0,0.0,0.0,893.8169787264173,1000000.0,1000000.0,8.64006362535049,0.0,0.0,885.1769151010668,102450277.39192824,102450277.39192824
2014,분할매수,28,2016-04-30,98.38916778564453,1144.09,1.61,분할매수,0.0,0.0,0.0,885.1769151010668,1000000.0,1000000.0,8.883672161918165,0.0,0.0,876.2932429391486,98640880.36651942,98640880.36651942
2014,분할매수,29,2016-05-31,102.68879699707031,1188.99,1.58,분할매수,0.0,0.0,0.0,876.2932429391486,1000000.0,1000000.0,8.190279673862781,0.0,0.0,868.1029632652859,105991858.37763493,105991858.37763493
2014,분할매수,30,2016-06-30,100.34950256347656,1154.15,1.43,분할매수,0.0,0.0,0.0,868.1029632652859,1000000.0,1000000.0,8.634208266045675,0.0,0.0,859.4687549992402,99542277.47541496,99542277.47541496
2014,분할매수,31,2016-07-31,107.52534484863281,1112.89,1.36,분할매수,0.0,0.0,0.0,859.4687549992402,1000000.0,1000000.0,8.356740491820076,0.0,0.0,851.1120145074201,101847366.84602372,101847366.84602372
2014,분할매수,32,2016-08-31,108.6544189453125,1115.98,1.35,분할매수,0.0,0.0,0.0,851.1120145074201,1000000.0,1000000.0,8.247003803724308,0.0,0.0,842.8650107036958,102202573.29371691,102202573.29371691
2014,분할매수,33,2016-09-30,111.05952453613281,1097.98,1.34,분할매수,0.0,0.0,0.0,842.8650107036958,1000000.0,1000000.0,8.200678020975545,0.0,0.0,834.6643326827202,101779917.5321639,101779917.5321639
2014,분할매수,34,2016-10-31,109.44116973876953,1145.37,1.35,분할매수,0.0,0.0,0.0,834.6643326827202,1000000.0,1000000.0,7.977622285490401,0.0,0.0,826.6867103972298,103625702.09682617,103625702.09682617
2014,분할매수,35,2016-11-30,109.91825103759766,1175.87,1.42,분할매수,0.0,0.0,0.0,826.6867103972298,1000000.0,1000000.0,7.7369694168529275,0.0,0.0,818.9497409803769,105848905.02429968,105848905.02429968
2014,분할매수,36,2016-12-31,111.16278076171875,1203.73,1.54,분할매수,0.0,0.0,0.0,818.9497409803769,1000000.0,1000000.0,7.473284460506867,0.0,0.0,811.47645651987,108583643.61856936,108583643.61856936
2014,분할매수,37,2017-01-31,116.8766860961914,1151.45,1.5,분할매수,0.0,0.0,0.0,811.47645651987,1000000.0,1000000.0,7.430653783646564,0.0,0.0,804.0458027362234,108206602.83026147,108206602.83026147
2014,분할매수,38,2017-02-28,121.99009704589844,1129.17,1.49,분할매수,0.0,0.0,0.0,804.0458027362234,1000000.0,1000000.0,7.259656834436199,0.0,0.0,796.7861459017872,109755345.75163805,109755345.75163805
2014,분할매수,39,2017-03-31,124.46270751953125,1117.48,1.48,분할매수,0.0,0.0,0.0,796.7861459017872,1000000.0,1000000.0,7.189869315437843,0.0,0.0,789.5962765863494,109820671.55114421,109820671.55114421
2014,분할매수,40,2017-04-30,127.85678100585938,1136.99,1.43,분할매수,0.0,0.0,0.0,789.5962765863494,1000000.0,1000000.0,6.878909388273054,0.0,0.0,782.7173671980763,113785096.30210103,113785096.30210103
2014,분할매수,41,2017-05-31,132.83978271484375,1119.58,1.39,분할매수,0.0,0.0,0.0,782.7173671980763,1000000.0,1000000.0,6.723829801861346,0.0,0.0,775.993537396215,115409455.66192026,115409455.66192026
2014,분할매수,42,2017-06-30,129.76060485839844,1143.75,1.38,분할매수,0.0,0.0,0.0,775.993537396215,1000000.0,1000000.0,6.737922814438256,0.0,0.0,769.2556145817767,114168065.70318513,114168065.70318513
2014,분할매수,43,2017-07-31,135.0306396484375,1121.86,1.39,분할매수,0.0,0.0,0.0,769.2556145817767,1000000.0,1000000.0,6.60129303214384,0.0,0.0,762.6543215496329,115531050.93744834,115531050.93744834
2014,분할매수,44,2017-08-31,137.83059692382812,1122.36,1.39,분할매수,0.0,0.0,0.0,762.6543215496329,1000000.0,1000000.0,6.464310111012158,0.0,0.0,756.1900114386207,116979228.7889201,116979228.7889201
2014,분할매수,45,2017-09-30,137.42367553710938,1142.57,1.38,분할매수,0.0,0.0,0.0,756.1900114386207,1000000.0,1000000.0,6.368770851011641,0.0,0.0,749.821240587609,117734058.60072741,117734058.60072741
2014,분할매수,46,2017-10-31,143.75392150878906,1115.68,1.38,분할매수,0.0,0.0,0.0,749.821240587609,1000000.0,1000000.0,6.235060205407442,0.0,0.0,743.5861803822016,119258861.32379544,119258861.32379544
2014,분할매수,47,2017-11-30,146.5884246826172,1084.79,1.45,분할매수,0.0,0.0,0.0,743.5861803822016,1000000.0,1000000.0,6.2886098156397425,0.0,0.0,737.297570566562,117243332.33919306,117243332.33919306
2014,분할매수,48,2017-12-31,147.4724884033203,1067.42,1.66,분할매수,0.0,0.0,0.0,737.297570566562,1000000.0,1000000.0,6.352631382658852,0.0,0.0,730.9449391839031,115061758.68777876,115061758.68777876
2014,분할매수,49,2018-01-31,160.3867645263672,1068.33,1.66,분할매수,0.0,0.0,0.0,730.9449391839031,1000000.0,1000000.0,5.836144677053632,0.0,0.0,725.1087945068494,124244485.80889525,124244485.80889525
2014,분할매수,50,2018-02-28,158.31326293945312,1082.12,1.65,분할매수,0.0,0.0,0.0,725.1087945068494,1000000.0,1000000.0,5.837236320435129,0.0,0.0,719.2715581864143,123221250.38322882,123221250.38322882
2014,분할매수,51,2018-03-31,151.85598754882812,1060.99,1.65,분할매수,0.0,0.0,0.0,719.2715581864143,1000000.0,1000000.0,6.206643328959487,0.0,0.0,713.0649148574548,114887367.78708963,114887367.78708963
2014,분할매수,52,2018-04-30,152.62411499023438,1069.07,1.65,분할매수,0.0,0.0,0.0,713.0649148574548,1000000.0,1000000.0,6.12873295913748,0.0,0.0,706.9361818983174,115347851.93150382,115347851.93150382
2014,분할매수,53,2018-05-31,161.2823486328125,1080.75,1.65,분할매수,0.0,0.0,0.0,706.9361818983174,1000000.0,1000000.0,5.737040512337957,0.0,0.0,701.1991413859794,122223146.21589223,122223146.21589223
2014,분할매수,54,2018-06-30,163.1290740966797,1111.79,1.65,분할매수,0.0,0.0,0.0,701.1991413859794,1000000.0,1000000.0,5.513734696064479,0.0,0.0,695.6854066899149,126173173.90814468,126173173.90814468
2014,분할매수,55,2018-07-31,167.6908416748047,1112.75,1.65,분할매수,0.0,0.0,0.0,695.6854066899149,1000000.0,1000000.0,5.359114703004297,0.0,0.0,690.3262919869106,128813494.43778777,128813494.43778777
2014,분할매수,56,2018-08-31,177.38449096679688,1116.5,1.65,분할매수,0.0,0.0,0.0,690.3262919869106,1000000.0,1000000.0,5.049235495100367,0.0,0.0,685.2770564918103,135718973.13103804,135718973.13103804
2014,분할매수,57,2018-09-30,176.8849639892578,1109.76,1.65,분할매수,0.0,0.0,0.0,685.2770564918103,1000000.0,1000000.0,5.094247199356835,0.0,0.0,680.1828092924535,133519788.63105203,133519788.63105203
2014,분할매수,58,2018-10-31,161.68032836914062,1140.78,1.68,분할매수,0.0,0.0,0.0,680.1828092924535,1000000.0,1000000.0,5.42176786129744,0.0,0.0,674.7610414311561,124454063.45185803,124454063.45185803
2014,분할매수,59,2018-11-30,161.25193786621094,1118.61,1.71,분할매수,0.0,0.0,0.0,674.7610414311561,1000000.0,1000000.0,5.543912408842806,0.0,0.0,669.2171290223132,120712067.52020106,120712067.52020106
2014,분할매수,60,2018-12-31,147.2863311767578,1112.85,1.91,분할매수,0.0,0.0,0.0,669.2171290223132,1000000.0,1000000.0,6.100998603731652,0.0,0.0,663.1161304185815,108689769.24744567,108689769.24744567
2014,분할매수,61,2019-01-31,160.55799865722656,1111.82,1.87,분할매수,0.0,0.0,0.0,663.1161304185815,1000000.0,1000000.0,5.601877039001956,0.0,0.0,657.5142533795796,117373917.49261314,117373917.49261314
2014,분할매수,62,2019-02-28,165.36058044433594,1124.65,1.87,분할매수,0.0,0.0,0.0,657.5142533795796,1000000.0,1000000.0,5.377131089960818,0.0,0.0,652.1371222896188,121279751.48442414,121279751.48442414
2014,분할매수,63,2019-03-31,171.85031127929688,1136.3,1.9,분할매수,0.0,0.0,0.0,652.1371222896188,1000000.0,1000000.0,5.121022337454769,0.0,0.0,647.016099952164,126345104.02736135,126345104.02736135
2014,분할매수,64,2019-04-30,181.30081176757812,1165.1,1.86,분할매수,0.0,0.0,0.0,647.016099952164,1000000.0,1000000.0,4.734095875895419,0.0,0.0,642.2820040762687,135671524.38685787,135671524.38685787
2014,분할매수,65,2019-05-31,166.3885498046875,1190.5,1.84,분할매수,0.0,0.0,0.0,642.2820040762687,1000000.0,1000000.0,5.048323345097929,0.0,0.0,637.2336807311707,126226795.94205143,126226795.94205143
2014,분할매수,66,2019-06-30,179.0174560546875,1154.58,1.8,분할매수,0.0,0.0,0.0,637.2336807311707,1000000.0,1000000.0,4.838164032129153,0.0,0.0,632.3955166990415,130709813.16454878,130709813.16454878
2014,분할매수,67,2019-07-31,183.1971893310547,1182.74,1.68,분할매수,0.0,0.0,0.0,632.3955166990415,1000000.0,1000000.0,4.615214696469642,0.0,0.0,627.780302002572,136024073.2641941,136024073.2641941
2014,분할매수,68,2019-08-31,179.71731567382812,1211.32,1.49,분할매수,0.0,0.0,0.0,627.780302002572,1000000.0,1000000.0,4.5935789915566225,0.0,0.0,623.1867230110154,135664745.10539255,135664745.10539255
2014,분할매수,69,2019-09-30,181.3668670654297,1195.85,1.54,분할매수,0.0,0.0,0.0,623.1867230110154,1000000.0,1000000.0,4.610683817946259,0.0,0.0,618.5760391930692,134161452.75140598,134161452.75140598
2014,분할매수,70,2019-10-31,189.31082153320312,1169.1,1.46,분할매수,0.0,0.0,0.0,618.5760391930692,1000000.0,1000000.0,4.5182774872499225,0.0,0.0,614.0577617058192,135905278.82331753,135905278.82331753
2014,분할매수,71,2019-11-30,197.0147247314453,1181.33,1.52,분할매수,0.0,0.0,0.0,614.0577617058192,1000000.0,1000000.0,4.2966510161918094,0.0,0.0,609.7611106896273,141915437.95196763,141915437.95196763
2014,분할매수,72,2019-12-31,204.67141723632812,1155.46,1.53,분할매수,0.0,0.0,0.0,609.7611106896273,1000000.0,1000000.0,4.228515117742067,0.0,0.0,605.5325955718853,143202182.96753454,143202182.96753454
2014,분할매수,73,2020-01-31,210.8901824951172,1191.3,1.47,분할매수,0.0,0.0,0.0,605.5325955718853,1000000.0,1000000.0,3.9803613048086475,0.0,0.0,601.5522342670766,151130057.85187024,151130057.85187024
2014,분할매수,74,2020-02-29,198.11570739746094,1214.92,1.42,분할매수,0.0,0.0,0.0,601.5522342670766,1000000.0,1000000.0,4.154640104773938,0.0,0.0,597.3975941623027,143790455.75472495,143790455.75472495
2014,분할매수,75,2020-03-31,183.68133544921875,1218.92,1.23,분할매수,0.0,0.0,0.0,597.3975941623027,1000000.0,1000000.0,4.466422151437308,0.0,0.0,592.9311720108653,132753051.97473516,132753051.97473516
2014,분할매수,76,2020-04-30,211.18528747558594,1203.95,1.1,분할매수,0.0,0.0,0.0,592.9311720108653,1000000.0,1000000.0,3.933035711470431,0.0,0.0,588.9981362993949,149756620.46027753,149756620.46027753
2014,분할매수,77,2020-05-31,225.1253662109375,1236.61,1.02,분할매수,0.0,0.0,0.0,588.9981362993949,1000000.0,1000000.0,3.5920536417049425,0.0,0.0,585.4060826576899,162972533.5559942,162972533.5559942
2014,분할매수,78,2020-06-30,239.27830505371094,1200.5,0.79,분할매수,0.0,0.0,0.0,585.4060826576899,1000000.0,1000000.0,3.481244384190199,0.0,0.0,581.9248382734997,167160007.75937083,167160007.75937083
2014,분할매수,79,2020-07-31,256.8569030761719,1192.68,0.79,분할매수,0.0,0.0,0.0,581.9248382734997,1000000.0,1000000.0,3.264260587394414,0.0,0.0,578.6605776861053,177271563.40419552,177271563.40419552
2014,분할매수,80,2020-08-31,284.9691467285156,1187.48,0.68,분할매수,0.0,0.0,0.0,578.6605776861053,1000000.0,1000000.0,2.955124987704449,0.0,0.0,575.7054526984008,194815940.13578784,194815940.13578784
2014,분할매수,81,2020-09-30,268.5018615722656,1165.97,0.63,분할매수,0.0,0.0,0.0,575.7054526984008,1000000.0,1000000.0,3.194223662650429,0.0,0.0,572.5112290357504,179233294.0645444,179233294.0645444
2014,분할매수,82,2020-10-31,260.32635498046875,1133.99,0.63,분할매수,0.0,0.0,0.0,572.5112290357504,1000000.0,1000000.0,3.3874480039414943,0.0,0.0,569.1237810318089,168009599.07564634,168009599.07564634
2014,분할매수,83,2020-11-30,289.54986572265625,1105.79,0.66,분할매수,0.0,0.0,0.0,569.1237810318089,1000000.0,1000000.0,3.123230045842461,0.0,0.0,566.0005509859665,181222818.2613085,181222818.2613085
2014,분할매수,84,2020-12-31,303.7449035644531,1086.11,0.66,분할매수,0.0,0.0,0.0,566.0005509859665,1000000.0,1000000.0,3.0312181163778047,0.0,0.0,562.9693328695887,185723795.27155787,185723795.27155787
2014,분할매수,85,2021-01-31,304.5386962890625,1118.35,0.68,분할매수,0.0,0.0,0.0,562.9693328695887,1000000.0,1000000.0,2.936160377422551,0.0,0.0,560.0331724921662,190736574.47274044,190736574.47274044
2014,분할매수,86,2021-02-28,304.1322326660156,1123.36,0.73,분할매수,0.0,0.0,0.0,560.0331724921662,1000000.0,1000000.0,2.9269721768865664,0.0,0.0,557.1062003152796,190335324.9185566,190335324.9185566
2014,분할매수,87,2021-03-31,309.3534240722656,1126.72,0.75,분할매수,0.0,0.0,0.0,557.1062003152796,1000000.0,1000000.0,2.8689902295793304,0.0,0.0,554.2372100857002,193181978.9316487,193181978.9316487
2014,분할매수,88,2021-04-30,327.6355895996094,1115.58,0.74,분할매수,0.0,0.0,0.0,554.2372100857002,1000000.0,1000000.0,2.7359503331429273,0.0,0.0,551.5012597525573,201575757.0858457,201575757.0858457
2014,분할매수,89,2021-05-31,323.6999206542969,1114.48,0.68,분할매수,0.0,0.0,0.0,551.5012597525573,1000000.0,1000000.0,2.7719483121831776,0.0,0.0,548.7293114403741,197957988.25996026,197957988.25996026
2014,분할매수,90,2021-06-30,343.970458984375,1130.42,0.66,분할매수,0.0,0.0,0.0,548.7293114403741,1000000.0,1000000.0,2.5718108334826013,0.0,0.0,546.1575006068915,212363014.22189587,212363014.22189587
2014,분할매수,91,2021-07-31,353.8113098144531,1151.86,0.69,분할매수,0.0,0.0,0.0,546.1575006068915,1000000.0,1000000.0,2.4537402766897563,0.0,0.0,543.7037603302018,221581626.01613688,221581626.01613688
2014,분할매수,92,2021-08-31,368.7373352050781,1158.32,0.77,분할매수,0.0,0.0,0.0,543.7037603302018,1000000.0,1000000.0,2.341285266180246,0.0,0.0,541.3624750640216,231224482.9299431,231224482.9299431
2014,분할매수,93,2021-09-30,347.7815246582031,1183.7,0.98,분할매수,0.0,0.0,0.0,541.3624750640216,1000000.0,1000000.0,2.4291360838413016,0.0,0.0,538.9333389801803,221862143.7329855,221862143.7329855
2014,분할매수,94,2021-10-31,375.1310729980469,1174.94,1.08,분할매수,0.0,0.0,0.0,538.9333389801803,1000000.0,1000000.0,2.268826423209901,0.0,0.0,536.6645125569704,236538373.78961128,236538373.78961128
2014,분할매수,95,2021-11-30,382.6218566894531,1187.45,1.17,분할매수,0.0,0.0,0.0,536.6645125569704,1000000.0,1000000.0,2.200973904107376,0.0,0.0,534.463538652863,242830475.02538174,242830475.02538174
2014,분할매수,96,2021-12-31,387.0309143066406,1188.59,1.27,분할매수,0.0,0.0,0.0,534.463538652863,1000000.0,1000000.0,2.173813452408931,0.0,0.0,532.2897252004541,244864491.2978123,244864491.2978123
2014,분할매수,97,2022-01-31,353.17724609375,1206.78,1.39,분할매수,0.0,0.0,0.0,532.2897252004541,1000000.0,1000000.0,2.3462764427525804,0.0,0.0,529.9434487577015,225865733.08300698,225865733.08300698
2014,분할매수,98,2022-02-28,337.3691711425781,1202.28,1.5,분할매수,0.0,0.0,0.0,529.9434487577015,1000000.0,1000000.0,2.4654090348902273,0.0,0.0,527.4780397228113,213951531.87888652,213951531.87888652
2014,분할매수,99,2022-03-31,353.1171875,1211.55,1.5,분할매수,0.0,0.0,0.0,527.4780397228113,1000000.0,1000000.0,2.3374363915648937,0.0,0.0,525.1406033312464,224665195.26534337,224665195.26534337
2014,분할매수,100,2022-04-30,305.1082763671875,1255.87,1.64,분할매수,0.0,0.0,0.0,525.1406033312464,1000000.0,1000000.0,2.609764536558292,0.0,0.0,522.5308387946882,200221449.66526058,200221449.66526058
2014,분할매수,101,2022-05-31,300.26739501953125,1236.93,1.77,분할매수,0.0,0.0,0.0,522.5308387946882,1000000.0,1000000.0,2.6924441345542958,0.0,0.0,519.8383946601339,193073047.64048052,193073047.64048052
2014,분할매수,102,2022-06-30,273.51995849609375,1298.95,1.99,분할매수,0.0,0.0,0.0,519.8383946601339,1000000.0,1000000.0,2.8146120578006033,0.0,0.0,517.0237826023333,183692733.48681185,183692733.48681185
2014,분할매수,103,2022-07-31,307.8514709472656,1299.08,2.41,분할매수,0.0,0.0,0.0,517.0237826023333,1000000.0,1000000.0,2.5004770355192028,0.0,0.0,514.5233055668141,205770058.3760721,205770058.3760721
2014,분할매수,104,2022-08-31,292.05194091796875,1338.66,2.79,분할매수,0.0,0.0,0.0,514.5233055668141,1000000.0,1000000.0,2.557817866372707,0.0,0.0,511.9654877004414,200157131.76109368,200157131.76109368
2014,분할매수,105,2022-09-30,261.2827453613281,1431.67,3.01,분할매수,0.0,0.0,0.0,511.9654877004414,1000000.0,1000000.0,2.6732916676119927,0.0,0.0,509.2921960328294,190511272.00339186,190511272.00339186
2014,분할매수,106,2022-10-31,271.7336730957031,1424.6,3.69,분할매수,0.0,0.0,0.0,509.2921960328294,1000000.0,1000000.0,2.583233122948915,0.0,0.0,506.7089629098805,196153013.99180028,196153013.99180028
2014,분할매수,107,2022-11-30,286.7989501953125,1316.84,3.99,분할매수,0.0,0.0,0.0,506.7089629098805,1000000.0,1000000.0,2.647825940620462,0.0,0.0,504.06113696926,190367927.60295415,190367927.60295415
2014,분할매수,108,2022-12-31,260.9478454589844,1260.18,4.02,분할매수,0.0,0.0,0.0,504.06113696926,1000000.0,1000000.0,3.040980966004395,0.0,0.0,501.02015600325564,164756097.32656628,164756097.32656628
2014,분할매수,109,2023-01-31,288.7203369140625,1231.95,3.8,분할매수,0.0,0.0,0.0,501.02015600325564,1000000.0,1000000.0,2.8114446789478102,0.0,0.0,498.20871132430784,177207367.81872714,177207367.81872714
2014,분할매수,110,2023-02-28,287.6816101074219,1323.45,3.52,분할매수,0.0,0.0,0.0,498.20871132430784,1000000.0,1000000.0,2.626517876227495,0.0,0.0,495.5821934480804,188684112.1218227,188684112.1218227
2014,분할매수,111,2023-03-31,314.9904479980469,1303.8,3.61,분할매수,0.0,0.0,0.0,495.5821934480804,1000000.0,1000000.0,2.4349589228440576,0.0,0.0,493.14723452523634,202527948.1713947,202527948.1713947
2014,분할매수,112,2023-04-30,316.59027099609375,1338.41,3.5,분할매수,0.0,0.0,0.0,493.14723452523634,1000000.0,1000000.0,2.360006844810072,0.0,0.0,490.78722768042627,207960086.53946245,207960086.53946245
2014,분할매수,113,2023-05-31,341.549560546875,1324.55,3.64,분할매수,0.0,0.0,0.0,490.78722768042627,1000000.0,1000000.0,2.210435832443378,0.0,0.0,488.5767918479829,221031881.89268467,221031881.89268467
2014,분할매수,114,2023-06-30,363.08038330078125,1317.8,3.75,분할매수,0.0,0.0,0.0,488.5767918479829,1000000.0,1000000.0,2.090006859720658,0.0,0.0,486.4867849882623,232768032.6624785,232768032.6624785
2014,분할매수,115,2023-07-31,377.0956115722656,1273.85,3.75,분할매수,0.0,0.0,0.0,486.4867849882623,1000000.0,1000000.0,2.081757942187233,0.0,0.0,484.4050270460751,232690370.5899289,232690370.5899289
2014,분할매수,116,2023-08-31,371.50323486328125,1322.43,3.7,분할매수,0.0,0.0,0.0,484.4050270460751,1000000.0,1000000.0,2.0354700072013694,0.0,0.0,482.3695570388737,236981903.60569277,236981903.60569277
2014,분할매수,117,2023-09-30,352.63140869140625,1347.86,3.76,분할매수,0.0,0.0,0.0,482.3695570388737,1000000.0,1000000.0,2.103944226181571,0.0,0.0,480.26561281269215,228269175.02671722,228269175.02671722
2014,분할매수,118,2023-10-31,345.3478088378906,1351.03,3.82,분할매수,0.0,0.0,0.0,480.26561281269215,1000000.0,1000000.0,2.1432769947109764,0.0,0.0,478.1223358179812,223080048.4481739,223080048.4481739
2014,분할매수,119,2023-11-30,382.7104797363281,1289.95,3.83,분할매수,0.0,0.0,0.0,478.1223358179812,1000000.0,1000000.0,2.025614366294848,0.0,0.0,476.09672145168634,235038183.66105816,235038183.66105816
2014,분할매수,120,2023-12-31,404.09228515625,1290.97,3.83,분할매수,0.0,0.0,0.0,476.09672145168634,1000000.0,1000000.0,1.9169169202556255,0.0,0.0,474.1798045314307,247365861.04534864,247365861.04534864
2015,일시매수,0,2014-12-31,94.84591674804688,1090.89,2.13,전액매수,100000000.0,0.0,100000000.0,0.0,0.0,0.0,0.0,100000000.0,0.0,966.4967560482188,99999999.99999999,99999999.99999999
2015,일시매수,1,2015-01-31,92.87090301513672,1104.3,2.13,전액매수,0.0,0.0,0.0,966.4967560482188,1000000.0,1000000.0,9.750643079811809,0.0,0.0,956.746112968407,98121334.67886844,98121334.67886844
2015,일시매수,2,2015-02-28,99.57671356201172,1100.65,2.12,전액매수,0.0,0.0,0.0,956.746112968407,1000000.0,1000000.0,9.124161701575952,0.0,0.0,947.621951266831,103858522.2687532,103858522.2687532
2015,일시매수,3,2015-03-31,97.22772979736328,1107.71,1.95,전액매수,0.0,0.0,0.0,947.621951266831,1000000.0,1000000.0,9.28503998316416,0.0,0.0,938.3369112836668,101059005.99082828,101059005.99082828
2015,일시매수,4,2015-04-30,99.09678649902344,1076.74,1.81,전액매수,0.0,0.0,0.0,938.3369112836668,1000000.0,1000000.0,9.37194176890605,0.0,0.0,928.9649695147608,99121931.44401017,99121931.44401017
2015,일시매수,5,2015-05-31,101.32492065429688,1111.99,1.8,전액매수,0.0,0.0,0.0,928.9649695147608,1000000.0,1000000.0,8.875295996885576,0.0,0.0,920.0896735178752,103668618.35827708,103668618.35827708
2015,일시매수,6,2015-06-30,98.80795288085938,1117.34,1.7,전액매수,0.0,0.0,0.0,920.0896735178752,1000000.0,1000000.0,9.057800518471668,0.0,0.0,911.0318729994035,100579811.96886888,100579811.96886888
2015,일시매수,7,2015-07-31,103.31137084960938,1159.7,1.65,전액매수,0.0,0.0,0.0,911.0318729994035,1000000.0,1000000.0,8.34653499387769,0.0,0.0,902.6853380055259,108150907.97171034,108150907.97171034
2015,일시매수,8,2015-08-31,96.26093292236328,1182.54,1.64,전액매수,0.0,0.0,0.0,902.6853380055259,1000000.0,1000000.0,8.784844808827106,0.0,0.0,893.9004931966988,101754841.73590614,101754841.73590614
2015,일시매수,9,2015-09-30,94.13616943359375,1184.62,1.6,전액매수,0.0,0.0,0.0,893.9004931966988,1000000.0,1000000.0,8.96735612176437,0.0,0.0,884.9331370749344,98683840.03699182,98683840.03699182
2015,일시매수,10,2015-10-31,104.83930969238281,1140.5,1.58,전액매수,0.0,0.0,0.0,884.9331370749344,1000000.0,1000000.0,8.363355500274835,0.0,0.0,876.5697815746596,104810776.19453746,104810776.19453746
2015,일시매수,11,2015-11-30,105.47760772705078,1149.39,1.59,전액매수,0.0,0.0,0.0,876.5697815746596,1000000.0,1000000.0,8.248449396685212,0.0,0.0,868.3213321779743,105270856.42629087,105270856.42629087
2015,일시매수,12,2015-12-31,103.79549407958984,1169.26,1.67,전액매수,0.0,0.0,0.0,868.3213321779743,1000000.0,1000000.0,8.23968115797513,0.0,0.0,860.0816510199992,104382880.17826177,104382880.17826177
2015,일시매수,13,2016-01-31,96.6227798461914,1210.04,1.67,전액매수,0.0,0.0,0.0,860.0816510199992,1000000.0,1000000.0,8.55304476513904,0.0,0.0,851.5286062548602,99558534.95886825,99558534.95886825
2015,일시매수,14,2016-02-29,95.11029052734375,1238.09,1.64,전액매수,0.0,0.0,0.0,851.5286062548602,1000000.0,1000000.0,8.492201215959062,0.0,0.0,843.0364050389011,99271835.84093788,99271835.84093788
2015,일시매수,15,2016-03-31,101.62784576416016,1138.86,1.63,전액매수,0.0,0.0,0.0,843.0364050389011,1000000.0,1000000.0,8.64006362535049,0.0,0.0,834.3963414135505,96572939.45907749,96572939.45907749
2015,일시매수,16,2016-04-30,98.38916778564453,1144.09,1.61,전액매수,0.0,0.0,0.0,834.3963414135505,1000000.0,1000000.0,8.883672161918165,0.0,0.0,825.5126692516324,92924711.11106238,92924711.11106238
2015,일시매수,17,2016-05-31,102.68879699707031,1188.99,1.58,전액매수,0.0,0.0,0.0,825.5126692516324,1000000.0,1000000.0,8.190279673862781,0.0,0.0,817.3223895777696,99791755.85249533,99791755.85249533
2015,일시매수,18,2016-06-30,100.34950256347656,1154.15,1.43,전액매수,0.0,0.0,0.0,817.3223895777696,1000000.0,1000000.0,8.634208266045675,0.0,0.0,808.688181311724,93660953.77753608,93660953.77753608
2015,일시매수,19,2016-07-31,107.52534484863281,1112.89,1.36,전액매수,0.0,0.0,0.0,808.688181311724,1000000.0,1000000.0,8.356740491820076,0.0,0.0,800.3314408199038,95770766.31771699,95770766.31771699
2015,일시매수,20,2016-08-31,108.6544189453125,1115.98,1.35,전액매수,0.0,0.0,0.0,800.3314408199038,1000000.0,1000000.0,8.247003803724308,0.0,0.0,792.0844370161795,96045116.00424847,96045116.00424847
2015,일시매수,21,2016-09-30,111.05952453613281,1097.98,1.34,전액매수,0.0,0.0,0.0,792.0844370161795,1000000.0,1000000.0,8.200678020975545,0.0,0.0,783.8837589952041,95587676.65188175,95587676.65188175
2015,일시매수,22,2016-10-31,109.44116973876953,1145.37,1.35,전액매수,0.0,0.0,0.0,783.8837589952041,1000000.0,1000000.0,7.977622285490401,0.0,0.0,775.9061367097137,97260325.0621331,97260325.0621331
2015,일시매수,23,2016-11-30,109.91825103759766,1175.87,1.42,전액매수,0.0,0.0,0.0,775.9061367097137,1000000.0,1000000.0,7.7369694168529275,0.0,0.0,768.1691672928607,99285537.51545261,99285537.51545261
2015,일시매수,24,2016-12-31,111.16278076171875,1203.73,1.54,전액매수,0.0,0.0,0.0,768.1691672928607,1000000.0,1000000.0,7.473284460506867,0.0,0.0,760.6958828323538,101788696.36935519,101788696.36935519
2015,일시매수,25,2017-01-31,116.8766860961914,1151.45,1.5,전액매수,0.0,0.0,0.0,760.6958828323538,1000000.0,1000000.0,7.430653783646564,0.0,0.0,753.2652290487073,101372672.03950463,101372672.03950463
2015,일시매수,26,2017-02-28,121.99009704589844,1129.17,1.49,전액매수,0.0,0.0,0.0,753.2652290487073,1000000.0,1000000.0,7.259656834436199,0.0,0.0,746.0055722142711,102760445.73837042,102760445.73837042
2015,일시매수,27,2017-03-31,124.46270751953125,1117.48,1.48,전액매수,0.0,0.0,0.0,746.0055722142711,1000000.0,1000000.0,7.189869315437843,0.0,0.0,738.8157028988333,102757876.46271585,102757876.46271585
2015,일시매수,28,2017-04-30,127.85678100585938,1136.99,1.43,전액매수,0.0,0.0,0.0,738.8157028988333,1000000.0,1000000.0,6.878909388273054,0.0,0.0,731.9367935105602,106403028.76475488,106403028.76475488
2015,일시매수,29,2017-05-31,132.83978271484375,1119.58,1.39,전액매수,0.0,0.0,0.0,731.9367935105602,1000000.0,1000000.0,6.723829801861346,0.0,0.0,725.2129637086988,107857126.82791874,107857126.82791874
2015,일시매수,30,2017-06-30,129.76060485839844,1143.75,1.38,전액매수,0.0,0.0,0.0,725.2129637086988,1000000.0,1000000.0,6.737922814438256,0.0,0.0,718.4750408942606,106631533.29015394,106631533.29015394
2015,일시매수,31,2017-07-31,135.0306396484375,1121.86,1.39,전액매수,0.0,0.0,0.0,718.4750408942606,1000000.0,1000000.0,6.60129303214384,0.0,0.0,711.8737478621167,107838531.6930747,107838531.6930747
2015,일시매수,32,2017-08-31,137.83059692382812,1122.36,1.39,전액매수,0.0,0.0,0.0,711.8737478621167,1000000.0,1000000.0,6.464310111012158,0.0,0.0,705.4094377511045,109123700.07580812,109123700.07580812
2015,일시매수,33,2017-09-30,137.42367553710938,1142.57,1.38,전액매수,0.0,0.0,0.0,705.4094377511045,1000000.0,1000000.0,6.368770851011641,0.0,0.0,699.0406669000929,109760687.4628021,109760687.4628021
2015,일시매수,34,2017-10-31,143.75392150878906,1115.68,1.38,전액매수,0.0,0.0,0.0,699.0406669000929,1000000.0,1000000.0,6.235060205407442,0.0,0.0,692.8056066946855,111114501.52379288,111114501.52379288
2015,일시매수,35,2017-11-30,146.5884246826172,1084.79,1.45,전액매수,0.0,0.0,0.0,692.8056066946855,1000000.0,1000000.0,6.2886098156397425,0.0,0.0,686.5169968790458,109168324.47955051,109168324.47955051
2015,일시매수,36,2017-12-31,147.4724884033203,1067.42,1.66,전액매수,0.0,0.0,0.0,686.5169968790458,1000000.0,1000000.0,6.352631382658852,0.0,0.0,680.164365496387,107068130.4369511,107068130.4369511
2015,일시매수,37,2018-01-31,160.3867645263672,1068.33,1.66,전액매수,0.0,0.0,0.0,680.164365496387,1000000.0,1000000.0,5.836144677053632,0.0,0.0,674.3282208193333,115543438.02864167,115543438.02864167
2015,일시매수,38,2018-02-28,158.31326293945312,1082.12,1.65,전액매수,0.0,0.0,0.0,674.3282208193333,1000000.0,1000000.0,5.837236320435129,0.0,0.0,668.4909844988981,114521829.81844161,114521829.81844161
2015,일시매수,39,2018-03-31,151.85598754882812,1060.99,1.65,전액매수,0.0,0.0,0.0,668.4909844988981,1000000.0,1000000.0,6.206643328959487,0.0,0.0,662.2843411699387,106705719.35071503,106705719.35071503
2015,일시매수,40,2018-04-30,152.62411499023438,1069.07,1.65,전액매수,0.0,0.0,0.0,662.2843411699387,1000000.0,1000000.0,6.12873295913748,0.0,0.0,656.1556082108012,107062195.82181706,107062195.82181706
2015,일시매수,41,2018-05-31,161.2823486328125,1080.75,1.65,전액매수,0.0,0.0,0.0,656.1556082108012,1000000.0,1000000.0,5.737040512337957,0.0,0.0,650.4185676984632,113371792.70386656,113371792.70386656
2015,일시매수,42,2018-06-30,163.1290740966797,1111.79,1.65,전액매수,0.0,0.0,0.0,650.4185676984632,1000000.0,1000000.0,5.513734696064479,0.0,0.0,644.9048330023987,116963341.28348799,116963341.28348799
2015,일시매수,43,2018-07-31,167.6908416748047,1112.75,1.65,전액매수,0.0,0.0,0.0,644.9048330023987,1000000.0,1000000.0,5.359114703004297,0.0,0.0,639.5457182993945,119337941.75759438,119337941.75759438
2015,일시매수,44,2018-08-31,177.38449096679688,1116.5,1.65,전액매수,0.0,0.0,0.0,639.5457182993945,1000000.0,1000000.0,5.049235495100367,0.0,0.0,634.4964828042941,125661891.47247961,125661891.47247961
2015,일시매수,45,2018-09-30,176.8849639892578,1109.76,1.65,전액매수,0.0,0.0,0.0,634.4964828042941,1000000.0,1000000.0,5.094247199356835,0.0,0.0,629.4022356049373,123551569.24548171,123551569.24548171
2015,일시매수,46,2018-10-31,161.68032836914062,1140.78,1.68,전액매수,0.0,0.0,0.0,629.4022356049373,1000000.0,1000000.0,5.42176786129744,0.0,0.0,623.9804677436399,115088008.87582085,115088008.87582085
2015,일시매수,47,2018-11-30,161.25193786621094,1118.61,1.71,전액매수,0.0,0.0,0.0,623.9804677436399,1000000.0,1000000.0,5.543912408842806,0.0,0.0,618.436555334797,111552367.66518193,111552367.66518193
2015,일시매수,48,2018-12-31,147.2863311767578,1112.85,1.91,전액매수,0.0,0.0,0.0,618.436555334797,1000000.0,1000000.0,6.100998603731652,0.0,0.0,612.3355567310654,100366447.61015561,100366447.61015561
2015,일시매수,49,2019-01-31,160.55799865722656,1111.82,1.87,전액매수,0.0,0.0,0.0,612.3355567310654,1000000.0,1000000.0,5.601877039001956,0.0,0.0,606.7336796920634,108308996.33601394,108308996.33601394
2015,일시매수,50,2019-02-28,165.36058044433594,1124.65,1.87,전액매수,0.0,0.0,0.0,606.7336796920634,1000000.0,1000000.0,5.377131089960818,0.0,0.0,601.3565486021026,111835947.1884262,111835947.1884262
2015,일시매수,51,2019-03-31,171.85031127929688,1136.3,1.9,전액매수,0.0,0.0,0.0,601.3565486021026,1000000.0,1000000.0,5.121022337454769,0.0,0.0,596.2355262646479,116429003.22926272,116429003.22926272
2015,일시매수,52,2019-04-30,181.30081176757812,1165.1,1.86,전액매수,0.0,0.0,0.0,596.2355262646479,1000000.0,1000000.0,4.734095875895419,0.0,0.0,591.5014303887525,124944962.22615567,124944962.22615567
2015,일시매수,53,2019-05-31,166.3885498046875,1190.5,1.84,전액매수,0.0,0.0,0.0,591.5014303887525,1000000.0,1000000.0,5.048323345097929,0.0,0.0,586.4531070436545,116167897.13224646,116167897.13224646
2015,일시매수,54,2019-06-30,179.0174560546875,1154.58,1.8,전액매수,0.0,0.0,0.0,586.4531070436545,1000000.0,1000000.0,4.838164032129153,0.0,0.0,581.6149430115254,120213977.68846864,120213977.68846864
2015,일시매수,55,2019-07-31,183.1971893310547,1182.74,1.68,전액매수,0.0,0.0,0.0,581.6149430115254,1000000.0,1000000.0,4.615214696469642,0.0,0.0,576.9997283150558,125021210.55309202,125021210.55309202
2015,일시매수,56,2019-08-31,179.71731567382812,1211.32,1.49,전액매수,0.0,0.0,0.0,576.9997283150558,1000000.0,1000000.0,4.5935789915566225,0.0,0.0,572.4061493234992,124610059.03580388,124610059.03580388
2015,일시매수,57,2019-09-30,181.3668670654297,1195.85,1.54,전액매수,0.0,0.0,0.0,572.4061493234992,1000000.0,1000000.0,4.610683817946259,0.0,0.0,567.795465505553,123147777.62368158,123147777.62368158
2015,일시매수,58,2019-10-31,189.31082153320312,1169.1,1.46,전액매수,0.0,0.0,0.0,567.795465505553,1000000.0,1000000.0,4.5182774872499225,0.0,0.0,563.277188018303,124666355.62065604,124666355.62065604
2015,일시매수,59,2019-11-30,197.0147247314453,1181.33,1.52,전액매수,0.0,0.0,0.0,563.277188018303,1000000.0,1000000.0,4.2966510161918094,0.0,0.0,558.9805370021112,130096797.45820841,130096797.45820841
2015,일시매수,60,2019-12-31,204.67141723632812,1155.46,1.53,전액매수,0.0,0.0,0.0,558.9805370021112,1000000.0,1000000.0,4.228515117742067,0.0,0.0,554.7520218843691,131193103.59249571,131193103.59249571
2015,일시매수,61,2020-01-31,210.8901824951172,1191.3,1.47,전액매수,0.0,0.0,0.0,554.7520218843691,1000000.0,1000000.0,3.9803613048086475,0.0,0.0,550.7716605795605,138372277.8920037,138372277.8920037
2015,일시매수,62,2020-02-29,198.11570739746094,1214.92,1.42,전액매수,0.0,0.0,0.0,550.7716605795605,1000000.0,1000000.0,4.154640104773938,0.0,0.0,546.6170204747865,131567839.01611355,131567839.01611355
2015,일시매수,63,2020-03-31,183.68133544921875,1218.92,1.23,전액매수,0.0,0.0,0.0,546.6170204747865,1000000.0,1000000.0,4.466422151437308,0.0,0.0,542.1505983233492,121383644.43425563,121383644.43425563
2015,일시매수,64,2020-04-30,211.18528747558594,1203.95,1.1,전액매수,0.0,0.0,0.0,542.1505983233492,1000000.0,1000000.0,3.933035711470431,0.0,0.0,538.2175626118787,136845328.1627227,136845328.1627227
2015,일시매수,65,2020-05-31,225.1253662109375,1236.61,1.02,전액매수,0.0,0.0,0.0,538.2175626118787,1000000.0,1000000.0,3.5920536417049425,0.0,0.0,534.6255089701738,148835613.91260785,148835613.91260785
2015,일시매수,66,2020-06-30,239.27830505371094,1200.5,0.79,전액매수,0.0,0.0,0.0,534.6255089701738,1000000.0,1000000.0,3.481244384190199,0.0,0.0,531.1442645859836,152573104.8926453,152573104.8926453
2015,일시매수,67,2020-07-31,256.8569030761719,1192.68,0.79,전액매수,0.0,0.0,0.0,531.1442645859836,1000000.0,1000000.0,3.264260587394414,0.0,0.0,527.8800039985891,161715031.58697006,161715031.58697006
2015,일시매수,68,2020-08-31,284.9691467285156,1187.48,0.68,전액매수,0.0,0.0,0.0,527.8800039985891,1000000.0,1000000.0,2.955124987704449,0.0,0.0,524.9248790108846,177632039.65821016,177632039.65821016
2015,일시매수,69,2020-09-30,268.5018615722656,1165.97,0.63,전액매수,0.0,0.0,0.0,524.9248790108846,1000000.0,1000000.0,3.194223662650429,0.0,0.0,521.7306553482342,163335667.89600596,163335667.89600596
2015,일시매수,70,2020-10-31,260.32635498046875,1133.99,0.63,전액매수,0.0,0.0,0.0,521.7306553482342,1000000.0,1000000.0,3.3874480039414943,0.0,0.0,518.3432073442928,153018793.71762165,153018793.71762165
2015,일시매수,71,2020-11-30,289.54986572265625,1105.79,0.66,전액매수,0.0,0.0,0.0,518.3432073442928,1000000.0,1000000.0,3.123230045842461,0.0,0.0,515.2199772984503,164963825.82650098,164963825.82650098
2015,일시매수,72,2020-12-31,303.7449035644531,1086.11,0.66,전액매수,0.0,0.0,0.0,515.2199772984503,1000000.0,1000000.0,3.0312181163778047,0.0,0.0,512.1887591820725,168971264.8570864,168971264.8570864
2015,일시매수,73,2021-01-31,304.5386962890625,1118.35,0.68,전액매수,0.0,0.0,0.0,512.1887591820725,1000000.0,1000000.0,2.936160377422551,0.0,0.0,509.25259880465,173441683.47223833,173441683.47223833
2015,일시매수,74,2021-02-28,304.1322326660156,1123.36,0.73,전액매수,0.0,0.0,0.0,509.25259880465,1000000.0,1000000.0,2.9269721768865664,0.0,0.0,506.3256266277634,172986142.6856282,172986142.6856282
2015,일시매수,75,2021-03-31,309.3534240722656,1126.72,0.75,전액매수,0.0,0.0,0.0,506.3256266277634,1000000.0,1000000.0,2.8689902295793304,0.0,0.0,503.4566363981841,175482171.81346208,175482171.81346208
2015,일시매수,76,2021-04-30,327.6355895996094,1115.58,0.74,전액매수,0.0,0.0,0.0,503.4566363981841,1000000.0,1000000.0,2.7359503331429273,0.0,0.0,500.7206860650412,183015268.95403746,183015268.95403746
2015,일시매수,77,2021-05-31,323.6999206542969,1114.48,0.68,전액매수,0.0,0.0,0.0,500.7206860650412,1000000.0,1000000.0,2.7719483121831776,0.0,0.0,497.94873775285805,179638536.39127752,179638536.39127752
2015,일시매수,78,2021-06-30,343.970458984375,1130.42,0.66,전액매수,0.0,0.0,0.0,497.94873775285805,1000000.0,1000000.0,2.5718108334826013,0.0,0.0,495.3769269193755,192617948.5948288,192617948.5948288
2015,일시매수,79,2021-07-31,353.8113098144531,1151.86,0.69,전액매수,0.0,0.0,0.0,495.3769269193755,1000000.0,1000000.0,2.4537402766897563,0.0,0.0,492.9231866426857,200886455.39440253,200886455.39440253
2015,일시매수,80,2021-08-31,368.7373352050781,1158.32,0.77,전액매수,0.0,0.0,0.0,492.9231866426857,1000000.0,1000000.0,2.341285266180246,0.0,0.0,490.58190137650547,209535296.04569662,209535296.04569662
2015,일시매수,81,2021-09-30,347.7815246582031,1183.7,0.98,전액매수,0.0,0.0,0.0,490.58190137650547,1000000.0,1000000.0,2.4291360838413016,0.0,0.0,488.1527652926642,200957356.21395338,200957356.21395338
2015,일시매수,82,2021-10-31,375.1310729980469,1174.94,1.08,전액매수,0.0,0.0,0.0,488.1527652926642,1000000.0,1000000.0,2.268826423209901,0.0,0.0,485.8839388694543,214156505.71542314,214156505.71542314
2015,일시매수,83,2021-11-30,382.6218566894531,1187.45,1.17,전액매수,0.0,0.0,0.0,485.8839388694543,1000000.0,1000000.0,2.200973904107376,0.0,0.0,483.6829649653469,219758609.61491442,219758609.61491442
2015,일시매수,84,2021-12-31,387.0309143066406,1188.59,1.27,전액매수,0.0,0.0,0.0,483.6829649653469,1000000.0,1000000.0,2.173813452408931,0.0,0.0,481.509151512938,221504357.22961843,221504357.22961843
2015,일시매수,85,2022-01-31,353.17724609375,1206.78,1.39,전액매수,0.0,0.0,0.0,481.509151512938,1000000.0,1000000.0,2.3462764427525804,0.0,0.0,479.1628750701854,204222685.07629308,204222685.07629308
2015,일시매수,86,2022-02-28,337.3691711425781,1202.28,1.5,전액매수,0.0,0.0,0.0,479.1628750701854,1000000.0,1000000.0,2.4654090348902273,0.0,0.0,476.6974660352952,193354311.30863854,193354311.30863854
2015,일시매수,87,2022-03-31,353.1171875,1211.55,1.5,전액매수,0.0,0.0,0.0,476.6974660352952,1000000.0,1000000.0,2.3374363915648937,0.0,0.0,474.3600296437303,202940294.48482674,202940294.48482674
2015,일시매수,88,2022-04-30,305.1082763671875,1255.87,1.64,전액매수,0.0,0.0,0.0,474.3600296437303,1000000.0,1000000.0,2.609764536558292,0.0,0.0,471.75026510717197,180763535.7515078,180763535.7515078
2015,일시매수,89,2022-05-31,300.26739501953125,1236.93,1.77,전액매수,0.0,0.0,0.0,471.75026510717197,1000000.0,1000000.0,2.6924441345542958,0.0,0.0,469.05782097261766,174212647.51710996,174212647.51710996
2015,일시매수,90,2022-06-30,273.51995849609375,1298.95,1.99,전액매수,0.0,0.0,0.0,469.05782097261766,1000000.0,1000000.0,2.8146120578006033,0.0,0.0,466.24320891481705,165650966.9325972,165650966.9325972
2015,일시매수,91,2022-07-31,307.8514709472656,1299.08,2.41,전액매수,0.0,0.0,0.0,466.24320891481705,1000000.0,1000000.0,2.5004770355192028,0.0,0.0,463.7427318792978,185461704.02361068,185461704.02361068
2015,일시매수,92,2022-08-31,292.05194091796875,1338.66,2.79,전액매수,0.0,0.0,0.0,463.7427318792978,1000000.0,1000000.0,2.557817866372707,0.0,0.0,461.1849140129251,180304047.47580436,180304047.47580436
2015,일시매수,93,2022-09-30,261.2827453613281,1431.67,3.01,전액매수,0.0,0.0,0.0,461.1849140129251,1000000.0,1000000.0,2.6732916676119927,0.0,0.0,458.5116223453131,171515748.88006666,171515748.88006666
2015,일시매수,94,2022-10-31,271.7336730957031,1424.6,3.69,전액매수,0.0,0.0,0.0,458.5116223453131,1000000.0,1000000.0,2.583233122948915,0.0,0.0,455.9283892223642,176495255.1792518,176495255.1792518
2015,일시매수,95,2022-11-30,286.7989501953125,1316.84,3.99,전액매수,0.0,0.0,0.0,455.9283892223642,1000000.0,1000000.0,2.647825940620462,0.0,0.0,453.28056328174375,171189713.16351977,171189713.16351977
2015,일시매수,96,2022-12-31,260.9478454589844,1260.18,4.02,전액매수,0.0,0.0,0.0,453.28056328174375,1000000.0,1000000.0,3.040980966004395,0.0,0.0,450.23958231573937,148057349.70032322,148057349.70032322
2015,일시매수,97,2023-01-31,288.7203369140625,1231.95,3.8,전액매수,0.0,0.0,0.0,450.23958231573937,1000000.0,1000000.0,2.8114446789478102,0.0,0.0,447.4281376367916,159145275.37644547,159145275.37644547
2015,일시매수,98,2023-02-28,287.6816101074219,1323.45,3.52,전액매수,0.0,0.0,0.0,447.4281376367916,1000000.0,1000000.0,2.626517876227495,0.0,0.0,444.8016197605641,169350311.21868432,169350311.21868432
2015,일시매수,99,2023-03-31,314.9904479980469,1303.8,3.61,전액매수,0.0,0.0,0.0,444.8016197605641,1000000.0,1000000.0,2.4349589228440576,0.0,0.0,442.3666608377201,181673151.31584692,181673151.31584692
2015,일시매수,100,2023-04-30,316.59027099609375,1338.41,3.5,전액매수,0.0,0.0,0.0,442.3666608377201,1000000.0,1000000.0,2.360006844810072,0.0,0.0,440.00665399291,186442956.70605174,186442956.70605174
2015,일시매수,101,2023-05-31,341.549560546875,1324.55,3.64,전액매수,0.0,0.0,0.0,440.00665399291,1000000.0,1000000.0,2.210435832443378,0.0,0.0,437.79621816046665,198058777.24870852,198058777.24870852
2015,일시매수,102,2023-06-30,363.08038330078125,1317.8,3.75,전액매수,0.0,0.0,0.0,437.79621816046665,1000000.0,1000000.0,2.090006859720658,0.0,0.0,435.706211300746,208471187.19934765,208471187.19934765
2015,일시매수,103,2023-07-31,377.0956115722656,1273.85,3.75,전액매수,0.0,0.0,0.0,435.706211300746,1000000.0,1000000.0,2.081757942187233,0.0,0.0,433.6244533585588,208297249.4405205,208297249.4405205
2015,일시매수,104,2023-08-31,371.50323486328125,1322.43,3.7,전액매수,0.0,0.0,0.0,433.6244533585588,1000000.0,1000000.0,2.0354700072013694,0.0,0.0,431.58898335135746,212034066.7386018,212034066.7386018
2015,일시매수,105,2023-09-30,352.63140869140625,1347.86,3.76,전액매수,0.0,0.0,0.0,431.58898335135746,1000000.0,1000000.0,2.103944226181571,0.0,0.0,429.4850391251759,204133281.56737518,204133281.56737518
2015,일시매수,106,2023-10-31,345.3478088378906,1351.03,3.82,전액매수,0.0,0.0,0.0,429.4850391251759,1000000.0,1000000.0,2.1432769947109764,0.0,0.0,427.34176213046493,199387089.5759288,199387089.5759288
2015,일시매수,107,2023-11-30,382.7104797363281,1289.95,3.83,전액매수,0.0,0.0,0.0,427.34176213046493,1000000.0,1000000.0,2.025614366294848,0.0,0.0,425.31614776417007,209968962.91871047,209968962.91871047
2015,일시매수,108,2023-12-31,404.09228515625,1290.97,3.83,전액매수,0.0,0.0,0.0,425.31614776417007,1000000.0,1000000.0,1.9169169202556255,0.0,0.0,423.39923084391444,220875107.507243,220875107.507243
2015,일시매수,109,2024-01-31,411.4436340332031,1334.9,3.74,전액매수,0.0,0.0,0.0,423.39923084391444,1000000.0,1000000.0,1.8207105962734347,0.0,0.0,421.578520247641,231546145.2855346,231546145.2855346
2015,일시매수,110,2024-02-29,433.1816101074219,1336.19,3.69,전액매수,0.0,0.0,0.0,421.578520247641,1000000.0,1000000.0,1.7276738968300585,0.0,0.0,419.8508463508109,243015100.89441916,243015100.89441916
2015,일시매수,111,2024-03-31,438.7045593261719,1347.08,3.65,전액매수,0.0,0.0,0.0,419.8508463508109,1000000.0,1000000.0,1.6921328779173899,0.0,0.0,418.1587134728935,247119312.5137706,247119312.5137706
2015,일시매수,112,2024-04-30,419.5166015625,1381.92,3.57,전액매수,0.0,0.0,0.0,418.1587134728935,1000000.0,1000000.0,1.7249159810607404,0.0,0.0,416.43379749183276,241422655.98104435,241422655.98104435
2015,일시매수,113,2024-05-31,445.32452392578125,1385.43,3.6,전액매수,0.0,0.0,0.0,416.43379749183276,1000000.0,1000000.0,1.6208349773598212,0.0,0.0,414.81296251447293,255925475.63982233,255925475.63982233
2015,일시매수,114,2024-06-30,474.1375427246094,1376.55,3.6,전액매수,0.0,0.0,0.0,414.81296251447293,1000000.0,1000000.0,1.5321583933728045,0.0,0.0,413.2808041211001,269737649.78131783,269737649.78131783
2015,일시매수,115,2024-07-31,466.1809997558594,1369.29,3.54,전액매수,0.0,0.0,0.0,413.2808041211001,1000000.0,1000000.0,1.566570682133304,0.0,0.0,411.7142334389668,262812420.87226352,262812420.87226352
2015,일시매수,116,2024-08-31,471.3270263671875,1336.0,3.5,전액매수,0.0,0.0,0.0,411.7142334389668,1000000.0,1000000.0,1.5880756929666378,0.0,0.0,410.12615774600016,258253532.60073864,258253532.60073864
2015,일시매수,117,2024-09-30,483.6833190917969,1314.94,3.52,전액매수,0.0,0.0,0.0,410.12615774600016,1000000.0,1000000.0,1.572291089963802,0.0,0.0,408.55386665603635,259846201.03993738,259846201.03993738
2015,일시매수,118,2024-10-31,479.5012512207031,1377.57,3.43,전액매수,0.0,0.0,0.0,408.55386665603635,1000000.0,1000000.0,1.5138978731955635,0.0,0.0,407.0399687828408,268868842.4693096,268868842.4693096
2015,일시매수,119,2024-11-30,505.1585693359375,1396.99,3.42,전액매수,0.0,0.0,0.0,407.0399687828408,1000000.0,1000000.0,1.4170297821776514,0.0,0.0,405.6229390006631,286248704.2278767,286248704.2278767
2015,일시매수,120,2024-12-31,507.45208740234375,1477.86,3.35,전액매수,0.0,0.0,0.0,405.6229390006631,1000000.0,1000000.0,1.3334344220841936,0.0,0.0,404.28950457857894,303194141.29617536,303194141.29617536
2015,분할매수,0,2014-12-31,94.84591674804688,1090.89,2.13,분할매수,100000000.0,0.0,100000000.0,0.0,0.0,0.0,0.0,8333333.333333333,91666666.66666667,80.54139633735156,8333333.333333332,100000000.0
2015,분할매수,1,2015-01-31,92.87090301513672,1104.3,2.13,분할매수,91666666.66666667,162708.33333333334,91829375.0,80.54139633735156,1000000.0,1000000.0,0.0,8333333.333333333,82496041.66666667,161.7967553357833,16593444.556572368,99089486.22323903
2015,분할매수,2,2015-02-28,99.57671356201172,1100.65,2.12,분할매수,82496041.66666667,146430.47395833334,82642472.140625,161.7967553357833,1000000.0,1000000.0,0.0,8333333.333333333,73309138.80729167,237.83143618224955,26066113.683755804,99375252.49104747
2015,분할매수,3,2015-03-31,97.22772979736328,1107.71,1.95,분할매수,73309138.80729167,129512.81189288195,73438651.61918455,237.83143618224955,1000000.0,1000000.0,0.0,8333333.333333333,64105318.28585122,315.20676937528424,33947809.58906199,98053127.87491322
2015,분할매수,4,2015-04-30,99.09678649902344,1076.74,1.81,분할매수,64105318.28585122,104171.14221450822,64209489.428065725,315.20676937528424,1000000.0,1000000.0,0.0,8333333.333333333,54876156.09473239,393.30628411616794,41966360.20734442,96842516.30207682
2015,분할매수,5,2015-05-31,101.32492065429688,1111.99,1.8,분할매수,54876156.09473239,82771.53544288802,54958927.63017528,393.30628411616794,1000000.0,1000000.0,0.0,8333333.333333333,45625594.29684194,467.26708409021444,52648056.38642167,98273650.68326361
2015,분할매수,6,2015-06-30,98.80795288085938,1117.34,1.7,분할매수,45625594.29684194,68438.39144526293,45694032.688287206,467.26708409021444,1000000.0,1000000.0,0.0,8333333.333333333,36360699.35495387,542.7487550774783,59920590.43148997,96281289.78644383
2015,분할매수,7,2015-07-31,103.31137084960938,1159.7,1.65,분할매수,36360699.35495387,51510.99075285132,36412210.34570672,542.7487550774783,1000000.0,1000000.0,0.0,8333333.333333333,27078877.01237339,612.3032133597924,73360168.47816803,100439045.49054141
2015,분할매수,8,2015-08-31,96.26093292236328,1182.54,1.64,분할매수,27078877.01237339,37233.455892013415,27116110.468265407,612.3032133597924,1000000.0,1000000.0,0.0,8333333.333333333,17782777.134932075,685.5102534333516,78033279.85311063,95816056.9880427
2015,분할매수,9,2015-09-30,94.13616943359375,1184.62,1.6,분할매수,17782777.134932075,24303.12875107383,17807080.263683148,685.5102534333516,1000000.0,1000000.0,0.0,8333333.333333333,8473746.930349816,760.2382211147213,84778413.0340907,93252159.96444051
2015,분할매수,10,2015-10-31,104.83930969238281,1140.5,1.58,분할매수,8473746.930349816,11298.32924046642,8485045.259590281,760.2382211147213,1000000.0,1000000.0,0.0,7485045.259590281,0.0,822.8383155563218,98386146.03065503,98386146.03065503
2015,분할매수,11,2015-11-30,105.47760772705078,1149.39,1.59,분할매수,0.0,0.0,0.0,822.8383155563218,1000000.0,1000000.0,8.248449396685212,0.0,0.0,814.5898661596366,98756727.11127914,98756727.11127914
2015,분할매수,12,2015-12-31,103.79549407958984,1169.26,1.67,분할매수,0.0,0.0,0.0,814.5898661596366,1000000.0,1000000.0,8.23968115797513,0.0,0.0,806.3501850016614,97861818.86676535,97861818.86676535
2015,분할매수,13,2016-01-31,96.6227798461914,1210.04,1.67,분할매수,0.0,0.0,0.0,806.3501850016614,1000000.0,1000000.0,8.55304476513904,0.0,0.0,797.7971402365224,93276390.12112117,93276390.12112117
2015,분할매수,14,2016-02-29,95.11029052734375,1238.09,1.64,분할매수,0.0,0.0,0.0,797.7971402365224,1000000.0,1000000.0,8.492201215959062,0.0,0.0,789.3049390205633,92944681.70834827,92944681.70834827
2015,분할매수,15,2016-03-31,101.62784576416016,1138.86,1.63,분할매수,0.0,0.0,0.0,789.3049390205633,1000000.0,1000000.0,8.64006362535049,0.0,0.0,780.6648753952128,90354065.57709748,90354065.57709748
2015,분할매수,16,2016-04-30,98.38916778564453,1144.09,1.61,분할매수,0.0,0.0,0.0,780.6648753952128,1000000.0,1000000.0,8.883672161918165,0.0,0.0,771.7812032332946,86876371.52367085,86876371.52367085
2015,분할매수,17,2016-05-31,102.68879699707031,1188.99,1.58,분할매수,0.0,0.0,0.0,771.7812032332946,1000000.0,1000000.0,8.190279673862781,0.0,0.0,763.5909235594319,93231361.31678633,93231361.31678633
2015,분할매수,18,2016-06-30,100.34950256347656,1154.15,1.43,분할매수,0.0,0.0,0.0,763.5909235594319,1000000.0,1000000.0,8.634208266045675,0.0,0.0,754.9567152933862,87437862.51511672,87437862.51511672
2015,분할매수,19,2016-07-31,107.52534484863281,1112.89,1.36,분할매수,0.0,0.0,0.0,754.9567152933862,1000000.0,1000000.0,8.356740491820076,0.0,0.0,746.5999748015661,89341050.56060663,89341050.56060663
2015,분할매수,20,2016-08-31,108.6544189453125,1115.98,1.35,분할매수,0.0,0.0,0.0,746.5999748015661,1000000.0,1000000.0,8.247003803724308,0.0,0.0,738.3529709978418,89529844.84673148,89529844.84673148
2015,분할매수,21,2016-09-30,111.05952453613281,1097.98,1.34,분할매수,0.0,0.0,0.0,738.3529709978418,1000000.0,1000000.0,8.200678020975545,0.0,0.0,730.1522929768662,89035600.60635181,89035600.60635181
2015,분할매수,22,2016-10-31,109.44116973876953,1145.37,1.35,분할매수,0.0,0.0,0.0,730.1522929768662,1000000.0,1000000.0,7.977622285490401,0.0,0.0,722.1746706913758,90525051.80708519,90525051.80708519
2015,분할매수,23,2016-11-30,109.91825103759766,1175.87,1.42,분할매수,0.0,0.0,0.0,722.1746706913758,1000000.0,1000000.0,7.7369694168529275,0.0,0.0,714.4377012745229,92340768.43037671,92340768.43037671
2015,분할매수,24,2016-12-31,111.16278076171875,1203.73,1.54,분할매수,0.0,0.0,0.0,714.4377012745229,1000000.0,1000000.0,7.473284460506867,0.0,0.0,706.964416814016,94598890.29382229,94598890.29382229
2015,분할매수,25,2017-01-31,116.8766860961914,1151.45,1.5,분할매수,0.0,0.0,0.0,706.964416814016,1000000.0,1000000.0,7.430653783646564,0.0,0.0,699.5337630303694,94141617.06334755,94141617.06334755
2015,분할매수,26,2017-02-28,121.99009704589844,1129.17,1.49,분할매수,0.0,0.0,0.0,699.5337630303694,1000000.0,1000000.0,7.259656834436199,0.0,0.0,692.2741061959332,95359067.5129614,95359067.5129614
2015,분할매수,27,2017-03-31,124.46270751953125,1117.48,1.48,분할매수,0.0,0.0,0.0,692.2741061959332,1000000.0,1000000.0,7.189869315437843,0.0,0.0,685.0842368804954,95284657.7349474,95284657.7349474
2015,분할매수,28,2017-04-30,127.85678100585938,1136.99,1.43,분할매수,0.0,0.0,0.0,685.0842368804954,1000000.0,1000000.0,6.878909388273054,0.0,0.0,678.2053274922223,98591984.45736255,98591984.45736255
2015,분할매수,29,2017-05-31,132.83978271484375,1119.58,1.39,분할매수,0.0,0.0,0.0,678.2053274922223,1000000.0,1000000.0,6.723829801861346,0.0,0.0,671.4814976903609,99865927.22862734,99865927.22862734
2015,분할매수,30,2017-06-30,129.76060485839844,1143.75,1.38,분할매수,0.0,0.0,0.0,671.4814976903609,1000000.0,1000000.0,6.737922814438256,0.0,0.0,664.7435748759227,98657048.05218117,98657048.05218117
2015,분할매수,31,2017-07-31,135.0306396484375,1121.86,1.39,분할매수,0.0,0.0,0.0,664.7435748759227,1000000.0,1000000.0,6.60129303214384,0.0,0.0,658.1422818437788,99698995.1270259,99698995.1270259
2015,분할매수,32,2017-08-31,137.83059692382812,1122.36,1.39,분할매수,0.0,0.0,0.0,658.1422818437788,1000000.0,1000000.0,6.464310111012158,0.0,0.0,651.6779717327667,100811681.45423786,100811681.45423786
2015,분할매수,33,2017-09-30,137.42367553710938,1142.57,1.38,분할매수,0.0,0.0,0.0,651.6779717327667,1000000.0,1000000.0,6.368770851011641,0.0,0.0,645.309200881755,101323978.51608236,101323978.51608236
2015,분할매수,34,2017-10-31,143.75392150878906,1115.68,1.38,분할매수,0.0,0.0,0.0,645.309200881755,1000000.0,1000000.0,6.235060205407442,0.0,0.0,639.0741406763476,102496867.65207204,102496867.65207204
2015,분할매수,35,2017-11-30,146.5884246826172,1084.79,1.45,분할매수,0.0,0.0,0.0,639.0741406763476,1000000.0,1000000.0,6.2886098156397425,0.0,0.0,632.7855308607079,100624072.63477746,100624072.63477746
2015,분할매수,36,2017-12-31,147.4724884033203,1067.42,1.66,분할매수,0.0,0.0,0.0,632.7855308607079,1000000.0,1000000.0,6.352631382658852,0.0,0.0,626.4328994780491,98609987.22325672,98609987.22325672
2015,분할매수,37,2018-01-31,160.3867645263672,1068.33,1.66,분할매수,0.0,0.0,0.0,626.4328994780491,1000000.0,1000000.0,5.836144677053632,0.0,0.0,620.5967548009954,106336766.6742461,106336766.6742461
2015,분할매수,38,2018-02-28,158.31326293945312,1082.12,1.65,분할매수,0.0,0.0,0.0,620.5967548009954,1000000.0,1000000.0,5.837236320435129,0.0,0.0,614.7595184805602,105316880.23806682,105316880.23806682
2015,분할매수,39,2018-03-31,151.85598754882812,1060.99,1.65,분할매수,0.0,0.0,0.0,614.7595184805602,1000000.0,1000000.0,6.206643328959487,0.0,0.0,608.5528751516008,98048629.97558805,98048629.97558805
2015,분할매수,40,2018-04-30,152.62411499023438,1069.07,1.65,분할매수,0.0,0.0,0.0,608.5528751516008,1000000.0,1000000.0,6.12873295913748,0.0,0.0,602.4241421924634,98295054.81949483,98295054.81949483
2015,분할매수,41,2018-05-31,161.2823486328125,1080.75,1.65,분할매수,0.0,0.0,0.0,602.4241421924634,1000000.0,1000000.0,5.737040512337957,0.0,0.0,596.6871016801254,104006081.25337493,104006081.25337493
2015,분할매수,42,2018-06-30,163.1290740966797,1111.79,1.65,분할매수,0.0,0.0,0.0,596.6871016801254,1000000.0,1000000.0,5.513734696064479,0.0,0.0,591.1733669840609,107218319.26480263,107218319.26480263
2015,분할매수,43,2018-07-31,167.6908416748047,1112.75,1.65,분할매수,0.0,0.0,0.0,591.1733669840609,1000000.0,1000000.0,5.359114703004297,0.0,0.0,585.8142522810566,109311758.5172513,109311758.5172513
2015,분할매수,44,2018-08-31,177.38449096679688,1116.5,1.65,분할매수,0.0,0.0,0.0,585.8142522810566,1000000.0,1000000.0,5.049235495100367,0.0,0.0,580.7650167859563,115020386.22470945,115020386.22470945
2015,분할매수,45,2018-09-30,176.8849639892578,1109.76,1.65,분할매수,0.0,0.0,0.0,580.7650167859563,1000000.0,1000000.0,5.094247199356835,0.0,0.0,575.6707695865995,113004090.1154698,113004090.1154698
2015,분할매수,46,2018-10-31,161.68032836914062,1140.78,1.68,분할매수,0.0,0.0,0.0,575.6707695865995,1000000.0,1000000.0,5.42176786129744,0.0,0.0,570.249001725302,105177686.74604234,105177686.74604234
2015,분할매수,47,2018-11-30,161.25193786621094,1118.61,1.71,분할매수,0.0,0.0,0.0,570.249001725302,1000000.0,1000000.0,5.543912408842806,0.0,0.0,564.7050893164592,101860391.66414814,101860391.66414814
2015,분할매수,48,2018-12-31,147.2863311767578,1112.85,1.91,분할매수,0.0,0.0,0.0,564.7050893164592,1000000.0,1000000.0,6.100998603731652,0.0,0.0,558.6040907127275,91559452.31180017,91559452.31180017
2015,분할매수,49,2019-01-31,160.55799865722656,1111.82,1.87,분할매수,0.0,0.0,0.0,558.6040907127275,1000000.0,1000000.0,5.601877039001956,0.0,0.0,553.0022136737256,98717306.68551943,98717306.68551943
2015,분할매수,50,2019-02-28,165.36058044433594,1124.65,1.87,분할매수,0.0,0.0,0.0,553.0022136737256,1000000.0,1000000.0,5.377131089960818,0.0,0.0,547.6250825837648,101843357.25163718,101843357.25163718
2015,분할매수,51,2019-03-31,171.85031127929688,1136.3,1.9,분할매수,0.0,0.0,0.0,547.6250825837648,1000000.0,1000000.0,5.121022337454769,0.0,0.0,542.50406024631,105936671.33190894,105936671.33190894
2015,분할매수,52,2019-04-30,181.30081176757812,1165.1,1.86,분할매수,0.0,0.0,0.0,542.50406024631,1000000.0,1000000.0,4.734095875895419,0.0,0.0,537.7699643704146,113595072.5266415,113595072.5266415
2015,분할매수,53,2019-05-31,166.3885498046875,1190.5,1.84,분할매수,0.0,0.0,0.0,537.7699643704146,1000000.0,1000000.0,5.048323345097929,0.0,0.0,532.7216410253167,105524469.13738304,105524469.13738304
2015,분할매수,54,2019-06-30,179.0174560546875,1154.58,1.8,분할매수,0.0,0.0,0.0,532.7216410253167,1000000.0,1000000.0,4.838164032129153,0.0,0.0,527.8834769931875,109108222.3520395,109108222.3520395
2015,분할매수,55,2019-07-31,183.1971893310547,1182.74,1.68,분할매수,0.0,0.0,0.0,527.8834769931875,1000000.0,1000000.0,4.615214696469642,0.0,0.0,523.2682622967179,113378964.2975843,113378964.2975843
2015,분할매수,56,2019-08-31,179.71731567382812,1211.32,1.49,분할매수,0.0,0.0,0.0,523.2682622967179,1000000.0,1000000.0,4.5935789915566225,0.0,0.0,518.6746833051614,112912977.93257245,112912977.93257245
2015,분할매수,57,2019-09-30,181.3668670654297,1195.85,1.54,분할매수,0.0,0.0,0.0,518.6746833051614,1000000.0,1000000.0,4.610683817946259,0.0,0.0,514.0639994872151,111494090.63495383,111494090.63495383
2015,분할매수,58,2019-10-31,189.31082153320312,1169.1,1.46,분할매수,0.0,0.0,0.0,514.0639994872151,1000000.0,1000000.0,4.5182774872499225,0.0,0.0,509.5457219999652,112774331.24411829,112774331.24411829
2015,분할매수,59,2019-11-30,197.0147247314453,1181.33,1.52,분할매수,0.0,0.0,0.0,509.5457219999652,1000000.0,1000000.0,4.2966510161918094,0.0,0.0,505.24907098377344,117591368.0398423,117591368.0398423
2015,분할매수,60,2019-12-31,204.67141723632812,1155.46,1.53,분할매수,0.0,0.0,0.0,505.24907098377344,1000000.0,1000000.0,4.228515117742067,0.0,0.0,501.0205558660314,118486168.76497422,118486168.76497422
2015,분할매수,61,2020-01-31,210.8901824951172,1191.3,1.47,분할매수,0.0,0.0,0.0,501.0205558660314,1000000.0,1000000.0,3.9803613048086475,0.0,0.0,497.04019456122273,124873134.99926548,124873134.99926548
2015,분할매수,62,2020-02-29,198.11570739746094,1214.92,1.42,분할매수,0.0,0.0,0.0,497.04019456122273,1000000.0,1000000.0,4.154640104773938,0.0,0.0,492.8855544564488,118634958.0292389,118634958.0292389
2015,분할매수,63,2020-03-31,183.68133544921875,1218.92,1.23,분할매수,0.0,0.0,0.0,492.8855544564488,1000000.0,1000000.0,4.466422151437308,0.0,0.0,488.4191323050115,109353553.1897353,109353553.1897353
2015,분할매수,64,2020-04-30,211.18528747558594,1203.95,1.1,분할매수,0.0,0.0,0.0,488.4191323050115,1000000.0,1000000.0,3.933035711470431,0.0,0.0,484.48609659354105,123183752.23000655,123183752.23000655
2015,분할매수,65,2020-05-31,225.1253662109375,1236.61,1.02,분할매수,0.0,0.0,0.0,484.48609659354105,1000000.0,1000000.0,3.5920536417049425,0.0,0.0,480.8940429518361,133877188.62783554,133877188.62783554
2015,분할매수,66,2020-06-30,239.27830505371094,1200.5,0.79,분할매수,0.0,0.0,0.0,480.8940429518361,1000000.0,1000000.0,3.481244384190199,0.0,0.0,477.41279856764595,137138547.56528416,137138547.56528416
2015,분할매수,67,2020-07-31,256.8569030761719,1192.68,0.79,분할매수,0.0,0.0,0.0,477.41279856764595,1000000.0,1000000.0,3.264260587394414,0.0,0.0,474.14853798025155,145254499.5369762,145254499.5369762
2015,분할매수,68,2020-08-31,284.9691467285156,1187.48,0.68,분할매수,0.0,0.0,0.0,474.14853798025155,1000000.0,1000000.0,2.955124987704449,0.0,0.0,471.1934129925471,159449571.49124566,159449571.49124566
2015,분할매수,69,2020-09-30,268.5018615722656,1165.97,0.63,분할매수,0.0,0.0,0.0,471.1934129925471,1000000.0,1000000.0,3.194223662650429,0.0,0.0,467.9991893298967,146514220.27898046,146514220.27898046
2015,분할매수,70,2020-10-31,260.32635498046875,1133.99,0.63,분할매수,0.0,0.0,0.0,467.9991893298967,1000000.0,1000000.0,3.3874480039414943,0.0,0.0,464.6117413259552,137156862.86117226,137156862.86117226
2015,분할매수,71,2020-11-30,289.54986572265625,1105.79,0.66,분할매수,0.0,0.0,0.0,464.6117413259552,1000000.0,1000000.0,3.123230045842461,0.0,0.0,461.4885112801128,147760012.71325848,147760012.71325848
2015,분할매수,72,2020-12-31,303.7449035644531,1086.11,0.66,분할매수,0.0,0.0,0.0,461.4885112801128,1000000.0,1000000.0,3.0312181163778047,0.0,0.0,458.45729316373496,151245233.94956967,151245233.94956967
2015,분할매수,73,2021-01-31,304.5386962890625,1118.35,0.68,분할매수,0.0,0.0,0.0,458.45729316373496,1000000.0,1000000.0,2.936160377422551,0.0,0.0,455.5211327863124,155141775.05051082,155141775.05051082
2015,분할매수,74,2021-02-28,304.1322326660156,1123.36,0.73,분할매수,0.0,0.0,0.0,455.5211327863124,1000000.0,1000000.0,2.9269721768865664,0.0,0.0,452.59416060942584,154628788.13246945,154628788.13246945
2015,분할매수,75,2021-03-31,309.3534240722656,1126.72,0.75,분할매수,0.0,0.0,0.0,452.59416060942584,1000000.0,1000000.0,2.8689902295793304,0.0,0.0,449.72517037984653,156753817.33376905,156753817.33376905
2015,분할매수,76,2021-04-30,327.6355895996094,1115.58,0.74,분할매수,0.0,0.0,0.0,449.72517037984653,1000000.0,1000000.0,2.7359503331429273,0.0,0.0,446.9892200467036,163376218.7244182,163376218.7244182
2015,분할매수,77,2021-05-31,323.6999206542969,1114.48,0.68,분할매수,0.0,0.0,0.0,446.9892200467036,1000000.0,1000000.0,2.7719483121831776,0.0,0.0,444.21727173452047,160254529.1995926,160254529.1995926
2015,분할매수,78,2021-06-30,343.970458984375,1130.42,0.66,분할매수,0.0,0.0,0.0,444.21727173452047,1000000.0,1000000.0,2.5718108334826013,0.0,0.0,441.64546090103784,171725484.29737598,171725484.29737598
2015,분할매수,79,2021-07-31,353.8113098144531,1151.86,0.69,분할매수,0.0,0.0,0.0,441.64546090103784,1000000.0,1000000.0,2.4537402766897563,0.0,0.0,439.1917206243481,178988674.87998533,178988674.87998533
2015,분할매수,80,2021-08-31,368.7373352050781,1158.32,0.77,분할매수,0.0,0.0,0.0,439.1917206243481,1000000.0,1000000.0,2.341285266180246,0.0,0.0,436.85043535816783,186585736.33399206,186585736.33399206
2015,분할매수,81,2021-09-30,347.7815246582031,1183.7,0.98,분할매수,0.0,0.0,0.0,436.85043535816783,1000000.0,1000000.0,2.4291360838413016,0.0,0.0,434.42129927432654,178837777.82731578,178837777.82731578
2015,분할매수,82,2021-10-31,375.1310729980469,1174.94,1.08,분할매수,0.0,0.0,0.0,434.42129927432654,1000000.0,1000000.0,2.268826423209901,0.0,0.0,432.15247285111667,190474012.65704313,190474012.65704313
2015,분할매수,83,2021-11-30,382.6218566894531,1187.45,1.17,분할매수,0.0,0.0,0.0,432.15247285111667,1000000.0,1000000.0,2.200973904107376,0.0,0.0,429.95149894700927,195346023.0240121,195346023.0240121
2015,분할매수,84,2021-12-31,387.0309143066406,1188.59,1.27,분할매수,0.0,0.0,0.0,429.95149894700927,1000000.0,1000000.0,2.173813452408931,0.0,0.0,427.77768549460035,196786750.50085583,196786750.50085583
2015,분할매수,85,2022-01-31,353.17724609375,1206.78,1.39,분할매수,0.0,0.0,0.0,427.77768549460035,1000000.0,1000000.0,2.3462764427525804,0.0,0.0,425.43140905184777,181321945.40245414,181321945.40245414
2015,분할매수,86,2022-02-28,337.3691711425781,1202.28,1.5,분할매수,0.0,0.0,0.0,425.43140905184777,1000000.0,1000000.0,2.4654090348902273,0.0,0.0,422.96600001695754,171560172.78722683,171560172.78722683
2015,분할매수,87,2022-03-31,353.1171875,1211.55,1.5,분할매수,0.0,0.0,0.0,422.96600001695754,1000000.0,1000000.0,2.3374363915648937,0.0,0.0,420.62856362539264,179952945.5189946,179952945.5189946
2015,분할매수,88,2022-04-30,305.1082763671875,1255.87,1.64,분할매수,0.0,0.0,0.0,420.62856362539264,1000000.0,1000000.0,2.609764536558292,0.0,0.0,418.0187990888343,160174909.741133,160174909.741133
2015,분할매수,89,2022-05-31,300.26739501953125,1236.93,1.77,분할매수,0.0,0.0,0.0,418.0187990888343,1000000.0,1000000.0,2.6924441345542958,0.0,0.0,415.32635495428,154256257.21405458,154256257.21405458
2015,분할매수,90,2022-06-30,273.51995849609375,1298.95,1.99,분할매수,0.0,0.0,0.0,415.32635495428,1000000.0,1000000.0,2.8146120578006033,0.0,0.0,412.5117428964794,146560781.53051925,146560781.53051925
2015,분할매수,91,2022-07-31,307.8514709472656,1299.08,2.41,분할매수,0.0,0.0,0.0,412.5117428964794,1000000.0,1000000.0,2.5004770355192028,0.0,0.0,410.0112658609602,163973217.92472485,163973217.92472485
2015,분할매수,92,2022-08-31,292.05194091796875,1338.66,2.79,분할매수,0.0,0.0,0.0,410.0112658609602,1000000.0,1000000.0,2.557817866372707,0.0,0.0,407.45344799458746,159297287.4852913,159297287.4852913
2015,분할매수,93,2022-09-30,261.2827453613281,1431.67,3.01,분할매수,0.0,0.0,0.0,407.45344799458746,1000000.0,1000000.0,2.6732916676119927,0.0,0.0,404.7801563269755,151416383.49120316,151416383.49120316
2015,분할매수,94,2022-10-31,271.7336730957031,1424.6,3.69,분할매수,0.0,0.0,0.0,404.7801563269755,1000000.0,1000000.0,2.583233122948915,0.0,0.0,402.1969232040266,155695171.1523793,155695171.1523793
2015,분할매수,95,2022-11-30,286.7989501953125,1316.84,3.99,분할매수,0.0,0.0,0.0,402.1969232040266,1000000.0,1000000.0,2.647825940620462,0.0,0.0,399.5490972634061,150897040.1467478,150897040.1467478
2015,분할매수,96,2022-12-31,260.9478454589844,1260.18,4.02,분할매수,0.0,0.0,0.0,399.5490972634061,1000000.0,1000000.0,3.040980966004395,0.0,0.0,396.5081162974017,130388226.93401518,130388226.93401518
2015,분할매수,97,2023-01-31,288.7203369140625,1231.95,3.8,분할매수,0.0,0.0,0.0,396.5081162974017,1000000.0,1000000.0,2.8114446789478102,0.0,0.0,393.69667161845393,140033582.93565848,140033582.93565848
2015,분할매수,98,2023-02-28,287.6816101074219,1323.45,3.52,분할매수,0.0,0.0,0.0,393.69667161845393,1000000.0,1000000.0,2.626517876227495,0.0,0.0,391.07015374222647,148893010.5071,148893010.5071
2015,분할매수,99,2023-03-31,314.9904479980469,1303.8,3.61,분할매수,0.0,0.0,0.0,391.07015374222647,1000000.0,1000000.0,2.4349589228440576,0.0,0.0,388.63519481938243,159606468.5828262,159606468.5828262
2015,분할매수,100,2023-04-30,316.59027099609375,1338.41,3.5,분할매수,0.0,0.0,0.0,388.63519481938243,1000000.0,1000000.0,2.360006844810072,0.0,0.0,386.27518797457236,163675452.392876,163675452.392876
2015,분할매수,101,2023-05-31,341.549560546875,1324.55,3.64,분할매수,0.0,0.0,0.0,386.27518797457236,1000000.0,1000000.0,2.210435832443378,0.0,0.0,384.064752142129,173750690.47699538,173750690.47699538
2015,분할매수,102,2023-06-30,363.08038330078125,1317.8,3.75,분할매수,0.0,0.0,0.0,384.064752142129,1000000.0,1000000.0,2.090006859720658,0.0,0.0,381.9747452824084,182762436.16418636,182762436.16418636
2015,분할매수,103,2023-07-31,377.0956115722656,1273.85,3.75,분할매수,0.0,0.0,0.0,381.9747452824084,1000000.0,1000000.0,2.081757942187233,0.0,0.0,379.89298734022117,182486628.07601944,182486628.07601944
2015,분할매수,104,2023-08-31,371.50323486328125,1322.43,3.7,분할매수,0.0,0.0,0.0,379.89298734022117,1000000.0,1000000.0,2.0354700072013694,0.0,0.0,377.8575173330198,185636494.7634614,185636494.7634614
2015,분할매수,105,2023-09-30,352.63140869140625,1347.86,3.76,분할매수,0.0,0.0,0.0,377.8575173330198,1000000.0,1000000.0,2.103944226181571,0.0,0.0,375.75357310683825,178594835.56215268,178594835.56215268
2015,분할매수,106,2023-10-31,345.3478088378906,1351.03,3.82,분할매수,0.0,0.0,0.0,375.75357310683825,1000000.0,1000000.0,2.1432769947109764,0.0,0.0,373.6102961121273,174317317.3761934,174317317.3761934
2015,분할매수,107,2023-11-30,382.7104797363281,1289.95,3.83,분할매수,0.0,0.0,0.0,373.6102961121273,1000000.0,1000000.0,2.025614366294848,0.0,0.0,371.5846817458324,183442953.37197697,183442953.37197697
2015,분할매수,108,2023-12-31,404.09228515625,1290.97,3.83,분할매수,0.0,0.0,0.0,371.5846817458324,1000000.0,1000000.0,1.9169169202556255,0.0,0.0,369.6677648255768,192844958.96477386,192844958.96477386
2015,분할매수,109,2024-01-31,411.4436340332031,1334.9,3.74,분할매수,0.0,0.0,0.0,369.6677648255768,1000000.0,1000000.0,1.8207105962734347,0.0,0.0,367.84705422930335,202034884.06240922,202034884.06240922
2015,분할매수,110,2024-02-29,433.1816101074219,1336.19,3.69,분할매수,0.0,0.0,0.0,367.84705422930335,1000000.0,1000000.0,1.7276738968300585,0.0,0.0,366.11938033247327,211914633.3137465,211914633.3137465
2015,분할매수,111,2024-03-31,438.7045593261719,1347.08,3.65,분할매수,0.0,0.0,0.0,366.11938033247327,1000000.0,1000000.0,1.6921328779173899,0.0,0.0,364.42724745455587,215365620.63794804,215365620.63794804
2015,분할매수,112,2024-04-30,419.5166015625,1381.92,3.57,분할매수,0.0,0.0,0.0,364.42724745455587,1000000.0,1000000.0,1.7249159810607404,0.0,0.0,362.7023314734951,210272462.80740622,210272462.80740622
2015,분할매수,113,2024-05-31,445.32452392578125,1385.43,3.6,분할매수,0.0,0.0,0.0,362.7023314734951,1000000.0,1000000.0,1.6208349773598212,0.0,0.0,361.0814964961353,222774990.3844629,222774990.3844629
2015,분할매수,114,2024-06-30,474.1375427246094,1376.55,3.6,분할매수,0.0,0.0,0.0,361.0814964961353,1000000.0,1000000.0,1.5321583933728045,0.0,0.0,359.5493381027625,234668517.0788847,234668517.0788847
2015,분할매수,115,2024-07-31,466.1809997558594,1369.29,3.54,분할매수,0.0,0.0,0.0,359.5493381027625,1000000.0,1000000.0,1.566570682133304,0.0,0.0,357.98276742062916,228513639.0610477,228513639.0610477
2015,분할매수,116,2024-08-31,471.3270263671875,1336.0,3.5,분할매수,0.0,0.0,0.0,357.98276742062916,1000000.0,1000000.0,1.5880756929666378,0.0,0.0,356.3946917276625,224419209.55410632,224419209.55410632
2015,분할매수,117,2024-09-30,483.6833190917969,1314.94,3.52,분할매수,0.0,0.0,0.0,356.3946917276625,1000000.0,1000000.0,1.572291089963802,0.0,0.0,354.8224006376987,225672207.20297256,225672207.20297256
2015,분할매수,118,2024-10-31,479.5012512207031,1377.57,3.43,분할매수,0.0,0.0,0.0,354.8224006376987,1000000.0,1000000.0,1.5138978731955635,0.0,0.0,353.30850276450315,233376708.57462338,233376708.57462338
2015,분할매수,119,2024-11-30,505.1585693359375,1396.99,3.42,분할매수,0.0,0.0,0.0,353.30850276450315,1000000.0,1000000.0,1.4170297821776514,0.0,0.0,351.89147298232547,248330329.6854838,248330329.6854838
2015,분할매수,120,2024-12-31,507.45208740234375,1477.86,3.35,분할매수,0.0,0.0,0.0,351.89147298232547,1000000.0,1000000.0,1.3334344220841936,0.0,0.0,350.5580385602413,262898596.85211194,262898596.85211194
2016,일시매수,0,2015-12-31,103.79549407958984,1169.26,1.67,전액매수,100000000.0,0.0,100000000.0,0.0,0.0,0.0,0.0,100000000.0,0.0,823.968115797513,99999999.99999999,99999999.99999999
2016,일시매수,1,2016-01-31,96.6227798461914,1210.04,1.67,전액매수,0.0,0.0,0.0,823.968115797513,1000000.0,1000000.0,8.55304476513904,0.0,0.0,815.4150710323739,95336233.28570506,95336233.28570506
2016,일시매수,2,2016-02-29,95.11029052734375,1238.09,1.64,전액매수,0.0,0.0,0.0,815.4150710323739,1000000.0,1000000.0,8.492201215959062,0.0,0.0,806.9228698164148,95019282.90394205,95019282.90394205
2016,일시매수,3,2016-03-31,101.62784576416016,1138.86,1.63,전액매수,0.0,0.0,0.0,806.9228698164148,1000000.0,1000000.0,8.64006362535049,0.0,0.0,798.2828061910643,92393162.92172344,92393162.92172344
2016,일시매수,4,2016-04-30,98.38916778564453,1144.09,1.61,전액매수,0.0,0.0,0.0,798.2828061910643,1000000.0,1000000.0,8.883672161918165,0.0,0.0,789.3991340291461,88859552.63107087,88859552.63107087
2016,일시매수,5,2016-05-31,102.68879699707031,1188.99,1.58,전액매수,0.0,0.0,0.0,789.3991340291461,1000000.0,1000000.0,8.190279673862781,0.0,0.0,781.2088543552834,95382439.36264047,95382439.36264047
2016,일시매수,6,2016-06-30,100.34950256347656,1154.15,1.43,전액매수,0.0,0.0,0.0,781.2088543552834,1000000.0,1000000.0,8.634208266045675,0.0,0.0,772.5746460892377,89478342.69036739,89478342.69036739
2016,일시매수,7,2016-07-31,107.52534484863281,1112.89,1.36,전액매수,0.0,0.0,0.0,772.5746460892377,1000000.0,1000000.0,8.356740491820076,0.0,0.0,764.2179055974176,91449280.53533141,91449280.53533141
2016,일시매수,8,2016-08-31,108.6544189453125,1115.98,1.35,전액매수,0.0,0.0,0.0,764.2179055974176,1000000.0,1000000.0,8.247003803724308,0.0,0.0,755.9709017936933,91666127.45495525,91666127.45495525
2016,일시매수,9,2016-09-30,111.05952453613281,1097.98,1.34,전액매수,0.0,0.0,0.0,755.9709017936933,1000000.0,1000000.0,8.200678020975545,0.0,0.0,747.7702237727178,91183951.114784,91183951.114784
2016,일시매수,10,2016-10-31,109.44116973876953,1145.37,1.35,전액매수,0.0,0.0,0.0,747.7702237727178,1000000.0,1000000.0,7.977622285490401,0.0,0.0,739.7926014872274,92733470.57716092,92733470.57716092
2016,일시매수,11,2016-11-30,109.91825103759766,1175.87,1.42,전액매수,0.0,0.0,0.0,739.7926014872274,1000000.0,1000000.0,7.7369694168529275,0.0,0.0,732.0556320703745,94617878.47781669,94617878.47781669
2016,일시매수,12,2016-12-31,111.16278076171875,1203.73,1.54,전액매수,0.0,0.0,0.0,732.0556320703745,1000000.0,1000000.0,7.473284460506867,0.0,0.0,724.5823476098676,96956345.15706949,96956345.15706949
2016,일시매수,13,2017-01-31,116.8766860961914,1151.45,1.5,전액매수,0.0,0.0,0.0,724.5823476098676,1000000.0,1000000.0,7.430653783646564,0.0,0.0,717.151693826221,96512596.96751498,96512596.96751498
2016,일시매수,14,2017-02-28,121.99009704589844,1129.17,1.49,전액매수,0.0,0.0,0.0,717.151693826221,1000000.0,1000000.0,7.259656834436199,0.0,0.0,709.8920369917848,97785894.45501201,97785894.45501201
2016,일시매수,15,2017-03-31,124.46270751953125,1117.48,1.48,전액매수,0.0,0.0,0.0,709.8920369917848,1000000.0,1000000.0,7.189869315437843,0.0,0.0,702.702167676347,97735040.35289332,97735040.35289332
2016,일시매수,16,2017-04-30,127.85678100585938,1136.99,1.43,전액매수,0.0,0.0,0.0,702.702167676347,1000000.0,1000000.0,6.878909388273054,0.0,0.0,695.8232582880739,101153136.20416214,101153136.20416214
2016,일시매수,17,2017-05-31,132.83978271484375,1119.58,1.39,전액매수,0.0,0.0,0.0,695.8232582880739,1000000.0,1000000.0,6.723829801861346,0.0,0.0,689.0994284862126,102486149.82720867,102486149.82720867
2016,일시매수,18,2017-06-30,129.76060485839844,1143.75,1.38,전액매수,0.0,0.0,0.0,689.0994284862126,1000000.0,1000000.0,6.737922814438256,0.0,0.0,682.3615056717744,101271790.20359011,101271790.20359011
2016,일시매수,19,2017-07-31,135.0306396484375,1121.86,1.39,전액매수,0.0,0.0,0.0,682.3615056717744,1000000.0,1000000.0,6.60129303214384,0.0,0.0,675.7602126396305,102367855.7138934,102367855.7138934
2016,일시매수,20,2017-08-31,137.83059692382812,1122.36,1.39,전액매수,0.0,0.0,0.0,675.7602126396305,1000000.0,1000000.0,6.464310111012158,0.0,0.0,669.2959025286183,103537096.92677823,103537096.92677823
2016,일시매수,21,2017-09-30,137.42367553710938,1142.57,1.38,전액매수,0.0,0.0,0.0,669.2959025286183,1000000.0,1000000.0,6.368770851011641,0.0,0.0,662.9271316776067,104090278.51462181,104090278.51462181
2016,일시매수,22,2017-10-31,143.75392150878906,1115.68,1.38,전액매수,0.0,0.0,0.0,662.9271316776067,1000000.0,1000000.0,6.235060205407442,0.0,0.0,656.6920714721992,105322490.85625093,105322490.85625093
2016,일시매수,23,2017-11-30,146.5884246826172,1084.79,1.45,전액매수,0.0,0.0,0.0,656.6920714721992,1000000.0,1000000.0,6.2886098156397425,0.0,0.0,650.4034616565596,103425634.71484734,103425634.71484734
2016,일시매수,24,2017-12-31,147.4724884033203,1067.42,1.66,전액매수,0.0,0.0,0.0,650.4034616565596,1000000.0,1000000.0,6.352631382658852,0.0,0.0,644.0508302739007,101383315.27184212,101383315.27184212
2016,일시매수,25,2018-01-31,160.3867645263672,1068.33,1.66,전액매수,0.0,0.0,0.0,644.0508302739007,1000000.0,1000000.0,5.836144677053632,0.0,0.0,638.2146855968471,109355528.50602888,109355528.50602888
2016,일시매수,26,2018-02-28,158.31326293945312,1082.12,1.65,전액매수,0.0,0.0,0.0,638.2146855968471,1000000.0,1000000.0,5.837236320435129,0.0,0.0,632.3774492764119,108335077.5199165,108335077.5199165
2016,일시매수,27,2018-03-31,151.85598754882812,1060.99,1.65,전액매수,0.0,0.0,0.0,632.3774492764119,1000000.0,1000000.0,6.206643328959487,0.0,0.0,626.1708059474524,100887190.18633005,100887190.18633005
2016,일시매수,28,2018-04-30,152.62411499023438,1069.07,1.65,전액매수,0.0,0.0,0.0,626.1708059474524,1000000.0,1000000.0,6.12873295913748,0.0,0.0,620.042072988315,101169699.69524921,101169699.69524921
2016,일시매수,29,2018-05-31,161.2823486328125,1080.75,1.65,전액매수,0.0,0.0,0.0,620.042072988315,1000000.0,1000000.0,5.737040512337957,0.0,0.0,614.305032475977,107076990.50666727,107076990.50666727
2016,일시매수,30,2018-06-30,163.1290740966797,1111.79,1.65,전액매수,0.0,0.0,0.0,614.305032475977,1000000.0,1000000.0,5.513734696064479,0.0,0.0,608.7912977799125,110413600.09839565,110413600.09839565
2016,일시매수,31,2018-07-31,167.6908416748047,1112.75,1.65,전액매수,0.0,0.0,0.0,608.7912977799125,1000000.0,1000000.0,5.359114703004297,0.0,0.0,603.4321830769082,112599228.88730608,112599228.88730608
2016,일시매수,32,2018-08-31,177.38449096679688,1116.5,1.65,전액매수,0.0,0.0,0.0,603.4321830769082,1000000.0,1000000.0,5.049235495100367,0.0,0.0,598.3829475818079,118509613.61625172,118509613.61625172
2016,일시매수,33,2018-09-30,176.8849639892578,1109.76,1.65,전액매수,0.0,0.0,0.0,598.3829475818079,1000000.0,1000000.0,5.094247199356835,0.0,0.0,593.2887003824511,116462487.42254904,116462487.42254904
2016,일시매수,34,2018-10-31,161.68032836914062,1140.78,1.68,전액매수,0.0,0.0,0.0,593.2887003824511,1000000.0,1000000.0,5.42176786129744,0.0,0.0,587.8669325211537,108427167.58818886,108427167.58818886
2016,일시매수,35,2018-11-30,161.25193786621094,1118.61,1.71,전액매수,0.0,0.0,0.0,587.8669325211537,1000000.0,1000000.0,5.543912408842806,0.0,0.0,582.3230201123108,105038279.31759486,105038279.31759486
2016,일시매수,36,2018-12-31,147.2863311767578,1112.85,1.91,전액매수,0.0,0.0,0.0,582.3230201123108,1000000.0,1000000.0,6.100998603731652,0.0,0.0,576.2220215085791,94447164.95364138,94447164.95364138
2016,일시매수,37,2019-01-31,160.55799865722656,1111.82,1.87,전액매수,0.0,0.0,0.0,576.2220215085791,1000000.0,1000000.0,5.601877039001956,0.0,0.0,570.6201444695772,101862311.59605037,101862311.59605037
2016,일시매수,38,2019-02-28,165.36058044433594,1124.65,1.87,전액매수,0.0,0.0,0.0,570.6201444695772,1000000.0,1000000.0,5.377131089960818,0.0,0.0,565.2430133796164,105119812.7631542,105119812.7631542
2016,일시매수,39,2019-03-31,171.85031127929688,1136.3,1.9,전액매수,0.0,0.0,0.0,565.2430133796164,1000000.0,1000000.0,5.121022337454769,0.0,0.0,560.1219910421617,109376986.4945661,109376986.4945661
2016,일시매수,40,2019-04-30,181.30081176757812,1165.1,1.86,전액매수,0.0,0.0,0.0,560.1219910421617,1000000.0,1000000.0,4.734095875895419,0.0,0.0,555.3878951662663,117316571.04667716,117316571.04667716
2016,일시매수,41,2019-05-31,166.3885498046875,1190.5,1.84,전액매수,0.0,0.0,0.0,555.3878951662663,1000000.0,1000000.0,5.048323345097929,0.0,0.0,550.3395718211683,109014326.97562139,109014326.97562139
2016,일시매수,42,2019-06-30,179.0174560546875,1154.58,1.8,전액매수,0.0,0.0,0.0,550.3395718211683,1000000.0,1000000.0,4.838164032129153,0.0,0.0,545.5014077890391,112749672.01741977,112749672.01741977
2016,일시매수,43,2019-07-31,183.1971893310547,1182.74,1.68,전액매수,0.0,0.0,0.0,545.5014077890391,1000000.0,1000000.0,4.615214696469642,0.0,0.0,540.8861930925696,117196323.17567253,117196323.17567253
2016,일시매수,44,2019-08-31,179.71731567382812,1211.32,1.49,전액매수,0.0,0.0,0.0,540.8861930925696,1000000.0,1000000.0,4.5935789915566225,0.0,0.0,536.292614101013,116748316.52764937,116748316.52764937
2016,일시매수,45,2019-09-30,181.3668670654297,1195.85,1.54,전액매수,0.0,0.0,0.0,536.292614101013,1000000.0,1000000.0,4.610683817946259,0.0,0.0,531.6819302830668,115315200.79810946,115315200.79810946
2016,일시매수,46,2019-10-31,189.31082153320312,1169.1,1.46,전액매수,0.0,0.0,0.0,531.6819302830668,1000000.0,1000000.0,4.5182774872499225,0.0,0.0,527.1636527958168,116673589.50029388,116673589.50029388
2016,일시매수,47,2019-11-30,197.0147247314453,1181.33,1.52,전액매수,0.0,0.0,0.0,527.1636527958168,1000000.0,1000000.0,4.2966510161918094,0.0,0.0,522.867001779625,121691754.76649494,121691754.76649494
2016,일시매수,48,2019-12-31,204.67141723632812,1155.46,1.53,전액매수,0.0,0.0,0.0,522.867001779625,1000000.0,1000000.0,4.228515117742067,0.0,0.0,518.6384866618829,122652626.80172807,122652626.80172807
2016,일시매수,49,2020-01-31,210.8901824951172,1191.3,1.47,전액매수,0.0,0.0,0.0,518.6384866618829,1000000.0,1000000.0,3.9803613048086475,0.0,0.0,514.6581253570743,129299348.96495935,129299348.96495935
2016,일시매수,50,2020-02-29,198.11570739746094,1214.92,1.42,전액매수,0.0,0.0,0.0,514.6581253570743,1000000.0,1000000.0,4.154640104773938,0.0,0.0,510.5034852523003,122875501.21747017,122875501.21747017
2016,일시매수,51,2020-03-31,183.68133544921875,1218.92,1.23,전액매수,0.0,0.0,0.0,510.5034852523003,1000000.0,1000000.0,4.466422151437308,0.0,0.0,506.037063100863,113298081.98672372,113298081.98672372
2016,일시매수,52,2020-04-30,211.18528747558594,1203.95,1.1,전액매수,0.0,0.0,0.0,506.037063100863,1000000.0,1000000.0,3.933035711470431,0.0,0.0,502.10402738939257,127663226.12455319,127663226.12455319
2016,일시매수,53,2020-05-31,225.1253662109375,1236.61,1.02,전액매수,0.0,0.0,0.0,502.10402738939257,1000000.0,1000000.0,3.5920536417049425,0.0,0.0,498.51197374768765,138781884.5352968,138781884.5352968
2016,일시매수,54,2020-06-30,239.27830505371094,1200.5,0.79,전액매수,0.0,0.0,0.0,498.51197374768765,1000000.0,1000000.0,3.481244384190199,0.0,0.0,495.03072936349747,142199361.70285577,142199361.70285577
2016,일시매수,55,2020-07-31,256.8569030761719,1192.68,0.79,전액매수,0.0,0.0,0.0,495.03072936349747,1000000.0,1000000.0,3.264260587394414,0.0,0.0,491.76646877610307,150651719.00648993,150651719.00648993
2016,일시매수,56,2020-08-31,284.9691467285156,1187.48,0.68,전액매수,0.0,0.0,0.0,491.76646877610307,1000000.0,1000000.0,2.955124987704449,0.0,0.0,488.81134378839863,165411394.04330537,165411394.04330537
2016,일시매수,57,2020-09-30,268.5018615722656,1165.97,0.63,전액매수,0.0,0.0,0.0,488.81134378839863,1000000.0,1000000.0,3.194223662650429,0.0,0.0,485.6171201257482,152029779.81911388,152029779.81911388
2016,일시매수,58,2020-10-31,260.32635498046875,1133.99,0.63,전액매수,0.0,0.0,0.0,485.6171201257482,1000000.0,1000000.0,3.3874480039414943,0.0,0.0,482.22967212180674,142357807.87209257,142357807.87209257
2016,일시매수,59,2020-11-30,289.54986572265625,1105.79,0.66,전액매수,0.0,0.0,0.0,482.22967212180674,1000000.0,1000000.0,3.123230045842461,0.0,0.0,479.1064420759643,153400945.5095166,153400945.5095166
2016,일시매수,60,2020-12-31,303.7449035644531,1086.11,0.66,전액매수,0.0,0.0,0.0,479.1064420759643,1000000.0,1000000.0,3.0312181163778047,0.0,0.0,476.0752239595865,157057395.96478757,157057395.96478757
2016,일시매수,61,2021-01-31,304.5386962890625,1118.35,0.68,전액매수,0.0,0.0,0.0,476.0752239595865,1000000.0,1000000.0,2.936160377422551,0.0,0.0,473.13906358216394,161142104.9137307,161142104.9137307
2016,일시매수,62,2021-02-28,304.1322326660156,1123.36,0.73,전액매수,0.0,0.0,0.0,473.13906358216394,1000000.0,1000000.0,2.9269721768865664,0.0,0.0,470.21209140527736,160647953.92262462,160647953.92262462
2016,일시매수,63,2021-03-31,309.3534240722656,1126.72,0.75,전액매수,0.0,0.0,0.0,470.21209140527736,1000000.0,1000000.0,2.8689902295793304,0.0,0.0,467.34310117569805,162894629.74024236,162894629.74024236
2016,일시매수,64,2021-04-30,327.6355895996094,1115.58,0.74,전액매수,0.0,0.0,0.0,467.34310117569805,1000000.0,1000000.0,2.7359503331429273,0.0,0.0,464.60715084255514,169815637.81124526,169815637.81124526
2016,일시매수,65,2021-05-31,323.6999206542969,1114.48,0.68,전액매수,0.0,0.0,0.0,464.60715084255514,1000000.0,1000000.0,2.7719483121831776,0.0,0.0,461.835202530372,166610322.60252792,166610322.60252792
2016,일시매수,66,2021-06-30,343.970458984375,1130.42,0.66,전액매수,0.0,0.0,0.0,461.835202530372,1000000.0,1000000.0,2.5718108334826013,0.0,0.0,459.26339169688936,178575883.46611825,178575883.46611825
2016,일시매수,67,2021-07-31,353.8113098144531,1151.86,0.69,전액매수,0.0,0.0,0.0,459.26339169688936,1000000.0,1000000.0,2.4537402766897563,0.0,0.0,456.8096514201996,186168705.6938493,186168705.6938493
2016,일시매수,68,2021-08-31,368.7373352050781,1158.32,0.77,전액매수,0.0,0.0,0.0,456.8096514201996,1000000.0,1000000.0,2.341285266180246,0.0,0.0,454.46836615401935,194110633.47076634,194110633.47076634
2016,일시매수,69,2021-09-30,347.7815246582031,1183.7,0.98,전액매수,0.0,0.0,0.0,454.46836615401935,1000000.0,1000000.0,2.4291360838413016,0.0,0.0,452.03923007017806,186090533.61693436,186090533.61693436
2016,일시매수,70,2021-10-31,375.1310729980469,1174.94,1.08,전액매수,0.0,0.0,0.0,452.03923007017806,1000000.0,1000000.0,2.268826423209901,0.0,0.0,449.7704036469682,198239230.22310352,198239230.22310352
2016,일시매수,71,2021-11-30,382.6218566894531,1187.45,1.17,전액매수,0.0,0.0,0.0,449.7704036469682,1000000.0,1000000.0,2.200973904107376,0.0,0.0,447.5694297428608,203350629.87690282,203350629.87690282
2016,일시매수,72,2021-12-31,387.0309143066406,1188.59,1.27,전액매수,0.0,0.0,0.0,447.5694297428608,1000000.0,1000000.0,2.173813452408931,0.0,0.0,445.39561629045187,204891369.95489776,204891369.95489776
2016,일시매수,73,2022-01-31,353.17724609375,1206.78,1.39,전액매수,0.0,0.0,0.0,445.39561629045187,1000000.0,1000000.0,2.3462764427525804,0.0,0.0,443.0493398476993,188830835.00933385,188830835.00933385
2016,일시매수,74,2022-02-28,337.3691711425781,1202.28,1.5,전액매수,0.0,0.0,0.0,443.0493398476993,1000000.0,1000000.0,2.4654090348902273,0.0,0.0,440.58393081280906,178706220.58153775,178706220.58153775
2016,일시매수,75,2022-03-31,353.1171875,1211.55,1.5,전액매수,0.0,0.0,0.0,440.58393081280906,1000000.0,1000000.0,2.3374363915648937,0.0,0.0,438.24649442124417,187490233.3183244,187490233.3183244
2016,일시매수,76,2022-04-30,305.1082763671875,1255.87,1.64,전액매수,0.0,0.0,0.0,438.24649442124417,1000000.0,1000000.0,2.609764536558292,0.0,0.0,435.63672988468585,166925683.82402623,166925683.82402623
2016,일시매수,77,2022-05-31,300.26739501953125,1236.93,1.77,전액매수,0.0,0.0,0.0,435.63672988468585,1000000.0,1000000.0,2.6924441345542958,0.0,0.0,432.94428575013154,160799728.4674583,160799728.4674583
2016,일시매수,78,2022-06-30,273.51995849609375,1298.95,1.99,전액매수,0.0,0.0,0.0,432.94428575013154,1000000.0,1000000.0,2.8146120578006033,0.0,0.0,430.1296736923309,152820234.14212304,152820234.14212304
2016,일시매수,79,2022-07-31,307.8514709472656,1299.08,2.41,전액매수,0.0,0.0,0.0,430.1296736923309,1000000.0,1000000.0,2.5004770355192028,0.0,0.0,427.6291966568117,171019045.79900217,171019045.79900217
2016,일시매수,80,2022-08-31,292.05194091796875,1338.66,2.79,전액매수,0.0,0.0,0.0,427.6291966568117,1000000.0,1000000.0,2.557817866372707,0.0,0.0,425.071378790439,166185162.8995153,166185162.8995153
2016,일시매수,81,2022-09-30,261.2827453613281,1431.67,3.01,전액매수,0.0,0.0,0.0,425.071378790439,1000000.0,1000000.0,2.6732916676119927,0.0,0.0,422.398087122827,158006734.6336916,158006734.6336916
2016,일시매수,82,2022-10-31,271.7336730957031,1424.6,3.69,전액매수,0.0,0.0,0.0,422.398087122827,1000000.0,1000000.0,2.583233122948915,0.0,0.0,419.8148539998781,162515279.89105156,162515279.89105156
2016,일시매수,83,2022-11-30,286.7989501953125,1316.84,3.99,전액매수,0.0,0.0,0.0,419.8148539998781,1000000.0,1000000.0,2.647825940620462,0.0,0.0,417.16702805925763,157550774.64098844,157550774.64098844
2016,일시매수,84,2022-12-31,260.9478454589844,1260.18,4.02,전액매수,0.0,0.0,0.0,417.16702805925763,1000000.0,1000000.0,3.040980966004395,0.0,0.0,414.12604709325325,136181729.42311496,136181729.42311496
2016,일시매수,85,2023-01-31,288.7203369140625,1231.95,3.8,전액매수,0.0,0.0,0.0,414.12604709325325,1000000.0,1000000.0,2.8114446789478102,0.0,0.0,411.31460241430545,146300087.45832443,146300087.45832443
2016,일시매수,86,2023-02-28,287.6816101074219,1323.45,3.52,전액매수,0.0,0.0,0.0,411.31460241430545,1000000.0,1000000.0,2.626517876227495,0.0,0.0,408.688084538078,155600724.53231594,155600724.53231594
2016,일시매수,87,2023-03-31,314.9904479980469,1303.8,3.61,전액매수,0.0,0.0,0.0,408.688084538078,1000000.0,1000000.0,2.4349589228440576,0.0,0.0,406.25312561523396,166841880.49493912,166841880.49493912
2016,일시매수,88,2023-04-30,316.59027099609375,1338.41,3.5,전액매수,0.0,0.0,0.0,406.25312561523396,1000000.0,1000000.0,2.360006844810072,0.0,0.0,403.8931187704239,171140655.6547205,171140655.6547205
2016,일시매수,89,2023-05-31,341.549560546875,1324.55,3.64,전액매수,0.0,0.0,0.0,403.8931187704239,1000000.0,1000000.0,2.210435832443378,0.0,0.0,401.68268293798053,181721033.03897646,181721033.03897646
2016,일시매수,90,2023-06-30,363.08038330078125,1317.8,3.75,전액매수,0.0,0.0,0.0,401.68268293798053,1000000.0,1000000.0,2.090006859720658,0.0,0.0,399.5926760782599,191192040.45658866,191192040.45658866
2016,일시매수,91,2023-07-31,377.0956115722656,1273.85,3.75,전액매수,0.0,0.0,0.0,399.5926760782599,1000000.0,1000000.0,2.081757942187233,0.0,0.0,397.5109181360727,190949634.47979996,190949634.47979996
2016,일시매수,92,2023-08-31,371.50323486328125,1322.43,3.7,전액매수,0.0,0.0,0.0,397.5109181360727,1000000.0,1000000.0,2.0354700072013694,0.0,0.0,395.47544812887134,194291955.53346556,194291955.53346556
2016,일시매수,93,2023-09-30,352.63140869140625,1347.86,3.76,전액매수,0.0,0.0,0.0,395.47544812887134,1000000.0,1000000.0,2.103944226181571,0.0,0.0,393.37150390268977,186968598.79057539,186968598.79057539
2016,일시매수,94,2023-10-31,345.3478088378906,1351.03,3.82,전액매수,0.0,0.0,0.0,393.37150390268977,1000000.0,1000000.0,2.1432769947109764,0.0,0.0,391.2282269079788,182537407.84482056,182537407.84482056
2016,일시매수,95,2023-11-30,382.7104797363281,1289.95,3.83,전액매수,0.0,0.0,0.0,391.2282269079788,1000000.0,1000000.0,2.025614366294848,0.0,0.0,389.20261254168395,192140527.3470655,192140527.3470655
2016,일시매수,96,2023-12-31,404.09228515625,1290.97,3.83,전액매수,0.0,0.0,0.0,389.20261254168395,1000000.0,1000000.0,1.9169169202556255,0.0,0.0,387.2856956214283,202035722.84696764,202035722.84696764
2016,일시매수,97,2024-01-31,411.4436340332031,1334.9,3.74,전액매수,0.0,0.0,0.0,387.2856956214283,1000000.0,1000000.0,1.8207105962734347,0.0,0.0,385.4649850251549,211711287.78736764,211711287.78736764
2016,일시매수,98,2024-02-29,433.1816101074219,1336.19,3.69,전액매수,0.0,0.0,0.0,385.4649850251549,1000000.0,1000000.0,1.7276738968300585,0.0,0.0,383.7373111283248,222112119.5570572,222112119.5570572
2016,일시매수,99,2024-03-31,438.7045593261719,1347.08,3.65,전액매수,0.0,0.0,0.0,383.7373111283248,1000000.0,1000000.0,1.6921328779173899,0.0,0.0,382.0451782504074,225777291.62771982,225777291.62771982
2016,일시매수,100,2024-04-30,419.5166015625,1381.92,3.57,전액매수,0.0,0.0,0.0,382.0451782504074,1000000.0,1000000.0,1.7249159810607404,0.0,0.0,380.32026226934664,220486253.5017317,220486253.5017317
2016,일시매수,101,2024-05-31,445.32452392578125,1385.43,3.6,전액매수,0.0,0.0,0.0,380.32026226934664,1000000.0,1000000.0,1.6208349773598212,0.0,0.0,378.6994272919868,233644653.8862645,233644653.8862645
2016,일시매수,102,2024-06-30,474.1375427246094,1376.55,3.6,전액매수,0.0,0.0,0.0,378.6994272919868,1000000.0,1000000.0,1.5321583933728045,0.0,0.0,377.167268898614,246167283.04985484,246167283.04985484
2016,일시매수,103,2024-07-31,466.1809997558594,1369.29,3.54,전액매수,0.0,0.0,0.0,377.167268898614,1000000.0,1000000.0,1.566570682133304,0.0,0.0,375.6006982164807,239759815.81948164,239759815.81948164
2016,일시매수,104,2024-08-31,471.3270263671875,1336.0,3.5,전액매수,0.0,0.0,0.0,375.6006982164807,1000000.0,1000000.0,1.5880756929666378,0.0,0.0,374.01262252351404,235513095.61626247,235513095.61626247
2016,일시매수,105,2024-09-30,483.6833190917969,1314.94,3.52,전액매수,0.0,0.0,0.0,374.01262252351404,1000000.0,1000000.0,1.572291089963802,0.0,0.0,372.4403314335502,236877467.41738817,236877467.41738817
2016,일시매수,106,2024-10-31,479.5012512207031,1377.57,3.43,전액매수,0.0,0.0,0.0,372.4403314335502,1000000.0,1000000.0,1.5138978731955635,0.0,0.0,370.92643356035467,245014171.77989447,245014171.77989447
2016,일시매수,107,2024-11-30,505.1585693359375,1396.99,3.42,전액매수,0.0,0.0,0.0,370.92643356035467,1000000.0,1000000.0,1.4170297821776514,0.0,0.0,369.509403778177,260763329.34253886,260763329.34253886
2016,일시매수,108,2024-12-31,507.45208740234375,1477.86,3.35,전액매수,0.0,0.0,0.0,369.509403778177,1000000.0,1000000.0,1.3334344220841936,0.0,0.0,368.1759693560928,276111043.2267257,276111043.2267257
2016,일시매수,109,2025-01-31,518.4302978515625,1453.86,3.04,전액매수,0.0,0.0,0.0,368.1759693560928,1000000.0,1000000.0,1.3267437107264872,0.0,0.0,366.84922564536635,276503459.31882364,276503459.31882364
2016,일시매수,110,2025-02-28,504.4147033691406,1459.04,2.95,전액매수,0.0,0.0,0.0,366.84922564536635,1000000.0,1000000.0,1.3587672296616473,0.0,0.0,365.4904584157047,268986806.89165366,268986806.89165366
2016,일시매수,111,2025-03-31,466.1488952636719,1474.44,2.84,전액매수,0.0,0.0,0.0,365.4904584157047,1000000.0,1000000.0,1.4549505611758422,0.0,0.0,364.0355078545289,250204726.92922816,250204726.92922816
2016,일시매수,112,2025-04-30,472.66015625,1425.68,2.74,전액매수,0.0,0.0,0.0,364.0355078545289,1000000.0,1000000.0,1.483983077786663,0.0,0.0,362.5515247767422,244309743.28729004,244309743.28729004
2016,일시매수,113,2025-05-31,516.0422973632812,1381.13,2.67,전액매수,0.0,0.0,0.0,362.5515247767422,1000000.0,1000000.0,1.4030725922893774,0.0,0.0,361.1484521844528,257398265.8981108,257398265.8981108
2016,일시매수,114,2025-06-30,548.9959106445312,1353.5,2.57,전액매수,0.0,0.0,0.0,361.1484521844528,1000000.0,1000000.0,1.3457755394876534,0.0,0.0,359.8026766449652,267357123.15141702,267357123.15141702
2016,일시매수,115,2025-07-31,562.3018798828125,1396.19,2.51,전액매수,0.0,0.0,0.0,359.8026766449652,1000000.0,1000000.0,1.2737551162836063,0.0,0.0,358.52892152868156,281473979.53128517,281473979.53128517
2016,일시매수,116,2025-08-31,567.6660766601562,1389.76,2.51,전액매수,0.0,0.0,0.0,358.52892152868156,1000000.0,1000000.0,1.2675562776084701,0.0,0.0,357.2613652510731,281850495.7627025,281850495.7627025
2016,일시매수,117,2025-09-30,598.18505859375,1404.63,2.56,전액매수,0.0,0.0,0.0,357.2613652510731,1000000.0,1000000.0,1.1901521873374437,0.0,0.0,356.0712130637356,299181244.9299635,299181244.9299635
2016,일시매수,118,2025-10-31,626.7805786132812,1428.37,2.55,전액매수,0.0,0.0,0.0,356.0712130637356,1000000.0,1000000.0,1.1169757612266702,0.0,0.0,354.95423730250894,317781503.9716671,317781503.9716671
2016,일시매수,119,2025-11-30,616.996337890625,1467.65,2.69,전액매수,0.0,0.0,0.0,354.95423730250894,1000000.0,1000000.0,1.1043199418763154,0.0,0.0,353.8499173606326,320423370.02392375,320423370.02392375
2016,일시매수,120,2025-12-31,612.8628540039062,1444.55,2.84,전액매수,0.0,0.0,0.0,353.8499173606326,1000000.0,1000000.0,1.129546520507703,0.0,0.0,352.72037084012493,312267236.8390687,312267236.8390687
2016,분할매수,0,2015-12-31,103.79549407958984,1169.26,1.67,분할매수,100000000.0,0.0,100000000.0,0.0,0.0,0.0,0.0,8333333.333333333,91666666.66666667,68.66400964979275,8333333.333333333,100000000.0
2016,분할매수,1,2016-01-31,96.6227798461914,1210.04,1.67,분할매수,91666666.66666667,127569.44444444445,91794236.11111112,68.66400964979275,1000000.0,1000000.0,0.0,8333333.333333333,82460902.77777779,139.9393826926181,16361352.773808757,98822255.55158655
2016,분할매수,2,2016-02-29,95.11029052734375,1238.09,1.64,분할매수,82460902.77777779,114758.0896990741,82575660.86747687,139.9393826926181,1000000.0,1000000.0,0.0,8333333.333333333,73242327.53414354,210.70772615894361,24811909.280125014,98054236.81426856
2016,분할매수,3,2016-03-31,101.62784576416016,1138.86,1.63,분할매수,73242327.53414354,100097.84762999615,73342425.38177353,210.70772615894361,1000000.0,1000000.0,0.0,8333333.333333333,64009092.048440196,282.70825637019766,32720622.049670313,96729714.09811051
2016,분할매수,4,2016-04-30,98.38916778564453,1144.09,1.61,분할매수,64009092.048440196,86945.68336579792,64096037.731805995,282.70825637019766,1000000.0,1000000.0,0.0,8333333.333333333,54762704.39847266,356.7388577195157,40156688.722570844,94919393.1210435
2016,분할매수,5,2016-05-31,102.68879699707031,1188.99,1.58,분할매수,54762704.39847266,73473.2950679508,54836177.69354061,356.7388577195157,1000000.0,1000000.0,0.0,8333333.333333333,45502844.360207275,424.9911883350388,51889704.04652864,97392548.40673591
2016,분할매수,6,2016-06-30,100.34950256347656,1154.15,1.43,분할매수,45502844.360207275,59912.07840760625,45562756.43861488,424.9911883350388,1000000.0,1000000.0,0.0,8333333.333333333,36229423.10528155,496.9429238854195,57555123.59363218,93784546.69891372
2016,분할매수,7,2016-07-31,107.52534484863281,1112.89,1.36,분할매수,36229423.10528155,43173.395867127176,36272596.50114867,496.9429238854195,1000000.0,1000000.0,0.0,8333333.333333333,26939263.16781534,566.5824279839201,67799452.2551603,94738715.42297564
2016,분할매수,8,2016-08-31,108.6544189453125,1115.98,1.35,분할매수,26939263.16781534,30531.16492352405,26969794.33273886,566.5824279839201,1000000.0,1000000.0,0.0,8333333.333333333,17636460.99940553,635.3074596816226,77034941.99853778,94671402.99794331
2016,분할매수,9,2016-09-30,111.05952453613281,1097.98,1.34,분할매수,17636460.99940553,19841.018624331224,17656302.01802986,635.3074596816226,1000000.0,1000000.0,0.0,8333333.333333333,8322968.684696528,703.6464431897522,85803447.15278153,94126415.83747806
2016,분할매수,10,2016-10-31,109.44116973876953,1145.37,1.35,분할매수,8322968.684696528,9293.981697911122,8332262.6663944395,703.6464431897522,1000000.0,1000000.0,0.0,7332262.6663944395,0.0,762.1404652402497,95534789.4354965,95534789.4354965
2016,분할매수,11,2016-11-30,109.91825103759766,1175.87,1.42,분할매수,0.0,0.0,0.0,762.1404652402497,1000000.0,1000000.0,7.7369694168529275,0.0,0.0,754.4034958233967,97506330.34429859,97506330.34429859
2016,분할매수,12,2016-12-31,111.16278076171875,1203.73,1.54,분할매수,0.0,0.0,0.0,754.4034958233967,1000000.0,1000000.0,7.473284460506867,0.0,0.0,746.9302113628898,99946712.22674564,99946712.22674564
2016,분할매수,13,2017-01-31,116.8766860961914,1151.45,1.5,분할매수,0.0,0.0,0.0,746.9302113628898,1000000.0,1000000.0,7.430653783646564,0.0,0.0,739.4995575792433,99520120.1819871,99520120.1819871
2016,분할매수,14,2017-02-28,121.99009704589844,1129.17,1.49,분할매수,0.0,0.0,0.0,739.4995575792433,1000000.0,1000000.0,7.259656834436199,0.0,0.0,732.2399007448071,100864258.11085524,100864258.11085524
2016,분할매수,15,2017-03-31,124.46270751953125,1117.48,1.48,분할매수,0.0,0.0,0.0,732.2399007448071,1000000.0,1000000.0,7.189869315437843,0.0,0.0,725.0500314293693,100843283.73988196,100843283.73988196
2016,분할매수,16,2017-04-30,127.85678100585938,1136.99,1.43,분할매수,0.0,0.0,0.0,725.0500314293693,1000000.0,1000000.0,6.878909388273054,0.0,0.0,718.1711220410962,104401887.20401107,104401887.20401107
2016,분할매수,17,2017-05-31,132.83978271484375,1119.58,1.39,분할매수,0.0,0.0,0.0,718.1711220410962,1000000.0,1000000.0,6.723829801861346,0.0,0.0,711.4472922392348,105809830.58825882,105809830.58825882
2016,분할매수,18,2017-06-30,129.76060485839844,1143.75,1.38,분할매수,0.0,0.0,0.0,711.4472922392348,1000000.0,1000000.0,6.737922814438256,0.0,0.0,704.7093694247966,104588519.16717134,104588519.16717134
2016,분할매수,19,2017-07-31,135.0306396484375,1121.86,1.39,분할매수,0.0,0.0,0.0,704.7093694247966,1000000.0,1000000.0,6.60129303214384,0.0,0.0,698.1080763926527,105753232.4339092,105753232.4339092
2016,분할매수,20,2017-08-31,137.83059692382812,1122.36,1.39,분할매수,0.0,0.0,0.0,698.1080763926527,1000000.0,1000000.0,6.464310111012158,0.0,0.0,691.6437662816405,106994211.97374232,106994211.97374232
2016,분할매수,21,2017-09-30,137.42367553710938,1142.57,1.38,분할매수,0.0,0.0,0.0,691.6437662816405,1000000.0,1000000.0,6.368770851011641,0.0,0.0,685.2749954306289,107599254.46552645,107599254.46552645
2016,분할매수,22,2017-10-31,143.75392150878906,1115.68,1.38,분할매수,0.0,0.0,0.0,685.2749954306289,1000000.0,1000000.0,6.235060205407442,0.0,0.0,679.0399352252215,108906716.67232896,108906716.67232896
2016,분할매수,23,2017-11-30,146.5884246826172,1084.79,1.45,분할매수,0.0,0.0,0.0,679.0399352252215,1000000.0,1000000.0,6.2886098156397425,0.0,0.0,672.7513254095818,106979339.65253377,106979339.65253377
2016,분할매수,24,2017-12-31,147.4724884033203,1067.42,1.66,분할매수,0.0,0.0,0.0,672.7513254095818,1000000.0,1000000.0,6.352631382658852,0.0,0.0,666.398694026923,104901206.112168,104901206.112168
2016,분할매수,25,2018-01-31,160.3867645263672,1068.33,1.66,분할매수,0.0,0.0,0.0,666.398694026923,1000000.0,1000000.0,5.836144677053632,0.0,0.0,660.5625493498693,113184745.39314424,113184745.39314424
2016,분할매수,26,2018-02-28,158.31326293945312,1082.12,1.65,분할매수,0.0,0.0,0.0,660.5625493498693,1000000.0,1000000.0,5.837236320435129,0.0,0.0,654.7253130294341,112163578.29086977,112163578.29086977
2016,분할매수,27,2018-03-31,151.85598754882812,1060.99,1.65,분할매수,0.0,0.0,0.0,654.7253130294341,1000000.0,1000000.0,6.206643328959487,0.0,0.0,648.5186697004747,104487826.24169184,104487826.24169184
2016,분할매수,28,2018-04-30,152.62411499023438,1069.07,1.65,분할매수,0.0,0.0,0.0,648.5186697004747,1000000.0,1000000.0,6.12873295913748,0.0,0.0,642.3899367413372,104816108.16206017,104816108.16206017
2016,분할매수,29,2018-05-31,161.2823486328125,1080.75,1.65,분할매수,0.0,0.0,0.0,642.3899367413372,1000000.0,1000000.0,5.737040512337957,0.0,0.0,636.6528962289992,110972354.97288665,110972354.97288665
2016,분할매수,30,2018-06-30,163.1290740966797,1111.79,1.65,분할매수,0.0,0.0,0.0,636.6528962289992,1000000.0,1000000.0,5.513734696064479,0.0,0.0,631.1391615329347,114466726.51540904,114466726.51540904
2016,분할매수,31,2018-07-31,167.6908416748047,1112.75,1.65,분할매수,0.0,0.0,0.0,631.1391615329347,1000000.0,1000000.0,5.359114703004297,0.0,0.0,625.7800468299305,116769295.21197239,116769295.21197239
2016,분할매수,32,2018-08-31,177.38449096679688,1116.5,1.65,분할매수,0.0,0.0,0.0,625.7800468299305,1000000.0,1000000.0,5.049235495100367,0.0,0.0,620.7308113348302,122935603.20907384,122935603.20907384
2016,분할매수,33,2018-09-30,176.8849639892578,1109.76,1.65,분할매수,0.0,0.0,0.0,620.7308113348302,1000000.0,1000000.0,5.094247199356835,0.0,0.0,615.6365641354733,120849369.89575209,120849369.89575209
2016,분할매수,34,2018-10-31,161.68032836914062,1140.78,1.68,분할매수,0.0,0.0,0.0,615.6365641354733,1000000.0,1000000.0,5.42176786129744,0.0,0.0,610.2147962741759,112549045.2348785,112549045.2348785
2016,분할매수,35,2018-11-30,161.25193786621094,1118.61,1.71,분할매수,0.0,0.0,0.0,610.2147962741759,1000000.0,1000000.0,5.543912408842806,0.0,0.0,604.670883865333,109069342.96091223,109069342.96091223
2016,분할매수,36,2018-12-31,147.2863311767578,1112.85,1.91,분할매수,0.0,0.0,0.0,604.670883865333,1000000.0,1000000.0,6.100998603731652,0.0,0.0,598.5698852616014,98110149.52461857,98110149.52461857
2016,분할매수,37,2019-01-31,160.55799865722656,1111.82,1.87,분할매수,0.0,0.0,0.0,598.5698852616014,1000000.0,1000000.0,5.601877039001956,0.0,0.0,592.9680082225995,105851664.37859623,105851664.37859623
2016,분할매수,38,2019-02-28,165.36058044433594,1124.65,1.87,분할매수,0.0,0.0,0.0,592.9680082225995,1000000.0,1000000.0,5.377131089960818,0.0,0.0,587.5908771326386,109275907.04077856,109275907.04077856
2016,분할매수,39,2019-03-31,171.85031127929688,1136.3,1.9,분할매수,0.0,0.0,0.0,587.5908771326386,1000000.0,1000000.0,5.121022337454769,0.0,0.0,582.4698547951839,113740932.26171726,113740932.26171726
2016,분할매수,40,2019-04-30,181.30081176757812,1165.1,1.86,분할매수,0.0,0.0,0.0,582.4698547951839,1000000.0,1000000.0,4.734095875895419,0.0,0.0,577.7357589192885,122037190.21850483,122037190.21850483
2016,분할매수,41,2019-05-31,166.3885498046875,1190.5,1.84,분할매수,0.0,0.0,0.0,577.7357589192885,1000000.0,1000000.0,5.048323345097929,0.0,0.0,572.6874355741905,113441116.2728487,113441116.2728487
2016,분할매수,42,2019-06-30,179.0174560546875,1154.58,1.8,분할매수,0.0,0.0,0.0,572.6874355741905,1000000.0,1000000.0,4.838164032129153,0.0,0.0,567.8492715420614,117368751.40468633,117368751.40468633
2016,분할매수,43,2019-07-31,183.1971893310547,1182.74,1.68,분할매수,0.0,0.0,0.0,567.8492715420614,1000000.0,1000000.0,4.615214696469642,0.0,0.0,563.2340568455918,122038538.5920251,122038538.5920251
2016,분할매수,44,2019-08-31,179.71731567382812,1211.32,1.49,분할매수,0.0,0.0,0.0,563.2340568455918,1000000.0,1000000.0,4.5935789915566225,0.0,0.0,558.6404778540352,121613338.72365372,121613338.72365372
2016,분할매수,45,2019-09-30,181.3668670654297,1195.85,1.54,분할매수,0.0,0.0,0.0,558.6404778540352,1000000.0,1000000.0,4.610683817946259,0.0,0.0,554.029794036089,120162174.61705518,120162174.61705518
2016,분할매수,46,2019-10-31,189.31082153320312,1169.1,1.46,분할매수,0.0,0.0,0.0,554.029794036089,1000000.0,1000000.0,4.5182774872499225,0.0,0.0,549.511516548839,121619692.03961012,121619692.03961012
2016,분할매수,47,2019-11-30,197.0147247314453,1181.33,1.52,분할매수,0.0,0.0,0.0,549.511516548839,1000000.0,1000000.0,4.2966510161918094,0.0,0.0,545.2148655326472,126892983.27418731,126892983.27418731
2016,분할매수,48,2019-12-31,204.67141723632812,1155.46,1.53,분할매수,0.0,0.0,0.0,545.2148655326472,1000000.0,1000000.0,4.228515117742067,0.0,0.0,540.9863504149051,127937664.9606919,127937664.9606919
2016,분할매수,49,2020-01-31,210.8901824951172,1191.3,1.47,분할매수,0.0,0.0,0.0,540.9863504149051,1000000.0,1000000.0,3.9803613048086475,0.0,0.0,537.0059891100965,134913880.4211927,134913880.4211927
2016,분할매수,50,2020-02-29,198.11570739746094,1214.92,1.42,분할매수,0.0,0.0,0.0,537.0059891100965,1000000.0,1000000.0,4.154640104773938,0.0,0.0,532.8513490053225,128254514.36648951,128254514.36648951
2016,분할매수,51,2020-03-31,183.68133544921875,1218.92,1.23,분할매수,0.0,0.0,0.0,532.8513490053225,1000000.0,1000000.0,4.466422151437308,0.0,0.0,528.3849268538852,118301608.96991105,118301608.96991105
2016,분할매수,52,2020-04-30,211.18528747558594,1203.95,1.1,분할매수,0.0,0.0,0.0,528.3849268538852,1000000.0,1000000.0,3.933035711470431,0.0,0.0,524.4518911424148,133345316.34505287,133345316.34505287
2016,분할매수,53,2020-05-31,225.1253662109375,1236.61,1.02,분할매수,0.0,0.0,0.0,524.4518911424148,1000000.0,1000000.0,3.5920536417049425,0.0,0.0,520.8598375007098,145003357.25874278,145003357.25874278
2016,분할매수,54,2020-06-30,239.27830505371094,1200.5,0.79,분할매수,0.0,0.0,0.0,520.8598375007098,1000000.0,1000000.0,3.481244384190199,0.0,0.0,517.3785931165196,148618866.13480923,148618866.13480923
2016,분할매수,55,2020-07-31,256.8569030761719,1192.68,0.79,분할매수,0.0,0.0,0.0,517.3785931165196,1000000.0,1000000.0,3.264260587394414,0.0,0.0,514.1143325291251,157497944.40875188,157497944.40875188
2016,분할매수,56,2020-08-31,284.9691467285156,1187.48,0.68,분할매수,0.0,0.0,0.0,514.1143325291251,1000000.0,1000000.0,2.955124987704449,0.0,0.0,511.1592075414207,172973803.02634537,172973803.02634537
2016,분할매수,57,2020-09-30,268.5018615722656,1165.97,0.63,분할매수,0.0,0.0,0.0,511.1592075414207,1000000.0,1000000.0,3.194223662650429,0.0,0.0,507.9649838787703,159026116.36696813,159026116.36696813
2016,분할매수,58,2020-10-31,260.32635498046875,1133.99,0.63,분할매수,0.0,0.0,0.0,507.9649838787703,1000000.0,1000000.0,3.3874480039414943,0.0,0.0,504.5775358748288,148955064.4874027,148955064.4874027
2016,분할매수,59,2020-11-30,289.54986572265625,1105.79,0.66,분할매수,0.0,0.0,0.0,504.5775358748288,1000000.0,1000000.0,3.123230045842461,0.0,0.0,501.4543058289864,160556314.6065739,160556314.6065739
2016,분할매수,60,2020-12-31,303.7449035644531,1086.11,0.66,분할매수,0.0,0.0,0.0,501.4543058289864,1000000.0,1000000.0,3.0312181163778047,0.0,0.0,498.42308771260855,164429964.64675596,164429964.64675596
2016,분할매수,61,2021-01-31,304.5386962890625,1118.35,0.68,분할매수,0.0,0.0,0.0,498.42308771260855,1000000.0,1000000.0,2.936160377422551,0.0,0.0,495.486927335186,168753359.36865246,168753359.36865246
2016,분할매수,62,2021-02-28,304.1322326660156,1123.36,0.73,분할매수,0.0,0.0,0.0,495.486927335186,1000000.0,1000000.0,2.9269721768865664,0.0,0.0,492.55995515829943,168283101.23611686,168283101.23611686
2016,분할매수,63,2021-03-31,309.3534240722656,1126.72,0.75,분할매수,0.0,0.0,0.0,492.55995515829943,1000000.0,1000000.0,2.8689902295793304,0.0,0.0,489.6909649287201,170684082.46218452,170684082.46218452
2016,분할매수,64,2021-04-30,327.6355895996094,1115.58,0.74,분할매수,0.0,0.0,0.0,489.6909649287201,1000000.0,1000000.0,2.7359503331429273,0.0,0.0,486.9550145955772,177983864.94691476,177983864.94691476
2016,분할매수,65,2021-05-31,323.6999206542969,1114.48,0.68,분할매수,0.0,0.0,0.0,486.9550145955772,1000000.0,1000000.0,2.7719483121831776,0.0,0.0,484.18306628339406,174672472.84349722,174672472.84349722
2016,분할매수,66,2021-06-30,343.970458984375,1130.42,0.66,분할매수,0.0,0.0,0.0,484.18306628339406,1000000.0,1000000.0,2.5718108334826013,0.0,0.0,481.6112554499115,187265427.6044637,187265427.6044637
2016,분할매수,67,2021-07-31,353.8113098144531,1151.86,0.69,분할매수,0.0,0.0,0.0,481.6112554499115,1000000.0,1000000.0,2.4537402766897563,0.0,0.0,479.1575151732217,195276378.56588235,195276378.56588235
2016,분할매수,68,2021-08-31,368.7373352050781,1158.32,0.77,분할매수,0.0,0.0,0.0,479.1575151732217,1000000.0,1000000.0,2.341285266180246,0.0,0.0,476.8162299070415,203655759.84892964,203655759.84892964
2016,분할매수,69,2021-09-30,347.7815246582031,1183.7,0.98,분할매수,0.0,0.0,0.0,476.8162299070415,1000000.0,1000000.0,2.4291360838413016,0.0,0.0,474.3870938232002,195290456.13328946,195290456.13328946
2016,분할매수,70,2021-10-31,375.1310729980469,1174.94,1.08,분할매수,0.0,0.0,0.0,474.3870938232002,1000000.0,1000000.0,2.268826423209901,0.0,0.0,472.1182673999903,208089196.4983573,208089196.4983573
2016,분할매수,71,2021-11-30,382.6218566894531,1187.45,1.17,분할매수,0.0,0.0,0.0,472.1182673999903,1000000.0,1000000.0,2.200973904107376,0.0,0.0,469.9172934958829,213504254.920488,213504254.920488
2016,분할매수,72,2021-12-31,387.0309143066406,1188.59,1.27,분할매수,0.0,0.0,0.0,469.9172934958829,1000000.0,1000000.0,2.173813452408931,0.0,0.0,467.743480043474,215171858.24990633,215171858.24990633
2016,분할매수,73,2022-01-31,353.17724609375,1206.78,1.39,분할매수,0.0,0.0,0.0,467.743480043474,1000000.0,1000000.0,2.3462764427525804,0.0,0.0,465.3972036007214,198355656.27327847,198355656.27327847
2016,분할매수,74,2022-02-28,337.3691711425781,1202.28,1.5,분할매수,0.0,0.0,0.0,465.3972036007214,1000000.0,1000000.0,2.4654090348902273,0.0,0.0,462.9317945658312,187770786.9219532,187770786.9219532
2016,분할매수,75,2022-03-31,353.1171875,1211.55,1.5,분할매수,0.0,0.0,0.0,462.9317945658312,1000000.0,1000000.0,2.3374363915648937,0.0,0.0,460.5943581742663,197051076.91332823,197051076.91332823
2016,분할매수,76,2022-04-30,305.1082763671875,1255.87,1.64,분할매수,0.0,0.0,0.0,460.5943581742663,1000000.0,1000000.0,2.609764536558292,0.0,0.0,457.984593637708,175488856.26351923,175488856.26351923
2016,분할매수,77,2022-05-31,300.26739501953125,1236.93,1.77,분할매수,0.0,0.0,0.0,457.984593637708,1000000.0,1000000.0,2.6924441345542958,0.0,0.0,455.29214950315367,169099942.93290034,169099942.93290034
2016,분할매수,78,2022-06-30,273.51995849609375,1298.95,1.99,분할매수,0.0,0.0,0.0,455.29214950315367,1000000.0,1000000.0,2.8146120578006033,0.0,0.0,452.47753744535305,160760178.72208238,160760178.72208238
2016,분할매수,79,2022-07-31,307.8514709472656,1299.08,2.41,분할매수,0.0,0.0,0.0,452.47753744535305,1000000.0,1000000.0,2.5004770355192028,0.0,0.0,449.9770604098338,179956485.90965763,179956485.90965763
2016,분할매수,80,2022-08-31,292.05194091796875,1338.66,2.79,분할매수,0.0,0.0,0.0,449.9770604098338,1000000.0,1000000.0,2.557817866372707,0.0,0.0,447.4192425434611,174922244.63110635,174922244.63110635
2016,분할매수,81,2022-09-30,261.2827453613281,1431.67,3.01,분할매수,0.0,0.0,0.0,447.4192425434611,1000000.0,1000000.0,2.6732916676119927,0.0,0.0,444.74595087584913,166366414.95730743,166366414.95730743
2016,분할매수,82,2022-10-31,271.7336730957031,1424.6,3.69,분할매수,0.0,0.0,0.0,444.74595087584913,1000000.0,1000000.0,2.583233122948915,0.0,0.0,442.1627177529002,171166401.4466279,171166401.4466279
2016,분할매수,83,2022-11-30,286.7989501953125,1316.84,3.99,분할매수,0.0,0.0,0.0,442.1627177529002,1000000.0,1000000.0,2.647825940620462,0.0,0.0,439.51489181227976,165990855.01416638,165990855.01416638
2016,분할매수,84,2022-12-31,260.9478454589844,1260.18,4.02,분할매수,0.0,0.0,0.0,439.51489181227976,1000000.0,1000000.0,3.040980966004395,0.0,0.0,436.4739108462754,143530629.0061286,143530629.0061286
2016,분할매수,85,2023-01-31,288.7203369140625,1231.95,3.8,분할매수,0.0,0.0,0.0,436.4739108462754,1000000.0,1000000.0,2.8114446789478102,0.0,0.0,433.6624661673276,154248977.19475198,154248977.19475198
2016,분할매수,86,2023-02-28,287.6816101074219,1323.45,3.52,분할매수,0.0,0.0,0.0,433.6624661673276,1000000.0,1000000.0,2.626517876227495,0.0,0.0,431.0359482911001,164109276.46538734,164109276.46538734
2016,분할매수,87,2023-03-31,314.9904479980469,1303.8,3.61,분할매수,0.0,0.0,0.0,431.0359482911001,1000000.0,1000000.0,2.4349589228440576,0.0,0.0,428.6009893682561,176019802.77665037,176019802.77665037
2016,분할매수,88,2023-04-30,316.59027099609375,1338.41,3.5,분할매수,0.0,0.0,0.0,428.6009893682561,1000000.0,1000000.0,2.360006844810072,0.0,0.0,426.240982523446,180610061.9838452,180610061.9838452
2016,분할매수,89,2023-05-31,341.549560546875,1324.55,3.64,분할매수,0.0,0.0,0.0,426.240982523446,1000000.0,1000000.0,2.210435832443378,0.0,0.0,424.03054669100266,191831194.76591477,191831194.76591477
2016,분할매수,90,2023-06-30,363.08038330078125,1317.8,3.75,분할매수,0.0,0.0,0.0,424.03054669100266,1000000.0,1000000.0,2.090006859720658,0.0,0.0,421.940539831282,201884763.13789558,201884763.13789558
2016,분할매수,91,2023-07-31,377.0956115722656,1273.85,3.75,분할매수,0.0,0.0,0.0,421.940539831282,1000000.0,1000000.0,2.081757942187233,0.0,0.0,419.8587818890948,201684726.8265797,201684726.8265797
2016,분할매수,92,2023-08-31,371.50323486328125,1322.43,3.7,분할매수,0.0,0.0,0.0,419.8587818890948,1000000.0,1000000.0,2.0354700072013694,0.0,0.0,417.82331188189346,205271170.98442122,205271170.98442122
2016,분할매수,93,2023-09-30,352.63140869140625,1347.86,3.76,분할매수,0.0,0.0,0.0,417.82331188189346,1000000.0,1000000.0,2.103944226181571,0.0,0.0,415.7193676557119,197590488.6082447,197590488.6082447
2016,분할매수,94,2023-10-31,345.3478088378906,1351.03,3.82,분할매수,0.0,0.0,0.0,415.7193676557119,1000000.0,1000000.0,2.1432769947109764,0.0,0.0,413.57609066100093,192964367.96624702,192964367.96624702
2016,분할매수,95,2023-11-30,382.7104797363281,1289.95,3.83,분할매수,0.0,0.0,0.0,413.57609066100093,1000000.0,1000000.0,2.025614366294848,0.0,0.0,411.5504762947061,203173162.24780414,203173162.24780414
2016,분할매수,96,2023-12-31,404.09228515625,1290.97,3.83,분할매수,0.0,0.0,0.0,411.5504762947061,1000000.0,1000000.0,1.9169169202556255,0.0,0.0,409.63355937445044,213693955.66701183,213693955.66701183
2016,분할매수,97,2024-01-31,411.4436340332031,1334.9,3.74,분할매수,0.0,0.0,0.0,409.63355937445044,1000000.0,1000000.0,1.8207105962734347,0.0,0.0,407.812848778177,223985541.4764289,223985541.4764289
2016,분할매수,98,2024-02-29,433.1816101074219,1336.19,3.69,분할매수,0.0,0.0,0.0,407.812848778177,1000000.0,1000000.0,1.7276738968300585,0.0,0.0,406.0851748813469,235047352.18054363,235047352.18054363
2016,분할매수,99,2024-03-31,438.7045593261719,1347.08,3.65,분할매수,0.0,0.0,0.0,406.0851748813469,1000000.0,1000000.0,1.6921328779173899,0.0,0.0,404.3930420034295,238984211.74886715,238984211.74886715
2016,분할매수,100,2024-04-30,419.5166015625,1381.92,3.57,분할매수,0.0,0.0,0.0,404.3930420034295,1000000.0,1000000.0,1.7249159810607404,0.0,0.0,402.66812602236877,233442167.87576357,233442167.87576357
2016,분할매수,101,2024-05-31,445.32452392578125,1385.43,3.6,분할매수,0.0,0.0,0.0,402.66812602236877,1000000.0,1000000.0,1.6208349773598212,0.0,0.0,401.04729104500893,247432524.99293607,247432524.99293607
2016,분할매수,102,2024-06-30,474.1375427246094,1376.55,3.6,분할매수,0.0,0.0,0.0,401.04729104500893,1000000.0,1000000.0,1.5321583933728045,0.0,0.0,399.5151326516361,260753153.4466007,260753153.4466007
2016,분할매수,103,2024-07-31,466.1809997558594,1369.29,3.54,분할매수,0.0,0.0,0.0,399.5151326516361,1000000.0,1000000.0,1.566570682133304,0.0,0.0,397.9485619695028,254025283.7028647,254025283.7028647
2016,분할매수,104,2024-08-31,471.3270263671875,1336.0,3.5,분할매수,0.0,0.0,0.0,397.9485619695028,1000000.0,1000000.0,1.5880756929666378,0.0,0.0,396.36048627653616,249585386.91320607,249585386.91320607
2016,분할매수,105,2024-09-30,483.6833190917969,1314.94,3.52,분할매수,0.0,0.0,0.0,396.36048627653616,1000000.0,1000000.0,1.572291089963802,0.0,0.0,394.78819518657235,251091033.78284827,251091033.78284827
2016,분할매수,106,2024-10-31,479.5012512207031,1377.57,3.43,분할매수,0.0,0.0,0.0,394.78819518657235,1000000.0,1000000.0,1.5138978731955635,0.0,0.0,393.2742973133768,259775975.82804328,259775975.82804328
2016,분할매수,107,2024-11-30,505.1585693359375,1396.99,3.42,분할매수,0.0,0.0,0.0,393.2742973133768,1000000.0,1000000.0,1.4170297821776514,0.0,0.0,391.8572675311991,276534249.639414,276534249.639414
2016,분할매수,108,2024-12-31,507.45208740234375,1477.86,3.35,분할매수,0.0,0.0,0.0,391.8572675311991,1000000.0,1000000.0,1.3334344220841936,0.0,0.0,390.52383310911495,292870670.38416165,292870670.38416165
2016,분할매수,109,2025-01-31,518.4302978515625,1453.86,3.04,분할매수,0.0,0.0,0.0,390.52383310911495,1000000.0,1000000.0,1.3267437107264872,0.0,0.0,389.19708939838847,293347604.5537651,293347604.5537651
2016,분할매수,110,2025-02-28,504.4147033691406,1459.04,2.95,분할매수,0.0,0.0,0.0,389.19708939838847,1000000.0,1000000.0,1.3587672296616473,0.0,0.0,387.83832216872685,285433968.1604657,285433968.1604657
2016,분할매수,111,2025-03-31,466.1488952636719,1474.44,2.84,분할매수,0.0,0.0,0.0,387.83832216872685,1000000.0,1000000.0,1.4549505611758422,0.0,0.0,386.383371607551,265564605.36727032,265564605.36727032
2016,분할매수,112,2025-04-30,472.66015625,1425.68,2.74,분할매수,0.0,0.0,0.0,386.383371607551,1000000.0,1000000.0,1.483983077786663,0.0,0.0,384.89938852976434,259369122.3917699,259369122.3917699
2016,분할매수,113,2025-05-31,516.0422973632812,1381.13,2.67,분할매수,0.0,0.0,0.0,384.89938852976434,1000000.0,1000000.0,1.4030725922893774,0.0,0.0,383.49631593747495,273326068.8327811,273326068.8327811
2016,분할매수,114,2025-06-30,548.9959106445312,1353.5,2.57,분할매수,0.0,0.0,0.0,383.49631593747495,1000000.0,1000000.0,1.3457755394876534,0.0,0.0,382.1505403979873,283963060.09802705,283963060.09802705
2016,분할매수,115,2025-07-31,562.3018798828125,1396.19,2.51,분할매수,0.0,0.0,0.0,382.1505403979873,1000000.0,1000000.0,1.2737551162836063,0.0,0.0,380.8767852817037,299018846.2543534,299018846.2543534
2016,분할매수,116,2025-08-31,567.6660766601562,1389.76,2.51,분할매수,0.0,0.0,0.0,380.8767852817037,1000000.0,1000000.0,1.2675562776084701,0.0,0.0,379.6092290040952,299481163.64530444,299481163.64530444
2016,분할매수,117,2025-09-30,598.18505859375,1404.63,2.56,분할매수,0.0,0.0,0.0,379.6092290040952,1000000.0,1000000.0,1.1901521873374437,0.0,0.0,378.41907681675775,317958560.9663419,317958560.9663419
2016,분할매수,118,2025-10-31,626.7805786132812,1428.37,2.55,분할매수,0.0,0.0,0.0,378.41907681675775,1000000.0,1000000.0,1.1169757612266702,0.0,0.0,377.30210105553107,337788978.19696236,337788978.19696236
2016,분할매수,119,2025-11-30,616.996337890625,1467.65,2.69,분할매수,0.0,0.0,0.0,377.30210105553107,1000000.0,1000000.0,1.1043199418763154,0.0,0.0,376.19778111365474,340660135.57128096,340660135.57128096
2016,분할매수,120,2025-12-31,612.8628540039062,1444.55,2.84,분할매수,0.0,0.0,0.0,376.19778111365474,1000000.0,1000000.0,1.129546520507703,0.0,0.0,375.06823459314705,332052047.2450866,332052047.2450866
