시작연도,날짜,원달러환율,월수익률,인출전잔액(달러),요청인출액(원),실제인출액(달러),실제인출액(원),월말잔액(달러),월말잔액(원)
2002,2002-01-31,1314.4,-0.010280517581476856,75349.78929718486,1000000.0,760.8034083992695,999999.9999999999,74588.9858887856,98039763.0522198
2002,2002-02-28,1323.8,-0.12282470259934186,65427.615879809,1000000.0,755.4011179936547,1000000.0,64672.21476181534,85613077.90169114
2002,2002-03-31,1325.9,0.0674950497371587,69037.26911377627,1000000.0,754.2046911531789,1000000.0,68283.0644226231,90536515.11795597
2002,2002-04-30,1294.0,-0.12007751820713064,60083.8035111769,1000000.0,772.7975270479135,1000000.0,59311.005984128984,76748441.7434629
2002,2002-05-31,1219.3,-0.05326196592058852,56151.98520468648,1000000.0,820.1427048306406,1000000.0,55331.84249985584,67466115.56007423
2002,2002-06-30,1205.0,-0.13115825321859242,48074.61469020847,1000000.0,829.8755186721992,1000000.0,47244.739171536276,56929910.70170121
2002,2002-07-31,1183.0,-0.08620707598510047,43171.90835187939,1000000.0,845.30853761623,1000000.0,42326.599814263165,50072367.58027332
2002,2002-08-31,1201.9,-0.015094430949073812,41687.70387605769,1000000.0,832.0159747067144,1000000.0000000001,40855.687901350975,49104451.28863374
2002,2002-09-30,1227.7,-0.11792223014963543,36037.89406972619,1000000.0,814.5312372729494,1000000.0,35223.36283245325,43243722.549402855
2002,2002-10-31,1224.0,0.18484523564373312,41734.23363538278,1000000.0,816.9934640522875,1000000.0,40917.24017133049,50082701.969708525
2002,2002-11-30,1198.7,0.12912447169558905,46200.65719169508,1000000.0,834.2370901810294,1000000.0,45366.42010151405,54380727.77568489
2002,2002-12-31,1186.3,-0.12085147121495832,39883.82148849022,1000000.0,842.9570934839417,1000000.0,39040.864395006276,46314177.43179594
2002,2003-01-31,1165.0,0.0028721200661734336,39152.99444503593,1000000.0,858.3690987124463,1000000.0,38294.62534632349,44613238.528466865
2002,2003-02-28,1193.7,0.029460086124299956,39422.78830712398,1000000.0,837.7314233056882,1000000.0,38585.05688381829,46058982.402213894
2002,2003-03-31,1252.0,0.0035772407168479514,38723.08492036498,1000000.0,798.7220447284345,1000000.0,37924.36287563654,47481302.32029695
2002,2003-04-30,1215.5,0.08712847375709232,41228.65473120089,1000000.0,822.7067050596462,1000000.0,40405.94802614125,49113429.825774685
2002,2003-05-31,1210.0,0.08524613847797236,43850.399066911436,1000000.0,826.4462809917355,1000000.0,43023.9527859197,52058982.870962836
2002,2003-06-30,1196.0,0.005371130628772036,43255.04005649899,1000000.0,836.1204013377926,1000000.0,42418.9196551612,50733027.90757279
2002,2003-07-31,1181.0,0.061769569973528116,45039.11808100215,1000000.0,846.740050804403,1000000.0,44192.378030197746,52191198.453663535
2002,2003-08-31,1175.0,0.049999725953622676,46401.98482094653,1000000.0,851.063829787234,1000000.0,45550.92099115929,53522332.16461217
2002,2003-09-30,1150.2,-0.029050414988012085,44227.64783327997,1000000.0,869.414014953921,999999.9999999999,43358.23381832604,49870640.537838615
2002,2003-10-31,1184.0,0.08513266635117511,47049.435871557835,1000000.0,844.5945945945946,1000000.0,46204.84127696324,54706532.07192448
2002,2003-11-30,1202.1,0.0056849384037840345,46467.5129535794,1000000.0,831.8775476249897,1000000.0,45635.63540595441,54858597.32149779
2002,2003-12-31,1192.0,0.030928453068719053,47047.07501386864,1000000.0,838.9261744966443,1000000.0,46208.148839372,55080113.41653142
2002,2004-01-31,1174.0,0.016730151899738033,46981.2181884604,1000000.0,851.7887563884157,1000000.0,46129.429432071986,54155950.15325251
2002,2004-02-29,1179.0,-0.013487326672650846,45507.266748098635,1000000.0,848.1764206955047,1000000.0,44659.09032740313,52653067.49600829
2002,2004-03-31,1146.7,-0.019961590955368536,43767.62383384865,1000000.0,872.0676724513822,1000000.0,42895.55616139727,49188334.25027425
2002,2004-04-30,1173.6,-0.029855843978991325,41614.87312925053,1000000.0,852.0790729379687,1000000.0,40762.79405631257,47839215.104488425
2002,2004-05-31,1165.0,0.05119450660042868,42849.62518568037,1000000.0,858.3690987124463,1000000.0,41991.25608696793,48919813.34131764
2002,2004-06-30,1156.0,0.0325580813719577,43358.41081955814,1000000.0,865.0519031141869,1000000.0,42493.358916443955,49122322.90740921
2002,2004-07-31,1170.0,-0.07551679829787927,39284.39650215147,1000000.0,854.7008547008547,1000000.0,38429.695647450615,44962743.90751722
2002,2004-08-31,1152.0,-0.024935714359367034,37471.423733868374,1000000.0,868.0555555555555,1000000.0,36603.36817831282,42167080.14141637
2002,2004-09-30,1152.0,0.0329214239565887,37808.403180350164,1000000.0,868.0555555555555,1000000.0,36940.34762479461,42555280.463763386
2002,2004-10-31,1120.0,0.05008573223584234,38790.53198462901,1000000.0,892.8571428571429,1000000.0,37897.67484177186,42445395.82278448
2002,2004-11-30,1048.0,0.0601628790069082,40177.70806792053,1000000.0,954.1984732824427,1000000.0,39223.50959463809,41106238.05518072
2002,2004-12-31,1035.1,0.03022315618318494,40408.96785116949,1000000.0,966.0902328277461,1000000.0,39442.87761834174,40827322.622745536
2002,2005-01-31,1026.85,-0.06312629604627562,36952.994848889284,1000000.0,973.852071870283,1000000.0,35979.142777019,36945182.760581955
2002,2005-02-28,1000.85,-0.004812354085853787,35805.998402270496,1000000.0,999.1507218863966,1000000.0,34806.8476803841,34836433.50091242
2002,2005-03-31,1015.4,-0.017464092748905147,34198.97766419686,1000000.0,984.8335631278314,1000000.0,33214.144101069025,33725641.920225486
2002,2005-04-30,997.0,-0.043478228894636595,31770.051941303303,1000000.0,1003.0090270812437,1000000.0,30767.04291422206,30674741.785479393
2002,2005-05-31,1005.0,0.08862219987426712,33493.6859409064,1000000.0,995.0248756218906,1000000.0,32498.66106528451,32661154.37061093
2002,2005-06-30,1034.5,-0.03324618854350103,31418.204452096725,1000000.0,966.6505558240696,1000000.0,30451.553896272657,31502132.505694065
2002,2005-07-31,1026.5,0.07612895119066732,32769.798756521974,1000000.0,974.184120798831,1000000.0,31795.61463572314,32638198.423569806
2002,2005-08-31,1039.0,-0.015159342702160572,31313.614017034382,1000000.0,962.4639076034649,1000000.0,30351.150109430917,31534844.963698722
2002,2005-09-30,1042.4,0.012313849855656978,30724.889614824955,1000000.0,959.3246354566385,1000000.0,29765.564979368315,31027624.934493534
2002,2005-10-31,1043.5,-0.014951460299312935,29320.52631629267,1000000.0,958.3133684714902,1000000.0,28362.212947821183,29595969.211051404
2002,2005-11-30,1037.4,0.060972132341394536,30091.51754917055,1000000.0,963.948332369385,1000000.0,29127.569216801163,30216940.30550953
2002,2005-12-31,1010.0,-0.017762229090198756,28610.19865953172,1000000.0,990.0990099009902,1000000.0,27620.09964963073,27896300.646127038
2002,2006-01-31,958.9,0.039346395806376666,28706.85102265667,1000000.0,1042.8616122640526,1000000.0,27663.989410392616,26526999.44562548
2002,2006-02-28,970.9,-0.02142841795360495,27071.193883042622,1000000.0,1029.9721907508497,999999.9999999999,26041.221692291772,25283422.14104608
2002,2006-03-31,971.4,0.020910237179069036,26585.74981431031,1000000.0,1029.4420424130121,1000000.0,25556.3077718973,24825397.36962104
2002,2006-04-30,942.8,-0.0019078658073693466,25507.54976613669,1000000.0,1060.6703436571913,999999.9999999999,24446.8794224795,23048517.91951367
2002,2006-05-31,945.3,-0.07240119770635545,22676.896072109128,1000000.0,1057.8652279699568,1000000.0000000001,21619.03084413917,20436469.85696476
2002,2006-06-30,948.5,-0.0006158326609583264,21605.717138847085,1000000.0,1054.2962572482868,1000000.0,20551.4208815988,19493022.70619646
2002,2006-07-31,954.9,-0.04307478237815077,19666.172899562145,1000000.0,1047.2300764477957,1000000.0000000001,18618.94282311435,17779228.50179189
2002,2006-08-31,961.1,0.04770870989786857,19507.228564867313,1000000.0,1040.4744563520965,999999.9999999999,18466.754108515215,17748397.373693973
2002,2006-09-30,946.0,0.04639579459633181,19323.533838994852,1000000.0,1057.0824524312895,999999.9999999999,18266.451386563564,17280063.01168913
2002,2006-10-31,942.2,0.04747879415954759,19133.7204719716,1000000.0,1061.3457864572276,999999.9999999999,18072.374685514373,17027791.428691644
2002,2006-11-30,929.0,0.03428794083657638,18692.03919950773,1000000.0,1076.4262648008612,1000000.0,17615.612934706867,16364904.41634268
2002,2006-12-31,930.0,-0.018787555850018234,17284.658622863757,1000000.0,1075.268817204301,1000000.0,16209.389805659455,15074732.519263294
2002,2007-01-31,941.0,0.021084333619905804,16551.153988097078,1000000.0,1062.6992561105208,1000000.0,15488.454731986556,14574635.90279935
2002,2007-02-28,942.3,-0.016791203141180988,15228.384942238783,1000000.0,1061.2331529236974,1000000.0,14167.151789315085,13349707.131071603
2002,2007-03-31,941.1,0.005248345997608261,14241.505903706046,1000000.0,1062.5863351397302,1000000.0000000001,13178.919568566314,12402681.205977758
2002,2007-04-30,931.0,0.05582295594111608,13914.605814993904,1000000.0,1074.1138560687432,999999.9999999999,12840.49195892516,11954498.013759324
2002,2007-05-31,927.4,0.03154997826042738,13245.609201082441,1000000.0,1078.2833728703904,1000000.0,12167.325828212051,11283977.973083856
2002,2007-06-30,922.6,0.004792257289300217,12225.634784103591,1000000.0,1083.8933448948624,1000000.0,11141.741439208728,10279370.651813973
2002,2007-07-31,919.0,-0.0014703395570669908,11125.359296036047,1000000.0,1088.139281828074,1000000.0,10037.220014207973,9224205.193057127
2002,2007-08-31,938.1,0.028192223139561712,10320.1915605494,1000000.0,1065.9844366272253,1000000.0,9254.207123922175,8681371.702951392
2002,2007-09-30,913.6,0.052521978795962765,9740.256394258264,1000000.0,1094.5709281961472,1000000.0000000001,8645.685466062117,7898698.241794351
2002,2007-10-31,903.2,0.07041384686199792,9254.461438486416,1000000.0,1107.1744906997342,1000000.0,8147.2869477866825,7358629.571240932
2002,2007-11-30,920.9,-0.06759913443668886,7596.53740210897,1000000.0,1085.894233901618,1000000.0,6510.643168207353,5995651.293602151
2002,2007-12-31,935.8,-0.0007134500846983638,6505.998149287554,1000000.0,1068.604402650139,1000000.0000000001,5437.3937466374155,5088313.068103293
2002,2008-01-31,943.4,-0.1188987825500194,4790.894249917138,1000000.0,1059.99576001696,1000000.0000000001,3730.898489900178,3519729.635371828
2002,2008-02-29,942.8,-0.048305446271049046,3550.675773353567,1000000.0,1060.6703436571913,999999.9999999999,2490.0054296963754,2347577.1191177424
2002,2008-03-31,988.6,0.018724069226539353,2536.6284637364693,1000000.0,1011.5314586283633,1000000.0,1525.0970051081058,1507710.8992498734
2002,2008-04-30,1005.0,0.07982571141269168,1646.8389585142259,1000000.0,995.0248756218906,1000000.0,651.8140828923353,655073.1533067969
2002,2008-05-31,1028.5,0.05930925455969138,690.4726902601885,1000000.0,690.4726902601885,710151.1619326039,0.0,0.0
2003,2003-01-31,1165.0,0.0028721200661734336,84537.81674670601,1000000.0,858.3690987124463,1000000.0,83679.44764799357,97486556.5099125
2003,2003-02-28,1193.7,0.029460086124299956,86144.65138253731,1000000.0,837.7314233056882,1000000.0,85306.91995923163,101830870.3553348
2003,2003-03-31,1252.0,0.0035772407168479514,85612.08334673868,1000000.0,798.7220447284345,1000000.0,84813.36130201025,106186328.35011683
2003,2003-04-30,1215.5,0.08712847375709232,92203.02002646324,1000000.0,822.7067050596462,1000000.0,91380.31332140359,111072770.84216607
2003,2003-05-31,1210.0,0.08524613847797236,99170.13216496047,1000000.0,826.4462809917355,1000000.0,98343.68588396873,118995859.91960217
2003,2003-06-30,1196.0,0.005371130628772036,98871.90266736645,1000000.0,836.1204013377926,1000000.0,98035.78226602866,117250795.59017028
2003,2003-07-31,1181.0,0.061769569973528116,104091.41037861968,1000000.0,846.740050804403,1000000.0,103244.67032781527,121931955.65714984
2003,2003-08-31,1175.0,0.049999725953622676,108406.87555037816,1000000.0,851.063829787234,1000000.0,107555.81172059092,126378078.77169433
2003,2003-09-30,1150.2,-0.029050414988012085,104431.27075573526,1000000.0,869.414014953921,999999.9999999999,103561.85674078134,119116847.6232467
2003,2003-10-31,1184.0,0.08513266635117511,112378.35373740247,1000000.0,844.5945945945946,1000000.0,111533.75914280787,132055970.82508452
2003,2003-11-30,1202.1,0.0056849384037840345,112167.82169347722,1000000.0,831.8775476249897,1000000.0,111335.94414585223,133836938.45772897
2003,2003-12-31,1192.0,0.030928453068719053,114779.39266922875,1000000.0,838.9261744966443,1000000.0,113940.4664947321,135817036.06172067
2003,2004-01-31,1174.0,0.016730151899738033,115846.70780671597,1000000.0,851.7887563884157,1000000.0,114994.91905032756,135004034.96508455
2003,2004-02-29,1179.0,-0.013487326672650846,113443.94501140075,1000000.0,848.1764206955047,1000000.0,112595.76859070525,132750411.16844149
2003,2004-03-31,1146.7,-0.019961590955368536,110348.17791479226,1000000.0,872.0676724513822,1000000.0,109476.11024234089,125536255.6148923
2003,2004-04-30,1173.6,-0.029855843978991325,106207.60857551871,1000000.0,852.0790729379687,1000000.0,105355.52950258074,123645249.42422874
2003,2004-05-31,1165.0,0.05119450660042868,110749.15385309227,1000000.0,858.3690987124463,1000000.0,109890.78475437983,128022764.2388525
2003,2004-06-30,1156.0,0.0325580813719577,113468.61786644121,1000000.0,865.0519031141869,1000000.0,112603.56596332703,130169722.25360604
2003,2004-07-31,1170.0,-0.07551679829787927,104100.10518485251,1000000.0,854.7008547008547,1000000.0,103245.40433015165,120797123.06627743
2003,2004-08-31,1152.0,-0.024935714359367034,100670.90641885763,1000000.0,868.0555555555555,1000000.0,99802.85086330207,114972884.19452399
2003,2004-09-30,1152.0,0.0329214239565887,103088.50282864903,1000000.0,868.0555555555555,1000000.0,102220.44727309346,117757955.25860368
2003,2004-10-31,1120.0,0.05008573223584234,107340.23322424166,1000000.0,892.8571428571429,1000000.0,106447.37608138451,119221061.21115066
2003,2004-11-30,1048.0,0.0601628790069082,112851.5566891717,1000000.0,954.1984732824427,1000000.0,111897.35821588925,117268431.41025193
2003,2004-12-31,1035.1,0.03022315618318494,115279.24954973387,1000000.0,966.0902328277461,1000000.0,114313.15931690612,118325551.20892952
2003,2005-01-31,1026.85,-0.06312629604627562,107096.99297988204,1000000.0,973.852071870283,1000000.0,106123.14090801176,108972547.24139187
2003,2005-02-28,1000.85,-0.004812354085853787,105612.43877725945,1000000.0,999.1507218863966,1000000.0,104613.28805537305,104702209.35022011
2003,2005-03-31,1015.4,-0.017464092748905147,102786.31189000608,1000000.0,984.8335631278314,1000000.0,101801.47832687825,103369221.09311217
2003,2005-04-30,997.0,-0.043478228894636595,97375.33035036986,1000000.0,1003.0090270812437,1000000.0,96372.3213232886,96083204.35931873
2003,2005-05-31,1005.0,0.08862219987426712,104913.04844594818,1000000.0,995.0248756218906,1000000.0,103918.02357032629,104437613.68817791
2003,2005-06-30,1034.5,-0.03324618854350103,100463.14536563924,1000000.0,966.6505558240696,1000000.0,99496.49480981517,102929123.88075379
2003,2005-07-31,1026.5,0.07612895119066732,107071.05860683406,1000000.0,974.184120798831,1000000.0,106096.87448603523,108908441.65991516
2003,2005-08-31,1039.0,-0.015159342702160572,104488.51560607331,1000000.0,962.4639076034649,1000000.0,103526.05169846985,107563567.71471018
2003,2005-09-30,1042.4,0.012313849855656978,104800.85595523378,1000000.0,959.3246354566385,1000000.0,103841.53131977715,108244412.24773571
2003,2005-10-31,1043.5,-0.014951460299312935,102288.94878682964,1000000.0,958.3133684714902,1000000.0,101330.63541835816,105738518.05905674
2003,2005-11-30,1037.4,0.060972132341394536,107508.9803313239,1000000.0,963.948332369385,1000000.0,106545.03199895451,110529816.19571541
2003,2005-12-31,1010.0,-0.017762229090198756,104652.55473216652,1000000.0,990.0990099009902,1000000.0,103662.45572226553,104699080.27948818
2003,2006-01-31,958.9,0.039346395806376666,107741.19973537479,1000000.0,1042.8616122640526,1000000.0,106698.33812311073,102313036.42625087
2003,2006-02-28,970.9,-0.02142841795360495,104411.96153885366,1000000.0,1029.9721907508497,999999.9999999999,103381.98934810281,100373573.45807302
2003,2006-03-31,971.4,0.020910237179069036,105543.73126541563,1000000.0,1029.4420424130121,1000000.0,104514.28922300262,101525180.55122474
2003,2006-04-30,942.8,-0.0019078658073693466,104314.88998421254,1000000.0,1060.6703436571913,999999.9999999999,103254.21964055535,97348078.27711558
2003,2006-05-31,945.3,-0.07240119770635545,95778.49047034406,1000000.0,1057.8652279699568,1000000.0000000001,94720.6252423741,89539407.04161623
2003,2006-06-30,948.5,-0.0006158326609583264,94662.29318768345,1000000.0,1054.2962572482868,1000000.0,93607.99693043515,88787185.08851774
2003,2006-07-31,954.9,-0.04307478237815077,89575.85283380206,1000000.0,1047.2300764477957,1000000.0000000001,88528.62275735426,84535981.87099758
2003,2006-08-31,961.1,0.04770870989786857,92752.20913814272,1000000.0,1040.4744563520965,999999.9999999999,91711.73468179062,88144148.20266896
2003,2006-09-30,946.0,0.04639579459633181,95966.77348616027,1000000.0,1057.0824524312895,999999.9999999999,94909.69103372897,89784567.71790761
2003,2006-10-31,942.2,0.04747879415954759,99415.88871806565,1000000.0,1061.3457864572276,999999.9999999999,98354.54293160842,92669650.35016146
2003,2006-11-30,929.0,0.03428794083657638,101726.91768065593,1000000.0,1076.4262648008612,1000000.0,100650.49141585507,93504306.52532935
2003,2006-12-31,930.0,-0.018787555850018234,98759.51468704791,1000000.0,1075.268817204301,1000000.0,97684.24586984361,90846348.65895456
2003,2007-01-31,941.0,0.021084333619905804,99743.8530991723,1000000.0,1062.6992561105208,1000000.0,98681.15384306178,92858965.76632114
2003,2007-02-28,942.3,-0.016791203141180988,97024.1785426768,1000000.0,1061.2331529236974,1000000.0,95962.9453897531,90425883.44076435
2003,2007-03-31,941.1,0.005248345997608261,96466.59213010811,1000000.0,1062.5863351397302,1000000.0000000001,95404.00579496838,89784709.85364474
2003,2007-04-30,931.0,0.05582295594111608,100729.73940706688,1000000.0,1074.1138560687432,999999.9999999999,99655.62555099814,92779387.38797927
2003,2007-05-31,927.4,0.03154997826042738,102799.75837066142,1000000.0,1078.2833728703904,1000000.0,101721.47499779104,94336495.91295141
2003,2007-06-30,922.6,0.004792257289300217,102208.95047782757,1000000.0,1083.8933448948624,1000000.0,101125.0571329327,93297977.71084371
2003,2007-07-31,919.0,-0.0014703395570669908,100976.3689612195,1000000.0,1088.139281828074,1000000.0,99888.22967939143,91797283.07536072
2003,2007-08-31,938.1,0.028192223139561712,102704.30093952862,1000000.0,1065.9844366272253,1000000.0,101638.31650290139,95346904.7113718
2003,2007-09-30,913.6,0.052521978795962765,106976.56200712413,1000000.0,1094.5709281961472,1000000.0000000001,105881.99107892798,96733787.0497086
2003,2007-10-31,903.2,0.07041384686199792,113337.54938420304,1000000.0,1107.1744906997342,1000000.0,112230.3748935033,101366474.60381219
2003,2007-11-30,920.9,-0.06759913443668886,104643.69869319738,1000000.0,1085.894233901618,1000000.0,103557.80445929576,95366382.12656546
2003,2007-12-31,935.8,-0.0007134500846983638,103483.9211349331,1000000.0,1068.604402650139,1000000.0000000001,102415.31673228297,95840253.3980704
2003,2008-01-31,943.4,-0.1188987825500194,90238.2602583399,1000000.0,1059.99576001696,1000000.0000000001,89178.26449832294,84130774.72771786
2003,2008-02-29,942.8,-0.048305446271049046,84870.4686340538,1000000.0,1060.6703436571913,999999.9999999999,83809.79829039662,79015877.82818593
2003,2008-03-31,988.6,0.018724069226539353,85379.0587554483,1000000.0,1011.5314586283633,1000000.0,84367.52729681994,83405737.48563619
2003,2008-04-30,1005.0,0.07982571141269168,91102.22518341828,1000000.0,995.0248756218906,1000000.0,90107.20030779639,90557736.30933537
2003,2008-05-31,1028.5,0.05930925455969138,95451.39118851259,1000000.0,972.2897423432182,999999.9999999999,94479.10144616937,97171755.83738519
2003,2008-06-30,1046.8,-0.09615059608570053,85394.87952447882,1000000.0,955.2923194497516,1000000.0,84439.58720502906,88391359.88622442
2003,2008-07-31,1011.5,0.006420892197482875,84981.7646916725,1000000.0,988.6307464162136,1000000.0,83993.1339452563,84959054.98562674
2003,2008-08-31,1089.0,0.014518170021841081,85212.5605445408,1000000.0,918.2736455463728,1000000.0,84294.28689899443,91796478.43300493
2003,2008-09-30,1206.3,-0.15576276999946548,71164.3752764774,1000000.0,828.9811821271658,1000000.0,70335.39409435022,84845585.89601468
2003,2008-10-31,1277.5,-0.15471594149793266,59453.3873764147,1000000.0,782.7788649706458,1000000.0,58670.60851144405,74951702.37336977
2003,2008-11-30,1468.0,-0.11462461827548043,51945.51240682962,1000000.0,681.1989100817439,1000000.0,51264.313496747876,75256012.21322589
2003,2008-12-31,1262.0,0.02277389618927761,52431.801650537396,1000000.0,792.3930269413629,1000000.0,51639.408623596035,65168933.6829782
2003,2009-01-31,1380.0,-0.022864816408768474,50458.683025960134,1000000.0,724.6376811594203,1000000.0,49734.04534480071,68632982.57582498
2003,2009-02-28,1532.8,-0.052649471466756026,47115.57414349327,1000000.0,652.400835073069,1000000.0,46463.173308420206,71218752.04714648
2003,2009-03-31,1372.3,0.10316505788946317,51256.54927251154,1000000.0,728.7036362311449,1000000.0,50527.84563628039,69339362.56666759
2003,2009-04-30,1277.0,0.13060693251537758,57127.13256144548,1000000.0,783.0853563038371,1000000.0,56344.047205141644,71951348.28096588
2003,2009-05-31,1249.0,0.03208851463770146,58152.04398863117,1000000.0,800.640512409928,1000000.0,57351.40347622125,71631902.94180034
2003,2009-06-30,1273.5,0.029529159130963212,59044.94219585466,1000000.0,785.2375343541421,1000000.0,58259.70466150052,74193733.8864209
2003,2009-07-31,1222.2,0.08438690679481597,63176.06092866407,1000000.0,818.1966944853542,1000000.0,62357.86423417871,76213781.66701323
2003,2009-08-31,1248.0,0.014702797335734319,63274.69927430308,1000000.0,801.2820512820513,1000000.0,62473.417223021024,77966824.69433025
2003,2009-09-30,1175.0,0.05647954945342448,66001.88768059306,1000000.0,851.063829787234,1000000.0,65150.82385080583,76552218.02469684
2003,2009-10-31,1182.0,-0.03053291785221446,63161.57909816508,1000000.0,846.0236886632825,1000000.0,62315.555409501794,73656986.49403112
2003,2009-11-30,1164.4,0.06347681373507363,66271.1483130284,1000000.0,858.8114050154585,1000000.0,65412.33690801294,76166125.09569028
2003,2009-12-31,1163.65,0.052027655541681206,68815.58744083944,1000000.0,859.3649293172344,999999.9999999999,67956.22251152221,79077258.32553282
2003,2010-01-31,1158.7,-0.06469923917926257,63559.506617530045,1000000.0,863.0361612151548,1000000.0,62696.47045631489,72646400.31773207
2003,2010-02-28,1159.0,0.04603889849664222,65582.9468957509,1000000.0,862.8127696289905,1000000.0,64720.134126121906,75010635.45217529
2003,2010-03-31,1131.2,0.07710908013558893,69710.64413483911,1000000.0,884.016973125884,1000000.0,68826.62716171323,77856680.64533001
2003,2010-04-30,1108.0,0.022425457084509937,70370.0957353998,1000000.0,902.5270758122743,1000000.0,69467.56865958752,76970066.07482296
2003,2010-05-31,1194.5,-0.07392356252970667,64332.27850399381,1000000.0,837.1703641691084,1000000.0,63495.108139824704,75844906.67302062
2003,2010-06-30,1220.85,-0.05975707774651384,59700.8260261899,1000000.0,819.1014457140517,999999.9999999999,58881.72458047585,71885753.45407394
2003,2010-07-31,1182.0,0.07258241429307155,63155.502308266485,1000000.0,846.0236886632825,1000000.0,62309.4786196032,73649803.72837098
2003,2010-08-31,1198.0,-0.05129849482273652,59113.09615322807,1000000.0,834.7245409015025,999999.9999999999,58278.37161232657,69817489.19156723
2003,2010-09-30,1140.1,0.1317277980385454,65955.25317809042,1000000.0,877.1160424524165,1000000.0,65078.13713563801,74195584.1483409
2003,2010-10-31,1124.0,0.06337880039626165,69202.71139931816,1000000.0,889.6797153024911,1000000.0,68313.03168401566,76783847.6128336
2003,2010-11-30,1157.2,-0.0017244280298241987,68195.23077737748,1000000.0,864.1548565502937,1000000.0,67331.07592082719,77915521.05558123
2003,2010-12-31,1130.6,0.04757077127037346,70534.06713284501,1000000.0,884.486113568017,1000000.0,69649.581019277,78745816.30039456
2003,2011-01-31,1119.1,0.028277656773681326,71619.10796577082,1000000.0,893.5751943526049,1000000.0,70725.5327714182,79148943.72449411
2003,2011-02-28,1123.7,0.03160699470043249,72960.95431090968,1000000.0,889.9172376968942,1000000.0,72071.03707321279,80986224.35916921
2003,2011-03-31,1097.25,-0.004482501326594668,71747.97855392307,1000000.0,911.369332421964,1000000.0,70836.6092215011,77725469.46829209
2003,2011-04-30,1068.4,0.028730708654732595,72871.7952031332,1000000.0,935.9790340696368,1000000.0,71935.81616906356,76856225.99502751
2003,2011-05-31,1078.0,-0.012186914356340783,71059.1405382577,1000000.0,927.643784786642,1000000.0,70131.49675347106,75601753.5002418
2003,2011-06-30,1066.3,-0.020254568591719813,68711.01354203791,1000000.0,937.822376441902,1000000.0,67773.191165596,72266553.739875
2003,2011-07-31,1054.0,0.016651727835173435,68901.73189940669,1000000.0,948.7666034155598,1000000.0,67952.96529599113,71622425.42197466
2003,2011-08-31,1063.9,-0.05068953287360478,64508.461227761065,1000000.0,939.9379640943697,1000000.0,63568.5232636667,67630551.900215
2003,2011-09-30,1180.9,-0.044908413679442205,60713.76172395071,1000000.0,846.8117537471419,999999.9999999999,59866.94997020357,70696881.2198134
2003,2011-10-31,1112.05,0.10401975547005837,66094.29546684236,1000000.0,899.2401420799425,1000000.0,65195.05532476242,72500161.27390204
2003,2011-11-30,1140.05,-0.026919445604049463,63440.04057929448,1000000.0,877.1545107670717,1000000.0,62562.88606852741,71324818.26242468
2003,2011-12-31,1158.5,-0.006142095848647777,62178.61882572649,1000000.0,863.1851532153647,1000000.0,61315.43367251112,71033929.90960413
2003,2012-01-31,1125.7,0.08418416189051836,66477.22206718514,1000000.0,888.3361463977969,1000000.0,65588.88592078735,73833408.88103032
2003,2012-02-29,1117.1,0.06410041990274817,69793.16104926326,1000000.0,895.1750067138126,1000000.0,68897.98604254946,76965940.20813198
2003,2012-03-31,1131.4,0.05053103803010517,72379.47279546318,1000000.0,883.86070355312,1000000.0,71495.61209191006,80890135.52078706
2003,2012-04-30,1130.05,-0.011695446573056212,70659.43898048118,1000000.0,884.9165966107695,1000000.0,69774.52238387041,78848699.01989275
2003,2012-05-31,1180.0,-0.07040149926158734,64862.29139778475,1000000.0,847.457627118644,1000000.0,64014.833770666104,75537503.849386
2003,2012-06-30,1141.17,0.03621434228626219,66333.08887223518,1000000.0,876.2936284690273,1000000.0,65456.79524376615,74697331.02832863
2003,2012-07-31,1130.27,0.009975285386007782,66109.74545677619,1000000.0,884.7443531191662,1000000.0,65225.00110365702,73721861.99743041
2003,2012-08-31,1133.2,0.05185190446741217,68607.0416297707,1000000.0,882.4567596187786,1000000.0,67724.58487015191,76745499.57485615
2003,2012-09-30,1111.21,0.008884101939717892,68326.25698596342,1000000.0,899.9199071282655,1000000.0,67426.33707883516,74924820.02537242
2003,2012-10-31,1090.17,-0.05279268015834904,63866.720031183184,1000000.0,917.2881293743177,1000000.0,62949.431901808864,68625582.17639497
2003,2012-11-30,1081.75,0.01308684260423143,63773.24120913362,1000000.0,924.428010168708,999999.9999999999,62848.81319896491,67986703.67798029
2003,2012-12-31,1063.24,-0.0046693821504151245,62555.348072438894,1000000.0,940.5214250780633,1000000.0,61614.82664736083,65511348.28453993
2004,2004-01-31,1174.0,0.016730151899738033,85296.15368286392,1000000.0,851.7887563884157,1000000.0,84444.36492647551,99137684.42368224
2004,2004-02-29,1179.0,-0.013487326672650846,83305.4361910476,1000000.0,848.1764206955047,1000000.0,82457.2597703521,97217109.26924513
2004,2004-03-31,1146.7,-0.019961590955368536,80811.28167951577,1000000.0,872.0676724513822,1000000.0,79939.2140070644,91666296.70190075
2004,2004-04-30,1173.6,-0.029855843978991325,77552.56130586629,1000000.0,852.0790729379687,1000000.0,76700.48223292832,90015685.94856466
2004,2004-05-31,1165.0,0.05119450660042868,80627.12557685803,1000000.0,858.3690987124463,1000000.0,79768.75647814559,92930601.29703961
2004,2004-06-30,1156.0,0.0325580813719577,82365.87414250094,1000000.0,865.0519031141869,1000000.0,81500.82223938675,94214950.50873108
2004,2004-07-31,1170.0,-0.07551679829787927,75346.14108522366,1000000.0,854.7008547008547,1000000.0,74491.4402305228,87154985.06971167
2004,2004-08-31,1152.0,-0.024935714359367034,72633.94295471662,1000000.0,868.0555555555555,1000000.0,71765.88739916106,82674302.28383353
2004,2004-09-30,1152.0,0.0329214239565887,74128.52260384965,1000000.0,868.0555555555555,1000000.0,73260.46704829409,84396058.0396348
2004,2004-10-31,1120.0,0.05008573223584234,76929.7711843477,1000000.0,892.8571428571429,1000000.0,76036.91404149056,85161343.72646943
2004,2004-11-30,1048.0,0.0601628790069082,80611.51370102743,1000000.0,954.1984732824427,1000000.0,79657.31522774498,83480866.35867675
2004,2004-12-31,1035.1,0.03022315618318494,82064.81070700631,1000000.0,966.0902328277461,1000000.0,81098.72047417857,83945285.56282222
2004,2005-01-31,1026.85,-0.06312629604627562,75979.25863655141,1000000.0,973.852071870283,1000000.0,75005.40656468114,77019301.73094282
2004,2005-02-28,1000.85,-0.004812354085853787,74644.45398993847,1000000.0,999.1507218863966,1000000.0,73645.30326805207,73707901.77582991
2004,2005-03-31,1015.4,-0.017464092748905147,72359.15486125756,1000000.0,984.8335631278314,1000000.0,71374.32129812973,72473485.84612092
2004,2005-04-30,997.0,-0.043478228894636595,68271.0922195303,1000000.0,1003.0090270812437,1000000.0,67268.08319244905,67066278.942871705
2004,2005-05-31,1005.0,0.08862219987426712,73229.5287062891,1000000.0,995.0248756218906,1000000.0,72234.5038306672,72595676.34982054
2004,2005-06-30,1034.5,-0.03324618854350103,69832.9818969666,1000000.0,966.6505558240696,1000000.0,68866.33134114252,71242219.77241194
2004,2005-07-31,1026.5,0.07612895119066732,74109.05291849269,1000000.0,974.184120798831,1000000.0,73134.86879769385,75072942.82083274
2004,2005-08-31,1039.0,-0.015159342702160572,72026.19225811206,1000000.0,962.4639076034649,1000000.0,71063.7283505086,73835213.75617842
2004,2005-09-30,1042.4,0.012313849855656978,71938.79643159996,1000000.0,959.3246354566385,1000000.0,70979.47179614332,73989001.4002998
2004,2005-10-31,1043.5,-0.014951460299312935,69918.22504151709,1000000.0,958.3133684714902,1000000.0,68959.9116730456,71959667.83082308
2004,2005-11-30,1037.4,0.060972132341394536,73164.54453382542,1000000.0,963.948332369385,1000000.0,72200.59620145604,74900898.4993905
2004,2005-12-31,1010.0,-0.017762229090198756,70918.15267127684,1000000.0,990.0990099009902,1000000.0,69928.05366137584,70627334.1979896
2004,2006-01-31,958.9,0.039346395806376666,72679.4705387059,1000000.0,1042.8616122640526,1000000.0,71636.60892644184,68692344.29956508
2004,2006-02-28,970.9,-0.02142841795360495,70101.5497295871,1000000.0,1029.9721907508497,999999.9999999999,69071.57753883625,67061594.63245612
2004,2006-03-31,971.4,0.020910237179069036,70515.88060750578,1000000.0,1029.4420424130121,1000000.0,69486.43856509277,67499126.42213112
2004,2006-04-30,942.8,-0.0019078658073693466,69353.86776487857,1000000.0,1060.6703436571913,999999.9999999999,68293.19742122138,64386826.52872752
2004,2006-05-31,945.3,-0.07240119770635545,63348.68813272837,1000000.0,1057.8652279699568,1000000.0000000001,62290.82290475841,58883514.89186812
2004,2006-06-30,948.5,-0.0006158326609583264,62252.46218153569,1000000.0,1054.2962572482868,1000000.0,61198.1659242874,58046460.3791866
2004,2006-07-31,954.9,-0.04307478237815077,58562.06824515676,1000000.0,1047.2300764477957,1000000.0000000001,57514.838168708964,54920918.96730019
2004,2006-08-31,961.1,0.04770870989786857,60258.79689772276,1000000.0,1040.4744563520965,999999.9999999999,59218.32244137066,56914729.69840135
2004,2006-09-30,946.0,0.04639579459633181,61965.80356569984,1000000.0,1057.0824524312895,999999.9999999999,60908.72111326855,57619650.173152044
2004,2006-10-31,942.2,0.04747879415954759,63800.59374552671,1000000.0,1061.3457864572276,999999.9999999999,62739.247959069486,59112919.42703527
2004,2006-11-30,929.0,0.03428794083657638,64890.44758122136,1000000.0,1076.4262648008612,1000000.0,63814.0213164205,59283225.802954644
2004,2006-12-31,930.0,-0.018787555850018234,62615.111826923996,1000000.0,1075.268817204301,1000000.0,61539.8430097197,57232053.99903932
2004,2007-01-31,941.0,0.021084333619905804,62837.36959065326,1000000.0,1062.6992561105208,1000000.0,61774.67033454274,58129964.78480472
2004,2007-02-28,942.3,-0.016791203141180988,60737.39929597594,1000000.0,1061.2331529236974,1000000.0,59676.16614305224,56232851.356598124
2004,2007-03-31,941.1,0.005248345997608261,59989.36731078174,1000000.0,1062.5863351397302,1000000.0000000001,58926.78097564201,55455993.576176696
2004,2007-04-30,931.0,0.05582295594111608,62216.24807379707,1000000.0,1074.1138560687432,999999.9999999999,61142.13421772832,56923326.95670507
2004,2007-05-31,927.4,0.03154997826042738,63071.167223093784,1000000.0,1078.2833728703904,1000000.0,61992.88385022339,57492200.482697174
2004,2007-06-30,922.6,0.004792257289300217,62289.96969973937,1000000.0,1083.8933448948624,1000000.0,61206.07635484451,56468726.04497955
2004,2007-07-31,919.0,-0.0014703395570669908,61116.08263964712,1000000.0,1088.139281828074,1000000.0,60027.943357819044,55165679.9458357
2004,2007-08-31,938.1,0.028192223139561712,61720.26453157165,1000000.0,1065.9844366272253,1000000.0,60654.28009494443,56899780.157067366
2004,2007-09-30,913.6,0.052521978795962765,63839.96290797549,1000000.0,1094.5709281961472,1000000.0000000001,62745.39197977934,57324190.112726405
2004,2007-10-31,903.2,0.07041384686199792,67163.53640193956,1000000.0,1107.1744906997342,1000000.0,66056.36191123983,59662106.07823182
2004,2007-11-30,920.9,-0.06759913443668886,61591.00902200335,1000000.0,1085.894233901618,1000000.0,60505.11478810173,55719160.208362885
2004,2007-12-31,935.8,-0.0007134500846983638,60461.947408831475,1000000.0,1068.604402650139,1000000.0000000001,59393.343006181334,55580290.38518449
2004,2008-01-31,943.4,-0.1188987825500194,52331.546831170665,1000000.0,1059.99576001696,1000000.0000000001,51271.551071153706,48369581.28052641
2004,2008-02-29,942.8,-0.048305446271049046,48794.85591565274,1000000.0,1060.6703436571913,999999.9999999999,47734.18557199555,45003790.157277405
2004,2008-03-31,988.6,0.018724069226539353,48627.96376711807,1000000.0,1011.5314586283633,1000000.0,47616.432308489704,47073604.980172925
2004,2008-04-30,1005.0,0.07982571141269168,51417.44789244917,1000000.0,995.0248756218906,1000000.0,50422.42301682728,50674535.13191141
2004,2008-05-31,1028.5,0.05930925455969138,53412.93933904873,1000000.0,972.2897423432182,999999.9999999999,52440.649596705516,53935208.110211626
2004,2008-06-30,1046.8,-0.09615059608570053,47398.44987886093,1000000.0,955.2923194497516,1000000.0,46443.15755941118,48616697.33319162
2004,2008-07-31,1011.5,0.006420892197482875,46741.36406741087,1000000.0,988.6307464162136,1000000.0,45752.73332099465,46278889.754186094
2004,2008-08-31,1089.0,0.014518170021841081,46416.97928231281,1000000.0,918.2736455463728,1000000.0,45498.70563676643,49548090.43843865
2004,2008-09-30,1206.3,-0.15576276999946548,38411.7012153934,1000000.0,828.9811821271658,1000000.0,37582.72003326623,45336035.17612906
2004,2008-10-31,1277.5,-0.15471594149793266,31768.07411926623,1000000.0,782.7788649706458,1000000.0,30985.295254295586,39583714.68736261
2004,2008-11-30,1468.0,-0.11462461827548043,27433.6176136189,1000000.0,681.1989100817439,1000000.0,26752.418703537154,39272550.656792544
2004,2008-12-31,1262.0,0.02277389618927761,27361.675509903598,1000000.0,792.3930269413629,1000000.0,26569.282482962237,33530434.493498344
2004,2009-01-31,1380.0,-0.022864816408768474,25961.780716876598,1000000.0,724.6376811594203,1000000.0,25237.143035717178,34827257.38928971
2004,2009-02-28,1532.8,-0.052649471466756026,23908.420793555746,1000000.0,652.400835073069,1000000.0,23256.019958482677,35646827.392362244
2004,2009-03-31,1372.3,0.10316505788946317,25655.228603778054,1000000.0,728.7036362311449,1000000.0,24926.52496754691,34206670.212964624
2004,2009-04-30,1277.0,0.13060693251537758,28182.101931826182,1000000.0,783.0853563038371,1000000.0,27399.016575522346,34988544.16694204
2004,2009-05-31,1249.0,0.03208851463770146,28278.21031996462,1000000.0,800.640512409928,1000000.0,27477.56980755469,34319484.689635806
2004,2009-06-30,1273.5,0.029529159130963212,28288.95933893412,1000000.0,785.2375343541421,1000000.0,27503.72180457998,35025989.7181326
2004,2009-07-31,1222.2,0.08438690679481597,29824.675813013615,1000000.0,818.1966944853542,1000000.0,29006.47911852826,35451718.77866524
2004,2009-08-31,1248.0,0.014702797335734319,29432.95550243119,1000000.0,801.2820512820513,1000000.0,28631.673451149138,35732328.467034124
2004,2009-09-30,1175.0,0.05647954945342448,30248.777467767617,1000000.0,851.063829787234,1000000.0,29397.71363798038,34542313.52462695
2004,2009-10-31,1182.0,-0.03053291785221446,28500.115662429,1000000.0,846.0236886632825,1000000.0,27654.09197376572,32687136.71299108
2004,2009-11-30,1164.4,0.06347681373507363,29409.48561899704,1000000.0,858.8114050154585,1000000.0,28550.674213981583,33244405.054760158
2004,2009-12-31,1163.65,0.052027655541681206,30036.098857469377,1000000.0,859.3649293172344,999999.9999999999,29176.73392815214,33951506.435494244
2004,2010-01-31,1158.7,-0.06469923917926257,27289.021441264922,1000000.0,863.0361612151548,1000000.0,26425.98528004977,30619789.14399367
2004,2010-02-28,1159.0,0.04603889849664222,27642.60853403174,1000000.0,862.8127696289905,1000000.0,26779.79576440275,31037783.290942784
2004,2010-03-31,1131.2,0.07710908013558893,28844.761182014783,1000000.0,884.016973125884,1000000.0,27960.7442088889,31629193.849095125
2004,2010-04-30,1108.0,0.022425457084509937,28587.776678196296,1000000.0,902.5270758122743,1000000.0,27685.24960238402,30675256.559441496
2004,2010-05-31,1194.5,-0.07392356252970667,25638.65732225165,1000000.0,837.1703641691084,1000000.0,24801.48695808254,29625376.171429593
2004,2010-06-30,1220.85,-0.05975707774651384,23319.422573699252,1000000.0,819.1014457140517,999999.9999999999,22500.3211279852,27469517.04910073
2004,2010-07-31,1182.0,0.07258241429307155,24133.44875782377,1000000.0,846.0236886632825,1000000.0,23287.42506916049,27525736.4317477
2004,2010-08-31,1198.0,-0.05129849482273652,22092.815214815295,1000000.0,834.7245409015025,999999.9999999999,21258.090673913794,25467192.627348725
2004,2010-09-30,1140.1,0.1317277980385454,24058.372148892195,1000000.0,877.1160424524165,1000000.0,23181.256106439778,26428950.08695199
2004,2010-10-31,1124.0,0.06337880039626165,24650.456310144447,1000000.0,889.6797153024911,1000000.0,23760.776594841955,26707112.892602358
2004,2010-11-30,1157.2,-0.0017244280298241987,23719.80284567142,1000000.0,864.1548565502937,1000000.0,22855.647989121127,26448555.85301097
2004,2010-12-31,1130.6,0.04757077127037346,23942.908791847778,1000000.0,884.486113568017,1000000.0,23058.42267827976,26069852.680063095
2004,2011-01-31,1119.1,0.028277656773681326,23710.460840518623,1000000.0,893.5751943526049,1000000.0,22816.885646166018,25534376.72662439
2004,2011-02-28,1123.7,0.03160699470043249,23538.05882986476,1000000.0,889.9172376968942,1000000.0,22648.141592167867,25449716.707119033
2004,2011-03-31,1097.25,-0.004482501326594668,22546.621267436072,1000000.0,911.369332421964,1000000.0,21635.25193501411,23739280.18569423
2004,2011-04-30,1068.4,0.028730708654732595,22256.84805503074,1000000.0,935.9790340696368,1000000.0,21320.8690209611,22779216.46199484
2004,2011-05-31,1078.0,-0.012186914356340783,21061.03341619989,1000000.0,927.643784786642,1000000.0,20133.389631413247,21703794.02266348
2004,2011-06-30,1066.3,-0.020254568591719813,19725.596510139967,1000000.0,937.822376441902,1000000.0,18787.774133698065,20033403.558762245
2004,2011-07-31,1054.0,0.016651727835173435,19100.623035201115,1000000.0,948.7666034155598,1000000.0,18151.856431785556,19132056.679101977
2004,2011-08-31,1063.9,-0.05068953287360478,17231.747308469607,1000000.0,939.9379640943697,1000000.0,16291.809344375237,17332855.961480815
2004,2011-09-30,1180.9,-0.044908413679442205,15560.170030751431,1000000.0,846.8117537471419,999999.9999999999,14713.358277004289,17375004.789314367
2004,2011-10-31,1112.05,0.10401975547005837,16243.838207121635,1000000.0,899.2401420799425,1000000.0,15344.598065041691,17063960.278229613
2004,2011-11-30,1140.05,-0.026919445604049463,14931.5299921138,1000000.0,877.1545107670717,1000000.0,14054.375481346728,16022690.767509336
2004,2011-12-31,1158.5,-0.006142095848647777,13968.052160047411,1000000.0,863.1851532153647,1000000.0,13104.867006832046,15181988.427414926
2004,2012-01-31,1125.7,0.08418416189051836,14208.089252488908,1000000.0,888.3361463977969,1000000.0,13319.753106091111,14994046.071526764
2004,2012-02-29,1117.1,0.06410041990274817,14173.554873192486,1000000.0,895.1750067138126,1000000.0,13278.379866478674,14833278.148843326
2004,2012-03-31,1131.4,0.05053103803010517,13949.350184489891,1000000.0,883.86070355312,1000000.0,13065.48948093677,14782294.798731863
2004,2012-04-30,1130.05,-0.011695446573056212,12912.682746761646,1000000.0,884.9165966107695,1000000.0,12027.766150150876,13591977.137977997
2004,2012-05-31,1180.0,-0.07040149926158734,11180.993380412483,1000000.0,847.457627118644,1000000.0,10333.53575329384,12193572.18888673
2004,2012-06-30,1141.17,0.03621434228626219,10707.75795409095,1000000.0,876.2936284690273,1000000.0,9831.464325621922,11219372.144469969
2004,2012-07-31,1130.27,0.009975285386007782,9929.535988032356,1000000.0,884.7443531191662,1000000.0,9044.79163491319,10223056.641193332
2004,2012-08-31,1133.2,0.05185190446741217,9513.781306694358,1000000.0,882.4567596187786,1000000.0,8631.32454707558,9781016.976746047
2004,2012-09-30,1111.21,0.008884101939717892,8708.006114226588,1000000.0,899.9199071282655,1000000.0,7808.086207098322,8676423.474189727
2004,2012-10-31,1090.17,-0.05279268015834904,7395.8764093181635,1000000.0,917.2881293743177,1000000.0,6478.588279943846,7062762.585146383
2004,2012-11-30,1081.75,0.01308684260423143,6563.372545061089,1000000.0,924.428010168708,999999.9999999999,5638.944534892381,6099928.250619833
2004,2012-12-31,1063.24,-0.0046693821504151245,5612.614147933974,1000000.0,940.5214250780633,1000000.0,4672.09272285591,4967555.8666493185
2004,2013-01-31,1087.46,0.02671573913616987,4796.911133259727,1000000.0,919.5740532985121,1000000.0,3877.337079961215,4216448.980974623
2004,2013-02-28,1083.9,0.0034393523892610744,3890.67260851115,1000000.0,922.5943352707814,1000000.0,2968.0782732403686,3217100.040365236
2004,2013-03-31,1112.48,0.030247697363841253,3057.8558066015357,1000000.0,898.8925643607076,1000000.0,2158.963242240828,2401803.4277280765
2004,2013-04-30,1101.52,0.025373439081501248,2213.7435645470264,1000000.0,907.8364441862154,1000000.0,1305.907120360811,1438482.8112198405
2004,2013-05-31,1129.34,0.03577484501980277,1352.6257452019759,1000000.0,885.4729310924965,1000000.0,467.1528141094793,527574.3590863993
2004,2013-06-30,1141.45,-0.023952569656809364,455.9633037891475,1000000.0,455.9633037891475,520459.31311012246,0.0,0.0
2005,2005-01-31,1026.85,-0.06312629604627562,90510.45347828466,1000000.0,973.852071870283,1000000.0,89536.60140641438,91940659.1541766
2005,2005-02-28,1000.85,-0.004812354085853787,89105.71957680276,1000000.0,999.1507218863966,1000000.0,88106.56885491636,88181459.43844303
2005,2005-03-31,1015.4,-0.017464092748905147,86567.86756464631,1000000.0,984.8335631278314,1000000.0,85583.03400151848,86901012.72514185
2005,2005-04-30,997.0,-0.043478228894636595,81862.03525970299,1000000.0,1003.0090270812437,1000000.0,80859.02623262173,80616449.15392387
2005,2005-05-31,1005.0,0.08862219987426712,88024.93101704774,1000000.0,995.0248756218906,1000000.0,87029.90614142585,87465055.67213297
2005,2005-06-30,1034.5,-0.03324618854350103,84136.4934729248,1000000.0,966.6505558240696,1000000.0,83169.84291710073,86039202.4977407
2005,2005-07-31,1026.5,0.07612895119066732,89501.47582907217,1000000.0,974.184120798831,1000000.0,88527.29170827333,90873264.93854257
2005,2005-08-31,1039.0,-0.015159342702160572,87185.27615477348,1000000.0,962.4639076034649,1000000.0,86222.81224717002,89585501.92480965
2005,2005-09-30,1042.4,0.012313849855656978,87284.54701131418,1000000.0,959.3246354566385,1000000.0,86325.22237585754,89985411.8045939
2005,2005-10-31,1043.5,-0.014951460299312935,85034.53424067555,1000000.0,958.3133684714902,1000000.0,84076.22087220407,87733536.48014495
2005,2005-11-30,1037.4,0.060972132341394536,89202.52733798842,1000000.0,963.948332369385,1000000.0,88238.57900561903,91538701.8604292
2005,2005-12-31,1010.0,-0.017762229090198756,86671.26515072762,1000000.0,990.0990099009902,1000000.0,85681.16614082662,86537977.80223489
2005,2006-01-31,958.9,0.039346395806376666,89052.4112169555,1000000.0,1042.8616122640526,1000000.0,88009.54960469145,84392357.11593863
2005,2006-02-28,970.9,-0.02142841795360495,86123.6441918536,1000000.0,1029.9721907508497,999999.9999999999,85093.67200110275,82617446.14587066
2005,2006-03-31,971.4,0.020910237179069036,86873.00086508371,1000000.0,1029.4420424130121,1000000.0,85843.5588226707,83388433.04034232
2005,2006-04-30,942.8,-0.0019078658073693466,85679.78083201003,1000000.0,1060.6703436571913,999999.9999999999,84619.11048835285,79778897.36841907
2005,2006-05-31,945.3,-0.07240119770635545,78492.58554014968,1000000.0,1057.8652279699568,1000000.0000000001,77434.72031217972,73199041.11110349
2005,2006-06-30,948.5,-0.0006158326609583264,77387.03348231931,1000000.0,1054.2962572482868,1000000.0,76332.73722507102,72401601.25797985
2005,2006-07-31,954.9,-0.04307478237815077,73044.72118077251,1000000.0,1047.2300764477957,1000000.0000000001,71997.49110432471,68750404.25551967
2005,2006-08-31,961.1,0.04770870989786857,75432.39852079531,1000000.0,1040.4744563520965,999999.9999999999,74391.92406444321,71498078.21833637
2005,2006-09-30,946.0,0.04639579459633181,77843.39649296303,1000000.0,1057.0824524312895,999999.9999999999,76786.31404053174,72639853.08234303
2005,2006-10-31,942.2,0.04747879415954759,80432.03563913252,1000000.0,1061.3457864572276,999999.9999999999,79370.68985267529,74783063.97919066
2005,2006-11-30,929.0,0.03428794083657638,82092.14737050208,1000000.0,1076.4262648008612,1000000.0,81015.72110570122,75263604.90719643
2005,2006-12-31,930.0,-0.018787555850018234,79493.63372069836,1000000.0,1075.268817204301,1000000.0,78418.36490349406,72929079.36024947
2005,2007-01-31,941.0,0.021084333619905804,80071.76387104685,1000000.0,1062.6992561105208,1000000.0,79009.06461493633,74347529.80265509
2005,2007-02-28,942.3,-0.016791203141180988,77682.40736099223,1000000.0,1061.2331529236974,1000000.0,76621.17420806854,72200132.45626298
2005,2007-03-31,941.1,0.005248345997608261,77023.3086410555,1000000.0,1062.5863351397302,1000000.0000000001,75960.72230591577,71486635.76209733
2005,2007-04-30,931.0,0.05582295594111608,80201.07436045427,1000000.0,1074.1138560687432,999999.9999999999,79126.96050438553,73667200.22958292
2005,2007-05-31,927.4,0.03154997826042738,81623.4143881126,1000000.0,1078.2833728703904,1000000.0,80545.13101524221,74697554.50353563
2005,2007-06-30,922.6,0.004792257289300217,80931.12400646764,1000000.0,1083.8933448948624,1000000.0,79847.23066157277,73667055.00836705
2005,2007-07-31,919.0,-0.0014703395570669908,79729.82811980881,1000000.0,1088.139281828074,1000000.0,78641.68883798074,72271712.04210429
2005,2007-08-31,938.1,0.028192223139561712,80858.77287777307,1000000.0,1065.9844366272253,1000000.0,79792.78844114584,74853614.83663891
2005,2007-09-30,913.6,0.052521978795962765,83983.66358372245,1000000.0,1094.5709281961472,1000000.0000000001,82889.0926555263,75727475.05008882
2005,2007-10-31,903.2,0.07041384686199792,88725.63253230248,1000000.0,1107.1744906997342,1000000.0,87618.45804160275,79136991.3031756
2005,2007-11-30,920.9,-0.06759913443668886,81695.52611731306,1000000.0,1085.894233901618,1000000.0,80609.63188341144,74233410.0014336
2005,2007-12-31,935.8,-0.0007134500846983638,80552.12093471672,1000000.0,1068.604402650139,1000000.0000000001,79483.51653206658,74380674.7707079
2005,2008-01-31,943.4,-0.1188987825500194,70033.02318360953,1000000.0,1059.99576001696,1000000.0000000001,68973.02742359258,65069154.071417235
2005,2008-02-29,942.8,-0.048305446271049046,65641.25455323062,1000000.0,1060.6703436571913,999999.9999999999,64580.58420957343,60886574.79278583
2005,2008-03-31,988.6,0.018724069226539353,65789.79553900384,1000000.0,1011.5314586283633,1000000.0,64778.26408037548,64039791.869859196
2005,2008-04-30,1005.0,0.07982571141269168,69949.23509467066,1000000.0,995.0248756218906,1000000.0,68954.21021904876,69298981.270144
2005,2008-05-31,1028.5,0.05930925455969138,73043.8330258928,1000000.0,972.2897423432182,999999.9999999999,72071.54328354959,74125582.26713075
2005,2008-06-30,1046.8,-0.09615059608570053,65141.82143601993,1000000.0,955.2923194497516,1000000.0,64186.52911657018,67190458.67922565
2005,2008-07-31,1011.5,0.006420892197482875,64598.66390055827,1000000.0,988.6307464162136,1000000.0,63610.03315414205,64341548.53541469
2005,2008-08-31,1089.0,0.014518170021841081,64533.534430568834,1000000.0,918.2736455463728,1000000.0,63615.26078502246,69277018.99488945
2005,2008-09-30,1206.3,-0.15576276999946548,53706.37155090899,1000000.0,828.9811821271658,1000000.0,52877.390368781824,63785996.00186151
2005,2008-10-31,1277.5,-0.15471594149793266,44696.415133922026,1000000.0,782.7788649706458,1000000.0,43913.63626895138,56099670.33358538
2005,2008-11-30,1468.0,-0.11462461827548043,38880.05247453453,1000000.0,681.1989100817439,1000000.0,38198.85356445279,56075917.03261669
2005,2008-12-31,1262.0,0.02277389618927761,39068.79029007905,1000000.0,792.3930269413629,1000000.0,38276.39726313769,48304813.34607977
2005,2009-01-31,1380.0,-0.022864816408768474,37401.214466926955,1000000.0,724.6376811594203,1000000.0,36676.57678576753,50613675.964359194
2005,2009-02-28,1532.8,-0.052649471466756026,34745.57440278698,1000000.0,652.400835073069,1000000.0,34093.173567713915,52258016.44459189
2005,2009-03-31,1372.3,0.10316505788946317,37610.39779246264,1000000.0,728.7036362311449,1000000.0,36881.69415623149,50612748.89059647
2005,2009-04-30,1277.0,0.13060693251537758,41698.69909594721,1000000.0,783.0853563038371,1000000.0,40915.61373964337,52249238.745524585
2005,2009-05-31,1249.0,0.03208851463770146,42228.53501003845,1000000.0,800.640512409928,1000000.0,41427.89449762853,51743440.227538034
2005,2009-06-30,1273.5,0.029529159130963212,42651.22538670975,1000000.0,785.2375343541421,1000000.0,41865.98785235561,53316335.52997487
2005,2009-07-31,1222.2,0.08438690679481597,45398.92906712524,1000000.0,818.1966944853542,1000000.0,44580.73237263988,54486571.10584047
2005,2009-08-31,1248.0,0.014702797335734319,45236.193845793416,1000000.0,801.2820512820513,1000000.0,44434.91179451136,55454769.91955018
2005,2009-09-30,1175.0,0.05647954945342448,46944.57559266802,1000000.0,851.063829787234,1000000.0,46093.511762880786,54159876.32138492
2005,2009-10-31,1182.0,-0.03053291785221446,44686.142354704665,1000000.0,846.0236886632825,1000000.0,43840.11866604138,51819020.26326091
2005,2009-11-30,1164.4,0.06347681373507363,46622.94971272921,1000000.0,858.8114050154585,1000000.0,45764.13830771375,53287762.6455019
2005,2009-12-31,1163.65,0.052027655541681206,48145.13913174934,1000000.0,859.3649293172344,999999.9999999999,47285.774202432105,55024091.15066012
2005,2010-01-31,1158.7,-0.06469923917926257,44226.420587532346,1000000.0,863.0361612151548,1000000.0,43363.38442631719,50245153.53477373
2005,2010-02-28,1159.0,0.04603889849664222,45359.786880391286,1000000.0,862.8127696289905,1000000.0,44496.9741107623,51571992.9943735
2005,2010-03-31,1131.2,0.07710908013558893,47928.09485326029,1000000.0,884.016973125884,1000000.0,47044.077880134406,53216260.89800804
2005,2010-04-30,1108.0,0.022425457084509937,48099.0628297157,1000000.0,902.5270758122743,1000000.0,47196.53575390343,52293761.615325004
2005,2010-05-31,1194.5,-0.07392356252970667,43707.59969191421,1000000.0,837.1703641691084,1000000.0,42870.42932774511,51208727.83199153
2005,2010-06-30,1220.85,-0.05975707774651384,40308.61774938062,1000000.0,819.1014457140517,999999.9999999999,39489.51630366657,48210775.97933133
2005,2010-07-31,1182.0,0.07258241429307155,42355.7607362523,1000000.0,846.0236886632825,1000000.0,41509.73704758901,49064509.19025021
2005,2010-08-31,1198.0,-0.05129849482273652,39380.350016560114,1000000.0,834.7245409015025,999999.9999999999,38545.62547565861,46177659.319839016
2005,2010-09-30,1140.1,0.1317277980385454,43623.155843585584,1000000.0,877.1160424524165,1000000.0,42746.03980113317,48734759.97727192
2005,2010-10-31,1124.0,0.06337880039626165,45455.232525419844,1000000.0,889.6797153024911,1000000.0,44565.552810117355,50091681.35857191
2005,2010-11-30,1157.2,-0.0017244280298241987,44488.702721686976,1000000.0,864.1548565502937,1000000.0,43624.54786513668,50482326.78953617
2005,2010-12-31,1130.6,0.04757077127037346,45699.801253402555,1000000.0,884.486113568017,1000000.0,44815.315139834536,50668195.29709692
2005,2011-01-31,1119.1,0.028277656773681326,46082.587239563145,1000000.0,893.5751943526049,1000000.0,45189.01204521054,50571023.37979511
2005,2011-02-28,1123.7,0.03160699470043249,46617.30090944129,1000000.0,889.9172376968942,1000000.0,45727.3836717444,51383861.031939186
2005,2011-03-31,1097.25,-0.004482501326594668,45522.410613774104,1000000.0,911.369332421964,1000000.0,44611.04128135214,48949465.04596364
2005,2011-04-30,1068.4,0.028730708654732595,45892.748111190915,1000000.0,935.9790340696368,1000000.0,44956.76907712128,48031812.08199638
2005,2011-05-31,1078.0,-0.012186914356340783,44408.88478264061,1000000.0,927.643784786642,1000000.0,43481.24099785397,46872777.79568658
2005,2011-06-30,1066.3,-0.020254568591719813,42600.54721960984,1000000.0,937.822376441902,1000000.0,41662.72484316794,44424963.50026997
2005,2011-07-31,1054.0,0.016651727835173435,42356.481198128095,1000000.0,948.7666034155598,1000000.0,41407.71459471253,43643731.18282701
2005,2011-08-31,1063.9,-0.05068953287360478,39308.776884543004,1000000.0,939.9379640943697,1000000.0,38368.83892044864,40820607.72746531
2005,2011-09-30,1180.9,-0.044908413679442205,36645.75522980925,1000000.0,846.8117537471419,999999.9999999999,35798.94347606211,42274972.35088175
2005,2011-10-31,1112.05,0.10401975547005837,39522.74082252853,1000000.0,899.2401420799425,1000000.0,38623.50068044859,42951263.93169285
2005,2011-11-30,1140.05,-0.026919445604049463,37583.777454843286,1000000.0,877.1545107670717,1000000.0,36706.62294407622,41847385.487394094
2005,2011-12-31,1158.5,-0.006142095848647777,36481.16734767353,1000000.0,863.1851532153647,1000000.0,35617.98219445816,41263432.372279786
2005,2012-01-31,1125.7,0.08418416189051836,38616.45217373003,1000000.0,888.3361463977969,1000000.0,37728.11602733223,42470540.21196789
2005,2012-02-29,1117.1,0.06410041990274817,40146.50410682383,1000000.0,895.1750067138126,1000000.0,39251.329100110015,43847659.737732895
2005,2012-03-31,1131.4,0.05053103803010517,41234.73950359985,1000000.0,883.86070355312,1000000.0,40350.87880004673,45652984.274372876
2005,2012-04-30,1130.05,-0.011695446573056212,39878.95725286492,1000000.0,884.9165966107695,1000000.0,38994.040656254154,44065215.6436
2005,2012-05-31,1180.0,-0.07040149926158734,36248.80173178657,1000000.0,847.457627118644,1000000.0,35401.34410466792,41773586.04350815
2005,2012-06-30,1141.17,0.03621434228626219,36683.38049746812,1000000.0,876.2936284690273,1000000.0,35807.08686899909,40861973.322295696
2005,2012-07-31,1130.27,0.009975285386007782,36164.27277935893,1000000.0,884.7443531191662,1000000.0,35279.52842623976,39875392.59432601
2005,2012-08-31,1133.2,0.05185190446741217,37108.8391638525,1000000.0,882.4567596187786,1000000.0,36226.38240423372,41051736.540477656
2005,2012-09-30,1111.21,0.008884101939717892,36548.22127842014,1000000.0,899.9199071282655,1000000.0,35648.30137129188,39612748.96679325
2005,2012-10-31,1090.17,-0.05279268015834904,33766.331998808826,1000000.0,917.2881293743177,1000000.0,32849.04386943451,35811042.15514142
2005,2012-11-30,1081.75,0.01308684260423143,33278.93413625329,1000000.0,924.428010168708,999999.9999999999,32354.50612608458,34999487.00189199
2005,2012-12-31,1063.24,-0.0046693821504151245,32203.430572693942,1000000.0,940.5214250780633,1000000.0,31262.90914761588,33239975.522111107
2005,2013-01-31,1087.46,0.02671573913616987,32098.120873041364,1000000.0,919.5740532985121,1000000.0,31178.546819742853,33905422.52459756
2005,2013-02-28,1083.9,0.0034393523892610744,31285.780829241023,1000000.0,922.5943352707814,1000000.0,30363.186493970243,32910657.84081435
2005,2013-03-31,1112.48,0.030247697363841253,31281.602970041728,1000000.0,898.8925643607076,1000000.0,30382.71040568102,33800157.672112025
2005,2013-04-30,1101.52,0.025373439081501248,31153.624257290463,1000000.0,907.8364441862154,1000000.0,30245.78781310425,33316340.19189059
2005,2013-05-31,1129.34,0.03577484501980277,31327.82618461989,1000000.0,885.4729310924965,1000000.0,30442.353253527395,34379767.22333863
2005,2013-06-30,1141.45,-0.023952569656809364,29713.180666705084,1000000.0,876.0786718647335,1000000.0,28837.101994840352,32916110.07201052
2005,2013-07-31,1122.66,0.0631401145854813,30657.87991910778,1000000.0,890.7416314823722,1000000.0000000001,29767.13828762541,33418375.469985545
2005,2013-08-31,1109.42,-0.003959227881134453,29649.28340377546,1000000.0,901.3718880135566,1000000.0,28747.9115157619,31893507.99381657
2005,2013-09-30,1073.33,0.04832187103554619,30137.06438856784,1000000.0,931.6799120494163,1000000.0,29205.384476518422,31347015.320181515
2005,2013-10-31,1060.83,0.04956911783237117,30653.069620974667,1000000.0,942.6581073310522,1000000.0,29710.411513643616,31517695.846018557
2005,2013-11-30,1057.76,0.0355112218330198,30765.46452765492,1000000.0,945.3940402359704,1000000.0,29820.07048741895,31542477.75877227
2005,2013-12-31,1055.25,0.029271030088360073,30692.93466789321,1000000.0,947.6427386875148,1000000.0,29745.291929205694,31388719.308294307
2005,2014-01-31,1080.36,-0.019213090544717426,29173.79294209081,1000000.0,925.6173867969936,1000000.0,28248.17555529382,30518198.942917228
2005,2014-02-28,1066.01,0.05152433207226115,29703.64393304031,1000000.0,938.0775039633775,1000000.0,28765.56642907693,30664381.469060298
2005,2014-03-31,1064.65,-0.02733583296963582,27979.23570989472,1000000.0,939.2758183440567,1000000.0,27039.959891550665,28788093.29853942
2005,2014-04-30,1032.85,-0.003194056136867407,26953.59274171841,1000000.0,968.1948007939199,1000000.0,25985.39794092449,26839018.263283856
2005,2014-05-31,1020.3,0.04485681169947253,27151.0200432964,1000000.0,980.1038910124473,1000000.0,26170.916152283953,26702185.750175316
2005,2014-06-30,1011.6,0.03123793062852176,26988.44141553386,1000000.0,988.5330170027679,1000000.0,25999.908398531094,26301507.335954055
2005,2014-07-31,1027.75,0.011819511840066355,26307.21462368817,1000000.0,972.9992702505473,1000000.0,25334.215353437623,26037239.829495516
2005,2014-08-31,1013.85,0.05009516147726911,26603.33696246799,1000000.0,986.3392020515855,1000000.0,25616.997760416405,25971793.17939817
2005,2014-09-30,1054.55,-0.007566720599220811,25423.16109577247,1000000.0,948.2717746906263,1000000.0,24474.889321081842,25809994.533546858
2005,2014-10-31,1073.07,0.02641975810783137,25121.50997666077,1000000.0,931.9056538716021,1000000.0,24189.604322789168,25957138.710655373
2005,2014-11-30,1112.06,0.04546336463279621,25289.345124439194,1000000.0,899.232055824326,1000000.0,24390.113068614868,27123269.139083847
2005,2014-12-31,1090.89,-0.02240619739393579,23843.62338073907,1000000.0,916.6827086140673,1000000.0,22926.940672125005,25010770.30981445
2006,2006-01-31,958.9,0.039346395806376666,102905.5837432056,1000000.0,1042.8616122640526,1000000.0,101862.72213094155,97676164.25135985
2006,2006-02-28,970.9,-0.02142841795360495,99679.9651472278,1000000.0,1029.9721907508497,999999.9999999999,98649.99295647696,95779278.16144347
2006,2006-03-31,971.4,0.020910237179069036,100712.78770691039,1000000.0,1029.4420424130121,1000000.0,99683.34566449738,96832401.97849275
2006,2006-04-30,942.8,-0.0019078658073693466,99493.1632177399,1000000.0,1060.6703436571913,999999.9999999999,98432.49287408272,92802154.28168517
2006,2006-05-31,945.3,-0.07240119770635545,91305.86249677683,1000000.0,1057.8652279699568,1000000.0000000001,90247.99726880687,85311431.81820312
2006,2006-06-30,948.5,-0.0006158326609583264,90192.41960450266,1000000.0,1054.2962572482868,1000000.0,89138.12334725437,84547509.99487077
2006,2006-07-31,954.9,-0.04307478237815077,85298.51808247462,1000000.0,1047.2300764477957,1000000.0000000001,84251.28800602682,80451554.91695501
2006,2006-08-31,961.1,0.04770870989786857,88270.80826402814,1000000.0,1040.4744563520965,999999.9999999999,87230.33380767604,83837073.82255745
2006,2006-09-30,946.0,0.04639579459633181,91277.45445758644,1000000.0,1057.0824524312895,999999.9999999999,90220.37200515515,85348471.91687678
2006,2006-10-31,942.2,0.04747879415954759,94503.92647658572,1000000.0,1061.3457864572276,999999.9999999999,93442.5806901285,88041599.52623907
2006,2006-11-30,929.0,0.03428794083657638,96646.53436844864,1000000.0,1076.4262648008612,1000000.0,95570.10810364778,88784630.42828879
2006,2006-12-31,930.0,-0.018787555850018234,93774.57936005823,1000000.0,1075.268817204301,1000000.0,92699.31054285393,86210358.80485415
2006,2007-01-31,941.0,0.021084333619905804,94653.81373267471,1000000.0,1062.6992561105208,1000000.0,93591.1144765642,88069238.7224469
2006,2007-02-28,942.3,-0.016791203141180988,92019.60706117869,1000000.0,1061.2331529236974,1000000.0,90958.37390825499,85710075.73374867
2006,2007-03-31,941.1,0.005248345997608261,91435.75492590533,1000000.0,1062.5863351397302,1000000.0000000001,90373.1685907656,85050188.96076952
2006,2007-04-30,931.0,0.05582295594111608,95418.06599926697,1000000.0,1074.1138560687432,999999.9999999999,94343.95214319823,87834219.44531755
2006,2007-05-31,927.4,0.03154997826042738,97320.50178231894,1000000.0,1078.2833728703904,1000000.0,96242.21840944856,89255033.35292259
2006,2007-06-30,922.6,0.004792257289300217,96703.43588215965,1000000.0,1083.8933448948624,1000000.0,95619.54253726479,88218589.9448805
2006,2007-07-31,919.0,-0.0014703395570669908,95478.9493414436,1000000.0,1088.139281828074,1000000.0,94390.81005961553,86745154.44478667
2006,2007-08-31,938.1,0.028192223139561712,97051.8968391402,1000000.0,1065.9844366272253,1000000.0,95985.91240251297,90044384.42479742
2006,2007-09-30,913.6,0.052521978795962765,101027.28245842889,1000000.0,1094.5709281961472,1000000.0000000001,99932.71153023274,91298525.25402063
2006,2007-10-31,903.2,0.07041384686199792,106969.35817642677,1000000.0,1107.1744906997342,1000000.0,105862.18368572704,95614724.30494867
2006,2007-11-30,920.9,-0.06759913443668886,98705.99169899413,1000000.0,1085.894233901618,1000000.0,97620.0974650925,89898347.75560369
2006,2007-12-31,935.8,-0.0007134500846983638,97550.45039828778,1000000.0,1068.604402650139,1000000.0000000001,96481.84599563765,90287711.48271771
2006,2008-01-31,943.4,-0.1188987825500194,85010.27196857787,1000000.0,1059.99576001696,1000000.0000000001,83950.27620856091,79198690.57515636
2006,2008-02-29,942.8,-0.048305446271049046,79895.02065172854,1000000.0,1060.6703436571913,999999.9999999999,78834.35030807136,74325025.47044967
2006,2008-03-31,988.6,0.018724069226539353,80310.45014066894,1000000.0,1011.5314586283633,1000000.0,79298.91868204057,78394911.00906532
2006,2008-04-30,1005.0,0.07982571141269168,85629.01128009165,1000000.0,995.0248756218906,1000000.0,84633.98640446976,85057156.3364921
2006,2008-05-31,1028.5,0.05930925455969138,89653.56504853391,1000000.0,972.2897423432182,999999.9999999999,88681.2753061907,91208691.65241714
2006,2008-06-30,1046.8,-0.09615059608570053,80154.51782386035,1000000.0,955.2923194497516,1000000.0,79199.2255044106,82905749.25801702
2006,2008-07-31,1011.5,0.006420892197482875,79707.75519349855,1000000.0,988.6307464162136,1000000.0,78719.12444708234,79624394.37822379
2006,2008-08-31,1089.0,0.014518170021841081,79861.98207977555,1000000.0,918.2736455463728,1000000.0,78943.70843422918,85969698.48487557
2006,2008-09-30,1206.3,-0.15576276999946548,66647.21773448348,1000000.0,828.9811821271658,1000000.0,65818.2365523563,79396538.75310741
2006,2008-10-31,1277.5,-0.15471594149793266,55635.10611642485,1000000.0,782.7788649706458,1000000.0,54852.327251454204,70073848.06373274
2006,2008-11-30,1468.0,-0.11462461827548043,48564.90017873453,1000000.0,681.1989100817439,1000000.0,47883.70126865279,70293273.46238229
2006,2008-12-31,1262.0,0.02277389618927761,48974.19971050347,1000000.0,792.3930269413629,1000000.0,48181.80668356211,60805440.03465538
2006,2009-01-31,1380.0,-0.022864816408768474,47080.138519499684,1000000.0,724.6376811594203,1000000.0,46355.50083834026,63970591.156909555
2006,2009-02-28,1532.8,-0.052649471466756026,43914.90821962488,1000000.0,652.400835073069,1000000.0,43262.50738455181,66312771.31904101
2006,2009-03-31,1372.3,0.10316505788946317,47725.686463322425,1000000.0,728.7036362311449,1000000.0,46996.98282709128,64493959.533617355
2006,2009-04-30,1277.0,0.13060693251537758,53135.114591615544,1000000.0,783.0853563038371,1000000.0,52352.029235311704,66853541.33349305
2006,2009-05-31,1249.0,0.03208851463770146,54031.928091742375,1000000.0,800.640512409928,1000000.0,53231.28757933245,66485878.18658623
2006,2009-06-30,1273.5,0.029529159130963212,54803.16274100862,1000000.0,785.2375343541421,1000000.0,54017.92520665448,68791827.75067449
2006,2009-07-31,1222.2,0.08438690679481597,58576.330826317775,1000000.0,818.1966944853542,1000000.0,57758.13413183242,70591991.53592558
2006,2009-08-31,1248.0,0.014702797335734319,58607.34027246291,1000000.0,801.2820512820513,1000000.0,57806.05822118086,72141960.66003372
2006,2009-09-30,1175.0,0.05647954945342448,61070.918345191574,1000000.0,851.063829787234,1000000.0,60219.85451540434,70758329.05560009
2006,2009-10-31,1182.0,-0.03053291785221446,58381.16664441319,1000000.0,846.0236886632825,1000000.0,57535.14295574991,68006538.9736964
2006,2009-11-30,1164.4,0.06347681373507363,61187.29050837288,1000000.0,858.8114050154585,1000000.0,60328.479103357415,70246481.06794938
2006,2009-12-31,1163.65,0.052027655541681206,63467.22843350041,1000000.0,859.3649293172344,999999.9999999999,62607.86350418317,72853640.36664276
2006,2010-01-31,1158.7,-0.06469923917926257,58557.1823688234,1000000.0,863.0361612151548,1000000.0,57694.146207608246,66850207.210755676
2006,2010-02-28,1159.0,0.04603889849664222,60350.321148710755,1000000.0,862.8127696289905,1000000.0,59487.508379081766,68946022.21135576
2006,2010-03-31,1131.2,0.07710908013558893,64074.5354297509,1000000.0,884.016973125884,1000000.0,63190.51845662501,71481114.47813421
2006,2010-04-30,1108.0,0.022425457084509937,64607.59471642199,1000000.0,902.5270758122743,1000000.0,63705.06764060972,70585214.94579557
2006,2010-05-31,1194.5,-0.07392356252970667,58995.76208941991,1000000.0,837.1703641691084,1000000.0,58158.59172525081,69470437.8158121
2006,2010-06-30,1220.85,-0.05975707774651384,54683.20423789724,1000000.0,819.1014457140517,999999.9999999999,53864.10279218319,65759989.89383685
2006,2010-07-31,1182.0,0.07258241429307155,57773.68941657002,1000000.0,846.0236886632825,1000000.0,56927.66572790674,67288500.89038576
2006,2010-08-31,1198.0,-0.05129849482273652,54007.36216229324,1000000.0,834.7245409015025,999999.9999999999,53172.63762139174,63700819.8704273
2006,2010-09-30,1140.1,0.1317277980385454,60176.95209115919,1000000.0,877.1160424524165,1000000.0,59299.83604870678,67607743.07913059
2006,2010-10-31,1124.0,0.06337880039626165,63058.188521168806,1000000.0,889.6797153024911,1000000.0,62168.50880586632,69877403.89779374
2006,2010-11-30,1157.2,-0.0017244280298241987,62061.30368670911,1000000.0,864.1548565502937,1000000.0,61197.14883015881,70817340.62625977
2006,2010-12-31,1130.6,0.04757077127037346,64108.344399557296,1000000.0,884.486113568017,1000000.0,63223.85828598928,71480894.17813948
2006,2011-01-31,1119.1,0.028277656773681326,65011.68085050835,1000000.0,893.5751943526049,1000000.0,64118.10565615575,71754572.03980389
2006,2011-02-28,1123.7,0.03160699470043249,66144.68628183163,1000000.0,889.9172376968942,1000000.0,65254.76904413474,73326783.97489421
2006,2011-03-31,1097.25,-0.004482501326594668,64962.26445532777,1000000.0,911.369332421964,1000000.0,64050.89512290581,70279844.67360839
2006,2011-04-30,1068.4,0.028730708654732595,65891.12272975684,1000000.0,935.9790340696368,1000000.0,64955.143695687206,69398075.52447222
2006,2011-05-31,1078.0,-0.012186914356340783,64163.54092246405,1000000.0,927.643784786642,1000000.0,63235.89713767741,68168297.11441626
2006,2011-06-30,1066.3,-0.020254568591719813,61955.08132164339,1000000.0,937.822376441902,1000000.0,61017.25894520149,65062703.21326834
2006,2011-07-31,1054.0,0.016651727835173435,62033.301734405286,1000000.0,948.7666034155598,1000000.0,61084.53513098972,64383100.02806317
2006,2011-08-31,1063.9,-0.05068953287360478,57988.18857939856,1000000.0,939.9379640943697,1000000.0,57048.25061530419,60693633.829622135
2006,2011-09-30,1180.9,-0.044908413679442205,54486.30417698362,1000000.0,846.8117537471419,999999.9999999999,53639.49242323648,63342876.60259996
2006,2011-10-31,1112.05,0.10401975547005837,59219.05930863959,1000000.0,899.2401420799425,1000000.0,58319.819166559646,64854554.90417265
2006,2011-11-30,1140.05,-0.026919445604049463,56749.88196686744,1000000.0,877.1545107670717,1000000.0,55872.72745610037,63697702.93632723
2006,2011-12-31,1158.5,-0.006142095848647777,55529.55180873963,1000000.0,863.1851532153647,1000000.0,54666.36665552426,63330985.77042486
2006,2012-01-31,1125.7,0.08418416189051836,59268.40891601935,1000000.0,888.3361463977969,1000000.0,58380.07276962155,65718447.91676298
2006,2012-02-29,1117.1,0.06410041990274817,62122.25994810728,1000000.0,895.1750067138126,1000000.0,61227.08494139347,68396776.58803064
2006,2012-03-31,1131.4,0.05053103803010517,64320.9530990395,1000000.0,883.86070355312,1000000.0,63437.09239548638,71772726.3362533
2006,2012-04-30,1130.05,-0.011695446573056212,62695.167270624945,1000000.0,884.9165966107695,1000000.0,61810.250674014176,69848673.77416971
2006,2012-05-31,1180.0,-0.07040149926158734,57458.71635682904,1000000.0,847.457627118644,1000000.0,56611.2587297104,66801285.30105827
2006,2012-06-30,1141.17,0.03621434228626219,58661.398230604274,1000000.0,876.2936284690273,1000000.0,57785.104602135245,65942627.81881868
2006,2012-07-31,1130.27,0.009975285386007782,58361.52751160185,1000000.0,884.7443531191662,1000000.0,57476.783158482685,64964283.700538225
2006,2012-08-31,1133.2,0.05185190446741217,60457.0638279105,1000000.0,882.4567596187786,1000000.0,59574.60706829172,67509944.72978818
2006,2012-09-30,1111.21,0.008884101939717892,60103.87395050506,1000000.0,899.9199071282655,1000000.0,59203.9540433768,65788025.77254073
2006,2012-10-31,1090.17,-0.05279268015834904,56078.418633455214,1000000.0,917.2881293743177,1000000.0,55161.130504080895,60135009.641633876
2006,2012-11-30,1081.75,0.01308684260423143,55883.01553685927,1000000.0,924.428010168708,999999.9999999999,54958.58752669056,59451452.05699751
2006,2012-12-31,1063.24,-0.0046693821504151245,54701.9648790814,1000000.0,940.5214250780633,1000000.0,53761.44345400334,57161317.138034515
2006,2013-01-31,1087.46,0.02671573913616987,55197.72015290444,1000000.0,919.5740532985121,1000000.0,54278.146099605925,59025312.75747746
2006,2013-02-28,1083.9,0.0034393523892610744,54464.827771078264,1000000.0,922.5943352707814,1000000.0,53542.23343580748,58034426.82107174
2006,2013-03-31,1112.48,0.030247697363841253,55161.762708957925,1000000.0,898.8925643607076,1000000.0,54262.87014459722,60366357.778461516
2006,2013-04-30,1101.52,0.025373439081501248,55639.705774598566,1000000.0,907.8364441862154,1000000.0,54731.86933041235,60288248.70483581
2006,2013-05-31,1129.34,0.03577484501980277,56689.89347335195,1000000.0,885.4729310924965,1000000.0,55804.42054225945,63022164.29519529
2006,2013-06-30,1141.45,-0.023952569656809364,54467.7612720631,1000000.0,876.0786718647335,1000000.0,53591.682600198365,61172226.103996426
2006,2013-07-31,1122.66,0.0631401145854813,56975.46758040363,1000000.0,890.7416314823722,1000000.0000000001,56084.72594892126,62964078.43381595
2006,2013-08-31,1109.42,-0.003959227881134453,55862.6737382385,1000000.0,901.3718880135566,1000000.0,54961.30185022495,60975167.49867657
2006,2013-09-30,1073.33,0.04832187103554619,57617.134790177246,1000000.0,931.6799120494163,1000000.0,56685.45487812783,60842199.28434094
2006,2013-10-31,1060.83,0.04956911783237117,59495.3028703633,1000000.0,942.6581073310522,1000000.0,58552.64476303225,62114402.1439675
2006,2013-11-30,1057.76,0.0355112218330198,60631.920720122296,1000000.0,945.3940402359704,1000000.0,59686.52667988632,63134020.46091656
2006,2013-12-31,1055.25,0.029271030088360073,61433.61279820298,1000000.0,947.6427386875148,1000000.0,60485.970059515465,63827819.905303694
2006,2014-01-31,1080.36,-0.019213090544717426,59323.84764007693,1000000.0,925.6173867969936,1000000.0,58398.23025327994,63091112.0364335
2006,2014-02-28,1066.01,0.05152433207226115,61407.1600612823,1000000.0,938.0775039633775,1000000.0,60469.08255731892,64460646.69692754
2006,2014-03-31,1064.65,-0.02733583296963582,58816.109816704935,1000000.0,939.2758183440567,1000000.0,57876.833998360875,61618571.31635491
2006,2014-04-30,1032.85,-0.003194056136867407,57691.97214154596,1000000.0,968.1948007939199,1000000.0,56723.777340752036,58587153.42639574
2006,2014-05-31,1020.3,0.04485681169947253,59268.22513980896,1000000.0,980.1038910124473,1000000.0,58288.12124879651,59471370.110147074
2006,2014-06-30,1011.6,0.03123793062852176,60108.92153683328,1000000.0,988.5330170027679,1000000.0,59120.388519830514,59806185.02666055
2006,2014-07-31,1027.75,0.011819511840066355,59819.162651929975,1000000.0,972.9992702505473,1000000.0,58846.16338167943,60479144.41552103
2006,2014-08-31,1013.85,0.05009516147726911,61794.07143860242,1000000.0,986.3392020515855,1000000.0,60807.73223655084,61649919.32802707
2006,2014-09-30,1054.55,-0.007566720599220811,60347.61711644463,1000000.0,948.2717746906263,1000000.0,59399.345341754,62639579.630146675
2006,2014-10-31,1073.07,0.02641975810783137,60968.66167744668,1000000.0,931.9056538716021,1000000.0,60036.75602357508,64423641.786217704
2006,2014-11-30,1112.06,0.04546336463279621,62766.228954045095,1000000.0,899.232055824326,1000000.0,61866.99689822077,68799812.5706354
2006,2014-12-31,1090.89,-0.02240619739393579,60480.79275354923,1000000.0,916.6827086140673,1000000.0,59564.11004493516,64977892.00691932
2006,2015-01-31,1104.3,-0.020823075569830207,58323.80208021979,1000000.0,905.5510278004166,1000000.0,57418.25105241938,63406974.63718671
2006,2015-02-28,1100.65,0.07220579759292378,61564.181666050055,1000000.0,908.554036251306,1000000.0,60655.62762979875,66760616.550738
2006,2015-03-31,1107.71,-0.023589839225033993,59224.77112591827,1000000.0,902.7633586407994,1000000.0,58322.00776727747,64603871.22389093
2006,2015-04-30,1076.74,0.019223415749406003,59443.15596992793,1000000.0,928.7293125545629,1000000.0,58514.42665737337,63004823.759060204
2006,2015-05-31,1111.99,0.022484579614780786,59830.09894216433,1000000.0,899.2886626678297,1000000.0,58930.8102794965,65530471.72269732
2006,2015-06-30,1117.34,-0.024841085227832793,57466.90499879829,1000000.0,894.9827268333722,1000000.0,56571.92227196491,63210071.63135727
2006,2015-07-31,1159.7,0.04557796918372792,59150.35560194078,1000000.0,862.2919720617401,1000000.0000000001,58288.063629879034,67596667.39157072
2006,2015-08-31,1182.54,-0.06824491840769542,54310.19948331538,1000000.0,845.6373568758773,1000000.0,53464.5621264395,63223983.29699977
2006,2015-09-30,1184.62,-0.02207304558223644,52284.43640958829,1000000.0,844.1525552497848,999999.9999999999,51440.28385433851,60937189.05952648
2006,2015-10-31,1140.5,0.11369911197452542,57288.99844829431,1000000.0,876.8084173608066,1000000.0,56412.1900309335,64338102.73027966
2006,2015-11-30,1149.39,0.006088491510278571,56755.655171013066,1000000.0,870.0267098199914,1000000.0,55885.628461193075,64234382.497010715
2006,2015-12-31,1169.26,-0.0159477312529529,54994.37947759159,1000000.0,855.2417768503155,1000000.0,54139.137700741274,63302728.14796874
2007,2007-01-31,941.0,0.021084333619905804,109794.0143677318,1000000.0,1062.6992561105208,1000000.0,108731.31511162128,102316167.52003562
2007,2007-02-28,942.3,-0.016791203141180988,106905.58551177429,1000000.0,1061.2331529236974,1000000.0,105844.35235885059,99737133.2277449
2007,2007-03-31,941.1,0.005248345997608261,106399.8601419226,1000000.0,1062.5863351397302,1000000.0000000001,105337.27380678288,99132908.37956336
2007,2007-04-30,931.0,0.05582295594111608,111217.5118014562,1000000.0,1074.1138560687432,999999.9999999999,110143.39794538746,102543503.48715574
2007,2007-05-31,927.4,0.03154997826042738,113618.41975609404,1000000.0,1078.2833728703904,1000000.0,112540.13638322365,104369722.48180161
2007,2007-06-30,922.6,0.004792257289300217,113079.457672145,1000000.0,1083.8933448948624,1000000.0,111995.56432725013,103327107.64832097
2007,2007-07-31,919.0,-0.0014703395570669908,111830.89281880374,1000000.0,1088.139281828074,1000000.0,110742.75353697567,101772590.50048064
2007,2007-08-31,938.1,0.028192223139561712,113864.83795577957,1000000.0,1065.9844366272253,1000000.0,112798.85351915234,105816604.48631682
2007,2007-09-30,913.6,0.052521978795962765,118723.27251189417,1000000.0,1094.5709281961472,1000000.0000000001,117628.70158369803,107465581.76686652
2007,2007-10-31,903.2,0.07041384686199792,125911.39096358819,1000000.0,1107.1744906997342,1000000.0,124804.21647288845,112723168.31831285
2007,2007-11-30,920.9,-0.06759913443668886,116367.55946527205,1000000.0,1085.894233901618,1000000.0,115281.66523137043,106162885.51156902
2007,2007-12-31,935.8,-0.0007134500846983638,115199.41751754694,1000000.0,1068.604402650139,1000000.0000000001,114130.81311489681,106803614.91292043
2007,2008-01-31,943.4,-0.1188987825500194,100560.79838409179,1000000.0,1059.99576001696,1000000.0000000001,99500.80262407483,93869057.19555219
2007,2008-02-29,942.8,-0.048305446271049046,94694.37194899132,1000000.0,1060.6703436571913,999999.9999999999,93633.70160533414,88277853.87350902
2007,2008-03-31,988.6,0.018724069226539353,95386.90551612954,1000000.0,1011.5314586283633,1000000.0,94375.37405750118,93299494.79324566
2007,2008-04-30,1005.0,0.07982571141269168,101908.95543148009,1000000.0,995.0248756218906,1000000.0,100913.9305558582,101418500.20863749
2007,2008-05-31,1028.5,0.05930925455969138,106899.0605518146,1000000.0,972.2897423432182,999999.9999999999,105926.77080947139,108945683.77754132
2007,2008-06-30,1046.8,-0.09615059608570053,95741.84865470733,1000000.0,955.2923194497516,1000000.0,94786.55633525757,99222567.17174762
2007,2008-07-31,1011.5,0.006420892197482875,95395.1705952569,1000000.0,988.6307464162136,1000000.0,94406.5398488407,95492215.05710237
2007,2008-08-31,1089.0,0.014518170021841081,95777.15004553988,1000000.0,918.2736455463728,1000000.0,94858.8763999935,103301316.39959292
2007,2008-09-30,1206.3,-0.15576276999946548,80083.3950528936,1000000.0,828.9811821271658,1000000.0,79254.41387076642,95604599.45230554
2007,2008-10-31,1277.5,-0.15471594149793266,66992.49261088399,1000000.0,782.7788649706458,1000000.0,66209.71374591334,84582909.31040429
2007,2008-11-30,1468.0,-0.11462461827548043,58620.45058165919,1000000.0,681.1989100817439,1000000.0,57939.25167157745,85054821.45387569
2007,2008-12-31,1262.0,0.02277389618927761,59258.75417443038,1000000.0,792.3930269413629,1000000.0,58466.36114748902,73784547.76813114
2007,2009-01-31,1380.0,-0.022864816408768474,57129.53853376293,1000000.0,724.6376811594203,1000000.0,56404.9008526035,77838763.17659284
2007,2009-02-28,1532.8,-0.052649471466756026,53435.212634579155,1000000.0,652.400835073069,1000000.0,52782.81179950609,80905493.92628293
2007,2009-03-31,1372.3,0.10316505788946317,58228.15363437078,1000000.0,728.7036362311449,1000000.0,57499.44999813963,78906495.23244701
2007,2009-04-30,1277.0,0.13060693251537758,65009.27678371798,1000000.0,783.0853563038371,1000000.0,64226.19142741414,82016846.45280786
2007,2009-05-31,1249.0,0.03208851463770146,66287.11451115653,1000000.0,800.640512409928,1000000.0,65486.4739987466,81792606.0244345
2007,2009-06-30,1273.5,0.029529159130963212,67420.23451038127,1000000.0,785.2375343541421,1000000.0,66634.99697602713,84859668.64897056
2007,2009-07-31,1222.2,0.08438690679481597,72258.11825511599,1000000.0,818.1966944853542,1000000.0,71439.92156063064,87313872.13140278
2007,2009-08-31,1248.0,0.014702797335734319,72490.28824901735,1000000.0,801.2820512820513,1000000.0,71689.0061977353,89467879.73477367
2007,2009-09-30,1175.0,0.05647954945342448,75737.96896854715,1000000.0,851.063829787234,1000000.0,74886.90513875992,87992113.5380429
2007,2009-10-31,1182.0,-0.03053291785221446,72600.38941595159,1000000.0,846.0236886632825,1000000.0,71754.36572728831,84813660.28965479
2007,2009-11-30,1164.4,0.06347681373507363,76309.10423523774,1000000.0,858.8114050154585,1000000.0,75450.29283022229,87854320.97151084
2007,2009-12-31,1163.65,0.052027655541681206,79375.79467611207,1000000.0,859.3649293172344,999999.9999999999,78516.42974679483,91365643.47485782
2007,2010-01-31,1158.7,-0.06469923917926257,73436.47647910519,1000000.0,863.0361612151548,1000000.0,72573.44031789002,84090845.29633917
2007,2010-02-28,1159.0,0.04603889849664222,75914.64157023748,1000000.0,862.8127696289905,1000000.0,75051.82880060849,86985069.57990524
2007,2010-03-31,1131.2,0.07710908013558893,80839.00628191711,1000000.0,884.016973125884,1000000.0,79954.98930879124,90445083.90610465
2007,2010-04-30,1108.0,0.022425457084509937,81748.01649022798,1000000.0,902.5270758122743,1000000.0,80845.4894144157,89576802.2711726
2007,2010-05-31,1194.5,-0.07392356252970667,74869.1028224444,1000000.0,837.1703641691084,1000000.0,74031.93245827529,88431143.32140984
2007,2010-06-30,1220.85,-0.05975707774651384,69608.00051464148,1000000.0,819.1014457140517,999999.9999999999,68788.89906892742,83980927.42830004
2007,2010-07-31,1182.0,0.07258241429307155,73781.7634399126,1000000.0,846.0236886632825,1000000.0,72935.73975124932,86210044.3859767
2007,2010-08-31,1198.0,-0.05129849482273652,69194.2460832274,1000000.0,834.7245409015025,999999.9999999999,68359.52154232589,81894706.80770642
2007,2010-09-30,1140.1,0.1317277980385454,77364.37079006499,1000000.0,877.1160424524165,1000000.0,76487.25474761258,87203119.13775308
2007,2010-10-31,1124.0,0.06337880039626165,81334.92519911953,1000000.0,889.6797153024911,1000000.0,80445.24548381704,90420455.92381035
2007,2010-11-30,1157.2,-0.0017244280298241987,80306.52344763865,1000000.0,864.1548565502937,1000000.0,79442.36859108837,91930708.93360746
2007,2010-12-31,1130.6,0.04757077127037346,83221.50333651173,1000000.0,884.486113568017,1000000.0,82337.01722294372,93090231.67226015
2007,2011-01-31,1119.1,0.028277656773681326,84665.3151357428,1000000.0,893.5751943526049,1000000.0,83771.73994139019,93748954.16840975
2007,2011-02-28,1123.7,0.03160699470043249,86419.51288176372,1000000.0,889.9172376968942,1000000.0,85529.59564406682,96109606.6252379
2007,2011-03-31,1097.25,-0.004482501326594668,85146.20911812919,1000000.0,911.369332421964,1000000.0,84234.83978570723,92426677.95486726
2007,2011-04-30,1068.4,0.028730708654732595,86654.96642616845,1000000.0,935.9790340696368,1000000.0,85718.98739209882,91582166.12971838
2007,2011-05-31,1078.0,-0.012186914356340783,84674.33743403906,1000000.0,927.643784786642,1000000.0,83746.69364925241,90278935.7538941
2007,2011-06-30,1066.3,-0.020254568591719813,82050.44049840388,1000000.0,937.822376441902,1000000.0,81112.61812196198,86490384.70344806
2007,2011-07-31,1054.0,0.016651727835173435,82463.28336292725,1000000.0,948.7666034155598,1000000.0,81514.5167595117,85916300.66452533
2007,2011-08-31,1063.9,-0.05068953287360478,77382.58398255442,1000000.0,939.9379640943697,1000000.0,76442.64601846006,81327331.09903966
2007,2011-09-30,1180.9,-0.044908413679442205,73009.72804831188,1000000.0,846.8117537471419,999999.9999999999,72162.91629456474,85217187.85225151
2007,2011-10-31,1112.05,0.10401975547005837,79669.28520153166,1000000.0,899.2401420799425,1000000.0,78770.04505945172,87596228.60836329
2007,2011-11-30,1140.05,-0.026919445604049463,76649.59911624528,1000000.0,877.1545107670717,1000000.0,75772.44460547822,86384375.47247544
2007,2011-12-31,1158.5,-0.006142095848647777,75307.04298802502,1000000.0,863.1851532153647,1000000.0,74443.85783480965,86243209.30162698
2007,2012-01-31,1125.7,0.08418416189051836,80710.85161453,1000000.0,888.3361463977969,1000000.0,79822.5154681322,89856205.66247642
2007,2012-02-29,1117.1,0.06410041990274817,84939.17222733308,1000000.0,895.1750067138126,1000000.0,84043.99722061928,93885549.29515378
2007,2012-03-31,1131.4,0.05053103803010517,88290.82764037645,1000000.0,883.86070355312,1000000.0,87406.96693682333,98892242.39232193
2007,2012-04-30,1130.05,-0.011695446573056212,86384.70342490083,1000000.0,884.9165966107695,1000000.0,85499.78682829006,96619034.10530917
2007,2012-05-31,1180.0,-0.07040149926158734,79480.47364903233,1000000.0,847.457627118644,1000000.0,78633.01602191369,92786958.90585816
2007,2012-06-30,1141.17,0.03621434228626219,81480.65897913241,1000000.0,876.2936284690273,1000000.0,80604.36535066339,91983283.60721654
2007,2012-07-31,1130.27,0.009975285386007782,81408.4168983943,1000000.0,884.7443531191662,1000000.0,80523.67254527513,91013491.36774811
2007,2012-08-31,1133.2,0.05185190446741217,84698.97832145791,1000000.0,882.4567596187786,1000000.0,83816.52156183912,94980882.2338761
2007,2012-09-30,1111.21,0.008884101939717892,84561.15608362707,1000000.0,899.9199071282655,1000000.0,83661.2361764988,92965202.25168724
2007,2012-10-31,1090.17,-0.05279268015834904,79244.5352933808,1000000.0,917.2881293743177,1000000.0,78327.24716400649,85390015.04078496
2007,2012-11-30,1081.75,0.01308684260423143,79352.30351926458,1000000.0,924.428010168708,999999.9999999999,78427.87550909587,84839354.33196446
2007,2012-12-31,1063.24,-0.0046693821504151245,78061.66578709873,1000000.0,940.5214250780633,1000000.0,77121.14436202066,81998285.53147484
2007,2013-01-31,1087.46,0.02671573913616987,79181.4927366793,1000000.0,919.5740532985121,1000000.0,78261.91868338079,85106706.09142928
2007,2013-02-28,1083.9,0.0034393523892610744,78531.08900039263,1000000.0,922.5943352707814,1000000.0,77608.49466512185,84119847.36752558
2007,2013-03-31,1112.48,0.030247697363841253,79955.97292461574,1000000.0,898.8925643607076,1000000.0,79057.08036025503,87949420.75917652
2007,2013-04-30,1101.52,0.025373439081501248,81063.03037273731,1000000.0,907.8364441862154,1000000.0,80155.19392855109,88292549.2161776
2007,2013-05-31,1129.34,0.03577484501980277,83022.73356887724,1000000.0,885.4729310924965,1000000.0,82137.26063778474,92760893.92867582
2007,2013-06-30,1141.45,-0.023952569656809364,80169.8621809387,1000000.0,876.0786718647335,1000000.0,79293.78350907397,90509889.18643248
2007,2013-07-31,1122.66,0.0631401145854813,84300.40208575325,1000000.0,890.7416314823722,1000000.0000000001,83409.66045427087,93640689.40559174
2007,2013-08-31,1109.42,-0.003959227881134453,83079.42260104435,1000000.0,901.3718880135566,1000000.0,82178.0507130308,91169973.02205063
2007,2013-09-30,1073.33,0.04832187103554619,86149.04788153844,1000000.0,931.6799120494163,1000000.0,85217.36796948903,91466357.56269166
2007,2013-10-31,1060.83,0.04956911783237117,89441.51772373317,1000000.0,942.6581073310522,1000000.0,88498.85961640211,93882245.24686785
2007,2013-11-30,1057.76,0.0355112218330198,91641.56225220945,1000000.0,945.3940402359704,1000000.0,90696.16821197348,95934778.88789706
2007,2013-12-31,1055.25,0.029271030088360073,93350.93848060512,1000000.0,947.6427386875148,1000000.0,92403.29574191761,97508577.83165856
2007,2014-01-31,1080.36,-0.019213090544717426,90627.94285419784,1000000.0,925.6173867969936,1000000.0,89702.32546740085,96910804.34196118
2007,2014-02-28,1066.01,0.05152433207226115,94324.17787243726,1000000.0,938.0775039633775,1000000.0,93386.10036847388,99550516.85379684
2007,2014-03-31,1064.65,-0.02733583296963582,90833.31352711564,1000000.0,939.2758183440567,1000000.0,89894.03770877158,95705687.24664366
2007,2014-04-30,1032.85,-0.003194056136867407,89606.91110596008,1000000.0,968.1948007939199,1000000.0,88638.71630516616,91550498.13579087
2007,2014-05-31,1020.3,0.04485681169947253,92614.76651174997,1000000.0,980.1038910124473,1000000.0,91634.66262073752,93494846.27193849
2007,2014-06-30,1011.6,0.03123793062852176,94497.13985485212,1000000.0,988.5330170027679,1000000.0,93508.60683784935,94593306.6771684
2007,2014-07-31,1027.75,0.011819511840066355,94613.83292351742,1000000.0,972.9992702505473,1000000.0,93640.83365326688,96239366.78714503
2007,2014-08-31,1013.85,0.05009516147726911,98331.78633599337,1000000.0,986.3392020515855,1000000.0,97345.44713394178,98693681.57674688
2007,2014-09-30,1054.55,-0.007566720599220811,96608.86133387302,1000000.0,948.2717746906263,1000000.0,95660.5895591824,100878874.71963578
2007,2014-10-31,1073.07,0.02641975810783137,98187.91919578853,1000000.0,931.9056538716021,1000000.0,97256.01354191694,104362510.4514248
2007,2014-11-30,1112.06,0.04546336463279621,101677.59914830528,1000000.0,899.232055824326,1000000.0,100778.36709248096,112071590.90886436
2007,2014-12-31,1090.89,-0.02240619739393579,98520.3071063683,1000000.0,916.6827086140673,1000000.0,97603.62439775423,106474817.81926613
2007,2015-01-31,1104.3,-0.020823075569830207,95571.21675103047,1000000.0,905.5510278004166,1000000.0,94665.66572323005,104539294.65816294
2007,2015-02-28,1100.65,0.07220579759292378,101501.07562144098,1000000.0,908.554036251306,1000000.0,100592.52158518966,110717158.88273901
2007,2015-03-31,1107.71,-0.023589839225033993,98219.56017375427,1000000.0,902.7633586407994,1000000.0,97316.79681511347,107798789.00006935
2007,2015-04-30,1076.74,0.019223415749406003,99187.55805969087,1000000.0,928.7293125545629,1000000.0,98258.8287471363,105799211.26519154
2007,2015-05-31,1111.99,0.022484579614780786,100468.1372049564,1000000.0,899.2886626678297,1000000.0,99568.84854228857,110719563.89053947
2007,2015-06-30,1117.34,-0.024841085227832793,97095.4502896124,1000000.0,894.9827268333722,1000000.0,96200.46756277903,107488630.42659551
2007,2015-07-31,1159.7,0.04557796918372792,100585.08950881558,1000000.0,862.2919720617401,1000000.0000000001,99722.79753675385,115648528.30337344
2007,2015-08-31,1182.54,-0.06824491840769542,92917.22335547095,1000000.0,845.6373568758773,1000000.0,92071.58599859508,108878333.30677862
2007,2015-09-30,1184.62,-0.02207304558223644,90039.28568401928,1000000.0,844.1525552497848,999999.9999999999,89195.13312876949,105662338.6070029
2007,2015-10-31,1140.5,0.11369911197452542,99336.54055796015,1000000.0,876.8084173608066,1000000.0,98459.73214059934,112293324.50635356
2007,2015-11-30,1149.39,0.006088491510278571,99059.20338384168,1000000.0,870.0267098199914,1000000.0,98189.17667402168,112857657.7773538
2007,2015-12-31,1169.26,-0.0159477312529529,96623.28207247567,1000000.0,855.2417768503155,1000000.0,95768.04029562535,111977738.7960629
2007,2016-01-31,1210.04,-0.06910428790554779,89150.05806688635,1000000.0,826.4189613566494,1000000.0000000001,88323.6391055297,106875136.26325515
2007,2016-02-29,1238.09,-0.015653625689740713,86941.053919416,1000000.0,807.6957248665283,999999.9999999999,86133.35819454947,106640849.44708975
2007,2016-03-31,1138.86,0.06852588772158152,92035.72302727193,1000000.0,878.07105350965,1000000.0,91157.65197376229,103815803.52683891
2007,2016-04-30,1144.09,-0.031867729284654644,88252.66459843767,1000000.0,874.0571108916257,1000000.0,87378.60748754605,99968991.04042655
2007,2016-05-31,1188.99,0.04370023287725622,91197.07298324218,1000000.0,841.0499667785263,999999.9999999999,90356.02301646365,107432407.8063451
2007,2016-06-30,1154.15,-0.022780575238908973,88297.66083584851,1000000.0,866.4385045271412,1000000.0,87431.22233132136,100908745.25369456
2007,2016-07-31,1112.89,0.07150851512509648,93683.29921580633,1000000.0,898.5614031934872,1000000.0,92784.73781261285,103259206.86427872
2007,2016-08-31,1115.98,0.010500683326333693,93759.0409619,1000000.0,896.0734063334468,999999.9999999999,92862.96755556655,103633214.53266115
2007,2016-09-30,1097.98,0.02213565081499902,94918.54977902115,1000000.0,910.7634018834588,1000000.0000000001,94007.78637713769,103218669.28636964
2007,2016-10-31,1145.37,-0.014572230415798249,92637.88325317089,1000000.0,873.0803146581455,1000000.0000000001,91764.80293851274,105104652.34168433
2007,2016-11-30,1175.87,0.004359249204164417,92164.82858269276,1000000.0,850.4341466318557,1000000.0000000001,91314.3944360609,107373856.98553093
2007,2016-12-31,1203.73,0.011322182985678664,92348.27271909242,1000000.0,830.7510820532843,1000000.0,91517.52163703914,110162386.32015313
2008,2008-01-31,943.4,-0.1188987825500194,94154.86401474467,1000000.0,1059.99576001696,1000000.0000000001,93094.86825472771,87825698.71151012
2008,2008-02-29,942.8,-0.048305446271049046,88597.87909813857,1000000.0,1060.6703436571913,999999.9999999999,87537.20875448138,82530080.41372505
2008,2008-03-31,988.6,0.018724069226539353,89176.26151109832,1000000.0,1011.5314586283633,1000000.0,88164.73005246995,87159652.1298718
2008,2008-04-30,1005.0,0.07982571141269168,95202.54235041629,1000000.0,995.0248756218906,1000000.0,94207.5174747944,94678555.06216837
2008,2008-05-31,1028.5,0.05930925455969138,99794.89511014355,1000000.0,972.2897423432182,999999.9999999999,98822.60536780034,101639049.62078264
2008,2008-06-30,1046.8,-0.09615059608570053,89320.75295494439,1000000.0,955.2923194497516,1000000.0,88365.46063549463,92500964.19323577
2008,2008-07-31,1011.5,0.006420892197482875,88932.84573221605,1000000.0,988.6307464162136,1000000.0,87944.21498579984,88955573.45813654
2008,2008-08-31,1089.0,0.014518170021841081,89221.00405140103,1000000.0,918.2736455463728,1000000.0,88302.73040585466,96161673.41197573
2008,2008-09-30,1206.3,-0.15576276999946548,74548.45251932272,1000000.0,828.9811821271658,1000000.0,73719.47133719554,88927798.27405898
2008,2008-10-31,1277.5,-0.15471594149793266,62313.893922531475,1000000.0,782.7788649706458,1000000.0,61531.115057560826,78605999.48603396
2008,2008-11-30,1468.0,-0.11462461827548043,54478.13448202325,1000000.0,681.1989100817439,1000000.0,53796.9355719415,78973901.41961013
2008,2008-12-31,1262.0,0.02277389618927761,55022.101397958155,1000000.0,792.3930269413629,1000000.0,54229.70837101679,68437891.96422319
2008,2009-01-31,1380.0,-0.022864816408768474,52989.75604521244,1000000.0,724.6376811594203,1000000.0,52265.118364053014,72125863.34239316
2008,2009-02-28,1532.8,-0.052649471466756026,49513.387506038176,1000000.0,652.400835073069,1000000.0,48860.98667096511,74894120.36925532
2008,2009-03-31,1372.3,0.10316505788946317,53901.73318941151,1000000.0,728.7036362311449,1000000.0,53173.029553180364,72969348.45582941
2008,2009-04-30,1277.0,0.13060693251537758,60117.79583567077,1000000.0,783.0853563038371,1000000.0,59334.71047936693,75770425.28215156
2008,2009-05-31,1249.0,0.03208851463770146,61238.67320510787,1000000.0,800.640512409928,1000000.0,60438.03269269795,75487102.83317974
2008,2009-06-30,1273.5,0.029529159130963212,62222.71697764298,1000000.0,785.2375343541421,1000000.0,61437.47944328884,78240630.07102834
2008,2009-07-31,1222.2,0.08438690679481597,66621.99829477808,1000000.0,818.1966944853542,1000000.0,65803.80160029273,80425406.31587778
2008,2009-08-31,1248.0,0.014702797335734319,66771.30155914271,1000000.0,801.2820512820513,1000000.0,65970.01950786066,82330584.3458101
2008,2009-09-30,1175.0,0.05647954945342448,69695.97648709826,1000000.0,851.063829787234,1000000.0,68844.91265731103,80892772.37234046
2008,2009-10-31,1182.0,-0.03053291785221446,66742.87659460247,1000000.0,846.0236886632825,1000000.0,65896.85290593919,77890080.13482012
2008,2009-11-30,1164.4,0.06347681373507363,70079.77516357704,1000000.0,858.8114050154585,1000000.0,69220.96375856159,80600890.20046912
2008,2009-12-31,1163.65,0.052027655541681206,72822.36821725522,1000000.0,859.3649293172344,999999.9999999999,71963.00328793799,83739748.77600904
2008,2010-01-31,1158.7,-0.06469923917926257,67307.05172615363,1000000.0,863.0361612151548,1000000.0,66444.01556493847,76988680.83509421
2008,2010-02-28,1159.0,0.04603889849664222,69503.024853242,1000000.0,862.8127696289905,1000000.0,68640.212083613,79554005.80490747
2008,2010-03-31,1131.2,0.07710908013558893,73932.99569769214,1000000.0,884.016973125884,1000000.0,73048.97872456626,82633004.73322935
2008,2010-04-30,1108.0,0.022425457084509937,74687.1354620213,1000000.0,902.5270758122743,1000000.0,73784.60838620902,81753346.09191959
2008,2010-05-31,1194.5,-0.07392356252970667,68330.18727444118,1000000.0,837.1703641691084,1000000.0,67493.01691027207,80620408.69931999
2008,2010-06-30,1220.85,-0.05975707774651384,63459.83145141817,1000000.0,819.1014457140517,999999.9999999999,62640.73000570412,76474935.22746387
2008,2010-07-31,1182.0,0.07258241429307155,67187.34542259858,1000000.0,846.0236886632825,1000000.0,66341.3217339353,78415442.28951152
2008,2010-08-31,1198.0,-0.05129849482273652,62938.111784433524,1000000.0,834.7245409015025,999999.9999999999,62103.38724353202,74399857.91775136
2008,2010-09-30,1140.1,0.1317277980385454,70284.12969585758,1000000.0,877.1160424524165,1000000.0,69407.01365340517,79130936.26624723
2008,2010-10-31,1124.0,0.06337880039626165,73805.94691784495,1000000.0,889.6797153024911,1000000.0,72916.26720254245,81957884.33565772
2008,2010-11-30,1157.2,-0.0017244280298241987,72790.52834754824,1000000.0,864.1548565502937,1000000.0,71926.37349099795,83233199.40378283
2008,2010-12-31,1130.6,0.04757077127037346,75347.96655264567,1000000.0,884.486113568017,1000000.0,74463.48043907766,84188410.9844212
2008,2011-01-31,1119.1,0.028277656773681326,76569.13318110762,1000000.0,893.5751943526049,1000000.0,75675.55798675501,84688516.94297753
2008,2011-02-28,1123.7,0.03160699470043249,78067.43494699465,1000000.0,889.9172376968942,1000000.0,77177.51770929775,86724376.64993788
2008,2011-03-31,1097.25,-0.004482501326594668,76831.56938378254,1000000.0,911.369332421964,1000000.0,75920.20005136057,83303439.50635539
2008,2011-04-30,1068.4,0.028730708654732595,78101.44120004523,1000000.0,935.9790340696368,1000000.0,77165.4621659756,82443579.77812833
2008,2011-05-31,1078.0,-0.012186914356340783,76225.05328729139,1000000.0,927.643784786642,1000000.0,75297.40950250474,81170607.44370012
2008,2011-06-30,1066.3,-0.020254568591719813,73772.29295695745,1000000.0,937.822376441902,1000000.0,72834.47058051554,77663395.98000371
2008,2011-07-31,1054.0,0.016651727835173435,74047.29036164124,1000000.0,948.7666034155598,1000000.0,73098.52375822568,77045844.04116987
2008,2011-08-31,1063.9,-0.05068953287360478,69393.19373517112,1000000.0,939.9379640943697,1000000.0,68453.25577107676,72827418.81484857
2008,2011-09-30,1180.9,-0.044908413679442205,65379.12864320458,1000000.0,846.8117537471419,999999.9999999999,64532.31688945744,76206213.0147603
2008,2011-10-31,1112.05,0.10401975547005837,71244.95271221512,1000000.0,899.2401420799425,1000000.0,70345.71257013518,78227949.66361882
2008,2011-11-30,1140.05,-0.026919445604049463,68452.04498712532,1000000.0,877.1545107670717,1000000.0,67574.89047635825,77038753.88757223
2008,2011-12-31,1158.5,-0.006142095848647777,67159.83902209059,1000000.0,863.1851532153647,1000000.0,66296.65386887522,76804673.50709194
2008,2012-01-31,1125.7,0.08418416189051836,71877.78211097227,1000000.0,888.3361463977969,1000000.0,70989.44596457448,79912819.32232149
2008,2012-02-29,1117.1,0.06410041990274817,75539.89925956716,1000000.0,895.1750067138126,1000000.0,74644.72425285335,83385621.46286248
2008,2012-03-31,1131.4,0.05053103803010517,78416.599652821,1000000.0,883.86070355312,1000000.0,77532.73894926788,87720540.84720169
2008,2012-04-30,1130.05,-0.011695446573056212,76625.958943224,1000000.0,884.9165966107695,1000000.0,75741.04234661323,85591164.90379028
2008,2012-05-31,1180.0,-0.07040149926158734,70408.75940977629,1000000.0,847.457627118644,1000000.0,69561.30178265765,82082336.10353602
2008,2012-06-30,1141.17,0.03621434228626219,72080.4185752928,1000000.0,876.2936284690273,1000000.0,71204.12494682378,81256011.2655669
2008,2012-07-31,1130.27,0.009975285386007782,71914.4064138293,1000000.0,884.7443531191662,1000000.0,71029.66206071014,80282696.13735884
2008,2012-08-31,1133.2,0.05185190446741217,74712.68531223465,1000000.0,882.4567596187786,1000000.0,73830.22855261587,83664414.9958243
2008,2012-09-30,1111.21,0.008884101939717892,74486.14382930998,1000000.0,899.9199071282655,1000000.0,73586.22392218171,81769747.88456754
2008,2012-10-31,1090.17,-0.05279268015834904,69701.40993859732,1000000.0,917.2881293743177,1000000.0,68784.12180922301,74986386.07276066
2008,2012-11-30,1081.75,0.01308684260423143,69684.28878501059,1000000.0,924.428010168708,999999.9999999999,68759.86077484189,74380979.39318521
2008,2012-12-31,1063.24,-0.0046693821504151245,68438.79470827481,1000000.0,940.5214250780633,1000000.0,67498.27328319674,71766864.08562611
2008,2013-01-31,1087.46,0.02671573913616987,69301.53954437253,1000000.0,919.5740532985121,1000000.0,68381.96549107402,74362652.19292335
2008,2013-02-28,1083.9,0.0034393523892610744,68617.15516746811,1000000.0,922.5943352707814,1000000.0,67694.56083219733,73374134.48601869
2008,2013-03-31,1112.48,0.030247697363841253,69742.16542142777,1000000.0,898.8925643607076,1000000.0,68843.27285706706,76586764.18802996
2008,2013-04-30,1101.52,0.025373439081501248,70590.06344707702,1000000.0,907.8364441862154,1000000.0,69682.2270028908,76756366.68822427
2008,2013-05-31,1129.34,0.03577484501980277,72175.09787455393,1000000.0,885.4729310924965,1000000.0,71289.62494346143,80510225.03364873
2008,2013-06-30,1141.45,-0.023952569656809364,69582.05523619536,1000000.0,876.0786718647335,1000000.0,68705.97656433063,78424436.9493552
2008,2013-07-31,1122.66,0.0631401145854813,73044.07979730987,1000000.0,890.7416314823722,1000000.0000000001,72153.33816582749,81003666.6252479
2008,2013-08-31,1109.42,-0.003959227881134453,71867.66665764443,1000000.0,901.3718880135566,1000000.0,70966.29476963087,78731426.74332388
2008,2013-09-30,1073.33,0.04832187103554619,74395.51891335953,1000000.0,931.6799120494163,1000000.0,73463.83900131012,78850942.31527618
2008,2013-10-31,1060.83,0.04956911783237117,77105.3766931844,1000000.0,942.6581073310522,1000000.0,76162.71858585335,80795696.7574308
2008,2013-11-30,1057.76,0.0355112218330198,78867.34978096145,1000000.0,945.3940402359704,1000000.0,77921.95574072548,82422727.90430978
2008,2013-12-31,1055.25,0.029271030088360073,80202.81165175611,1000000.0,947.6427386875148,1000000.0,79255.1689130686,83634016.99551564
2008,2014-01-31,1080.36,-0.019213090544717426,77732.43217660494,1000000.0,925.6173867969936,1000000.0,76806.81478980795,82979010.4263169
2008,2014-02-28,1066.01,0.05152433207226115,80764.23462045068,1000000.0,938.0775039633775,1000000.0,79826.1571164873,85095481.74774663
2008,2014-03-31,1064.65,-0.02733583296963582,77644.0426189431,1000000.0,939.2758183440567,1000000.0,76704.76680059904,81663729.97425778
2008,2014-04-30,1032.85,-0.003194056136867407,76459.7674694726,1000000.0,968.1948007939199,1000000.0,75491.57266867868,77971470.83084477
2008,2014-05-31,1020.3,0.04485681169947253,78877.88392877465,1000000.0,980.1038910124473,1000000.0,77897.7800377622,79479104.97252877
2008,2014-06-30,1011.6,0.03123793062852176,80331.14548669767,1000000.0,988.5330170027679,1000000.0,79342.6124696949,80262986.77434336
2008,2014-07-31,1027.75,0.011819511840066355,80280.40341720225,1000000.0,972.9992702505473,1000000.0,79307.40414695171,81508184.61202963
2008,2014-08-31,1013.85,0.05009516147726911,83280.3213640363,1000000.0,986.3392020515855,1000000.0,82293.9821619847,83433753.81492819
2008,2014-09-30,1054.55,-0.007566720599220811,81671.28659196771,1000000.0,948.2717746906263,1000000.0,80723.01481727709,85126455.27555954
2008,2014-10-31,1073.07,0.02641975810783137,82855.69734248443,1000000.0,931.9056538716021,1000000.0,81923.79168861284,87909963.14729977
2008,2014-11-30,1112.06,0.04546336463279621,85648.32290225348,1000000.0,899.232055824326,1000000.0,84749.09084642916,94246073.96668
2008,2014-12-31,1090.89,-0.02240619739393579,82850.18598796747,1000000.0,916.6827086140673,1000000.0,81933.5032793534,89380439.39241384
2008,2015-01-31,1104.3,-0.020823075569830207,80227.3957488665,1000000.0,905.5510278004166,1000000.0,79321.84472106608,87595113.12547328
2008,2015-02-28,1100.65,0.07220579759292378,85049.34178569271,1000000.0,908.554036251306,1000000.0,84140.7877494414,92609558.03642268
2008,2015-03-31,1107.71,-0.023589839225033993,82155.92009416436,1000000.0,902.7633586407994,1000000.0,81253.15673552356,90004934.24750681
2008,2015-04-30,1076.74,0.019223415749406003,82815.11994840218,1000000.0,928.7293125545629,1000000.0,81886.39063584761,88170352.25324255
2008,2015-05-31,1111.99,0.022484579614780786,83727.57170546637,1000000.0,899.2886626678297,1000000.0,82828.28304279855,92104222.46076156
2008,2015-06-30,1117.34,-0.024841085227832793,80770.73860445734,1000000.0,894.9827268333722,1000000.0,79875.75587762396,89248377.07230435
2008,2015-07-31,1159.7,0.04557796918372792,83516.33061754127,1000000.0,862.2919720617401,1000000.0000000001,82654.03864547954,95853888.61716263
2008,2015-08-31,1182.54,-0.06824491840769542,77013.32052205228,1000000.0,845.6373568758773,1000000.0,76167.68316517641,90071332.05014771
2008,2015-09-30,1184.62,-0.02207304558223644,74486.43042277812,1000000.0,844.1525552497848,999999.9999999999,73642.27786752833,87238115.2074314
2008,2015-10-31,1140.5,0.11369911197452542,82015.33946484755,1000000.0,876.8084173608066,1000000.0,81138.53104748674,92538494.65965863
2008,2015-11-30,1149.39,0.006088491510278571,81632.54230492584,1000000.0,870.0267098199914,1000000.0,80762.51559510584,92827627.7998587
2008,2015-12-31,1169.26,-0.0159477312529529,79474.53670108267,1000000.0,855.2417768503155,1000000.0,78619.29492423235,91926396.78310792
2008,2016-01-31,1210.04,-0.06910428790554779,73186.36453285703,1000000.0,826.4189613566494,1000000.0000000001,72359.94557150037,87558428.5393383
2008,2016-02-29,1238.09,-0.015653625689740713,71227.25006859409,1000000.0,807.6957248665283,999999.9999999999,70419.55434372756,87185746.03742565
2008,2016-03-31,1138.86,0.06852588772158152,75245.11681808965,1000000.0,878.07105350965,1000000.0,74367.04576458,84693653.73944958
2008,2016-04-30,1144.09,-0.031867729284654644,71997.13688245484,1000000.0,874.0571108916257,1000000.0,71123.07977156322,81371204.33584777
2008,2016-05-31,1188.99,0.04370023287725622,74231.17492052821,1000000.0,841.0499667785263,999999.9999999999,73390.12495374968,87260124.66875882
2008,2016-06-30,1154.15,-0.022780575238908973,71718.25569044786,1000000.0,866.4385045271412,1000000.0,70851.8171859207,81773624.80513039
2008,2016-07-31,1112.89,0.07150851512509648,75918.32542680069,1000000.0,898.5614031934872,1000000.0,75019.7640236072,83488745.18423223
2008,2016-08-31,1115.98,0.010500683326333693,75807.52280883539,1000000.0,896.0734063334468,999999.9999999999,74911.44940250194,83599679.3042041
2008,2016-09-30,1097.98,0.02213565081499902,76569.66308852119,1000000.0,910.7634018834588,1000000.0000000001,75658.89968663773,83071958.6779345
2008,2016-10-31,1145.37,-0.014572230415798249,74556.38076739828,1000000.0,873.0803146581455,1000000.0000000001,73683.30045274014,84394641.83955497
2008,2016-11-30,1175.87,0.004359249204164417,74004.50432159896,1000000.0,850.4341466318557,1000000.0000000001,73154.0701749671,86019676.49663855
2008,2016-12-31,1203.73,0.011322182985678664,73982.33394363525,1000000.0,830.7510820532843,1000000.0,73151.58286158196,88054754.83797206
2008,2017-01-31,1151.45,0.05140118700166263,76911.66105171776,1000000.0,868.4701897607364,1000000.0,76043.19086195703,87559932.11800043
2008,2017-02-28,1129.17,0.043750620542497565,79370.12765019923,1000000.0,885.6062417527918,1000000.0,78484.52140844644,88622367.03877547
2008,2017-03-31,1117.48,0.020268821683051108,80075.31017775384,1000000.0,894.8706017109926,1000000.0,79180.43957604285,88482557.61743636
2008,2017-04-30,1136.99,0.027269993352774025,81339.68963695125,1000000.0,879.515211215578,1000000.0,80460.17442573568,91482413.72031721
2008,2017-05-31,1119.58,0.038973608705773044,83595.99778020255,1000000.0,893.192089890852,1000000.0,82702.8056903117,92592407.19475916
2008,2017-06-30,1143.75,-0.023179745893250336,80785.77566975141,1000000.0,874.3169398907104,1000000.0,79911.45872986071,91398730.92227818
2008,2017-07-31,1121.86,0.04061292625863233,83156.89691047628,1000000.0,891.3768206371562,1000000.0,82265.52008983912,92290396.3679869
2008,2017-08-31,1122.36,0.020736292461243533,83971.40197389833,1000000.0,890.9797213015432,1000000.0,83080.42225259679,93246142.71942453
2008,2017-09-30,1142.57,-0.002952108118053798,82835.15986361356,1000000.0,875.2198989996238,1000000.0,81959.93996461394,93644968.60536894
2008,2017-10-31,1115.68,0.04606348448141451,85735.30038727159,1000000.0,896.3143553707156,1000000.0,84838.98603190087,94653159.93607117
2008,2017-11-30,1084.79,0.01971721222818079,86511.77432471553,1000000.0,921.8374063182736,1000000.0,85589.93691839726,92847107.66970816
2008,2017-12-31,1067.42,0.006031343374468978,86106.15921735125,1000000.0,936.8383579097261,1000000.0,85169.32085944152,90911436.47178507
2009,2009-01-31,1380.0,-0.022864816408768474,77427.51058567603,1000000.0,724.6376811594203,1000000.0,76702.87290451661,105849964.60823293
2009,2009-02-28,1532.8,-0.052649471466756026,72664.50718611205,1000000.0,652.400835073069,1000000.0,72012.10635103898,110380156.61487255
2009,2009-03-31,1372.3,0.10316505788946317,79441.2394714861,1000000.0,728.7036362311449,1000000.0,78712.53583525495,108017212.92672037
2009,2009-04-30,1277.0,0.13060693251537758,88992.93869120434,1000000.0,783.0853563038371,1000000.0,88209.8533349005,112643982.70866793
2009,2009-05-31,1249.0,0.03208851463770146,91040.37650482696,1000000.0,800.640512409928,1000000.0,90239.73599241703,112709430.25452887
2009,2009-06-30,1273.5,0.029529159130963212,92904.43951647323,1000000.0,785.2375343541421,1000000.0,92119.20198211909,117313803.72422867
2009,2009-07-31,1222.2,0.08438690679481597,99892.85649379701,1000000.0,818.1966944853542,1000000.0,99074.65979931166,121089049.20671871
2009,2009-08-31,1248.0,0.014702797335734319,100531.33444344776,1000000.0,801.2820512820513,1000000.0,99730.05239216571,124463105.38542281
2009,2009-09-30,1175.0,0.05647954945342448,105362.76081824166,1000000.0,851.063829787234,1000000.0,104511.69698845442,122801243.96143395
2009,2009-10-31,1182.0,-0.03053291785221446,101320.64992971042,1000000.0,846.0236886632825,1000000.0,100474.62624104714,118761008.21691772
2009,2009-11-30,1164.4,0.06347681373507363,106852.43537605123,1000000.0,858.8114050154585,1000000.0,105993.62397103578,123418975.75187407
2009,2009-12-31,1163.65,0.052027655541681206,111508.22372861531,1000000.0,859.3649293172344,999999.9999999999,110648.85879929808,128756544.54180321
2009,2010-01-31,1158.7,-0.06469923917926257,103489.96181892983,1000000.0,863.0361612151548,1000000.0,102626.92565771467,118913818.759594
2009,2010-02-28,1159.0,0.04603889849664222,107351.75627109264,1000000.0,862.8127696289905,1000000.0,106488.94350146365,123420685.51819637
2009,2010-03-31,1131.2,0.07710908013558893,114700.20797947222,1000000.0,884.016973125884,1000000.0,113816.19100634634,128748875.26637898
2009,2010-04-30,1108.0,0.022425457084509937,116368.57111328155,1000000.0,902.5270758122743,1000000.0,115466.04403746927,127936376.79351595
2009,2010-05-31,1194.5,-0.07392356252970667,106930.38271100755,1000000.0,837.1703641691084,1000000.0,106093.21234683844,126728342.14829852
2009,2010-06-30,1220.85,-0.05975707774651384,99753.39200825102,1000000.0,819.1014457140517,999999.9999999999,98934.29056253696,120783928.63327324
2009,2010-07-31,1182.0,0.07258241429307155,106115.18022793814,1000000.0,846.0236886632825,1000000.0,105269.15653927486,124428143.02942288
2009,2010-08-31,1198.0,-0.05129849482273652,99869.00725755103,1000000.0,834.7245409015025,999999.9999999999,99034.28271664953,118643070.69454613
2009,2010-09-30,1140.1,0.1317277980385454,112079.85070924055,1000000.0,877.1160424524165,1000000.0,111202.73466678814,126782237.79360515
2009,2010-10-31,1124.0,0.06337880039626165,118250.63059075295,1000000.0,889.6797153024911,1000000.0,117360.95087545045,131913708.78400631
2009,2010-11-30,1157.2,-0.0017244280298241987,117158.570362154,1000000.0,864.1548565502937,1000000.0,116294.41550560371,134575897.62308463
2009,2010-12-31,1130.6,0.04757077127037346,121826.63054564256,1000000.0,884.486113568017,1000000.0,120942.14443207455,136737188.49490348
2009,2011-01-31,1119.1,0.028277656773681326,124362.10488179774,1000000.0,893.5751943526049,1000000.0,123468.52968744513,138173631.57321984
2009,2011-02-28,1123.7,0.03160699470043249,127370.9988509464,1000000.0,889.9172376968942,1000000.0,126481.08161324951,142126791.40880847
2009,2011-03-31,1097.25,-0.004482501326594668,125914.12999712898,1000000.0,911.369332421964,1000000.0,125002.76066470702,137159279.1393498
2009,2011-04-30,1068.4,0.028730708654732595,128594.17856240198,1000000.0,935.9790340696368,1000000.0,127658.19952833235,136390020.3760703
2009,2011-05-31,1078.0,-0.012186914356340783,126102.43998379589,1000000.0,927.643784786642,1000000.0,125174.79619900924,134938430.30253196
2009,2011-06-30,1066.3,-0.020254568591719813,122639.43470344186,1000000.0,937.822376441902,1000000.0,121701.61232699995,129770429.22428004
2009,2011-07-31,1054.0,0.016651727835173435,123728.15445257095,1000000.0,948.7666034155598,1000000.0,122779.38784915539,129409474.79300979
2009,2011-08-31,1063.9,-0.05068953287360478,116555.75803257455,1000000.0,939.9379640943697,1000000.0,115615.82006848019,123003670.97085609
2009,2011-09-30,1180.9,-0.044908413679442205,110423.69699295692,1000000.0,846.8117537471419,999999.9999999999,109576.88523920978,129399343.77898283
2009,2011-10-31,1112.05,0.10401975547005837,120975.04604696302,1000000.0,899.2401420799425,1000000.0,120075.80590488308,133530299.95652522
2009,2011-11-30,1140.05,-0.026919445604049463,116843.43177946417,1000000.0,877.1545107670717,1000000.0,115966.2772686971,132207354.40017812
2009,2011-12-31,1158.5,-0.006142095848647777,115254.00127850189,1000000.0,863.1851532153647,1000000.0,114390.81612528652,132521760.48114444
2009,2012-01-31,1125.7,0.08418416189051836,124020.71110876616,1000000.0,888.3361463977969,1000000.0,123132.37496236837,138610114.49513808
2009,2012-02-29,1117.1,0.06410041990274817,131025.21190107882,1000000.0,895.1750067138126,1000000.0,130130.03689436501,145368264.21469516
2009,2012-03-31,1131.4,0.05053103803010517,136705.64273753317,1000000.0,883.86070355312,1000000.0,135821.78203398004,153668764.19324502
2009,2012-04-30,1130.05,-0.011695446573056212,134233.28563874433,1000000.0,884.9165966107695,1000000.0,133348.36904213356,150690324.43606302
2009,2012-05-31,1180.0,-0.07040149926158734,123960.44393747993,1000000.0,847.457627118644,1000000.0,123112.98631036129,145273323.84622633
2009,2012-06-30,1141.17,0.03621434228626219,127571.44213648862,1000000.0,876.2936284690273,1000000.0,126695.1485080196,144580702.62289673
2009,2012-07-31,1130.27,0.009975285386007782,127958.96877140974,1000000.0,884.7443531191662,1000000.0,127074.22441829057,143628183.6332613
2009,2012-08-31,1133.2,0.05185190446741217,133663.26496309828,1000000.0,882.4567596187786,1000000.0,132780.8082034795,150467211.856183
2009,2012-09-30,1111.21,0.008884101939717892,133960.44643919735,1000000.0,899.9199071282655,1000000.0,133060.52653206908,147858187.68770048
2009,2012-10-31,1090.17,-0.05279268015834904,126035.90471316004,1000000.0,917.2881293743177,1000000.0,125118.61658378573,136400562.2411457
2009,2012-11-30,1081.75,0.01308684260423143,126756.02422587691,1000000.0,924.428010168708,999999.9999999999,125831.59621570821,136118329.20634237
2009,2012-12-31,1063.24,-0.0046693821504151245,125244.04040638034,1000000.0,940.5214250780633,1000000.0,124303.51898130227,132164473.52167983
2009,2013-01-31,1087.46,0.02671573913616987,127624.37936811468,1000000.0,919.5740532985121,1000000.0,126704.80531481617,137786407.58765
2009,2013-02-28,1083.9,0.0034393523892610744,127140.58778970654,1000000.0,922.5943352707814,1000000.0,126217.99345443575,136807683.10526294
2009,2013-03-31,1112.48,0.030247697363841253,130035.79712231683,1000000.0,898.8925643607076,1000000.0,129136.90455795612,143662223.58263502
2009,2013-04-30,1101.52,0.025373439081501248,132413.55193893105,1000000.0,907.8364441862154,1000000.0,131505.71549474483,144856175.73177132
2009,2013-05-31,1129.34,0.03577484501980277,136210.3120857876,1000000.0,885.4729310924965,1000000.0,135324.8391546951,152827753.85096335
2009,2013-06-30,1141.45,-0.023952569656809364,132083.46151854575,1000000.0,876.0786718647335,1000000.0,131207.38284668102,149766667.15034407
2009,2013-07-31,1122.66,0.0631401145854813,139491.83203408157,1000000.0,890.7416314823722,1000000.0000000001,138601.0904025992,155601900.15138203
2009,2013-08-31,1109.42,-0.003959227881134453,138052.33710112158,1000000.0,901.3718880135566,1000000.0,137150.96521310802,152158023.82672632
2009,2013-09-30,1073.33,0.04832187103554619,143778.3564665365,1000000.0,931.6799120494163,1000000.0,142846.6765544871,153321623.34622762
2009,2013-10-31,1060.83,0.04956911783237117,149927.46029657905,1000000.0,942.6581073310522,1000000.0,148984.802189248,158047547.70641994
2009,2013-11-30,1057.76,0.0355112218330198,154275.43454953897,1000000.0,945.3940402359704,1000000.0,153330.040509303,162186383.64912036
2009,2013-12-31,1055.25,0.029271030088360073,157818.1687385003,1000000.0,947.6427386875148,1000000.0,156870.5259998128,165537622.56130245
2009,2014-01-31,1080.36,-0.019213090544717426,153856.55837998094,1000000.0,925.6173867969936,1000000.0,152930.94099318393,165220471.41139618
2009,2014-02-28,1066.01,0.05152433207226115,160810.60558104012,1000000.0,938.0775039633775,1000000.0,159872.52807707674,170425713.65544456
2009,2014-03-31,1064.65,-0.02733583296963582,155502.27935312837,1000000.0,939.2758183440567,1000000.0,154563.0035347843,164555501.71330813
2009,2014-04-30,1032.85,-0.003194056136867407,154069.32062481137,1000000.0,968.1948007939199,1000000.0,153101.12582401745,158130497.80733642
2009,2014-05-31,1020.3,0.04485681169947253,159968.75419608265,1000000.0,980.1038910124473,1000000.0,158988.65030507022,162216119.90626314
2009,2014-06-30,1011.6,0.03123793062852176,163955.1267340223,1000000.0,988.5330170027679,1000000.0,162966.59371701954,164857006.20413697
2009,2014-07-31,1027.75,0.011819511840066355,164892.77930099313,1000000.0,972.9992702505473,1000000.0,163919.78003074258,168468553.9265957
2009,2014-08-31,1013.85,0.05009516147726911,172131.36788070106,1000000.0,986.3392020515855,1000000.0,171145.02867864948,173515387.3258488
2009,2014-09-30,1054.55,-0.007566720599220811,169850.02206469252,1000000.0,948.2717746906263,1000000.0,168901.7502900019,178115340.76832148
2009,2014-10-31,1073.07,0.02641975810783137,173364.09367665308,1000000.0,931.9056538716021,1000000.0,172432.18802278148,185031808.0016061
2009,2014-11-30,1112.06,0.04546336463279621,180271.53546129208,1000000.0,899.232055824326,1000000.0,179372.30340546774,199472763.72508445
2009,2014-12-31,1090.89,-0.02240619739393579,175353.2521683599,1000000.0,916.6827086140673,1000000.0,174436.56945974584,190291109.25794214
2009,2015-01-31,1104.3,-0.020823075569830207,170804.2635917436,1000000.0,905.5510278004166,1000000.0,169898.71256394318,187619148.28436244
2009,2015-02-28,1100.65,0.07220579759292378,182166.3846146336,1000000.0,908.554036251306,1000000.0,181257.8305783823,199501431.2260965
2009,2015-03-31,1107.71,-0.023589839225033993,176981.9874967598,1000000.0,902.7633586407994,1000000.0,176079.224138119,195044717.3700358
2009,2015-04-30,1076.74,0.019223415749406003,179464.0682685589,1000000.0,928.7293125545629,1000000.0,178535.33895600436,192236140.86748815
2009,2015-05-31,1111.99,0.022484579614780786,182549.6309988125,1000000.0,899.2886626678297,1000000.0,181650.34233614468,201993364.1743695
2009,2015-06-30,1117.34,-0.024841085227832793,177137.9507005075,1000000.0,894.9827268333722,1000000.0,176242.96797367412,196923317.83570504
2009,2015-07-31,1159.7,0.04557796918372792,184275.764536827,1000000.0,862.2919720617401,1000000.0000000001,183413.47256476525,212704604.13335827
2009,2015-08-31,1182.54,-0.06824491840769542,170896.43509471076,1000000.0,845.6373568758773,1000000.0,170050.7977378349,201091870.35689926
2009,2015-09-30,1184.62,-0.02207304558223644,166297.258728072,1000000.0,844.1525552497848,999999.9999999999,165453.1061728222,195999058.63444862
2009,2015-10-31,1140.5,0.11369911197452542,184264.97741809898,1000000.0,876.8084173608066,1000000.0,183388.16900073818,209154206.7453419
2009,2015-11-30,1149.39,0.006088491510278571,184504.7263107847,1000000.0,870.0267098199914,1000000.0,183634.6996009647,211067887.37435284
2009,2015-12-31,1169.26,-0.0159477312529529,180706.14276301177,1000000.0,855.2417768503155,1000000.0,179850.90098616146,210292464.48707914
2009,2016-01-31,1210.04,-0.06910428790554779,167422.4325443416,1000000.0,826.4189613566494,1000000.0000000001,166596.01358298495,201587840.2759551
2009,2016-02-29,1238.09,-0.015653625689740713,163988.18194495395,1000000.0,807.6957248665283,999999.9999999999,163180.48622008742,202032128.18422803
2009,2016-03-31,1138.86,0.06852588772158152,174362.5738971582,1000000.0,878.07105350965,1000000.0,173484.50284364854,197574560.90851757
2009,2016-04-30,1144.09,-0.031867729284654644,167955.94567194427,1000000.0,874.0571108916257,1000000.0,167081.88856105265,191156717.88381472
2009,2016-05-31,1188.99,0.04370023287725622,174383.40600074243,1000000.0,841.0499667785263,999999.9999999999,173542.3560339639,206340125.90082276
2009,2016-06-30,1154.15,-0.022780575238908973,169588.96133519468,1000000.0,866.4385045271412,1000000.0,168722.52283066753,194731099.72501495
2009,2016-07-31,1112.89,0.07150851512509648,180787.61990644876,1000000.0,898.5614031934872,1000000.0,179889.05850325528,200196734.31768778
2009,2016-08-31,1115.98,0.010500683326333693,181778.01654047027,1000000.0,896.0734063334468,999999.9999999999,180881.94313413682,201860630.89883402
2009,2016-09-30,1097.98,0.02213565081499902,184885.88266609257,1000000.0,910.7634018834588,1000000.0000000001,183975.11926420912,202001001.44971633
2009,2016-10-31,1145.37,-0.014572230415798249,181294.1914355171,1000000.0,873.0803146581455,1000000.0000000001,180421.11112085896,206648928.0444982
2009,2016-11-30,1175.87,0.004359249204164417,181207.61170592703,1000000.0,850.4341466318557,1000000.0000000001,180357.17755929517,212076594.3766484
2009,2016-12-31,1203.73,0.011322182985678664,182399.21452640207,1000000.0,830.7510820532843,1000000.0,181568.46344434877,218559406.50186595
2009,2017-01-31,1151.45,0.05140118700166263,190901.2979874563,1000000.0,868.4701897607364,1000000.0,190032.82779769556,218813299.56765655
2009,2017-02-28,1129.17,0.043750620542497565,198346.8819372903,1000000.0,885.6062417527918,1000000.0,197461.2756955375,222967348.6771301
2009,2017-03-31,1117.48,0.020268821683051108,201463.58308191816,1000000.0,894.8706017109926,1000000.0,200568.71248020718,224131524.8223819
2009,2017-04-30,1136.99,0.027269993352774025,206038.21993631686,1000000.0,879.515211215578,1000000.0,205158.70472510127,233263395.6853929
2009,2017-05-31,1119.58,0.038973608705773044,213154.47980564059,1000000.0,893.192089890852,1000000.0,212261.28771574973,237643492.50079906
2009,2017-06-30,1143.75,-0.023179745893250336,207341.12500352456,1000000.0,874.3169398907104,1000000.0,206466.80806363386,236146411.7227812
2009,2017-07-31,1121.86,0.04061292625863233,214852.0293143774,1000000.0,891.3768206371562,1000000.0,213960.65249374026,240033897.60662743
2009,2017-08-31,1122.36,0.020736292461243533,218397.40315904896,1000000.0,890.9797213015432,1000000.0,217506.4234377474,244120509.40959015
2009,2017-09-30,1142.57,-0.002952108118053798,216864.320959388,1000000.0,875.2198989996238,1000000.0,215989.10106038838,246782667.19856793
2009,2017-10-31,1115.68,0.04606348448141451,225938.31166523826,1000000.0,896.3143553707156,1000000.0,225041.99730986755,251074855.55867305
2009,2017-11-30,1084.79,0.01971721222818079,229479.1981310799,1000000.0,921.8374063182736,1000000.0,228557.36072476162,247936739.34061414
2009,2017-12-31,1067.42,0.006031343374468978,229935.868648055,1000000.0,936.8383579097261,1000000.0,228999.03029014528,244438144.9123069
2009,2018-01-31,1068.33,0.08757074802811915,249052.64667036722,1000000.0,936.0403620604121,1000000.0,248116.6063083068,265070414.0173534
2009,2018-02-28,1082.12,-0.0129280388830596,244908.94517442022,1000000.0,924.1119284367724,1000000.0,243984.83324598346,264020867.7521436
2009,2018-03-31,1060.99,-0.040788440224731604,234033.07245938855,1000000.0,942.515952082489,1000000.0,233090.55650730606,247306749.54868665
2009,2018-04-30,1069.07,0.005058364976793683,234269.61361476398,1000000.0,935.3924438998382,1000000.0,233334.22117086413,249450615.82713568
2009,2018-05-31,1080.75,0.05672904954235358,246571.04976359257,1000000.0,925.2833680314596,1000000.0,245645.7663955611,265481662.03200266
2009,2018-06-30,1111.79,0.011450741338811188,248458.5925275307,1000000.0,899.4504357837361,999999.9999999999,247559.14209174697,275233778.58618337
2009,2018-07-31,1112.75,0.027964064149194057,254481.90182192004,1000000.0,898.6744551786115,1000000.0,253583.22736674143,282174736.2523415
2009,2018-08-31,1116.5,0.057806579872749175,268242.0064539065,1000000.0,895.6560680698611,1000000.0,267346.3503858366,298492200.2057866
2009,2018-09-30,1109.76,-0.0028164133907506717,266593.3925446416,1000000.0,901.0957324106113,1000000.0,265692.296812231,294854683.3103415
2009,2018-10-31,1140.78,-0.08595693634617652,242854.20096747263,1000000.0,876.5932081558233,1000000.0,241977.6077593168,276043215.3796734
2009,2018-11-30,1118.61,-0.0026501792629536336,241336.32372113393,1000000.0,893.966619286436,1000000.0,240442.3571018475,268961225.07769763
2009,2018-12-31,1112.85,-0.08660709706442382,219618.34254192896,1000000.0,898.593700858157,1000000.0,218719.7488410708,243402272.49778563
2010,2010-01-31,1158.7,-0.06469923917926257,80376.46722130687,1000000.0,863.0361612151548,1000000.0,79513.43106009171,92132212.56932826
2010,2010-02-28,1159.0,0.04603889849664222,83174.14184178703,1000000.0,862.8127696289905,1000000.0,82311.32907215804,95398830.39463118
2010,2010-03-31,1131.2,0.07710908013558893,88658.2799416499,1000000.0,884.016973125884,1000000.0,87774.26296852402,99290246.26999438
2010,2010-04-30,1108.0,0.022425457084509937,89742.64093584915,1000000.0,902.5270758122743,1000000.0,88840.11386003687,98434846.15692085
2010,2010-05-31,1194.5,-0.07392356252970667,82272.73614795817,1000000.0,837.1703641691084,1000000.0,81435.56578378906,97274783.32873604
2010,2010-06-30,1220.85,-0.05975707774651384,76569.21434791584,1000000.0,819.1014457140517,999999.9999999999,75750.11290220178,92479525.33665304
2010,2010-07-31,1182.0,0.07258241429307155,81248.23897961633,1000000.0,846.0236886632825,1000000.0,80402.21529095306,95035418.47390652
2010,2010-08-31,1198.0,-0.05129849482273652,76277.70266611356,1000000.0,834.7245409015025,999999.9999999999,75442.97812521206,90380687.79400405
2010,2010-09-30,1140.1,0.1317277980385454,85380.91551111639,1000000.0,877.1160424524165,1000000.0,84503.79946866397,96342781.77422379
2010,2010-10-31,1124.0,0.06337880039626165,89859.54890791414,1000000.0,889.6797153024911,1000000.0,88969.86919261164,100002132.97249548
2010,2010-11-30,1157.2,-0.0017244280298241987,88816.44705636612,1000000.0,864.1548565502937,1000000.0,87952.29219981583,101778392.53362688
2010,2010-12-31,1130.6,0.04757077127037346,92136.25057475832,1000000.0,884.486113568017,1000000.0,91251.76446119031,103169244.89982176
2010,2011-01-31,1119.1,0.028277656773681326,93832.15053661665,1000000.0,893.5751943526049,1000000.0,92938.57534226404,104007559.66552769
2010,2011-02-28,1123.7,0.03160699470043249,95876.08440057273,1000000.0,889.9172376968942,1000000.0,94986.16716287583,106735956.04092358
2010,2011-03-31,1097.25,-0.004482501326594668,94560.3915425601,1000000.0,911.369332421964,1000000.0,93649.02221013814,102756389.62007406
2010,2011-04-30,1068.4,0.028730708654732595,96339.6249830582,1000000.0,935.9790340696368,1000000.0,95403.64594898856,101929255.33189939
2010,2011-05-31,1078.0,-0.012186914356340783,94240.96988652558,1000000.0,927.643784786642,1000000.0,93313.32610173893,100591765.53767456
2010,2011-06-30,1066.3,-0.020254568591719813,91423.30493768974,1000000.0,937.822376441902,1000000.0,90485.48256124783,96484670.05505855
2010,2011-07-31,1054.0,0.016651727835173435,91992.22218989207,1000000.0,948.7666034155598,1000000.0,91043.45558647651,95959802.18814625
2010,2011-08-31,1063.9,-0.05068953287360478,86428.50535159923,1000000.0,939.9379640943697,1000000.0,85488.56738750487,90951286.84356643
2010,2011-09-30,1180.9,-0.044908413679442205,81649.41143840393,1000000.0,846.8117537471419,999999.9999999999,80802.59968465679,95419789.96761121
2010,2011-10-31,1112.05,0.10401975547005837,89207.6663451998,1000000.0,899.2401420799425,1000000.0,88308.42620311986,98203385.35917944
2010,2011-11-30,1140.05,-0.026919445604049463,85931.21232756577,1000000.0,877.1545107670717,1000000.0,85054.0578167987,96965878.61404134
2010,2011-12-31,1158.5,-0.006142095848647777,84531.64764137148,1000000.0,863.1851532153647,1000000.0,83668.46248815612,96929913.79252887
2010,2012-01-31,1125.7,0.08418416189051836,90712.02187938981,1000000.0,888.3361463977969,1000000.0,89823.68573299202,101114523.02962911
2010,2012-02-29,1117.1,0.06410041990274817,95581.4217056893,1000000.0,895.1750067138126,1000000.0,94686.24669897549,105774006.18742551
2010,2012-03-31,1131.4,0.05053103803010517,99470.84103184934,1000000.0,883.86070355312,1000000.0,98586.98032829622,111541309.54343435
2010,2012-04-30,1130.05,-0.011695446573056212,97433.96156706769,1000000.0,884.9165966107695,1000000.0,96549.04497045692,109105248.26886484
2010,2012-05-31,1180.0,-0.07040149926158734,89751.84745226233,1000000.0,847.457627118644,1000000.0,88904.38982514369,104907179.99366955
2010,2012-06-30,1141.17,0.03621434228626219,92124.00382902272,1000000.0,876.2936284690273,1000000.0,91247.7102005537,104129149.44956587
2010,2012-07-31,1130.27,0.009975285386007782,92157.93215062396,1000000.0,884.7443531191662,1000000.0,91273.1877975048,103163345.97188574
2010,2012-08-31,1133.2,0.05185190446741217,96005.87641161718,1000000.0,882.4567596187786,1000000.0,95123.4196519984,107793859.14964458
2010,2012-09-30,1111.21,0.008884101939717892,95968.50580904131,1000000.0,899.9199071282655,1000000.0,95068.58590191304,105641163.3400648
2010,2012-10-31,1090.17,-0.05279268015834904,90049.66045328682,1000000.0,917.2881293743177,1000000.0,89132.37232391251,97169438.33635971
2010,2012-11-30,1081.75,0.01308684260423143,90298.8336514573,1000000.0,924.428010168708,999999.9999999999,89374.4056412886,96680763.30246395
2010,2012-12-31,1063.24,-0.0046693821504151245,88957.08238688321,1000000.0,940.5214250780633,1000000.0,88016.56096180514,93582728.2770297
2010,2013-01-31,1087.46,0.02671573913616987,90367.98844412352,1000000.0,919.5740532985121,1000000.0,89448.41439082501,97271572.71344657
2010,2013-02-28,1083.9,0.0034393523892610744,89756.05900857571,1000000.0,922.5943352707814,1000000.0,88833.46467330493,96286592.35939522
2010,2013-03-31,1112.48,0.030247697363841253,91520.47242852455,1000000.0,898.8925643607076,1000000.0,90621.57986416384,100814695.167285
2010,2013-04-30,1101.52,0.025373439081501248,92920.9610003166,1000000.0,907.8364441862154,1000000.0,92013.12455613038,101354296.96106873
2010,2013-05-31,1129.34,0.03577484501980277,95304.87982691375,1000000.0,885.4729310924965,1000000.0,94419.40689582124,106631612.98372675
2010,2013-06-30,1141.45,-0.023952569656809364,92157.81947519445,1000000.0,876.0786718647335,1000000.0,91281.74080332973,104193543.03996071
2010,2013-07-31,1122.66,0.0631401145854813,97045.28037721416,1000000.0,890.7416314823722,1000000.0000000001,96154.53874573178,107948854.46828325
2010,2013-08-31,1109.42,-0.003959227881134453,95773.84101503206,1000000.0,901.3718880135566,1000000.0,94872.4691270185,105253414.69889687
2010,2013-09-30,1073.33,0.04832187103554619,99456.88434499812,1000000.0,931.6799120494163,1000000.0,98525.20443294871,105750057.67401683
2010,2013-10-31,1060.83,0.04956911783237117,103409.01190094401,1000000.0,942.6581073310522,1000000.0,102466.35379361296,108699382.09487842
2010,2013-11-30,1057.76,0.0355112218330198,106105.05921359864,1000000.0,945.3940402359704,1000000.0,105159.66517336266,111233687.4337761
2010,2013-12-31,1055.25,0.029271030088360073,108237.79689673403,1000000.0,947.6427386875148,1000000.0,107290.15415804651,113217935.17527859
2010,2014-01-31,1080.36,-0.019213090544717426,105228.77871165128,1000000.0,925.6173867969936,1000000.0,104303.16132485429,112684963.36891957
2010,2014-02-28,1066.01,0.05152433207226115,109677.31204514271,1000000.0,938.0775039633775,1000000.0,108739.23454117934,115917111.41324258
2010,2014-03-31,1064.65,-0.02733583296963582,105766.7569885156,1000000.0,939.2758183440567,1000000.0,104827.48117017154,111604577.82782313
2010,2014-04-30,1032.85,-0.003194056136867407,104492.6563106276,1000000.0,968.1948007939199,1000000.0,103524.46150983368,106925240.07043171
2010,2014-05-31,1020.3,0.04485681169947253,108168.23878606957,1000000.0,980.1038910124473,1000000.0,107188.13489505713,109364054.03342678
2010,2014-06-30,1011.6,0.03123793062852176,110536.47041710955,1000000.0,988.5330170027679,1000000.0,109547.93740010678,110818693.47394802
2010,2014-07-31,1027.75,0.011819511840066355,110842.74054326219,1000000.0,972.9992702505473,1000000.0,109869.74127301165,112918626.59333771
2010,2014-08-31,1013.85,0.05009516147726911,115373.68370354894,1000000.0,986.3392020515855,1000000.0,114387.34450149735,115971609.2228431
2010,2014-09-30,1054.55,-0.007566720599220811,113521.8074255677,1000000.0,948.2717746906263,1000000.0,112573.53565087708,118714422.02063242
2010,2014-10-31,1073.07,0.02641975810783137,115547.70123211658,1000000.0,931.9056538716021,1000000.0,114615.79557824499,122990771.76114734
2010,2014-11-30,1112.06,0.04546336463279621,119826.61528529676,1000000.0,899.232055824326,1000000.0,118927.38322947244,132254385.79416712
2010,2014-12-31,1090.89,-0.02240619739393579,116262.67280528863,1000000.0,916.6827086140673,1000000.0,115345.99009667456,125829787.13656132
2010,2015-01-31,1104.3,-0.020823075569830207,112944.13182821462,1000000.0,905.5510278004166,1000000.0,112038.5808004142,123724204.7778974
2010,2015-02-28,1100.65,0.07220579759292378,120128.41588828735,1000000.0,908.554036251306,1000000.0,119219.86185203603,131219340.94744347
2010,2015-03-31,1107.71,-0.023589839225033993,116407.48447851573,1000000.0,902.7633586407994,1000000.0,115504.72111987493,127945734.63169666
2010,2015-04-30,1076.74,0.019223415749406003,117725.11639498148,1000000.0,928.7293125545629,1000000.0,116796.38708242691,125759341.82713236
2010,2015-05-31,1111.99,0.022484579614780786,119422.50474650049,1000000.0,899.2886626678297,1000000.0,118523.21608383267,131796631.05306108
2010,2015-06-30,1117.34,-0.024841085227832793,115578.97077161734,1000000.0,894.9827268333722,1000000.0,114683.98804478397,128141007.20195891
2010,2015-07-31,1159.7,0.04557796918372792,119911.05131775615,1000000.0,862.2919720617401,1000000.0000000001,119048.75934569442,138060846.21320182
2010,2015-08-31,1182.54,-0.06824491840769542,110924.28647761013,1000000.0,845.6373568758773,1000000.0,110078.64912073426,130172405.73123309
2010,2015-09-30,1184.62,-0.02207304558223644,107648.87808106128,1000000.0,844.1525552497848,999999.9999999999,106804.72552581149,126523013.9523868
2010,2015-10-31,1140.5,0.11369911197452542,118948.32797277918,1000000.0,876.8084173608066,1000000.0,118071.51955541837,134660568.05295464
2010,2015-11-30,1149.39,0.006088491510278571,118790.39699983723,1000000.0,870.0267098199914,1000000.0,117920.37029001724,135536494.40764293
2010,2015-12-31,1169.26,-0.0159477312529529,116039.80791538335,1000000.0,855.2417768503155,1000000.0,115184.56613853303,134680705.80314112
2010,2016-01-31,1210.04,-0.06910428790554779,107224.81871782024,1000000.0,826.4189613566494,1000000.0000000001,106398.39975646358,128746319.64131118
2010,2016-02-29,1238.09,-0.015653625689740713,104732.87903268849,1000000.0,807.6957248665283,999999.9999999999,103925.18330782196,128668730.20158128
2010,2016-03-31,1138.86,0.06852588772158152,111046.74875061856,1000000.0,878.07105350965,1000000.0,110168.67769710891,125466700.28212945
2010,2016-04-30,1144.09,-0.031867729284654644,106657.85210060907,1000000.0,874.0571108916257,1000000.0,105783.79498971745,121026182.00978583
2010,2016-05-31,1188.99,0.04370023287725622,110406.57146540804,1000000.0,841.0499667785263,999999.9999999999,109565.5214986295,130272309.40665549
2010,2016-06-30,1154.15,-0.022780575238908973,107069.55589253968,1000000.0,866.4385045271412,1000000.0,106203.11738801253,122574327.93337467
2010,2016-07-31,1112.89,0.07150851512509648,113797.54461408562,1000000.0,898.5614031934872,1000000.0,112898.98321089214,125644149.42556976
2010,2016-08-31,1115.98,0.010500683326333693,114084.49968145478,1000000.0,896.0734063334468,999999.9999999999,113188.42627512132,126316019.9545099
2010,2016-09-30,1097.98,0.02213565081499902,115693.92575544667,1000000.0,910.7634018834588,1000000.0000000001,114783.16235356321,126029616.60096534
2010,2016-10-31,1145.37,-0.014572230415798249,113110.51566389311,1000000.0,873.0803146581455,1000000.0000000001,112237.43534923496,128553391.32595323
2010,2016-11-30,1175.87,0.004359249204164417,112726.70629995858,1000000.0,850.4341466318557,1000000.0000000001,111876.27215332672,131551952.13693227
2010,2016-12-31,1203.73,0.011322182985678664,113142.95577840228,1000000.0,830.7510820532843,1000000.0,112312.20469634898,135193570.15913618
2010,2017-01-31,1151.45,0.05140118700166263,118085.18533251503,1000000.0,868.4701897607364,1000000.0,117216.7151427543,134969186.65112445
2010,2017-02-28,1129.17,0.043750620542497565,122345.01916820297,1000000.0,885.6062417527918,1000000.0,121459.41292645018,137148325.29415977
2010,2017-03-31,1117.48,0.020268821683051108,123921.25210878448,1000000.0,894.8706017109926,1000000.0,123026.38150707349,137479520.8065245
2010,2017-04-30,1136.99,0.027269993352774025,126381.31011298722,1000000.0,879.515211215578,1000000.0,125501.79490177165,142694285.78536534
2010,2017-05-31,1119.58,0.038973608705773044,130393.05274814548,1000000.0,893.192089890852,1000000.0,129499.86065825462,144985453.9957687
2010,2017-06-30,1143.75,-0.023179745893250336,126498.08679498495,1000000.0,874.3169398907104,1000000.0,125623.76985509424,143682186.77176404
2010,2017-07-31,1121.86,0.04061292625863233,130725.71875655059,1000000.0,891.3768206371562,1000000.0,129834.34193591343,145655954.84422383
2010,2017-08-31,1122.36,0.020736292461243533,132526.62482180962,1000000.0,890.9797213015432,1000000.0,131635.64510050806,147742582.63500622
2010,2017-09-30,1142.57,-0.002952108118053798,131247.0424439816,1000000.0,875.2198989996238,1000000.0,130371.82254498197,148958933.28522006
2010,2017-10-31,1115.68,0.04606348448141451,136377.2029695965,1000000.0,896.3143553707156,1000000.0,135480.88861422578,151153317.80911943
2010,2017-11-30,1084.79,0.01971721222818079,138152.194047895,1000000.0,921.8374063182736,1000000.0,137230.3566415767,148866118.581216
2010,2017-12-31,1067.42,0.006031343374468978,138058.0400438829,1000000.0,936.8383579097261,1000000.0,137121.20168597318,146365913.1036415
2010,2018-01-31,1068.33,0.08757074802811915,149129.00788812846,1000000.0,936.0403620604121,1000000.0,148192.96752606804,158318992.99712425
2010,2018-02-28,1082.12,-0.0129280388830596,146277.12307969504,1000000.0,924.1119284367724,1000000.0,145353.01115125828,157289400.4269996
2010,2018-03-31,1060.99,-0.040788440224731604,139424.28854443043,1000000.0,942.515952082489,1000000.0,138481.77259234793,146927775.90275523
2010,2018-04-30,1069.07,0.005058364976793683,139182.26394075336,1000000.0,935.3924438998382,1000000.0,138246.8714968535,147795582.91114116
2010,2018-05-31,1080.75,0.05672904954235358,146089.48511907388,1000000.0,925.2833680314596,1000000.0,145164.20175104242,156886211.0424391
2010,2018-06-30,1111.79,0.011450741338811188,146826.4394769486,1000000.0,899.4504357837361,999999.9999999999,145926.98904116487,162240167.14607668
2010,2018-07-31,1112.75,0.027964064149194057,150007.70072381073,1000000.0,898.6744551786115,1000000.0,149109.02626863212,165921068.98042038
2010,2018-08-31,1116.5,0.057806579872749175,157728.50910537766,1000000.0,895.6560680698611,1000000.0,156832.8530373078,175103880.41615415
2010,2018-09-30,1109.76,-0.0028164133907506717,156391.1468899039,1000000.0,901.0957324106113,1000000.0,155490.0511574933,172556639.17253974
2010,2018-10-31,1140.78,-0.08595693634617652,142124.60272768492,1000000.0,876.5932081558233,1000000.0,141248.0095195291,161132904.2996884
2010,2018-11-30,1118.61,-0.0026501792629536336,140873.67697376697,1000000.0,893.966619286436,1000000.0,139979.71035448054,156582703.79962546
2010,2018-12-31,1112.85,-0.08660709706442382,127856.47399276012,1000000.0,898.593700858157,1000000.0,126957.88029190197,141285077.0828431
2010,2019-01-31,1111.82,0.09010771133333662,138397.76432073698,1000000.0,899.4261661060244,1000000.0,137498.33815463097,152873402.3270818
2010,2019-02-28,1124.65,0.0299117239158746,141611.15048440386,1000000.0,889.1655181612057,1000000.0,140721.98496624266,158262980.3922848
2010,2019-03-31,1136.3,0.039246216920256094,146244.79051367682,1000000.0,880.0492827598346,1000000.0,145364.741230917,165177955.46069098
2010,2019-04-30,1165.1,0.0549923533063692,153358.6904389765,1000000.0,858.2954252853833,1000000.0,152500.39501369113,177678210.23045152
2010,2019-05-31,1190.5,-0.08225166556146835,139956.9835250332,1000000.0,839.9832003359933,1000000.0,139117.0003246972,165618788.88655204
2010,2019-06-30,1154.58,0.07590047977717695,149676.0473945034,1000000.0,866.1158170070503,1000000.0,148809.93157749635,171812970.80074573
2010,2019-07-31,1182.74,0.02334784538371637,152284.32285152914,1000000.0,845.4943605526151,1000000.0,151438.82849097654,179112760.0094176
2010,2019-08-31,1211.32,-0.018995073133384555,148562.23686855636,1000000.0,825.5456856982465,999999.9999999999,147736.6911828581,178956408.76361966
2010,2019-09-30,1195.85,0.009178844575114198,149092.7433092672,1000000.0,836.225279090187,1000000.0,148256.51803017702,177292557.08638716
2010,2019-10-31,1169.1,0.043800633363735963,154750.2474202009,1000000.0,855.3588230262595,999999.9999999999,153894.88859717463,179918514.25895685
2010,2019-11-30,1181.33,0.04069405202585252,160157.49520026083,1000000.0,846.503517222114,999999.9999999999,159310.9916830387,188198853.8049241
2010,2019-12-31,1155.46,0.0388634801258656,165502.37124214444,1000000.0,865.4561819535077,1000000.0,164636.91506019092,190231369.8754482
2011,2011-01-31,1119.1,0.028277656773681326,90949.73083085807,1000000.0,893.5751943526049,1000000.0,90056.15563650546,100781843.77281325
2011,2011-02-28,1123.7,0.03160699470043249,92902.5600704498,1000000.0,889.9172376968942,1000000.0,92012.64283275291,103394606.75116445
2011,2011-03-31,1097.25,-0.004482501326594668,91600.19603919162,1000000.0,911.369332421964,1000000.0,90688.82670676966,99508315.10400301
2011,2011-04-30,1068.4,0.028730708654732595,93294.3809651214,1000000.0,935.9790340696368,1000000.0,92358.40193105176,98675716.62313572
2011,2011-05-31,1078.0,-0.012186914356340783,91232.83799662953,1000000.0,927.643784786642,1000000.0,90305.19421184289,97348999.36036663
2011,2011-06-30,1066.3,-0.020254568591719813,88476.10146149053,1000000.0,937.822376441902,1000000.0,87538.27908504862,93342066.98838735
2011,2011-07-31,1054.0,0.016651727835173435,88995.94268353231,1000000.0,948.7666034155598,1000000.0,88047.17608011675,92801723.58844306
2011,2011-08-31,1063.9,-0.05068953287360478,83584.1058537756,1000000.0,939.9379640943697,1000000.0,82644.16788968124,87925130.21783188
2011,2011-09-30,1180.9,-0.044908413679442205,78932.74940989816,1000000.0,846.8117537471419,999999.9999999999,78085.93765615101,92211683.77814874
2011,2011-10-31,1112.05,0.10401975547005837,86208.41779679406,1000000.0,899.2401420799425,1000000.0,85309.17765471412,94868071.01092483
2011,2011-11-30,1140.05,-0.026919445604049463,83012.70188731185,1000000.0,877.1545107670717,1000000.0,82135.54737654478,93638630.78662987
2011,2011-12-31,1158.5,-0.006142095848647777,81631.06297197689,1000000.0,863.1851532153647,1000000.0,80767.87781876152,93569586.45303522
2011,2012-01-31,1125.7,0.08418416189051836,87567.25392060976,1000000.0,888.3361463977969,1000000.0,86678.91777421196,97574457.73843041
2011,2012-02-29,1117.1,0.06410041990274817,92235.07280025474,1000000.0,895.1750067138126,1000000.0,91339.89779354093,102035799.82516457
2011,2012-03-31,1131.4,0.05053103803010517,95955.39764261227,1000000.0,883.86070355312,1000000.0,95071.53693905915,107563936.89285153
2011,2012-04-30,1130.05,-0.011695446573056212,93959.63285817005,1000000.0,884.9165966107695,1000000.0,93074.71626155928,105179083.11137506
2011,2012-05-31,1180.0,-0.07040149926158734,86522.11669339867,1000000.0,847.457627118644,1000000.0,85674.65906628003,101096097.69821043
2011,2012-06-30,1141.17,0.03621434228626219,88777.31049496512,1000000.0,876.2936284690273,1000000.0,87901.0168664961,100310003.41753936
2011,2012-07-31,1130.27,0.009975285386007782,88777.85459545968,1000000.0,884.7443531191662,1000000.0,87893.11024234051,99342945.7136102
2011,2012-08-31,1133.2,0.05185190446741217,92450.53539797007,1000000.0,882.4567596187786,1000000.0,91568.07863835129,103764946.71297969
2011,2012-09-30,1111.21,0.008884101939717892,92381.57878339851,1000000.0,899.9199071282655,1000000.0,91481.65887627024,101655334.15990026
2011,2012-10-31,1090.17,-0.05279268015834904,86652.09691886012,1000000.0,917.2881293743177,1000000.0,85734.8087894858,93465516.49803375
2011,2012-11-30,1081.75,0.01308684260423143,86856.80673781768,1000000.0,924.428010168708,999999.9999999999,85932.37872764897,92957350.68863428
2011,2012-12-31,1063.24,-0.0046693821504151245,85531.12761227538,1000000.0,940.5214250780633,1000000.0,84590.6061871973,89940116.12247567
2011,2013-01-31,1087.46,0.02671573913616987,86850.50675546494,1000000.0,919.5740532985121,1000000.0,85930.93270216644,93446452.07629791
2011,2013-02-28,1083.9,0.0034393523892610744,86226.47946086706,1000000.0,922.5943352707814,1000000.0,85303.88512559628,92460881.08763382
2011,2013-03-31,1112.48,0.030247697363841253,87884.13122683519,1000000.0,898.8925643607076,1000000.0,86985.23866247448,96769338.30722961
2011,2013-04-30,1101.52,0.025373439081501248,89192.35331666663,1000000.0,907.8364441862154,1000000.0,88284.51687248041,97247161.02537462
2011,2013-05-31,1129.34,0.03577484501980277,91442.88178124157,1000000.0,885.4729310924965,1000000.0,90557.40885014906,102270104.11082734
2011,2013-06-30,1141.45,-0.023952569656809364,88388.3262067257,1000000.0,876.0786718647335,1000000.0,87512.24753486097,99890854.94866706
2011,2013-07-31,1122.66,0.0631401145854813,93037.7808718451,1000000.0,890.7416314823722,1000000.0000000001,92147.03924036272,103449795.07358561
2011,2013-08-31,1109.42,-0.003959227881134453,91782.20811343829,1000000.0,901.3718880135566,1000000.0,90880.83622542473,100825017.32521072
2011,2013-09-30,1073.33,0.04832187103554619,95272.3682731123,1000000.0,931.6799120494163,1000000.0,94340.68836106289,101258691.03857963
2011,2013-10-31,1060.83,0.04956911783237117,99017.07305881941,1000000.0,942.6581073310522,1000000.0,98074.41495148836,104040281.61298738
2011,2013-11-30,1057.76,0.0355112218330198,101557.1572569743,1000000.0,945.3940402359704,1000000.0,100611.76321673833,106423098.66013713
2011,2013-12-31,1055.25,0.029271030088360073,103556.77316509844,1000000.0,947.6427386875148,1000000.0,102609.13042641092,108278284.88247013
2011,2014-01-31,1080.36,-0.019213090544717426,100637.69191281356,1000000.0,925.6173867969936,1000000.0,99712.07452601657,107724936.83492725
2011,2014-02-28,1066.01,0.05152433207226115,104849.6725655091,1000000.0,938.0775039633775,1000000.0,103911.59506154573,110770799.45155835
2011,2014-03-31,1064.65,-0.02733583296963582,101071.08505533487,1000000.0,939.2758183440567,1000000.0,100131.80923699081,106605330.70416227
2011,2014-04-30,1032.85,-0.003194056136867407,99811.98261720176,1000000.0,968.1948007939199,1000000.0,98843.78781640784,102090806.24617684
2011,2014-05-31,1020.3,0.04485681169947253,103277.60499415107,1000000.0,980.1038910124473,1000000.0,102297.50110313862,104374140.37553233
2011,2014-06-30,1011.6,0.03123793062852176,105493.0633460696,1000000.0,988.5330170027679,1000000.0,104504.53032906682,105716782.880884
2011,2014-07-31,1027.75,0.011819511840066355,105739.7228626318,1000000.0,972.9992702505473,1000000.0,104766.72359238126,107674000.17206983
2011,2014-08-31,1013.85,0.05009516147726911,110015.02952818602,1000000.0,986.3392020515855,1000000.0,109028.69032613443,110538737.68715139
2011,2014-09-30,1054.55,-0.007566720599220811,108203.7006891376,1000000.0,948.2717746906263,1000000.0,107255.42891444697,113106212.56173004
2011,2014-10-31,1073.07,0.02641975810783137,110089.09140211836,1000000.0,931.9056538716021,1000000.0,109157.18574824676,117133301.31087114
2011,2014-11-30,1112.06,0.04546336463279621,114119.83868620917,1000000.0,899.232055824326,1000000.0,113220.60663038485,125908107.80938578
2011,2014-12-31,1090.89,-0.02240619739393579,110683.7633691633,1000000.0,916.6827086140673,1000000.0,109767.08066054923,119743810.62178655
2011,2015-01-31,1104.3,-0.020823075569830207,107481.39244487496,1000000.0,905.5510278004166,1000000.0,106575.84141707454,117691701.67687541
2011,2015-02-28,1100.65,0.07220579759292378,114271.23505073137,1000000.0,908.554036251306,1000000.0,113362.68101448005,124772634.85858749
2011,2015-03-31,1107.71,-0.023589839225033993,110688.47359522966,1000000.0,902.7633586407994,1000000.0,109785.71023658886,121610729.08617185
2011,2015-04-30,1076.74,0.019223415749406003,111896.16658781063,1000000.0,928.7293125545629,1000000.0,110967.43727525606,119483078.41175921
2011,2015-05-31,1111.99,0.022484579614780786,113462.49345331975,1000000.0,899.2886626678297,1000000.0,112563.20479065193,125169158.09515704
2011,2015-06-30,1117.34,-0.024841085227832793,109767.01262692935,1000000.0,894.9827268333722,1000000.0,108872.02990009598,121647073.88857323
2011,2015-07-31,1159.7,0.04557796918372792,113834.19592385246,1000000.0,862.2919720617401,1000000.0000000001,112971.90395179072,131013517.01289171
2011,2015-08-31,1182.54,-0.06824491840769542,105262.14558423877,1000000.0,845.6373568758773,1000000.0,104416.5082273629,123476697.63918571
2011,2015-09-30,1184.62,-0.02207304558223644,102111.71788172235,1000000.0,844.1525552497848,999999.9999999999,101267.56532647256,119963583.23704591
2011,2015-10-31,1140.5,0.11369911197452542,112781.59757591473,1000000.0,876.8084173608066,1000000.0,111904.78915855392,127627412.03533074
2011,2015-11-30,1149.39,0.006088491510278571,112586.12051730529,1000000.0,870.0267098199914,1000000.0,111716.09380748529,128405361.06138553
2011,2015-12-31,1169.26,-0.0159477312529529,109934.47556681384,1000000.0,855.2417768503155,1000000.0,109079.23378996352,127541984.90125275
2011,2016-01-31,1210.04,-0.06910428790554779,101541.39101362533,1000000.0,826.4189613566494,1000000.0000000001,100714.97205226867,121869144.78212717
2011,2016-02-29,1238.09,-0.015653625689740713,99138.41757840976,1000000.0,807.6957248665283,999999.9999999999,98330.72185354323,121742283.41965333
2011,2016-03-31,1138.86,0.06852588772158152,105068.9218588612,1000000.0,878.07105350965,1000000.0,104190.85080535155,118658792.34818266
2011,2016-04-30,1144.09,-0.031867729284654644,100870.52497794876,1000000.0,874.0571108916257,1000000.0,99996.46786705714,114404958.9220214
2011,2016-05-31,1188.99,0.04370023287725622,104366.33679975061,1000000.0,841.0499667785263,999999.9999999999,103525.28683297208,123090530.79153548
2011,2016-06-30,1154.15,-0.022780575238908973,101166.92124714392,1000000.0,866.4385045271412,1000000.0,100300.48274261678,115761802.15739116
2011,2016-07-31,1112.89,0.07150851512509648,107472.82132987167,1000000.0,898.5614031934872,1000000.0,106574.25992667819,118605428.1298009
2011,2016-08-31,1115.98,0.010500683326333693,107693.36248090661,1000000.0,896.0734063334468,999999.9999999999,106797.28907457316,119183638.66144216
2011,2016-09-30,1097.98,0.02213565081499902,109161.31657351642,1000000.0,910.7634018834588,1000000.0000000001,108250.55317163296,118856942.37138955
2011,2016-10-31,1145.37,-0.014572230415798249,106673.1011681783,1000000.0,873.0803146581455,1000000.0000000001,105800.02085352015,121180169.88499637
2011,2016-11-30,1175.87,0.004359249204164417,106261.22951022643,1000000.0,850.4341466318557,1000000.0000000001,105410.79536359457,123949391.94418994
2011,2016-12-31,1203.73,0.011322182985678664,106604.27567736711,1000000.0,830.7510820532843,1000000.0,105773.52459531382,127322764.76111712
2011,2017-01-31,1151.45,0.05140118700166263,111210.40931286251,1000000.0,868.4701897607364,1000000.0,110341.93912310178,127053225.80329555
2011,2017-02-28,1129.17,0.043750620542497565,115169.46743159997,1000000.0,885.6062417527918,1000000.0,114283.86118984719,129045907.53973976
2011,2017-03-31,1117.48,0.020268821683051108,116600.26039355477,1000000.0,894.8706017109926,1000000.0,115705.38979184377,129298458.98458958
2011,2017-04-30,1136.99,0.027269993352774025,118860.67500234747,1000000.0,879.515211215578,1000000.0,117981.1597911319,134143398.87091906
2011,2017-05-31,1119.58,0.038973608705773044,122579.31134748475,1000000.0,893.192089890852,1000000.0,121686.11925759389,136237345.39841697
2011,2017-06-30,1143.75,-0.023179745893250336,118865.46593446711,1000000.0,874.3169398907104,1000000.0,117991.1489945764,134952376.66254675
2011,2017-07-31,1121.86,0.04061292625863233,122783.11482786444,1000000.0,891.3768206371562,1000000.0,121891.73800722728,136745465.200788
2011,2017-08-31,1122.36,0.020736292461243533,124419.32073515441,1000000.0,890.9797213015432,1000000.0,123528.34101385287,138643268.8203079
2011,2017-09-30,1142.57,-0.002952108118053798,123163.67199553616,1000000.0,875.2198989996238,1000000.0,122288.45209653654,139723116.71193975
2011,2017-10-31,1115.68,0.04606348448141451,127921.48431194155,1000000.0,896.3143553707156,1000000.0,127025.16995657083,141719441.61714694
2011,2017-11-30,1084.79,0.01971721222818079,129529.75219092527,1000000.0,921.8374063182736,1000000.0,128607.914784607,139512579.8791938
2011,2017-12-31,1067.42,0.006031343374468978,129383.5932793474,1000000.0,936.8383579097261,1000000.0,128446.75492143768,137106635.13824102
2011,2018-01-31,1068.33,0.08757074802811915,139694.93333169247,1000000.0,936.0403620604121,1000000.0,138758.89296963206,148240288.12624702
2011,2018-02-28,1082.12,-0.0129280388830596,136965.01260595035,1000000.0,924.1119284367724,1000000.0,136040.9006775136,147212579.441151
2011,2018-03-31,1060.99,-0.040788440224731604,130492.00453211018,1000000.0,942.515952082489,1000000.0,129549.4885800277,137450711.88852358
2011,2018-04-30,1069.07,0.005058364976793683,130204.79717582244,1000000.0,935.3924438998382,1000000.0,129269.40473192261,138198042.5167565
2011,2018-05-31,1080.75,0.05672904954235358,136602.7351972704,1000000.0,925.2833680314596,1000000.0,135677.45182923894,146633406.06445
2011,2018-06-30,1111.79,0.011450741338811188,137231.05923564456,1000000.0,899.4504357837361,999999.9999999999,136331.6087998608,151572119.34759724
2011,2018-07-31,1112.75,0.027964064149194057,140143.99465390295,1000000.0,898.6744551786115,1000000.0,139245.32019872434,154945230.0511305
2011,2018-08-31,1116.5,0.057806579872749175,147294.61592269843,1000000.0,895.6560680698611,1000000.0,146398.95985462857,163454438.6776928
2011,2018-09-30,1109.76,-0.0028164133907506717,145986.63986370203,1000000.0,901.0957324106113,1000000.0,145085.54413129142,161010133.45514196
2011,2018-10-31,1140.78,-0.08595693634617652,132614.43524964762,1000000.0,876.5932081558233,1000000.0,131737.8420414918,150283895.444093
2011,2018-11-30,1118.61,-0.0026501792629536336,131388.71314436718,1000000.0,893.966619286436,1000000.0,130494.74652508074,145972728.41042057
2011,2018-12-31,1112.85,-0.08660709706442382,119192.97534638569,1000000.0,898.593700858157,1000000.0,118294.38164552754,131643902.61422531
2011,2019-01-31,1111.82,0.09010771133333662,128953.61763919829,1000000.0,899.4261661060244,1000000.0,128054.19147309226,142373211.16361344
2011,2019-02-28,1124.65,0.0299117239158746,131884.51309470594,1000000.0,889.1655181612057,1000000.0,130995.34757654474,147323917.65196106
2011,2019-03-31,1136.3,0.039246216920256094,136136.41940307815,1000000.0,880.0492827598346,1000000.0,135256.37012031832,153691813.36771768
2011,2019-04-30,1165.1,0.0549923533063692,142694.4362129119,1000000.0,858.2954252853833,1000000.0,141836.14078762653,165253287.63166365
2011,2019-05-31,1190.5,-0.08225166556146835,130169.88197103333,1000000.0,839.9832003359933,1000000.0,129329.89877069734,153967244.4865152
2011,2019-06-30,1154.58,0.07590047977717695,139146.100136927,1000000.0,866.1158170070503,1000000.0,138279.98431991995,159655304.29609317
2011,2019-07-31,1182.74,0.02334784538371637,141508.52401348416,1000000.0,845.4943605526151,1000000.0,140663.02965293155,166367791.69170827
2011,2019-08-31,1211.32,-0.018995073133384555,137991.12511751067,1000000.0,825.5456856982465,999999.9999999999,137165.57943181242,166151409.677343
2011,2019-09-30,1195.85,0.009178844575114198,138424.6009664725,1000000.0,836.225279090187,1000000.0,137588.3756873823,164535059.0657561
2011,2019-10-31,1169.1,0.043800633363735963,143614.8336859773,1000000.0,855.3588230262595,999999.9999999999,142759.47486295103,166900102.06227604
2011,2019-11-30,1181.33,0.04069405202585252,148568.93636020736,1000000.0,846.503517222114,999999.9999999999,147722.43284298523,174508941.59040374
2011,2019-12-31,1155.46,0.0388634801258656,153463.4406759231,1000000.0,865.4561819535077,1000000.0,152597.9844939696,176320867.1634021
2011,2020-01-31,1191.3,0.030384518580899744,157234.60078923445,1000000.0,839.4191219675985,1000000.0,156395.18166726685,186313579.92021498
2011,2020-02-29,1214.92,-0.06057404936378252,146921.6922126961,1000000.0,823.0994633391499,1000000.0000000001,146098.59274935696,177498102.30304876
2011,2020-03-31,1218.92,-0.07285865970245498,135454.045097224,1000000.0,820.3983854559774,1000000.0,134633.64671176803,164107644.6499083
2011,2020-04-30,1203.95,0.14973743405945528,154793.34350845538,1000000.0,830.5992773786287,1000000.0000000001,153962.74423107674,185363445.91700485
2011,2020-05-31,1236.61,0.06600869146903388,164125.62351275166,1000000.0,808.6623915381568,1000000.0,163316.9611212135,201959387.29210383
2011,2020-06-30,1200.5,0.06286679498602865,173584.17503376206,1000000.0,832.9862557267805,1000000.0,172751.18877803528,207387802.12803137
2011,2020-07-31,1192.68,0.07346560137498459,185442.45874985715,1000000.0,838.4478653117349,1000000.0,184604.01088454542,220173511.70177963
2011,2020-08-31,1187.48,0.10944707592261049,204808.38007944467,1000000.0,842.1194462222521,1000000.0,203966.2606332224,242205855.17673895
2011,2020-09-30,1165.97,-0.0577860842155562,192179.84911913893,1000000.0,857.6549996998207,999999.9999999999,191322.1941194391,223075938.67744243
2011,2020-10-31,1133.99,-0.030449501902191756,185496.52860566776,1000000.0,881.8419915519537,1000000.0,184614.6866141158,209351208.4735412
2011,2020-11-30,1105.79,0.11225809809634257,205339.18021406877,1000000.0,904.33084039465,999999.9999999999,204434.8493736741,226062012.08891508
2011,2020-12-31,1086.11,0.04902438582238644,214457.14230491055,1000000.0,920.7170544419995,1000000.0,213536.42525046854,231924046.82878637
2012,2012-01-31,1125.7,0.08418416189051836,93585.16718951389,1000000.0,888.3361463977969,1000000.0,92696.8310431161,104348822.7052358
2012,2012-02-29,1117.1,0.06410041990274817,98638.73683663394,1000000.0,895.1750067138126,1000000.0,97743.56182992013,109189332.92020378
2012,2012-03-31,1131.4,0.05053103803010517,102682.64546994575,1000000.0,883.86070355312,1000000.0,101798.78476639264,115175145.08469664
2012,2012-04-30,1130.05,-0.011695446573056212,100608.20251795524,1000000.0,884.9165966107695,1000000.0,99723.28592134448,112692299.25541532
2012,2012-05-31,1180.0,-0.07040149926158734,92702.61708118988,1000000.0,847.457627118644,1000000.0,91855.15945407124,108389088.15580407
2012,2012-06-30,1141.17,0.03621434228626219,95181.63363930017,1000000.0,876.2936284690273,1000000.0,94305.34001083115,107618424.86016019
2012,2012-07-31,1130.27,0.009975285386007782,95246.06269086369,1000000.0,884.7443531191662,1000000.0,94361.31833774452,106653767.27760251
2012,2012-08-31,1133.2,0.05185190446741217,99254.13240161233,1000000.0,882.4567596187786,1000000.0,98371.67564199354,111474782.83750708
2012,2012-09-30,1111.21,0.008884101939717892,99245.61963637787,1000000.0,899.9199071282655,1000000.0,98345.69972924961,109282724.99613947
2012,2012-10-31,1090.17,-0.05279268015834904,93153.7666584943,1000000.0,917.2881293743177,1000000.0,92236.47852912,100553441.79809076
2012,2012-11-30,1081.75,0.01308684260423143,93443.56280599916,1000000.0,924.428010168708,999999.9999999999,92519.13479583045,100082574.06538959
2012,2012-12-31,1063.24,-0.0046693821504151245,92087.12759924296,1000000.0,940.5214250780633,1000000.0,91146.60617416489,96910717.54861908
2012,2013-01-31,1087.46,0.02671573913616987,93581.65512786109,1000000.0,919.5740532985121,1000000.0,92662.08107456258,100766306.68534383
2012,2013-02-28,1083.9,0.0034393523892610744,92980.77862450028,1000000.0,922.5943352707814,1000000.0,92058.1842892295,99781865.95109586
2012,2013-03-31,1112.48,0.030247697363841253,94842.73238747484,1000000.0,898.8925643607076,1000000.0,93943.83982311413,104510642.926418
2012,2013-04-30,1101.52,0.025373439081501248,96327.51811994823,1000000.0,907.8364441862154,1000000.0,95419.68167576201,105106687.75948536
2012,2013-05-31,1129.34,0.03577484501980277,98833.30599955132,1000000.0,885.4729310924965,1000000.0,97947.83306845881,110616405.79753327
2012,2013-06-30,1141.45,-0.023952569656809364,95601.73077415302,1000000.0,876.0786718647335,1000000.0,94725.6521022883,108124595.59215698
2012,2013-07-31,1122.66,0.0631401145854813,100706.64063021122,1000000.0,890.7416314823722,1000000.0000000001,99815.89899872884,112059317.16991292
2012,2013-08-31,1109.42,-0.003959227881134453,99420.70510843256,1000000.0,901.3718880135566,1000000.0,98519.33322041901,109299318.66139726
2012,2013-09-30,1073.33,0.04832187103554619,103279.9717348041,1000000.0,931.6799120494163,1000000.0,102348.29182275469,109853492.06211728
2012,2013-10-31,1060.83,0.04956911783237117,107421.60636005872,1000000.0,942.6581073310522,1000000.0,106478.94825272767,112956062.6749411
2012,2013-11-30,1057.76,0.0355112218330198,110260.14580467693,1000000.0,945.3940402359704,1000000.0,109314.75176444095,115628771.82635505
2012,2013-12-31,1055.25,0.029271030088360073,112514.50715243952,1000000.0,947.6427386875148,1000000.0,111566.864413752,117730933.6726118
2012,2014-01-31,1080.36,-0.019213090544717426,109423.32014598037,1000000.0,925.6173867969936,1000000.0,108497.70275918338,117216578.15291134
2012,2014-02-28,1066.01,0.05152433207226115,114087.97442522502,1000000.0,938.0775039633775,1000000.0,113149.89692126165,120618921.61703414
2012,2014-03-31,1064.65,-0.02733583296963582,110056.85023849053,1000000.0,939.2758183440567,1000000.0,109117.57442014647,116172025.60640895
2012,2014-04-30,1032.85,-0.003194056136867407,108769.04676192971,1000000.0,968.1948007939199,1000000.0,107800.85196113579,111342109.9480591
2012,2014-05-31,1020.3,0.04485681169947253,112636.45447859917,1000000.0,980.1038910124473,1000000.0,111656.35058758673,113922974.50451474
2012,2014-06-30,1011.6,0.03123793062852176,115144.26392147566,1000000.0,988.5330170027679,1000000.0,114155.73090447289,115479937.38296477
2012,2014-07-31,1027.75,0.011819511840066355,115504.99591750973,1000000.0,972.9992702505473,1000000.0,114531.99664725919,117710259.55422063
2012,2014-08-31,1013.85,0.05009516147726911,120269.49551361769,1000000.0,986.3392020515855,1000000.0,119283.1563115661,120935228.02648129
2012,2014-09-30,1054.55,-0.007566720599220811,118380.57399556329,1000000.0,948.2717746906263,1000000.0,117432.30222087266,123838234.30702126
2012,2014-10-31,1073.07,0.02641975810783137,120534.83523959387,1000000.0,931.9056538716021,1000000.0,119602.92958572228,128342315.65055099
2012,2014-11-30,1112.06,0.04546336463279621,125040.48118462862,1000000.0,899.232055824326,1000000.0,124141.2491288043,138052517.5061781
2012,2014-12-31,1090.89,-0.02240619739393579,121359.71579609455,1000000.0,916.6827086140673,1000000.0,120443.03308748048,131390100.36480159
2012,2015-01-31,1104.3,-0.020823075569830207,117935.03870764031,1000000.0,905.5510278004166,1000000.0,117029.48767983989,129235663.2448472
2012,2015-02-28,1100.65,0.07220579759292378,125479.69517965398,1000000.0,908.554036251306,1000000.0,124571.14114340267,137109226.49948615
2012,2015-03-31,1107.71,-0.023589839225033993,121632.52795175079,1000000.0,902.7633586407994,1000000.0,120729.76459310998,133733567.53743386
2012,2015-04-30,1076.74,0.019223415749406003,123050.60305121125,1000000.0,928.7293125545629,1000000.0,122121.87373865668,131493506.3293612
2012,2015-05-31,1111.99,0.022484579614780786,124867.73273143971,1000000.0,899.2886626678297,1000000.0,123968.44406877189,137851670.12003365
2012,2015-06-30,1117.34,-0.024841085227832793,120888.9333840977,1000000.0,894.9827268333722,1000000.0,119993.95065726433,134074040.82738772
2012,2015-07-31,1159.7,0.04557796918372792,125463.03124255489,1000000.0,862.2919720617401,1000000.0000000001,124600.73927049316,144499477.33199093
2012,2015-08-31,1182.54,-0.06824491840769542,116097.37198543982,1000000.0,845.6373568758773,1000000.0,115251.73462856395,136289786.26766202
2012,2015-09-30,1184.62,-0.02207304558223644,112707.77783667584,1000000.0,844.1525552497848,999999.9999999999,111863.62528142605,132515887.78088291
2012,2015-10-31,1140.5,0.11369911197452542,124582.42013817526,1000000.0,876.8084173608066,1000000.0,123705.61172081446,141086250.1675889
2012,2015-11-30,1149.39,0.006088491510278571,124458.79228755046,1000000.0,870.0267098199914,1000000.0,123588.76557773046,142051691.26738763
2012,2015-12-31,1169.26,-0.0159477312529529,121617.80515841262,1000000.0,855.2417768503155,1000000.0,120762.5633815623,141202834.85952553
2012,2016-01-31,1210.04,-0.06910428790554779,112417.35243343086,1000000.0,826.4189613566494,1000000.0000000001,111590.9334720742,135029493.13854867
2012,2016-02-29,1238.09,-0.015653625689740713,109844.1307691336,1000000.0,807.6957248665283,999999.9999999999,109036.43504426707,134996919.8639566
2012,2016-03-31,1138.86,0.06852588772158152,116508.25354967204,1000000.0,878.07105350965,1000000.0,115630.1824961624,131686589.63757949
2012,2016-04-30,1144.09,-0.031867729284654644,111945.31114323948,1000000.0,874.0571108916257,1000000.0,111071.25403234786,127075511.02586885
2012,2016-05-31,1188.99,0.04370023287725622,115925.09369953035,1000000.0,841.0499667785263,999999.9999999999,115084.04373275182,136833777.15780458
2012,2016-06-30,1154.15,-0.022780575238908973,112462.36301569997,1000000.0,866.4385045271412,1000000.0,111595.92451117282,128798436.27457012
2012,2016-07-31,1112.89,0.07150851512509648,119575.98336697916,1000000.0,898.5614031934872,1000000.0,118677.42196378567,132074916.12927745
2012,2016-08-31,1115.98,0.010500683326333693,119923.61598981307,1000000.0,896.0734063334468,999999.9999999999,119027.54258347962,132832356.97231159
2012,2016-09-30,1097.98,0.02213565081499902,121662.29470347495,1000000.0,910.7634018834588,1000000.0000000001,120751.53130159149,132582766.33852142
2012,2016-10-31,1145.37,-0.014572230415798249,118991.91216440422,1000000.0,873.0803146581455,1000000.0000000001,118118.83184974607,135289766.43574366
2012,2016-11-30,1175.87,0.004359249204164417,118633.7412734839,1000000.0,850.4341466318557,1000000.0000000001,117783.30712685204,138497857.3512515
2012,2016-12-31,1203.73,0.011322182985678664,119116.87128280065,1000000.0,830.7510820532843,1000000.0,118286.12020074736,142384551.4692456
2012,2017-01-31,1151.45,0.05140118700166263,124366.16718488712,1000000.0,868.4701897607364,1000000.0,123497.69699512639,142201423.20503828
2012,2017-02-28,1129.17,0.043750620542497565,128900.7978742325,1000000.0,885.6062417527918,1000000.0,128015.19163247972,144550913.93564713
2012,2017-03-31,1117.48,0.020268821683051108,130609.90872440007,1000000.0,894.8706017109926,1000000.0,129715.03812268907,144953960.80134258
2012,2017-04-30,1136.99,0.027269993352774025,133252.36635004965,1000000.0,879.515211215578,1000000.0,132372.85113883406,150506608.01634294
2012,2017-05-31,1119.58,0.038973608705773044,137531.89884238652,1000000.0,893.192089890852,1000000.0,136638.70675249567,152977963.30595908
2012,2017-06-30,1143.75,-0.023179745893250336,133471.45625079048,1000000.0,874.3169398907104,1000000.0,132597.13931089977,151657978.0868416
2012,2017-07-31,1121.86,0.04061292625863233,137982.29715183895,1000000.0,891.3768206371562,1000000.0,137090.9203312018,153796819.88276204
2012,2017-08-31,1122.36,0.020736292461243533,139933.67774897066,1000000.0,890.9797213015432,1000000.0,139042.6980276691,156055962.55833468
2012,2017-09-30,1142.57,-0.002952108118053798,138632.22895006553,1000000.0,875.2198989996238,1000000.0,137757.00905106592,157397025.8314764
2012,2017-10-31,1115.68,0.04606348448141451,144102.57689969576,1000000.0,896.3143553707156,1000000.0,143206.26254432506,159772362.99545258
2012,2017-11-30,1084.79,0.01971721222818079,146029.8908153161,1000000.0,921.8374063182736,1000000.0,145108.0534089978,157411765.25754672
2012,2017-12-31,1067.42,0.006031343374468978,145983.24990550824,1000000.0,936.8383579097261,1000000.0,145046.41154759852,154825440.61413762
2012,2018-01-31,1068.33,0.08757074802811915,157748.23430561615,1000000.0,936.0403620604121,1000000.0,156812.19394355573,167527171.1557189
2012,2018-02-28,1082.12,-0.0129280388830596,154784.91980291557,1000000.0,924.1119284367724,1000000.0,153860.8078744788,166495857.41713098
2012,2018-03-31,1060.99,-0.040788440224731604,147585.0655095617,1000000.0,942.515952082489,1000000.0,146642.54955747921,155586278.65498987
2012,2018-04-30,1069.07,0.005058364976793683,147384.3210942685,1000000.0,935.3924438998382,1000000.0,146448.92865036865,156564156.1522496
2012,2018-05-31,1080.75,0.05672904954235358,154756.83717920003,1000000.0,925.2833680314596,1000000.0,153831.55381116856,166253451.7814204
2012,2018-06-30,1111.79,0.011450741338811188,155593.03914360766,1000000.0,899.4504357837361,999999.9999999999,154693.58870782392,171986784.98947155
2012,2018-07-31,1112.75,0.027964064149194057,159019.45014591856,1000000.0,898.6744551786115,1000000.0,158120.77569073995,175948893.14987087
2012,2018-08-31,1116.5,0.057806579872749175,167261.19694024776,1000000.0,895.6560680698611,1000000.0,166365.5408721779,185747126.38378662
2012,2018-09-30,1109.76,-0.0028164133907506717,165896.986735106,1000000.0,901.0957324106113,1000000.0,164995.8910026954,183105839.99915123
2012,2018-10-31,1140.78,-0.08595693634617652,150813.34970239602,1000000.0,876.5932081558233,1000000.0,149936.7564942402,171044853.07349932
2012,2018-11-30,1118.61,-0.0026501792629536336,149539.39721142463,1000000.0,893.966619286436,1000000.0,148645.4305921382,166276265.1146717
2012,2018-12-31,1112.85,-0.08660709706442382,135771.6813566618,1000000.0,898.593700858157,1000000.0,134873.08765580365,150093515.5977611
2012,2019-01-31,1111.82,0.09010771133333662,147026.1929049286,1000000.0,899.4261661060244,1000000.0,146126.7667388226,162466661.79555774
2012,2019-02-28,1124.65,0.0299117239158746,150497.67024223367,1000000.0,889.1655181612057,1000000.0,149608.50472407247,168257204.83792812
2012,2019-03-31,1136.3,0.039246216920256094,155480.07255358857,1000000.0,880.0492827598346,1000000.0,154600.02327082874,175672006.4426427
2012,2019-04-30,1165.1,0.0549923533063692,163101.84237171104,1000000.0,858.2954252853833,1000000.0,162243.54694642566,189029956.54728052
2012,2019-05-31,1190.5,-0.08225166556146835,148898.74498348185,1000000.0,839.9832003359933,1000000.0,148058.76178314586,176263955.90283516
2012,2019-06-30,1154.58,0.07590047977717695,159296.49283770137,1000000.0,866.1158170070503,1000000.0,158430.37702069432,182920544.70055324
2012,2019-07-31,1182.74,0.02334784538371637,162129.3849674574,1000000.0,845.4943605526151,1000000.0,161283.89060690478,190756908.77641055
2012,2019-08-31,1211.32,-0.018995073133384555,158220.29130958984,1000000.0,825.5456856982465,999999.9999999999,157394.7456238916,190655403.26913235
2012,2019-09-30,1195.85,0.009178844575114198,158839.44753091293,1000000.0,836.225279090187,1000000.0,158003.22225182274,188948153.3298422
2012,2019-10-31,1169.1,0.043800633363735963,164923.8634599637,1000000.0,855.3588230262595,999999.9999999999,164068.50463693743,191812488.77104354
2012,2019-11-30,1181.33,0.04069405202585252,170745.11690043678,1000000.0,846.503517222114,999999.9999999999,169898.61338321466,200706328.94799295
2012,2019-12-31,1155.46,0.0388634801258656,176501.46476784535,1000000.0,865.4561819535077,1000000.0,175636.00858589183,202940382.4806546
2012,2020-01-31,1191.3,0.030384518580899744,180972.62415224494,1000000.0,839.4191219675985,1000000.0,180133.20503027734,214592687.15256938
2012,2020-02-29,1214.92,-0.06057404936378252,169221.80737671696,1000000.0,823.0994633391499,1000000.0000000001,168398.70791337782,204590958.218121
2012,2020-03-31,1218.92,-0.07285865970245498,156129.40375918392,1000000.0,820.3983854559774,1000000.0,155309.00537372794,189309252.83014446
2012,2020-04-30,1203.95,0.14973743405945528,178564.5773247161,1000000.0,830.5992773786287,1000000.0000000001,177733.97804733747,213982822.87009194
2012,2020-05-31,1236.61,0.06600869146903388,189465.9653678282,1000000.0,808.6623915381568,1000000.0,188657.30297629006,233295507.43351004
2012,2020-06-30,1200.5,0.06286679498602865,200517.5829651176,1000000.0,832.9862557267805,1000000.0,199684.5967093908,239721358.34962368
2012,2020-07-31,1192.68,0.07346560137498459,214354.54569196748,1000000.0,838.4478653117349,1000000.0,213516.09782665575,254656379.5558958
2012,2020-08-31,1187.48,0.10944707592261049,236884.81039618928,1000000.0,842.1194462222521,1000000.0,236042.69094996701,280295974.64926684
2012,2020-09-30,1165.97,-0.0577860842155562,222402.70813226572,1000000.0,857.6549996998207,999999.9999999999,221545.0531325659,258314885.60097787
2012,2020-10-31,1133.99,-0.030449501902191756,214799.11661578465,1000000.0,881.8419915519537,1000000.0,213917.2746242327,242580050.25113365
2012,2020-11-30,1105.79,0.11225809809634257,237931.22102350206,1000000.0,904.33084039465,999999.9999999999,237026.8901831074,262101964.89557832
2012,2020-12-31,1086.11,0.04902438582238644,248646.9878977245,1000000.0,920.7170544419995,1000000.0,247726.2708432825,269057980.0255975
2012,2021-01-31,1118.35,0.0026133529667198285,248373.66702812523,1000000.0,894.1744534358654,1000000.0,247479.49257468936,276768690.5209038
2012,2021-02-28,1123.36,-0.0013351872032868473,247149.0611231277,1000000.0,890.1865831078195,1000000.0,246258.87454001987,276637369.3032767
2012,2021-03-31,1126.72,0.017167812200945987,250486.60065093925,1000000.0,887.5319511502414,1000000.0,249599.068699789,281228262.6854263
2012,2021-04-30,1115.58,0.05909829166572944,264349.94726130355,1000000.0,896.3947005145307,1000000.0,263453.55256078904,293903514.16576505
2012,2021-05-31,1114.48,-0.012012147953164853,260288.90950864195,1000000.0,897.2794487115067,1000000.0,259391.63005993044,289086783.8691913
2012,2021-06-30,1130.42,0.06262108156281276,275635.0144826243,1000000.0,884.6269528139983,1000000.0,274750.3875298103,310583333.0714482
2012,2021-07-31,1151.86,0.02860957881685433,282610.8803968057,1000000.0,868.1610612400814,1000000.0,281742.71933556563,324528168.6938646
2012,2021-08-31,1158.32,0.042186654982149685,293628.5022299078,1000000.0,863.319290006216,1000000.0,292765.18293990154,339115766.7029467
2012,2021-09-30,1183.7,-0.05683158085438722,276126.87477430305,1000000.0,844.8086508405846,1000000.0,275282.06612346246,325851381.6703425
2012,2021-10-31,1174.94,0.07864002657048186,296930.2551177887,1000000.0,851.1072905850511,1000000.0,296079.1478272036,347875233.9480946
2012,2021-11-30,1187.45,0.01996836229524268,301991.36351908394,1000000.0,842.1407217145985,1000000.0,301149.22279736935,357599644.61073625
2012,2021-12-31,1188.59,0.01152343737537631,304619.49700691807,1000000.0,841.3330080179036,1000000.0,303778.16399890016,361067687.9474527
2013,2013-01-31,1087.46,0.02671573913616987,96564.81501224276,1000000.0,919.5740532985121,1000000.0,95645.24095894425,104010373.73321353
2013,2013-02-28,1083.9,0.0034393523892610744,95974.19864695786,1000000.0,922.5943352707814,1000000.0,95051.60431168707,103026433.91343762
2013,2013-03-31,1112.48,0.030247697363841253,97926.69647285457,1000000.0,898.8925643607076,1000000.0,97027.80390849386,107941491.29212126
2013,2013-04-30,1101.52,0.025373439081501248,99489.73298017788,1000000.0,907.8364441862154,1000000.0,98581.89653599166,108589930.67232554
2013,2013-05-31,1129.34,0.03577484501980277,102108.64860632499,1000000.0,885.4729310924965,1000000.0,101223.17567523249,114315381.21706705
2013,2013-06-30,1141.45,-0.023952569656809364,98798.62050898802,1000000.0,876.0786718647335,1000000.0,97922.5418371233,111773685.3799844
2013,2013-07-31,1122.66,0.0631401145854813,104105.38234922085,1000000.0,890.7416314823722,1000000.0000000001,103214.64071773847,115874948.54817627
2013,2013-08-31,1109.42,-0.003959227881134453,102805.99043446752,1000000.0,901.3718880135566,1000000.0,101904.61854645396,113055021.90780696
2013,2013-09-30,1073.33,0.04832187103554619,106828.84038178224,1000000.0,931.6799120494163,1000000.0,105897.16046973283,113662599.24697833
2013,2013-10-31,1060.83,0.04956911783237117,111146.38929517053,1000000.0,942.6581073310522,1000000.0,110203.73118783948,116907424.15599576
2013,2013-11-30,1057.76,0.0355112218330198,114117.20033287733,1000000.0,945.3940402359704,1000000.0,113171.80629264135,119708609.82410432
2013,2013-12-31,1055.25,0.029271030088360073,116484.46163978732,1000000.0,947.6427386875148,1000000.0,115536.8189010998,121920228.14538556
2013,2014-01-31,1080.36,-0.019213090544717426,113316.99953830436,1000000.0,925.6173867969936,1000000.0,112391.38215150737,121423153.62120248
2013,2014-02-28,1066.01,0.05152433207226115,118182.27304754204,1000000.0,938.0775039633775,1000000.0,117244.19554357867,124983484.89141029
2013,2014-03-31,1064.65,-0.02733583296963582,114039.22779754008,1000000.0,939.2758183440567,1000000.0,113099.95197919602,120411863.87465106
2013,2014-04-30,1032.85,-0.003194056136867407,112738.70438349746,1000000.0,968.1948007939199,1000000.0,111770.50958270354,115442170.82249534
2013,2014-05-31,1020.3,0.04485681169947253,116784.17828460896,1000000.0,980.1038910124473,1000000.0,115804.07439359651,118154897.10378651
2013,2014-06-30,1011.6,0.03123793062852176,119421.55403600386,1000000.0,988.5330170027679,1000000.0,118433.02101900108,119806844.0628215
2013,2014-07-31,1027.75,0.011819511840066355,119832.84151319,1000000.0,972.9992702505473,1000000.0,118859.84224293946,122158202.86518103
2013,2014-08-31,1013.85,0.05009516147726911,124814.14523326224,1000000.0,986.3392020515855,1000000.0,123827.80603121065,125542821.14474292
2013,2014-09-30,1054.55,-0.007566720599220811,122890.83562055798,1000000.0,948.2717746906263,1000000.0,121942.56384586735,128594530.7036594
2013,2014-10-31,1073.07,0.02641975810783137,125164.25688572395,1000000.0,931.9056538716021,1000000.0,124232.35123185236,133310009.1363638
2013,2014-11-30,1112.06,0.04546336463279621,129880.37191509567,1000000.0,899.232055824326,1000000.0,128981.13985927135,143434766.39190128
2013,2014-12-31,1090.89,-0.02240619739393579,126091.16297948967,1000000.0,916.6827086140673,1000000.0,125174.4802708756,136551588.7826955
2013,2015-01-31,1104.3,-0.020823075569830207,122567.96260878094,1000000.0,905.5510278004166,1000000.0,121662.41158098052,134351801.1088768
2013,2015-02-28,1100.65,0.07220579759292378,130447.1430462638,1000000.0,908.554036251306,1000000.0,129538.58901001248,142576647.99387026
2013,2015-03-31,1107.71,-0.023589839225033993,126482.79452182853,1000000.0,902.7633586407994,1000000.0,125580.03116318773,139106256.3197747
2013,2015-04-30,1076.74,0.019223415749406003,127994.10831206104,1000000.0,928.7293125545629,1000000.0,127065.37899950647,136816376.1839286
2013,2015-05-31,1111.99,0.022484579614780786,129922.39062990317,1000000.0,899.2886626678297,1000000.0,129023.10196723534,143472399.15654603
2013,2015-06-30,1117.34,-0.024841085227832793,125818.02809490789,1000000.0,894.9827268333722,1000000.0,124923.04536807451,139581515.51156437
2013,2015-07-31,1159.7,0.04557796918372792,130616.78408019806,1000000.0,862.2919720617401,1000000.0000000001,129754.49210813633,150476284.4978057
2013,2015-08-31,1182.54,-0.06824491840769542,120899.4073811846,1000000.0,845.6373568758773,1000000.0,120053.77002430873,141968385.20454603
2013,2015-09-30,1184.62,-0.02207304558223644,117403.81768624284,1000000.0,844.1525552497848,999999.9999999999,116559.66513099305,138078910.50747696
2013,2015-10-31,1140.5,0.11369911197452542,129812.39554843502,1000000.0,876.8084173608066,1000000.0,128935.58713107421,147051037.12299013
2013,2015-11-30,1149.39,0.006088491510278571,129720.61035869454,1000000.0,870.0267098199914,1000000.0,128850.58364887454,148099572.34017992
2013,2015-12-31,1169.26,-0.0159477312529529,126795.70916905616,1000000.0,855.2417768503155,1000000.0,125940.46739220584,147257150.9030106
2013,2016-01-31,1210.04,-0.06910428790554779,117237.4410745756,1000000.0,826.4189613566494,1000000.0000000001,116411.02211321895,140861993.19787946
2013,2016-02-29,1238.09,-0.015653625689740713,114588.76754689848,1000000.0,807.6957248665283,999999.9999999999,113781.07182203195,140871207.21213955
2013,2016-03-31,1138.86,0.06852588772158152,121578.02077454972,1000000.0,878.07105350965,1000000.0,120699.94972104007,137460344.73930368
2013,2016-04-30,1144.09,-0.031867729284654644,116853.51639865854,1000000.0,874.0571108916257,1000000.0,115979.45928776692,132690939.57654124
2013,2016-05-31,1188.99,0.04370023287725622,121047.7886676206,1000000.0,841.0499667785263,999999.9999999999,120206.73870084206,142924610.2479142
2013,2016-06-30,1154.15,-0.022780575238908973,117468.36004564365,1000000.0,866.4385045271412,1000000.0,116601.9215411165,134576107.74667963
2013,2016-07-31,1112.89,0.07150851512509648,124939.95181125475,1000000.0,898.5614031934872,1000000.0,124041.39040806127,138044422.97122732
2013,2016-08-31,1115.98,0.010500683326333693,125343.90976809445,1000000.0,896.0734063334468,999999.9999999999,124447.836361761,138881296.42299804
2013,2016-09-30,1097.98,0.02213565081499902,127202.57021214708,1000000.0,910.7634018834588,1000000.0000000001,126291.80681026362,138665878.04153326
2013,2016-10-31,1145.37,-0.014572230415798249,124451.45350179698,1000000.0,873.0803146581455,1000000.0000000001,123578.37318713883,141542961.29735318
2013,2016-11-30,1175.87,0.004359249204164417,124117.0821121068,1000000.0,850.4341466318557,1000000.0000000001,123266.64796547494,144945553.343163
2013,2016-12-31,1203.73,0.011322182985678664,124662.29550977128,1000000.0,830.7510820532843,1000000.0,123831.544427718,149059744.973977
2013,2017-01-31,1151.45,0.05140118700166263,130196.63279955184,1000000.0,868.4701897607364,1000000.0,129328.1626097911,148914912.83704397
2013,2017-02-28,1129.17,0.043750620542497565,134986.3499775905,1000000.0,885.6062417527918,1000000.0,134100.7437358377,151422536.80419585
2013,2017-03-31,1117.48,0.020268821683051108,136818.80779818393,1000000.0,894.8706017109926,1000000.0,135923.93719647295,151892281.3383146
2013,2017-04-30,1136.99,0.027269993352774025,139630.58206030366,1000000.0,879.515211215578,1000000.0,138751.06684908806,157758575.49674463
2013,2017-05-31,1119.58,0.038973608705773044,144158.69663597297,1000000.0,893.192089890852,1000000.0,143265.5045460821,160397193.57970262
2013,2017-06-30,1143.75,-0.023179745893250336,139944.64655543564,1000000.0,874.3169398907104,1000000.0,139070.32961554494,159061689.49777952
2013,2017-07-31,1121.86,0.04061292625863233,144718.38265698476,1000000.0,891.3768206371562,1000000.0,143827.0058363476,161353764.76756492
2013,2017-08-31,1122.36,0.020736292461243533,146809.4446931951,1000000.0,890.9797213015432,1000000.0,145918.46497189355,163773048.34585443
2013,2017-09-30,1142.57,-0.002952108118053798,145487.6978868761,1000000.0,875.2198989996238,1000000.0,144612.47798787648,165229878.97460803
2013,2017-10-31,1115.68,0.04606348448141451,151273.83262348993,1000000.0,896.3143553707156,1000000.0,150377.51826811922,167773189.58137527
2013,2017-11-30,1084.79,0.01971721222818079,153342.54371015888,1000000.0,921.8374063182736,1000000.0,152420.7063038406,165344457.99134323
2013,2017-12-31,1067.42,0.006031343374468978,153340.00792093814,1000000.0,936.8383579097261,1000000.0,152403.1695630284,162678191.2549678
2013,2018-01-31,1068.33,0.08757074802811915,165749.2291235191,1000000.0,936.0403620604121,1000000.0,164813.18876145867,176074873.94952914
2013,2018-02-28,1082.12,-0.0129280388830596,162682.47744870948,1000000.0,924.1119284367724,1000000.0,161758.36552027272,175041962.4967975
2013,2018-03-31,1060.99,-0.040788440224731604,155160.4940973988,1000000.0,942.515952082489,1000000.0,154217.9781453163,163623732.63239914
2013,2018-04-30,1069.07,0.005058364976793683,154998.0689647585,1000000.0,935.3924438998382,1000000.0,154062.67652085866,164703785.58815435
2013,2018-05-31,1080.75,0.05672904954235358,162802.50572983804,1000000.0,925.2833680314596,1000000.0,161877.22236180658,174948808.06752247
2013,2018-06-30,1111.79,0.011450741338811188,163730.83656371685,1000000.0,899.4504357837361,999999.9999999999,162831.3861279331,181034306.78317475
2013,2018-07-31,1112.75,0.027964064149194057,167384.81345511682,1000000.0,898.6744551786115,1000000.0,166486.1389999382,185257451.17218125
2013,2018-08-31,1116.5,0.057806579872749175,176110.13329174375,1000000.0,895.6560680698611,1000000.0,175214.4772236739,195626963.8202319
2013,2018-09-30,1109.76,-0.0028164133907506717,174721.00082376777,1000000.0,901.0957324106113,1000000.0,173819.90509135716,192898377.87418452
2013,2018-10-31,1140.78,-0.08595693634617652,158878.87857372093,1000000.0,876.5932081558233,1000000.0,158002.2853655651,180245847.09932935
2013,2018-11-30,1118.61,-0.0026501792629536336,157583.55098539,1000000.0,893.966619286436,1000000.0,156689.58436610358,175274535.96776712
2013,2018-12-31,1112.85,-0.08660709706442382,143119.15432392422,1000000.0,898.593700858157,1000000.0,142220.56062306606,158270150.88937905
2013,2019-01-31,1111.82,0.09010771133333662,155035.7298453546,1000000.0,899.4261661060244,1000000.0,154136.30367924858,171371825.15666214
2013,2019-02-28,1124.65,0.0299117239158746,158746.78624031568,1000000.0,889.1655181612057,1000000.0,157857.62072215448,177534573.14517105
2013,2019-03-31,1136.3,0.039246216920256094,164052.93514753165,1000000.0,880.0492827598346,1000000.0,163172.88586477182,185413350.2081402
2013,2019-04-30,1165.1,0.0549923533063692,172146.1468542672,1000000.0,858.2954252853833,1000000.0,171287.8514289818,199567475.6999067
2013,2019-05-31,1190.5,-0.08225166556146835,157199.14035850271,1000000.0,839.9832003359933,1000000.0,156359.15715816672,186145576.5967975
2013,2019-06-30,1154.58,0.07590047977717695,168226.89220402658,1000000.0,866.1158170070503,1000000.0,167360.77638701952,193231405.200925
2013,2019-07-31,1182.74,0.02334784538371637,171268.28991740238,1000000.0,845.4943605526151,1000000.0,170422.79555684977,201565857.2169085
2013,2019-08-31,1211.32,-0.018995073133384555,167185.60209165156,1000000.0,825.5456856982465,999999.9999999999,166360.0564059533,201515263.52565935
2013,2019-09-30,1195.85,0.009178844575114198,167887.0495072108,1000000.0,836.225279090187,1000000.0,167050.8242281206,199767728.153198
2013,2019-10-31,1169.1,0.043800633363735963,174367.7561332464,1000000.0,855.3588230262595,999999.9999999999,173512.39731022014,202853343.69537836
2013,2019-11-30,1181.33,0.04069405202585252,180573.31983349263,1000000.0,846.503517222114,999999.9999999999,179726.8163162705,212316679.91889983
2013,2019-12-31,1155.46,0.0388634801258656,186711.62587026297,1000000.0,865.4561819535077,1000000.0,185846.16968830946,214737815.22805405
2013,2020-01-31,1191.3,0.030384518580899744,191493.01608439293,1000000.0,839.4191219675985,1000000.0,190653.59696242533,227125630.0613373
2013,2020-02-29,1214.92,-0.06057404936378252,179104.9365686407,1000000.0,823.0994633391499,1000000.0000000001,178281.83710530156,216598169.53597298
2013,2020-03-31,1218.92,-0.07285865970245498,165292.46140451788,1000000.0,820.3983854559774,1000000.0,164472.0630190619,200478287.05519494
2013,2020-04-30,1203.95,0.14973743405945528,189099.68771000125,1000000.0,830.5992773786287,1000000.0000000001,188269.0884326226,226666569.018456
2013,2020-05-31,1236.61,0.06600869146903388,200696.48460412785,1000000.0,808.6623915381568,1000000.0,199887.8222125897,247183279.82631052
2013,2020-06-30,1200.5,0.06286679498602865,212454.12895183233,1000000.0,832.9862557267805,1000000.0,211621.14269610555,254051181.80667472
2013,2020-07-31,1192.68,0.07346560137498459,227168.01720793638,1000000.0,838.4478653117349,1000000.0,226329.56934262466,269938750.7635616
2013,2020-08-31,1187.48,0.10944707592261049,251100.67890199865,1000000.0,842.1194462222521,1000000.0,250258.55945577638,297177034.18254536
2013,2020-09-30,1165.97,-0.0577860842155562,235797.0972634011,1000000.0,857.6549996998207,999999.9999999999,234939.4422637013,273932341.4962078
2013,2020-10-31,1133.99,-0.030449501902191756,227785.65326959285,1000000.0,881.8419915519537,1000000.0,226903.8112780409,257306652.9511856
2013,2020-11-30,1105.79,0.11225809809634257,252375.6015829252,1000000.0,904.33084039465,999999.9999999999,251471.27074253056,278074416.4743829
2013,2020-12-31,1086.11,0.04902438582238644,263799.4953426582,1000000.0,920.7170544419995,1000000.0,262878.7782882162,285515269.8866145
2013,2021-01-31,1118.35,0.0026133529667198285,263565.7733233434,1000000.0,894.1744534358654,1000000.0,262671.59886990755,293758782.59616107
2013,2021-02-28,1123.36,-0.0013351872032868473,262320.8831124296,1000000.0,890.1865831078195,1000000.0,261430.69652932175,293680787.25317883
2013,2021-03-31,1126.72,0.017167812200945987,265918.88963089965,1000000.0,887.5319511502414,1000000.0,265031.35767974943,298616131.3249273
2013,2021-04-30,1115.58,0.05909829166572944,280694.25815647154,1000000.0,896.3947005145307,1000000.0,279797.86345595703,312136900.5141965
2013,2021-05-31,1114.48,-0.012012147953164853,276436.89012314467,1000000.0,897.2794487115067,1000000.0,275539.6106744332,307083385.3044423
2013,2021-06-30,1130.42,0.06262108156281276,292794.19910826255,1000000.0,884.6269528139983,1000000.0,291909.57215544855,329980418.55596215
2013,2021-07-31,1151.86,0.02860957881685433,300260.9820674241,1000000.0,868.1610612400814,1000000.0,299392.82100618404,344858614.8041831
2013,2021-08-31,1158.32,0.042186654982149685,312023.2026501044,1000000.0,863.319290006216,1000000.0,311159.8833600982,360422716.0936689
2013,2021-09-30,1183.7,-0.05683158085438722,293476.17529027705,1000000.0,844.8086508405846,1000000.0,292631.36663943646,346387748.69110096
2013,2021-10-31,1174.94,0.07864002657048186,315643.90508731815,1000000.0,851.1072905850511,1000000.0,314792.7977967331,369862649.8432936
2013,2021-11-30,1187.45,0.01996836229524268,321078.69443107134,1000000.0,842.1407217145985,1000000.0,320236.55370935675,380264895.7021757
2013,2021-12-31,1188.59,0.01152343737537631,323926.77958133287,1000000.0,841.3330080179036,1000000.0,323085.44657331496,384016130.9425764
2013,2022-01-31,1206.78,-0.08747018465995338,294825.1029006036,1000000.0,828.6514526259965,1000000.0,293996.4514479776,354789037.67839044
2013,2022-02-28,1202.28,-0.0447596901488847,280837.26137629454,1000000.0,831.7530026283395,1000000.0,280005.5083736662,336645022.6074914
2013,2022-03-31,1211.55,0.046678793401630614,293075.82765035913,1000000.0,825.388964549544,1000000.0,292250.4386858096,354076018.98979264
2013,2022-04-30,1255.87,-0.1359573718408258,252516.83712275853,1000000.0,796.2607594735125,1000000.0000000001,251720.576363285,316128320.23735875
2013,2022-05-31,1236.93,-0.015866109583439814,247726.7501142985,1000000.0,808.4531865182346,1000000.0,246918.2969277803,305420649.0188793
2013,2022-06-30,1298.95,-0.089078521117957,224923.18020048903,1000000.0,769.852573232226,999999.9999999999,224153.3276272568,291163964.9214252
2013,2022-07-31,1299.08,0.12551703146728932,252288.3879045448,1000000.0,769.7755334544447,1000000.0,251518.61237109036,326742798.95903605
2013,2022-08-31,1338.66,-0.05132192984786588,238610.19179154868,1000000.0,747.0156723888067,1000000.0,237863.17611915988,318417919.3436746
2013,2022-09-30,1431.67,-0.10535501883655274,212803.09671860354,1000000.0,698.4849860652245,1000000.0,212104.61173253832,303663809.4791232
2013,2022-10-31,1424.6,0.03999829940593669,220588.43549799634,1000000.0,701.9514249613927,1000000.0,219886.48407303495,313250285.2104456
2013,2022-11-30,1316.84,0.05544156399564781,232077.33465154812,1000000.0,759.3937000698643,1000000.0,231317.94095147826,304608717.3625446
2013,2022-12-31,1260.18,-0.09013677520627372,210467.68770675675,1000000.0,793.5374311606278,1000000.0,209674.15027559613,264227170.69430074
2014,2014-01-31,1080.36,-0.019213090544717426,92943.55929450676,1000000.0,925.6173867969936,1000000.0,92017.94190770977,99412503.71941333
2014,2014-02-28,1066.01,0.05152433207226115,96759.10490316864,1000000.0,938.0775039633775,1000000.0,95821.02739920527,102146173.4178268
2014,2014-03-31,1064.65,-0.02733583296963582,93201.6797992417,1000000.0,939.2758183440567,1000000.0,92262.40398089764,98227168.39826268
2014,2014-04-30,1032.85,-0.003194056136867407,91967.71268326031,1000000.0,968.1948007939199,1000000.0,90999.51788246639,93988852.0449054
2014,2014-05-31,1020.3,0.04485681169947253,95081.46612086297,1000000.0,980.1038910124473,1000000.0,94101.36222985052,96011619.88311648
2014,2014-06-30,1011.6,0.03123793062852176,97040.89405523599,1000000.0,988.5330170027679,1000000.0,96052.36103823321,97166568.42627671
2014,2014-07-31,1027.75,0.011819511840066355,97187.65305679094,1000000.0,972.9992702505473,1000000.0,96214.6537865404,98884610.42911689
2014,2014-08-31,1013.85,0.05009516147726911,101034.54240445668,1000000.0,986.3392020515855,1000000.0,100048.20320240509,101433870.8167584
2014,2014-09-30,1054.55,-0.007566720599220811,99291.16640231841,1000000.0,948.2717746906263,1000000.0,98342.89462762779,103707499.52956487
2014,2014-10-31,1073.07,0.02641975810783137,100941.09011531367,1000000.0,931.9056538716021,1000000.0,100009.18446144207,107316855.57003963
2014,2014-11-30,1112.06,0.04546336463279621,104555.93848124119,1000000.0,899.232055824326,1000000.0,103656.70642541687,115272476.94744907
2014,2014-12-31,1090.89,-0.02240619739393579,101334.15380004373,1000000.0,916.6827086140673,1000000.0,100417.47109142966,109544415.03892972
2014,2015-01-31,1104.3,-0.020823075569830207,98326.47050236158,1000000.0,905.5510278004166,1000000.0,97420.91947456116,107581921.37575789
2014,2015-02-28,1100.65,0.07220579759292378,104455.27466745785,1000000.0,908.554036251306,1000000.0,103546.72063120654,113968698.06273748
2014,2015-03-31,1107.71,-0.023589839225033993,101104.07013923686,1000000.0,902.7633586407994,1000000.0,100201.30678059606,110993989.53393407
2014,2015-04-30,1076.74,0.019223415749406003,102127.51815947323,1000000.0,928.7293125545629,1000000.0,101198.78884691866,108964783.9030312
2014,2015-05-31,1111.99,0.022484579614780786,103474.2010716666,1000000.0,899.2886626678297,1000000.0,102574.91240899877,114062276.84968255
2014,2015-06-30,1117.34,-0.024841085227832793,100026.84026760935,1000000.0,894.9827268333722,1000000.0,99131.85754077598,110763989.70461062
2014,2015-07-31,1159.7,0.04557796918372792,103650.08628889517,1000000.0,862.2919720617401,1000000.0000000001,102787.79431683343,119203005.06923173
2014,2015-08-31,1182.54,-0.06824491840769542,95773.04968037416,1000000.0,845.6373568758773,1000000.0,94927.41232349828,112255462.16902965
2014,2015-09-30,1184.62,-0.02207304558223644,92832.07522427796,1000000.0,844.1525552497848,999999.9999999999,91987.92266902816,108970732.95218414
2014,2015-10-31,1140.5,0.11369911197452542,102446.86778887798,1000000.0,876.8084173608066,1000000.0,101570.05937151717,115840652.71321534
2014,2015-11-30,1149.39,0.006088491510278571,102188.46781569914,1000000.0,870.0267098199914,1000000.0,101318.44110587914,116454403.02268644
2014,2015-12-31,1169.26,-0.0159477312529529,99702.64183615445,1000000.0,855.2417768503155,1000000.0,98847.40005930413,115578310.99334194
2014,2016-01-31,1210.04,-0.06910428790554779,92016.62086689111,1000000.0,826.4189613566494,1000000.0000000001,91190.20190553446,110343791.91377291
2014,2016-02-29,1238.09,-0.015653625689740713,89762.74461833334,1000000.0,807.6957248665283,999999.9999999999,88955.04889346681,110134356.48451231
2014,2016-03-31,1138.86,0.06852588772158152,95050.77258620832,1000000.0,878.07105350965,1000000.0,94172.70153269867,107249522.8675292
2014,2016-04-30,1144.09,-0.031867729284654644,91171.63137425005,1000000.0,874.0571108916257,1000000.0,90297.57426335843,103308551.73896573
2014,2016-05-31,1188.99,0.04370023287725622,94243.59928691853,1000000.0,841.0499667785263,999999.9999999999,93402.54932014,111054697.11615326
2014,2016-06-30,1154.15,-0.022780575238908973,91274.78551784664,1000000.0,866.4385045271412,1000000.0,90408.3470133195,104344793.7054227
2014,2016-07-31,1112.89,0.07150851512509648,96873.31366315643,1000000.0,898.5614031934872,1000000.0,95974.75225996294,106809342.04259017
2014,2016-08-31,1115.98,0.010500683326333693,96982.55274076815,1000000.0,896.0734063334468,999999.9999999999,96086.4793344347,107230589.20764244
2014,2016-09-30,1097.98,0.02213565081499902,98213.41608902437,1000000.0,910.7634018834588,1000000.0000000001,97302.6526871409,106836366.59742697
2014,2016-10-31,1145.37,-0.014572230415798249,95884.73601211549,1000000.0,873.0803146581455,1000000.0000000001,95011.65569745735,108823500.0861967
2014,2016-11-30,1175.87,0.004359249204164417,95425.83518194284,1000000.0,850.4341466318557,1000000.0000000001,94575.40103531098,111208376.81539111
2014,2016-12-31,1203.73,0.011322182985678664,95646.20103177671,1000000.0,830.7510820532843,1000000.0,94815.44994972344,114132201.56798059
2014,2017-01-31,1151.45,0.05140118700166263,99689.07662323596,1000000.0,868.4701897607364,1000000.0,98820.60643347523,113786987.27782506
2014,2017-02-28,1129.17,0.043750620542497565,103144.06928732569,1000000.0,885.6062417527918,1000000.0,102258.4630455729,115467188.71716957
2014,2017-03-31,1117.48,0.020268821683051108,104331.1215986265,1000000.0,894.8706017109926,1000000.0,103436.2509969155,115587941.76403314
2014,2017-04-30,1136.99,0.027269993352774025,106256.95687403726,1000000.0,879.515211215578,1000000.0,105377.44166282169,119813097.39621162
2014,2017-05-31,1119.58,0.038973608705773044,109484.38084060392,1000000.0,893.192089890852,1000000.0,108591.18875071306,121576523.10152332
2014,2017-06-30,1143.75,-0.023179745893250336,106074.07258922554,1000000.0,874.3169398907104,1000000.0,105199.75564933484,120322220.52392672
2014,2017-07-31,1121.86,0.04061292625863233,109472.22556794742,1000000.0,891.3768206371562,1000000.0,108580.84874731026,121812510.97565748
2014,2017-08-31,1122.36,0.020736292461243533,110832.41298262453,1000000.0,890.9797213015432,1000000.0,109941.43326132299,123393867.03517847
2014,2017-09-30,1142.57,-0.002952108118053798,109616.87426368178,1000000.0,875.2198989996238,1000000.0,108741.65436468215,124244952.02745488
2014,2017-10-31,1115.68,0.04606348448141451,113750.67387299302,1000000.0,896.3143553707156,1000000.0,112854.3595176223,125909351.82662086
2014,2017-11-30,1084.79,0.01971721222818079,115079.53287510667,1000000.0,921.8374063182736,1000000.0,114157.6954687884,123837126.46758696
2014,2017-12-31,1067.42,0.006031343374468978,114846.21972899872,1000000.0,936.8383579097261,1000000.0,113909.381371089,121589151.86312783
2014,2018-01-31,1068.33,0.08757074802811915,123884.51110517555,1000000.0,936.0403620604121,1000000.0,122948.47074311513,131349539.74899217
2014,2018-02-28,1082.12,-0.0129280388830596,121358.98813273542,1000000.0,924.1119284367724,1000000.0,120434.87620429865,130324988.23819564
2014,2018-03-31,1060.99,-0.040788440224731604,115522.52545526666,1000000.0,942.515952082489,1000000.0,114580.00950318418,121568244.28278337
2014,2018-04-30,1069.07,0.005058364976793683,115159.59701029577,1000000.0,935.3924438998382,1000000.0,114224.20456639593,122113670.37579688
2014,2018-05-31,1080.75,0.05672904954235358,120704.03512617893,1000000.0,925.2833680314596,1000000.0,119778.75175814747,129450885.96261787
2014,2018-06-30,1111.79,0.011450741338811188,121150.30726241569,1000000.0,899.4504357837361,999999.9999999999,120250.85682663195,133693700.11128113
2014,2018-07-31,1112.75,0.027964064149194057,123613.55950092744,1000000.0,898.6744551786115,1000000.0,122714.88504574883,136550988.334657
2014,2018-08-31,1116.5,0.057806579872749175,129808.61284972115,1000000.0,895.6560680698611,1000000.0,128912.95678165129,143931316.24671367
2014,2018-09-30,1109.76,-0.0028164133907506717,128549.88460393019,1000000.0,901.0957324106113,1000000.0,127648.78887151957,141659519.93805757
2014,2018-10-31,1140.78,-0.08595693634617652,116676.49005182384,1000000.0,876.5932081558233,1000000.0,115799.89684366802,132102206.3213196
2014,2018-11-30,1118.61,-0.0026501792629536336,115493.00635840076,1000000.0,893.966619286436,1000000.0,114599.03973911432,128191631.84257066
2014,2018-12-31,1112.85,-0.08660709706442382,104673.94958093908,1000000.0,898.593700858157,1000000.0,103775.35588008093,115486404.79114805
2014,2019-01-31,1111.82,0.09010771133333662,113126.31569123754,1000000.0,899.4261661060244,1000000.0,112226.88952513151,124776100.31183171
2014,2019-02-28,1124.65,0.0299117239158746,115583.78926054461,1000000.0,889.1655181612057,1000000.0,114694.62374238341,128991308.59187151
2014,2019-03-31,1136.3,0.039246216920256094,119195.95382536415,1000000.0,880.0492827598346,1000000.0,118315.90454260432,134442362.33176127
2014,2019-04-30,1165.1,0.0549923533063692,124822.37456697387,1000000.0,858.2954252853833,1000000.0,123964.07914168849,144430548.60798123
2014,2019-05-31,1190.5,-0.08225166556146835,113767.82716249094,1000000.0,839.9832003359933,1000000.0,112927.84396215495,134440598.23694548
2014,2019-06-30,1154.58,0.07590047977717695,121499.12149908468,1000000.0,866.1158170070503,1000000.0,120633.00568207762,139280455.70041317
2014,2019-07-31,1182.74,0.02334784538371637,123449.52644691576,1000000.0,845.4943605526151,1000000.0,122604.03208636314,145008692.90982515
2014,2019-08-31,1211.32,-0.018995073133384555,120275.15953043484,1000000.0,825.5456856982465,999999.9999999999,119449.6138447366,144691706.24240634
2014,2019-09-30,1195.85,0.009178844575114198,120546.02328477484,1000000.0,836.225279090187,1000000.0,119709.79800568466,143154961.94509798
2014,2019-10-31,1169.1,0.043800633363735963,124953.16297817855,1000000.0,855.3588230262595,999999.9999999999,124097.80415515229,145082742.83778852
2014,2019-11-30,1181.33,0.04069405202585252,129147.84665373611,1000000.0,846.503517222114,999999.9999999999,128301.343136514,151566225.68745807
2014,2019-12-31,1155.46,0.0388634801258656,133287.5798356218,1000000.0,865.4561819535077,1000000.0,132422.12365366827,153008466.99686754
2014,2020-01-31,1191.3,0.030384518580899744,136445.70613034535,1000000.0,839.4191219675985,1000000.0,135606.28700837775,161547769.7130804
2014,2020-02-29,1214.92,-0.06057404936378252,127392.06508509303,1000000.0,823.0994633391499,1000000.0000000001,126568.96562175387,153771167.71318123
2014,2020-03-31,1218.92,-0.07285865970245498,117347.32042662679,1000000.0,820.3983854559774,1000000.0,116526.92204117081,142036995.81442392
2014,2020-04-30,1203.95,0.14973743405945528,133975.3643464619,1000000.0,830.5992773786287,1000000.0000000001,133144.76506908325,160299639.90492278
2014,2020-05-31,1236.61,0.06600869146903388,141933.47678724537,1000000.0,808.6623915381568,1000000.0,141124.81439570722,174516356.72987548
2014,2020-06-30,1200.5,0.06286679498602865,149996.87916976347,1000000.0,832.9862557267805,1000000.0,149163.8929140367,179071253.44330105
2014,2020-07-31,1192.68,0.07346560137498459,160122.30801040021,1000000.0,838.4478653117349,1000000.0,159283.8601450885,189974674.31784415
2014,2020-08-31,1187.48,0.10944707592261049,176717.01287963445,1000000.0,842.1194462222521,1000000.0,175874.8934334122,208847918.4543083
2014,2020-09-30,1165.97,-0.0577860842155562,165711.77203006705,1000000.0,857.6549996998207,999999.9999999999,164854.11703036723,192214954.8338973
2014,2020-10-31,1133.99,-0.030449501902191756,159834.39128026692,1000000.0,881.8419915519537,1000000.0,158952.54928871497,180250601.3679099
2014,2020-11-30,1105.79,0.11225809809634257,176796.26015943126,1000000.0,904.33084039465,999999.9999999999,175891.9293190366,194499536.52169746
2014,2020-12-31,1086.11,0.04902438582238644,184514.92312501697,1000000.0,920.7170544419995,1000000.0,183594.20607057496,199403503.15531215
2014,2021-01-31,1118.35,0.0026133529667198285,184074.00253368207,1000000.0,894.1744534358654,1000000.0,183179.8280802462,204859160.7335433
2014,2021-02-28,1123.36,-0.0013351872032868473,182935.24871789318,1000000.0,890.1865831078195,1000000.0,182045.06213478534,204502140.99973243
2014,2021-03-31,1126.72,0.017167812200945987,185170.3775736249,1000000.0,887.5319511502414,1000000.0,184282.84562247465,207635167.81975463
2014,2021-04-30,1115.58,0.05909829166572944,195173.64698206226,1000000.0,896.3947005145307,1000000.0,194277.25228154773,216731817.100249
2014,2021-05-31,1114.48,-0.012012147953164853,191943.56518320745,1000000.0,897.2794487115067,1000000.0,191046.28573449593,212917264.52538103
2014,2021-06-30,1130.42,0.06262108156281276,203009.81077574825,1000000.0,884.6269528139983,1000000.0,202125.18382293425,228486350.29712135
2014,2021-07-31,1151.86,0.02860957881685433,207907.90020038767,1000000.0,868.1610612400814,1000000.0,207039.7391391476,238480793.92481855
2014,2021-08-31,1158.32,0.042186654982149685,215774.0531818051,1000000.0,863.319290006216,1000000.0,214910.73389179888,248935401.28154847
2014,2021-09-30,1183.7,-0.05683158085438722,202697.01714215142,1000000.0,844.8086508405846,1000000.0,201852.20849131083,238932459.19116464
2014,2021-10-31,1174.94,0.07864002657048186,217725.87153037795,1000000.0,851.1072905850511,1000000.0,216874.7642397929,254814835.49590227
2014,2021-11-30,1187.45,0.01996836229524268,221205.3981048284,1000000.0,842.1407217145985,1000000.0,220363.2573831138,261670349.9795785
2014,2021-12-31,1188.59,0.01152343737537631,222902.59957940207,1000000.0,841.3330080179036,1000000.0,222061.26657138416,263939800.83408147
2014,2022-01-31,1206.78,-0.08747018465995338,202637.52657856204,1000000.0,828.6514526259965,1000000.0,201808.87512593606,243538914.3244771
2014,2022-02-28,1202.28,-0.0447596901488847,192775.9724060042,1000000.0,831.7530026283395,1000000.0,191944.21940337587,230770696.10429072
2014,2022-03-31,1211.55,0.046678793401630614,200903.94396554332,1000000.0,825.388964549544,1000000.0,200078.55500099377,242405173.311454
2014,2022-04-30,1255.87,-0.1359573718408258,172876.40050134854,1000000.0,796.2607594735125,1000000.0000000001,172080.13974187503,216110285.09762856
2014,2022-05-31,1236.93,-0.015866109583439814,169349.8973875968,1000000.0,808.4531865182346,1000000.0,168541.4442010786,208473968.57564014
2014,2022-06-30,1298.95,-0.089078521117957,153528.02160456183,1000000.0,769.852573232226,999999.9999999999,152758.1690313296,198425223.6632456
2014,2022-07-31,1299.08,0.12551703146728932,171931.9209405205,1000000.0,769.7755334544447,1000000.0,171162.14540706607,222353319.85541138
2014,2022-08-31,1338.66,-0.05132192984786588,162377.7737878744,1000000.0,747.0156723888067,1000000.0,161630.7581154856,216368630.65887597
2014,2022-09-30,1431.67,-0.10535501883655274,144602.1465496623,1000000.0,698.4849860652245,1000000.0,143903.6615635971,206022555.15075508
2014,2022-10-31,1424.6,0.03999829940593669,149659.56330442845,1000000.0,701.9514249613927,1000000.0,148957.61187946706,212205013.88348877
2014,2022-11-30,1316.84,0.05544156399564781,157216.05485112141,1000000.0,759.3937000698643,1000000.0,156456.66115105155,206028389.6701507
2014,2022-12-31,1260.18,-0.09013677520627372,142354.16225535507,1000000.0,793.5374311606278,1000000.0,141560.62482419444,178391868.19095337
2014,2023-01-31,1231.95,0.10642892971005202,156626.77061331968,1000000.0,811.7212549210601,1000000.0,155815.04935839862,191956350.0570792
2014,2023-02-28,1323.45,-0.003597375904853539,155254.52405422315,1000000.0,755.600891609052,1000000.0,154498.92316261408,204471599.85956162
2014,2023-03-31,1303.8,0.09492719177583031,169165.07207083082,1000000.0,766.9888019634914,1000000.0,168398.08326886734,219557420.96594924
2014,2023-04-30,1338.41,0.005079054557982632,169253.38632124962,1000000.0,747.1552065510568,1000000.0,168506.23111469857,225530424.78622374
2014,2023-05-31,1324.55,0.07883792508793586,181790.9127401696,1000000.0,754.9733871881017,1000000.0000000001,181035.93935298148,239791153.46999162
2014,2023-06-30,1317.8,0.06303846434612481,192448.1669612516,1000000.0,758.8404917286387,1000000.0,191689.326469523,252608194.4215374
2014,2023-07-31,1273.85,0.0386012358817045,199088.7713765781,1000000.0,785.021784354516,1000000.0000000001,198303.74959222358,252609231.41805398
2014,2023-08-31,1322.43,-0.014830287637318529,195362.84794621213,1000000.0,756.1836921424953,1000000.0,194606.66425406965,257353691.00950933
2014,2023-09-30,1347.86,-0.05079871152056792,184720.89645664714,1000000.0,741.9168162865581,1000000.0000000001,183978.97964036057,247977907.49805638
2014,2023-10-31,1351.03,-0.020654736792001693,180178.9422406279,1000000.0,740.176013856095,1000000.0,179438.76622677178,242427156.3353555
2014,2023-11-30,1289.95,0.10818806649736024,198851.89939951804,1000000.0,775.2238458854994,1000000.0,198076.67555363252,255509007.6304083
2014,2023-12-31,1290.97,0.05586973374753823,209143.16667841148,1000000.0,774.6113387607768,1000000.0,208368.5553396507,268997553.88682884
2015,2015-01-31,1104.3,-0.020823075569830207,89759.45552990401,1000000.0,905.5510278004166,1000000.0,88853.90450210359,98121366.741673
2015,2015-02-28,1100.65,0.07220579759292378,95269.67154592345,1000000.0,908.554036251306,1000000.0,94361.11750967214,103858563.98702066
2015,2015-03-31,1107.71,-0.023589839225033993,92135.15391852443,1000000.0,902.7633586407994,1000000.0,91232.39055988363,101059031.3470887
2015,2015-04-30,1076.74,0.019223415749406003,92986.18873342845,1000000.0,928.7293125545629,1000000.0,92057.45942087389,99121948.85683174
2015,2015-05-31,1111.99,0.022484579614780786,94127.33269635697,1000000.0,899.2886626678297,1000000.0,93228.04403368915,103668652.685022
2015,2015-06-30,1117.34,-0.024841085227832793,90912.15824622412,1000000.0,894.9827268333722,1000000.0,90017.17551939074,100579790.89483605
2015,2015-07-31,1159.7,0.04557796918372792,94119.97557121977,1000000.0,862.2919720617401,1000000.0000000001,93257.68359915803,108150935.66994357
2015,2015-08-31,1182.54,-0.06824491840769542,86893.32059104281,1000000.0,845.6373568758773,1000000.0,86047.68323416694,101754827.33173177
2015,2015-09-30,1184.62,-0.02207304558223644,84148.34879989333,1000000.0,844.1525552497848,999999.9999999999,83304.19624464354,98683816.95532961
2015,2015-10-31,1140.5,0.11369911197452542,92775.8093814111,1000000.0,876.8084173608066,1000000.0,91899.0009640503,104810810.59949936
2015,2015-11-30,1149.39,0.006088491510278571,92458.527251223,1000000.0,870.0267098199914,1000000.0,91588.500541403,105270906.6372832
2015,2015-12-31,1169.26,-0.0159477312529529,90127.87174890778,1000000.0,855.2417768503155,1000000.0,89272.62997205746,104382915.3211279
2015,2016-01-31,1210.04,-0.06910428790554779,83103.50844838297,1000000.0,826.4189613566494,1000000.0000000001,82277.08948702631,99558569.36288132
2015,2016-02-29,1238.09,-0.015653625689740713,80989.15472535511,1000000.0,807.6957248665283,999999.9999999999,80181.45900048858,99271862.5739149
2015,2016-03-31,1138.86,0.06852588772158152,85675.96465730865,1000000.0,878.07105350965,1000000.0,84797.893603799,96572929.10962252
2015,2016-04-30,1144.09,-0.031867729284654644,82095.57728652419,1000000.0,874.0571108916257,1000000.0,81221.52017563257,92924729.01773946
2015,2016-05-31,1188.99,0.04370023287725622,84770.91952195247,1000000.0,841.0499667785263,999999.9999999999,83929.86955517394,99791775.60240626
2015,2016-06-30,1154.15,-0.022780575238908973,82017.89884698048,1000000.0,866.4385045271412,1000000.0,81151.46034245333,93660957.95424251
2015,2016-07-31,1112.89,0.07150851512509648,86954.48077177531,1000000.0,898.5614031934872,1000000.0,86055.91936858183,95770772.10610104
2015,2016-08-31,1115.98,0.010500683326333693,86959.56532622782,1000000.0,896.0734063334468,999999.9999999999,86063.49191989437,96045135.71276371
2015,2016-09-30,1097.98,0.02213565081499902,87968.56332495264,1000000.0,910.7634018834588,1000000.0000000001,87057.79992306918,95587723.1595315
2015,2016-10-31,1145.37,-0.014572230415798249,85789.17360309775,1000000.0,873.0803146581455,1000000.0000000001,84916.0932884396,97260345.76978005
2015,2016-11-30,1175.87,0.004359249204164417,85286.26370052798,1000000.0,850.4341466318557,1000000.0000000001,84435.82955389612,99285558.89753982
2015,2016-12-31,1203.73,0.011322182985678664,85391.82746665292,1000000.0,830.7510820532843,1000000.0,84561.07638459964,101788704.47643413
2015,2017-01-31,1151.45,0.05140118700166263,88907.61608490633,1000000.0,868.4701897607364,1000000.0,88039.1458951456,101372674.54096541
2015,2017-02-28,1129.17,0.043750620542497565,91890.9131600897,1000000.0,885.6062417527918,1000000.0,91005.30691833691,102760462.4129785
2015,2017-03-31,1117.48,0.020268821683051108,92849.87725647601,1000000.0,894.8706017109926,1000000.0,91955.00665476502,102757880.83656682
2015,2017-04-30,1136.99,0.027269993352774025,94462.61907499476,1000000.0,879.515211215578,1000000.0,93583.10386377918,106403053.26207829
2015,2017-05-31,1119.58,0.038973608705773044,97230.37513523783,1000000.0,893.192089890852,1000000.0,96337.18304534697,107857183.39390956
2015,2017-06-30,1143.75,-0.023179745893250336,94104.11162228428,1000000.0,874.3169398907104,1000000.0,93229.79468239358,106631577.66798766
2015,2017-07-31,1121.86,0.04061292625863233,97016.12945893707,1000000.0,891.3768206371562,1000000.0,96124.7526382999,107838514.99480312
2015,2017-08-31,1122.36,0.020736292461243533,98118.02362177239,1000000.0,890.9797213015432,1000000.0,97227.04390047085,109123744.99213246
2015,2017-09-30,1142.57,-0.002952108118053798,96940.0191548779,1000000.0,875.2198989996238,1000000.0,96064.79925587827,109760757.68578883
2015,2017-10-31,1115.68,0.04606348448141451,100489.87864561162,1000000.0,896.3143553707156,1000000.0,99593.5642902409,111114547.80733597
2015,2017-11-30,1084.79,0.01971721222818079,101557.27173391255,1000000.0,921.8374063182736,1000000.0,100635.43432759428,109168312.804231
2015,2017-12-31,1067.42,0.006031343374468978,101242.40118766282,1000000.0,936.8383579097261,1000000.0,100305.5628297531,107068163.87573506
2015,2018-01-31,1068.33,0.08757074802811915,109089.39599813608,1000000.0,936.0403620604121,1000000.0,108153.35563607566,115543474.4266887
2015,2018-02-28,1082.12,-0.0129280388830596,106755.14484907911,1000000.0,924.1119284367724,1000000.0,105831.03292064233,114521877.34408547
2015,2018-03-31,1060.99,-0.040788440224731604,101514.35016043711,1000000.0,942.515952082489,1000000.0,100571.83420835463,106705710.37672219
2015,2018-04-30,1069.07,0.005058364976793683,101080.56325216607,1000000.0,935.3924438998382,1000000.0,100145.17080826624,107062197.75599317
2015,2018-05-31,1080.75,0.05672904954235358,105826.31116447583,1000000.0,925.2833680314596,1000000.0,104901.02779644437,113371785.79100725
2015,2018-06-30,1111.79,0.011450741338811188,106102.2223319169,1000000.0,899.4504357837361,999999.9999999999,105202.77189613316,116963389.76640187
2015,2018-07-31,1112.75,0.027964064149194057,108144.66895810966,1000000.0,898.6744551786115,1000000.0,107245.99450293105,119337980.38313653
2015,2018-08-31,1116.5,0.057806579872749175,113445.51865019715,1000000.0,895.6560680698611,1000000.0,112549.86258212729,125661921.57294512
2015,2018-09-30,1109.76,-0.0028164133907506717,112232.87564202384,1000000.0,901.0957324106113,1000000.0,111331.77990961322,123551556.07249236
2015,2018-10-31,1140.78,-0.08595693634617652,101762.04119061606,1000000.0,876.5932081558233,1000000.0,100885.44798246023,115088101.34943098
2015,2018-11-30,1118.61,-0.0026501792629536336,100618.08346028333,1000000.0,893.966619286436,1000000.0,99724.1168409969,111552394.33950754
2015,2018-12-31,1112.85,-0.08660709706442382,91087.30057408473,1000000.0,898.593700858157,1000000.0,90188.70687322658,100366502.44387019
2015,2019-01-31,1111.82,0.09010771133333662,98315.40483768619,1000000.0,899.4261661060244,1000000.0,97415.97867158016,108309033.40663625
2015,2019-02-28,1124.65,0.0299117239158746,100329.85853059919,1000000.0,889.1655181612057,1000000.0,99440.69301243799,111835975.39643839
2015,2019-03-31,1136.3,0.039246216920256094,103343.36402110472,1000000.0,880.0492827598346,1000000.0,102463.31473834488,116429064.53718129
2015,2019-04-30,1165.1,0.0549923533063692,108098.01354337764,1000000.0,858.2954252853833,1000000.0,107239.71811809226,124944995.57938929
2015,2019-05-31,1190.5,-0.08225166556146835,98419.0726885368,1000000.0,839.9832003359933,1000000.0,97579.08948820081,116167906.03570306
2015,2019-06-30,1154.58,0.07590047977717695,104985.38919657534,1000000.0,866.1158170070503,1000000.0,104119.27337956829,120214030.65858194
2015,2019-07-31,1182.74,0.02334784538371637,106550.23407589934,1000000.0,845.4943605526151,1000000.0,105704.73971534672,125021223.85092917
2015,2019-08-31,1211.32,-0.018995073133384555,103696.87045390833,1000000.0,825.5456856982465,999999.9999999999,102871.32476821008,124610093.11822823
2015,2019-09-30,1195.85,0.009178844575114198,103815.56466949357,1000000.0,836.225279090187,1000000.0,102979.33939040339,123147843.01001388
2015,2019-10-31,1169.1,0.043800633363735963,107489.89967908218,1000000.0,855.3588230262595,999999.9999999999,106634.54085605593,124666441.71481498
2015,2019-11-30,1181.33,0.04069405202585252,110973.93240940517,1000000.0,846.503517222114,999999.9999999999,110127.42889218306,130096835.57320261
2015,2019-12-31,1155.46,0.0388634801258656,114407.36403624709,1000000.0,865.4561819535077,1000000.0,113541.90785429359,131193132.84932208
2015,2020-01-31,1191.3,0.030384518580899744,116991.82406320318,1000000.0,839.4191219675985,1000000.0,116152.40494123558,138372360.00649396
2015,2020-02-29,1214.92,-0.06057404936378252,109116.58343060312,1000000.0,823.0994633391499,1000000.0000000001,108293.48396726396,131567919.54150835
2015,2020-03-31,1218.92,-0.07285865970245498,100403.36587089981,1000000.0,820.3983854559774,1000000.0,99582.96748544383,121383670.72735721
2015,2020-04-30,1203.95,0.14973743405945528,114494.26551274036,1000000.0,830.5992773786287,1000000.0000000001,113663.66623536173,136845370.96406376
2015,2020-05-31,1236.61,0.06600869146903388,121166.45611113096,1000000.0,808.6623915381568,1000000.0,120357.79371959281,148835651.29158565
2015,2020-06-30,1200.5,0.06286679498602865,127924.30246233317,1000000.0,832.9862557267805,1000000.0,127091.3162066064,152573125.10603097
2015,2020-07-31,1192.68,0.07346560137498459,136428.15618126307,1000000.0,838.4478653117349,1000000.0,135589.70831595134,161715133.31426886
2015,2020-08-31,1187.48,0.10944707592261049,150429.60541633188,1000000.0,842.1194462222521,1000000.0,149587.4859701096,177632147.83978575
2015,2020-09-30,1165.97,-0.0577860842155562,140943.41090824752,1000000.0,857.6549996998207,999999.9999999999,140085.7559085477,163335788.81668937
2015,2020-10-31,1133.99,-0.030449501902191756,135820.2144175404,1000000.0,881.8419915519537,1000000.0,134938.37242598846,153018764.94734666
2015,2020-11-30,1105.79,0.11225809809634257,150086.2974747459,1000000.0,904.33084039465,999999.9999999999,149181.96663435124,164963926.88459924
2015,2020-12-31,1086.11,0.04902438582238644,156495.52092437606,1000000.0,920.7170544419995,1000000.0,155574.80386993405,168971350.23117405
2015,2021-01-31,1118.35,0.0026133529667198285,155981.3757451744,1000000.0,894.1744534358654,1000000.0,155087.20129173851,173441771.56461576
2015,2021-02-28,1123.36,-0.0013351872032868473,154880.13084518022,1000000.0,890.1865831078195,1000000.0,153989.9442620724,172986143.78624162
2015,2021-03-31,1126.72,0.017167812200945987,156633.61470599778,1000000.0,887.5319511502414,1000000.0,155746.08275484754,175482226.3615418
2015,2021-04-30,1115.58,0.05909829166572944,164950.41017928836,1000000.0,896.3947005145307,1000000.0,164054.01547877383,183015378.5878105
2015,2021-05-31,1114.48,-0.012012147953164853,162083.374372532,1000000.0,897.2794487115067,1000000.0,161186.0949238205,179638679.07069945
2015,2021-06-30,1130.42,0.06262108156281276,171279.74252083633,1000000.0,884.6269528139983,1000000.0,170395.11556802233,192618046.5404038
2015,2021-07-31,1151.86,0.02860957881685433,175270.04805687268,1000000.0,868.1610612400814,1000000.0,174401.8869956326,200886557.55478936
2015,2021-08-31,1158.32,0.042186654982149685,181759.31923055323,1000000.0,863.319290006216,1000000.0,180895.99994054702,209535454.6511344
2015,2021-09-30,1183.7,-0.05683158085438722,170615.3942936906,1000000.0,844.8086508405846,1000000.0,169770.58564285,200957442.22544155
2015,2021-10-31,1174.94,0.07864002657048186,183121.34900868998,1000000.0,851.1072905850511,1000000.0,182270.24171810492,214156597.8042702
2015,2021-11-30,1187.45,0.01996836229524268,185909.8799403735,1000000.0,842.1407217145985,1000000.0,185067.7392186589,219758686.93519655
2015,2021-12-31,1188.59,0.01152343737537631,187200.3557217476,1000000.0,841.3330080179036,1000000.0,186359.02271372968,221504470.80731195
2015,2022-01-31,1206.78,-0.08747018465995338,170058.1645839113,1000000.0,828.6514526259965,1000000.0,169229.51313128532,204222791.85657248
2015,2022-02-28,1202.28,-0.0447596901488847,161654.8525594824,1000000.0,831.7530026283395,1000000.0,160823.09955685405,193354396.13521448
2015,2022-03-31,1211.55,0.046678793401630614,168330.12779527833,1000000.0,825.388964549544,1000000.0,167504.73883072878,202940366.33036944
2015,2022-04-30,1255.87,-0.1359573718408258,144731.23476841897,1000000.0,796.2607594735125,1000000.0000000001,143934.97400894546,180763615.8086143
2015,2022-05-31,1236.93,-0.015866109583439814,141651.28593842997,1000000.0,808.4531865182346,1000000.0,140842.83275191174,174212725.1158222
2015,2022-06-30,1298.95,-0.089078521117957,128296.7615003077,1000000.0,769.852573232226,999999.9999999999,127526.90892707546,165651078.35082468
2015,2022-07-31,1299.08,0.12551703146728932,143533.70796780134,1000000.0,769.7755334544447,1000000.0,142763.9324343469,185461769.34681135
2015,2022-08-31,1338.66,-0.05132192984786588,135437.0119091459,1000000.0,747.0156723888067,1000000.0,134689.99623675708,180304110.36229724
2015,2022-09-30,1431.67,-0.10535501883655274,120499.72914613833,1000000.0,698.4849860652245,1000000.0,119801.24416007311,171515847.22665188
2015,2022-10-31,1424.6,0.03999829940593669,124593.09019319144,1000000.0,701.9514249613927,1000000.0,123891.13876823006,176495316.2892205
2015,2022-11-30,1316.84,0.05544156399564781,130759.85726674256,1000000.0,759.3937000698643,1000000.0,130000.4635666727,171189810.44313726
2015,2022-12-31,1260.18,-0.09013677520627372,118282.64100545214,1000000.0,793.5374311606278,1000000.0,117489.10357429151,148057418.5422507
2015,2023-01-31,1231.95,0.10642892971005202,129993.3431202968,1000000.0,811.7212549210601,1000000.0,129181.62186537574,159145299.05704966
2015,2023-02-28,1323.45,-0.003597375904853539,128716.90701152734,1000000.0,755.600891609052,1000000.0,127961.30611991828,169350390.58440587
2015,2023-03-31,1303.8,0.09492719177583031,140108.3135658495,1000000.0,766.9888019634914,1000000.0,139341.32476388602,181673219.22715458
2015,2023-04-30,1338.41,0.005079054557982632,140049.04695454336,1000000.0,747.1552065510568,1000000.0,139301.8917479923,186443044.9344304
2015,2023-05-31,1324.55,0.07883792508793586,150284.16385422827,1000000.0,754.9733871881017,1000000.0000000001,149529.19046704017,198058889.23311806
2015,2023-06-30,1317.8,0.06303846434612481,158955.2810090016,1000000.0,758.8404917286387,1000000.0,158196.44051727297,208471269.31366232
2015,2023-07-31,1273.85,0.0386012358817045,164303.01863332625,1000000.0,785.021784354516,1000000.0000000001,163517.99684897173,208297400.28606263
2015,2023-08-31,1322.43,-0.014830287637318529,161092.97792182333,1000000.0,756.1836921424953,1000000.0,160336.79422968085,212034186.79315686
2015,2023-09-30,1347.86,-0.05079871152056792,152191.89167347463,1000000.0,741.9168162865581,1000000.0000000001,151449.97485718806,204133363.11100948
2015,2023-10-31,1351.03,-0.020654736792001693,148321.81548935757,1000000.0,740.176013856095,1000000.0,147581.63947550146,199387222.38058674
2015,2023-11-30,1289.95,0.10818806649736024,163548.21170086646,1000000.0,775.2238458854994,1000000.0,162772.98785498095,209969015.68353269
2015,2023-12-31,1290.97,0.05586973374753823,171867.07134773,1000000.0,774.6113387607768,1000000.0,171092.4600089692,220875233.09777898
2015,2024-01-31,1334.9,0.018192175585216352,174205.004082759,1000000.0,749.1197842535021,1000000.0,173455.8842985055,231546259.950075
2015,2024-02-29,1336.19,0.05283357259969357,182620.17835443464,1000000.0,748.3965603694085,999999.9999999999,181871.78179406523,243015256.11541203
2015,2024-03-31,1347.08,0.012749518352076938,184190.5594137736,1000000.0,742.3464085280756,1000000.0,183448.21300524552,247119418.77510613
2015,2024-04-30,1381.92,-0.04373776996508638,175424.59726431593,1000000.0,723.6308903554475,1000000.0,174700.9663739605,241422759.4515035
2015,2024-05-31,1385.43,0.061518097518396875,185448.23745991196,1000000.0,721.7975646550168,1000000.0,184726.43989525695,255925551.62408584
2015,2024-06-30,1376.55,0.06470145982245135,196678.5102242844,1000000.0,726.453815698667,1000000.0,195952.05640858575,269737803.2492387
2015,2024-07-31,1369.29,-0.01678114947086029,192663.7556608708,1000000.0,730.3054867851222,999999.9999999999,191933.45017408568,262812553.98887378
2015,2024-08-31,1336.0,0.0110386880074973,194052.14364875993,1000000.0,748.502994011976,1000000.0,193303.64065474796,258253663.91474327
2015,2024-09-30,1314.94,0.026215964783193213,198371.28209061586,1000000.0,760.4909729721508,1000000.0,197610.7911176437,259846333.67223442
2015,2024-10-31,1377.57,-0.008646356455964899,195902.17777809533,1000000.0,725.915924417634,1000000.0,195176.2618536777,268868963.04177076
2015,2024-11-30,1396.99,0.05350828421256826,205619.8087444909,1000000.0,715.8247374712776,1000000.0,204903.98400701964,286248816.61796635
2015,2024-12-31,1477.86,0.004540376102652788,205834.32515934345,1000000.0,676.654080900762,1000000.0,205157.67107844268,303194315.7799873
2016,2016-01-31,1210.04,-0.06910428790554779,79614.09028739991,1000000.0,826.4189613566494,1000000.0000000001,78787.67132604326,95336233.81136538
2016,2016-02-29,1238.09,-0.015653625689740713,77554.35861013905,1000000.0,807.6957248665283,999999.9999999999,76746.66288527253,95019275.85162705
2016,2016-03-31,1138.86,0.06852588772158152,82005.79608915478,1000000.0,878.07105350965,1000000.0,81127.72503564514,92393120.93409482
2016,2016-04-30,1144.09,-0.031867729284654644,78542.3686567293,1000000.0,874.0571108916257,1000000.0,77668.31154583769,88859538.55647743
2016,2016-05-31,1188.99,0.04370023287725622,81062.43484757408,1000000.0,841.0499667785263,999999.9999999999,80221.38488079555,95382424.40941711
2016,2016-06-30,1154.15,-0.022780575238908973,78393.89558674912,1000000.0,866.4385045271412,1000000.0,77527.45708222197,89478314.59144649
2016,2016-07-31,1112.89,0.07150851512509648,83071.33041959631,1000000.0,898.5614031934872,1000000.0,82172.76901640283,91449252.91066456
2016,2016-08-31,1115.98,0.010500683326333693,83035.63924189204,1000000.0,896.0734063334468,999999.9999999999,82139.56583555859,91666112.68116668
2016,2016-09-30,1097.98,0.02213565081499902,83957.77858299014,1000000.0,910.7634018834588,1000000.0000000001,83047.01518110668,91183961.7285515
2016,2016-10-31,1145.37,-0.014572230415798249,81836.8349405433,1000000.0,873.0803146581455,1000000.0000000001,80963.75462588515,92733455.63585007
2016,2016-11-30,1175.87,0.004359249204164417,81316.6958088042,1000000.0,850.4341466318557,1000000.0000000001,80466.26166217234,94617863.10069859
2016,2016-12-31,1203.73,0.011322182985678664,81377.31540088495,1000000.0,830.7510820532843,1000000.0,80546.56431883166,96956315.86750723
2016,2017-01-31,1151.45,0.05140118700166263,84686.75333372537,1000000.0,868.4701897607364,1000000.0,83818.28314396464,96512562.1261181
2016,2017-02-28,1129.17,0.043750620542497565,87485.38504431986,1000000.0,885.6062417527918,1000000.0,86599.77880256707,97785872.23049466
2016,2017-03-31,1117.48,0.020268821683051108,88355.05427690798,1000000.0,894.8706017109926,1000000.0,87460.18367519698,97735006.05335912
2016,2017-04-30,1136.99,0.027269993352774025,89845.222302652,1000000.0,879.515211215578,1000000.0,88965.70709143642,101153119.30589229
2016,2017-05-31,1119.58,0.038973608705773044,92433.02174785048,1000000.0,893.192089890852,1000000.0,91539.82965795962,102486162.48845842
2016,2017-06-30,1143.75,-0.023179745893250336,89417.9596673767,1000000.0,874.3169398907104,1000000.0,88543.64272748599,101271791.3695621
2016,2017-07-31,1121.86,0.04061292625863233,92139.65916024806,1000000.0,891.3768206371562,1000000.0,91248.2823396109,102367798.02551588
2016,2017-08-31,1122.36,0.020736292461243533,93140.4334087912,1000000.0,890.9797213015432,1000000.0,92249.45368748966,103537096.84069088
2016,2017-09-30,1142.57,-0.002952108118053798,91977.12332637279,1000000.0,875.2198989996238,1000000.0,91101.90342737317,104090301.79901375
2016,2017-10-31,1115.68,0.04606348448141451,95298.37454212729,1000000.0,896.3143553707156,1000000.0,94402.06018675657,105322490.50916058
2016,2017-11-30,1084.79,0.01971721222818079,96263.40564223635,1000000.0,921.8374063182736,1000000.0,95341.56823591808,103425579.80664156
2016,2017-12-31,1067.42,0.006031343374468978,95916.60597180927,1000000.0,936.8383579097261,1000000.0,94979.76761389954,101383303.54642867
2016,2018-01-31,1068.33,0.08757074802811915,103297.21691138565,1000000.0,936.0403620604121,1000000.0,102361.17654932523,109355515.74294062
2016,2018-02-28,1082.12,-0.0129280388830596,101037.84727877982,1000000.0,924.1119284367724,1000000.0,100113.73535034305,108335075.29731321
2016,2018-03-31,1060.99,-0.040788440224731604,96030.25224033098,1000000.0,942.515952082489,1000000.0,95087.7362882485,100887137.32446878
2016,2018-04-30,1069.07,0.005058364976793683,95568.72476321158,1000000.0,935.3924438998382,1000000.0,94633.33231931174,101169656.5826066
2016,2018-05-31,1080.75,0.05672904954235358,100001.79131681198,1000000.0,925.2833680314596,1000000.0,99076.50794878052,107076935.96564455
2016,2018-06-30,1111.79,0.011450741338811188,100211.00741405468,1000000.0,899.4504357837361,999999.9999999999,99311.55697827094,110413595.93287183
2016,2018-07-31,1112.75,0.027964064149194057,102088.71172836765,1000000.0,898.6744551786115,1000000.0,101190.03727318904,112599213.9757411
2016,2018-08-31,1116.5,0.057806579872749175,107039.4872451481,1000000.0,895.6560680698611,1000000.0,106143.83117707825,118509587.50920786
2016,2018-09-30,1109.76,-0.0028164133907506717,105844.88626960554,1000000.0,901.0957324106113,1000000.0,104943.79053719493,116462420.98655744
2016,2018-10-31,1140.78,-0.08595693634617652,95923.14381406279,1000000.0,876.5932081558233,1000000.0,95046.55060590696,108427204.00020654
2016,2018-11-30,1118.61,-0.0026501792629536336,94794.6602084759,1000000.0,893.966619286436,1000000.0,93900.69358918947,105038254.85580322
2016,2018-12-31,1112.85,-0.08660709706442382,85768.22710509381,1000000.0,898.593700858157,1000000.0,84869.63340423566,94447171.53390364
2016,2019-01-31,1111.82,0.09010771133333662,92517.04183199063,1000000.0,899.4261661060244,1000000.0,91617.6156658846,101862297.4496438
2016,2019-02-28,1124.65,0.0299117239158746,94358.05649151324,1000000.0,889.1655181612057,1000000.0,93468.89097335204,105119788.23318039
2016,2019-03-31,1136.3,0.039246216920256094,97137.19134378798,1000000.0,880.0492827598346,1000000.0,96257.14206102815,109376990.52394629
2016,2019-04-30,1165.1,0.0549923533063692,101550.54882550958,1000000.0,858.2954252853833,1000000.0,100692.2534002242,117316544.4366012
2016,2019-05-31,1190.5,-0.08225166556146835,92410.14784891834,1000000.0,839.9832003359933,1000000.0,91570.16464858234,109014281.01413728
2016,2019-06-30,1154.58,0.07590047977717695,98520.38407868483,1000000.0,866.1158170070503,1000000.0,97654.26826167777,112749665.04956792
2016,2019-07-31,1182.74,0.02334784538371637,99934.28501811139,1000000.0,845.4943605526151,1000000.0,99088.79065755877,117196276.26232105
2016,2019-08-31,1211.32,-0.018995073133384555,97206.59183231981,1000000.0,825.5456856982465,999999.9999999999,96381.04614662156,116748288.81832562
2016,2019-09-30,1195.85,0.009178844575114198,97265.71278918831,1000000.0,836.225279090187,1000000.0,96429.48751009813,115315202.63895084
2016,2019-10-31,1169.1,0.043800633363735963,100653.1601379809,1000000.0,855.3588230262595,999999.9999999999,99797.80131495465,116673609.51731347
2016,2019-11-30,1181.33,0.04069405202585252,103858.9782337311,1000000.0,846.503517222114,999999.9999999999,103012.474716509,121691726.75685357
2016,2019-12-31,1155.46,0.0388634801258656,107015.89798037027,1000000.0,865.4561819535077,1000000.0,106150.44179841677,122652589.48039864
2016,2020-01-31,1191.3,0.030384518580899744,109375.77186961148,1000000.0,839.4191219675985,1000000.0,108536.35274764388,129299357.02826814
2016,2020-02-29,1214.92,-0.06057404936378252,101961.86635854318,1000000.0,823.0994633391499,1000000.0000000001,101138.76689520403,122875510.67632128
2016,2020-03-31,1218.92,-0.07285865970245498,93769.93189526044,1000000.0,820.3983854559774,1000000.0,92949.53350980446,113298045.38577086
2016,2020-04-30,1203.95,0.14973743405945528,106867.55815458593,1000000.0,830.5992773786287,1000000.0000000001,106036.9588772073,127663196.64021374
2016,2020-05-31,1236.61,0.06600869146903388,113036.31978004752,1000000.0,808.6623915381568,1000000.0,112227.65738850937,138781843.40320456
2016,2020-06-30,1200.5,0.06286679498602865,119283.05051731504,1000000.0,832.9862557267805,1000000.0,118450.06426158827,142199302.1460367
2016,2020-07-31,1192.68,0.07346560137498459,127152.06946547142,1000000.0,838.4478653117349,1000000.0,126313.62160015968,150651730.21007845
2016,2020-08-31,1187.48,0.10944707592261049,140138.27813349225,1000000.0,842.1194462222521,1000000.0,139296.15868726998,165411402.51795936
2016,2020-09-30,1165.97,-0.0577860842155562,131246.77913046392,1000000.0,857.6549996998207,999999.9999999999,130389.1241307641,152029807.06274703
2016,2020-10-31,1133.99,-0.030449501902191756,126418.84024751929,1000000.0,881.8419915519537,1000000.0,125536.99825596734,142357700.6522844
2016,2020-11-30,1105.79,0.11225809809634257,139629.5429209061,1000000.0,904.33084039465,999999.9999999999,138725.21208051144,153400952.26650873
2016,2020-12-31,1086.11,0.04902438582238644,145526.13040083883,1000000.0,920.7170544419995,1000000.0,144605.41334639682,157057385.48965505
2016,2021-01-31,1118.35,0.0026133529667198285,144983.31833236938,1000000.0,894.1744534358654,1000000.0,144089.1438789335,161142094.0570053
2016,2021-02-28,1123.36,-0.0013351872032868473,143896.7578978938,1000000.0,890.1865831078195,1000000.0,143006.57131478598,160647861.95217797
2016,2021-03-31,1126.72,0.017167812200945987,145461.68127461942,1000000.0,887.5319511502414,1000000.0,144574.14932346917,162894585.5257392
2016,2021-04-30,1115.58,0.05909829166572944,153118.23456751226,1000000.0,896.3947005145307,1000000.0,152221.83986699773,169815640.11882532
2016,2021-05-31,1114.48,-0.012012147953164853,150393.32860481238,1000000.0,897.2794487115067,1000000.0,149496.04915610087,166610356.8634913
2016,2021-06-30,1130.42,0.06262108156281276,158857.65344362333,1000000.0,884.6269528139983,1000000.0,157973.02649080934,178575868.6057407
2016,2021-07-31,1151.86,0.02860957881685433,162492.56824313517,1000000.0,868.1610612400814,1000000.0,161624.4071818951,186168689.65653768
2016,2021-08-31,1158.32,0.042186654982149685,168442.80028437218,1000000.0,863.319290006216,1000000.0,167579.48099436596,194110664.42539397
2016,2021-09-30,1183.7,-0.05683158085438722,158055.67417069842,1000000.0,844.8086508405846,1000000.0,157210.86551985782,186090501.5158557
2016,2021-10-31,1174.94,0.07864002657048186,169573.9321615079,1000000.0,851.1072905850511,1000000.0,168722.82487092284,198239195.85384208
2016,2021-11-30,1187.45,0.01996836229524268,172091.9433654222,1000000.0,842.1407217145985,1000000.0,171249.8026437076,203350578.1492706
2016,2021-12-31,1188.59,0.01152343737537631,173223.18902001792,1000000.0,841.3330080179036,1000000.0,172381.856012,204891350.23730308
2016,2022-01-31,1206.78,-0.08747018465995338,157303.58323460486,1000000.0,828.6514526259965,1000000.0,156474.93178197887,188830818.17585647
2016,2022-02-28,1202.28,-0.0447596901488847,149471.16231934962,1000000.0,831.7530026283395,1000000.0,148639.40931672128,178706189.03330767
2016,2022-03-31,1211.55,0.046678793401630614,155577.71759555693,1000000.0,825.388964549544,1000000.0,154752.32863100737,187490183.75289696
2016,2022-04-30,1255.87,-0.1359573718408258,133712.60874408783,1000000.0,796.2607594735125,1000000.0000000001,132916.34798461432,166925653.94343758
2016,2022-05-31,1236.93,-0.015866109583439814,130807.48264205981,1000000.0,808.4531865182346,1000000.0,129999.02945554157,160799699.50444305
2016,2022-06-30,1298.95,-0.089078521117957,118418.9081648722,1000000.0,769.852573232226,999999.9999999999,117649.05559163998,152820240.76076075
2016,2022-07-31,1299.08,0.12551703146728932,132416.0158044327,1000000.0,769.7755334544447,1000000.0,131646.24027097828,171018997.81122246
2016,2022-08-31,1338.66,-0.05132192984786588,124889.90116305584,1000000.0,747.0156723888067,1000000.0,124142.88549066703,166185115.09093633
2016,2022-09-30,1431.67,-0.10535501883655274,111063.8094513738,1000000.0,698.4849860652245,1000000.0,110365.32446530859,158006724.07724836
2016,2022-10-31,1424.6,0.03999829940593669,114779.74975730536,1000000.0,701.9514249613927,1000000.0,114077.79833234397,162515231.5042572
2016,2022-11-30,1316.84,0.05544156399564781,120402.44988906922,1000000.0,759.3937000698643,1000000.0,119643.05618899936,157550762.1119219
2016,2022-12-31,1260.18,-0.09013677520627372,108858.81692829994,1000000.0,793.5374311606278,1000000.0,108065.27949713932,136181703.91670504
2016,2023-01-31,1231.95,0.10642892971005202,119566.55153283747,1000000.0,811.7212549210601,1000000.0,118754.83027791641,146300013.16087914
2016,2023-02-28,1323.45,-0.003597375904853539,118327.62451288966,1000000.0,755.600891609052,1000000.0,117572.0236212806,155600694.6615838
2016,2023-03-31,1303.8,0.09492719177583031,128732.80565505035,1000000.0,766.9888019634914,1000000.0,127965.81685308686,166841832.01305464
2016,2023-04-30,1338.41,0.005079054557982632,128615.7622184405,1000000.0,747.1552065510568,1000000.0,127868.60701188944,171140622.31078297
2016,2023-05-31,1324.55,0.07883792508793586,137949.50267259148,1000000.0,754.9733871881017,1000000.0000000001,137194.52928540338,181721013.76498103
2016,2023-06-30,1317.8,0.06303846434612481,145843.06172824465,1000000.0,758.8404917286387,1000000.0,145084.22123651602,191191986.7454808
2016,2023-07-31,1273.85,0.0386012358817045,150684.65148318018,1000000.0,785.021784354516,1000000.0000000001,149899.62969882565,190949643.29184905
2016,2023-08-31,1322.43,-0.014830287637318529,147676.57507366454,1000000.0,756.1836921424953,1000000.0,146920.39138152206,194291933.17466623
2016,2023-09-30,1347.86,-0.05079871152056792,139457.0248032432,1000000.0,741.9168162865581,1000000.0000000001,138715.10798695663,186968545.45129934
2016,2023-10-31,1351.03,-0.020654736792001693,135849.98394241196,1000000.0,740.176013856095,1000000.0,135109.80792855585,182537403.8057168
2016,2023-11-30,1289.95,0.10818806649736024,149727.076813176,1000000.0,775.2238458854994,1000000.0,148951.8529672905,192140442.7351564
2016,2023-12-31,1290.97,0.05586973374753823,157273.75333377547,1000000.0,774.6113387607768,1000000.0,156499.14199501468,202035697.3413041
2016,2024-01-31,1334.9,0.018192175585216352,159346.2018651237,1000000.0,749.1197842535021,1000000.0,158597.0820808702,211711244.86975363
2016,2024-02-29,1336.19,0.05283357259969357,166976.3325310894,1000000.0,748.3965603694085,999999.9999999999,166227.93597072,222112105.76471636
2016,2024-03-31,1347.08,0.012749518352076938,168347.26209100656,1000000.0,742.3464085280756,1000000.0,167604.9156824785,225777229.8175531
2016,2024-04-30,1381.92,-0.04373776996508638,160274.25043534054,1000000.0,723.6308903554475,1000000.0,159550.6195449851,220486192.1616058
2016,2024-05-31,1385.43,0.061518097518396875,169365.8701172741,1000000.0,721.7975646550168,1000000.0,168644.0725526191,233644557.43657508
2016,2024-06-30,1376.55,0.06470145982245135,179555.59023717695,1000000.0,726.453815698667,1000000.0,178829.1364214783,246167247.74098593
2016,2024-07-31,1369.29,-0.01678114947086029,175828.1779534446,1000000.0,730.3054867851222,999999.9999999999,175097.87246665946,239759765.78987214
2016,2024-08-31,1336.0,0.0110386880074973,177030.72325159548,1000000.0,748.502994011976,1000000.0,176282.2202575835,235513046.26413158
2016,2024-09-30,1314.94,0.026215964783193213,180903.62873575944,1000000.0,760.4909729721508,1000000.0,180143.1377627873,236877417.5697995
2016,2024-10-31,1377.57,-0.008646356455964899,178585.55598059425,1000000.0,725.915924417634,1000000.0,177859.6400561766,245014104.3521872
2016,2024-11-30,1396.99,0.05350828421256826,187376.60422624758,1000000.0,715.8247374712776,1000000.0,186660.77948877632,260763242.33802563
2016,2024-12-31,1477.86,0.004540376102652788,187508.2896312697,1000000.0,676.654080900762,1000000.0,186831.63555036893,276111000.9144682
2016,2025-01-31,1453.86,0.02163416333141721,190873.58166934142,1000000.0,687.82413712462,1000000.0,190185.7575322168,276503465.44578874
2016,2025-02-28,1459.04,-0.02703478611399812,185044.1262554046,1000000.0,685.3821690974888,1000000.0000000001,184358.74408630712,268986781.9716855
2016,2025-03-31,1474.44,-0.07586191333200998,170372.93702043348,1000000.0,678.2235967553783,1000000.0,169694.7134236781,250204673.26040795
2016,2025-04-30,1425.68,0.013968330908091797,172065.06533413383,1000000.0,701.419673419,1000000.0,171363.64566071483,244309722.34556794
2016,2025-05-31,1381.13,0.0917826748613293,187091.85943344425,1000000.0,724.0448038924648,999999.9999999999,186367.81462955178,257398179.81931287
2016,2025-06-30,1353.5,0.06385860116032993,198269.00257310263,1000000.0,738.8252678241596,1000000.0,197530.17730527846,267357094.9826944
2016,2025-07-31,1396.19,0.02423669362683789,202317.65569468145,1000000.0,716.2348963966222,999999.9999999999,201601.42079828482,281473887.70435727
2016,2025-08-31,1389.76,0.009539710876868224,203524.6400650663,1000000.0,719.548699055952,999999.9999999999,202805.09136601037,281850403.77682656
2016,2025-09-30,1404.63,0.053762321732697904,213708.363937059,1000000.0,711.9312559179285,1000000.0,212996.43268114107,299181179.2369112
2016,2025-10-31,1428.37,0.047803801864853224,223178.4719469509,1000000.0,700.0987139186626,1000000.0,222478.3732330322,317781433.9748662
2016,2025-11-30,1467.65,-0.015610312534417359,219005.41629471583,1000000.0,681.3613599972745,999999.9999999999,218324.05493471856,320423299.2249397
2016,2025-12-31,1444.55,-0.006699365349315034,216861.42232616694,1000000.0,692.2571042885328,1000000.0,216169.16522187841,312267167.62126446
