start_year,strategy,date,actual_withdrawal_krw,tax_paid_krw,ending_balance_krw,us_core_value_krw,us_core_principal_krw,us_core_gain_krw,isa_principal_krw,isa_gain_krw,pension_principal_krw,pension_gain_krw,general_krw,us_excess_krw
2002,세전 기준,2001-12-31,0.0,0.0,400000000.0,,,,,,,,,
2002,세전 기준,2002-01-31,4000000.0,0.0,395679932.6601881,,,,,,,,,
2002,세전 기준,2002-02-28,4000000.0,0.0,383947105.95342493,,,,,,,,,
2002,세전 기준,2002-03-31,4000000.0,0.0,386308816.51916194,,,,,,,,,
2002,세전 기준,2002-04-30,4000000.0,0.0,363714613.75725454,,,,,,,,,
2002,세전 기준,2002-05-31,4000000.0,0.0,343917910.15411353,,,,,,,,,
2002,세전 기준,2002-06-30,4000000.0,0.0,316748398.98899436,,,,,,,,,
2002,세전 기준,2002-07-31,4000000.0,0.0,294837128.4083011,,,,,,,,,
2002,세전 기준,2002-08-31,4000000.0,0.0,290958425.8250036,,,,,,,,,
2002,세전 기준,2002-09-30,4000000.0,0.0,264888205.26432848,,,,,,,,,
2002,세전 기준,2002-10-31,4000000.0,0.0,303346783.3461006,,,,,,,,,
2002,세전 기준,2002-11-30,4000000.0,0.0,331436487.4379367,,,,,,,,,
2002,세전 기준,2002-12-31,4000000.0,0.0,284367635.0487017,,,,,,,,,
2002,세전 기준,2003-01-31,4000000.0,0.0,276063969.55296135,,,,,,,,,
2002,세전 기준,2003-02-28,4000000.0,0.0,287198238.2768852,,,,,,,,,
2002,세전 기준,2003-03-31,4000000.0,0.0,298302208.52234995,,,,,,,,,
2002,세전 기준,2003-04-30,4000000.0,0.0,310838659.6567323,,,,,,,,,
2002,세전 기준,2003-05-31,4000000.0,0.0,331810073.4743368,,,,,,,,,
2002,세전 기준,2003-06-30,4000000.0,0.0,325732423.7832699,,,,,,,,,
2002,세전 기준,2003-07-31,4000000.0,0.0,337515284.6577316,,,,,,,,,
2002,세전 기준,2003-08-31,4000000.0,0.0,348590540.907269,,,,,,,,,
2002,세전 기준,2003-09-30,4000000.0,0.0,327319979.93257415,,,,,,,,,
2002,세전 기준,2003-10-31,4000000.0,0.0,361623159.4983588,,,,,,,,,
2002,세전 기준,2003-11-30,4000000.0,0.0,365238608.0885135,,,,,,,,,
2002,세전 기준,2003-12-31,4000000.0,0.0,369371288.13619953,,,,,,,,,
2002,세전 기준,2004-01-31,4000000.0,0.0,365879967.37095535,,,,,,,,,
2002,세전 기준,2004-02-29,4000000.0,0.0,358482090.69439507,,,,,,,,,
2002,세전 기준,2004-03-31,4000000.0,0.0,337701418.0476776,,,,,,,,,
2002,세전 기준,2004-04-30,4000000.0,0.0,331304851.82045084,,,,,,,,,
2002,세전 기준,2004-05-31,4000000.0,0.0,341713349.86120486,,,,,,,,,
2002,세전 기준,2004-06-30,4000000.0,0.0,346113198.08646214,,,,,,,,,
2002,세전 기준,2004-07-31,4000000.0,0.0,319851013.079427,,,,,,,,,
2002,세전 기준,2004-08-31,4000000.0,0.0,303077237.45286065,,,,,,,,,
2002,세전 기준,2004-09-30,4000000.0,0.0,309055214.2340688,,,,,,,,,
2002,세전 기준,2004-10-31,4000000.0,0.0,311519594.51870257,,,,,,,,,
2002,세전 기준,2004-11-30,4000000.0,0.0,305030366.6066052,,,,,,,,,
2002,세전 기준,2004-12-31,4000000.0,0.0,306380883.5562262,,,,,,,,,
2002,세전 기준,2005-01-31,4000000.0,0.0,280752743.20493144,,,,,,,,,
2002,세전 기준,2005-02-28,4000000.0,0.0,268326890.55163583,,,,,,,,,
2002,세전 기준,2005-03-31,4000000.0,0.0,263473535.1383112,,,,,,,,,
2002,세전 기준,2005-04-30,4000000.0,0.0,243451489.6018873,,,,,,,,,
2002,세전 기준,2005-05-31,4000000.0,0.0,263153160.94897422,,,,,,,,,
2002,세전 기준,2005-06-30,4000000.0,0.0,257872114.9489907,,,,,,,,,
2002,세전 기준,2005-07-31,4000000.0,0.0,271357414.18653166,,,,,,,,,
2002,세전 기준,2005-08-31,4000000.0,0.0,266498151.84381288,,,,,,,,,
2002,세전 기준,2005-09-30,4000000.0,0.0,266662684.55043423,,,,,,,,,
2002,세전 기준,2005-10-31,4000000.0,0.0,258952817.80328307,,,,,,,,,
2002,세전 기준,2005-11-30,4000000.0,0.0,269135755.01270366,,,,,,,,,
2002,세전 기준,2005-12-31,4000000.0,0.0,253373160.47469664,,,,,,,,,
2002,세전 기준,2006-01-31,4000000.0,0.0,246018966.04811627,,,,,,,,,
2002,세전 기준,2006-02-28,4000000.0,0.0,239759751.45577696,,,,,,,,,
2002,세전 기준,2006-03-31,4000000.0,0.0,240899319.37157568,,,,,,,,,
2002,세전 기준,2006-04-30,4000000.0,0.0,229360779.0620351,,,,,,,,,
2002,세전 기준,2006-05-31,4000000.0,0.0,209318677.9284764,,,,,,,,,
2002,세전 기준,2006-06-30,4000000.0,0.0,205898084.29702628,,,,,,,,,
2002,세전 기준,2006-07-31,4000000.0,0.0,194358581.62137768,,,,,,,,,
2002,세전 기준,2006-08-31,4000000.0,0.0,200953329.6729714,,,,,,,,,
2002,세전 기준,2006-09-30,4000000.0,0.0,202972933.030838,,,,,,,,,
2002,세전 기준,2006-10-31,4000000.0,0.0,207755742.35790873,,,,,,,,,
2002,세전 기준,2006-11-30,4000000.0,0.0,207868982.81668246,,,,,,,,,
2002,세전 기준,2006-12-31,4000000.0,0.0,200183143.1591626,,,,,,,,,
2002,세전 기준,2007-01-31,4000000.0,0.0,202821447.03454465,,,,,,,,,
2002,세전 기준,2007-02-28,4000000.0,0.0,195691303.44078597,,,,,,,,,
2002,세전 기준,2007-03-31,4000000.0,0.0,192467963.4118105,,,,,,,,,
2002,세전 기준,2007-04-30,4000000.0,0.0,197031352.80690536,,,,,,,,,
2002,세전 기준,2007-05-31,4000000.0,0.0,198461534.67015696,,,,,,,,,
2002,세전 기준,2007-06-30,4000000.0,0.0,194380631.63322395,,,,,,,,,
2002,세전 기준,2007-07-31,4000000.0,0.0,189337356.52003828,,,,,,,,,
2002,세전 기준,2007-08-31,4000000.0,0.0,194721277.53876975,,,,,,,,,
2002,세전 기준,2007-09-30,4000000.0,0.0,195595916.26699594,,,,,,,,,
2002,세전 기준,2007-10-31,4000000.0,0.0,202985285.4214935,,,,,,,,,
2002,세전 기준,2007-11-30,4000000.0,0.0,188972460.82078198,,,,,,,,,
2002,세전 기준,2007-12-31,4000000.0,0.0,187893064.6523083,,,,,,,,,
2002,세전 기준,2008-01-31,4000000.0,0.0,162897292.714949,,,,,,,,,
2002,세전 기준,2008-02-29,4000000.0,0.0,150929978.37866,,,,,,,,,
2002,세전 기준,2008-03-31,4000000.0,0.0,157225136.57799014,,,,,,,,,
2002,세전 기준,2008-04-30,4000000.0,0.0,168592260.74894705,,,,,,,,,
2002,세전 기준,2008-05-31,4000000.0,0.0,178767406.1959705,,,,,,,,,
2002,세전 기준,2008-06-30,4000000.0,0.0,160453743.49475798,,,,,,,,,
2002,세전 기준,2008-07-31,4000000.0,0.0,152038343.556419,,,,,,,,,
2002,세전 기준,2008-08-31,4000000.0,0.0,162063857.63688606,,,,,,,,,
2002,세전 기준,2008-09-30,4000000.0,0.0,147557769.14046705,,,,,,,,,
2002,세전 기준,2008-10-31,4000000.0,0.0,128090014.91278201,,,,,,,,,
2002,세전 기준,2008-11-30,4000000.0,0.0,126319192.79220988,,,,,,,,,
2002,세전 기준,2008-12-31,4000000.0,0.0,107066250.5974244,,,,,,,,,
2002,세전 기준,2009-01-31,4000000.0,0.0,110400259.5790094,,,,,,,,,
2002,세전 기준,2009-02-28,4000000.0,0.0,112168147.5058773,,,,,,,,,
2002,세전 기준,2009-03-31,4000000.0,0.0,106783144.83573617,,,,,,,,,
2002,세전 기준,2009-04-30,4000000.0,0.0,108345645.68166956,,,,,,,,,
2002,세전 기준,2009-05-31,4000000.0,0.0,105370464.32623167,,,,,,,,,
2002,세전 기준,2009-06-30,4000000.0,0.0,106609886.60333237,,,,,,,,,
2002,세전 기준,2009-07-31,4000000.0,0.0,106949473.21647142,,,,,,,,,
2002,세전 기준,2009-08-31,4000000.0,0.0,106812672.16285816,,,,,,,,,
2002,세전 기준,2009-09-30,4000000.0,0.0,102244695.67932464,,,,,,,,,
2002,세전 기준,2009-10-31,4000000.0,0.0,95713406.79428698,,,,,,,,,
2002,세전 기준,2009-11-30,4000000.0,0.0,96273318.6870104,,,,,,,,,
2002,세전 기준,2009-12-31,4000000.0,0.0,97217016.94652596,,,,,,,,,
2002,세전 기준,2010-01-31,4000000.0,0.0,86540332.75405511,,,,,,,,,
2002,세전 기준,2010-02-28,4000000.0,0.0,86547974.33730794,,,,,,,,,
2002,세전 기준,2010-03-31,4000000.0,0.0,86985586.91815448,,,,,,,,,
2002,세전 기준,2010-04-30,4000000.0,0.0,83112282.82135384,,,,,,,,,
2002,세전 기준,2010-05-31,4000000.0,0.0,78977080.29751912,,,,,,,,,
2002,세전 기준,2010-06-30,4000000.0,0.0,71895774.34521464,,,,,,,,,
2002,세전 기준,2010-07-31,4000000.0,0.0,70660202.27532762,,,,,,,,,
2002,세전 기준,2010-08-31,4000000.0,0.0,63942836.8477321,,,,,,,,,
2002,세전 기준,2010-09-30,4000000.0,0.0,64868448.14570515,,,,,,,,,
2002,세전 기준,2010-10-31,4000000.0,0.0,64005634.81860036,,,,,,,,,
2002,세전 기준,2010-11-30,4000000.0,0.0,61782526.4241148,,,,,,,,,
2002,세전 기준,2010-12-31,4000000.0,0.0,59233860.698765285,,,,,,,,,
2002,세전 기준,2011-01-31,4000000.0,0.0,56289324.678099774,,,,,,,,,
2002,세전 기준,2011-02-28,4000000.0,0.0,54307125.77656976,,,,,,,,,
2002,세전 기준,2011-03-31,4000000.0,0.0,48791133.958363324,,,,,,,,,
2002,세전 기준,2011-04-30,4000000.0,0.0,44873210.93150659,,,,,,,,,
2002,세전 기준,2011-05-31,4000000.0,0.0,40724641.508733,,,,,,,,,
2002,세전 기준,2011-06-30,4000000.0,0.0,35466719.990359925,,,,,,,,,
2002,세전 기준,2011-07-31,4000000.0,0.0,31641389.521244697,,,,,,,,,
2002,세전 기준,2011-08-31,4000000.0,0.0,26319621.941433523,,,,,,,,,
2002,세전 기준,2011-09-30,4000000.0,0.0,23902107.70025167,,,,,,,,,
2002,세전 기준,2011-10-31,4000000.0,0.0,20849882.513673782,,,,,,,,,
2002,세전 기준,2011-11-30,4000000.0,0.0,16799453.523215096,,,,,,,,,
2002,세전 기준,2011-12-31,4000000.0,0.0,12966471.128701713,,,,,,,,,
2002,미국계좌,2001-12-31,0.0,0.0,400000000.0,,,,,,,,,
2002,미국계좌,2002-01-31,4000000.0,0.0,395679932.6601881,,,,,,,,,
2002,미국계좌,2002-02-28,4000000.0,0.0,383947105.95342493,,,,,,,,,
2002,미국계좌,2002-03-31,4000000.0,0.0,386308816.51916194,,,,,,,,,
2002,미국계좌,2002-04-30,4000000.0,0.0,363714613.75725454,,,,,,,,,
2002,미국계좌,2002-05-31,4000000.0,0.0,343917910.15411353,,,,,,,,,
2002,미국계좌,2002-06-30,4000000.0,0.0,316748398.98899436,,,,,,,,,
2002,미국계좌,2002-07-31,4000000.0,0.0,294837128.4083011,,,,,,,,,
2002,미국계좌,2002-08-31,4000000.0,0.0,290958425.8250036,,,,,,,,,
2002,미국계좌,2002-09-30,4000000.0,0.0,264888205.26432848,,,,,,,,,
2002,미국계좌,2002-10-31,4000000.0,0.0,303346783.3461006,,,,,,,,,
2002,미국계좌,2002-11-30,4000000.0,0.0,331436487.4379367,,,,,,,,,
2002,미국계좌,2002-12-31,4000000.0,0.0,284367635.0487017,,,,,,,,,
2002,미국계좌,2003-01-31,4000000.0,0.0,276063969.55296135,,,,,,,,,
2002,미국계좌,2003-02-28,4000000.0,0.0,287198238.2768852,,,,,,,,,
2002,미국계좌,2003-03-31,4000000.0,0.0,298302208.52234995,,,,,,,,,
2002,미국계좌,2003-04-30,4000000.0,0.0,310838659.6567323,,,,,,,,,
2002,미국계좌,2003-05-31,4000000.0,0.0,331810073.4743368,,,,,,,,,
2002,미국계좌,2003-06-30,4000000.0,0.0,325732423.7832699,,,,,,,,,
2002,미국계좌,2003-07-31,4000000.0,0.0,337515284.6577316,,,,,,,,,
2002,미국계좌,2003-08-31,4000000.0,0.0,348590540.907269,,,,,,,,,
2002,미국계좌,2003-09-30,4000000.0,0.0,327319979.93257415,,,,,,,,,
2002,미국계좌,2003-10-31,4000000.0,0.0,361623159.4983588,,,,,,,,,
2002,미국계좌,2003-11-30,4000000.0,0.0,365238608.0885135,,,,,,,,,
2002,미국계좌,2003-12-31,4000000.0,0.0,369371288.13619953,,,,,,,,,
2002,미국계좌,2004-01-31,4000000.0,0.0,365879967.37095535,,,,,,,,,
2002,미국계좌,2004-02-29,4000000.0,0.0,358482090.69439507,,,,,,,,,
2002,미국계좌,2004-03-31,4000000.0,0.0,337701418.0476776,,,,,,,,,
2002,미국계좌,2004-04-30,4000000.0,0.0,331304851.82045084,,,,,,,,,
2002,미국계좌,2004-05-31,4000000.0,0.0,341713349.86120486,,,,,,,,,
2002,미국계좌,2004-06-30,4000000.0,0.0,346113198.08646214,,,,,,,,,
2002,미국계좌,2004-07-31,4000000.0,0.0,319851013.079427,,,,,,,,,
2002,미국계좌,2004-08-31,4000000.0,0.0,303077237.45286065,,,,,,,,,
2002,미국계좌,2004-09-30,4000000.0,0.0,309055214.2340688,,,,,,,,,
2002,미국계좌,2004-10-31,4000000.0000000005,107917.62217035155,311411676.8965322,,,,,,,,,
2002,미국계좌,2004-11-30,4000000.0,112204.54309621577,304811106.7676963,,,,,,,,,
2002,미국계좌,2004-12-31,4000000.0,126297.10149922407,306031480.5938711,,,,,,,,,
2002,미국계좌,2005-01-31,4000000.0,0.0,280428005.4116994,,,,,,,,,
2002,미국계좌,2005-02-28,4000000.0,0.0,268011898.67491913,,,,,,,,,
2002,미국계좌,2005-03-31,4000000.0,0.0,263159545.02486396,,,,,,,,,
2002,미국계좌,2005-04-30,4000000.0,0.0,243156593.4892587,,,,,,,,,
2002,미국계좌,2005-05-31,4000000.0,0.0,262829554.67829946,,,,,,,,,
2002,미국계좌,2005-06-30,4000000.0,0.0,257550084.01382443,,,,,,,,,
2002,미국계좌,2005-07-31,4000000.0,0.0,271013547.5935384,,,,,,,,,
2002,미국계좌,2005-08-31,4000000.0,0.0,266155374.1159062,,,,,,,,,
2002,미국계좌,2005-09-30,4000000.0,0.0,266314550.27859244,,,,,,,,,
2002,미국계좌,2005-10-31,4000000.0,0.0,258609526.84786117,,,,,,,,,
2002,미국계좌,2005-11-30,4000000.0,0.0,268773661.890514,,,,,,,,,
2002,미국계좌,2005-12-31,4000000.0,0.0,253026892.65442985,,,,,,,,,
2002,미국계좌,2006-01-31,4000000.0,0.0,245677282.17664132,,,,,,,,,
2002,미국계좌,2006-02-28,4000000.0,0.0,239421205.2984417,,,,,,,,,
2002,미국계좌,2006-03-31,4000000.0,0.0,240553516.02883843,,,,,,,,,
2002,미국계좌,2006-04-30,4000000.0,0.0,229025797.05513722,,,,,,,,,
2002,미국계좌,2006-05-31,4000000.0,0.0,209007125.4514857,,,,,,,,,
2002,미국계좌,2006-06-30,4000000.0,0.0,205585669.42451936,,,,,,,,,
2002,미국계좌,2006-07-31,4000000.0,0.0,194057606.64533812,,,,,,,,,
2002,미국계좌,2006-08-31,4000000.0,0.0,200635948.14562663,,,,,,,,,
2002,미국계좌,2006-09-30,4000000.0,0.0,202646044.2666097,,,,,,,,,
2002,미국계좌,2006-10-31,4000000.0,0.0,207414708.84223744,,,,,,,,,
2002,미국계좌,2006-11-30,4000000.0,0.0,207521197.36800307,,,,,,,,,
2002,미국계좌,2006-12-31,4000000.0,0.0,199841524.48621702,,,,,,,,,
2002,미국계좌,2007-01-31,4000000.0,0.0,202468499.89245465,,,,,,,,,
2002,미국계좌,2007-02-28,4000000.0,0.0,195343803.33229077,,,,,,,,,
2002,미국계좌,2007-03-31,4000000.0,0.0,192119084.1443059,,,,,,,,,
2002,미국계좌,2007-04-30,4000000.0,0.0,196666951.01312393,,,,,,,,,
2002,미국계좌,2007-05-31,4000000.0,0.0,198087089.9670449,,,,,,,,,
2002,미국계좌,2007-06-30,4000000.0,0.0,194006339.57285798,,,,,,,,,
2002,미국계좌,2007-07-31,4000000.0,0.0,188965073.35113624,,,,,,,,,
2002,미국계좌,2007-08-31,4000000.0,99173.55843675468,194231369.74652866,,,,,,,,,
2002,미국계좌,2007-09-30,4000000.0,225898.0058452876,194867846.15179172,,,,,,,,,
2002,미국계좌,2007-10-31,4000000.0000000005,267211.6378405452,201947608.819565,,,,,,,,,
2002,미국계좌,2007-11-30,4000000.0000000005,230358.63003876584,187755611.9286807,,,,,,,,,
2002,미국계좌,2007-12-31,3999999.9999999995,241661.43091104963,186415747.70783788,,,,,,,,,
2002,미국계좌,2008-01-31,4000000.0,0.0,161585055.89040047,,,,,,,,,
2002,미국계좌,2008-02-29,4000000.0,0.0,149681923.1196279,,,,,,,,,
2002,미국계좌,2008-03-31,4000000.0,0.0,155891949.61436716,,,,,,,,,
2002,미국계좌,2008-04-30,4000000.0,0.0,167128768.60601875,,,,,,,,,
2002,미국계좌,2008-05-31,4000000.0,0.0,177180864.4308684,,,,,,,,,
2002,미국계좌,2008-06-30,3999999.9999999995,27315.526535149158,158966918.4411013,,,,,,,,,
2002,미국계좌,2008-07-31,3999999.9999999995,211921.92383121827,150380511.3441915,,,,,,,,,
2002,미국계좌,2008-08-31,4000000.0,276456.43966861605,159976634.21543282,,,,,,,,,
2002,미국계좌,2008-09-30,4000000.0000000005,227779.72184279253,145378074.10532874,,,,,,,,,
2002,미국계좌,2008-10-31,4000000.0000000005,142604.5336853044,125996202.03965199,,,,,,,,,
2002,미국계좌,2008-11-30,4000000.0,156268.4597456306,124032672.38683021,,,,,,,,,
2002,미국계좌,2008-12-31,4000000.0,50832.58947005724,105004993.12534946,,,,,,,,,
2002,미국계좌,2009-01-31,4000000.0,0.0,108197806.53195915,,,,,,,,,
2002,미국계좌,2009-02-28,4000000.0,0.0,109850626.77340658,,,,,,,,,
2002,미국계좌,2009-03-31,4000000.0,0.0,104494239.82416262,,,,,,,,,
2002,미국계좌,2009-04-30,4000000.0,0.0,105937508.03199825,,,,,,,,,
2002,미국계좌,2009-05-31,4000000.0,0.0,102939548.60969365,,,,,,,,,
2002,미국계좌,2009-06-30,4000000.0,0.0,104058096.46491128,,,,,,,,,
2002,미국계좌,2009-07-31,4000000.0000000005,74182.09826154377,104219629.61591204,,,,,,,,,
2002,미국계좌,2009-08-31,4000000.0,276222.65031145426,103707999.2652754,,,,,,,,,
2002,미국계좌,2009-09-30,4000000.0,272428.0753877518,98884103.80737357,,,,,,,,,
2002,미국계좌,2009-10-31,4000000.0,254405.27534438088,92181608.37721512,,,,,,,,,
2002,미국계좌,2009-11-30,3999999.9999999995,287627.9608829071,92285632.81287745,,,,,,,,,
2002,미국계좌,2009-12-31,4000000.0,322231.3495879657,92702329.42939138,,,,,,,,,
2002,미국계좌,2010-01-31,4000000.0,0.0,82335705.59184973,,,,,,,,,
2002,미국계좌,2010-02-28,4000000.0,0.0,82148632.89424558,,,,,,,,,
2002,미국계좌,2010-03-31,4000000.0,0.0,82360676.09481883,,,,,,,,,
2002,미국계좌,2010-04-30,4000000.0,68599.8447798694,78412035.89640845,,,,,,,,,
2002,미국계좌,2010-05-31,4000000.0,338366.39219915884,73946113.08544263,,,,,,,,,
2002,미국계좌,2010-06-30,3999999.9999999995,311407.0498058037,66749684.23511439,,,,,,,,,
2002,미국계좌,2010-07-31,4000000.0,336984.2660501023,64979258.20014694,,,,,,,,,
2002,미국계좌,2010-08-31,3999999.9999999995,310386.0274913295,58169977.68809318,,,,,,,,,
2002,미국계좌,2010-09-30,3999999.9999999995,360117.33498743497,58290779.77157966,,,,,,,,,
2002,미국계좌,2010-10-31,4000000.0,390452.77136492264,56719402.57053385,,,,,,,,,
2002,미국계좌,2010-11-30,4000000.0,407580.3449264189,53886437.188540146,,,,,,,,,
2002,미국계좌,2010-12-31,4000000.0,421841.830359244,50730442.479641505,,,,,,,,,
2002,미국계좌,2011-01-31,4000000.0,0.0,47634387.5215705,,,,,,,,,
2002,미국계좌,2011-02-28,4000000.0,0.0,45341935.44501124,,,,,,,,,
2002,미국계좌,2011-03-31,3999999.9999999995,101253.22685246683,39974955.07511159,,,,,,,,,
2002,미국계좌,2011-04-30,4000000.0000000005,437678.1999651478,35604523.17683935,,,,,,,,,
2002,미국계좌,2011-05-31,3999999.9999999995,435694.11900955933,31050947.066621583,,,,,,,,,
2002,미국계좌,2011-06-30,3999999.9999999995,416684.2049559582,25675146.880924813,,,,,,,,,
2002,미국계좌,2011-07-31,4000000.0,419689.4270017046,21381904.609518763,,,,,,,,,
2002,미국계좌,2011-08-31,4000000.0,393228.85480736924,16095481.469153821,,,,,,,,,
2002,미국계좌,2011-09-30,4000000.0,429231.89280140935,12634001.706794677,,,,,,,,,
2002,미국계좌,2011-10-31,4000000.0000000005,452377.4669030919,8682592.136137232,,,,,,,,,
2002,미국계좌,2011-11-30,4000000.0,450955.2947968813,4210636.514086574,,,,,,,,,
2002,미국계좌,2011-12-31,3816681.456350906,435816.5639558227,0.0,,,,,,,,,
2002,절세계좌,2001-12-31,0.0,0.0,400000000.0,50000000.0,50000000.0,0.0,200000000.0,0.0,36000000.0,0.0,114000000.0,0.0
2002,절세계좌,2002-01-31,4000000.0,0.0,395679932.6601881,49679932.66018808,49679932.66018808,0.0,200000000.0,0.0,36000000.0,0.0,110000000.0,0.0
2002,절세계좌,2002-02-28,4000000.0,0.0,383947105.9534248,43889638.74968458,43889638.74968458,0.0,198057467.20374024,0.0,36000000.0,0.0,106000000.0,0.0
2002,절세계좌,2002-03-31,4000000.0,0.0,386308816.5191619,46926310.493346475,46926310.493346475,0.0,200000000.0,1382506.0258154273,36000000.0,0.0,102000000.0,0.0
2002,절세계좌,2002-04-30,4000000.0,0.0,363714613.7572545,40298058.57586256,40298058.57586256,0.0,189416555.18139195,0.0,36000000.0,0.0,98000000.0,0.0
2002,절세계좌,2002-05-31,4000000.0,0.0,343917910.15411353,35949302.46947119,35949302.46947119,0.0,177968607.68464231,0.0,36000000.0,0.0,94000000.0,0.0
2002,절세계좌,2002-06-30,4000000.0,0.0,316748398.98899436,30867931.16500817,30867931.16500817,0.0,159880467.82398617,0.0,36000000.0,0.0,90000000.0,0.0
2002,절세계좌,2002-07-31,4000000.0,0.0,294837128.4083011,27691929.524933945,27691929.524933945,0.0,145145198.88336715,0.0,36000000.0,0.0,86000000.0,0.0
2002,절세계좌,2002-08-31,4000000.0,0.0,290958425.82500356,27709654.54998451,27709654.54998451,0.0,145238103.29018578,0.0,36000000.0,10667.984833277762,82000000.0,0.0
2002,절세계좌,2002-09-30,4000000.0,0.0,264888205.26432848,24966729.785803255,24966729.785803255,0.0,130861266.16654909,0.0,32446042.059521496,0.0,76614167.25245464,0.0
2002,절세계좌,2002-10-31,4000000.0,0.0,303346783.3461006,29492581.0478341,29492581.0478341,0.0,154583180.55870166,0.0,36000000.0,2327707.8468642905,80943313.8927006,0.0
2002,절세계좌,2002-11-30,4000000.0,109640.4825358197,331326846.9554009,32612469.7385597,32612469.7385597,0.0,170935846.20092782,0.0,36000000.0,6382225.220536083,85396305.7953773,0.0
2002,절세계좌,2002-12-31,4000000.0,30888.417282374943,284241353.49320793,28374609.097216047,28374609.097216047,0.0,148723413.33040592,0.0,36000000.0,874823.7390006781,70268507.32658531,0.0
2002,절세계좌,2003-01-31,4000000.0,21774.72946466302,275721851.8681793,27945183.202437643,27945183.202437643,0.0,146472609.28848612,0.0,72000000.0,316754.22957895696,28987305.14767659,0.0
2002,절세계좌,2003-02-28,4000000.0,53245.738115841035,286784119.41485816,29477182.879214868,29477182.879214868,0.0,154502472.19763687,0.0,72000000.0,4281274.458440036,26523189.879566383,0.0
2002,절세계좌,2003-03-31,4000000.0,82359.76544346196,297783951.0740633,31027409.9829708,31027409.9829708,0.0,162627872.8161255,0.0,72000000.0,8292963.75924845,23835704.51571852,0.0
2002,절세계좌,2003-04-30,4000000.0,111857.06558576263,310179815.42271775,32747421.54960123,32747421.54960123,0.0,171643186.12953973,0.0,72000000.0,12744022.563729495,21045185.1798473,0.0
2002,절세계좌,2003-05-31,4000000.0,152101.19066730276,330946199.39519775,35378205.6865477,35378205.6865477,0.0,185432246.45603254,0.0,72000000.0,19551985.44178416,18583761.81083332,0.0
2002,절세계좌,2003-06-30,4000000.0,148916.2473081157,324725042.6588245,35156682.82153787,35156682.82153787,0.0,184271150.75592563,0.0,72000000.0,18978726.91386187,14318482.167499125,0.0
2002,절세계좌,2003-07-31,4000000.0,172538.80915101565,336286553.62958705,36860145.52056933,36860145.52056933,0.0,193199724.40474612,0.0,72000000.0,23386960.43492064,10839723.269350959,0.0
2002,절세계좌,2003-08-31,4000000.0,193608.078512416,347113320.03390974,38506518.77943173,38506518.77943173,0.0,200000000.0,1829067.9786085784,72000000.0,27647457.47545953,7130275.800409905,0.0
2002,절세계좌,2003-09-30,4000000.0,169039.91444464147,325746906.5384959,36598752.783336274,36598752.783336274,0.0,191829653.72049862,0.0,72000000.0,22710526.353277862,2607973.681383156,0.0
2002,절세계좌,2003-10-31,4000000.0,152742.90805805544,359713261.2080227,40881560.69513153,40881560.69513153,0.0,200000000.0,14277674.382152557,70760417.41130985,33793608.71942879,0.0,0.0
2002,절세계좌,2003-11-30,4000000.0,0.0,363288489.11025834,41742488.47473209,41742488.47473209,0.0,200000000.0,18790163.614144295,66760417.41130985,35995419.61007209,0.0,0.0
2002,절세계좌,2003-12-31,4000000.0,0.0,367377746.3287203,42671958.40381732,42671958.40381732,0.0,200000000.0,23661911.449256778,62760417.41130985,38283459.064336315,0.0,0.0
2002,절세계좌,2004-01-31,4000000.0,0.0,363883680.1597221,42730724.04111391,42730724.04111391,0.0,200000000.0,23969927.187388778,58760417.41130985,38422611.519909546,0.0,0.0
2002,절세계좌,2004-02-29,4000000.0,0.0,356504342.72651935,42333889.71417568,42333889.71417568,0.0,200000000.0,21889949.435916603,54760417.41130985,37520086.16511722,0.0,0.0
2002,절세계좌,2004-03-31,4000000.0,0.0,335816249.1572179,40352225.45926197,40352225.45926197,0.0,200000000.0,11503202.924066365,50760417.41130985,33200403.362579733,0.0,0.0
2002,절세계좌,2004-04-30,4000000.0,0.0,329433061.4112591,40065857.75228523,40065857.75228523,0.0,200000000.0,10002227.78452304,46760417.41130985,32604558.46314101,0.0,0.0
2002,절세계좌,2004-05-31,4000000.0,0.0,339760155.0044315,41808327.956850134,41808327.956850134,0.0,200000000.0,19135256.386310875,42760417.41130985,36056153.2499606,0.0,0.0
2002,절세계좌,2004-06-30,4000000.0,0.0,344111990.647336,42836042.002941586,42836042.002941586,0.0,200000000.0,24521943.488806307,38760417.41130985,37993587.74427828,0.0,0.0
2002,절세계좌,2004-07-31,4000000.0,0.0,317978524.36727685,40080804.99576918,40080804.99576918,0.0,200000000.0,10080572.654868126,34760417.41130985,33056729.305329695,0.0,0.0
2002,절세계좌,2004-08-31,4000000.0,0.0,301279529.6533673,38480112.20752725,38480112.20752725,0.0,200000000.0,1690659.8865522444,30760417.411309853,30348340.147977963,0.0,0.0
2002,절세계좌,2004-09-30,4000000.0,0.0,307198321.89523655,39746963.0913872,39746963.0913872,0.0,200000000.0,8330765.023605198,26760417.411309853,32360176.368934296,0.0,0.0
2002,절세계좌,2004-10-31,4000000.0,0.0,309623862.3296656,40578333.903941855,40578333.903941855,0.0,200000000.0,12688333.600595117,22760417.411309853,33596777.4138188,0.0,0.0
2002,절세계좌,2004-11-30,4000000.0,0.0,303149782.4517909,40254088.74197649,40254088.74197649,0.0,200000000.0,10988826.584370166,18760417.411309853,33146449.714134403,0.0,0.0
2002,절세계좌,2004-12-31,4000000.0,0.0,304467312.2024406,40960182.97941766,40960182.97941766,0.0,200000000.0,14689767.265716314,14760417.411309853,34056944.54599682,0.0,0.0
2002,절세계좌,2005-01-31,4000000.0,0.0,278974255.31109124,38068708.23722481,38068708.23722481,0.0,199534316.42781314,0.0,10760417.411309853,30610813.234743446,0.0,0.0
2002,절세계좌,2005-02-28,4000000.0,0.0,266601778.01138297,36926203.54556442,36926203.54556442,0.0,193545962.6532265,0.0,6760417.411309853,29369194.40128219,0.0,0.0
2002,절세계좌,2005-03-31,4000000.0,0.0,261753908.94391727,36808767.77300972,36808767.77300972,0.0,192930431.74382824,0.0,2760417.411309853,29254292.015769478,0.0,0.0
2002,절세계좌,2005-04-30,4000000.0,0.0,241836435.31137636,34570395.888375364,34570395.888375364,0.0,179958588.60328096,0.0,0.0,27307450.81972003,0.0,0.0
2002,절세계좌,2005-05-31,4000000.0,0.0,261380870.0522549,37936060.90453474,37936060.90453474,0.0,193478790.8009985,0.0,0.0,29966018.346721627,0.0,0.0
2002,절세계좌,2005-06-30,4000000.0,0.0,256108451.67489183,37751385.79403395,37751385.79403395,0.0,188536923.98038554,0.0,0.0,29820141.90047235,0.0,0.0
2002,절세계좌,2005-07-31,4000000.0,0.0,269474163.8058238,40311159.5693842,40311159.5693842,0.0,186760417.41130984,10560457.768198729,0.0,31842129.05693101,0.0,0.0
2002,절세계좌,2005-08-31,4000000.0,0.0,264620864.838526,40183512.93215067,40183512.93215067,0.0,182760417.41130984,9935634.606530845,0.0,31741299.888534665,0.0,0.0
2002,절세계좌,2005-09-30,4000000.0,0.0,264756061.420003,40811455.575336285,40811455.575336285,0.0,178760417.41130984,12946871.290586412,0.0,32237317.142770447,0.0,0.0
2002,절세계좌,2005-10-31,4000000.0,0.0,257072720.01051894,40243678.1144702,40243678.1144702,0.0,174760417.41130984,10279799.605094641,0.0,31788824.879644252,0.0,0.0
2002,절세계좌,2005-11-30,4000000.0,0.0,267152683.60038772,42447838.56584347,42447838.56584347,0.0,170760417.41130984,20414517.587406367,0.0,33529910.03582804,0.0,0.0
2002,절세계좌,2005-12-31,4000000.0,0.0,251476759.3190394,40592653.200222954,40592653.200222954,0.0,166760417.41130984,12059205.42862761,0.0,32064483.278878998,0.0,0.0
2002,절세계좌,2006-01-31,4000000.0,0.0,244147669.7542958,40055281.16417459,40055281.16417459,0.0,162760417.41130984,9691962.658441514,0.0,31640008.52036985,0.0,0.0
2002,절세계좌,2006-02-28,4000000.0,0.0,237905639.44641027,39687449.865799576,39687449.865799576,0.0,158760417.41130984,8108316.731480658,0.0,31349455.437820196,0.0,0.0
2002,절세계좌,2006-03-31,4000000.0,0.0,239005462.01488623,40538202.93319987,40538202.93319987,0.0,154760417.41130984,11685369.122229517,0.0,32021472.548146997,0.0,0.0
2002,절세계좌,2006-04-30,4000000.0,0.0,227526186.79609463,39269627.838486165,39269627.838486165,0.0,150760417.41130984,6476727.294558495,0.0,31019414.25174014,0.0,0.0
2002,절세계좌,2006-05-31,4000000.0,0.0,207612401.91080385,36523005.92763269,36523005.92763269,0.0,142239561.82513824,0.0,0.0,28849834.15803293,0.0,0.0
2002,절세계좌,2006-06-30,4000000.0,0.0,204187085.207333,36624103.74863215,36624103.74863215,0.0,138633289.26884678,0.0,0.0,28929692.189854078,0.0,0.0
2002,절세계좌,2006-07-31,4000000.0,0.0,192710235.2866084,35283015.36916133,35283015.36916133,0.0,129556864.88663349,0.0,0.0,27870355.030813567,0.0,0.0
2002,절세계좌,2006-08-31,4000000.0,0.0,199215129.75945628,37206340.05705697,37206340.05705697,0.0,132619184.08230557,0.0,0.0,29389605.620093744,0.0,0.0
2002,절세계좌,2006-09-30,4000000.0,0.0,201182664.93784523,38320864.55837211,38320864.55837211,0.0,130760417.41130984,1831404.930429086,0.0,30269978.03773419,0.0,0.0
2002,절세계좌,2006-10-31,4000000.0,0.0,205888007.86055207,39979040.56065489,39979040.56065489,0.0,126760417.41130984,7568764.471759677,0.0,31579785.416827668,0.0,0.0
2002,절세계좌,2006-11-30,4000000.0,0.0,205964270.08222115,40770563.36176115,40770563.36176115,0.0,122760417.41130984,10228273.274955899,0.0,32205016.034194253,0.0,0.0
2002,절세계좌,2006-12-31,4000000.0,0.0,198312203.93740976,40047638.0014599,40047638.0014599,0.0,118760417.41130984,7870177.403743759,0.0,31633971.120896254,0.0,0.0
2002,절세계좌,2007-01-31,4000000.0,0.0,200888465.31065923,41375663.859928995,41375663.859928995,0.0,114760417.41130984,12069393.956330061,0.0,32682990.08309032,0.0,0.0
2002,절세계좌,2007-02-28,4000000.0,0.0,193788153.4257673,40737113.19843701,40737113.19843701,0.0,110760417.41130984,10112029.351380631,0.0,32178593.464639805,0.0,0.0
2002,절세계좌,2007-03-31,4000000.0,0.0,190557260.17184246,40898790.72114764,40898790.72114764,0.0,106760417.41130984,10591748.119408458,0.0,32306303.919976518,0.0,0.0
2002,절세계좌,2007-04-30,4000000.0,0.0,195035637.5183227,42718481.98054083,42718481.98054083,0.0,102760417.41130984,15813044.547048122,0.0,33743693.57942393,0.0,0.0
2002,절세계좌,2007-05-31,4000000.0,0.0,196410817.49070826,43895802.86258191,43895802.86258191,0.0,98760417.41130984,19080927.822560325,0.0,34673669.3942562,0.0,0.0
2002,절세계좌,2007-06-30,4000000.0,0.0,192330750.4306208,43877908.69600652,43877908.69600652,0.0,94760417.41130984,19032889.683978274,0.0,34659534.63932614,0.0,0.0
2002,절세계좌,2007-07-31,4000000.0,0.0,187298477.39117923,43642408.22573563,43642408.22573563,0.0,90760417.41130984,18422140.94660604,0.0,34473510.807527736,0.0,0.0
2002,절세계좌,2007-08-31,4000000.0,0.0,192581347.66607648,45805409.33330732,45805409.33330732,0.0,86760417.41130984,23833437.074770197,0.0,36182083.84668912,0.0,0.0
2002,절세계좌,2007-09-30,4000000.0,0.0,193402415.54079875,46952098.71990471,46952098.71990471,0.0,82760417.41130984,26602035.827797145,0.0,37087863.58178705,0.0,0.0
2002,절세계좌,2007-10-31,4000000.0,0.0,200664059.1783831,49686075.96802602,49686075.96802602,0.0,78760417.41130984,32970110.250585303,0.0,39247455.548461944,0.0,0.0
2002,절세계좌,2007-11-30,4000000.0,0.0,186765735.6420348,47235169.42703005,47235169.42703005,0.0,74760417.41130984,27458685.253938496,0.0,37311463.54975641,0.0,0.0
2002,절세계좌,2007-12-31,4000000.0,0.0,185652234.1336392,47965197.58146157,47965197.58146157,0.0,70760417.41130984,29038500.120097414,0.0,37888119.020770356,0.0,0.0
2002,절세계좌,2008-01-31,4000000.0,0.0,160906859.76474422,42605413.008176245,42605413.008176245,0.0,66760417.41130984,17886649.912309483,0.0,33654379.43294866,0.0,0.0
2002,절세계좌,2008-02-29,4000000.0,0.0,149036897.59874168,40521580.23105603,40521580.23105603,0.0,62760417.41130984,13746557.82255064,0.0,32008342.13382517,0.0,0.0
2002,절세계좌,2008-03-31,4000000.0,0.0,155202925.94379947,43285617.45843137,43285617.45843137,0.0,58760417.41130984,18965212.339340746,0.0,34191678.7347175,0.0,0.0
2002,절세계좌,2008-04-30,4000000.0,0.0,166372400.02780592,47516337.003523335,47516337.003523335,0.0,54760417.41130984,26562085.394379184,0.0,37533560.21859357,0.0,0.0
2002,절세계좌,2008-05-31,4000000.0,0.0,176360900.79461378,51511484.73535023,50000000.0,1511484.7353502288,50760417.41130984,33399637.131722584,0.0,40689361.51623112,0.0,0.0
2002,절세계좌,2008-06-30,4000000.0,0.0,158239923.7028009,47387030.320364825,47387030.320364825,0.0,46760417.41130984,26661056.205376014,0.0,37431419.76575023,0.0,0.0
2002,절세계좌,2008-07-31,4000000.0,0.0,149885444.12418675,46083024.03046829,46083024.03046829,0.0,42760417.41130984,24640628.616595805,0.0,36401374.06581282,0.0,0.0
2002,절세계좌,2008-08-31,4000000.0,0.0,159712353.55931056,50334175.9918154,50000000.0,334175.9918154031,38760417.41130984,30858364.86647676,0.0,39759395.28970856,0.0,0.0
2002,절세계좌,2008-09-30,4000000.0,0.0,145358705.65204534,47071170.192279376,47071170.192279376,0.0,34760417.41130984,26345198.894195966,0.0,37181919.15426015,0.0,0.0
2002,절세계좌,2008-10-31,4000000.0,0.0,126121468.41962335,42136931.243121676,42136931.243121676,0.0,30760417.41130984,19939798.077617884,0.0,33284321.687573954,0.0,0.0
2002,절세계좌,2008-11-30,4000000.0,0.0,124316387.26410487,42870249.254663,42870249.254663,0.0,26760417.41130984,20822144.753329508,0.0,33863575.844802536,0.0,0.0
2002,절세계좌,2008-12-31,4000000.0,0.0,105305282.24601696,37693700.70884498,37693700.70884498,0.0,22760417.41130984,15076588.166604787,0.0,29774575.959257353,0.0,0.0
2002,절세계좌,2009-01-31,4000000.0,0.0,108518665.37553895,40275708.932774484,40275708.932774484,0.0,18760417.41130984,17668412.735003233,0.0,31814126.29645139,0.0,0.0
2002,절세계좌,2009-02-28,4000000.0,0.0,110188248.9638949,42379922.96438319,42379922.96438319,0.0,14760417.411309838,19571645.66572354,0.0,33476262.922478326,0.0,0.0
2002,절세계좌,2009-03-31,4000000.0,0.0,104827693.20518298,41856634.42150189,41856634.42150189,0.0,10760417.411309838,19147728.53692676,0.0,33062912.83544449,0.0,0.0
2002,절세계좌,2009-04-30,4000000.0,0.0,106288331.52060309,44037011.902757816,44037011.902757816,0.0,6760417.411309838,20705690.58602433,0.0,34785211.620511115,0.0,0.0
2002,절세계좌,2009-05-31,4000000.0,0.0,103293690.46379265,44453548.72400992,44453548.72400992,0.0,2760417.4113098383,20965486.7171206,0.0,35114237.611352295,0.0,0.0
2002,절세계좌,2009-06-30,4000000.0,0.0,104429847.60574435,45424366.5067147,45424366.5067147,0.0,0.0,22145229.365401853,0.0,36860251.73362779,0.0,0.0
2002,절세계좌,2009-07-31,4000000.0,0.0,104680695.09391595,43273378.63010531,43273378.63010531,0.0,0.0,23046657.403277535,0.0,38360659.060533114,0.0,0.0
2002,절세계좌,2009-08-31,4000000.0,0.0,104461941.8717782,40836487.50481709,40578720.90633246,257766.5984846279,0.0,23879142.31339831,0.0,39746312.053562805,0.0,0.0
2002,절세계좌,2009-09-30,4000000.0,0.0,99906465.39875308,36619339.44454311,36582720.82743075,36618.617112360895,0.0,23752164.951945532,0.0,39534961.00226443,0.0,0.0
2002,절세계좌,2009-10-31,4000000.0,0.0,93433064.46849433,31712748.385735378,31712748.385735378,0.0,0.0,23164128.665671967,0.0,38556187.41708699,0.0,0.0
2002,절세계좌,2009-11-30,4000000.0,0.0,93884337.87013146,29223585.199076064,28574169.04024031,649416.1588357538,0.0,24267698.05396249,0.0,40393054.61709291,0.0,0.0
2002,절세계좌,2009-12-31,4000000.0,0.0,94705360.39282304,26724235.527285535,24854087.020316437,1870148.506969098,0.0,25513860.31644624,0.0,42467264.549091265,0.0,0.0
2002,절세계좌,2010-01-31,4000000.0,0.0,84201172.10832936,20888864.65801642,20859676.28895972,29188.36905670166,0.0,23761615.76899807,0.0,39550691.68131486,0.0,0.0
2002,절세계좌,2010-02-28,4000000.0,0.0,84100488.27642158,17856218.02917022,17042057.65775472,814160.3714154996,0.0,24862004.875563536,0.0,41382265.37168782,0.0,0.0
2002,절세계좌,2010-03-31,4000000.0,0.0,84412609.82159226,14771767.796560066,13410634.588292357,1361133.2082677092,0.0,26136765.451598298,0.0,43504076.5734339,0.0,0.0
2002,절세계좌,2010-04-30,4000000.0,0.0,80535558.14236207,10793283.113397526,9784493.052165862,1008790.0612316635,0.0,26174834.069893837,0.0,43567440.959070705,0.0,0.0
2002,절세계좌,2010-05-31,4000000.0,0.0,76404547.29354818,6775725.189732612,6152443.0954766255,623282.0942559866,0.0,26132254.278952327,0.0,43496567.82486324,0.0,0.0
2002,절세계좌,2010-06-30,4000000.0,0.0,69423609.21034919,2511368.97043897,2372934.900866144,138434.06957282592,0.0,25112699.360569257,0.0,41799540.879340954,0.0,0.0
2002,절세계좌,2010-07-31,4000000.0,275079.2373880412,67817901.93617046,0.0,0.0,0.0,0.0,26078295.018243805,0.0,41739606.91792665,0.0,0.0
2002,절세계좌,2010-08-31,4000000.0,790419.1616766468,60419423.12904666,0.0,0.0,0.0,0.0,25075407.183064822,0.0,35344015.945981845,0.0,0.0
2002,절세계좌,2010-09-30,4000000.0,790419.1616766468,60283201.495235905,0.0,0.0,0.0,0.0,27007002.886525687,0.0,33276198.608710214,0.0,0.0
2002,절세계좌,2010-10-31,4000000.0,790419.1616766468,58408215.98021467,0.0,0.0,0.0,0.0,28313123.380423468,0.0,30095092.5997912,0.0,0.0
2002,절세계좌,2010-11-30,4000000.0,790419.1616766468,55239295.753162414,0.0,0.0,0.0,0.0,29099137.78998525,0.0,26140157.96317716,0.0,0.0
2002,절세계좌,2010-12-31,4000000.0,790419.1616766468,51746503.73421179,0.0,0.0,0.0,0.0,29782706.081567746,0.0,21963797.652644042,0.0,0.0
2002,절세계좌,2011-01-31,4000000.0,790419.1616766468,47878134.39511402,0.0,0.0,0.0,0.0,30313391.961322606,0.0,17564742.433791414,0.0,0.0
2002,절세계좌,2011-02-28,4000000.0,790419.1616766468,44804000.74099369,0.0,0.0,0.0,0.0,31400034.871815827,0.0,13403965.869177865,0.0,0.0
2002,절세계좌,2011-03-31,4000000.0,790419.1616766468,38762870.96675935,0.0,0.0,0.0,0.0,30523498.040297356,0.0,8239372.926461988,0.0,0.0
2002,절세계좌,2011-04-30,4000000.0,790419.1616766468,34037659.12578177,0.0,0.0,0.0,0.0,30574844.998763822,0.0,3462814.1270179483,0.0,0.0
2002,절세계좌,2011-05-31,4000000.0,3190360.564042056,26734604.255629096,26734604.255629096,26734604.255629096,0.0,0.0,0.0,0.0,0.0,0.0,0.0
2002,절세계좌,2011-06-30,4000000.0,0.0,21908813.463311557,21908813.463311557,21908813.463311557,0.0,0.0,0.0,0.0,0.0,0.0,0.0
2002,절세계좌,2011-07-31,4000000.0,0.0,18016711.858509045,18016711.858509045,18016711.858509045,0.0,0.0,0.0,0.0,0.0,0.0,0.0
2002,절세계좌,2011-08-31,4000000.0,0.0,13264093.026349742,13264093.026349742,13264093.026349742,0.0,0.0,0.0,0.0,0.0,0.0,0.0
2002,절세계좌,2011-09-30,4000000.0,0.0,10061605.937612114,10061605.937612114,10061605.937612114,0.0,0.0,0.0,0.0,0.0,0.0,0.0
2002,절세계좌,2011-10-31,4000000.0,0.0,6460572.288606621,6460572.288606621,6281305.0507815825,179267.23782503884,0.0,0.0,0.0,0.0,0.0,0.0
2002,절세계좌,2011-11-30,4000000.0,0.0,2444946.2946430515,2444946.2946430515,2382867.5689968145,62078.72564623691,0.0,0.0,0.0,0.0,0.0,0.0
2002,절세계좌,2011-12-31,2469253.577919282,0.0,0.0,0.0,0.0,0.0,0.0,0.0,0.0,0.0,0.0,0.0
2003,세전 기준,2002-12-31,0.0,0.0,400000000.0,,,,,,,,,
2003,세전 기준,2003-01-31,4000000.0,0.0,395495527.9756077,,,,,,,,,
2003,세전 기준,2003-02-28,4000000.0,0.0,395122645.39590055,,,,,,,,,
2003,세전 기준,2003-03-31,4000000.0,0.0,396545942.4782164,,,,,,,,,
2003,세전 기준,2003-04-30,4000000.0,0.0,400411052.57264423,,,,,,,,,
2003,세전 기준,2003-05-31,4000000.0,0.0,411118713.10932493,,,,,,,,,
2003,세전 기준,2003-06-30,4000000.0,0.0,405671548.71837246,,,,,,,,,
2003,세전 기준,2003-07-31,4000000.0,0.0,414415043.5615146,,,,,,,,,
2003,세전 기준,2003-08-31,4000000.0,0.0,424220302.7469177,,,,,,,,,
2003,세전 기준,2003-09-30,4000000.0,0.0,402571733.04389906,,,,,,,,,
2003,세전 기준,2003-10-31,4000000.0,0.0,442092286.0569068,,,,,,,,,
2003,세전 기준,2003-11-30,4000000.0,0.0,447402339.87436867,,,,,,,,,
2003,세전 기준,2003-12-31,4000000.0,0.0,453364539.9326455,,,,,,,,,
2003,세전 기준,2004-01-31,4000000.0,0.0,449988890.375264,,,,,,,,,
2003,세전 기준,2004-02-29,4000000.0,0.0,441809905.7582484,,,,,,,,,
2003,세전 기준,2004-03-31,4000000.0,0.0,417128628.80450916,,,,,,,,,
2003,세전 기준,2004-04-30,4000000.0,0.0,410168391.3557546,,,,,,,,,
2003,세전 기준,2004-05-31,4000000.0,0.0,424006676.64120954,,,,,,,,,
2003,세전 기준,2004-06-30,4000000.0,0.0,430429423.4602277,,,,,,,,,
2003,세전 기준,2004-07-31,4000000.0,0.0,398743973.9872801,,,,,,,,,
2003,세전 기준,2004-08-31,4000000.0,0.0,378819478.36939657,,,,,,,,,
2003,세전 기준,2004-09-30,4000000.0,0.0,387291058.19243467,,,,,,,,,
2003,세전 기준,2004-10-31,4000000.0,0.0,391391865.315844,,,,,,,,,
2003,세전 기준,2004-11-30,4000000.0,0.0,384264410.1802615,,,,,,,,,
2003,세전 기준,2004-12-31,4000000.0,0.0,387004766.10835576,,,,,,,,,
2003,세전 기준,2005-01-31,4000000.0,0.0,355685198.0567954,,,,,,,,,
2003,세전 기준,2005-02-28,4000000.0,0.0,341010498.9048899,,,,,,,,,
2003,세전 기준,2005-03-31,4000000.0,0.0,335925989.0570593,,,,,,,,,
2003,세전 기준,2005-04-30,4000000.0,0.0,311498049.33736396,,,,,,,,,
2003,세전 기준,2005-05-31,4000000.0,0.0,337824519.7267061,,,,,,,,,
2003,세전 기준,2005-06-30,4000000.0,0.0,332179968.8950474,,,,,,,,,
2003,세전 기준,2005-07-31,4000000.0,0.0,350703792.9928792,,,,,,,,,
2003,세전 기준,2005-08-31,4000000.0,0.0,345593277.6835011,,,,,,,,,
2003,세전 기준,2005-09-30,4000000.0,0.0,346993819.85665995,,,,,,,,,
2003,세전 기준,2005-10-31,4000000.0,0.0,338166369.642081,,,,,,,,,
2003,세전 기준,2005-11-30,4000000.0,0.0,352687861.0383045,,,,,,,,,
2003,세전 기준,2005-12-31,4000000.0,0.0,333273616.6259457,,,,,,,,,
2003,세전 기준,2006-01-31,4000000.0,0.0,324861687.1803852,,,,,,,,,
2003,세전 기준,2006-02-28,4000000.0,0.0,317878452.69257605,,,,,,,,,
2003,세전 기준,2006-03-31,4000000.0,0.0,320692598.4641772,,,,,,,,,
2003,세전 기준,2006-04-30,4000000.0,0.0,306657061.26631343,,,,,,,,,
2003,세전 기준,2006-05-31,4000000.0,0.0,281208653.1719915,,,,,,,,,
2003,세전 기준,2006-06-30,4000000.0,0.0,277987055.2054444,,,,,,,,,
2003,세전 기준,2006-07-31,4000000.0,0.0,263807824.28315172,,,,,,,,,
2003,세전 기준,2006-08-31,4000000.0,0.0,274188344.0883636,,,,,,,,,
2003,세전 기준,2006-09-30,4000000.0,0.0,278401719.2011233,,,,,,,,,
2003,세전 기준,2006-10-31,4000000.0,0.0,286448395.4724893,,,,,,,,,
2003,세전 기준,2006-11-30,4000000.0,0.0,288119628.0277776,,,,,,,,,
2003,세전 기준,2006-12-31,4000000.0,0.0,279010819.8895708,,,,,,,,,
2003,세전 기준,2007-01-31,4000000.0,0.0,284263140.4282379,,,,,,,,,
2003,세전 기준,2007-02-28,4000000.0,0.0,275876107.09935313,,,,,,,,,
2003,세전 기준,2007-03-31,4000000.0,0.0,272971004.65268755,,,,,,,,,
2003,세전 기준,2007-04-30,4000000.0,0.0,281116179.17926425,,,,,,,,,
2003,세전 기준,2007-05-31,4000000.0,0.0,284863737.9098884,,,,,,,,,
2003,세전 기준,2007-06-30,4000000.0,0.0,280747612.93107426,,,,,,,,,
2003,세전 기준,2007-07-31,4000000.0,0.0,275240791.00547236,,,,,,,,,
2003,세전 기준,2007-08-31,4000000.0,0.0,284882250.31070554,,,,,,,,,
2003,세전 기준,2007-09-30,4000000.0,0.0,288013972.47225666,,,,,,,,,
2003,세전 기준,2007-10-31,4000000.0,0.0,300784759.4945281,,,,,,,,,
2003,세전 기준,2007-11-30,4000000.0,0.0,281947698.6054485,,,,,,,,,
2003,세전 기준,2007-12-31,4000000.0,0.0,282305251.6862546,,,,,,,,,
2003,세전 기준,2008-01-31,4000000.0,0.0,246759560.03397572,,,,,,,,,
2003,세전 기준,2008-02-29,4000000.0,0.0,230690538.2134882,,,,,,,,,
2003,세전 기준,2008-03-31,4000000.0,0.0,242426282.77205417,,,,,,,,,
2003,세전 기준,2008-04-30,4000000.0,0.0,262120934.09018943,,,,,,,,,
2003,세전 기준,2008-05-31,4000000.0,0.0,280159919.4441555,,,,,,,,,
2003,세전 기준,2008-06-30,4000000.0,0.0,253727896.32173857,,,,,,,,,
2003,세전 기준,2008-07-31,4000000.0,0.0,242745758.583017,,,,,,,,,
2003,세전 기준,2008-08-31,4000000.0,0.0,261139017.9104995,,,,,,,,,
2003,세전 기준,2008-09-30,4000000.0,0.0,240210199.40623593,,,,,,,,,
2003,세전 기준,2008-10-31,4000000.0,0.0,211030147.22028896,,,,,,,,,
2003,세전 기준,2008-11-30,4000000.0,0.0,210702749.9317196,,,,,,,,,
2003,세전 기준,2008-12-31,4000000.0,0.0,181260560.2378898,,,,,,,,,
2003,세전 기준,2009-01-31,4000000.0,0.0,189676859.20580938,,,,,,,,,
2003,세전 기준,2009-02-28,4000000.0,0.0,195586572.0125664,,,,,,,,,
2003,세전 기준,2009-03-31,4000000.0,0.0,189171555.53503245,,,,,,,,,
2003,세전 기준,2009-04-30,4000000.0,0.0,195025797.41289482,,,,,,,,,
2003,세전 기준,2009-05-31,4000000.0,0.0,192870505.3575644,,,,,,,,,
2003,세전 기준,2009-06-30,4000000.0,0.0,198460764.15378124,,,,,,,,,
2003,세전 기준,2009-07-31,4000000.0,0.0,202539167.60016632,,,,,,,,,
2003,세전 기준,2009-08-31,4000000.0,0.0,205855230.74048018,,,,,,,,,
2003,세전 기준,2009-09-30,4000000.0,0.0,200760595.3596268,,,,,,,,,
2003,세전 기준,2009-10-31,4000000.0,0.0,191790332.0104042,,,,,,,,,
2003,세전 기준,2009-11-30,4000000.0,0.0,196927474.2889489,,,,,,,,,
2003,세전 기준,2009-12-31,4000000.0,0.0,203039829.66602,,,,,,,,,
2003,세전 기준,2010-01-31,4000000.0,0.0,185095431.2083019,,,,,,,,,
2003,세전 기준,2010-02-28,4000000.0,0.0,189667112.4507194,,,,,,,,,
2003,세전 기준,2010-03-31,4000000.0,0.0,195391998.22452,,,,,,,,,
2003,세전 기준,2010-04-30,4000000.0,0.0,191676589.805379,,,,,,,,,
2003,세전 기준,2010-05-31,4000000.0,0.0,187364780.7944603,,,,,,,,,
2003,세전 기준,2010-06-30,4000000.0,0.0,176054707.89559764,,,,,,,,,
2003,세전 기준,2010-07-31,4000000.0,0.0,178824098.11591268,,,,,,,,,
2003,세전 기준,2010-08-31,4000000.0,0.0,167947095.13271004,,,,,,,,,
2003,세전 기준,2010-09-30,4000000.0,0.0,176884308.2754011,,,,,,,,,
2003,세전 기준,2010-10-31,4000000.0,0.0,181438838.41183102,,,,,,,,,
2003,세전 기준,2010-11-30,4000000.0,0.0,182475850.38432357,,,,,,,,,
2003,세전 기준,2010-12-31,4000000.0,0.0,182762393.3809756,,,,,,,,,
2003,세전 기준,2011-01-31,4000000.0,0.0,182018961.8489938,,,,,,,,,
2003,세전 기준,2011-02-28,4000000.0,0.0,184543788.06180787,,,,,,,,,
2003,세전 기준,2011-03-31,4000000.0,0.0,175392219.66628018,,,,,,,,,
2003,세전 기준,2011-04-30,4000000.0,0.0,171687266.35479066,,,,,,,,,
2003,세전 기준,2011-05-31,4000000.0,0.0,167118831.9251966,,,,,,,,,
2003,세전 기준,2011-06-30,4000000.0,0.0,157956788.33154094,,,,,,,,,
2003,세전 기준,2011-07-31,4000000.0,0.0,154734707.40963537,,,,,,,,,
2003,세전 기준,2011-08-31,4000000.0,0.0,144270916.6968949,,,,,,,,,
2003,세전 기준,2011-09-30,4000000.0,0.0,148945306.9139164,,,,,,,,,
2003,세전 기준,2011-10-31,4000000.0,0.0,150851338.81038177,,,,,,,,,
2003,세전 기준,2011-11-30,4000000.0,0.0,146486479.16570225,,,,,,,,,
2003,세전 기준,2011-12-31,4000000.0,0.0,143942825.40652558,,,,,,,,,
2003,세전 기준,2012-01-31,4000000.0,0.0,147642096.30675378,,,,,,,,,
2003,세전 기준,2012-02-29,4000000.0,0.0,151905796.85392156,,,,,,,,,
2003,세전 기준,2012-03-31,4000000.0,0.0,157624498.48650545,,,,,,,,,
2003,세전 기준,2012-04-30,4000000.0,0.0,151595189.52909577,,,,,,,,,
2003,세전 기준,2012-05-31,4000000.0,0.0,143151697.12854978,,,,,,,,,
2003,세전 기준,2012-06-30,4000000.0,0.0,139454546.96333984,,,,,,,,,
2003,세전 기준,2012-07-31,4000000.0,0.0,135500335.25848943,,,,,,,,,
2003,세전 기준,2012-08-31,4000000.0,0.0,138895712.0997667,,,,,,,,,
2003,세전 기준,2012-09-30,4000000.0,0.0,133410505.81833223,,,,,,,,,
2003,세전 기준,2012-10-31,4000000.0,0.0,119974695.91844887,,,,,,,,,
2003,세전 기준,2012-11-30,4000000.0,0.0,116606034.66384451,,,,,,,,,
2003,세전 기준,2012-12-31,4000000.0,0.0,110075578.49130446,,,,,,,,,
2003,미국계좌,2002-12-31,0.0,0.0,400000000.0,,,,,,,,,
2003,미국계좌,2003-01-31,4000000.0,0.0,395495527.9756077,,,,,,,,,
2003,미국계좌,2003-02-28,4000000.0,0.0,395122645.39590055,,,,,,,,,
2003,미국계좌,2003-03-31,4000000.0,0.0,396545942.4782164,,,,,,,,,
2003,미국계좌,2003-04-30,4000000.0,0.0,400411052.57264423,,,,,,,,,
2003,미국계좌,2003-05-31,4000000.0,0.0,411118713.10932493,,,,,,,,,
2003,미국계좌,2003-06-30,4000000.0,0.0,405671548.71837246,,,,,,,,,
2003,미국계좌,2003-07-31,4000000.0,0.0,414415043.5615146,,,,,,,,,
2003,미국계좌,2003-08-31,4000000.0,0.0,424220302.7469177,,,,,,,,,
2003,미국계좌,2003-09-30,4000000.0,0.0,402571733.04389906,,,,,,,,,
2003,미국계좌,2003-10-31,4000000.0,0.0,442092286.0569068,,,,,,,,,
2003,미국계좌,2003-11-30,4000000.0,0.0,447402339.87436867,,,,,,,,,
2003,미국계좌,2003-12-31,4000000.0,0.0,453364539.9326455,,,,,,,,,
2003,미국계좌,2004-01-31,4000000.0,0.0,449988890.375264,,,,,,,,,
2003,미국계좌,2004-02-29,4000000.0,0.0,441809905.7582484,,,,,,,,,
2003,미국계좌,2004-03-31,4000000.0,0.0,417128628.80450916,,,,,,,,,
2003,미국계좌,2004-04-30,4000000.0,0.0,410168391.3557546,,,,,,,,,
2003,미국계좌,2004-05-31,4000000.0,0.0,424006676.64120954,,,,,,,,,
2003,미국계좌,2004-06-30,4000000.0,0.0,430429423.4602277,,,,,,,,,
2003,미국계좌,2004-07-31,4000000.0,65723.17497844886,398678250.81230164,,,,,,,,,
2003,미국계좌,2004-08-31,4000000.0,114761.38384641604,378641618.57352793,,,,,,,,,
2003,미국계좌,2004-09-30,4000000.0000000005,140843.60861735253,386966499.24786127,,,,,,,,,
2003,미국계좌,2004-10-31,4000000.0,157242.58491300064,390903275.120948,,,,,,,,,
2003,미국계좌,2004-11-30,4000000.0,150911.9959121269,383628812.1173867,,,,,,,,,
2003,미국계좌,2004-12-31,4000000.0,164593.46870070422,386193425.59431535,,,,,,,,,
2003,미국계좌,2005-01-31,4000000.0,0.0,354931131.95983577,,,,,,,,,
2003,미국계좌,2005-02-28,4000000.0,0.0,340279063.57460165,,,,,,,,,
2003,미국계좌,2005-03-31,4000000.0,0.0,335196879.8980218,,,,,,,,,
2003,미국계좌,2005-04-30,4000000.0,0.0,310813277.91471803,,,,,,,,,
2003,미국계좌,2005-05-31,4000000.0,0.0,337073081.11202955,,,,,,,,,
2003,미국계좌,2005-06-30,4000000.0,0.0,331432188.3304132,,,,,,,,,
2003,미국계좌,2005-07-31,4000000.0,0.0,349905308.3537109,,,,,,,,,
2003,미국계좌,2005-08-31,4000000.0,0.0,344797321.4726926,,,,,,,,,
2003,미국계좌,2005-09-30,4000000.0,0.0,346185425.33943164,,,,,,,,,
2003,미국계좌,2005-10-31,4000000.0,0.0,337369221.67756444,,,,,,,,,
2003,미국계좌,2005-11-30,4000000.0000000005,163237.18494061727,351683815.8135361,,,,,,,,,
2003,미국계좌,2005-12-31,4000000.0,157520.26561555866,332155932.99316263,,,,,,,,,
2003,미국계좌,2006-01-31,4000000.0,0.0,323758799.6223116,,,,,,,,,
2003,미국계좌,2006-02-28,4000000.0,0.0,316785693.0514876,,,,,,,,,
2003,미국계좌,2006-03-31,4000000.0,0.0,319576414.0724501,,,,,,,,,
2003,미국계좌,2006-04-30,4000000.0,0.0,305575805.99373823,,,,,,,,,
2003,미국계좌,2006-05-31,4000000.0,0.0,280203023.76058054,,,,,,,,,
2003,미국계좌,2006-06-30,4000000.0,0.0,276978642.15288323,,,,,,,,,
2003,미국계좌,2006-07-31,4000000.0,0.0,262836336.94038475,,,,,,,,,
2003,미국계좌,2006-08-31,4000000.0,0.0,273163899.6621168,,,,,,,,,
2003,미국계좌,2006-09-30,4000000.0,0.0,277346587.30571043,,,,,,,,,
2003,미국계좌,2006-10-31,4000000.0,0.0,285347607.1335598,,,,,,,,,
2003,미국계좌,2006-11-30,3999999.9999999995,133104.11920167235,286863941.67321396,,,,,,,,,
2003,미국계좌,2006-12-31,3999999.9999999995,146838.04238427736,277630560.7603907,,,,,,,,,
2003,미국계좌,2007-01-31,4000000.0,0.0,282837110.3146399,,,,,,,,,
2003,미국계좌,2007-02-28,4000000.0,0.0,274472084.9099163,,,,,,,,,
2003,미국계좌,2007-03-31,4000000.0,0.0,271561410.1776469,,,,,,,,,
2003,미국계좌,2007-04-30,4000000.0,0.0,279643868.25954896,,,,,,,,,
2003,미국계좌,2007-05-31,4000000.0,0.0,283350850.11781543,,,,,,,,,
2003,미국계좌,2007-06-30,4000000.0,0.0,279235341.8691758,,,,,,,,,
2003,미국계좌,2007-07-31,4000000.0,188750.57184802298,273547885.9970811,,,,,,,,,
2003,미국계좌,2007-08-31,4000000.0000000005,249048.52399205827,282856393.1727003,,,,,,,,,
2003,미국계좌,2007-09-30,4000000.0,266913.62553465844,285670486.5440075,,,,,,,,,
2003,미국계좌,2007-10-31,4000000.0,306714.3556505312,297998100.1942308,,,,,,,,,
2003,미국계좌,2007-11-30,4000000.0000000005,271212.60544728365,279027286.56896424,,,,,,,,,
2003,미국계좌,2007-12-31,4000000.0,282103.96820960386,279057600.1811478,,,,,,,,,
2003,미국계좌,2008-01-31,4000000.0,0.0,243874811.4942308,,,,,,,,,
2003,미국계좌,2008-02-29,4000000.0,0.0,227946882.86205986,,,,,,,,,
2003,미국계좌,2008-03-31,4000000.0,0.0,239495478.6103575,,,,,,,,,
2003,미국계좌,2008-04-30,4000000.0,0.0,258903674.26081896,,,,,,,,,
2003,미국계좌,2008-05-31,4000000.0,0.0,276672154.1608597,,,,,,,,,
2003,미국계좌,2008-06-30,4000000.000000001,270047.6355020928,250249344.0182196,,,,,,,,,
2003,미국계좌,2008-07-31,4000000.0,253441.33769771943,239109488.47739345,,,,,,,,,
2003,미국계좌,2008-08-31,3999999.9999999995,315615.77265135164,256851686.66776052,,,,,,,,,
2003,미국계좌,2008-09-30,4000000.0,268727.2021381677,235932075.11710742,,,,,,,,,
2003,미국계좌,2008-10-31,4000000.0,186562.7029879087,207013914.92795008,,,,,,,,,
2003,미국계좌,2008-11-30,4000000.0,199753.79663405364,206416868.49461335,,,,,,,,,
2003,미국계좌,2008-12-31,4000000.0,97865.8053265904,177394329.77472758,,,,,,,,,
2003,미국계좌,2009-01-31,4000000.0,0.0,185545793.00978553,,,,,,,,,
2003,미국계좌,2009-02-28,4000000.0,0.0,191239677.27657357,,,,,,,,,
2003,미국계좌,2009-03-31,4000000.0,0.0,184878334.3324806,,,,,,,,,
2003,미국계좌,2009-04-30,4000000.0,0.0,190508935.6104364,,,,,,,,,
2003,미국계좌,2009-05-31,4000000.0,0.0,188310919.51058212,,,,,,,,,
2003,미국계좌,2009-06-30,3999999.9999999995,75997.572723911,193598460.69621822,,,,,,,,,
2003,미국계좌,2009-07-31,4000000.0,290824.64562239696,197188118.0127197,,,,,,,,,
2003,미국계좌,2009-08-31,4000000.0,315390.68886983575,199995501.34822345,,,,,,,,,
2003,미국계좌,2009-09-30,4000000.0,311737.25368218974,194620287.8301792,,,,,,,,,
2003,미국계좌,2009-10-31,4000000.0,294380.7431209451,185507660.3495213,,,,,,,,,
2003,미국계좌,2009-11-30,4000000.0,326369.9831361539,190019117.94927683,,,,,,,,,
2003,미국계좌,2009-12-31,4000000.0,359664.3820356046,195417060.3007803,,,,,,,,,
2003,미국계좌,2010-01-31,4000000.0,0.0,177996179.48762992,,,,,,,,,
2003,미국계좌,2010-02-28,4000000.0,0.0,182239097.76484594,,,,,,,,,
2003,미국계좌,2010-03-31,4000000.0,0.0,187583123.65517572,,,,,,,,,
2003,미국계좌,2010-04-30,4000000.0000000005,210046.02963535444,183646295.4552805,,,,,,,,,
2003,미국계좌,2010-05-31,4000000.0000000005,375180.5995479641,178972369.08921546,,,,,,,,,
2003,미국계좌,2010-06-30,3999999.9999999995,349252.2093610394,167640475.5351103,,,,,,,,,
2003,미국계좌,2010-07-31,4000000.0,373851.692563462,169712482.68484092,,,,,,,,,
2003,미국계좌,2010-08-31,4000000.0,348269.9366791668,158837613.3579953,,,,,,,,,
2003,미국계좌,2010-09-30,3999999.9999999995,396088.81957388704,166677020.82649335,,,,,,,,,
2003,미국계좌,2010-10-31,4000000.0000000005,425232.625127276,170312670.54651237,,,,,,,,,
2003,미국계좌,2010-11-30,4000000.0,441679.01215174975,170599124.54115802,,,,,,,,,
2003,미국계좌,2010-12-31,4000000.0,455368.6851933757,170151302.50390014,,,,,,,,,
2003,미국계좌,2011-01-31,4000000.0,0.0,169183159.09253302,,,,,,,,,
2003,미국계좌,2011-02-28,4000000.0,0.0,171247860.81371668,,,,,,,,,
2003,미국계좌,2011-03-31,3999999.9999999995,190442.39023784528,162277007.89416745,,,,,,,,,
2003,미국계좌,2011-04-30,4000000.0000000005,470565.1873432142,158079426.84427154,,,,,,,,,
2003,미국계좌,2011-05-31,4000000.0,468661.5560978492,153087384.66282734,,,,,,,,,
2003,미국계좌,2011-06-30,3999999.9999999995,450418.3379313642,143908332.54876974,,,,,,,,,
2003,미국계좌,2011-07-31,3999999.9999999995,453302.8507225572,140163761.7415949,,,,,,,,,
2003,미국계좌,2011-08-31,4000000.0,427898.7107839398,129880749.87245779,,,,,,,,,
2003,미국계좌,2011-09-30,4000000.0000000005,462460.7955363753,133227460.40450135,,,,,,,,,
2003,미국계좌,2011-10-31,4000000.0,484665.9095965622,134025576.79222701,,,,,,,,,
2003,미국계좌,2011-11-30,4000000.0,483301.8417916128,129218111.2757076,,,,,,,,,
2003,미국계좌,2011-12-31,4000000.0,488858.78393417323,126013919.25197181,,,,,,,,,
2003,미국계좌,2012-01-31,4000000.0,0.0,128754201.71329154,,,,,,,,,
2003,미국계좌,2012-02-29,4000000.0,0.0,131960724.74272376,,,,,,,,,
2003,미국계좌,2012-03-31,4000000.0,392834.81006088114,136010536.21447235,,,,,,,,,
2003,미국계좌,2012-04-30,4000000.0,570989.4196674459,129688503.00343797,,,,,,,,,
2003,미국계좌,2012-05-31,4000000.0,556040.6750777515,121331089.21537396,,,,,,,,,
2003,미국계좌,2012-06-30,4000000.0,557114.0672068854,117030661.59381068,,,,,,,,,
2003,미국계좌,2012-07-31,4000000.0,557280.6480171962,112511806.6163169,,,,,,,,,
2003,미국계좌,2012-08-31,4000000.0000000005,583690.7267208841,114068818.10581765,,,,,,,,,
2003,미국계좌,2012-09-30,3999999.9999999995,578436.2678838022,108270648.53871664,,,,,,,,,
2003,미국계좌,2012-10-31,4000000.0,541381.0964063695,96071540.25597027,,,,,,,,,
2003,미국계좌,2012-11-30,3999999.9999999995,544103.0710799214,92032991.17049627,,,,,,,,,
2003,미국계좌,2012-12-31,4000000.0,532651.0596240221,85503141.15580893,,,,,,,,,
2003,절세계좌,2002-12-31,0.0,0.0,400000000.0,50000000.0,50000000.0,0.0,200000000.0,0.0,36000000.0,0.0,114000000.0,0.0
2003,절세계좌,2003-01-31,4000000.0,0.0,395495527.9756077,49495527.97560767,49495527.97560767,0.0,200000000.0,0.0,36000000.0,0.0,110000000.0,0.0
2003,절세계좌,2003-02-28,4000000.0,0.0,395122645.3959005,52208952.04984793,50000000.0,2208952.0498479307,200000000.0,913693.3460525572,36000000.0,0.0,106000000.0,0.0
2003,절세계좌,2003-03-31,4000000.0,0.0,396545942.47821635,54954659.90320723,50000000.0,4954659.903207228,200000000.0,3591282.5750091374,36000000.0,0.0,102000000.0,0.0
2003,절세계좌,2003-04-30,4000000.0,0.0,400411052.5726442,58001084.03998293,50000000.0,8001084.03998293,200000000.0,8409968.53266126,36000000.0,0.0,98000000.0,0.0
2003,절세계좌,2003-05-31,4000000.0,0.0,411118713.1093249,62660636.597028255,50000000.0,12660636.597028255,200000000.0,18458076.512296617,36000000.0,0.0,94000000.0,0.0
2003,절세계좌,2003-06-30,4000000.0,0.0,405671548.7183725,62268283.071094885,50000000.0,12268283.071094885,200000000.0,17403265.647277623,36000000.0,0.0,90000000.0,0.0
2003,절세계좌,2003-07-31,4000000.0,0.0,414415043.5615146,65285396.43422937,50000000.0,15285396.434229366,200000000.0,27129647.127285242,36000000.0,0.0,86000000.0,0.0
2003,절세계좌,2003-08-31,4000000.0,0.0,424220302.7469177,68201394.9840334,50000000.0,18201394.984033406,200000000.0,37274484.37749478,36000000.0,744423.3853895441,82000000.0,0.0
2003,절세계좌,2003-09-30,4000000.0,0.0,402571733.04389906,64822426.78952828,50000000.0,14822426.78952828,200000000.0,25518963.30249545,34923958.59909407,0.0,77306384.35278125,0.0
2003,절세계좌,2003-10-31,4000000.0,0.0,442092286.0569068,72407985.89203312,50000000.0,22407985.892033115,200000000.0,51909327.094661444,36000000.0,3010781.095064804,78764191.97514744,0.0
2003,절세계좌,2003-11-30,4000000.0,49808.81725011862,447352531.05711854,73932830.9678915,50000000.0,23932830.9678915,200000000.0,57214304.05612332,36000000.0,3832311.990108572,76373084.04299517,0.0
2003,절세계좌,2003-12-31,4000000.0,62503.850253489974,452446575.13778156,50000000.00000001,33077938.353442337,16922061.64655767,200000000.0,62941632.964544,36000000.0,4719248.479847506,74011161.24584378,24774532.447546266
2003,절세계좌,2004-01-31,4000000.0,47246.931073575724,448563073.87732357,50068857.44115665,33077938.353442337,16990919.08771431,200000000.0,63303742.7249338,72000000.0,4775324.944970384,58415148.76626273,0.0
2003,절세계좌,2004-02-29,4000000.0,41790.86870119899,440355539.75231373,49603874.88377918,33077938.353442337,16525936.530336846,200000000.0,60858477.26619658,72000000.0,4062323.115872249,53830864.48646574,0.0
2003,절세계좌,2004-03-31,4000000.0,13181.908517657845,415729160.27390236,47281900.06818642,33077938.353442337,14203961.71474408,200000000.0,48647600.271906435,72000000.0,501819.04024630785,47297840.89356317,0.0
2003,절세계좌,2004-04-30,4000000.0,8849.238094698998,408770005.197752,46946354.52763875,33077938.353442337,13868416.17419641,200000000.0,46883022.42459494,71987295.25788002,0.0,42953332.987638265,0.0
2003,절세계좌,2004-05-31,4000000.0,34428.905081765406,422513045.5529233,48988058.57608597,33077938.353442337,15910120.222643632,200000000.0,57620002.355175585,72000000.0,3118033.6004759073,40786951.02118583,0.0
2003,절세계좌,2004-06-30,4000000.0,48680.40908626166,428850396.1762135,50192261.62245883,33077938.353442337,17114323.269016493,200000000.0,63952704.66385874,72000000.0,4964552.273158923,37740877.616737,0.0
2003,절세계좌,2004-07-31,4000000.0,9076.684614008243,397257433.893483,46963868.65640511,33077938.353442337,13885930.302962776,200000000.0,46975126.29695052,72000000.0,14151.331612989306,31304287.60851438,0.0
2003,절세계좌,2004-08-31,4000000.0,0.0,377392305.69618464,45088289.41406743,33077938.353442337,12010351.060625095,200000000.0,37111768.922257096,69138147.90054308,0.0,26054099.459317036,0.0
2003,절세계좌,2004-09-30,4000000.0,3962.2247363899014,385812937.59567314,46572696.18990764,33077938.353442337,13494757.836465303,200000000.0,44918015.754718244,71414329.51102991,0.0,22907896.14001737,0.0
2003,절세계좌,2004-10-31,3999999.9999999995,16566.169371506618,389866261.31161255,47546838.04283966,33077938.353442337,14468899.689397324,200000000.0,50040864.74569926,72000000.0,908073.5492126942,19370484.97386096,0.0
2003,절세계좌,2004-11-30,4000000.0,11703.015920115631,382739293.64872444,47166910.364225835,33077938.353442337,14088972.010783497,200000000.0,48042888.661236286,72000000.0,325494.4277409017,15204000.19552139,0.0
2003,절세계좌,2004-12-31,4000000.0,22209.30144567394,385430688.30984604,47994261.93637444,33077938.353442337,14916323.582932103,200000000.0,52393792.12956709,72000000.0,1594151.014724031,11448483.229180478,0.0
2003,절세계좌,2005-01-31,4000000.0,0.0,354222238.0772399,44606235.17318961,33077938.353442337,11528296.819747273,200000000.0,34576726.33677915,75039276.56727111,0.0,0.0,0.0
2003,절세계좌,2005-02-28,4000000.0,0.0,339591444.7660563,43267528.52086243,33077938.353442337,10189590.167420093,200000000.0,27536692.072310984,68787224.1728829,0.0,0.0,0.0
2003,절세계좌,2005-03-31,4000000.0,0.0,334511447.9117937,43129925.54112176,33077938.353442337,10051987.187679421,200000000.0,26813061.02843499,64568461.34223695,0.0,0.0,0.0
2003,절세계좌,2005-04-30,4000000.0,0.0,310169527.61955506,40507158.77769837,33077938.353442337,7429220.4242560305,200000000.0,13020369.515241444,56641999.32661524,0.0,0.0,0.0
2003,절세계좌,2005-05-31,4000000.0,0.0,336366657.31279194,44450808.35701823,33077938.353442337,11372870.003575895,200000000.0,33759362.71976745,58156486.236006275,0.0,0.0,0.0
2003,절세계좌,2005-06-30,4000000.0,0.0,330729203.44628894,44234419.04960332,33077938.353442337,11156480.696160983,200000000.0,32621407.562812597,53873376.83387305,0.0,0.0,0.0
2003,절세계좌,2005-07-31,4000000.0,0.0,349154656.81489307,47233781.946340285,33077938.353442337,14155843.592897948,200000000.0,48394555.12123826,53526319.7473145,0.0,0.0,0.0
2003,절세계좌,2005-08-31,4000000.0,0.0,344049046.8971199,47084214.59343657,33077938.353442337,14006276.239994232,200000000.0,47608005.44102451,49356826.86265879,0.0,0.0,0.0
2003,절세계좌,2005-09-30,4000000.0,0.0,345425457.57228535,47819993.62335969,33077938.353442337,14742055.26991735,200000000.0,51477344.23360556,46128119.715320125,0.0,0.0,0.0
2003,절세계좌,2005-10-31,4000000.0,0.0,336619826.7401074,47154711.92302966,33077938.353442337,14076773.569587324,200000000.0,47978739.10028142,41486375.71679637,0.0,0.0,0.0
2003,절세계좌,2005-11-30,4000000.0,0.0,351056613.4358514,49737392.134838365,33077938.353442337,16659453.781396028,200000000.0,61560622.14664534,38640308.12629512,1118291.0280725658,0.0,0.0
2003,절세계좌,2005-12-31,4000000.0,0.0,331713662.7991481,47563616.387233414,33077938.353442337,14485678.033791076,200000000.0,50129099.251165986,34020947.16074869,0.0,0.0,0.0
2003,절세계좌,2006-01-31,4000000.0,0.0,323322384.27186865,46933961.62547739,33077938.353442337,13856023.272035051,200000000.0,46817850.22596538,29570572.420425855,0.0,0.0,0.0
2003,절세계좌,2006-02-28,4000000.0,0.0,316353285.3429914,46502962.77736487,33077938.353442337,13425024.423922535,200000000.0,44551299.4073945,25299023.158232033,0.0,0.0,0.0
2003,절세계좌,2006-03-31,4000000.0,0.0,319134737.13185126,47499815.39348969,33077938.353442337,14421877.040047351,200000000.0,49793580.50157127,21841341.236790273,0.0,0.0,0.0
2003,절세계좌,2006-04-30,4000000.0,0.0,305147950.5924827,46013388.30862425,33077938.353442337,12935449.955181915,200000000.0,41976709.2020264,17157853.08183204,0.0,0.0,0.0
2003,절세계좌,2006-05-31,4000000.0,0.0,279805093.7007262,42795089.90659009,33077938.353442337,9717151.553147752,200000000.0,25052216.45806545,11957787.33607066,0.0,0.0,0.0
2003,절세계좌,2006-06-30,4000000.0,0.0,276579610.5993008,42913549.22364643,33077938.353442337,9835610.870204095,200000000.0,25675174.183398634,7990887.192255743,0.0,0.0,0.0
2003,절세계좌,2006-07-31,4000000.0,0.0,262451916.98203,41342156.171118006,33077938.353442337,8264217.817675669,200000000.0,17411481.07817933,3698279.732732681,0.0,0.0,0.0
2003,절세계좌,2006-08-31,4000000.0,0.0,272758524.45408493,43595772.78474356,33077938.353442337,10517834.431301225,199899877.94190747,29262873.72743392,0.0,0.0,0.0,0.0
2003,절세계좌,2006-09-30,4000000.0,0.0,276929068.98978657,44901694.217699684,33077938.353442337,11823755.864257347,195899877.94190747,36127496.83017942,0.0,0.0,0.0,0.0
2003,절세계좌,2006-10-31,4000000.0,0.0,284912022.4493544,46844628.2478079,33077938.353442337,13766689.89436556,191899877.94190747,46167516.259639055,0.0,0.0,0.0,0.0
2003,절세계좌,2006-11-30,4000000.0,0.0,286552837.2091739,47772079.00319138,33077938.353442337,14694140.649749044,187899877.94190747,50880880.26407507,0.0,0.0,0.0,0.0
2003,절세계좌,2006-12-31,4000000.0,0.0,277471810.7036858,46925005.90490515,33077938.353442337,13847067.55146281,183899877.94190747,46646926.856873214,0.0,0.0,0.0,0.0
2003,절세계좌,2007-01-31,4000000.0,0.0,282673095.92298657,48481093.21393091,33077938.353442337,15403154.860488575,179899877.94190747,54292124.76714817,0.0,0.0,0.0,0.0
2003,절세계좌,2007-02-28,4000000.0,0.0,274310601.75253236,47732884.45415336,33077938.353442337,14654946.100711022,175899877.94190747,50677839.35647154,0.0,0.0,0.0,0.0
2003,절세계좌,2007-03-31,4000000.0,0.0,271399286.12563896,47922326.80547532,33077938.353442337,14844388.45203298,171899877.94190747,51577081.37825617,0.0,0.0,0.0,0.0
2003,절세계좌,2007-04-30,4000000.0,0.0,279474530.8959694,50054513.055486284,33077938.353442337,16976574.702043947,167899877.94190747,61520139.898575634,0.0,0.0,0.0,0.0
2003,절세계좌,2007-05-31,4000000.0,0.0,283176845.81840366,51434014.87129205,33077938.353442337,18356076.51784971,163899877.94190747,67842953.00520417,0.0,0.0,0.0,0.0
2003,절세계좌,2007-06-30,4000000.0,0.0,279061408.5027853,51413047.74528619,33077938.353442337,18335109.39184385,159899877.94190747,67748482.8155917,0.0,0.0,0.0,0.0
2003,절세계좌,2007-07-31,4000000.0,0.0,273563636.7335751,51137104.85552908,33077938.353442337,18059166.50208674,155899877.94190747,66526653.93613854,0.0,0.0,0.0,0.0
2003,절세계좌,2007-08-31,4000000.0,0.0,283121973.06977046,53671557.44275577,33077938.353442337,20593619.089313436,151899877.94190747,77550537.68510723,0.0,0.0,0.0,0.0
2003,절세계좌,2007-09-30,4000000.0,0.0,286209628.57502425,55015167.42632616,33077938.353442337,21937229.072883826,147899877.94190747,83294583.2067906,0.0,0.0,0.0,0.0
2003,절세계좌,2007-10-31,4000000.0,0.0,298875350.3223173,58218649.7017925,33077938.353442337,25140711.348350164,143899877.94190747,96756822.67861736,0.0,0.0,0.0,0.0
2003,절세계좌,2007-11-30,4000000.0,0.0,280132476.45321125,55346849.77430579,33077938.353442337,22268911.420863453,139899877.94190747,84885748.73699799,0.0,0.0,0.0,0.0
2003,절세계좌,2007-12-31,4000000.0,0.0,280461974.9447408,50000000.0,29427595.020429276,20572404.979570724,135899877.94190747,88359851.57557547,0.0,0.0,0.0,6202245.427257836
2003,절세계좌,2008-01-31,4000000.0,0.0,245815315.66965523,44412840.09704896,29427595.020429276,14985245.076619685,135899877.94190747,63300352.203440964,2202245.4272578354,0.0,0.0,0.0
2003,절세계좌,2008-02-29,4000000.0,0.0,229792476.88594767,42240605.97502627,29427595.020429276,12813010.954596996,133994411.44054951,53557459.47037189,0.0,0.0,0.0,0.0
2003,절세계좌,2008-03-31,4000000.0,0.0,241466963.3462945,45121900.5039199,29427595.020429276,15694305.483490624,129994411.44054951,66350651.401825085,0.0,0.0,0.0,0.0
2003,절세계좌,2008-04-30,4000000.0,0.0,261067851.15398785,49532097.645197935,29427595.020429276,20104502.62476866,125994411.44054951,85541342.06824042,0.0,0.0,0.0,0.0
2003,절세계좌,2008-05-31,4000000.0,0.0,279018293.86832076,53696729.43373769,29427595.020429276,24269134.41330841,121994411.44054951,103327152.99403359,0.0,0.0,0.0,0.0
2003,절세계좌,2008-06-30,4000000.0,0.0,252677679.15066454,49397305.45244307,29427595.020429276,19969710.432013795,117994411.44054951,85285962.25767197,0.0,0.0,0.0,0.0
2003,절세계좌,2008-07-31,4000000.0,0.0,241724441.50945023,48037979.98768097,29427595.020429276,18610384.967251696,113994411.44054951,79692050.08121975,0.0,0.0,0.0,0.0
2003,절세계좌,2008-08-31,4000000.0,0.0,260023484.4921551,52469476.33889184,29427595.020429276,23041881.318462566,109994411.44054951,97559596.71271376,0.0,0.0,0.0,0.0
2003,절세계좌,2008-09-30,4000000.0,0.0,239166982.49932557,49068045.7558172,29427595.020429276,19640450.73538792,105994411.44054951,84104525.30295886,0.0,0.0,0.0,0.0
2003,절세계좌,2008-10-31,4000000.0,0.0,210096285.6039624,43924484.175801136,29427595.020429276,14496889.15537186,101994411.44054951,64177389.987611756,0.0,0.0,0.0,0.0
2003,절세계좌,2008-11-30,4000000.0,0.0,209752636.12228507,44688911.35270987,29427595.020429276,15261316.332280591,97994411.44054951,67069313.3290257,0.0,0.0,0.0,0.0
2003,절세계좌,2008-12-31,4000000.0,0.0,180425171.91627258,39292760.80310936,29427595.020429276,9865165.782680087,93994411.44054951,47137999.672613725,0.0,0.0,0.0,0.0
2003,절세계좌,2009-01-31,4000000.0,0.0,188784247.01187322,41984304.20762088,29427595.020429276,12556709.187191606,89994411.44054951,56805531.36370282,0.0,0.0,0.0,0.0
2003,절세계좌,2009-02-28,4000000.0,0.0,194647325.08138946,44177784.207400955,29427595.020429276,14750189.18697168,85994411.44054951,64475129.433439,0.0,0.0,0.0,0.0
2003,절세계좌,2009-03-31,4000000.0,0.0,188243906.0095052,43632296.46913763,29427595.020429276,14204701.448708355,81994411.44054951,62617198.099818066,0.0,0.0,0.0,0.0
2003,절세계좌,2009-04-30,4000000.0,0.0,194049825.1742801,45905170.96064044,29427595.020429276,16477575.940211162,77994411.44054951,70150242.77309017,0.0,0.0,0.0,0.0
2003,절세계좌,2009-05-31,4000000.0,0.0,191885301.6030875,46339378.30498076,29427595.020429276,16911783.284551486,73994411.44054951,71551511.85755725,0.0,0.0,0.0,0.0
2003,절세계좌,2009-06-30,4000000.0,0.0,197426572.30257633,48643549.331943505,29427595.020429276,19215954.31151423,69994411.44054951,78788611.53008331,0.0,0.0,0.0,0.0
2003,절세계좌,2009-07-31,4000000.0,0.0,201462878.66720012,50623599.233711906,29427595.020429276,21196004.21328263,65994411.44054951,84844867.99293871,0.0,0.0,0.0,0.0
2003,절세계좌,2009-08-31,4000000.0,0.0,204740064.3998298,52452210.72042898,29427595.020429276,23024615.699999705,61994411.44054951,90293442.23885132,0.0,0.0,0.0,0.0
2003,절세계좌,2009-09-30,4000000.0,0.0,199651358.91702968,52173296.04115644,29427595.020429276,22745701.020727165,57994411.44054951,89483651.43532373,0.0,0.0,0.0,0.0
2003,절세계좌,2009-10-31,4000000.0,0.0,190708557.11834884,50881633.09974612,29427595.020429276,21454038.079316847,53994411.44054951,85832512.57805319,0.0,0.0,0.0,0.0
2003,절세계좌,2009-11-30,4000000.0,0.0,195794162.22607544,53305700.653744966,29427595.020429276,23878105.63331569,49994411.44054951,92494050.13178097,0.0,0.0,0.0,0.0
2003,절세계좌,2009-12-31,4000000.0,0.0,201848321.2830329,50000000.0,26254486.47252021,23745513.52747979,45994411.44054951,99810926.38662668,0.0,0.0,0.0,6042983.455856711
2003,절세계좌,2010-01-31,4000000.0,0.0,184400774.29039872,46566092.849699676,26254486.47252021,20311606.377179466,45994411.44054951,89797286.54429282,2042983.4558567116,0.0,0.0,0.0
2003,절세계좌,2010-02-28,4000000.0,0.0,188940286.30187282,48722546.426142894,26254486.47252021,22468059.953622684,44132004.486998595,96085735.38873133,0.0,0.0,0.0,0.0
2003,절세계좌,2010-03-31,4000000.0,0.0,194627905.1969636,51220719.106058866,26254486.47252021,24966232.633538656,40132004.486998595,103275181.60390615,0.0,0.0,0.0,0.0
2003,절세계좌,2010-04-30,4000000.0,0.0,190911383.8640666,51295322.90537299,26254486.47252021,25040836.432852782,36132004.486998595,103484056.47169504,0.0,0.0,0.0,0.0
2003,절세계좌,2010-05-31,4000000.0,0.0,186600819.64839366,51211878.47475097,26254486.47252021,24957392.002230763,32132004.486998595,103256936.6866441,0.0,0.0,0.0,0.0
2003,절세계좌,2010-06-30,4000000.0,0.0,175320552.84033403,49213837.20279602,26254486.47252021,22959350.73027581,28132004.486998595,97974711.15053943,0.0,0.0,0.0,0.0
2003,절세계좌,2010-07-31,4000000.0,0.0,178061714.43722457,51106133.47960075,26254486.47252021,24851647.00708054,24132004.486998595,102823576.47062522,0.0,0.0,0.0,0.0
2003,절세계좌,2010-08-31,4000000.0,0.0,167214030.2924107,49140755.00934919,26254486.47252021,22886268.53682898,20132004.486998595,97941270.79606292,0.0,0.0,0.0,0.0
2003,절세계좌,2010-09-30,4000000.0,0.0,176094774.3662032,52926140.050074995,26254486.47252021,26671653.577554785,16132004.486998595,107036629.8291296,0.0,0.0,0.0,0.0
2003,절세계좌,2010-10-31,4000000.0,0.0,180611120.83509463,55485769.360767454,26254486.47252021,29231282.888247244,12132004.486998595,112993346.98732859,0.0,0.0,0.0,0.0
2003,절세계좌,2010-11-30,4000000.0,0.0,181625154.13675594,57026136.83125783,26254486.47252021,30771650.358737618,8132004.486998595,116467012.8184995,0.0,0.0,0.0,0.0
2003,절세계좌,2010-12-31,4000000.0,0.0,181891713.41482493,50000000.00000001,22491351.14537071,27508648.854629297,4132004.4869985953,119393970.24270505,0.0,0.0,0.0,8365738.685121298
2003,절세계좌,2011-01-31,4000000.0,0.0,180983701.91001225,50890929.58561495,22491351.14537071,28399578.44024424,4132004.4869985953,121595029.15227738,4365738.685121298,0.0,0.0,0.0
2003,절세계좌,2011-02-28,4000000.0,0.0,183471417.20252258,52715214.638016105,22491351.14537071,30223863.492645394,4132004.4869985953,126101960.937931,522237.13957687264,0.0,0.0,0.0
2003,절세계좌,2011-03-31,4000000.0,0.0,174349784.20544422,51243661.265535705,22491351.14537071,28752310.120164994,639663.2960260054,122466459.6438825,0.0,0.0,0.0,0.0
2003,절세계좌,2011-04-30,4000000.0,0.0,170643077.29775023,47969527.202661276,21018942.94040785,26950584.262253426,0.0,122673550.09508894,0.0,0.0,0.0,0.0
2003,절세계좌,2011-05-31,4000000.0,0.0,166078100.04365686,43810706.275447056,19260429.454385407,24550276.82106165,0.0,122267393.7682098,0.0,0.0,0.0,0.0
2003,절세계좌,2011-06-30,4000000.0,328787.4940845629,156619415.5624955,38128673.47048139,17296715.556787435,20831957.913693953,0.0,118490742.09201412,0.0,0.0,0.0,0.0
2003,절세계좌,2011-07-31,4000000.0,549011.8739611126,152841736.35902613,33767440.94319111,15243212.20083138,18524228.74235973,0.0,119074295.41583501,0.0,0.0,0.0,0.0
2003,절세계좌,2011-08-31,4000000.0,526723.7552421708,141930297.67760265,27830137.26819127,13110687.33305362,14719449.93513765,0.0,114100160.40941139,0.0,0.0,0.0,0.0
2003,절세계좌,2011-09-30,4000000.0,557037.6831386378,145906918.84866083,24946406.139032267,11085639.118726972,13860767.020305295,0.0,120960512.70962855,0.0,0.0,0.0,0.0
2003,절세계좌,2011-10-31,4000000.0,576478.3111078927,147115993.19771972,21359111.531741615,9129516.76720041,12229594.764541205,0.0,125756881.66597812,0.0,0.0,0.0,0.0
2003,절세계좌,2011-11-30,3999999.9999999995,575284.8584581935,142184883.26387215,16732166.02575057,7169163.083552187,9563002.942198383,0.0,125452717.23812157,0.0,0.0,0.0,0.0
2003,절세계좌,2011-12-31,4000000.0,580146.0998229359,139018317.59428817,12318368.569373894,5226044.710197141,7092323.859176753,0.0,126699949.02491428,0.0,0.0,0.0,0.0
2003,절세계좌,2012-01-31,4000000.0,0.0,142454184.46871915,8977258.3500671,3615213.0324352137,5362045.317631885,0.0,133476926.11865205,0.0,0.0,0.0,0.0
2003,절세계좌,2012-02-29,4000000.0,0.0,146427511.53185323,5479725.98358933,2089762.5969717288,3389963.386617601,0.0,140947785.5482639,0.0,0.0,0.0,0.0
2003,절세계좌,2012-03-31,3999999.9999999995,622455.4976857888,151173265.3115811,1207855.012404758,432932.38381039276,774922.6285943652,0.0,149965410.29917634,0.0,0.0,0.0,0.0
2003,절세계좌,2012-04-30,4000000.0,14426497.89443151,130800513.72966248,49999999.99999999,49999999.99999999,0.0,39999999.99999999,0.0,36000000.0,0.0,4800513.729662494,0.0
2003,절세계좌,2012-05-31,4000000.0,0.0,122966545.840901,48534421.70086369,48534421.70086369,0.0,38827537.36069095,0.0,34944783.62462186,0.0,659803.1547245083,0.0
2003,절세계좌,2012-06-30,4000000.0,0.0,119226692.23692438,48637100.480707556,48637100.480707556,0.0,38909680.38456605,0.0,31679911.371650785,0.0,0.0,0.0
2003,절세계좌,2012-07-31,4000000.0,0.0,115265838.94882965,48653069.91275925,48653069.91275925,0.0,38922455.930207394,0.0,27690313.105863005,0.0,0.0,0.0
2003,절세계좌,2012-08-31,4000000.0,0.0,117556851.54541409,51308471.36105435,50000000.0,1308471.3610543534,40000000.0,1046777.0888434723,25201603.09551627,0.0,0.0,0.0
2003,절세계좌,2012-09-30,4000000.0,0.0,112299820.84445551,50759831.93364349,50000000.0,759831.9336434901,40000000.0,607865.5469147936,20932123.36389723,0.0,0.0,0.0
2003,절세계좌,2012-10-31,4000000.0,0.0,100357119.81967883,47169708.938921474,47169708.938921474,0.0,37735767.15113718,0.0,15451643.72962018,0.0,0.0,0.0
2003,절세계좌,2012-11-30,4000000.0,0.0,96885225.66427746,47417928.487503774,47417928.487503774,0.0,37934342.79000302,0.0,11532954.386770666,0.0,0.0,0.0
2003,절세계좌,2012-12-31,4000000.0,0.0,90782728.84224872,46388916.65139963,46388916.65139963,0.0,37111133.3211197,0.0,7282678.869729389,0.0,0.0,0.0
2004,세전 기준,2003-12-31,0.0,0.0,400000000.0,,,,,,,,,
2004,세전 기준,2004-01-31,4000000.0,0.0,396045904.96077114,,,,,,,,,
2004,세전 기준,2004-02-29,4000000.0,0.0,391426354.5306258,,,,,,,,,
2004,세전 기준,2004-03-31,4000000.0,0.0,382772171.9336569,,,,,,,,,
2004,세전 기준,2004-04-30,4000000.0,0.0,377863045.3767724,,,,,,,,,
2004,세전 기준,2004-05-31,4000000.0,0.0,380844506.79742855,,,,,,,,,
2004,세전 기준,2004-06-30,4000000.0,0.0,381781578.68724585,,,,,,,,,
2004,세전 기준,2004-07-31,4000000.0,0.0,362401580.35498554,,,,,,,,,
2004,세전 기준,2004-08-31,4000000.0,0.0,348135137.62418234,,,,,,,,,
2004,세전 기준,2004-09-30,4000000.0,0.0,353357809.449708,,,,,,,,,
2004,세전 기준,2004-10-31,4000000.0,0.0,356107406.8205285,,,,,,,,,
2004,세전 기준,2004-11-30,4000000.0,0.0,349261895.6155853,,,,,,,,,
2004,세전 기준,2004-12-31,4000000.0,0.0,351388274.81230974,,,,,,,,,
2004,세전 기준,2005-01-31,4000000.0,0.0,322582957.8577183,,,,,,,,,
2004,세전 기준,2005-02-28,4000000.0,0.0,308901711.50426984,,,,,,,,,
2004,세전 기준,2005-03-31,4000000.0,0.0,303919316.68295515,,,,,,,,,
2004,세전 기준,2005-04-30,4000000.0,0.0,281437729.419411,,,,,,,,,
2004,세전 기준,2005-05-31,4000000.0,0.0,304837621.60441065,,,,,,,,,
2004,세전 기준,2005-06-30,4000000.0,0.0,299353653.05015665,,,,,,,,,
2004,세전 기준,2005-07-31,4000000.0,0.0,315651653.09746057,,,,,,,,,
2004,세전 기준,2005-08-31,4000000.0,0.0,310652131.5633369,,,,,,,,,
2004,세전 기준,2005-09-30,4000000.0,0.0,311506652.892383,,,,,,,,,
2004,세전 기준,2005-10-31,4000000.0,0.0,303172907.5277845,,,,,,,,,
2004,세전 기준,2005-11-30,4000000.0,0.0,315777794.65564156,,,,,,,,,
2004,세전 기준,2005-12-31,4000000.0,0.0,297976706.9389053,,,,,,,,,
2004,세전 기준,2006-01-31,4000000.0,0.0,290032043.6296869,,,,,,,,,
2004,세전 기준,2006-02-28,4000000.0,0.0,283368652.9336784,,,,,,,,,
2004,세전 기준,2006-03-31,4000000.0,0.0,285443035.4274794,,,,,,,,,
2004,세전 기준,2006-04-30,4000000.0,0.0,272510574.2056667,,,,,,,,,
2004,세전 기준,2006-05-31,4000000.0,0.0,249450461.97004738,,,,,,,,,
2004,세전 기준,2006-06-30,4000000.0,0.0,246140955.46892446,,,,,,,,,
2004,세전 기준,2006-07-31,4000000.0,0.0,233127853.6779067,,,,,,,,,
2004,세전 기준,2006-08-31,4000000.0,0.0,241835966.96480957,,,,,,,,,
2004,세전 기준,2006-09-30,4000000.0,0.0,245080219.1559196,,,,,,,,,
2004,세전 기준,2006-10-31,4000000.0,0.0,251685046.1273864,,,,,,,,,
2004,세전 기준,2006-11-30,4000000.0,0.0,252668018.45272437,,,,,,,,,
2004,세전 기준,2006-12-31,4000000.0,0.0,244187822.36968815,,,,,,,,,
2004,세전 기준,2007-01-31,4000000.0,0.0,248285372.15323302,,,,,,,,,
2004,세전 기준,2007-02-28,4000000.0,0.0,240453583.7579108,,,,,,,,,
2004,세전 기준,2007-03-31,4000000.0,0.0,237407896.3416106,,,,,,,,,
2004,세전 기준,2007-04-30,4000000.0,0.0,243970777.69497967,,,,,,,,,
2004,세전 기준,2007-05-31,4000000.0,0.0,246694609.5792433,,,,,,,,,
2004,세전 기준,2007-06-30,4000000.0,0.0,242594044.282582,,,,,,,,,
2004,세전 기준,2007-07-31,4000000.0,0.0,237291999.28519434,,,,,,,,,
2004,세전 기준,2007-08-31,4000000.0,0.0,245052643.99153093,,,,,,,,,
2004,세전 기준,2007-09-30,4000000.0,0.0,247187274.5976674,,,,,,,,,
2004,세전 기준,2007-10-31,4000000.0,0.0,257580760.7931767,,,,,,,,,
2004,세전 기준,2007-11-30,4000000.0,0.0,240874859.6093325,,,,,,,,,
2004,세전 기준,2007-12-31,4000000.0,0.0,240597624.47590512,,,,,,,,,
2004,세전 기준,2008-01-31,4000000.0,0.0,209712476.47156414,,,,,,,,,
2004,세전 기준,2008-02-29,4000000.0,0.0,195455429.27057505,,,,,,,,,
2004,세전 기준,2008-03-31,4000000.0,0.0,204787734.66725472,,,,,,,,,
2004,세전 기준,2008-04-30,4000000.0,0.0,220803608.81953853,,,,,,,,,
2004,세전 기준,2008-05-31,4000000.0,0.0,235368655.9714089,,,,,,,,,
2004,세전 기준,2008-06-30,4000000.0,0.0,212523008.30161342,,,,,,,,,
2004,세전 기준,2008-07-31,4000000.0,0.0,202674755.3577285,,,,,,,,,
2004,세전 기준,2008-08-31,4000000.0,0.0,217371470.72920448,,,,,,,,,
2004,세전 기준,2008-09-30,4000000.0,0.0,199279964.1997561,,,,,,,,,
2004,세전 기준,2008-10-31,4000000.0,0.0,174390426.99206483,,,,,,,,,
2004,세전 기준,2008-11-30,4000000.0,0.0,173425380.82901612,,,,,,,,,
2004,세전 기준,2008-12-31,4000000.0,0.0,148484403.84505954,,,,,,,,,
2004,세전 기준,2009-01-31,4000000.0,0.0,154655545.03426224,,,,,,,,,
2004,세전 기준,2009-02-28,4000000.0,0.0,158735560.91853556,,,,,,,,,
2004,세전 기준,2009-03-31,4000000.0,0.0,152775564.4257077,,,,,,,,,
2004,세전 기준,2009-04-30,4000000.0,0.0,156733882.26381984,,,,,,,,,
2004,세전 기준,2009-05-31,4000000.0,0.0,154216395.04749456,,,,,,,,,
2004,세전 기준,2009-06-30,4000000.0,0.0,157884623.71928236,,,,,,,,,
2004,세전 기준,2009-07-31,4000000.0,0.0,160311363.50245062,,,,,,,,,
2004,세전 기준,2009-08-31,4000000.0,0.0,162102085.71875328,,,,,,,,,
2004,세전 기준,2009-09-30,4000000.0,0.0,157240107.72723177,,,,,,,,,
2004,세전 기준,2009-10-31,4000000.0,0.0,149347288.30684447,,,,,,,,,
2004,세전 기준,2009-11-30,4000000.0,0.0,152462388.46789137,,,,,,,,,
2004,세전 기준,2009-12-31,4000000.0,0.0,156291432.43136698,,,,,,,,,
2004,세전 기준,2010-01-31,4000000.0,0.0,141557627.08423194,,,,,,,,,
2004,세전 기준,2010-02-28,4000000.0,0.0,144113093.3584563,,,,,,,,,
2004,세전 기준,2010-03-31,4000000.0,0.0,147502267.75622752,,,,,,,,,
2004,세전 기준,2010-04-30,4000000.0,0.0,143717107.1761755,,,,,,,,,
2004,세전 기준,2010-05-31,4000000.0,0.0,139483316.03305155,,,,,,,,,
2004,세전 기준,2010-06-30,4000000.0,0.0,130041347.67564054,,,,,,,,,
2004,세전 기준,2010-07-31,4000000.0,0.0,131041501.53528112,,,,,,,,,
2004,세전 기준,2010-08-31,4000000.0,0.0,122002064.42095356,,,,,,,,,
2004,세전 기준,2010-09-30,4000000.0,0.0,127400063.89224538,,,,,,,,,
2004,세전 기준,2010-10-31,4000000.0,0.0,129561422.67288107,,,,,,,,,
2004,세전 기준,2010-11-30,4000000.0,0.0,129158240.43741715,,,,,,,,,
2004,세전 기준,2010-12-31,4000000.0,0.0,128192298.64205551,,,,,,,,,
2004,세전 기준,2011-01-31,4000000.0,0.0,126476504.8722194,,,,,,,,,
2004,세전 기준,2011-02-28,4000000.0,0.0,127010302.92222692,,,,,,,,,
2004,세전 기준,2011-03-31,4000000.0,0.0,119464790.6656919,,,,,,,,,
2004,세전 기준,2011-04-30,4000000.0,0.0,115665755.62837139,,,,,,,,,
2004,세전 기준,2011-05-31,4000000.0,0.0,111282801.20653144,,,,,,,,,
2004,세전 기준,2011-06-30,4000000.0,0.0,103845446.69396906,,,,,,,,,
2004,세전 기준,2011-07-31,4000000.0,0.0,100356873.6165456,,,,,,,,,
2004,세전 기준,2011-08-31,4000000.0,0.0,92164628.46029246,,,,,,,,,
2004,세전 기준,2011-09-30,4000000.0,0.0,93706091.49231178,,,,,,,,,
2004,세전 기준,2011-10-31,4000000.0,0.0,93421758.51609088,,,,,,,,,
2004,세전 기준,2011-11-30,4000000.0,0.0,89195802.0884826,,,,,,,,,
2004,세전 기준,2011-12-31,4000000.0,0.0,86082573.15301098,,,,,,,,,
2004,세전 기준,2012-01-31,4000000.0,0.0,86686991.94652799,,,,,,,,,
2004,세전 기준,2012-02-29,4000000.0,0.0,87538964.11910191,,,,,,,,,
2004,세전 기준,2012-03-31,4000000.0,0.0,89139573.78060907,,,,,,,,,
2004,세전 기준,2012-04-30,4000000.0,0.0,83991961.97362745,,,,,,,,,
2004,세전 기준,2012-05-31,4000000.0,0.0,77530026.03821884,,,,,,,,,
2004,세전 기준,2012-06-30,4000000.0,0.0,73694047.53463086,,,,,,,,,
2004,세전 기준,2012-07-31,4000000.0,0.0,69718244.126802,,,,,,,,,
2004,세전 기준,2012-08-31,4000000.0,0.0,69523346.80087501,,,,,,,,,
2004,세전 기준,2012-09-30,4000000.0,0.0,64779936.440583676,,,,,,,,,
2004,세전 기준,2012-10-31,4000000.0,0.0,56198204.57598655,,,,,,,,,
2004,세전 기준,2012-11-30,4000000.0,0.0,52493934.468851686,,,,,,,,,
2004,세전 기준,2012-12-31,4000000.0,0.0,47354768.72258002,,,,,,,,,
2004,세전 기준,2013-01-31,4000000.0,0.0,45727438.98802496,,,,,,,,,
2004,세전 기준,2013-02-28,4000000.0,0.0,41734505.52969799,,,,,,,,,
2004,세전 기준,2013-03-31,4000000.0,0.0,40130608.66127151,,,,,,,,,
2004,세전 기준,2013-04-30,4000000.0,0.0,36743462.14970156,,,,,,,,,
2004,세전 기준,2013-05-31,4000000.0,0.0,35019141.17476555,,,,,,,,,
2004,세전 기준,2013-06-30,4000000.0,0.0,30546861.210402492,,,,,,,,,
2004,세전 기준,2013-07-31,4000000.0,0.0,27940995.952106196,,,,,,,,,
2004,세전 기준,2013-08-31,4000000.0,0.0,23502155.948043134,,,,,,,,,
2004,세전 기준,2013-09-30,4000000.0,0.0,19836340.521902468,,,,,,,,,
2004,세전 기준,2013-10-31,4000000.0,0.0,16577139.059025764,,,,,,,,,
2004,세전 기준,2013-11-30,4000000.0,0.0,13116148.399648342,,,,,,,,,
2004,세전 기준,2013-12-31,4000000.0,0.0,9468035.32264944,,,,,,,,,
2004,미국계좌,2003-12-31,0.0,0.0,400000000.0,,,,,,,,,
2004,미국계좌,2004-01-31,4000000.0,0.0,396045904.96077114,,,,,,,,,
2004,미국계좌,2004-02-29,4000000.0,0.0,391426354.5306258,,,,,,,,,
2004,미국계좌,2004-03-31,4000000.0,0.0,382772171.9336569,,,,,,,,,
2004,미국계좌,2004-04-30,4000000.0,0.0,377863045.3767724,,,,,,,,,
2004,미국계좌,2004-05-31,4000000.0,0.0,380844506.79742855,,,,,,,,,
2004,미국계좌,2004-06-30,4000000.0,0.0,381781578.68724585,,,,,,,,,
2004,미국계좌,2004-07-31,4000000.0,0.0,362401580.35498554,,,,,,,,,
2004,미국계좌,2004-08-31,4000000.0,0.0,348135137.62418234,,,,,,,,,
2004,미국계좌,2004-09-30,4000000.0,0.0,353357809.449708,,,,,,,,,
2004,미국계좌,2004-10-31,4000000.0,0.0,356107406.8205285,,,,,,,,,
2004,미국계좌,2004-11-30,4000000.0,0.0,349261895.6155853,,,,,,,,,
2004,미국계좌,2004-12-31,4000000.0,0.0,351388274.81230974,,,,,,,,,
2004,미국계좌,2005-01-31,4000000.0,0.0,322582957.8577183,,,,,,,,,
2004,미국계좌,2005-02-28,4000000.0,0.0,308901711.50426984,,,,,,,,,
2004,미국계좌,2005-03-31,4000000.0,0.0,303919316.68295515,,,,,,,,,
2004,미국계좌,2005-04-30,4000000.0,0.0,281437729.419411,,,,,,,,,
2004,미국계좌,2005-05-31,4000000.0,0.0,304837621.60441065,,,,,,,,,
2004,미국계좌,2005-06-30,4000000.0,0.0,299353653.05015665,,,,,,,,,
2004,미국계좌,2005-07-31,4000000.0,0.0,315651653.09746057,,,,,,,,,
2004,미국계좌,2005-08-31,4000000.0,0.0,310652131.5633369,,,,,,,,,
2004,미국계좌,2005-09-30,4000000.0,0.0,311506652.892383,,,,,,,,,
2004,미국계좌,2005-10-31,4000000.0,0.0,303172907.5277845,,,,,,,,,
2004,미국계좌,2005-11-30,4000000.0,0.0,315777794.65564156,,,,,,,,,
2004,미국계좌,2005-12-31,4000000.0,0.0,297976706.9389053,,,,,,,,,
2004,미국계좌,2006-01-31,4000000.0,0.0,290032043.6296869,,,,,,,,,
2004,미국계좌,2006-02-28,4000000.0,0.0,283368652.9336784,,,,,,,,,
2004,미국계좌,2006-03-31,4000000.0,0.0,285443035.4274794,,,,,,,,,
2004,미국계좌,2006-04-30,4000000.0,0.0,272510574.2056667,,,,,,,,,
2004,미국계좌,2006-05-31,4000000.0,0.0,249450461.97004738,,,,,,,,,
2004,미국계좌,2006-06-30,4000000.0,0.0,246140955.46892446,,,,,,,,,
2004,미국계좌,2006-07-31,4000000.0,0.0,233127853.6779067,,,,,,,,,
2004,미국계좌,2006-08-31,4000000.0,0.0,241835966.96480957,,,,,,,,,
2004,미국계좌,2006-09-30,4000000.0,0.0,245080219.1559196,,,,,,,,,
2004,미국계좌,2006-10-31,4000000.0,0.0,251685046.1273864,,,,,,,,,
2004,미국계좌,2006-11-30,4000000.0,0.0,252668018.45272437,,,,,,,,,
2004,미국계좌,2006-12-31,4000000.0,0.0,244187822.36968815,,,,,,,,,
2004,미국계좌,2007-01-31,4000000.0,0.0,248285372.15323302,,,,,,,,,
2004,미국계좌,2007-02-28,4000000.0,0.0,240453583.7579108,,,,,,,,,
2004,미국계좌,2007-03-31,4000000.0,0.0,237407896.3416106,,,,,,,,,
2004,미국계좌,2007-04-30,4000000.0,0.0,243970777.69497967,,,,,,,,,
2004,미국계좌,2007-05-31,4000000.0,0.0,246694609.5792433,,,,,,,,,
2004,미국계좌,2007-06-30,4000000.0,0.0,242594044.282582,,,,,,,,,
2004,미국계좌,2007-07-31,4000000.0,0.0,237291999.28519434,,,,,,,,,
2004,미국계좌,2007-08-31,4000000.0,0.0,245052643.99153093,,,,,,,,,
2004,미국계좌,2007-09-30,4000000.0,0.0,247187274.5976674,,,,,,,,,
2004,미국계좌,2007-10-31,4000000.0,0.0,257580760.7931767,,,,,,,,,
2004,미국계좌,2007-11-30,4000000.0,0.0,240874859.6093325,,,,,,,,,
2004,미국계좌,2007-12-31,4000000.0,0.0,240597624.47590512,,,,,,,,,
2004,미국계좌,2008-01-31,4000000.0,0.0,209712476.47156414,,,,,,,,,
2004,미국계좌,2008-02-29,4000000.0,0.0,195455429.27057505,,,,,,,,,
2004,미국계좌,2008-03-31,4000000.0,0.0,204787734.66725472,,,,,,,,,
2004,미국계좌,2008-04-30,4000000.0,0.0,220803608.81953853,,,,,,,,,
2004,미국계좌,2008-05-31,4000000.0,0.0,235368655.9714089,,,,,,,,,
2004,미국계좌,2008-06-30,4000000.0,0.0,212523008.30161342,,,,,,,,,
2004,미국계좌,2008-07-31,4000000.0,0.0,202674755.3577285,,,,,,,,,
2004,미국계좌,2008-08-31,4000000.0,0.0,217371470.72920448,,,,,,,,,
2004,미국계좌,2008-09-30,4000000.0,0.0,199279964.1997561,,,,,,,,,
2004,미국계좌,2008-10-31,4000000.0,0.0,174390426.99206483,,,,,,,,,
2004,미국계좌,2008-11-30,4000000.0,0.0,173425380.82901612,,,,,,,,,
2004,미국계좌,2008-12-31,4000000.0,0.0,148484403.84505954,,,,,,,,,
2004,미국계좌,2009-01-31,4000000.0,0.0,154655545.03426224,,,,,,,,,
2004,미국계좌,2009-02-28,4000000.0,0.0,158735560.91853556,,,,,,,,,
2004,미국계좌,2009-03-31,4000000.0,0.0,152775564.4257077,,,,,,,,,
2004,미국계좌,2009-04-30,4000000.0,0.0,156733882.26381984,,,,,,,,,
2004,미국계좌,2009-05-31,4000000.0,0.0,154216395.04749456,,,,,,,,,
2004,미국계좌,2009-06-30,4000000.0,0.0,157884623.71928236,,,,,,,,,
2004,미국계좌,2009-07-31,4000000.0,0.0,160311363.50245062,,,,,,,,,
2004,미국계좌,2009-08-31,4000000.0,0.0,162102085.71875328,,,,,,,,,
2004,미국계좌,2009-09-30,4000000.0,0.0,157240107.72723177,,,,,,,,,
2004,미국계좌,2009-10-31,4000000.0,0.0,149347288.30684447,,,,,,,,,
2004,미국계좌,2009-11-30,4000000.0,0.0,152462388.46789137,,,,,,,,,
2004,미국계좌,2009-12-31,4000000.0,113140.26882168987,156178292.16254526,,,,,,,,,
2004,미국계좌,2010-01-31,4000000.0,0.0,141452257.07897213,,,,,,,,,
2004,미국계좌,2010-02-28,4000000.0,0.0,144002843.71844968,,,,,,,,,
2004,미국계좌,2010-03-31,4000000.0,0.0,147386365.23764956,,,,,,,,,
2004,미국계좌,2010-04-30,4000000.0,0.0,143601035.84371936,,,,,,,,,
2004,미국계좌,2010-05-31,4000000.0,0.0,139367433.51910165,,,,,,,,,
2004,미국계좌,2010-06-30,4000000.0,101116.32573301594,129828870.01449011,,,,,,,,,
2004,미국계좌,2010-07-31,4000000.0000000005,231529.48703585626,130589324.51638468,,,,,,,,,
2004,미국계좌,2010-08-31,3999999.9999999995,202143.1674344105,121365133.51683158,,,,,,,,,
2004,미국계좌,2010-09-30,4000000.0000000005,257126.4990821589,126456942.7594347,,,,,,,,,
2004,미국계좌,2010-10-31,3999999.9999999995,290748.26095033303,128281941.7817996,,,,,,,,,
2004,미국계좌,2010-11-30,4000000.0,309759.0629207119,127533480.19115908,,,,,,,,,
2004,미국계좌,2010-12-31,4000000.0,325603.9512700456,126203767.17669351,,,,,,,,,
2004,미국계좌,2011-01-31,4000000.0,0.0,124452540.57656905,,,,,,,,,
2004,미국계좌,2011-02-28,4000000.0,0.0,124913785.6620068,,,,,,,,,
2004,미국계좌,2011-03-31,4000000.0,0.0,117426798.00915451,,,,,,,,,
2004,미국계좌,2011-04-30,3999999.9999999995,188255.468019558,113436079.17053,,,,,,,,,
2004,미국계좌,2011-05-31,4000000.0,341007.5483643767,108719499.37194738,,,,,,,,,
2004,미국계좌,2011-06-30,3999999.9999999995,319872.0856226845,101041449.22360577,,,,,,,,,
2004,미국계좌,2011-07-31,4000000.0,323211.68192034564,97215855.09810454,,,,,,,,,
2004,미국계좌,2011-08-31,4000000.0,293828.2218078178,88860992.65951493,,,,,,,,,
2004,미국계좌,2011-09-30,4000000.0,333819.9852032623,89870002.28299817,,,,,,,,,
2004,미국계좌,2011-10-31,4000000.0,359576.7239745008,89073982.61910322,,,,,,,,,
2004,미국계좌,2011-11-30,4000000.0,357993.0494754278,84500548.9782158,,,,,,,,,
2004,미국계좌,2011-12-31,4000000.0000000005,364445.79846393754,80976194.7537512,,,,,,,,,
2004,미국계좌,2012-01-31,4000000.0,0.0,81307481.55542393,,,,,,,,,
2004,미국계좌,2012-02-29,4000000.0,0.0,81858356.24919955,,,,,,,,,
2004,미국계좌,2012-03-31,4000000.0,77800.6803785815,83017728.58654831,,,,,,,,,
2004,미국계좌,2012-04-30,4000000.0,460180.1300113676,77488751.27169508,,,,,,,,,
2004,미국계좌,2012-05-31,4000000.0000000005,442704.45676255936,70774730.16911317,,,,,,,,,
2004,미국계좌,2012-06-30,4000000.0000000005,443958.537557146,66480501.71348291,,,,,,,,,
2004,미국계좌,2012-07-31,4000000.0000000005,444153.1701169411,62058176.650806226,,,,,,,,,
2004,미국계좌,2012-08-31,4000000.0000000005,475046.33125669544,60970159.59545321,,,,,,,,,
2004,미국계좌,2012-09-30,4000000.0000000005,468894.27481695125,55849313.84825252,,,,,,,,,
2004,미국계좌,2012-10-31,4000000.0,425588.8768266413,47473634.94456819,,,,,,,,,
2004,미국계좌,2012-11-30,4000000.0,428765.2305863603,43294688.60200507,,,,,,,,,
2004,미국계좌,2012-12-31,3999999.9999999995,415406.6025960281,37939748.18945683,,,,,,,,,
2004,미국계좌,2013-01-31,4000000.0,0.0,35840686.88762576,,,,,,,,,
2004,미국계좌,2013-02-28,4000000.0,0.0,31846225.56884401,,,,,,,,,
2004,미국계좌,2013-03-31,4000000.0,142444.12513388856,29532168.766042344,,,,,,,,,
2004,미국계좌,2013-04-30,3999999.9999999995,485928.4901227508,25497239.980457846,,,,,,,,,
2004,미국계좌,2013-05-31,4000000.0,518937.0309952646,22557455.561270073,,,,,,,,,
2004,미국계좌,2013-06-30,3999999.9999999995,511609.368369358,17741628.72921618,,,,,,,,,
2004,미국계좌,2013-07-31,3999999.9999999995,535411.0749811394,14015931.647939438,,,,,,,,,
2004,미국계좌,2013-08-31,4000000.0000000005,527060.925330523,9268737.141405422,,,,,,,,,
2004,미국계좌,2013-09-30,4000000.0,534513.2328202928,4866019.007667205,,,,,,,,,
2004,미국계좌,2013-10-31,4000000.0,553491.4486147666,494251.5901817595,,,,,,,,,
2004,미국계좌,2013-11-30,446708.87444036757,63613.415442766636,0.0,,,,,,,,,
2004,절세계좌,2003-12-31,0.0,0.0,400000000.0,50000000.0,50000000.0,0.0,200000000.0,0.0,36000000.0,0.0,114000000.0,0.0
2004,절세계좌,2004-01-31,4000000.0,0.0,396045904.9607711,50045904.9607711,50000000.0,45904.96077109873,200000000.0,0.0,36000000.0,0.0,110000000.0,0.0
2004,절세계좌,2004-02-29,4000000.0,0.0,391426354.53062576,49581135.559905946,49581135.559905946,0.0,199845218.9707198,0.0,36000000.0,0.0,106000000.0,0.0
2004,절세계좌,2004-03-31,4000000.0,0.0,382772171.9336568,47260225.18005496,47260225.18005496,0.0,197511946.75360185,0.0,36000000.0,0.0,102000000.0,0.0
2004,절세계좌,2004-04-30,4000000.0,0.0,377863045.3767724,46924833.45972273,46924833.45972273,0.0,196938211.91704965,0.0,36000000.0,0.0,98000000.0,0.0
2004,절세계좌,2004-05-31,4000000.0,0.0,380844506.7974285,48965601.553676076,48965601.553676076,0.0,200000000.0,1878905.24375242,36000000.0,0.0,94000000.0,0.0
2004,절세계좌,2004-06-30,4000000.0,0.0,381781578.68724585,50169252.57133858,50000000.0,169252.57133857906,200000000.0,5612326.115907252,36000000.0,0.0,90000000.0,0.0
2004,절세계좌,2004-07-31,4000000.0,0.0,362401580.35498554,46942339.559692,46942339.559692,0.0,193459240.79529354,0.0,36000000.0,0.0,86000000.0,0.0
2004,절세계좌,2004-08-31,4000000.0,0.0,348135137.62418234,45067620.1171974,45067620.1171974,0.0,185733128.21865058,0.0,35334389.28833436,0.0,82000000.0,0.0
2004,절세계좌,2004-09-30,4000000.0,0.0,353357809.4497079,46551346.41381064,46551346.41381064,0.0,191847875.91940817,0.0,36000000.0,497675.9767713547,78460911.13971777,0.0
2004,절세계좌,2004-10-31,4000000.0,0.0,356107406.82052845,47525041.70229293,47525041.70229293,0.0,195860678.711996,0.0,36000000.0,1261082.792617865,75460603.61362168,0.0
2004,절세계좌,2004-11-30,4000000.0,7069.8573280741375,349254825.75825727,47145288.18947869,47145288.18947869,0.0,194295634.72468114,0.0,36000000.0,963344.4514208734,70850558.39267656,0.0
2004,절세계좌,2004-12-31,4000000.0,17632.053742583194,351363448.8893518,47972260.48852818,47972260.48852818,0.0,197703761.26105484,0.0,36000000.0,1611715.9666971639,68075711.1730716,0.0
2004,절세계좌,2005-01-31,4000000.0,0.0,322559884.45449936,44585786.85880399,44585786.85880399,0.0,183747392.1596248,0.0,70956617.31191613,0.0,23270088.124154463,0.0
2004,절세계좌,2005-02-28,4000000.0,0.0,308879330.5719187,43247693.8941012,43247693.8941012,0.0,178232830.00756696,0.0,68827092.25217314,0.0,18571714.418077406,0.0
2004,절세계좌,2005-03-31,4000000.0,0.0,303897006.9282998,43110153.99408423,43110153.99408423,0.0,177665999.19159308,0.0,68608202.62975761,0.0,14512651.11286486,0.0
2004,절세계좌,2005-04-30,4000000.0,0.0,281416776.33955336,40488589.554935254,40488589.554935254,0.0,166861981.5211745,0.0,64436080.57533902,0.0,9630124.688104622,0.0
2004,절세계좌,2005-05-31,4000000.0,0.0,304814628.59859776,44430431.29312905,44430431.29312905,0.0,183107139.2435856,0.0,70709374.72190012,0.0,6567683.339982983,0.0
2004,절세계좌,2005-06-30,4000000.0,0.0,299330771.97573006,44214141.18253205,44214141.18253205,0.0,182215762.26961905,0.0,70365157.07571198,0.0,2535711.4478669874,0.0
2004,절세계좌,2005-07-31,4000000.0,5360.803972758549,315621859.74292237,47212129.11643633,47212129.11643633,0.0,194571100.22351584,0.0,70702287.31667012,3136343.08630009,0.0,0.0
2004,절세계좌,2005-08-31,4000000.0,0.0,310622432.5504539,47062630.32794389,47062630.32794389,0.0,193954984.31636584,0.0,66702287.31667012,2902530.589474082,0.0,0.0
2004,절세계좌,2005-09-30,4000000.0,0.0,311476489.7768049,47798072.06329678,47798072.06329678,0.0,196985894.17524967,0.0,62702287.31667012,3990236.2215883583,0.0,0.0
2004,절세계좌,2005-10-31,4000000.0,0.0,303143164.0477459,47133095.34027117,47133095.34027117,0.0,194245385.4321886,0.0,58702287.31667012,3062395.9586160183,0.0,0.0
2004,절세계좌,2005-11-30,4000000.0,0.0,315746422.11470544,49714591.604214214,49714591.604214214,0.0,200000000.0,4884273.736919373,54702287.31667012,6445269.456901729,0.0,0.0
2004,절세계좌,2005-12-31,4000000.0,0.0,297946705.53677845,47541812.355186604,47541812.355186604,0.0,195929794.09497187,0.0,50702287.31667012,3772811.769949876,0.0,0.0
2004,절세계좌,2006-01-31,4000000.0,0.0,290002439.3909203,46912446.238694474,46912446.238694474,0.0,193336044.1408601,0.0,46702287.31667012,3051661.694695547,0.0,0.0
2004,절세계좌,2006-02-28,4000000.0,0.0,283339320.5533351,46481644.96834013,46481644.96834013,0.0,191560621.62297684,0.0,42702287.31667012,2594766.6453480124,0.0,0.0
2004,절세계좌,2006-03-31,4000000.0,0.0,285413074.2687027,47478040.60898581,47478040.60898581,0.0,195666977.3346673,0.0,38702287.31667012,3565769.0083794594,0.0,0.0
2004,절세계좌,2006-04-30,4000000.0,0.0,272481550.6311212,45992294.92949397,45992294.92949397,0.0,189543907.33292866,0.0,34702287.31667012,2243061.052028492,0.0,0.0
2004,절세계좌,2006-05-31,4000000.0,0.0,249423468.3812738,42775471.85433408,42775471.85433408,0.0,176286703.79917926,0.0,30361292.727760457,0.0,0.0,0.0
2004,절세계좌,2006-06-30,4000000.0,0.0,246113887.16031507,42893876.86747198,42893876.86747198,0.0,176774675.7273548,0.0,26445334.565488305,0.0,0.0,0.0
2004,절세계좌,2006-07-31,4000000.0,0.0,233101776.54697573,41323204.17027138,41323204.17027138,0.0,170301603.64810887,0.0,21476968.728595465,0.0,0.0,0.0
2004,절세계좌,2006-08-31,4000000.0,0.0,241808468.3343502,43575787.68480572,43575787.68480572,0.0,179584973.42978892,0.0,18647707.219755553,0.0,0.0,0.0
2004,절세계좌,2006-09-30,4000000.0,0.0,245051896.79763982,44881110.459481895,44881110.459481895,0.0,184964482.7459052,0.0,14702287.31667012,504016.2755826209,0.0,0.0
2004,절세계좌,2006-10-31,4000000.0,0.0,251655498.23687062,46823153.813079886,46823153.813079886,0.0,192968051.30049044,0.0,10702287.31667012,1162005.80663017,0.0,0.0
2004,절세계좌,2006-11-30,4000000.0,0.0,252637885.55994892,47750179.408067085,47750179.408067085,0.0,196788518.48398003,0.0,6702287.31667012,1396900.351231682,0.0,0.0
2004,절세계좌,2006-12-31,4000000.0,0.0,244158223.77986494,46903494.62358841,46903494.62358841,0.0,193299152.65486786,0.0,2702287.3166701198,1253289.1847385322,0.0,0.0
2004,절세계좌,2007-01-31,4000000.0,0.0,248254792.04003862,48458868.593719214,48458868.593719214,0.0,198411462.78328216,0.0,0.0,1384460.6630372505,0.0,0.0
2004,절세계좌,2007-02-28,4000000.0,0.0,240423475.5876337,47711002.8265275,47711002.8265275,0.0,191349378.48085824,0.0,0.0,1363094.2802479647,0.0,0.0
2004,절세계좌,2007-03-31,4000000.0,0.0,237377668.67797717,47900358.33400928,47900358.33400928,0.0,188108806.2128702,0.0,0.0,1368504.13109768,0.0,0.0
2004,절세계좌,2007-04-30,4000000.0,0.0,243939205.12568188,50031567.15082958,50000000.0,31567.150829583406,186702287.31667012,5775958.296359509,0.0,1429392.3618226603,0.0,0.0
2004,절세계좌,2007-05-31,4000000.0,0.0,246662166.8702914,51410436.57776156,50000000.0,1410436.5777615607,182702287.31667012,11080656.576651335,0.0,1468786.3992084085,0.0,0.0
2004,절세계좌,2007-06-30,4000000.0,0.0,242561614.79893184,51389479.06346992,50000000.0,1389479.0634699166,178702287.31667012,11001660.771782398,0.0,1468187.6470094025,0.0,0.0
2004,절세계좌,2007-07-31,4000000.0,0.0,237259743.85629925,51113662.670982525,50000000.0,1113662.6709825248,174702287.31667012,9983486.243534148,0.0,1460307.6251124588,0.0,0.0
2004,절세계좌,2007-08-31,4000000.0,0.0,245018789.9219727,53646953.418769106,50000000.0,3646953.4187691063,170702287.31667012,19136865.926369518,0.0,1532683.2601639407,0.0,0.0
2004,절세계좌,2007-09-30,4000000.0,0.0,247152573.02771956,54989947.46693834,50000000.0,4989947.466938339,166702287.31667012,23889285.899312258,0.0,1571052.3447988313,0.0,0.0
2004,절세계좌,2007-10-31,4000000.0,0.0,257544038.58293164,58191961.20751391,50000000.0,8191961.2075139135,162702287.31667012,34987256.79012659,0.0,1662533.2686210233,0.0,0.0
2004,절세계좌,2007-11-30,4000000.0,0.0,240839948.82620332,55321477.765660696,50000000.0,5321477.765660696,158702287.31667012,25235659.64146757,0.0,1580524.1024049423,0.0,0.0
2004,절세계좌,2007-12-31,4000000.0,0.0,240562174.1402585,50000000.00000001,44502609.32350531,5497390.676494695,154702287.31667012,28078454.143458515,0.0,1604951.3905359963,0.0,6176481.289593831
2004,절세계좌,2008-01-31,4000000.0,0.0,210371167.24184585,44412840.09704897,44412840.09704897,0.0,154702287.31667012,7653949.549104691,2176481.2895938307,1425608.9894282306,0.0,0.0
2004,절세계좌,2008-02-29,4000000.0,0.0,196081903.44394603,42240605.97502628,42240605.97502628,0.0,152591866.88640267,0.0,0.0,1249430.5825170756,0.0,0.0
2004,절세계좌,2008-03-31,4000000.0,0.0,205456941.57531455,45121900.50391991,44502609.32350531,619291.1804145947,148878768.60626394,10121616.365163267,0.0,1334656.099967446,0.0,0.0
2004,절세계좌,2008-04-30,4000000.0,0.0,221538223.7525239,49532097.64519794,44502609.32350531,5029488.321692631,144878768.60626394,25662252.628969967,0.0,1465104.8720920682,0.0,0.0
2004,절세계좌,2008-05-31,4000000.0,0.0,236165036.9277951,53696729.4337377,44502609.32350531,9194120.11023239,140878768.60626394,40001248.79613802,0.0,1588290.0916554607,0.0,0.0
2004,절세계좌,2008-06-30,4000000.0,0.0,213255624.11963385,49397305.45244308,44502609.32350531,4894696.128937766,136878768.60626394,25518432.193377554,0.0,1461117.8675492823,0.0,0.0
2004,절세계좌,2008-07-31,4000000.0,0.0,203387210.8992278,48037979.98768098,44502609.32350531,3535370.664175667,132878768.60626394,21049551.787227392,0.0,1420910.518055477,0.0,0.0
2004,절세계좌,2008-08-31,4000000.0,0.0,218149650.1861008,52469476.338891864,44502609.32350531,7966867.015386552,128878768.60626394,35249415.94360334,0.0,1551989.2973416743,0.0,0.0
2004,절세계좌,2008-09-30,4000000.0,0.0,200007696.73801515,49068045.755817205,44502609.32350531,4565436.4323118925,124878768.60626394,24609503.647420704,0.0,1451378.728513306,0.0,0.0
2004,절세계좌,2008-10-31,4000000.0,0.0,175041874.91236815,43924484.17580114,43924484.17580114,0.0,120878768.60626394,8939384.285964847,0.0,1299237.8443382203,0.0,0.0
2004,절세계좌,2008-11-30,4000000.0,0.0,174088166.0365742,44688911.35270988,44502609.32350531,186302.02920456976,116878768.60626394,11198637.319642663,0.0,1321848.7579577276,0.0,0.0
2004,절세계좌,2008-12-31,4000000.0,0.0,149067158.26525286,39292760.80310937,39292760.80310937,0.0,108612160.89176951,0.0,0.0,1162236.5703739766,0.0,0.0
2004,절세계좌,2009-01-31,4000000.0,0.0,155278217.97339043,41984304.20762089,41984304.20762089,0.0,108878768.60626394,3173295.70086585,0.0,1241849.458639762,0.0,0.0
2004,절세계좌,2009-02-28,4000000.0,0.0,159390765.55407175,44177784.20740096,44177784.20740096,0.0,104878768.60626394,9027482.560229018,0.0,1306730.180177826,0.0,0.0
2004,절세계좌,2009-03-31,4000000.0,0.0,153422678.8842205,43632296.46913764,43632296.46913764,0.0,100878768.60626394,7621018.554900855,0.0,1290595.2539180745,0.0,0.0
2004,절세계좌,2009-04-30,4000000.0,0.0,157414705.92548856,45905170.96064045,44502609.32350531,1402561.6371351406,96878768.60626394,13272941.981542587,0.0,1357824.3770415806,0.0,0.0
2004,절세계좌,2009-05-31,4000000.0,0.0,154903658.47679532,46339378.30498078,44502609.32350531,1836768.981475465,92878768.60626394,14314843.81368877,0.0,1370667.7518618442,0.0,0.0
2004,절세계좌,2009-06-30,4000000.0,0.0,158606060.51343203,48643549.33194351,44502609.32350531,4140940.0084381998,88878768.60626394,19644919.983203977,0.0,1438822.592020603,0.0,0.0
2004,절세계좌,2009-07-31,4000000.0,0.0,161062166.5922963,50623599.23371192,44502609.32350531,6120989.9102066085,84878768.60626394,24062408.46589598,0.0,1497390.286424467,0.0,0.0
2004,절세계좌,2009-08-31,4000000.0,0.0,162880009.10773093,52452210.720428996,44502609.32350531,7949601.396923684,80878768.60626394,27997551.181666568,0.0,1551478.5993714244,0.0,0.0
2004,절세계좌,2009-09-30,4000000.0,0.0,158013894.50786528,52173296.04115645,44502609.32350531,7670686.717651136,76878768.60626394,27418601.249968097,0.0,1543228.6104768026,0.0,0.0
2004,절세계좌,2009-10-31,4000000.0,0.0,150101918.31984133,50881633.09974614,44502609.32350531,6379023.776240826,72878768.60626394,24836493.969960526,0.0,1505022.6438707327,0.0,0.0
2004,절세계좌,2009-11-30,4000000.0,0.0,153252970.0417627,53305700.65374497,44502609.32350531,8803091.330239661,68878768.60626394,29491776.89056091,0.0,1576723.8911928986,0.0,0.0
2004,절세계좌,2009-12-31,4000000.0,0.0,157122610.88923538,49999999.99999999,39703997.342110276,10296002.657889716,64878768.606263936,34543169.12667237,0.0,1657689.7004423793,0.0,6042983.455856726
2004,절세계좌,2010-01-31,4000000.0,0.0,142746742.63107166,46566092.84969967,39703997.342110276,6862095.507589392,64878768.606263936,27715055.06911552,2042983.4558567256,1543842.6501358133,0.0,0.0
2004,절세계좌,2010-02-28,4000000.0,0.0,145357276.2797924,48722546.42614289,39703997.342110276,9018549.08403261,62921752.06212066,32003030.933137625,0.0,1709946.8583912284,0.0,0.0
2004,절세계좌,2010-03-31,4000000.0,0.0,148810244.2189708,51220719.10605885,39703997.342110276,11516721.763948575,58921752.06212066,36870151.33057369,0.0,1797621.7202176012,0.0,0.0
2004,절세계좌,2010-04-30,4000000.0,0.0,145026988.72762585,51295322.905372985,39703997.342110276,11591325.563262708,54921752.06212066,37009673.77503276,0.0,1800239.985099438,0.0,0.0
2004,절세계좌,2010-05-31,4000000.0,0.0,140791066.74071237,51211878.474750966,39703997.342110276,11507881.13264069,50921752.06212066,36860124.75085752,0.0,1797311.4529832308,0.0,0.0
2004,절세계좌,2010-06-30,4000000.0,0.0,131298076.23833898,49213837.20279601,39703997.342110276,9509839.860685736,46921752.06212066,33435297.971881434,0.0,1727189.0015408695,0.0,0.0
2004,절세계좌,2010-07-31,4000000.0,0.0,132346551.9301169,51106133.47960074,39703997.342110276,11402136.137490466,42921752.06212066,36525066.11915596,0.0,1793600.2692395442,0.0,0.0
2004,절세계좌,2010-08-31,4000000.0,0.0,123256926.75079656,49140755.009349175,39703997.342110276,9436757.667238899,38921752.06212066,33469795.541001245,0.0,1724624.1383254754,0.0,0.0
2004,절세계좌,2010-09-30,4000000.0,0.0,128751590.12337875,52926140.05007499,39703997.342110276,13222142.70796471,34921752.06212066,39046223.52465175,0.0,1857474.4865313557,0.0,0.0
2004,절세계좌,2010-10-31,4000000.0,0.0,130978311.80696003,55485769.36076745,39703997.342110276,15781772.01865717,30921752.06212066,42623484.17856218,0.0,1947306.2055097427,0.0,0.0
2004,절세계좌,2010-11-30,4000000.0,0.0,130614464.52091774,57026136.83125781,39703997.342110276,17322139.489147536,26921752.06212066,44665209.30592033,0.0,2001366.3216189402,0.0,0.0
2004,절세계좌,2010-12-31,4000000.0,0.0,129682730.90780894,50000000.00000001,34013102.75220735,15986897.247792654,22921752.06212066,46346859.71202877,0.0,2048380.4485382144,0.0,8365738.685121283
2004,절세계좌,2011-01-31,4000000.0,0.0,127844428.85998917,50890929.58561495,34013102.75220735,16877826.833407596,22921752.06212066,47581128.8237101,4365738.685121283,2084879.703422173,0.0,0.0
2004,절세계좌,2011-02-28,4000000.0,0.0,128427262.82472706,52715214.638016105,34013102.75220735,18702111.88580875,22921752.06212066,50108442.68491328,365738.68512128294,2316114.7545557288,0.0,0.0
2004,절세계좌,2011-03-31,4000000.0,0.0,120842195.91328809,51243661.265535705,34013102.75220735,17230558.51332835,19287490.747241944,48069793.49964756,0.0,2241250.4008628796,0.0,0.0
2004,절세계좌,2011-04-30,4000000.0,0.0,117045477.96196957,51329863.90663527,34013102.75220735,17316761.154427916,15287490.747241944,48183102.65156958,0.0,2245020.6565227695,0.0,0.0
2004,절세계좌,2011-05-31,4000000.0,0.0,112657955.45715904,51159917.33732701,34013102.75220735,17146814.585119657,11287490.747241944,47972959.690354876,0.0,2237587.6822352046,0.0,0.0
2004,절세계좌,2011-06-30,4000000.0,0.0,105178124.5455699,49579666.20404175,34013102.75220735,15566563.451834396,7287490.747241944,46142495.552863374,0.0,2168472.0414228328,0.0,0.0
2004,절세계좌,2011-07-31,4000000.0,0.0,101696114.75381885,49823840.37745381,34013102.75220735,15810737.625246458,3287490.747241944,46405632.11143872,0.0,2179151.517684382,0.0,0.0
2004,절세계좌,2011-08-31,4000000.0,0.0,93447924.9774469,47030021.23568508,33505491.40069291,13524529.83499217,0.0,44329782.73415151,0.0,2088121.0076103024,0.0,0.0
2004,절세계좌,2011-09-30,4000000.0,0.0,95066547.11407863,45857734.30116892,30817403.634947214,15040330.666221704,0.0,46995142.062807456,0.0,2213670.7501022466,0.0,0.0
2004,절세계좌,2011-10-31,4000000.0,0.0,94836159.40449524,43676101.37223661,28231839.568427864,15444261.803808745,0.0,48858610.02801347,0.0,2301448.0042451546,0.0,0.0
2004,절세계좌,2011-11-30,4000000.0,0.0,90606782.00754291,39570463.28540667,25640006.71289945,13930456.572507221,0.0,48740437.1617006,0.0,2295881.560435645,0.0,0.0
2004,절세계좌,2011-12-31,4000000.0,184640.07195619418,87322940.7473359,35779226.726058304,22955226.481839437,12824000.244218867,0.0,49225007.15642505,0.0,2318706.8648525383,0.0,0.0
2004,절세계좌,2012-01-31,4000000.0,0.0,87993704.81438495,33693000.18705999,20519206.386021227,13173793.801038764,0.0,51857973.85061506,0.0,2442730.7767099,0.0,0.0
2004,절세계좌,2012-02-29,4000000.0,0.0,88918815.232156,31578836.754315466,18212306.188275736,13366530.56603973,0.0,54760525.20692992,0.0,2579453.270910612,0.0,0.0
2004,절세계좌,2012-03-31,4000000.0,21748.393439006755,90585957.27385427,29577454.263136256,16032334.422214098,13545119.840922158,0.0,58264020.24630309,0.0,2744482.764414932,0.0,0.0
2004,절세계좌,2012-04-30,4000000.0,440470.91283931385,84979253.34345454,24756193.603462648,13594004.022280755,11162189.581181893,0.0,57513910.337527424,0.0,2709149.40246447,0.0,0.0
2004,절세계좌,2012-05-31,4000000.0,422561.2148604568,78065817.13705462,19607989.586313155,11092175.602240555,8515813.9840726,0.0,55828087.559744395,0.0,2629739.9909970695,0.0,0.0
2004,절세계좌,2012-06-30,4000000.0,423846.3040315918,73807125.84198864,15225625.685395846,8594903.407443471,6630722.277952375,0.0,55946196.72249453,0.0,2635303.4340982656,0.0,0.0
2004,절세계좌,2012-07-31,4000000.0,424045.75098325504,69407313.81113704,10806579.093334984,6098338.3427477395,4708240.7505872445,0.0,55964566.012157775,0.0,2636168.7056442765,0.0,0.0
2004,절세계좌,2012-08-31,3999999.9999999995,455709.5898975409,68739736.84980427,6940674.130915469,3714035.979657203,3226638.1512582656,0.0,59019016.42830548,0.0,2780046.2905833153,0.0,0.0
2004,절세계좌,2012-09-30,4000000.0,449403.0288528325,63555302.570453554,2417054.751818352,1307373.991044518,1109680.7607738338,0.0,58387928.45159066,0.0,2750319.367044544,0.0,0.0
2004,절세계좌,2012-10-31,4000000.0,593908.1938177585,54466277.97252752,0.0,0.0,0.0,0.0,54258288.21120792,0.0,207989.76131959946,0.0,0.0
2004,절세계좌,2012-11-30,4000000.0,5038336.067786512,45714557.93938317,45714557.93938317,45714557.93938317,0.0,0.0,0.0,0.0,0.0,0.0,0.0
2004,절세계좌,2012-12-31,4000000.0,0.0,40722510.78122251,40722510.78122251,40722510.78122251,0.0,0.0,0.0,0.0,0.0,0.0,0.0
2004,절세계좌,2013-01-31,4000000.0,0.0,38762877.423722774,38762877.423722774,37732187.302070506,1030690.1216522679,0.0,0.0,0.0,0.0,0.0,0.0
2004,절세계좌,2013-02-28,4000000.0,0.0,34768867.68897147,34768867.68897147,33839147.39130684,929720.2976646274,0.0,0.0,0.0,0.0,0.0,0.0
2004,절세계좌,2013-03-31,4000000.0,0.0,32765052.660937343,32765052.660937343,30157482.881982118,2607569.778955225,0.0,0.0,0.0,0.0,0.0,0.0
2004,절세계좌,2013-04-30,4000000.0,0.0,29265423.263121303,29265423.263121303,26531197.096475184,2734226.166646119,0.0,0.0,0.0,0.0,0.0,0.0
2004,절세계좌,2013-05-31,4000000.0,0.0,27077955.50649472,27077955.50649472,23116403.984884474,3961551.521610245,0.0,0.0,0.0,0.0,0.0,0.0
2004,절세계좌,2013-06-30,4000000.0,0.0,22712773.05390942,22712773.05390942,19654928.242439777,3057844.8114696443,0.0,0.0,0.0,0.0,0.0,0.0
2004,절세계좌,2013-07-31,4000000.0,0.0,19749366.16823253,19749366.16823253,16344536.191854365,3404829.976378165,0.0,0.0,0.0,0.0,0.0,0.0
2004,절세계좌,2013-08-31,4000000.0,0.0,15439183.526770288,15439183.526770288,12981321.647509782,2457861.8792605065,0.0,0.0,0.0,0.0,0.0,0.0
2004,절세계좌,2013-09-30,4000000.0,0.0,11658718.150701646,11658718.150701646,9665259.241232138,1993458.9094695076,0.0,0.0,0.0,0.0,0.0,0.0
2004,절세계좌,2013-10-31,4000000.0,0.0,8094119.092787526,8094119.092787526,6468578.551359939,1625540.5414275862,0.0,0.0,0.0,0.0,0.0,0.0
2004,절세계좌,2013-11-30,4000000.0,172877.3874440071,4184423.776724443,4184423.776724443,3238757.747294066,945666.0294303768,0.0,0.0,0.0,0.0,0.0,0.0
2004,절세계좌,2013-12-31,3999999.9999999995,229082.1816217586,67603.51548196864,67603.51548196864,50958.20940757412,16645.306074394524,0.0,0.0,0.0,0.0,0.0,0.0
2005,세전 기준,2004-12-31,0.0,0.0,400000000.0,,,,,,,,,
2005,세전 기준,2005-01-31,4000000.0,0.0,393646922.3427332,,,,,,,,,
2005,세전 기준,2005-02-28,4000000.0,0.0,387716765.51358956,,,,,,,,,
2005,세전 기준,2005-03-31,4000000.0,0.0,383412359.1239466,,,,,,,,,
2005,세전 기준,2005-04-30,4000000.0,0.0,371583226.1292945,,,,,,,,,
2005,세전 기준,2005-05-31,4000000.0,0.0,382600510.559765,,,,,,,,,
2005,세전 기준,2005-06-30,4000000.0,0.0,377614238.6384578,,,,,,,,,
2005,세전 기준,2005-07-31,4000000.0,0.0,389545114.3047665,,,,,,,,,
2005,세전 기준,2005-08-31,4000000.0,0.0,384645148.17899144,,,,,,,,,
2005,세전 기준,2005-09-30,4000000.0,0.0,385593321.6160711,,,,,,,,,
2005,세전 기준,2005-10-31,4000000.0,0.0,376655508.1492403,,,,,,,,,
2005,세전 기준,2005-11-30,4000000.0,0.0,393285063.24340904,,,,,,,,,
2005,세전 기준,2005-12-31,4000000.0,0.0,372096515.6401063,,,,,,,,,
2005,세전 기준,2006-01-31,4000000.0,0.0,363170642.447493,,,,,,,,,
2005,세전 기준,2006-02-28,4000000.0,0.0,355835613.33121693,,,,,,,,,
2005,세전 기준,2006-03-31,4000000.0,0.0,359463421.12827754,,,,,,,,,
2005,세전 기준,2006-04-30,4000000.0,0.0,344214616.03804356,,,,,,,,,
2005,세전 기준,2006-05-31,4000000.0,0.0,316139332.96343446,,,,,,,,,
2005,세전 기준,2006-06-30,4000000.0,0.0,313014425.1658165,,,,,,,,,
2005,세전 기준,2006-07-31,4000000.0,0.0,297552574.49288934,,,,,,,,,
2005,세전 기준,2006-08-31,4000000.0,0.0,309772566.08037937,,,,,,,,,
2005,세전 기준,2006-09-30,4000000.0,0.0,315051874.7735321,,,,,,,,,
2005,세전 기준,2006-10-31,4000000.0,0.0,324684434.06581813,,,,,,,,,
2005,세전 기준,2006-11-30,4000000.0,0.0,327112680.69513565,,,,,,,,,
2005,세전 기준,2006-12-31,4000000.0,0.0,317312465.2197607,,,,,,,,,
2005,세전 기준,2007-01-31,4000000.0,0.0,323834912.4864649,,,,,,,,,
2005,세전 기준,2007-02-28,4000000.0,0.0,314837167.9600575,,,,,,,,,
2005,세전 기준,2007-03-31,4000000.0,0.0,312086694.2366265,,,,,,,,,
2005,세전 기준,2007-04-30,4000000.0,0.0,321972225.316196,,,,,,,,,
2005,세전 기준,2007-05-31,4000000.0,0.0,326845776.21799684,,,,,,,,,
2005,세전 기준,2007-06-30,4000000.0,0.0,322712537.2205825,,,,,,,,,
2005,세전 기준,2007-07-31,4000000.0,0.0,316980482.14921856,,,,,,,,,
2005,세전 기준,2007-08-31,4000000.0,0.0,328690640.2692982,,,,,,,,,
2005,세전 기준,2007-09-30,4000000.0,0.0,332919058.57526976,,,,,,,,,
2005,세전 기준,2007-10-31,4000000.0,0.0,348304627.1957602,,,,,,,,,
2005,세전 기준,2007-11-30,4000000.0,0.0,327123514.1289404,,,,,,,,,
2005,세전 기준,2007-12-31,4000000.0,0.0,328179267.6741801,,,,,,,,,
2005,세전 기준,2008-01-31,4000000.0,0.0,287507466.7675998,,,,,,,,,
2005,세전 기준,2008-02-29,4000000.0,0.0,269445462.89024854,,,,,,,,,
2005,세전 기준,2008-03-31,4000000.0,0.0,283824738.47450227,,,,,,,,,
2005,세전 기준,2008-04-30,4000000.0,0.0,307565658.87601537,,,,,,,,,
2005,세전 기준,2008-05-31,4000000.0,0.0,329425611.93500733,,,,,,,,,
2005,세전 기준,2008-06-30,4000000.0,0.0,299048951.9234548,,,,,,,,,
2005,세전 기준,2008-07-31,4000000.0,0.0,286819659.8226675,,,,,,,,,
2005,세전 기준,2008-08-31,4000000.0,0.0,309278729.8394676,,,,,,,,,
2005,세전 기준,2008-09-30,4000000.0,0.0,285229165.71620834,,,,,,,,,
2005,세전 기준,2008-10-31,4000000.0,0.0,251329997.00713062,,,,,,,,,
2005,세전 기준,2008-11-30,4000000.0,0.0,251703946.60926357,,,,,,,,,
2005,세전 기준,2008-12-31,4000000.0,0.0,217310894.98372126,,,,,,,,,
2005,세전 기준,2009-01-31,4000000.0,0.0,228196632.05505595,,,,,,,,,
2005,세전 기준,2009-02-28,4000000.0,0.0,236118819.59339508,,,,,,,,,
2005,세전 기준,2009-03-31,4000000.0,0.0,229203328.85133496,,,,,,,,,
2005,세전 기준,2009-04-30,4000000.0,0.0,237142888.3444323,,,,,,,,,
2005,세전 기준,2009-05-31,4000000.0,0.0,235385972.9822287,,,,,,,,,
2005,세전 기준,2009-06-30,4000000.0,0.0,243090263.3490416,,,,,,,,,
2005,세전 기준,2009-07-31,4000000.0,0.0,248985323.61243907,,,,,,,,,
2005,세전 기준,2009-08-31,4000000.0,0.0,253979101.80430016,,,,,,,,,
2005,세전 기준,2009-09-30,4000000.0,0.0,248628567.6943225,,,,,,,,,
2005,세전 기준,2009-10-31,4000000.0,0.0,238473229.01659456,,,,,,,,,
2005,세전 기준,2009-11-30,4000000.0,0.0,245834405.56969824,,,,,,,,,
2005,세전 기준,2009-12-31,4000000.0,0.0,254458164.04732034,,,,,,,,,
2005,세전 기준,2010-01-31,4000000.0,0.0,232982449.86783266,,,,,,,,,
2005,세전 기준,2010-02-28,4000000.0,0.0,239771756.13167632,,,,,,,,,
2005,세전 기준,2010-03-31,4000000.0,0.0,248065679.4694399,,,,,,,,,
2005,세전 기준,2010-04-30,4000000.0,0.0,244426991.11228395,,,,,,,,,
2005,세전 기준,2010-05-31,4000000.0,0.0,240029370.62864566,,,,,,,,,
2005,세전 기준,2010-06-30,4000000.0,0.0,226664578.6452026,,,,,,,,,
2005,세전 기준,2010-07-31,4000000.0,0.0,231379943.31970236,,,,,,,,,
2005,세전 기준,2010-08-31,4000000.0,0.0,218481810.58911562,,,,,,,,,
2005,세전 기준,2010-09-30,4000000.0,0.0,231311787.60752696,,,,,,,,,
2005,세전 기준,2010-10-31,4000000.0,0.0,238498555.25974408,,,,,,,,,
2005,세전 기준,2010-11-30,4000000.0,0.0,241119629.82559162,,,,,,,,,
2005,세전 기준,2010-12-31,4000000.0,0.0,242783774.74343893,,,,,,,,,
2005,세전 기준,2011-01-31,4000000.0,0.0,243109839.69996303,,,,,,,,,
2005,세전 기준,2011-02-28,4000000.0,0.0,247824588.08965734,,,,,,,,,
2005,세전 기준,2011-03-31,4000000.0,0.0,236906526.37083235,,,,,,,,,
2005,세전 기준,2011-04-30,4000000.0,0.0,233305053.0912606,,,,,,,,,
2005,세전 기준,2011-05-31,4000000.0,0.0,228532610.1047127,,,,,,,,,
2005,세전 기준,2011-06-30,4000000.0,0.0,217473589.39266947,,,,,,,,,
2005,세전 기준,2011-07-31,4000000.0,0.0,214544621.89438847,,,,,,,,,
2005,세전 기준,2011-08-31,4000000.0,0.0,201582369.2900125,,,,,,,,,
2005,세전 기준,2011-09-30,4000000.0,0.0,209702650.85561052,,,,,,,,,
2005,세전 기준,2011-10-31,4000000.0,0.0,214017854.40507433,,,,,,,,,
2005,세전 기준,2011-11-30,4000000.0,0.0,209500215.78861192,,,,,,,,,
2005,세전 기준,2011-12-31,4000000.0,0.0,207583034.99112883,,,,,,,,,
2005,세전 기준,2012-01-31,4000000.0,0.0,214686318.64680588,,,,,,,,,
2005,세전 기준,2012-02-29,4000000.0,0.0,222702562.61278838,,,,,,,,,
2005,세전 기준,2012-03-31,4000000.0,0.0,232950733.54287392,,,,,,,,,
2005,세전 기준,2012-04-30,4000000.0,0.0,225951650.18493903,,,,,,,,,
2005,세전 기준,2012-05-31,4000000.0,0.0,215328653.48163733,,,,,,,,,
2005,세전 기준,2012-06-30,4000000.0,0.0,211784199.92950037,,,,,,,,,
2005,세전 기준,2012-07-31,4000000.0,0.0,207853736.83357093,,,,,,,,,
2005,세전 기준,2012-08-31,4000000.0,0.0,215198038.7411607,,,,,,,,,
2005,세전 기준,2012-09-30,4000000.0,0.0,208896934.73975578,,,,,,,,,
2005,세전 기준,2012-10-31,4000000.0,0.0,190122148.05573872,,,,,,,,,
2005,세전 기준,2012-11-30,4000000.0,0.0,187122621.34309775,,,,,,,,,
2005,세전 기준,2012-12-31,4000000.0,0.0,179061891.6084442,,,,,,,,,
2005,세전 기준,2013-01-31,4000000.0,0.0,184033634.84263927,,,,,,,,,
2005,세전 기준,2013-02-28,4000000.0,0.0,180062074.68923107,,,,,,,,,
2005,세전 기준,2013-03-31,4000000.0,0.0,186399978.43493322,,,,,,,,,
2005,세전 기준,2013-04-30,4000000.0,0.0,185246580.58820128,,,,,,,,,
2005,세전 기준,2013-05-31,4000000.0,0.0,192719689.9046792,,,,,,,,,
2005,세전 기준,2013-06-30,4000000.0,0.0,186120607.08234465,,,,,,,,,
2005,세전 기준,2013-07-31,4000000.0,0.0,190615005.33469662,,,,,,,,,
2005,세전 기준,2013-08-31,4000000.0,0.0,183621214.78195673,,,,,,,,,
2005,세전 기준,2013-09-30,4000000.0,0.0,182232182.79481047,,,,,,,,,
2005,세전 기준,2013-10-31,4000000.0,0.0,185037739.2068978,,,,,,,,,
2005,세전 기준,2013-11-30,4000000.0,0.0,187054282.1969199,,,,,,,,,
2005,세전 기준,2013-12-31,4000000.0,0.0,188072672.79382846,,,,,,,,,
2005,세전 기준,2014-01-31,4000000.0,0.0,184848387.97637922,,,,,,,,,
2005,세전 기준,2014-02-28,4000000.0,0.0,187790876.7239292,,,,,,,,,
2005,세전 기준,2014-03-31,4000000.0,0.0,178424408.0093797,,,,,,,,,
2005,세전 기준,2014-04-30,4000000.0,0.0,168542129.58722985,,,,,,,,,
2005,세전 기준,2014-05-31,4000000.0,0.0,169962633.40427735,,,,,,,,,
2005,세전 기준,2014-06-30,4000000.0,0.0,169777434.4660061,,,,,,,,,
2005,세전 기준,2014-07-31,4000000.0,0.0,170526636.39377138,,,,,,,,,
2005,세전 기준,2014-08-31,4000000.0,0.0,172647279.0469032,,,,,,,,,
2005,세전 기준,2014-09-30,4000000.0,0.0,174219185.38211858,,,,,,,,,
2005,세전 기준,2014-10-31,4000000.0,0.0,177962561.1094563,,,,,,,,,
2005,세전 기준,2014-11-30,4000000.0,0.0,188813569.67703912,,,,,,,,,
2005,세전 기준,2014-12-31,4000000.0,0.0,177069175.55309466,,,,,,,,,
2005,미국계좌,2004-12-31,0.0,0.0,400000000.0,,,,,,,,,
2005,미국계좌,2005-01-31,4000000.0,0.0,393646922.3427332,,,,,,,,,
2005,미국계좌,2005-02-28,4000000.0,0.0,387716765.51358956,,,,,,,,,
2005,미국계좌,2005-03-31,4000000.0,0.0,383412359.1239466,,,,,,,,,
2005,미국계좌,2005-04-30,4000000.0,0.0,371583226.1292945,,,,,,,,,
2005,미국계좌,2005-05-31,4000000.0,0.0,382600510.559765,,,,,,,,,
2005,미국계좌,2005-06-30,4000000.0,0.0,377614238.6384578,,,,,,,,,
2005,미국계좌,2005-07-31,4000000.0,0.0,389545114.3047665,,,,,,,,,
2005,미국계좌,2005-08-31,4000000.0,0.0,384645148.17899144,,,,,,,,,
2005,미국계좌,2005-09-30,4000000.0,0.0,385593321.6160711,,,,,,,,,
2005,미국계좌,2005-10-31,4000000.0,0.0,376655508.1492403,,,,,,,,,
2005,미국계좌,2005-11-30,4000000.0,0.0,393285063.24340904,,,,,,,,,
2005,미국계좌,2005-12-31,4000000.0,0.0,372096515.6401063,,,,,,,,,
2005,미국계좌,2006-01-31,4000000.0,0.0,363170642.447493,,,,,,,,,
2005,미국계좌,2006-02-28,4000000.0,0.0,355835613.33121693,,,,,,,,,
2005,미국계좌,2006-03-31,4000000.0,0.0,359463421.12827754,,,,,,,,,
2005,미국계좌,2006-04-30,4000000.0,0.0,344214616.03804356,,,,,,,,,
2005,미국계좌,2006-05-31,4000000.0,0.0,316139332.96343446,,,,,,,,,
2005,미국계좌,2006-06-30,4000000.0,0.0,313014425.1658165,,,,,,,,,
2005,미국계좌,2006-07-31,4000000.0,0.0,297552574.49288934,,,,,,,,,
2005,미국계좌,2006-08-31,4000000.0,0.0,309772566.08037937,,,,,,,,,
2005,미국계좌,2006-09-30,4000000.0,0.0,315051874.7735321,,,,,,,,,
2005,미국계좌,2006-10-31,4000000.0,0.0,324684434.06581813,,,,,,,,,
2005,미국계좌,2006-11-30,4000000.0,0.0,327112680.69513565,,,,,,,,,
2005,미국계좌,2006-12-31,4000000.0,0.0,317312465.2197607,,,,,,,,,
2005,미국계좌,2007-01-31,4000000.0,0.0,323834912.4864649,,,,,,,,,
2005,미국계좌,2007-02-28,4000000.0,0.0,314837167.9600575,,,,,,,,,
2005,미국계좌,2007-03-31,4000000.0,0.0,312086694.2366265,,,,,,,,,
2005,미국계좌,2007-04-30,4000000.0,0.0,321972225.316196,,,,,,,,,
2005,미국계좌,2007-05-31,4000000.0,0.0,326845776.21799684,,,,,,,,,
2005,미국계좌,2007-06-30,4000000.0,0.0,322712537.2205825,,,,,,,,,
2005,미국계좌,2007-07-31,4000000.0,0.0,316980482.14921856,,,,,,,,,
2005,미국계좌,2007-08-31,4000000.0,0.0,328690640.2692982,,,,,,,,,
2005,미국계좌,2007-09-30,4000000.0,0.0,332919058.57526976,,,,,,,,,
2005,미국계좌,2007-10-31,4000000.0,0.0,348304627.1957602,,,,,,,,,
2005,미국계좌,2007-11-30,4000000.0,0.0,327123514.1289404,,,,,,,,,
2005,미국계좌,2007-12-31,4000000.0,70644.04704228057,328108623.6271378,,,,,,,,,
2005,미국계좌,2008-01-31,4000000.0,0.0,287444716.71229786,,,,,,,,,
2005,미국계좌,2008-02-29,4000000.0,0.0,269385781.94313663,,,,,,,,,
2005,미국계좌,2008-03-31,4000000.0,0.0,283760986.60126555,,,,,,,,,
2005,미국계좌,2008-04-30,4000000.0,0.0,307495675.9192924,,,,,,,,,
2005,미국계좌,2008-05-31,4000000.0,0.0,329349744.84940475,,,,,,,,,
2005,미국계좌,2008-06-30,4000000.0,0.0,298979159.412052,,,,,,,,,
2005,미국계좌,2008-07-31,4000000.0,0.0,286751787.8763062,,,,,,,,,
2005,미국계좌,2008-08-31,4000000.0,0.0,309204596.7163723,,,,,,,,,
2005,미국계좌,2008-09-30,3999999.9999999995,24420.32776422409,285135418.08179116,,,,,,,,,
2005,미국계좌,2008-10-31,4000000.0,56272.01831356994,251189804.45721555,,,,,,,,,
2005,미국계좌,2008-11-30,4000000.0,70827.32368566713,251490486.93478262,,,,,,,,,
2005,미국계좌,2008-12-31,4000000.0,0.0,217123210.39538363,,,,,,,,,
2005,미국계좌,2009-01-31,4000000.0,0.0,227996091.12357664,,,,,,,,,
2005,미국계좌,2009-02-28,4000000.0,0.0,235907801.3530586,,,,,,,,,
2005,미국계좌,2009-03-31,4000000.0,0.0,228994916.1708906,,,,,,,,,
2005,미국계좌,2009-04-30,4000000.0,0.0,236923619.12185237,,,,,,,,,
2005,미국계좌,2009-05-31,4000000.0,0.0,235164629.73825124,,,,,,,,,
2005,미국계좌,2009-06-30,4000000.0,0.0,242857914.0728634,,,,,,,,,
2005,미국계좌,2009-07-31,4000000.0,0.0,248743516.49102148,,,,,,,,,
2005,미국계좌,2009-08-31,4000000.0,0.0,253728560.1937019,,,,,,,,,
2005,미국계좌,2009-09-30,4000000.0,0.0,248379358.33897153,,,,,,,,,
2005,미국계좌,2009-10-31,4000000.0,63471.2963864588,238166718.08219114,,,,,,,,,
2005,미국계좌,2009-11-30,4000000.0000000005,211186.59467655953,245302105.45878732,,,,,,,,,
2005,미국계좌,2009-12-31,4000000.0,248290.99382159032,253650238.98165515,,,,,,,,,
2005,미국계좌,2010-01-31,4000000.0,0.0,232230011.59536538,,,,,,,,,
2005,미국계좌,2010-02-28,4000000.0,0.0,238984472.801262,,,,,,,,,
2005,미국계좌,2010-03-31,4000000.0,0.0,247238029.4124963,,,,,,,,,
2005,미국계좌,2010-04-30,4000000.0,0.0,243598135.56975108,,,,,,,,,
2005,미국계좌,2010-05-31,4000000.0,54720.08928239681,239147143.33377215,,,,,,,,,
2005,미국계좌,2010-06-30,4000000.0000000005,236678.49524665307,225580093.1223896,,,,,,,,,
2005,미국계좌,2010-07-31,4000000.0,264126.77624162205,229989632.0182186,,,,,,,,,
2005,미국계좌,2010-08-31,4000000.0000000005,235583.3999360555,216909382.81451732,,,,,,,,,
2005,미국계좌,2010-09-30,4000000.0,288977.7990820308,229329255.59664693,,,,,,,,,
2005,미국계좌,2010-10-31,4000000.0,321603.1033398779,236098540.35834092,,,,,,,,,
2005,미국계좌,2010-11-30,3999999.9999999995,340042.14105093334,238312944.80040604,,,,,,,,,
2005,미국계좌,2010-12-31,4000000.0,355405.8840760609,239555751.95325616,,,,,,,,,
2005,미국계좌,2011-01-31,4000000.0,0.0,239824298.089644,,,,,,,,,
2005,미국계좌,2011-02-28,4000000.0,0.0,244421269.80483952,,,,,,,,,
2005,미국계좌,2011-03-31,4000000.0,0.0,233598212.24248126,,,,,,,,,
2005,미국계좌,2011-04-30,3999999.9999999995,296892.8016542117,229694280.8794545,,,,,,,,,
2005,미국계좌,2011-05-31,4000000.0000000005,370337.73018710344,224563454.96452966,,,,,,,,,
2005,미국계좌,2011-06-30,3999999.9999999995,349848.5545675535,213277186.79336444,,,,,,,,,
2005,미국계좌,2011-07-31,4000000.0000000005,353086.5261682016,209974465.96709022,,,,,,,,,
2005,미국계좌,2011-08-31,4000000.0,324590.8406805946,196878533.35214525,,,,,,,,,
2005,미국계좌,2011-09-30,4000000.0,363370.78489379026,204352622.69263065,,,,,,,,,
2005,미국계좌,2011-10-31,4000000.0,388332.9578121426,208067352.07867983,,,,,,,,,
2005,미국계좌,2011-11-30,4000000.0,386798.45625022816,203177307.30889,,,,,,,,,
2005,미국계좌,2011-12-31,4000000.0000000005,393050.58677479776,200804214.53259134,,,,,,,,,
2005,미국계좌,2012-01-31,4000000.0,0.0,207544909.95264855,,,,,,,,,
2005,미국계좌,2012-02-29,4000000.0,0.0,215161440.93426082,,,,,,,,,
2005,미국계좌,2012-03-31,4000000.0,150447.4182515062,224776694.96114755,,,,,,,,,
2005,미국계좌,2012-04-30,4000000.0,485727.22842997767,217397119.60072395,,,,,,,,,
2005,미국계좌,2012-05-31,3999999.9999999995,468821.06989962835,206556048.51519307,,,,,,,,,
2005,미국계좌,2012-06-30,4000000.0000000005,470034.4502217439,202523001.30593675,,,,,,,,,
2005,미국계좌,2012-07-31,4000000.0,470222.7637539972,198119274.6382965,,,,,,,,,
2005,미국계좌,2012-08-31,4000000.0,500104.9673876835,204432181.25996256,,,,,,,,,
2005,미국계좌,2012-09-30,4000000.0000000005,494155.495048867,197752040.64597374,,,,,,,,,
2005,미국계좌,2012-10-31,4000000.0000000005,452258.3571953659,179313247.63467613,,,,,,,,,
2005,미국계좌,2012-11-30,4000000.0,455332.4758880045,175801509.13856736,,,,,,,,,
2005,미국계좌,2012-12-31,4000000.0,442402.68349638477,167544055.07094672,,,,,,,,,
2005,미국계좌,2013-01-31,4000000.0,0.0,171938706.93690234,,,,,,,,,
2005,미국계좌,2013-02-28,4000000.0,0.0,167965277.68008557,,,,,,,,,
2005,미국계좌,2013-03-31,3999999.9999999995,212761.11097835595,173395906.91809505,,,,,,,,,
2005,미국계좌,2013-04-30,4000000.0,510627.24555275217,171533290.5046531,,,,,,,,,
2005,미국계좌,2013-05-31,4000000.0,542532.1653484667,177614545.22447214,,,,,,,,,
2005,미국계좌,2013-06-30,4000000.0,535451.05767277,170683724.42685208,,,,,,,,,
2005,미국계좌,2013-07-31,3999999.9999999995,558448.6578983081,173915146.82732037,,,,,,,,,
2005,미국계좌,2013-08-31,4000000.0000000005,550381.6743185861,166633261.81392425,,,,,,,,,
2005,미국계좌,2013-09-30,4000000.0,557581.3182982812,164445091.44299537,,,,,,,,,
2005,미국계좌,2013-10-31,3999999.9999999995,575911.9437061636,166010467.6589459,,,,,,,,,
2005,미국계좌,2013-11-30,4000000.0,591484.0594897391,166816850.64941463,,,,,,,,,
2005,미국계좌,2013-12-31,4000000.000000001,604074.0218956706,166688226.77425027,,,,,,,,,
2005,미국계좌,2014-01-31,4000000.0,0.0,163375740.7354252,,,,,,,,,
2005,미국계좌,2014-02-28,4000000.0,0.0,165511765.25852394,,,,,,,,,
2005,미국계좌,2014-03-31,4000000.0,569765.8805622384,156212197.133865,,,,,,,,,
2005,미국계좌,2014-04-30,4000000.0,593855.2259726534,146468353.4801384,,,,,,,,,
2005,미국계좌,2014-05-31,4000000.0,608818.7420719081,146570121.1716196,,,,,,,,,
2005,미국계좌,2014-06-30,4000000.0,619088.4943898628,145240790.21195343,,,,,,,,,
2005,미국계좌,2014-07-31,4000000.0,631600.9326415417,144672025.0915875,,,,,,,,,
2005,미국계좌,2014-08-31,4000000.0,647193.7952242576,145217484.98505628,,,,,,,,,
2005,미국계좌,2014-09-30,4000000.0000000005,660861.8119021856,145243278.1209709,,,,,,,,,
2005,미국계좌,2014-10-31,4000000.0000000005,679007.4680811702,147019778.24749887,,,,,,,,,
2005,미국계좌,2014-11-30,4000000.0,710789.683397309,154577816.19136208,,,,,,,,,
2005,미국계좌,2014-12-31,4000000.0,694446.7329498855,143543192.03656596,,,,,,,,,
2005,절세계좌,2004-12-31,0.0,0.0,400000000.0,50000000.0,50000000.0,0.0,200000000.0,0.0,36000000.0,0.0,114000000.0,0.0
2005,절세계좌,2005-01-31,4000000.0,0.0,393646922.3427332,47646922.34273318,47646922.34273318,0.0,200000000.0,0.0,36000000.0,0.0,110000000.0,0.0
2005,절세계좌,2005-02-28,4000000.0,0.0,387716765.5135895,46216959.65577968,46216959.65577968,0.0,199499805.85780984,0.0,36000000.0,0.0,106000000.0,0.0
2005,절세계좌,2005-03-31,4000000.0,0.0,383412359.12394655,46069976.65072721,46069976.65072721,0.0,199342382.47321934,0.0,36000000.0,0.0,102000000.0,0.0
2005,절세계좌,2005-04-30,4000000.0,0.0,371583226.1292945,43268422.92590073,43268422.92590073,0.0,194314803.2033938,0.0,36000000.0,0.0,98000000.0,0.0
2005,절세계좌,2005-05-31,4000000.0,0.0,382600510.559765,47480900.49822325,47480900.49822325,0.0,200000000.0,5119610.061541736,36000000.0,0.0,94000000.0,0.0
2005,절세계좌,2005-06-30,4000000.0,0.0,377614238.6384578,47249760.51328248,47249760.51328248,0.0,200000000.0,4364478.125175327,36000000.0,0.0,90000000.0,0.0
2005,절세계좌,2005-07-31,4000000.0,0.0,389545114.30476654,50453581.91770348,50000000.0,453581.9177034795,200000000.0,17091532.387063086,36000000.0,0.0,86000000.0,0.0
2005,절세계좌,2005-08-31,4000000.0,0.0,384645148.1789915,50293818.96032447,50000000.0,293818.9603244737,200000000.0,16404104.777014107,35947224.44165293,0.0,82000000.0,0.0
2005,절세계좌,2005-09-30,4000000.0,0.0,385593321.61607116,51079754.06926256,50000000.0,1079754.0692625567,200000000.0,19785824.184656292,36000000.0,508967.1436708346,78218776.2184815,0.0
2005,절세계좌,2005-10-31,4000000.0,0.0,376655508.1492403,50369121.90340968,50000000.0,369121.9034096822,200000000.0,16728118.071734965,36000000.0,1046.797007098794,73557221.37708859,0.0
2005,절세계좌,2005-11-30,4000000.0,28675.24730917535,393256387.99609995,53127856.484133184,50000000.0,3127856.484133184,200000000.0,28598393.57675916,36000000.0,1972836.8339985013,73557301.10120907,0.0
2005,절세계좌,2005-12-31,3999999.9999999995,1620.26682316118,372067473.3794013,50000000.0,49206883.17553271,793116.8244672865,200000000.0,18607486.88524115,36000000.0,313231.69117702544,66340854.51700278,805900.2859803662
2005,절세계좌,2006-01-31,4000000.0,0.0,363152653.28977394,49338092.00226727,49206883.17553271,131208.82673455775,200000000.0,15713526.006569296,72000000.0,0.0,26101035.280937403,0.0
2005,절세계좌,2006-02-28,4000000.0,0.0,355817789.36957306,48885015.80574387,48885015.80574387,0.0,200000000.0,13732609.032779187,71338817.43647107,0.0,21861347.09457894,0.0
2005,절세계좌,2006-03-31,4000000.0,857.7702492510236,359444357.3161527,49932930.88437147,49206883.17553271,726047.7088387534,200000000.0,18314250.668937832,72167488.6784212,700570.8223299533,18329116.26209227,0.0
2005,절세계좌,2006-04-30,4000000.0,0.0,344196148.79595697,48370363.52956411,48370363.52956411,0.0,200000000.0,11482472.218470693,70587775.74877793,0.0,13755537.299144227,0.0
2005,절세계좌,2006-05-31,4000000.0,0.0,316122157.3692329,44987212.030072585,44987212.030072585,0.0,196690827.2773531,0.0,65650679.519921005,0.0,8793438.541886223,0.0
2005,절세계좌,2006-06-30,4000000.0,0.0,312997202.02856356,45111739.269645706,45111739.269645706,0.0,197235279.01518986,0.0,65832404.448579624,0.0,4817779.295148397,0.0
2005,절세계좌,2006-07-31,4000000.0,0.0,297535982.02633864,43459853.677373745,43459853.677373745,0.0,190012987.85621962,0.0,63421776.922932394,0.0,641363.569812868,0.0
2005,절세계좌,2006-08-31,4000000.0,0.0,309755069.1361298,45828908.83423778,45828908.83423778,0.0,200000000.0,370851.7389109731,63555308.56298103,0.0,0.0,0.0
2005,절세계좌,2006-09-30,4000000.0,0.0,315033853.7042803,47201724.37282521,47201724.37282521,0.0,200000000.0,6373006.835863113,61459122.49559199,0.0,0.0,0.0
2005,절세계좌,2006-10-31,4000000.0,0.0,324665633.20976055,49244182.63997005,49206883.17553271,37299.46443733573,200000000.0,15302940.212833494,60118510.35695702,0.0,0.0,0.0
2005,절세계좌,2006-11-30,4000000.0,0.0,327093507.61137974,50219140.838935375,49206883.17553271,1012257.6634026617,200000000.0,19565603.44671288,56843813.840230435,464949.4855010584,0.0,0.0
2005,절세계좌,2006-12-31,4000000.0,0.0,317293632.1045345,49328677.536702536,49206883.17553271,121794.36116982251,200000000.0,15672364.553419799,52292590.014412194,0.0,0.0,0.0
2005,절세계좌,2007-01-31,4000000.0,0.0,323815454.84341973,50964473.36891708,49206883.17553271,1757590.1933843642,200000000.0,22824308.872175276,48843813.840230435,1182858.7620969564,0.0,0.0
2005,절세계좌,2007-02-28,4000000.0,0.0,314818010.60683686,50177938.600738294,49206883.17553271,971055.4252055809,200000000.0,19385461.091786683,44843813.840230435,410797.0740814507,0.0,0.0
2005,절세계좌,2007-03-31,4000000.0,0.0,312067460.8516705,50377084.887029506,49206883.17553271,1170201.7114967927,200000000.0,20256158.475159705,40843813.840230435,590403.6492508501,0.0,0.0
2005,절세계좌,2007-04-30,4000000.0,0.0,321952136.1890071,52618489.56981481,49206883.17553271,3411606.394282095,200000000.0,30055915.371089816,36843813.840230435,2433917.407872066,0.0,0.0
2005,절세계좌,2007-05-31,4000000.0,0.0,326825133.43468904,54068654.549465135,49206883.17553271,4861771.373932421,200000000.0,36396253.80649668,32843813.840230435,3516411.2384967804,0.0,0.0
2005,절세계좌,2007-06-30,4000000.0,0.0,322691902.8523253,54046613.4100413,49206883.17553271,4839730.234508589,200000000.0,36299886.64454606,28843813.840230435,3501588.9575075395,0.0,0.0
2005,절세계좌,2007-07-31,4000000.0,0.0,316959958.529253,53756535.709146395,49206883.17553271,4549652.533613682,200000000.0,35031623.50066438,24843813.840230435,3327985.4792118184,0.0,0.0
2005,절세계좌,2007-08-31,4000000.0,0.0,328669099.45952755,56420812.292525545,49206883.17553271,7213929.116992831,200000000.0,46680239.66585863,20843813.840230435,4724233.660912931,0.0,0.0
2005,절세계좌,2007-09-30,4000000.0,0.0,332896978.51438653,57833246.9281003,49206883.17553271,8626363.75256759,200000000.0,52855615.387312025,16843813.840230435,5364302.358743779,0.0,0.0
2005,절세계좌,2007-10-31,4000000.0,0.0,348281261.43336976,61200823.36445195,49206883.17553271,11993940.188919239,200000000.0,67579163.8202079,12843813.840230435,6657460.408479478,0.0,0.0
2005,절세계좌,2007-11-30,4000000.0,0.0,327101300.9490142,58181919.267561704,49206883.17553271,8975036.09202899,200000000.0,54380063.064833105,8843813.840230435,5695504.776388971,0.0,0.0
2005,절세계좌,2007-12-31,4000000.0,0.0,328156711.18550867,50000000.0,41643484.12025077,8356515.879749231,200000000.0,58311553.312799186,4843813.840230435,5920212.596115952,0.0,9081131.436363116
2005,절세계좌,2008-01-31,4000000.0,0.0,288502185.48180306,44412840.09704896,41643484.12025077,2769355.9767981917,200000000.0,29446994.250033766,9924945.276593551,4717405.858126763,0.0,0.0
2005,절세계좌,2008-02-29,4000000.0,0.0,270391529.8648178,42240605.97502627,41643484.12025077,597121.8547755033,200000000.0,18224730.84565887,5924945.276593551,4001247.7675391138,0.0,0.0
2005,절세계좌,2008-03-31,4000000.0,0.0,284835338.08384025,45121900.5039199,41643484.12025077,3478416.3836691305,200000000.0,33110164.151862532,1924945.276593551,4678328.151464256,0.0,0.0
2005,절세계좌,2008-04-30,4000000.0,0.0,308675034.10114753,49532097.645197935,41643484.12025077,7888613.524947166,197924945.27659357,55894261.63144645,0.0,5323729.547909601,0.0,0.0
2005,절세계좌,2008-05-31,4000000.0,0.0,330628262.8247621,53696729.43373769,41643484.12025077,12053245.313486919,193924945.27659357,77235242.28611195,0.0,5771345.828318879,0.0,0.0
2005,절세계좌,2008-06-30,4000000.0,0.0,300155308.1946906,49397305.45244307,41643484.12025077,7753821.332192302,189924945.27659357,55523815.43621242,0.0,5309242.02944154,0.0,0.0
2005,절세계좌,2008-07-31,4000000.0,0.0,287895571.14880323,48037979.98768097,41643484.12025077,6394495.867430203,185924945.27659357,48769504.69648129,0.0,5163141.1880474035,0.0,0.0
2005,절세계좌,2008-08-31,4000000.0,0.0,310453893.8218812,52469476.33889184,41643484.12025077,10825992.218641073,181924945.27659357,70420032.02864301,0.0,5639440.177752762,0.0,0.0
2005,절세계좌,2008-09-30,4000000.0,0.0,286328147.52588415,49068045.7558172,41643484.12025077,7424561.635566428,177924945.27659357,54061303.42713246,0.0,5273853.066340906,0.0,0.0
2005,절세계좌,2008-10-31,4000000.0,0.0,252313777.96610382,43924484.175801136,41643484.12025077,2281000.0555503666,173924945.27659357,29743327.490968913,0.0,4721021.022740209,0.0,0.0
2005,절세계좌,2008-11-30,4000000.0,0.0,252704848.5183236,44688911.35270987,41643484.12025077,3045427.232459098,169924945.27659357,33287809.92938435,0.0,4803181.959635815,0.0,0.0
2005,절세계좌,2008-12-31,4000000.0,0.0,218190938.78227505,39292760.80310936,39292760.80310936,0.0,165924945.27659357,8750031.149412423,0.0,4223201.553159692,0.0,0.0
2005,절세계좌,2009-01-31,4000000.0,0.0,229136958.61392647,41984304.20762088,41643484.12025077,340820.08737011254,161924945.27659357,20715219.421329856,0.0,4512489.708382175,0.0,0.0
2005,절세계좌,2009-02-28,4000000.0,0.0,237108273.73789728,44177784.207400955,41643484.12025077,2534300.0871501863,157924945.27659357,30257298.443058997,0.0,4748245.810843748,0.0,0.0
2005,절세계좌,2009-03-31,4000000.0,0.0,230180565.65372545,43632296.46913763,41643484.12025077,1988812.3488868624,153924945.27659357,27933707.336134404,0.0,4689616.571859835,0.0,0.0
2005,절세계좌,2009-04-30,4000000.0,0.0,238171030.93863416,45905170.96064044,41643484.12025077,4261686.840389669,149924945.27659357,37407008.67554268,0.0,4933906.025857481,0.0,0.0
2005,절세계좌,2009-05-31,4000000.0,0.0,236423840.560699,46339378.30498076,41643484.12025077,4695894.184729993,145924945.27659357,39178942.175265044,0.0,4980574.8038596185,0.0,0.0
2005,절세계좌,2009-06-30,4000000.0,0.0,244179737.67088243,48643549.331943505,41643484.12025077,7000065.211692736,141924945.27659357,48383015.040413976,0.0,5228228.021931396,0.0,0.0
2005,절세계좌,2009-07-31,4000000.0,0.0,250119145.30517626,50623599.233711906,41643484.12025077,8980115.113461137,137924945.27659357,56129556.22226778,0.0,5441044.572602997,0.0,0.0
2005,절세계좌,2009-08-31,4000000.0,0.0,255153879.0869719,52452210.72042898,41643484.12025077,10808726.600178212,133924945.27659357,63139138.62773347,0.0,5637584.462215897,0.0,0.0
2005,절세계좌,2009-09-30,4000000.0,0.0,249797098.0977014,52173296.04115644,41643484.12025077,10529811.920905672,129924945.27659357,62091250.1783548,0.0,5607606.601596603,0.0,0.0
2005,절세계좌,2009-10-31,4000000.0,0.0,239612829.91901255,50881633.09974612,41643484.12025077,9238148.979495354,125924945.27659357,57337473.387559235,0.0,5468778.155113628,0.0,0.0
2005,절세계좌,2009-11-30,4000000.0,0.0,247028298.54970434,53305700.653744966,41643484.12025077,11662216.533494197,121924945.27659357,66068334.71978602,0.0,5729317.899579784,0.0,0.0
2005,절세계좌,2009-12-31,4000000.0,0.0,255713364.21739528,50000000.0,37153164.9033746,12846835.096625403,117924945.27659357,75721913.34150356,0.0,6023522.143441438,0.0,6042983.455856711
2005,절세계좌,2010-01-31,4000000.0,0.0,234566466.10309023,46566092.849699676,37153164.9033746,9412927.946325079,117924945.27659357,62422606.692665964,2042983.4558567107,5609837.828274322,0.0,0.0
2005,절세계좌,2010-02-28,4000000.0,0.0,241429127.4041858,48722546.426142894,37153164.9033746,11569381.522768296,115967928.73245028,70774415.90934575,0.0,5964236.336246879,0.0,0.0
2005,절세계좌,2010-03-31,4000000.0,0.0,249808029.87249905,51220719.106058866,37153164.9033746,14067554.202684268,111967928.73245028,80349338.76923284,0.0,6270043.264757073,0.0,0.0
2005,절세계좌,2010-04-30,4000000.0,0.0,246171879.27666453,51295322.90537299,37153164.9033746,14142158.001998395,107967928.73245028,80629451.95545402,0.0,6279175.683387243,0.0,0.0
2005,절세계좌,2010-05-31,4000000.0,0.0,241771420.30422983,51211878.47475097,37153164.9033746,14058713.571376376,103967928.73245028,80322652.03380549,0.0,6268961.063223091,0.0,0.0
2005,절세계좌,2010-06-30,4000000.0,0.0,228338661.91820055,49213837.20279602,37153164.9033746,12060672.299421422,99967928.73245028,73132519.63932458,0.0,6024376.343629689,0.0,0.0
2005,절세계좌,2010-07-31,4000000.0,0.0,233118395.9189835,51106133.47960075,37153164.9033746,13952968.576226152,95967928.73245028,79788317.12606329,0.0,6256016.580869172,0.0,0.0
2005,절세계좌,2010-08-31,4000000.0,0.0,220153407.8605222,49140755.00934919,37153164.9033746,11987590.105974592,91967928.73245028,73029293.93053156,0.0,6015430.188191181,0.0,0.0
2005,절세계좌,2010-09-30,4000000.0,0.0,233112150.48915046,52926140.050074995,37153164.9033746,15772975.146700397,87967928.73245028,85739274.03382725,0.0,6478807.672797942,0.0,0.0
2005,절세계좌,2010-10-31,4000000.0,0.0,240385987.8123719,55485769.360767454,37153164.9033746,18332604.457392856,83967928.73245028,94140152.0736444,0.0,6792137.6455097785,0.0,0.0
2005,절세계좌,2010-11-30,4000000.0,0.0,243059460.31268638,57026136.83125783,37153164.9033746,19872971.92788323,79967928.73245028,99084697.26182315,0.0,6980697.487155121,0.0,0.0
2005,절세계좌,2010-12-31,4000000.0,0.0,244769173.81822154,50000000.00000001,31827888.878279332,18172111.121720675,75967928.73245028,103290825.2418896,0.0,7144681.158760372,0.0,8365738.685121298
2005,절세계좌,2011-01-31,4000000.0,0.0,244981550.1082432,50890929.58561495,31827888.878279332,19063040.707335617,75967928.73245028,106484963.78981379,4365738.685121298,7271989.3152428735,0.0,0.0
2005,절세계좌,2011-02-28,4000000.0,0.0,249763393.6236908,52715214.638016105,31827888.878279332,20887325.759736773,75967928.73245028,113025345.0975627,365738.68512129784,7689166.470540425,0.0,0.0
2005,절세계좌,2011-03-31,4000000.0,0.0,238791209.84842002,51243661.265535705,31827888.878279332,19415772.387256373,72333667.41757157,107749568.61841121,0.0,7464312.546901542,0.0,0.0
2005,절세계좌,2011-04-30,4000000.0,0.0,235192907.0037741,51329863.90663527,31827888.878279332,19501975.028355937,68333667.41757157,108052506.58538467,0.0,7476869.094182608,0.0,0.0
2005,절세계좌,2011-05-31,4000000.0,0.0,230414213.57603326,51159917.33732701,31827888.878279332,19332028.45904768,64333667.417571574,107468514.67767695,0.0,7452114.143457732,0.0,0.0
2005,절세계좌,2011-06-30,4000000.0,0.0,219297073.02774516,49579666.20404175,31827888.878279332,17751777.325762417,60333667.417571574,102161809.60294428,0.0,7221929.803187541,0.0,0.0
2005,절세계좌,2011-07-31,4000000.0,0.0,216377085.97736582,49823840.37745381,31827888.878279332,17995951.49917448,56333667.417571574,102962081.20262378,0.0,7257496.979716646,0.0,0.0
2005,절세계좌,2011-08-31,4000000.0,0.0,203338285.16658378,47742530.488443136,31827888.878279332,15914641.610163804,52333667.417571574,96307760.41223764,0.0,6954326.848331415,0.0,0.0
2005,절세계좌,2011-09-30,4000000.0,0.0,211564142.40779516,50613083.67328829,31827888.878279332,18785194.79500896,48333667.417571574,105244930.6814188,0.0,7372460.635516497,0.0,0.0
2005,절세계좌,2011-10-31,4000000.0,0.0,215953158.47750548,52620011.536585614,31827888.878279332,20792122.658306282,44333667.417571574,111334683.47578713,0.0,7664796.04756114,0.0,0.0
2005,절세계좌,2011-11-30,4000000.0,0.0,211430838.998667,52492741.08036246,31827888.878279332,20664852.20208313,40333667.417571574,110958173.06731015,0.0,7646257.4334228225,0.0,0.0
2005,절세계좌,2011-12-31,4000000.0,0.0,209532852.1627729,50000000.00000001,30018032.134003066,19981967.865996942,36333667.417571574,112462293.47768715,0.0,7722275.358988065,0.0,3014615.9085261
2005,절세계좌,2012-01-31,4000000.0,0.0,216579181.44155535,52674419.81859249,30018032.134003066,22656387.684589423,35348283.326097675,120421150.812583,0.0,8135327.484282188,0.0,0.0
2005,절세계좌,2012-02-29,4000000.0,0.0,224701371.14865074,55622668.60918309,30018032.134003066,25604636.475180022,31348283.326097675,129139747.94933292,0.0,8590671.264037069,0.0,0.0
2005,절세계좌,2012-03-31,4000000.0,0.0,235077422.80602276,59181322.27096917,30018032.134003066,29163290.1369661,27348283.326097675,139407527.87524718,0.0,9140289.333708735,0.0,0.0
2005,절세계좌,2012-04-30,4000000.0,0.0,228050959.76020446,58419402.71817763,30018032.134003066,28401370.584174566,23348283.326097675,137260659.4339815,0.0,9022614.28194767,0.0,0.0
2005,절세계좌,2012-05-31,4000000.0,0.0,217366429.00576922,56707038.54073232,30018032.134003066,26689006.40672925,19348283.326097675,132552959.81085357,0.0,8758147.328085674,0.0,0.0
2005,절세계좌,2012-06-30,4000000.0,0.0,213826286.5445464,56827007.20053852,30018032.134003066,26808975.066535458,15348283.326097675,132874320.06931508,0.0,8776675.94859512,0.0,0.0
2005,절세계좌,2012-07-31,4000000.0,0.0,209896493.94424927,56845665.69418269,30018032.134003066,26827633.56017962,11348283.326097675,132922987.25485972,0.0,8779557.669109203,0.0,0.0
2005,절세계좌,2012-08-31,4000000.0,0.0,217352286.04557064,59948205.025910355,30018032.134003066,29930172.89190729,7348283.326097675,140797066.76381958,0.0,9258730.92974304,0.0,0.0
2005,절세계좌,2012-09-30,4000000.0,0.0,211028146.76409912,59307181.27277065,30018032.134003066,29289149.138767585,3348283.3260976747,139212954.4741557,0.0,9159727.691075105,0.0,0.0
2005,절세계좌,2012-10-31,4000000.0,0.0,192102624.48849803,54460807.77813922,29663062.873313703,24797744.904825516,0.0,129129934.91940627,0.0,8511881.790952554,0.0,0.0
2005,절세계좌,2012-11-30,4000000.0,0.0,189113519.56935918,50747395.02716425,27495795.345162224,23251599.682002027,0.0,129809450.96636045,0.0,8556673.575834498,0.0,0.0
2005,절세계좌,2012-12-31,4000000.0,0.0,181009585.54669377,45646130.76278024,25280452.886629615,20365677.876150627,0.0,126992468.74585357,0.0,8370986.03805997,0.0,0.0
2005,절세계좌,2013-01-31,4000000.0,0.0,186078916.32313922,43933191.18172001,23170812.17518283,20762379.00653718,0.0,133355317.99328445,0.0,8790407.148134762,0.0,0.0
2005,절세계좌,2013-02-28,4000000.0,0.0,182107672.2396255,39939980.447272286,21061497.429083873,18878483.018188413,0.0,133375926.20867494,0.0,8791765.583678277,0.0,0.0
2005,절세계좌,2013-03-31,4000000.0,194418.1737966436,188368601.70200557,38038636.337971136,18969753.684635896,19068882.65333524,0.0,141033438.15014774,0.0,9296527.213886678,0.0,0.0
2005,절세계좌,2013-04-30,4000000.0,504184.6608681513,186741082.97058225,34115357.66763048,16757317.48225934,17358040.18537114,0.0,143187226.42894387,0.0,9438498.874007886,0.0,0.0
2005,절세계좌,2013-05-31,4000000.0,536378.7433928578,193770374.4381915,31691888.251085397,14659023.936106747,17032864.31497865,0.0,152055420.8988567,0.0,10023065.2882494,0.0,0.0
2005,절세계좌,2013-06-30,4000000.0,529233.0475187871,186627888.68188757,26735247.69579466,12535395.650036993,14199852.045757668,0.0,150004750.14125773,0.0,9887890.844835177,0.0,0.0
2005,절세계좌,2013-07-31,3999999.9999999995,552441.2678356295,190592997.5999816,23402982.124048825,10494051.054181498,12908931.069867328,0.0,156850849.06291372,0.0,10339166.413019063,0.0,0.0
2005,절세계좌,2013-08-31,4000000.0,544300.1228520257,183055252.5768642,18491115.834693305,8423842.39883868,10067273.435854625,0.0,154387356.8037956,0.0,10176779.938375307,0.0,0.0
2005,절세계좌,2013-09-30,4000000.0,551565.9400315734,181106607.05444673,14202480.907419099,6379394.368041531,7823086.539377567,0.0,156582639.36241725,0.0,10321486.78461038,0.0,0.0
2005,절세계좌,2013-10-31,3999999.9999999995,570066.1379102566,183300062.11245263,10162813.865457037,4400537.947905169,5762275.917551869,0.0,162430300.1267858,0.0,10706948.120209768,0.0,0.0
2005,절세계좌,2013-11-30,4000000.0,585783.5403365201,184674320.60732585,5907476.464287546,2477406.86364374,3430069.6006438066,0.0,167711757.23809582,0.0,11055086.90494248,0.0,0.0
2005,절세계좌,2013-12-31,4000000.0,598491.7939657703,185030368.54985565,1467473.5538247467,599332.314976925,868141.2388478217,0.0,172211216.40914357,0.0,11351678.586887332,0.0,0.0
2005,절세계좌,2014-01-31,4000000.0,499243.32136501267,181294292.27442515,0.0,0.0,0.0,0.0,172921510.21839112,0.0,8372782.0560340285,0.0,0.0
2005,절세계좌,2014-02-28,4000000.0,790419.1616766468,183312878.0377526,0.0,0.0,0.0,0.0,179416052.32418397,0.0,3896825.7135686176,0.0,0.0
2005,절세계좌,2014-03-31,4000000.0,17483204.065440025,156591172.28295827,50000000.00000001,50000000.0,7.450580596923828e-09,40000000.0,0.0,36000000.0,0.0,30591172.28295827,0.0
2005,절세계좌,2014-04-30,4000000.0,0.0,147428689.83957657,48351604.89313754,48351604.89313754,0.0,38681283.914510034,0.0,34813155.523059025,0.0,25582645.50886997,0.0
2005,절세계좌,2014-05-31,4000000.0,0.0,148170161.76695094,49906646.70686981,49906646.70686981,0.0,39925317.36549585,0.0,35932785.62894627,0.0,22405412.065638993,0.0
2005,절세계좌,2014-06-30,4000000.0,12434.132574780675,147483397.9838146,51026798.383926004,50000000.0,1026798.3839260042,40000000.0,821438.7071408033,36000000.0,739294.83642672,18895866.056321062,0.0
2005,절세계좌,2014-07-31,4000000.0,29029.99198460111,147579936.50581503,52454176.3509382,50000000.0,2454176.350938201,40000000.0,1963341.0807505548,36000000.0,1767006.9726755023,15395412.101450767,0.0
2005,절세계좌,2014-08-31,4000000.0,49777.810033063404,148827184.8567751,54336892.59924963,50000000.0,4336892.599249631,40000000.0,3469514.079399705,36000000.0,3122562.6714597344,11898215.50666604,0.0
2005,절세계좌,2014-09-30,4000000.0,68025.17323477898,149562311.74439877,56090526.23761949,50000000.0,6090526.237619489,40000000.0,4872420.990095586,36000000.0,4385178.891086027,8214185.625597663,0.0
2005,절세계좌,2014-10-31,3999999.9999999995,92338.5172008768,152117445.32934308,58583535.36545668,50000000.0,8583535.365456678,40000000.0,6866828.292365342,36000000.0,6180145.463128805,4486936.208392243,0.0
2005,절세계좌,2014-11-30,4000000.0,135167.5406520937,160676506.67470607,63472342.20329814,50000000.0,13472342.203298137,40000000.0,10777873.76263851,36000000.0,9700086.38637466,726204.3223947623,0.0
2005,절세계좌,2014-12-31,4000000.0,19150.618988316466,150067034.2039783,50000000.0,41071840.32694127,8928159.673058733,40000000.0,8695163.987772197,32677267.642495904,7825647.588994969,0.0,10868954.984715238
2006,세전 기준,2005-12-31,0.0,0.0,400000000.0,,,,,,,,,
2006,세전 기준,2006-01-31,4000000.0,0.0,395558728.0015116,,,,,,,,,
2006,세전 기준,2006-02-28,4000000.0,0.0,390950574.1651585,,,,,,,,,
2006,세전 기준,2006-03-31,4000000.0,0.0,389071710.8160818,,,,,,,,,
2006,세전 기준,2006-04-30,4000000.0,0.0,380865730.30202687,,,,,,,,,
2006,세전 기준,2006-05-31,4000000.0,0.0,365427840.7835425,,,,,,,,,
2006,세전 기준,2006-06-30,4000000.0,0.0,361941115.9146474,,,,,,,,,
2006,세전 기준,2006-07-31,4000000.0,0.0,349911802.2741105,,,,,,,,,
2006,세전 기준,2006-08-31,4000000.0,0.0,359244104.0209919,,,,,,,,,
2006,세전 기준,2006-09-30,4000000.0,0.0,363968388.3579407,,,,,,,,,
2006,세전 기준,2006-10-31,4000000.0,0.0,374390633.8578079,,,,,,,,,
2006,세전 기준,2006-11-30,4000000.0,0.0,377802985.90686435,,,,,,,,,
2006,세전 기준,2006-12-31,4000000.0,0.0,367103952.6537262,,,,,,,,,
2006,세전 기준,2007-01-31,4000000.0,0.0,375277543.0625437,,,,,,,,,
2006,세전 기준,2007-02-28,4000000.0,0.0,365485884.36730397,,,,,,,,,
2006,세전 기준,2007-03-31,4000000.0,0.0,362936425.35390675,,,,,,,,,
2006,세전 기준,2007-04-30,4000000.0,0.0,375084390.34961563,,,,,,,,,
2006,세전 기준,2007-05-31,4000000.0,0.0,381421711.9212812,,,,,,,,,
2006,세전 기준,2007-06-30,4000000.0,0.0,377266224.9907891,,,,,,,,,
2006,세전 기준,2007-07-31,4000000.0,0.0,371241370.661058,,,,,,,,,
2006,세전 기준,2007-08-31,4000000.0,0.0,385640802.0527194,,,,,,,,,
2006,세전 기준,2007-09-30,4000000.0,0.0,391294906.69208574,,,,,,,,,
2006,세전 기준,2007-10-31,4000000.0,0.0,410079646.9138981,,,,,,,,,
2006,세전 기준,2007-11-30,4000000.0,0.0,385851305.88738257,,,,,,,,,
2006,세전 기준,2007-12-31,4000000.0,0.0,387814708.1602824,,,,,,,,,
2006,세전 기준,2008-01-31,4000000.0,0.0,340479052.4161266,,,,,,,,,
2006,세전 기준,2008-02-29,4000000.0,0.0,319826205.76466006,,,,,,,,,
2006,세전 기준,2008-03-31,4000000.0,0.0,337642026.7169292,,,,,,,,,
2006,세전 기준,2008-04-30,4000000.0,0.0,366643028.1014555,,,,,,,,,
2006,세전 기준,2008-05-31,4000000.0,0.0,393470174.1838874,,,,,,,,,
2006,세전 기준,2008-06-30,4000000.0,0.0,357965553.31311464,,,,,,,,,
2006,세전 기준,2008-07-31,4000000.0,0.0,344114981.755226,,,,,,,,,
2006,세전 기준,2008-08-31,4000000.0,0.0,371859536.5103665,,,,,,,,,
2006,세전 기준,2008-09-30,4000000.0,0.0,343753056.16501606,,,,,,,,,
2006,세전 기준,2008-10-31,4000000.0,0.0,303719116.2461054,,,,,,,,,
2006,세전 기준,2008-11-30,4000000.0,0.0,305004804.87652826,,,,,,,,,
2006,세전 기준,2008-12-31,4000000.0,0.0,264175716.95189098,,,,,,,,,
2006,세전 기준,2009-01-31,4000000.0,0.0,278271681.5535358,,,,,,,,,
2006,세전 기준,2009-02-28,4000000.0,0.0,288810052.01156175,,,,,,,,,
2006,세전 기준,2009-03-31,4000000.0,0.0,281243953.2384796,,,,,,,,,
2006,세전 기준,2009-04-30,4000000.0,0.0,291894390.1609849,,,,,,,,,
2006,세전 기준,2009-05-31,4000000.0,0.0,290655357.723622,,,,,,,,,
2006,세전 기준,2009-06-30,4000000.0,0.0,301107853.1733997,,,,,,,,,
2006,세전 기준,2009-07-31,4000000.0,0.0,309364536.3983255,,,,,,,,,
2006,세전 기준,2009-08-31,4000000.0,0.0,316539315.6199531,,,,,,,,,
2006,세전 기준,2009-09-30,4000000.0,0.0,310856117.5148462,,,,,,,,,
2006,세전 기준,2009-10-31,4000000.0,0.0,299160201.0677067,,,,,,,,,
2006,세전 기준,2009-11-30,4000000.0,0.0,309412584.3478262,,,,,,,,,
2006,세전 기준,2009-12-31,4000000.0,0.0,321301124.1382276,,,,,,,,,
2006,세전 기준,2010-01-31,4000000.0,0.0,295234759.58667177,,,,,,,,,
2006,세전 기준,2010-02-28,4000000.0,0.0,304906940.65747714,,,,,,,,,
2006,세전 기준,2010-03-31,4000000.0,0.0,316540569.1301172,,,,,,,,,
2006,세전 기준,2010-04-30,4000000.0,0.0,313001615.5485648,,,,,,,,,
2006,세전 기준,2010-05-31,4000000.0,0.0,308492441.610009,,,,,,,,,
2006,세전 기준,2010-06-30,4000000.0,0.0,292456549.7665406,,,,,,,,,
2006,세전 기준,2010-07-31,4000000.0,0.0,299701648.13125294,,,,,,,,,
2006,세전 기준,2010-08-31,4000000.0,0.0,284176081.10765517,,,,,,,,,
2006,세전 기준,2010-09-30,4000000.0,0.0,302066584.95018554,,,,,,,,,
2006,세전 기준,2010-10-31,4000000.0,0.0,312675216.5996454,,,,,,,,,
2006,세전 기준,2010-11-30,4000000.0,0.0,317355545.59259933,,,,,,,,,
2006,세전 기준,2010-12-31,4000000.0,0.0,320810549.57555664,,,,,,,,,
2006,세전 기준,2011-01-31,4000000.0,0.0,322526941.7754417,,,,,,,,,
2006,세전 기준,2011-02-28,4000000.0,0.0,330088551.7454021,,,,,,,,,
2006,세전 기준,2011-03-31,4000000.0,0.0,316874078.7536176,,,,,,,,,
2006,세전 기준,2011-04-30,4000000.0,0.0,313407127.7553861,,,,,,,,,
2006,세전 기준,2011-05-31,4000000.0,0.0,308369477.1149,,,,,,,,,
2006,세전 기준,2011-06-30,4000000.0,0.0,294844418.41575575,,,,,,,,,
2006,세전 기준,2011-07-31,4000000.0,0.0,292296493.3824476,,,,,,,,,
2006,세전 기준,2011-08-31,4000000.0,0.0,276086282.81675774,,,,,,,,,
2006,세전 기준,2011-09-30,4000000.0,0.0,288686164.5223064,,,,,,,,,
2006,세전 기준,2011-10-31,4000000.0,0.0,296133250.24164623,,,,,,,,,
2006,세전 기준,2011-11-30,4000000.0,0.0,291417001.5605737,,,,,,,,,
2006,세전 기준,2011-12-31,4000000.0,0.0,290314224.9572441,,,,,,,,,
2006,세전 기준,2012-01-31,4000000.0,0.0,301842667.29414356,,,,,,,,,
2006,세전 기준,2012-02-29,4000000.0,0.0,314737153.8753605,,,,,,,,,
2006,세전 기준,2012-03-31,4000000.0,0.0,330873557.8477828,,,,,,,,,
2006,세전 기준,2012-04-30,4000000.0,0.0,322613784.26463,,,,,,,,,
2006,세전 기준,2012-05-31,4000000.0,0.0,309157469.0402203,,,,,,,,,
2006,세전 기준,2012-06-30,4000000.0,0.0,305811518.4877716,,,,,,,,,
2006,세전 기준,2012-07-31,4000000.0,0.0,301911928.1794852,,,,,,,,,
2006,세전 기준,2012-08-31,4000000.0,0.0,314389765.5036852,,,,,,,,,
2006,세전 기준,2012-09-30,4000000.0,0.0,307028008.34440446,,,,,,,,,
2006,세전 기준,2012-10-31,4000000.0,0.0,281312642.6548193,,,,,,,,,
2006,세전 기준,2012-11-30,4000000.0,0.0,278792984.5679036,,,,,,,,,
2006,세전 기준,2012-12-31,4000000.0,0.0,268742925.23182833,,,,,,,,,
2006,세전 기준,2013-01-31,4000000.0,0.0,278208060.1051871,,,,,,,,,
2006,세전 기준,2013-02-28,4000000.0,0.0,274251053.3034509,,,,,,,,,
2006,세전 기준,2013-03-31,4000000.0,0.0,285996628.80068845,,,,,,,,,
2006,세전 기준,2013-04-30,4000000.0,0.0,286364218.46570355,,,,,,,,,
2006,세전 기준,2013-05-31,4000000.0,0.0,300099973.54605424,,,,,,,,,
2006,세전 기준,2013-06-30,4000000.0,0.0,292052723.9546275,,,,,,,,,
2006,세전 기준,2013-07-31,4000000.0,0.0,301381780.77882564,,,,,,,,,
2006,세전 기준,2013-08-31,4000000.0,0.0,292648292.3187787,,,,,,,,,
2006,세전 기준,2013-09-30,4000000.0,0.0,292809550.7614262,,,,,,,,,
2006,세전 기준,2013-10-31,4000000.0,0.0,299744676.95671856,,,,,,,,,
2006,세전 기준,2013-11-30,4000000.0,0.0,305490941.38185775,,,,,,,,,
2006,세전 기준,2013-12-31,4000000.0,0.0,309686812.9206742,,,,,,,,,
2006,세전 기준,2014-01-31,4000000.0,0.0,306964131.73073685,,,,,,,,,
2006,세전 기준,2014-02-28,4000000.0,0.0,314493012.5274382,,,,,,,,,
2006,세전 기준,2014-03-31,4000000.0,0.0,301505797.9080932,,,,,,,,,
2006,세전 기준,2014-04-30,4000000.0,0.0,287565784.26884586,,,,,,,,,
2006,세전 기준,2014-05-31,4000000.0,0.0,292814222.2415891,,,,,,,,,
2006,세전 기준,2014-06-30,4000000.0,0.0,295386419.80950683,,,,,,,,,
2006,세전 기준,2014-07-31,4000000.0,0.0,299649295.01908535,,,,,,,,,
2006,세전 기준,2014-08-31,4000000.0,0.0,306404484.3247584,,,,,,,,,
2006,세전 기준,2014-09-30,4000000.0,0.0,312293183.9716478,,,,,,,,,
2006,세전 기준,2014-10-31,4000000.0,0.0,322173420.26867306,,,,,,,,,
2006,세전 기준,2014-11-30,4000000.0,0.0,345058851.64721316,,,,,,,,,
2006,세전 기준,2014-12-31,4000000.0,0.0,326905887.1771141,,,,,,,,,
2006,세전 기준,2015-01-31,4000000.0,0.0,320033559.4809284,,,,,,,,,
2006,세전 기준,2015-02-28,4000000.0,0.0,338007578.29879534,,,,,,,,,
2006,세전 기준,2015-03-31,4000000.0,0.0,328150897.7302909,,,,,,,,,
2006,세전 기준,2015-04-30,4000000.0,0.0,321108179.10854346,,,,,,,,,
2006,세전 기준,2015-05-31,4000000.0,0.0,335076872.5206881,,,,,,,,,
2006,세전 기준,2015-06-30,4000000.0,0.0,324325298.49884546,,,,,,,,,
2006,세전 기준,2015-07-31,4000000.0,0.0,347963313.5840234,,,,,,,,,
2006,세전 기준,2015-08-31,4000000.0,0.0,326602023.04275066,,,,,,,,,
2006,세전 기준,2015-09-30,4000000.0,0.0,315954813.84470814,,,,,,,,,
2006,세전 기준,2015-10-31,4000000.0,0.0,334773164.8911529,,,,,,,,,
2006,세전 기준,2015-11-30,4000000.0,0.0,335436716.71545506,,,,,,,,,
2006,세전 기준,2015-12-31,4000000.0,0.0,331793597.3119973,,,,,,,,,
2006,미국계좌,2005-12-31,0.0,0.0,400000000.0,,,,,,,,,
2006,미국계좌,2006-01-31,4000000.0,0.0,395558728.0015116,,,,,,,,,
2006,미국계좌,2006-02-28,4000000.0,0.0,390950574.1651585,,,,,,,,,
2006,미국계좌,2006-03-31,4000000.0,0.0,389071710.8160818,,,,,,,,,
2006,미국계좌,2006-04-30,4000000.0,0.0,380865730.30202687,,,,,,,,,
2006,미국계좌,2006-05-31,4000000.0,0.0,365427840.7835425,,,,,,,,,
2006,미국계좌,2006-06-30,4000000.0,0.0,361941115.9146474,,,,,,,,,
2006,미국계좌,2006-07-31,4000000.0,0.0,349911802.2741105,,,,,,,,,
2006,미국계좌,2006-08-31,4000000.0,0.0,359244104.0209919,,,,,,,,,
2006,미국계좌,2006-09-30,4000000.0,0.0,363968388.3579407,,,,,,,,,
2006,미국계좌,2006-10-31,4000000.0,0.0,374390633.8578079,,,,,,,,,
2006,미국계좌,2006-11-30,4000000.0,0.0,377802985.90686435,,,,,,,,,
2006,미국계좌,2006-12-31,4000000.0,0.0,367103952.6537262,,,,,,,,,
2006,미국계좌,2007-01-31,4000000.0,0.0,375277543.0625437,,,,,,,,,
2006,미국계좌,2007-02-28,4000000.0,0.0,365485884.36730397,,,,,,,,,
2006,미국계좌,2007-03-31,4000000.0,0.0,362936425.35390675,,,,,,,,,
2006,미국계좌,2007-04-30,4000000.0,0.0,375084390.34961563,,,,,,,,,
2006,미국계좌,2007-05-31,4000000.0,0.0,381421711.9212812,,,,,,,,,
2006,미국계좌,2007-06-30,4000000.0,0.0,377266224.9907891,,,,,,,,,
2006,미국계좌,2007-07-31,4000000.0,0.0,371241370.661058,,,,,,,,,
2006,미국계좌,2007-08-31,4000000.0,0.0,385640802.0527194,,,,,,,,,
2006,미국계좌,2007-09-30,4000000.0,0.0,391294906.69208574,,,,,,,,,
2006,미국계좌,2007-10-31,4000000.0,0.0,410079646.9138981,,,,,,,,,
2006,미국계좌,2007-11-30,4000000.0,30743.228673036523,385820562.6587095,,,,,,,,,
2006,미국계좌,2007-12-31,3999999.9999999995,172624.7342766219,387610865.05512905,,,,,,,,,
2006,미국계좌,2008-01-31,4000000.0,0.0,340297987.3914454,,,,,,,,,
2006,미국계좌,2008-02-29,4000000.0,0.0,319653996.63894993,,,,,,,,,
2006,미국계좌,2008-03-31,4000000.0,0.0,337458070.95074636,,,,,,,,,
2006,미국계좌,2008-04-30,4000000.0,0.0,366441092.5696805,,,,,,,,,
2006,미국계좌,2008-05-31,4000000.0,0.0,393251260.0226004,,,,,,,,,
2006,미국계좌,2008-06-30,4000000.0,0.0,357764167.3105219,,,,,,,,,
2006,미국계좌,2008-07-31,4000000.0,0.0,343919137.53510636,,,,,,,,,
2006,미국계좌,2008-08-31,4000000.0,0.0,371645625.69071275,,,,,,,,,
2006,미국계좌,2008-09-30,4000000.0000000005,120122.13266502145,343432890.3761376,,,,,,,,,
2006,미국계좌,2008-10-31,4000000.0,67782.5507775857,303364729.3093042,,,,,,,,,
2006,미국계좌,2008-11-30,4000000.0,82221.86358947569,304562028.60460746,,,,,,,,,
2006,미국계좌,2008-12-31,4000000.0,0.0,263786405.563109,,,,,,,,,
2006,미국계좌,2009-01-31,4000000.0,0.0,277855702.4407416,,,,,,,,,
2006,미국계좌,2009-02-28,4000000.0,0.0,288372339.97067785,,,,,,,,,
2006,미국계좌,2009-03-31,4000000.0,0.0,280811645.87226367,,,,,,,,,
2006,미국계좌,2009-04-30,4000000.0,0.0,291439563.2286522,,,,,,,,,
2006,미국계좌,2009-05-31,4000000.0,0.0,290196228.67912436,,,,,,,,,
2006,미국계좌,2009-06-30,4000000.0,0.0,300625894.47773564,,,,,,,,,
2006,미국계좌,2009-07-31,4000000.0,0.0,308862959.4330017,,,,,,,,,
2006,미국계좌,2009-08-31,4000000.0,0.0,316019620.8318322,,,,,,,,,
2006,미국계좌,2009-09-30,4000000.0,0.0,310339186.2042443,,,,,,,,,
2006,미국계좌,2009-10-31,4000000.0,171858.64449012856,298484208.86678827,,,,,,,,,
2006,미국계좌,2009-11-30,3999999.9999999995,221405.51907414795,308482981.47518474,,,,,,,,,
2006,미국계좌,2009-12-31,4000000.0000000005,258181.86394734457,320065603.6824781,,,,,,,,,
2006,미국계좌,2010-01-31,4000000.0,0.0,294084092.381469,,,,,,,,,
2006,미국계좌,2010-02-28,4000000.0,0.0,303702986.6021631,,,,,,,,,
2006,미국계좌,2010-03-31,4000000.0,0.0,315274884.2058424,,,,,,,,,
2006,미국계좌,2010-04-30,4000000.0,0.0,311734087.13388747,,,,,,,,,
2006,미국계좌,2010-05-31,4000000.0,101851.11378587215,307125124.02756476,,,,,,,,,
2006,미국계좌,2010-06-30,4000000.0000000005,246672.8123033089,290895905.5298126,,,,,,,,,
2006,미국계좌,2010-07-31,3999999.9999999995,273875.4376036874,297807120.917448,,,,,,,,,
2006,미국계좌,2010-08-31,4000000.0,245587.43587099866,282108823.9164446,,,,,,,,,
2006,미국계좌,2010-09-30,4000000.0,298500.6418421528,299541583.23808676,,,,,,,,,
2006,미국계좌,2010-10-31,4000000.0,330824.567848445,309697275.45574397,,,,,,,,,
2006,미국계좌,2010-11-30,4000000.0,349090.80607261613,313945841.5679664,,,,,,,,,
2006,미국계좌,2010-12-31,4000000.0000000005,364309.20853717317,316956438.93291205,,,,,,,,,
2006,미국계좌,2011-01-31,4000000.0,0.0,318604156.30884176,,,,,,,,,
2006,미국계좌,2011-02-28,4000000.0,0.0,326025146.35008854,,,,,,,,,
2006,미국계좌,2011-03-31,4000000.0,0.0,312924103.94858605,,,,,,,,,
2006,미국계좌,2011-04-30,3999999.9999999995,329341.82326708856,309121166.43675774,,,,,,,,,
2006,미국계좌,2011-05-31,4000000.0000000005,379098.61458431144,303718607.4476817,,,,,,,,,
2006,미국계좌,2011-06-30,4000000.0,358804.5939981591,289978402.36285746,,,,,,,,,
2006,미국계좌,2011-07-31,3999999.9999999995,362011.8709599967,287044500.887254,,,,,,,,,
2006,미국계좌,2011-08-31,4000000.0,333784.4269046205,270719899.33832914,,,,,,,,,
2006,미국계좌,2011-09-30,4000000.0,372198.27478187345,282624925.1925597,,,,,,,,,
2006,미국계좌,2011-10-31,4000000.0,396920.6272174735,289434747.8827944,,,,,,,,,
2006,미국계좌,2011-11-30,4000000.0000000005,395400.96233103395,284339299.70773584,,,,,,,,,
2006,미국계좌,2011-12-31,4000000.0000000005,401592.56545887486,282764565.1062757,,,,,,,,,
2006,미국계좌,2012-01-31,4000000.0,0.0,293889188.24459386,,,,,,,,,
2006,미국계좌,2012-02-29,4000000.0,0.0,306338509.315311,,,,,,,,,
2006,미국계좌,2012-03-31,4000000.0000000005,172116.30306542583,321765464.4911901,,,,,,,,,
2006,미국계좌,2012-04-30,4000000.0,493347.98776058754,313129603.4705778,,,,,,,,,
2006,미국계좌,2012-05-31,4000000.0000000005,476613.2326834431,299474671.2046217,,,,,,,,,
2006,미국계좌,2012-06-30,4000000.0,477814.3609650806,295630421.4923292,,,,,,,,,
2006,미국계좌,2012-07-31,4000000.0,478000.77232093166,291249487.56572425,,,,,,,,,
2006,미국계좌,2012-08-31,4000000.0,507578.78043021547,302637808.31401855,,,,,,,,,
2006,미국계좌,2012-09-30,3999999.9999999995,501690.2453329644,294900024.11652166,,,,,,,,,
2006,미국계좌,2012-10-31,4000000.0,460216.9903153515,269582225.10921234,,,,,,,,,
2006,미국계좌,2012-11-30,4000000.0,463260.3198705277,266537578.12675008,,,,,,,,,
2006,미국계좌,2012-12-31,4000000.0,450459.69345502567,256303012.47575125,,,,,,,,,
2006,미국계좌,2013-01-31,4000000.0,0.0,265144856.1390106,,,,,,,,,
2006,미국계좌,2013-02-28,4000000.0,0.0,261185830.6002261,,,,,,,,,
2006,미국계좌,2013-03-31,4000000.0,233732.82077280598,271947559.65640056,,,,,,,,,
2006,미국계좌,2013-04-30,4000000.0,517992.83098276047,271582606.5166972,,,,,,,,,
2006,미국계좌,2013-05-31,4000000.0,549566.0484980398,283853307.3963464,,,,,,,,,
2006,미국계좌,2013-06-30,4000000.0000000005,542559.0200942695,275482606.81125903,,,,,,,,,
2006,미국계좌,2013-07-31,3999999.9999999995,565315.0724630444,283490101.4374857,,,,,,,,,
2006,미국계좌,2013-08-31,4000000.0,557333.1329277643,274480285.7416632,,,,,,,,,
2006,미국계좌,2013-09-30,4000000.0,564456.8928968579,273818750.6711792,,,,,,,,,
2006,미국계좌,2013-10-31,4000000.0,582593.089966392,279462062.39012474,,,,,,,,,
2006,미국계좌,2013-11-30,4000000.0,597998.6554099332,283950834.4640653,,,,,,,,,
2006,미국계좌,2013-12-31,4000000.0000000005,610453.0356264473,286958363.6575689,,,,,,,,,
2006,미국계좌,2014-01-31,4000000.0,0.0,284141937.837392,,,,,,,,,
2006,미국계좌,2014-02-28,4000000.0,0.0,290813668.4796695,,,,,,,,,
2006,미국계좌,2014-03-31,4000000.0000000005,586881.2841843343,277916253.2606881,,,,,,,,,
2006,미국계좌,2014-04-30,4000000.0,600344.3499984386,264153593.07084027,,,,,,,,,
2006,미국계좌,2014-05-31,4000000.0000000005,615146.4445028021,268033922.28594846,,,,,,,,,
2006,미국계좌,2014-06-30,3999999.9999999995,625304.7324328873,269424622.78263915,,,,,,,,,
2006,미국계좌,2014-07-31,3999999.9999999995,637680.6196374664,272323585.30954987,,,,,,,,,
2006,미국계좌,2014-08-31,3999999.999999999,653102.1681125916,277444881.9506094,,,,,,,,,
2006,미국계좌,2014-09-30,4000000.0,666618.9729431269,281732339.1956512,,,,,,,,,
2006,미국계좌,2014-10-31,4000000.0000000005,684562.3714740503,289569700.5844611,,,,,,,,,
2006,미국계좌,2014-11-30,4000000.0,715986.1846695989,309018359.3536661,,,,,,,,,
2006,미국계좌,2014-12-31,4000000.0,699828.1899541515,291643806.72275716,,,,,,,,,
2006,미국계좌,2015-01-31,4000000.0,0.0,285081305.96541554,,,,,,,,,
2006,미국계좌,2015-02-28,4000000.0,123515.67706322526,300531931.1755346,,,,,,,,,
2006,미국계좌,2015-03-31,4000000.0,715311.6245843719,290609282.0989628,,,,,,,,,
2006,미국계좌,2015-04-30,4000000.0,711761.1220880317,283202900.05579495,,,,,,,,,
2006,미국계좌,2015-05-31,3999999.9999999995,732125.2486650884,294318350.2213104,,,,,,,,,
2006,미국계좌,2015-06-30,4000000.0,724621.382330356,283663411.67755586,,,,,,,,,
2006,미국계좌,2015-07-31,3999999.999999999,754000.377782204,303082344.1155134,,,,,,,,,
2006,미국계좌,2015-08-31,4000000.0,735852.8027174221,283224493.0195797,,,,,,,,,
2006,미국계좌,2015-09-30,4000000.0000000005,728337.093456892,272731793.4228806,,,,,,,,,
2006,미국계좌,2015-10-31,4000000.0000000005,753301.5387897198,287675263.48291993,,,,,,,,,
2006,미국계좌,2015-11-30,4000000.0000000005,758080.6154290295,286924638.18505967,,,,,,,,,
2006,미국계좌,2015-12-31,4000000.0,758445.6198256175,282471459.79131716,,,,,,,,,
2006,절세계좌,2005-12-31,0.0,0.0,400000000.0,50000000.0,50000000.0,0.0,200000000.0,0.0,36000000.0,0.0,114000000.0,0.0
2006,절세계좌,2006-01-31,4000000.0,0.0,395558728.0015115,49558728.001511514,49558728.001511514,0.0,200000000.0,0.0,36000000.0,0.0,110000000.0,0.0
2006,절세계좌,2006-02-28,4000000.0,0.0,390950574.16515845,49103625.68449385,49103625.68449385,0.0,199846948.4806646,0.0,36000000.0,0.0,106000000.0,0.0
2006,절세계좌,2006-03-31,4000000.0,0.0,389071710.81608176,50156226.955495596,50000000.0,156226.95549559593,200000000.0,915483.8605861366,36000000.0,0.0,102000000.0,0.0
2006,절세계좌,2006-04-30,4000000.0,0.0,380865730.3020268,48586671.92451911,48586671.92451911,0.0,198279058.3775077,0.0,36000000.0,0.0,98000000.0,0.0
2006,절세계좌,2006-05-31,4000000.0,0.0,365427840.7835425,45188391.24225232,45188391.24225232,0.0,190239449.54129016,0.0,36000000.0,0.0,94000000.0,0.0
2006,절세계좌,2006-06-30,4000000.0,0.0,361941115.91464734,45313475.35767575,45313475.35767575,0.0,190627640.5569716,0.0,36000000.0,0.0,90000000.0,0.0
2006,절세계좌,2006-07-31,4000000.0,0.0,349911802.2741105,43654202.66522425,43654202.66522425,0.0,184257599.60888624,0.0,36000000.0,0.0,86000000.0,0.0
2006,절세계좌,2006-08-31,4000000.0,0.0,359244104.02099186,46033852.047170505,46033852.047170505,0.0,194301729.52670234,0.0,36000000.0,908522.4471189901,82000000.0,0.0
2006,절세계좌,2006-09-30,4000000.0,0.0,363968388.3579406,47412806.706989475,47412806.706989475,0.0,200000000.0,122082.66741240025,36000000.0,2014125.7532106787,78419373.23032805,0.0
2006,절세계좌,2006-10-31,4000000.0,0.0,374390633.8578078,49464398.68406103,49464398.68406103,0.0,200000000.0,8781533.304296702,36000000.0,3659028.9097069874,76485672.95974308,0.0
2006,절세계좌,2006-11-30,4000000.0,31840.981272646663,377771144.92559165,50443716.818072885,50000000.0,443716.8180728853,200000000.0,12915082.827816606,36000000.0,4444215.978019454,73968129.30168268,0.0
2006,절세계좌,2006-12-31,4000000.0,21151.211176011704,367051525.05128956,49549271.435210146,49549271.435210146,0.0,200000000.0,9139767.986049294,36000000.0,3727077.2632909194,68635408.36673921,0.0
2006,절세계좌,2007-01-31,4000000.0,40543.073530057416,374817946.165051,51192382.41548481,50000000.0,1192382.4154848084,200000000.0,16075083.869337559,72000000.0,5044472.95801647,30506006.922212116,0.0
2006,절세계좌,2007-02-28,4000000.0,31353.497367567106,365002026.9318196,50402330.32676372,50000000.0,402330.3267637193,200000000.0,12740396.885128796,72000000.0,3855445.5302465856,26003854.189680543,0.0
2006,절세계좌,2007-03-31,4000000.0,33703.39257672306,362416944.1916499,50602367.17931092,50000000.0,602367.1793109179,200000000.0,13584721.326610923,72000000.0,4156500.7488061637,22073354.93692189,0.0
2006,절세계좌,2007-04-30,4000000.0,59098.47948106573,374482697.6692349,52853795.24447335,50000000.0,2853795.244473353,200000000.0,23087649.009433538,72000000.0,7544897.234742269,18996356.180585723,0.0
2006,절세계좌,2007-05-31,4000000.0,74562.10390491517,380728874.493504,54310445.2458659,50000000.0,4310445.245865896,200000000.0,29235942.102430105,72000000.0,9737153.706237048,15445333.438970914,0.0
2006,절세계좌,2007-06-30,4000000.0,74332.42310862648,376499337.57575214,54288305.54023036,50000000.0,4288305.540230364,200000000.0,29142493.848484576,72000000.0,9703833.47631903,11364704.710718157,0.0
2006,절세계좌,2007-07-31,3999999.9999999995,71294.54140142286,370407304.72455424,53996930.63506999,50000000.0,3996930.6350699887,200000000.0,27912645.69336328,72000000.0,9265314.600227758,7232413.795893231,0.0
2006,절세계좌,2007-08-31,4000000.0,98178.88422197789,384667219.3311355,56673121.65012618,50000000.0,6673121.650126182,200000000.0,39208431.72135875,72000000.0,13292978.80652608,3492687.1531245303,0.0
2006,절세계좌,2007-09-30,4000000.0,97138.38955387688,390199812.9797626,58091872.58036375,50000000.0,8091872.58036375,200000000.0,45196758.729715645,71482984.44742297,15428197.222260237,0.0,0.0
2006,절세계좌,2007-10-31,4000000.0,0.0,408920786.90835947,61474508.549054675,50000000.0,11474508.549054675,200000000.0,59474339.02871817,67482984.44742297,20488954.88316366,0.0,0.0
2006,절세계좌,2007-11-30,4000000.0,0.0,384749609.93660843,58442104.154625356,50000000.0,8442104.154625356,200000000.0,46675031.730727166,63482984.44742297,16149489.603832975,0.0,0.0
2006,절세계좌,2007-12-31,4000000.0,0.0,386695985.2977507,50000000.0,42126308.554708906,7873691.4452910945,200000000.0,50487439.31480309,59482984.44742297,17380224.00723681,0.0,9345337.528287858
2006,절세계좌,2008-01-31,4000000.0,0.0,340529617.12634784,44412840.09704896,42126308.554708906,2286531.542340055,200000000.0,22497171.772152096,64828321.975710824,8791283.281435952,0.0,0.0
2006,절세계좌,2008-02-29,4000000.0,0.0,319874297.3524988,42240605.97502627,42126308.554708906,114297.42031736672,200000000.0,11614824.515798032,60828321.975710824,5190544.885963678,0.0,0.0
2006,절세계좌,2008-03-31,4000000.0,0.0,337693398.70346785,45121900.5039199,42126308.554708906,2995591.949210994,200000000.0,26049386.284884363,56828321.975710824,9693789.938952774,0.0,0.0
2006,절세계좌,2008-04-30,4000000.0,0.0,366699421.1661325,49532097.645197935,42126308.554708906,7405789.09048903,200000000.0,48143366.06072837,52828321.975710824,16195635.484495357,0.0,0.0
2006,절세계좌,2008-05-31,4000000.0,0.0,393531308.74672353,53696729.43373769,42126308.554708906,11570420.879028782,200000000.0,69007125.10873538,48828321.975710824,21999132.228539646,0.0,0.0
2006,절세계좌,2008-06-30,4000000.0,0.0,358021792.9147805,49397305.45244307,42126308.554708906,7270996.897734165,200000000.0,47468091.0366725,44828321.975710824,16328074.449954122,0.0,0.0
2006,절세계좌,2008-07-31,4000000.0,0.0,344169673.7436775,48037979.98768097,42126308.554708906,5911671.432972066,200000000.0,40658211.93939924,40828321.975710824,14645159.840886481,0.0,0.0
2006,절세계좌,2008-08-31,4000000.0,0.0,371919273.8264385,52469476.33889184,42126308.554708906,10343167.784182936,200000000.0,62858895.406353354,36828321.975710824,19762580.10548245,0.0,0.0
2006,절세계좌,2008-09-30,4000000.0,0.0,343808920.8993888,49068045.7558172,42126308.554708906,6941737.201108292,200000000.0,45818582.671124786,32828321.975710824,16093970.496735983,0.0,0.0
2006,절세계좌,2008-10-31,4000000.0,0.0,303769124.9555036,43924484.175801136,42126308.554708906,1798175.62109223,200000000.0,20050631.288400322,28828321.975710824,10965687.515591294,0.0,0.0
2006,절세계좌,2008-11-30,4000000.0,0.0,305055683.8981741,44688911.35270987,42126308.554708906,2562602.7980009615,200000000.0,23880219.41013056,24828321.975710824,11658231.15962284,0.0,0.0
2006,절세계좌,2008-12-31,4000000.0,0.0,264220452.37208608,39292760.80310936,39292760.80310936,0.0,196846860.74359858,0.0,20828321.975710824,7252508.849667307,0.0,0.0
2006,절세계좌,2009-01-31,4000000.0,0.0,278319481.33782023,41984304.20762088,41984304.20762088,0.0,200000000.0,10330817.047613353,16828321.975710824,9176038.106875151,0.0,0.0
2006,절세계좌,2009-02-28,4000000.0,0.0,288860349.10699135,44177784.207400955,42126308.554708906,2051475.6526920497,200000000.0,21319600.81427625,12828321.975710824,10534642.109603338,0.0,0.0
2006,절세계좌,2009-03-31,4000000.0,0.0,281293629.28762275,43632296.46913763,42126308.554708906,1505987.9144287258,200000000.0,18586844.27957219,8828321.975710824,10246166.563202113,0.0,0.0
2006,절세계좌,2009-04-30,4000000.0,0.0,291946653.9131387,45905170.96064044,42126308.554708906,3778862.4059315324,200000000.0,29973374.504781663,4828321.975710824,11239786.472005753,0.0,0.0
2006,절세계좌,2009-05-31,4000000.0,0.0,290708115.82760054,46339378.30498076,42126308.554708906,4213069.750271857,200000000.0,32148644.22109145,828321.9757108241,11391771.325817483,0.0,0.0
2006,절세계좌,2009-06-30,4000000.0,0.0,301163234.6119819,48643549.331943505,42126308.554708906,6517240.777234599,196828321.9757108,43691962.22683659,0.0,11999401.077491049,0.0,0.0
2006,절세계좌,2009-07-31,4000000.0,0.0,309422172.15456206,50623599.233711906,42126308.554708906,8497290.679003,192828321.9757108,53482410.73746413,0.0,12487840.207675232,0.0,0.0
2006,절세계좌,2009-08-31,4000000.0,0.0,316599033.27884954,52452210.72042898,42126308.554708906,10325902.165720075,188828321.9757108,62379578.1052295,0.0,12938922.47748025,0.0,0.0
2006,절세계좌,2009-09-30,4000000.0,0.0,310915517.625036,52173296.04115644,42126308.554708906,10046987.486447535,184828321.9757108,61043779.86299226,0.0,12870119.745176475,0.0,0.0
2006,절세계좌,2009-10-31,4000000.0,0.0,299218130.59951884,50881633.09974612,42126308.554708906,8755324.545037217,180828321.9757108,54956683.46752608,0.0,12551492.056535834,0.0,0.0
2006,절세계좌,2009-11-30,4000000.0,0.0,309473273.71830565,53305700.653744966,42126308.554708906,11179392.09903606,176828321.9757108,66189789.53340119,0.0,13149461.555448687,0.0,0.0
2006,절세계좌,2009-12-31,4000000.0,0.0,321364929.9478129,50000000.0,37583927.51154163,12416072.488458373,172828321.9757108,78668929.45797569,0.0,13824695.05826975,0.0,6042983.455856711
2006,절세계좌,2010-01-31,4000000.0,0.0,295709204.2137061,46566092.849699676,37583927.51154163,8982165.338158049,172828321.9757108,61396565.2583954,2042983.4558567107,12875240.67404347,0.0,0.0
2006,절세계좌,2010-02-28,4000000.0,0.0,305403356.5891707,48722546.426142894,37583927.51154163,11138618.914601266,170871305.43156752,72243408.2047916,0.0,13566096.526668694,0.0,0.0
2006,절세계좌,2010-03-31,4000000.0,0.0,317062438.01551276,51220719.106058866,37583927.51154163,13636791.594517238,166871305.43156752,84708736.481765,0.0,14261676.996121379,0.0,0.0
2006,절세계좌,2010-04-30,4000000.0,0.0,313524244.5443664,51295322.90537299,37583927.51154163,13711395.393831365,162871305.43156752,85075166.84990332,0.0,14282449.357522601,0.0,0.0
2006,절세계좌,2010-05-31,4000000.0,0.0,309014220.4214953,51211878.47475097,37583927.51154163,13627950.963209346,158871305.43156752,84671821.0664596,0.0,14259215.448717214,0.0,0.0
2006,절세계좌,2010-06-30,4000000.0,0.0,292957971.2775093,49213837.20279602,37583927.51154163,11629909.691254392,154871305.43156752,75169939.2230916,0.0,13702889.420054128,0.0,0.0
2006,절세계좌,2010-07-31,4000000.0,0.0,300222349.5462536,51106133.47960075,37583927.51154163,13522205.968059123,150871305.43156752,84015138.36856294,0.0,14229772.266522404,0.0,0.0
2006,절세계좌,2010-08-31,4000000.0,0.0,284676758.01129496,49140755.00934919,37583927.51154163,11556827.497807562,146871305.43156752,74982156.84232411,0.0,13682540.728054147,0.0,0.0
2006,절세계좌,2010-09-30,4000000.0,0.0,302605829.7362462,52926140.050074995,37583927.51154163,15342212.538533367,142871305.43156752,92071857.17690468,0.0,14736527.07769904,0.0,0.0
2006,절세계좌,2010-10-31,4000000.0,0.0,313240540.4981963,55485769.360767454,37583927.51154163,17901841.849225827,138871305.43156752,103434246.43843895,0.0,15449219.267422369,0.0,0.0
2006,절세계좌,2010-11-30,4000000.0,0.0,317936563.7232687,57026136.83125783,37583927.51154163,19442209.3197162,134871305.43156752,110161008.89158219,0.0,15878112.568861153,0.0,0.0
2006,절세계좌,2010-12-31,4000000.0,0.0,321405216.412034,50000000.00000001,32196908.972834256,17803091.027165752,130871305.43156752,115917066.74089846,0.0,16251105.554446673,0.0,8365738.685121298
2006,절세계좌,2011-01-31,4000000.0,0.0,322983139.0554811,50890929.58561495,32196908.972834256,18694020.612780694,130871305.43156752,120314487.9839825,4365738.685121298,16540677.369194832,0.0,0.0
2006,절세계좌,2011-02-28,4000000.0,0.0,330561102.3105101,52715214.638016105,32196908.972834256,20518305.66518185,130871305.43156752,129318734.75319538,365738.68512129784,17290108.802609816,0.0,0.0
2006,절세계좌,2011-03-31,4000000.0,0.0,317333437.9965898,51243661.265535705,32196908.972834256,19046752.29270145,127237044.11668882,122055489.52600852,0.0,16797243.08835673,0.0,0.0
2006,절세계좌,2011-04-30,4000000.0,0.0,313867259.73744404,51329863.90663527,32196908.972834256,19132954.933801014,123237044.11668882,122474852.1218045,0.0,16825499.59231543,0.0,0.0
2006,절세계좌,2011-05-31,4000000.0,0.0,308828085.65921956,51159917.33732701,32196908.972834256,18963008.364492755,119237044.11668882,121661331.6753074,0.0,16769792.529896317,0.0,0.0
2006,절세계좌,2011-06-30,4000000.0,0.0,295288861.247744,49579666.20404175,32196908.972834256,17382757.231207494,115237044.11668882,114220351.48681653,0.0,16251799.44019693,0.0,0.0
2006,절세계좌,2011-07-31,4000000.0,0.0,292743125.04444295,49823840.37745381,32196908.972834256,17626931.404619556,111237044.11668882,115350402.86058319,0.0,16331837.689717157,0.0,0.0
2006,절세계좌,2011-08-31,4000000.0,0.0,276514257.167558,47742530.488443136,32196908.972834256,15545621.51560888,107237044.11668882,105885080.82705954,0.0,15649601.735366527,0.0,0.0
2006,절세계좌,2011-09-30,4000000.0,0.0,289139871.13160133,50613083.67328829,32196908.972834256,18416174.700454038,103237044.11668882,118699198.30804086,0.0,16590545.033583388,0.0,0.0
2006,절세계좌,2011-10-31,4000000.0,0.0,296604947.38559896,52620011.536585614,32196908.972834256,20423102.56375136,99237044.11668882,127499492.54960221,0.0,17248399.182722297,0.0,0.0
2006,절세계좌,2011-11-30,4000000.0,0.0,291887557.8246794,52492741.08036246,32196908.972834256,20295832.107528206,95237044.11668882,126951091.63479215,0.0,17206680.992835965,0.0,0.0
2006,절세계좌,2011-12-31,4000000.0,0.0,290789459.4199811,50000000.00000001,30366068.32009149,19633931.679908518,91237044.11668882,129160052.20303127,0.0,17377747.191734888,0.0,3014615.9085261
2006,절세계좌,2012-01-31,4000000.0,0.0,302182074.3155688,52674419.81859249,30366068.32009149,22308351.498501,90251660.02521491,140948739.45018518,0.0,18307255.021576203,0.0,0.0
2006,절세계좌,2012-02-29,4000000.0,0.0,315095557.90413535,55622668.60918309,30366068.32009149,25256600.2890916,86251660.02521491,153889295.80533674,0.0,19331933.46440063,0.0,0.0
2006,절세계좌,2012-03-31,4000000.0,0.0,331254892.02071095,59181322.27096917,30366068.32009149,28815253.950877678,82251660.02521491,169253148.58657706,0.0,20568761.13794984,0.0,0.0
2006,절세계좌,2012-04-30,4000000.0,0.0,322990209.01763725,58419402.71817763,30366068.32009149,28053334.39808614,78251660.02521491,166015194.0436719,0.0,20303952.23057282,0.0,0.0
2006,절세계좌,2012-05-31,4000000.0,0.0,309522860.1942423,56707038.54073232,30366068.32009149,26340970.220640827,74251660.02521491,158855350.0332388,0.0,19708811.595056262,0.0,0.0
2006,절세계좌,2012-06-30,4000000.0,0.0,306177682.65848035,56827007.20053852,30366068.32009149,26460938.880447034,70251660.02521491,159348508.1368498,0.0,19750507.295877133,0.0,0.0
2006,절세계좌,2012-07-31,4000000.0,0.0,302278212.57598436,56845665.69418269,30366068.32009149,26479597.374091197,66251660.02521491,159423894.70899907,0.0,19756992.14758767,0.0,0.0
2006,절세계좌,2012-08-31,4000000.0,0.0,314776041.07687044,59948205.025910355,30366068.32009149,29582136.705818865,62251660.02521491,171740880.99497393,0.0,20835295.030771222,0.0,0.0
2006,절세계좌,2012-09-30,4000000.0,0.0,307410153.4883706,59307181.27277065,30366068.32009149,28941112.95267916,58251660.02521491,169238808.134133,0.0,20612504.056252044,0.0,0.0
2006,절세계좌,2012-10-31,4000000.0,0.0,281667759.57555443,55112524.45204155,30366068.32009149,24746456.13195006,54251660.02521491,153148944.75778025,0.0,19154630.340517707,0.0,0.0
2006,절세계좌,2012-11-30,4000000.0,0.0,279149970.208284,55402541.20746462,30366068.32009149,25036472.88737313,50251660.02521491,154240341.87794462,0.0,19255427.097659893,0.0,0.0
2006,절세계좌,2012-12-31,4000000.0,0.0,269092163.9616838,50000000.0,28012845.807103552,21987154.192896448,46251660.02521491,149802680.91174623,0.0,18837566.954360843,0.0,4200256.070361838
2006,절세계좌,2013-01-31,4000000.0,0.0,278364346.89837366,52505207.32066587,28012845.807103552,24492361.51356232,46251660.02521491,159625816.3150182,200256.07036183774,19781407.16711281,0.0,0.0
2006,절세계좌,2013-02-28,4000000.0,0.0,274407364.2485943,52513321.27245923,28012845.807103552,24500475.46535568,42451916.09557675,159657631.82444298,0.0,19784495.056115318,0.0,0.0
2006,절세계좌,2013-03-31,4000000.0,0.0,286161914.0259965,55528268.54338661,28012845.807103552,27515422.736283056,38451916.09557675,171261347.13257003,0.0,20920382.254463103,0.0,0.0
2006,절세계좌,2013-04-30,4000000.0,0.0,286532027.83979213,56376266.97198099,28012845.807103552,28363421.164877437,34451916.09557675,174463977.4745177,0.0,21239867.297716655,0.0,0.0
2006,절세계좌,2013-05-31,4000000.0,0.0,300278176.0690319,59867889.17505057,28012845.807103552,31855043.36794702,30451916.09557675,187403028.10243535,0.0,22555342.695969205,0.0,0.0
2006,절세계좌,2013-06-30,4000000.0,0.0,292228523.1781987,59060490.6033672,28012845.807103552,31047644.79626365,26451916.09557675,184464962.75215507,0.0,22251153.727099665,0.0,0.0
2006,절세계좌,2013-07-31,4000000.0,0.0,301565603.3408163,61755964.98435465,28012845.807103552,33743119.1772511,22451916.09557675,194091043.36279398,0.0,23266678.8980909,0.0,0.0
2006,절세계좌,2013-08-31,4000000.0,0.0,292829227.772021,60786028.623778716,28012845.807103552,32773182.816675164,18451916.09557675,190690029.54884744,0.0,22901253.503818132,0.0,0.0
2006,절세계좌,2013-09-30,4000000.0,0.0,292993058.99299026,61650364.351834774,28012845.807103552,33637518.54473122,14451916.095576748,193663884.88943005,0.0,23226893.65614872,0.0,0.0
2006,절세계좌,2013-10-31,4000000.0,0.0,299935038.399405,63952729.53227367,28012845.807103552,35939883.72517012,10451916.095576748,201436078.59379327,0.0,24094314.177761298,0.0,0.0
2006,절세계좌,2013-11-30,4000000.0,0.0,305687492.4689295,66032166.66877018,28012845.807103552,38019320.86166663,6451916.095576748,208325663.57565862,0.0,24877746.128924023,0.0,0.0
2006,절세계좌,2013-12-31,4000000.0,0.0,308690038.3934387,50000000.00000001,20657309.783987638,29342690.21601237,2451916.0955767483,214087829.36833602,0.0,25545179.377601225,0.0,16605113.551924706
2006,절세계좌,2014-01-31,4000000.0,0.0,305894757.3322828,50206227.510628596,20657309.783987638,29548917.72664096,2451916.0955767483,214980958.4215194,12605113.551924706,25650541.75263329,0.0,0.0
2006,절세계좌,2014-02-28,4000000.0,0.0,313383474.8372754,52091860.23572443,20657309.783987638,31434550.45173679,2451916.0955767483,223147247.02813292,8605113.551924706,27087337.925916575,0.0,0.0
2006,절세계좌,2014-03-31,4000000.0,0.0,300427967.2923407,50603239.791991875,20657309.783987638,29945930.008004237,2451916.0955767483,216700337.18856847,4605113.5519247055,26067360.664278902,0.0,0.0
2006,절세계좌,2014-04-30,4000000.0,0.0,286523487.46735406,48934957.13470173,20657309.783987638,28277647.35071409,2451916.0955767483,209475347.1491391,605113.5519247055,25056153.536011796,0.0,0.0
2006,절세계좌,2014-05-31,4000000.0,0.0,291738404.006585,49565789.85794054,20271649.343946733,29294140.513993807,0.0,216291165.49774897,0.0,25881448.650895495,0.0,0.0
2006,절세계좌,2014-06-30,4000000.0,0.0,294286454.8990664,46678291.023568735,18671623.065671556,28006667.95789718,0.0,221145807.66971824,0.0,26462356.205779433,0.0,0.0
2006,절세계좌,2014-07-31,4000000.0,101865.38478707951,298416695.2903959,43882162.35468373,17075498.523006916,26806663.83167681,0.0,227331942.47264773,0.0,27202590.463064454,0.0,0.0
2006,절세계좌,2014-08-31,4000000.0,636925.4118401231,304490717.98746806,40820281.40686227,15333688.619530987,25486592.78733128,0.0,235491474.68968156,0.0,28178961.890924215,0.0,0.0
2006,절세계좌,2014-09-30,4000000.0,650855.2355338796,309666798.744987,37486833.46457845,13641266.272787469,23845567.191790983,0.0,243091573.84534898,0.0,29088391.43505956,0.0,0.0
2006,절세계좌,2014-10-31,4000000.0,669351.1696542718,318760951.10512483,34483628.51015129,12014420.419743523,22469208.090407766,0.0,253896063.53634253,0.0,30381259.058631036,0.0,0.0
2006,절세계좌,2014-11-30,3999999.9999999995,701754.3308231713,340659856.9713723,32659539.342455447,10502458.501752948,22157080.840702496,0.0,275083736.8949803,0.0,32916580.73393653,0.0,0.0
2006,절세계좌,2014-12-31,4000000.0,685090.8975780244,322002231.15956414,26634881.881907012,8931417.138620488,17703464.743286524,0.0,263800877.9392067,0.0,31566471.338450417,0.0,0.0
2006,절세계좌,2015-01-31,4000000.0,0.0,315172988.9737478,22400857.00834275,7578216.045822913,14822640.962519838,0.0,261483016.4454112,0.0,31289115.519993838,0.0,0.0
2006,절세계좌,2015-02-28,3999999.9999999995,98534.24113672301,332714738.96350664,19840401.63067286,6280765.811741597,13559635.818931263,0.0,279436860.8273673,0.0,33437476.50546646,0.0,0.0
2006,절세계좌,2015-03-31,4000000.0,701058.5909575007,322248709.1954234,14795567.035382794,4766337.179681826,10029229.855700968,0.0,274595039.11091805,0.0,32858103.049122598,0.0,0.0
2006,절세계좌,2015-04-30,4000000.0,697396.7233496642,314563320.80395746,9960981.14799533,3238925.5624669995,6722055.585528331,0.0,272048907.3016765,0.0,32553432.35428563,0.0,0.0
2006,절세계좌,2015-05-31,4000000.0,718402.1769547755,327447372.3730401,5799979.336329842,1785987.8262157484,4013991.5101140933,0.0,287272323.35412276,0.0,34375069.68258745,0.0,0.0
2006,절세계좌,2015-06-30,3999999.9999999995,710661.2627402437,316138866.39424,972452.383875455,305605.03047661314,666847.3533988418,0.0,281483978.9036047,0.0,33682435.106759906,0.0,0.0
2006,절세계좌,2015-07-31,4000000.0,779412.6865073554,338299845.9585277,0.0,0.0,0.0,0.0,305471187.08989865,0.0,32828658.868629012,0.0,0.0
2006,절세계좌,2015-08-31,4000000.0,790419.1616766468,316630285.5584871,0.0,0.0,0.0,0.0,290229999.80371475,0.0,26400285.75477236,0.0,0.0
2006,절세계좌,2015-09-30,4000000.0,790419.1616766468,305395608.25371957,0.0,0.0,0.0,0.0,284323056.8329708,0.0,21072551.420748778,0.0,0.0
2006,절세계좌,2015-10-31,4000000.0,790419.1616766468,322660951.1561746,0.0,0.0,0.0,0.0,304856952.93813264,0.0,17803998.218041938,0.0,0.0
2006,절세계좌,2015-11-30,4000000.0,790419.1616766468,322365354.8333737,0.0,0.0,0.0,0.0,309103757.48558825,0.0,13261597.34778545,0.0,0.0
2006,절세계좌,2015-12-31,4000000.0,790419.1616766468,317917909.27716273,0.0,0.0,0.0,0.0,309432621.7030927,0.0,8485287.574070035,0.0,0.0
2007,세전 기준,2006-12-31,0.0,0.0,400000000.0,,,,,,,,,
2007,세전 기준,2007-01-31,4000000.0,0.0,397105371.77283776,,,,,,,,,
2007,세전 기준,2007-02-28,4000000.0,0.0,392059445.8362121,,,,,,,,,
2007,세전 기준,2007-03-31,4000000.0,0.0,388456561.93149835,,,,,,,,,
2007,세전 기준,2007-04-30,4000000.0,0.0,390409214.77809364,,,,,,,,,
2007,세전 기준,2007-05-31,4000000.0,0.0,391179184.12052953,,,,,,,,,
2007,세전 기준,2007-06-30,4000000.0,0.0,387093096.72147375,,,,,,,,,
2007,세전 기준,2007-07-31,4000000.0,0.0,381781216.9866544,,,,,,,,,
2007,세전 기준,2007-08-31,4000000.0,0.0,391482502.1090317,,,,,,,,,
2007,세전 기준,2007-09-30,4000000.0,0.0,395580540.25162864,,,,,,,,,
2007,세전 기준,2007-10-31,4000000.0,0.0,412829137.3347268,,,,,,,,,
2007,세전 기준,2007-11-30,4000000.0,0.0,388465169.8992923,,,,,,,,,
2007,세전 기준,2007-12-31,4000000.0,0.0,390468969.91700166,,,,,,,,,
2007,세전 기준,2008-01-31,4000000.0,0.0,342836718.4756643,,,,,,,,,
2007,세전 기준,2008-02-29,4000000.0,0.0,322068558.2650633,,,,,,,,,
2007,세전 기준,2008-03-31,4000000.0,0.0,340037333.41489005,,,,,,,,,
2007,세전 기준,2008-04-30,4000000.0,0.0,369272451.15165025,,,,,,,,,
2007,세전 기준,2008-05-31,4000000.0,0.0,396320677.6918249,,,,,,,,,
2007,세전 기준,2008-06-30,4000000.0,0.0,360587820.8880626,,,,,,,,,
2007,세전 기준,2008-07-31,4000000.0,0.0,346665089.2182529,,,,,,,,,
2007,세전 기준,2008-08-31,4000000.0,0.0,374644890.9991947,,,,,,,,,
2007,세전 기준,2008-09-30,4000000.0,0.0,346357844.9115484,,,,,,,,,
2007,세전 기준,2008-10-31,4000000.0,0.0,306050857.8167344,,,,,,,,,
2007,세전 기준,2008-11-30,4000000.0,0.0,307377126.2435866,,,,,,,,,
2007,세전 기준,2008-12-31,4000000.0,0.0,266261582.39820316,,,,,,,,,
2007,세전 기준,2009-01-31,4000000.0,0.0,280500428.2143509,,,,,,,,,
2007,세전 기준,2009-02-28,4000000.0,0.0,291155240.07392776,,,,,,,,,
2007,세전 기준,2009-03-31,4000000.0,0.0,283560183.95599693,,,,,,,,,
2007,세전 기준,2009-04-30,4000000.0,0.0,294331276.9553146,,,,,,,,,
2007,세전 기준,2009-05-31,4000000.0,0.0,293115294.51692307,,,,,,,,,
2007,세전 기준,2009-06-30,4000000.0,0.0,303690107.42745686,,,,,,,,,
2007,세전 기준,2009-07-31,4000000.0,0.0,312051902.066996,,,,,,,,,
2007,세전 기준,2009-08-31,4000000.0,0.0,319323753.5593653,,,,,,,,,
2007,세전 기준,2009-09-30,4000000.0,0.0,313625749.20292675,,,,,,,,,
2007,세전 기준,2009-10-31,4000000.0,0.0,301861264.52482814,,,,,,,,,
2007,세전 기준,2009-11-30,4000000.0,0.0,312242330.00103325,,,,,,,,,
2007,세전 기준,2009-12-31,4000000.0,0.0,324276179.0926141,,,,,,,,,
2007,세전 기준,2010-01-31,4000000.0,0.0,298005493.2914502,,,,,,,,,
2007,세전 기준,2010-02-28,4000000.0,0.0,307805985.7201857,,,,,,,,,
2007,세전 기준,2010-03-31,4000000.0,0.0,319588258.21299154,,,,,,,,,
2007,세전 기준,2010-04-30,4000000.0,0.0,316053743.6394946,,,,,,,,,
2007,세전 기준,2010-05-31,4000000.0,0.0,311539604.665604,,,,,,,,,
2007,세전 기준,2010-06-30,4000000.0,0.0,295384827.17043155,,,,,,,,,
2007,세전 기준,2010-07-31,4000000.0,0.0,302742519.2434134,,,,,,,,,
2007,세전 기준,2010-08-31,4000000.0,0.0,287100010.04071224,,,,,,,,,
2007,세전 기준,2010-09-30,4000000.0,0.0,305215748.45363605,,,,,,,,,
2007,세전 기준,2010-10-31,4000000.0,0.0,315976680.8603392,,,,,,,,,
2007,세전 기준,2010-11-30,4000000.0,0.0,320748663.4107864,,,,,,,,,
2007,세전 기준,2010-12-31,4000000.0,0.0,324283375.17638856,,,,,,,,,
2007,세전 기준,2011-01-31,4000000.0,0.0,326061648.23774284,,,,,,,,,
2007,세전 기준,2011-02-28,4000000.0,0.0,333749966.68436706,,,,,,,,,
2007,세전 기준,2011-03-31,4000000.0,0.0,320433284.72808385,,,,,,,,,
2007,세전 기준,2011-04-30,4000000.0,0.0,316972321.06462973,,,,,,,,,
2007,세전 기준,2011-05-31,4000000.0,0.0,311922866.5282103,,,,,,,,,
2007,세전 기준,2011-06-30,4000000.0,0.0,298288049.0972377,,,,,,,,,
2007,세전 기준,2011-07-31,4000000.0,0.0,295757083.55033934,,,,,,,,,
2007,세전 기준,2011-08-31,4000000.0,0.0,279402312.45933306,,,,,,,,,
2007,세전 기준,2011-09-30,4000000.0,0.0,292201572.7766593,,,,,,,,,
2007,세전 기준,2011-10-31,4000000.0,0.0,299788052.7052528,,,,,,,,,
2007,세전 기준,2011-11-30,4000000.0,0.0,295062964.2622082,,,,,,,,,
2007,세전 기준,2011-12-31,4000000.0,0.0,293996435.2641522,,,,,,,,,
2007,세전 기준,2012-01-31,4000000.0,0.0,305721833.12547207,,,,,,,,,
2007,세전 기준,2012-02-29,4000000.0,0.0,318833441.14836985,,,,,,,,,
2007,세전 기준,2012-03-31,4000000.0,0.0,335231919.34463495,,,,,,,,,
2007,세전 기준,2012-04-30,4000000.0,0.0,326916034.8008757,,,,,,,,,
2007,세전 기준,2012-05-31,4000000.0,0.0,313333613.8759986,,,,,,,,,
2007,세전 기준,2012-06-30,4000000.0,0.0,309996498.3202628,,,,,,,,,
2007,세전 기준,2012-07-31,4000000.0,0.0,306098282.1019286,,,,,,,,,
2007,세전 기준,2012-08-31,4000000.0,0.0,318804603.4722261,,,,,,,,,
2007,세전 기준,2012-09-30,4000000.0,0.0,311395638.6275296,,,,,,,,,
2007,세전 기준,2012-10-31,4000000.0,0.0,285371360.7663599,,,,,,,,,
2007,세전 기준,2012-11-30,4000000.0,0.0,282873060.73316413,,,,,,,,,
2007,세전 기준,2012-12-31,4000000.0,0.0,272734460.0626152,,,,,,,,,
2007,세전 기준,2013-01-31,4000000.0,0.0,282399587.3815496,,,,,,,,,
2007,세전 기준,2013-02-28,4000000.0,0.0,278443228.3222373,,,,,,,,,
2007,세전 기준,2013-03-31,4000000.0,0.0,290429489.1603727,,,,,,,,,
2007,세전 기준,2013-04-30,4000000.0,0.0,290864775.1306715,,,,,,,,,
2007,세전 기준,2013-05-31,4000000.0,0.0,304879268.8438123,,,,,,,,,
2007,세전 기준,2013-06-30,4000000.0,0.0,296767564.06196153,,,,,,,,,
2007,세전 기준,2013-07-31,4000000.0,0.0,306311802.4837038,,,,,,,,,
2007,세전 기준,2013-08-31,4000000.0,0.0,297500883.3283191,,,,,,,,,
2007,세전 기준,2013-09-30,4000000.0,0.0,297731142.29424727,,,,,,,,,
2007,세전 기준,2013-10-31,4000000.0,0.0,304850067.9057578,,,,,,,,,
2007,세전 기준,2013-11-30,4000000.0,0.0,310762335.24607223,,,,,,,,,
2007,세전 기준,2013-12-31,4000000.0,0.0,315099630.51007736,,,,,,,,,
2007,세전 기준,2014-01-31,4000000.0,0.0,312399274.758079,,,,,,,,,
2007,세전 기준,2014-02-28,4000000.0,0.0,320132287.2744113,,,,,,,,,
2007,세전 기준,2014-03-31,4000000.0,0.0,306983920.03663075,,,,,,,,,
2007,세전 기준,2014-04-30,4000000.0,0.0,292863304.20315385,,,,,,,,,
2007,세전 기준,2014-05-31,4000000.0,0.0,298282116.35530925,,,,,,,,,
2007,세전 기준,2014-06-30,4000000.0,0.0,300977040.477015,,,,,,,,,
2007,세전 기준,2014-07-31,4000000.0,0.0,305396302.703131,,,,,,,,,
2007,세전 기준,2014-08-31,4000000.0,0.0,312357766.99963677,,,,,,,,,
2007,세전 기준,2014-09-30,4000000.0,0.0,318438599.03132015,,,,,,,,,
2007,세전 기준,2014-10-31,4000000.0,0.0,328591975.4977425,,,,,,,,,
2007,세전 기준,2014-11-30,4000000.0,0.0,352013036.494693,,,,,,,,,
2007,세전 기준,2014-12-31,4000000.0,0.0,333574838.56196856,,,,,,,,,
2007,세전 기준,2015-01-31,4000000.0,0.0,326643914.75442916,,,,,,,,,
2007,세전 기준,2015-02-28,4000000.0,0.0,345071811.1950313,,,,,,,,,
2007,세전 기준,2015-03-31,4000000.0,0.0,335092728.1770226,,,,,,,,,
2007,세전 기준,2015-04-30,4000000.0,0.0,327985642.71393657,,,,,,,,,
2007,세전 기준,2015-05-31,4000000.0,0.0,342339187.8459022,,,,,,,,,
2007,세전 기준,2015-06-30,4000000.0,0.0,331441283.04593307,,,,,,,,,
2007,세전 기준,2015-07-31,4000000.0,0.0,355685700.6817865,,,,,,,,,
2007,세전 기준,2015-08-31,4000000.0,0.0,333939109.1595123,,,,,,,,,
2007,세전 기준,2015-09-30,4000000.0,0.0,323142570.9834438,,,,,,,,,
2007,세전 기준,2015-10-31,4000000.0,0.0,342480023.99776953,,,,,,,,,
2007,세전 기준,2015-11-30,4000000.0,0.0,343250936.09050304,,,,,,,,,
2007,세전 기준,2015-12-31,4000000.0,0.0,339616130.4557328,,,,,,,,,
2007,세전 기준,2016-01-31,4000000.0,0.0,323173384.1412639,,,,,,,,,
2007,세전 기준,2016-02-29,4000000.0,0.0,321488908.1330712,,,,,,,,,
2007,세전 기준,2016-03-31,4000000.0,0.0,311986913.07816553,,,,,,,,,
2007,세전 기준,2016-04-30,4000000.0,0.0,299431705.03765774,,,,,,,,,
2007,세전 기준,2016-05-31,4000000.0,0.0,320781669.6252237,,,,,,,,,
2007,세전 기준,2016-06-30,4000000.0,0.0,300288789.07178104,,,,,,,,,
2007,세전 기준,2016-07-31,4000000.0,0.0,306259122.54720414,,,,,,,,,
2007,세전 기준,2016-08-31,4000000.0,0.0,306334326.5741914,,,,,,,,,
2007,세전 기준,2016-09-30,4000000.0,0.0,304064814.417204,,,,,,,,,
2007,세전 기준,2016-10-31,4000000.0,0.0,308566411.9822269,,,,,,,,,
2007,세전 기준,2016-11-30,4000000.0,0.0,314164192.83268493,,,,,,,,,
2007,세전 기준,2016-12-31,4000000.0,0.0,321249083.6209237,,,,,,,,,
2007,미국계좌,2006-12-31,0.0,0.0,400000000.0,,,,,,,,,
2007,미국계좌,2007-01-31,4000000.0,0.0,397105371.77283776,,,,,,,,,
2007,미국계좌,2007-02-28,4000000.0,0.0,392059445.8362121,,,,,,,,,
2007,미국계좌,2007-03-31,4000000.0,0.0,388456561.93149835,,,,,,,,,
2007,미국계좌,2007-04-30,4000000.0,0.0,390409214.77809364,,,,,,,,,
2007,미국계좌,2007-05-31,4000000.0,0.0,391179184.12052953,,,,,,,,,
2007,미국계좌,2007-06-30,4000000.0,0.0,387093096.72147375,,,,,,,,,
2007,미국계좌,2007-07-31,4000000.0,0.0,381781216.9866544,,,,,,,,,
2007,미국계좌,2007-08-31,4000000.0,0.0,391482502.1090317,,,,,,,,,
2007,미국계좌,2007-09-30,4000000.0,0.0,395580540.25162864,,,,,,,,,
2007,미국계좌,2007-10-31,4000000.0,0.0,412829137.3347268,,,,,,,,,
2007,미국계좌,2007-11-30,4000000.0,0.0,388465169.8992923,,,,,,,,,
2007,미국계좌,2007-12-31,4000000.0,0.0,390468969.91700166,,,,,,,,,
2007,미국계좌,2008-01-31,4000000.0,0.0,342836718.4756643,,,,,,,,,
2007,미국계좌,2008-02-29,4000000.0,0.0,322068558.2650633,,,,,,,,,
2007,미국계좌,2008-03-31,4000000.0,0.0,340037333.41489005,,,,,,,,,
2007,미국계좌,2008-04-30,4000000.0,0.0,369272451.15165025,,,,,,,,,
2007,미국계좌,2008-05-31,4000000.0,0.0,396320677.6918249,,,,,,,,,
2007,미국계좌,2008-06-30,4000000.0,0.0,360587820.8880626,,,,,,,,,
2007,미국계좌,2008-07-31,4000000.0,0.0,346665089.2182529,,,,,,,,,
2007,미국계좌,2008-08-31,4000000.0,0.0,374644890.9991947,,,,,,,,,
2007,미국계좌,2008-09-30,4000000.0,0.0,346357844.9115484,,,,,,,,,
2007,미국계좌,2008-10-31,4000000.0,0.0,306050857.8167344,,,,,,,,,
2007,미국계좌,2008-11-30,4000000.0,0.0,307377126.2435866,,,,,,,,,
2007,미국계좌,2008-12-31,4000000.0,0.0,266261582.39820316,,,,,,,,,
2007,미국계좌,2009-01-31,4000000.0,0.0,280500428.2143509,,,,,,,,,
2007,미국계좌,2009-02-28,4000000.0,0.0,291155240.07392776,,,,,,,,,
2007,미국계좌,2009-03-31,4000000.0,0.0,283560183.95599693,,,,,,,,,
2007,미국계좌,2009-04-30,4000000.0,0.0,294331276.9553146,,,,,,,,,
2007,미국계좌,2009-05-31,4000000.0,0.0,293115294.51692307,,,,,,,,,
2007,미국계좌,2009-06-30,4000000.0,0.0,303690107.42745686,,,,,,,,,
2007,미국계좌,2009-07-31,4000000.0,0.0,312051902.066996,,,,,,,,,
2007,미국계좌,2009-08-31,4000000.0,0.0,319323753.5593653,,,,,,,,,
2007,미국계좌,2009-09-30,4000000.0,0.0,313625749.20292675,,,,,,,,,
2007,미국계좌,2009-10-31,4000000.0,0.0,301861264.52482814,,,,,,,,,
2007,미국계좌,2009-11-30,4000000.0,0.0,312242330.00103325,,,,,,,,,
2007,미국계좌,2009-12-31,4000000.0,0.0,324276179.0926141,,,,,,,,,
2007,미국계좌,2010-01-31,4000000.0,0.0,298005493.2914502,,,,,,,,,
2007,미국계좌,2010-02-28,4000000.0,0.0,307805985.7201857,,,,,,,,,
2007,미국계좌,2010-03-31,4000000.0,0.0,319588258.21299154,,,,,,,,,
2007,미국계좌,2010-04-30,4000000.0,0.0,316053743.6394946,,,,,,,,,
2007,미국계좌,2010-05-31,4000000.0,0.0,311539604.665604,,,,,,,,,
2007,미국계좌,2010-06-30,4000000.0,0.0,295384827.17043155,,,,,,,,,
2007,미국계좌,2010-07-31,4000000.0,0.0,302742519.2434134,,,,,,,,,
2007,미국계좌,2010-08-31,4000000.0000000005,140108.97900385552,286959901.0617084,,,,,,,,,
2007,미국계좌,2010-09-30,4000000.0,208115.81482506715,304856730.8579242,,,,,,,,,
2007,미국계좌,2010-10-31,3999999.9999999995,243236.03670653838,315357064.3149979,,,,,,,,,
2007,미국계좌,2010-11-30,4000000.0,263107.9383836054,319848737.45032936,,,,,,,,,
2007,미국계좌,2010-12-31,3999999.9999999995,279678.16228691617,323082630.87912196,,,,,,,,,
2007,미국계좌,2011-01-31,4000000.0,0.0,324839508.36809236,,,,,,,,,
2007,미국계좌,2011-02-28,4000000.0,0.0,332484016.81725144,,,,,,,,,
2007,미국계좌,2011-03-31,4000000.0,0.0,319202674.0473708,,,,,,,,,
2007,미국계좌,2011-04-30,4000000.0,20777.327626364655,315718862.90969616,,,,,,,,,
2007,미국계좌,2011-05-31,4000000.0000000005,295793.5540562517,310377764.85775536,,,,,,,,,
2007,미국계좌,2011-06-30,4000000.0,273683.10569228115,296516990.1344393,,,,,,,,,
2007,미국계좌,2011-07-31,4000000.0,277175.9362069481,293700126.3889345,,,,,,,,,
2007,미국계좌,2011-08-31,4000000.0,246454.82708245504,277184826.5104459,,,,,,,,,
2007,미국계좌,2011-09-30,3999999.9999999995,288273.03881738085,289562485.88848937,,,,,,,,,
2007,미국계좌,2011-10-31,4000000.0,315229.5392774668,296729090.2727581,,,,,,,,,
2007,미국계좌,2011-11-30,4000000.0000000005,313571.56620075146,291697828.8849305,,,,,,,,,
2007,미국계좌,2011-12-31,4000000.0,320327.48324601713,290277516.7407955,,,,,,,,,
2007,미국계좌,2012-01-31,4000000.0,0.0,301803995.6140634,,,,,,,,,
2007,미국계좌,2012-02-29,4000000.0,0.0,314696317.69618535,,,,,,,,,
2007,미국계좌,2012-03-31,4000000.0,0.0,330830109.0320299,,,,,,,,,
2007,미국계좌,2012-04-30,4000000.0000000005,386258.7041767451,322184636.1188577,,,,,,,,,
2007,미국계좌,2012-05-31,4000000.0,402354.91013752593,308338544.9885016,,,,,,,,,
2007,미국계좌,2012-06-30,4000000.0,403670.76954062463,304587191.16163284,,,,,,,,,
2007,미국계좌,2012-07-31,4000000.0,403874.9940219475,300283323.865541,,,,,,,,,
2007,미국계좌,2012-08-31,4000000.0,436303.9953903109,312235970.7528228,,,,,,,,,
2007,미국계좌,2012-09-30,4000000.0000000005,429843.97450498835,304467400.05996674,,,,,,,,,
2007,미국계좌,2012-10-31,4000000.0,384400.5512058446,278548739.5938059,,,,,,,,,
2007,미국계좌,2012-11-30,4000000.0,387731.9525029848,275626805.16169196,,,,,,,,,
2007,미국계좌,2012-12-31,4000000.0000000005,373723.1384728852,265271731.63728446,,,,,,,,,
2007,미국계좌,2013-01-31,4000000.0,0.0,274562945.3185532,,,,,,,,,
2007,미국계좌,2013-02-28,4000000.0,0.0,270605375.2148672,,,,,,,,,
2007,미국계좌,2013-03-31,4000000.0,33723.83644814191,282107917.56256187,,,,,,,,,
2007,미국계좌,2013-04-30,4000000.0,447733.48223873787,281968387.39842534,,,,,,,,,
2007,미국계좌,2013-05-31,3999999.9999999995,482422.3979440176,294949467.5501159,,,,,,,,,
2007,미국계좌,2013-06-30,4000000.0000000005,474719.0814637762,286496960.3404884,,,,,,,,,
2007,미국계좌,2013-07-31,4000000.0,499746.4546755141,295072710.0244199,,,,,,,,,
2007,미국계좌,2013-08-31,4000000.0,490964.5154071955,285947347.0255809,,,,,,,,,
2007,미국계좌,2013-09-30,4000000.0,498802.09138649877,285514520.52057064,,,,,,,,,
2007,미국계좌,2013-10-31,4000000.0000000005,518768.44028459146,291658441.546398,,,,,,,,,
2007,미국계좌,2013-11-30,4000000.0,535743.132411142,296606037.10742307,,,,,,,,,
2007,미국계좌,2013-12-31,4000000.0,549475.8139878025,300014063.9505475,,,,,,,,,
2007,미국계좌,2014-01-31,4000000.0,0.0,297251487.0217893,,,,,,,,,
2007,미국계좌,2014-02-28,4000000.0,0.0,304415582.7784965,,,,,,,,,
2007,미국계좌,2014-03-31,4000000.0,423253.73281540646,291293095.4636165,,,,,,,,,
2007,미국계좌,2014-04-30,4000000.0000000005,538328.9183239244,277151444.2807917,,,,,,,,,
2007,미국계좌,2014-05-31,4000000.0000000005,554653.2154062722,281510292.1900211,,,,,,,,,
2007,미국계좌,2014-06-30,4000000.0000000005,565863.2966941703,283262910.432617,,,,,,,,,
2007,미국계좌,2014-07-31,4000000.0000000005,579528.455433885,286607124.9912193,,,,,,,,,
2007,미국계좌,2014-08-31,4000000.0,596568.6650194544,292297628.36966634,,,,,,,,,
2007,미국계좌,2014-09-30,4000000.0,611515.2637402127,297119537.2309534,,,,,,,,,
2007,미국계좌,2014-10-31,4000000.0,631372.6724400569,305693990.35586035,,,,,,,,,
2007,미국계좌,2014-11-30,4000000.0,666192.4158904719,326538017.8510062,,,,,,,,,
2007,미국계좌,2014-12-31,4000000.0,648281.249968665,308496424.292948,,,,,,,,,
2007,미국계좌,2015-01-31,4000000.0,0.0,301785849.60332555,,,,,,,,,
2007,미국계좌,2015-02-28,4000000.0,36102.299650338435,318470849.0184616,,,,,,,,,
2007,미국계좌,2015-03-31,4000000.0000000005,665444.3682889906,308287238.33428967,,,,,,,,,
2007,미국계좌,2015-04-30,3999999.9999999995,661507.4951486248,300767194.332263,,,,,,,,,
2007,미국계좌,2015-05-31,4000000.0,684097.4028730597,312913541.79190004,,,,,,,,,
2007,미국계좌,2015-06-30,4000000.0,675770.6279919985,301932773.3765286,,,,,,,,,
2007,미국계좌,2015-07-31,3999999.9999999995,708389.7436492326,322954175.86282414,,,,,,,,,
2007,미국계좌,2015-08-31,4000000.0000000005,688234.928217868,302152456.955733,,,,,,,,,
2007,미국계좌,2015-09-30,4000000.0,679893.4209192676,291322967.23906636,,,,,,,,,
2007,미국계좌,2015-10-31,4000000.0,707613.2612892829,307654785.70366997,,,,,,,,,
2007,미국계좌,2015-11-30,4000000.0,712923.8650057138,307227641.5474117,,,,,,,,,
2007,미국계좌,2015-12-31,4000000.0,713329.5185516662,302841180.19363135,,,,,,,,,
2007,미국계좌,2016-01-31,4000000.0,0.0,287745782.65268654,,,,,,,,,
2007,미국계좌,2016-02-29,4000000.0,108001.3881107669,285699467.95032835,,,,,,,,,
2007,미국계좌,2016-03-31,3999999.9999999995,694873.280855778,276115103.86563665,,,,,,,,,
2007,미국계좌,2016-04-30,4000000.0,683714.5383767029,263859846.8757178,,,,,,,,,
2007,미국계좌,2016-05-31,4000000.0,715616.8046852349,281482672.0658067,,,,,,,,,
2007,미국계좌,2016-06-30,4000000.0,695142.4191636107,262315193.7002995,,,,,,,,,
2007,미국계좌,2016-07-31,4000000.0000000005,707918.5533656436,266316790.95985028,,,,,,,,,
2007,미국계좌,2016-08-31,4000000.0,712990.7520502239,265147515.90171096,,,,,,,,,
2007,미국계좌,2016-09-30,4000000.0,715135.2597167745,261930203.48804653,,,,,,,,,
2007,미국계좌,2016-10-31,4000000.0000000005,725488.1841740865,264528236.71968654,,,,,,,,,
2007,미국계좌,2016-11-30,4000000.0,736709.1634867329,268019526.28258052,,,,,,,,,
2007,미국계좌,2016-12-31,4000000.0,749065.376498529,272727194.8233688,,,,,,,,,
2007,절세계좌,2006-12-31,0.0,0.0,400000000.0,50000000.0,50000000.0,0.0,200000000.0,0.0,36000000.0,0.0,114000000.0,0.0
2007,절세계좌,2007-01-31,4000000.0,0.0,397105371.7728377,51105371.77283771,50000000.0,1105371.7728377134,200000000.0,0.0,36000000.0,0.0,110000000.0,0.0
2007,절세계좌,2007-02-28,4000000.0,0.0,392059445.83621204,50316662.51945112,50000000.0,316662.519451119,199742783.3167609,0.0,36000000.0,0.0,106000000.0,0.0
2007,절세계좌,2007-03-31,4000000.0,0.0,388456561.9314983,50516359.37346197,50000000.0,516359.3734619692,199940202.55803633,0.0,36000000.0,0.0,102000000.0,0.0
2007,절세계좌,2007-04-30,4000000.0,0.0,390409214.7780936,52763960.732509546,50000000.0,2763960.732509546,200000000.0,3645254.045584023,36000000.0,0.0,98000000.0,0.0
2007,절세계좌,2007-05-31,4000000.0,0.0,391179184.12052953,54218134.8957646,50000000.0,4218134.895764597,200000000.0,6961049.224764943,36000000.0,0.0,94000000.0,0.0
2007,절세계좌,2007-06-30,4000000.0,0.0,387093096.7214737,54196032.82053274,50000000.0,4196032.820532739,200000000.0,6897063.900940955,36000000.0,0.0,90000000.0,0.0
2007,절세계좌,2007-07-31,4000000.0,0.0,381781216.9866544,53905153.15932377,50000000.0,3905153.159323767,200000000.0,5876063.827330619,36000000.0,0.0,86000000.0,0.0
2007,절세계좌,2007-08-31,4000000.0,0.0,391482502.10903156,56576795.507389314,50000000.0,6576795.5073893145,200000000.0,16079674.768727273,36000000.0,826031.8329149783,82000000.0,0.0
2007,절세계좌,2007-09-30,4000000.0,0.0,395580540.25162864,57993135.015763484,50000000.0,7993135.015763484,200000000.0,21488998.106801808,36000000.0,1747932.116482474,78350475.01258087,0.0
2007,절세계좌,2007-10-31,4000000.0,0.0,412829137.33472675,61370021.58746233,50000000.0,11370021.587462328,200000000.0,34386097.449380666,36000000.0,3945959.2629524916,77127059.03493129,0.0
2007,절세계좌,2007-11-30,4000000.0,0.0,388465169.8992923,58342771.30860013,50000000.0,8342771.308600128,200000000.0,22824338.784299493,36000000.0,1975511.5884987488,69322548.21789391,0.0
2007,절세계좌,2007-12-31,4000000.0,3774.241553152538,390465195.6754485,50000000.0,42198031.68385447,7801968.316145532,200000000.0,26268129.5609245,36000000.0,2562430.043006934,66390166.59649806,9244469.475018993
2007,절세계좌,2008-01-31,4000000.0,0.0,343866372.56343013,44412840.09704896,42198031.68385447,2214808.4131944925,200000000.0,984205.1449539363,71999999.99999999,0.0,26469327.321427252,0.0
2007,절세계좌,2008-02-29,4000000.0,0.0,323047851.92241216,42240605.97502627,42198031.68385447,42574.29117180407,191154058.10978413,0.0,68478476.57470511,0.0,21174711.262896646,0.0
2007,절세계좌,2008-03-31,4000000.0,0.0,341083426.14843524,45121900.5039199,42198031.68385447,2923868.8200654313,200000000.0,4192960.58512187,73149495.26270217,0.0,18619069.796691295,0.0
2007,절세계좌,2008-04-30,3999999.9999999995,5403.098747484244,370415385.4865042,49532097.645197935,42198031.68385447,7334065.961343467,200000000.0,24150701.748160213,73746659.21492592,6552439.484038323,16433487.394181784,0.0
2007,절세계좌,2008-05-31,3999999.9999999995,53458.31245950966,397506251.01050663,53696729.43373769,42198031.68385447,11498697.74988322,200000000.0,42997170.650217354,73746659.21492592,13303943.961564094,13761747.750061609,0.0
2007,절세계좌,2008-06-30,4000000.0,3733.1135347548593,361674733.85254383,49397305.45244307,42198031.68385447,7199273.768588603,200000000.0,23540718.201479048,73746659.21492592,6333920.743576258,8656130.240119519,0.0
2007,절세계좌,2008-07-31,4000000.0,0.0,347722092.28264815,48037979.98768097,42198031.68385447,5839948.303826503,200000000.0,17389277.593953937,73746659.21492592,4130246.4626924545,4417929.023394856,0.0
2007,절세계좌,2008-08-31,4000000.0,39974.5705311363,375759427.86506534,52469476.33889184,42198031.68385447,10271444.655037373,200000000.0,37443405.40484488,73746659.21492592,11314379.172736913,785507.7336657762,0.0
2007,절세계좌,2008-09-30,4000000.0,0.0,347400129.86933726,49068045.7558172,42198031.68385447,6870014.071962729,200000000.0,22050698.68757233,70481244.96089593,5800140.46505183,0.0,0.0
2007,절세계좌,2008-10-31,4000000.0,0.0,306983885.1755761,43924484.175801136,42198031.68385447,1726452.4919466674,198774217.52773905,0.0,64285183.472035915,0.0,0.0,0.0
2007,절세계좌,2008-11-30,4000000.0,0.0,308326391.2767751,44688911.35270987,42198031.68385447,2490879.668855399,200000000.0,2233527.677832544,61403952.24623272,0.0,0.0,0.0
2007,절세계좌,2008-12-31,4000000.0,0.0,267096224.43263197,39292760.80310936,39292760.80310936,0.0,177813989.8440873,0.0,49989473.785435304,0.0,0.0,0.0
2007,절세계좌,2009-01-31,4000000.0,0.0,281392243.00062966,41984304.20762088,41984304.20762088,0.0,189994199.6795046,0.0,49413739.11350416,0.0,0.0,0.0
2007,절세계좌,2009-02-28,4000000.0,0.0,292093647.9366938,44177784.207400955,42198031.68385447,1979752.523546487,199920492.0150953,0.0,47995371.71419753,0.0,0.0,0.0
2007,절세계좌,2009-03-31,4000000.0,0.0,284487004.77355886,43632296.46913763,42198031.68385447,1434264.7852831632,197451962.21039003,0.0,43402746.0940312,0.0,0.0,0.0
2007,절세계좌,2009-04-30,4000000.0,0.0,295306377.3172713,45905170.96064044,42198031.68385447,3707139.2767859697,200000000.0,7737543.408771604,41663662.94785927,0.0,0.0,0.0
2007,절세계좌,2009-05-31,4000000.0,0.0,294099618.1478443,46339378.30498076,42198031.68385447,4141346.621126294,200000000.0,9702489.081681639,38057750.7611819,0.0,0.0,0.0
2007,절세계좌,2009-06-30,4000000.0,0.0,304723375.3919986,48643549.331943505,42198031.68385447,6445517.648089036,200000000.0,20129698.45086831,34481244.960895926,1468882.6482908353,0.0,0.0
2007,절세계좌,2009-07-31,4000000.0,0.0,313127229.5062222,50623599.233711906,42198031.68385447,8425567.549857438,200000000.0,29090142.205076933,30481244.960895926,2932243.106537398,0.0,0.0
2007,절세계좌,2009-08-31,4000000.0,0.0,320437923.6754678,52452210.72042898,42198031.68385447,10254179.036574513,200000000.0,37365272.2209388,26481244.960895926,4139195.7732040547,0.0,0.0
2007,절세계좌,2009-09-30,4000000.0,0.0,314733994.7184011,52173296.04115644,42198031.68385447,9975264.357301973,200000000.0,36103082.1652171,22481244.960895926,3976371.5511315763,0.0,0.0
2007,절세계좌,2009-10-31,4000000.0,0.0,302942073.0223077,50881633.09974612,42198031.68385447,8683601.415891655,200000000.0,30257839.00969562,18481244.960895926,3321355.9519700184,0.0,0.0
2007,절세계좌,2009-11-30,4000000.0,0.0,313374629.6290293,53305700.653744966,42198031.68385447,11107668.969890498,200000000.0,41227623.6371485,14481244.960895926,4360060.377239883,0.0,0.0
2007,절세계좌,2009-12-31,4000000.0,0.0,325466623.05152667,50000000.0,37647916.90389978,12352083.096100219,200000000.0,53614820.831410706,10481244.960895926,5327573.8033633195,0.0,6042983.455856711
2007,절세계좌,2010-01-31,4000000.0,0.0,299529200.6518762,46566092.849699676,37647916.90389978,8918175.945799895,200000000.0,36197025.89790839,12524228.416752636,4241853.487515487,0.0,0.0
2007,절세계좌,2010-02-28,4000000.0,0.0,309400255.2426004,48722546.426142894,37647916.90389978,11074629.522243112,200000000.0,47135197.64632642,8524228.416752636,5018282.753378449,0.0,0.0
2007,절세계좌,2010-03-31,4000000.0,0.0,321264271.42200434,51220719.106058866,37647916.90389978,13572802.202159084,200000000.0,59806669.97878268,4524228.416752636,5712653.920410177,0.0,0.0
2007,절세계좌,2010-04-30,4000000.0,0.0,317732197.9886412,51295322.90537299,37647916.90389978,13647406.00147321,200000000.0,60185082.56271061,524228.41675263643,5727564.10380496,0.0,0.0
2007,절세계좌,2010-05-31,4000000.0,0.0,313215328.5968576,51211878.47475097,37647916.90389978,13563961.570851192,196524228.41675264,59761827.67627898,0.0,5717394.029075002,0.0,0.0
2007,절세계좌,2010-06-30,4000000.0,0.0,296995172.4107492,49213837.20279602,37647916.90389978,11565920.298896238,192524228.41675264,49762777.987974524,0.0,5494328.803226025,0.0,0.0
2007,절세계좌,2010-07-31,4000000.0,0.0,304414783.05126864,51106133.47960075,37647916.90389978,13458216.575700969,188524228.41675264,59078832.70341098,0.0,5705588.451504272,0.0,0.0
2007,절세계좌,2010-08-31,4000000.0,0.0,288707963.9299576,49140755.00934919,37647916.90389978,11492838.105449408,184524228.41675264,49556810.739292055,0.0,5486169.7645637235,0.0,0.0
2007,절세계좌,2010-09-30,4000000.0,0.0,306947565.4092378,52926140.050074995,37647916.90389978,15278223.146175213,180524228.41675264,67588419.40648213,0.0,5908777.535928057,0.0,0.0
2007,절세계좌,2010-10-31,4000000.0,0.0,317792252.44902253,55485769.360767454,37647916.90389978,17837852.456867673,176524228.41675264,79587715.12540299,0.0,6194539.546099459,0.0,0.0
2007,절세계좌,2010-11-30,4000000.0,0.0,322614637.96671283,57026136.83125783,37647916.90389978,19378219.927358046,172524228.41675264,86697763.54288691,0.0,6366509.175815445,0.0,0.0
2007,절세계좌,2010-12-31,4000000.0,0.0,326193183.36919236,50000000.00000001,32251726.57113741,17748273.428862598,168524228.41675264,92787151.32692793,0.0,6516064.940390512,0.0,8365738.685121298
2007,절세계좌,2011-01-31,4000000.0,0.0,327856420.8409811,50890929.58561495,32251726.57113741,18639203.01447754,168524228.41675264,97443352.11235806,4365738.685121298,6632172.041134158,0.0,0.0
2007,절세계좌,2011-02-28,4000000.0,0.0,335609076.42703676,52715214.638016105,32251726.57113741,20463488.066878695,168524228.41675264,106977480.9941324,365738.68512129784,7026413.693014326,0.0,0.0
2007,절세계좌,2011-03-31,4000000.0,0.0,322240497.13465387,51243661.265535705,32251726.57113741,18991934.694398295,164889967.10187393,99286808.151546,0.0,6820060.6156982025,0.0,0.0
2007,절세계좌,2011-04-30,4000000.0,0.0,318782573.58345217,51329863.90663527,32251726.57113741,19078137.33549786,160889967.10187393,99731209.17952895,0.0,6831533.395414038,0.0,0.0
2007,절세계좌,2011-05-31,4000000.0,0.0,313727125.5340611,51159917.33732701,32251726.57113741,18908190.7661896,156889967.10187393,98868326.02677652,0.0,6808915.068083633,0.0,0.0
2007,절세계좌,2011-06-30,4000000.0,0.0,300036577.31838197,49579666.20404175,32251726.57113741,17327939.63290434,152889967.10187393,90968345.85482326,0.0,6598598.157643049,0.0,0.0
2007,절세계좌,2011-07-31,4000000.0,0.0,297514223.0725627,49823840.37745381,32251726.57113741,17572113.8063164,148889967.10187393,92169320.09597304,0.0,6631095.497261877,0.0,0.0
2007,절세계좌,2011-08-31,4000000.0,0.0,281086050.336154,47742530.488443136,32251726.57113741,15490803.917305727,144889967.10187393,82099460.47692654,0.0,6354092.268910361,0.0,0.0
2007,절세계좌,2011-09-30,4000000.0,0.0,293986546.5761534,50613083.67328829,32251726.57113741,18361357.102150884,140889967.10187393,95747359.2706495,0.0,6736136.530341703,0.0,0.0
2007,절세계좌,2011-10-31,4000000.0,0.0,301643804.9160483,52620011.536585614,32251726.57113741,20368284.965448204,136889967.10187393,105130586.08328176,0.0,7003240.194307006,0.0,0.0
2007,절세계좌,2011-11-30,4000000.0,0.0,296914228.0203485,52492741.08036246,32251726.57113741,20241014.50922505,132889967.10187393,104545218.17248535,0.0,6986301.665626713,0.0,0.0
2007,절세계좌,2011-12-31,4000000.0,0.0,295866104.00431055,50000000.00000001,30417768.777940452,19582231.222059555,128889967.10187393,106905762.58233741,0.0,7055758.411573102,0.0,3014615.9085261
2007,절세계좌,2012-01-31,4000000.0,0.0,307530260.4776639,52674419.81859249,30417768.777940452,22256651.040652037,127904583.01040003,119518098.03447604,0.0,7433159.614195337,0.0,0.0
2007,절세계좌,2012-02-29,4000000.0,0.0,320743088.29135066,55622668.60918309,30417768.777940452,25204899.831242636,123904583.01040003,133366634.43349984,0.0,7849202.238267732,0.0,0.0
2007,절세계좌,2012-03-31,4000000.0,0.0,337263742.8047185,59181322.27096917,30417768.777940452,28763553.493028715,119904583.01040003,149826455.2749211,0.0,8351382.248428184,0.0,0.0
2007,절세계좌,2012-04-30,4000000.0,0.0,328921699.90621734,58419402.71817763,30417768.777940452,28001633.94023718,115904583.01040003,146353850.3350825,0.0,8243863.842557168,0.0,0.0
2007,절세계좌,2012-05-31,4000000.0,0.0,315280489.7962658,56707038.54073232,30417768.777940452,26289269.762791865,111904583.01040003,138666644.96154997,0.0,8002223.283583442,0.0,0.0
2007,절세계좌,2012-06-30,4000000.0,0.0,311947493.0254457,56827007.20053852,30417768.777940452,26409238.42259807,107904583.01040003,139196750.13331264,0.0,8019152.681194496,0.0,0.0
2007,절세계좌,2012-07-31,4000000.0,0.0,308049917.3937639,56845665.69418269,30417768.777940452,26427896.916242234,103904583.01040003,139277883.01151714,0.0,8021785.677664039,0.0,0.0
2007,절세계좌,2012-08-31,4000000.0,0.0,320862755.6845717,59948205.025910355,30417768.777940452,29530436.247969903,99904583.01040003,152550366.6108558,0.0,8459601.037405517,0.0,0.0
2007,절세계좌,2012-09-30,4000000.0,0.0,313431783.1007758,59307181.27277065,30417768.777940452,28889412.4948302,95904583.01040003,149850875.95496425,0.0,8369142.862640845,0.0,0.0
2007,절세계좌,2012-10-31,4000000.0,0.0,287263493.5513181,55112524.45204155,30417768.777940452,24694755.6741011,91904583.01040003,132469172.92916611,0.0,7777213.159710407,0.0,0.0
2007,절세계좌,2012-11-30,4000000.0,0.0,284775150.42386335,55402541.20746462,30417768.777940452,24984772.42952417,87904583.01040003,133649887.28305686,0.0,7818138.922941877,0.0,0.0
2007,절세계좌,2012-12-31,4000000.0,0.0,274595272.6906613,50000000.0,28060539.731078602,21939460.268921398,83904583.01040003,128841955.35634199,0.0,7648478.253557431,0.0,4200256.070361838
2007,절세계좌,2013-01-31,4000000.0,0.0,284143184.19283617,52505207.32066587,28060539.731078602,24444667.58958727,83904583.01040003,139501439.0635957,200256.07036183774,8031698.727812745,0.0,0.0
2007,절세계좌,2013-02-28,4000000.0,0.0,280187094.5822357,52513321.27245923,28060539.731078602,24452781.54138063,80104839.08076186,139535963.36672592,0.0,8032970.862288658,0.0,0.0
2007,절세계좌,2013-03-31,4000000.0,0.0,292273476.0125188,55528268.54338661,28060539.731078602,27467728.812308006,76104839.08076186,152146200.57658696,0.0,8494167.811783412,0.0,0.0
2007,절세계좌,2013-04-30,4000000.0,0.0,292736922.3774056,56376266.97198099,28060539.731078602,28315727.240902387,72104839.08076186,155631930.06233943,0.0,8623886.262323273,0.0,0.0
2007,절세계좌,2013-05-31,4000000.0,0.0,306867366.13912547,59867889.17505057,28060539.731078602,31807349.44397197,68104839.08076186,169736637.633534,0.0,9158000.249779025,0.0,0.0
2007,절세계좌,2013-06-30,4000000.0,0.0,298728849.20574033,59060490.6033672,28060539.731078602,30999950.8722886,64104839.080761865,166529027.15599245,0.0,9034492.365618827,0.0,0.0
2007,절세계좌,2013-07-31,4000000.0,0.0,308362599.14025295,61755964.98435465,28060539.731078602,33695425.25327605,60104839.080761865,177054975.5773186,0.0,9446819.497817826,0.0,0.0
2007,절세계좌,2013-08-31,4000000.0,0.0,299519470.26640886,60786028.623778716,28060539.731078602,32725488.892700113,56104839.080761865,173330154.37887084,0.0,9298448.18299743,0.0,0.0
2007,절세계좌,2013-09-30,4000000.0,0.0,299778432.15717477,61650364.351834774,28060539.731078602,33589824.62075617,52104839.080761865,176592562.97182,0.0,9430665.752758164,0.0,0.0
2007,절세계좌,2013-10-31,4000000.0,0.0,306973814.8820248,63952729.53227367,28060539.731078602,35892189.80119507,48104839.080761865,185133387.35912997,0.0,9782858.909859302,0.0,0.0
2007,절세계좌,2013-11-30,4000000.0,0.0,312955136.3246937,66032166.66877018,28060539.731078602,37971626.93769158,44104839.080761865,192717179.8454997,0.0,10100950.729661943,0.0,0.0
2007,절세계좌,2013-12-31,4000000.0,0.0,316155417.5530469,50000000.00000001,20692480.368552692,29307519.631447315,40104839.080761865,199070765.44087952,0.0,10371944.34481056,0.0,16607868.686594903
2007,절세계좌,2014-01-31,4000000.0,0.0,313390916.4593993,50206227.510628596,20692480.368552692,29513747.142075904,40104839.080761865,200057257.2313512,12607868.686594903,10414723.950062726,0.0,0.0
2007,절세계좌,2014-02-28,4000000.0,0.0,321161172.80256945,52091860.23572443,20692480.368552692,31399379.867171735,40104839.080761865,209077204.16996294,8607868.686594903,11279400.629525285,0.0,0.0
2007,절세계좌,2014-03-31,4000000.0,0.0,307983403.27382535,50603239.791991875,20692480.368552692,29910759.423439182,40104839.080761865,201956370.27930284,4607868.6865949035,10711085.435173888,0.0,0.0
2007,절세계좌,2014-04-30,4000000.0,0.0,293829836.57479686,48934957.13470173,20692480.368552692,28242476.766149037,40104839.080761865,193976120.017896,607868.6865949035,10206051.6548424,0.0,0.0
2007,절세계좌,2014-05-31,4000000.0,0.0,299279733.4914715,50508760.21043909,20692480.368552692,29816279.8418864,36712707.76735677,201504426.05864602,0.0,10553839.455029601,0.0,0.0
2007,절세계좌,2014-06-30,4000000.0,0.0,301997049.06966394,51642426.288788624,20692480.368552692,30949945.920235932,32712707.76735677,206851195.26808655,0.0,10790719.745432,0.0,0.0
2007,절세계좌,2014-07-31,4000000.0,0.0,306444844.1028034,53087025.27955909,20692480.368552692,32394544.9110064,28712707.76735677,213552541.37864238,0.0,11092569.677245181,0.0,0.0
2007,절세계좌,2014-08-31,4000000.0,0.0,313443943.26592076,54992456.11503076,20692480.368552692,34299975.746478066,24712707.76735677,222248068.65023273,0.0,11490710.733300535,0.0,0.0
2007,절세계좌,2014-09-30,4000000.0,0.0,319559829.8461188,56767246.98522541,20692480.368552692,36074766.61667272,20712707.76735677,230218320.61288917,0.0,11861554.480647465,0.0,0.0
2007,절세계좌,2014-10-31,4000000.0,0.0,329763040.7292101,59290333.75921681,20692480.368552692,38597853.390664116,16712707.767356768,241371244.04169375,0.0,12388755.160942726,0.0,0.0
2007,절세계좌,2014-11-30,4000000.0,0.0,353281827.33584666,64238123.05345723,20692480.368552692,43545642.68490454,12712707.767356768,262908397.44956398,0.0,13422599.065468721,0.0,0.0
2007,절세계좌,2014-12-31,4000000.0,0.0,334196316.1663284,50000000.0,16794937.501216255,33205062.498783745,8712707.767356768,251603497.74702644,0.0,12872056.551450886,0.0,11008054.100494282
2007,절세계좌,2015-01-31,4000000.0,0.0,327356653.03199375,49560679.72330069,16794937.501216255,32765742.222084433,8712707.767356768,249316253.9983086,7008054.100494282,12758957.442533439,0.0,0.0
2007,절세계좌,2015-02-28,4000000.0,0.0,345833487.22883886,52963595.688215256,16794937.501216255,36168658.186999,8712707.767356768,267032937.43172616,3008054.1004942823,14116192.241046404,0.0,0.0
2007,절세계좌,2015-03-31,4000000.0,0.0,335841206.59777904,52045891.82114074,16794937.501216255,35250954.31992448,7720761.867851051,262255073.6624718,0.0,13819479.24631547,0.0,0.0
2007,절세계좌,2015-04-30,4000000.0,0.0,328727181.00670755,51563305.897027865,16794937.501216255,34768368.39581161,3720761.8678510506,259751772.56571504,0.0,13691340.67611361,0.0,0.0
2007,절세계좌,2015-05-31,4000000.0,0.0,343122221.4200241,54169466.81498262,16708805.29693423,37460661.51804839,0.0,274495268.68873715,0.0,14457485.9163043,0.0,0.0
2007,절세계좌,2015-06-30,4000000.0,0.0,332208539.01923907,49077988.426236115,15449616.258890342,33628372.16734578,0.0,268964373.31163776,0.0,14166177.281365165,0.0,0.0
2007,절세계좌,2015-07-31,3999999.9999999995,201694.56563164695,356316645.3089093,49058570.70040928,14230798.28357951,34827772.416829765,0.0,291884698.803881,0.0,15373375.804619033,0.0,0.0
2007,절세계좌,2015-08-31,4000000.0,721611.4290275638,333816961.9901109,41889229.67972833,12789238.804677235,29099990.875051096,0.0,277321396.1146093,0.0,14606336.19577327,0.0,0.0
2007,절세계좌,2015-09-30,4000000.0,713846.7873888987,322309063.0424485,36322827.01950101,11320150.14178333,25002676.877717678,0.0,271677177.1416431,0.0,14309058.881304407,0.0,0.0
2007,절세계좌,2015-10-31,4000000.0,739641.5449340596,340846678.31933355,34206430.89325405,9942515.619276814,24263915.273977235,0.0,291297784.0375776,0.0,15342463.388501858,0.0,0.0
2007,절세계좌,2015-11-30,4000000.0,744580.6985530207,340850256.4195908,29938362.292816684,8582392.641419342,21355969.65139734,0.0,295355702.8155219,0.0,15556191.311252182,0.0,0.0
2007,절세계좌,2015-12-31,4000000.0,744957.9437852771,336467938.6901317,25225256.618214034,7223607.169385324,18001649.44882871,0.0,295669940.0893811,0.0,15572741.982536608,0.0,0.0
2007,절세계좌,2016-01-31,4000000.0,0.0,320140534.81077063,20301061.797442034,6034587.985022657,14266473.812419377,0.0,284837280.1317707,0.0,15002192.881557906,0.0,0.0
2007,절세계좌,2016-02-29,4000000.0,164146.53254875971,318270182.02944344,16282371.53684478,4805581.239330927,11476790.297513854,0.0,286878127.5167087,0.0,15109682.975890007,0.0,0.0
2007,절세계좌,2016-03-31,4000000.0,727789.2018103586,308095483.39048046,11275924.1125841,3385924.7730221977,7889999.339561902,0.0,281968465.00883704,0.0,14851094.269059325,0.0,0.0
2007,절세계좌,2016-04-30,3999999.9999999995,717403.9116583368,294929581.01220214,6249315.318963403,1929447.732538119,4319867.586425284,0.0,274236413.50958437,0.0,14443852.183654403,0.0,0.0
2007,절세계좌,2016-05-31,3999999.9999999995,747084.9563917652,315151309.6740768,2031298.9928034707,578203.487018014,1453095.5057854569,0.0,297453338.2845168,0.0,15666672.396756515,0.0,0.0
2007,절세계좌,2016-06-30,4000000.0,764997.0746645797,294182915.0898593,0.0,0.0,0.0,0.0,282159875.9608094,0.0,12023039.129049903,0.0,0.0
2007,절세계좌,2016-07-31,4000000.0,790419.1616766468,299160099.22527695,0.0,0.0,0.0,0.0,291528284.5031637,0.0,7631814.722113281,0.0,0.0
2007,절세계좌,2016-08-31,4000000.0,790419.1616766468,298350421.70139056,0.0,0.0,0.0,0.0,295407474.2203773,0.0,2942947.481013246,0.0,0.0
2007,절세계좌,2016-09-30,4000000.0,29502876.792557277,266532931.53685424,50000000.0,50000000.0,0.0,40000000.0,0.0,36000000.0,0.0,140532931.53685424,0.0
2007,절세계좌,2016-10-31,4000000.0,16825.264356400447,269968319.1373611,51397991.014073394,50000000.0,1397991.0140733942,40000000.0,1118392.8112587184,36000000.0,1006553.530132845,140445381.78189614,0.0
2007,절세계좌,2016-11-30,4000000.0,35137.67060336191,274330390.82924706,52996695.9759579,50000000.0,2996695.9759579003,40000000.0,2397356.780766323,36000000.0,2157621.102689691,140778716.96983317,0.0
2007,절세계좌,2016-12-31,3999999.9999999995,55395.309585119016,279859434.20956933,50000000.0,45565046.37598977,4434953.624010228,40000000.0,3893294.5112481713,36000000.0,3503965.060123354,141690522.6924486,4771651.945749211
2008,세전 기준,2007-12-31,0.0,0.0,400000000.0,,,,,,,,,
2008,세전 기준,2008-01-31,4000000.0,0.0,392275226.73136604,,,,,,,,,
2008,세전 기준,2008-02-29,4000000.0,0.0,385196735.7308996,,,,,,,,,
2008,세전 기준,2008-03-31,4000000.0,0.0,387553823.62236935,,,,,,,,,
2008,세전 기준,2008-04-30,4000000.0,0.0,396542163.0578435,,,,,,,,,
2008,세전 기준,2008-05-31,4000000.0,0.0,407609943.84120107,,,,,,,,,
2008,세전 기준,2008-06-30,4000000.0,0.0,385385525.6829299,,,,,,,,,
2008,세전 기준,2008-07-31,4000000.0,0.0,374706336.9535679,,,,,,,,,
2008,세전 기준,2008-08-31,4000000.0,0.0,395555955.58790493,,,,,,,,,
2008,세전 기준,2008-09-30,4000000.0,0.0,370321536.59334946,,,,,,,,,
2008,세전 기준,2008-10-31,4000000.0,0.0,330717189.35453326,,,,,,,,,
2008,세전 기준,2008-11-30,4000000.0,0.0,332472731.2159162,,,,,,,,,
2008,세전 기준,2008-12-31,4000000.0,0.0,288326913.0034715,,,,,,,,,
2008,세전 기준,2009-01-31,4000000.0,0.0,304077227.951467,,,,,,,,,
2008,세전 기준,2009-02-28,4000000.0,0.0,315963815.3437868,,,,,,,,,
2008,세전 기준,2009-03-31,4000000.0,0.0,308062433.9119842,,,,,,,,,
2008,세전 기준,2009-04-30,4000000.0,0.0,320109887.3923226,,,,,,,,,
2008,세전 기준,2009-05-31,4000000.0,0.0,319137739.4009966,,,,,,,,,
2008,세전 기준,2009-06-30,4000000.0,0.0,331006487.7449752,,,,,,,,,
2008,세전 기준,2009-07-31,4000000.0,0.0,340480203.6342421,,,,,,,,,
2008,세전 기준,2009-08-31,4000000.0,0.0,348778934.28140503,,,,,,,,,
2008,세전 기준,2009-09-30,4000000.0,0.0,342924301.9740916,,,,,,,,,
2008,세전 기준,2009-10-31,4000000.0,0.0,330434468.1667829,,,,,,,,,
2008,세전 기준,2009-11-30,4000000.0,0.0,342176798.4382136,,,,,,,,,
2008,세전 기준,2009-12-31,4000000.0,0.0,355747802.1800203,,,,,,,,,
2008,세전 기준,2010-01-31,4000000.0,0.0,327315703.74782825,,,,,,,,,
2008,세전 기준,2010-02-28,4000000.0,0.0,338473538.05982995,,,,,,,,,
2008,세전 기준,2010-03-31,4000000.0,0.0,351828241.5324272,,,,,,,,,
2008,세전 기준,2010-04-30,4000000.0,0.0,348340685.0119883,,,,,,,,,
2008,세전 기준,2010-05-31,4000000.0,0.0,343774023.4047121,,,,,,,,,
2008,세전 기준,2010-06-30,4000000.0,0.0,326361613.8730588,,,,,,,,,
2008,세전 기준,2010-07-31,4000000.0,0.0,334910378.6499066,,,,,,,,,
2008,세전 기준,2010-08-31,4000000.0,0.0,318030796.4384083,,,,,,,,,
2008,세전 기준,2010-09-30,4000000.0,0.0,338529179.0761807,,,,,,,,,
2008,세전 기준,2010-10-31,4000000.0,0.0,350901225.2610757,,,,,,,,,
2008,세전 기준,2010-11-30,4000000.0,0.0,356642765.1004703,,,,,,,,,
2008,세전 기준,2010-12-31,4000000.0,0.0,361020665.7587121,,,,,,,,,
2008,세전 기준,2011-01-31,4000000.0,0.0,363453545.60156894,,,,,,,,,
2008,세전 기준,2011-02-28,4000000.0,0.0,372482249.8496942,,,,,,,,,
2008,세전 기준,2011-03-31,4000000.0,0.0,358084350.2163667,,,,,,,,,
2008,세전 기준,2011-04-30,4000000.0,0.0,354686723.5824133,,,,,,,,,
2008,세전 기준,2011-05-31,4000000.0,0.0,349512401.515991,,,,,,,,,
2008,세전 기준,2011-06-30,4000000.0,0.0,334716501.18348753,,,,,,,,,
2008,세전 기준,2011-07-31,4000000.0,0.0,332364941.5878159,,,,,,,,,
2008,세전 기준,2011-08-31,4000000.0,0.0,314480936.7731206,,,,,,,,,
2008,세전 기준,2011-09-30,4000000.0,0.0,329389324.0201202,,,,,,,,,
2008,세전 기준,2011-10-31,4000000.0,0.0,338450385.79054797,,,,,,,,,
2008,세전 기준,2011-11-30,4000000.0,0.0,333631785.91284716,,,,,,,,,
2008,세전 기준,2011-12-31,4000000.0,0.0,332948702.2589881,,,,,,,,,
2008,세전 기준,2012-01-31,4000000.0,0.0,346757594.41690975,,,,,,,,,
2008,세전 기준,2012-02-29,4000000.0,0.0,362166021.9209731,,,,,,,,,
2008,세전 기준,2012-03-31,4000000.0,0.0,381336852.66875917,,,,,,,,,
2008,세전 기준,2012-04-30,4000000.0,0.0,372427398.2480216,,,,,,,,,
2008,세전 기준,2012-05-31,4000000.0,0.0,357510967.9904996,,,,,,,,,
2008,세전 기준,2012-06-30,4000000.0,0.0,354267313.4601194,,,,,,,,,
2008,세전 기준,2012-07-31,4000000.0,0.0,350383633.0543083,,,,,,,,,
2008,세전 기준,2012-08-31,4000000.0,0.0,365506973.2328344,,,,,,,,,
2008,세전 기준,2012-09-30,4000000.0,0.0,357598621.8204913,,,,,,,,,
2008,세전 기준,2012-10-31,4000000.0,0.0,328306516.1106667,,,,,,,,,
2008,세전 기준,2012-11-30,4000000.0,0.0,326034152.2792752,,,,,,,,,
2008,세전 기준,2012-12-31,4000000.0,0.0,314958916.9754393,,,,,,,,,
2008,세전 기준,2013-01-31,4000000.0,0.0,326739664.6657566,,,,,,,,,
2008,세전 기준,2013-02-28,4000000.0,0.0,322790157.7506022,,,,,,,,,
2008,세전 기준,2013-03-31,4000000.0,0.0,337322508.8114518,,,,,,,,,
2008,세전 기준,2013-04-30,4000000.0,0.0,338473920.24395716,,,,,,,,,
2008,세전 기준,2013-05-31,4000000.0,0.0,355437050.98248523,,,,,,,,,
2008,세전 기준,2013-06-30,4000000.0,0.0,346643506.8766041,,,,,,,,,
2008,세전 기준,2013-07-31,4000000.0,0.0,358464044.1355389,,,,,,,,,
2008,세전 기준,2013-08-31,4000000.0,0.0,348834024.2588478,,,,,,,,,
2008,세전 기준,2013-09-30,4000000.0,0.0,349794205.3589262,,,,,,,,,
2008,세전 기준,2013-10-31,4000000.0,0.0,358857453.3576173,,,,,,,,,
2008,세전 기준,2013-11-30,4000000.0,0.0,366525782.7733902,,,,,,,,,
2008,세전 기준,2013-12-31,4000000.0,0.0,372359129.1164488,,,,,,,,,
2008,세전 기준,2014-01-31,4000000.0,0.0,369894943.04159915,,,,,,,,,
2008,세전 기준,2014-02-28,4000000.0,0.0,379787363.2458266,,,,,,,,,
2008,세전 기준,2014-03-31,4000000.0,0.0,364934242.80357957,,,,,,,,,
2008,세전 기준,2014-04-30,4000000.0,0.0,348903126.40029997,,,,,,,,,
2008,세전 기준,2014-05-31,4000000.0,0.0,356124242.05289304,,,,,,,,,
2008,세전 기준,2014-06-30,4000000.0,0.0,360117429.1992657,,,,,,,,,
2008,세전 기준,2014-07-31,4000000.0,0.0,366191031.7033575,,,,,,,,,
2008,세전 기준,2014-08-31,4000000.0,0.0,375334576.28522784,,,,,,,,,
2008,세전 기준,2014-09-30,4000000.0,0.0,383447881.02408147,,,,,,,,,
2008,세전 기준,2014-10-31,4000000.0,0.0,396490671.16288614,,,,,,,,,
2008,세전 기준,2014-11-30,4000000.0,0.0,425577890.84380025,,,,,,,,,
2008,세전 기준,2014-12-31,4000000.0,0.0,404122350.31899124,,,,,,,,,
2008,세전 기준,2015-01-31,4000000.0,0.0,396571567.46374094,,,,,,,,,
2008,세전 기준,2015-02-28,4000000.0,0.0,419800808.9852025,,,,,,,,,
2008,세전 기준,2015-03-31,4000000.0,0.0,408526891.4801557,,,,,,,,,
2008,세전 기준,2015-04-30,4000000.0,0.0,400738901.2939672,,,,,,,,,
2008,세전 기준,2015-05-31,4000000.0,0.0,419163600.8941507,,,,,,,,,
2008,세전 기준,2015-06-30,4000000.0,0.0,406717735.748611,,,,,,,,,
2008,세전 기준,2015-07-31,4000000.0,0.0,437376983.6335537,,,,,,,,,
2008,세전 기준,2015-08-31,4000000.0,0.0,411554485.1330212,,,,,,,,,
2008,세전 기준,2015-09-30,4000000.0,0.0,399178270.1494607,,,,,,,,,
2008,세전 기준,2015-10-31,4000000.0,0.0,424007044.0729998,,,,,,,,,
2008,세전 기준,2015-11-30,4000000.0,0.0,425913666.91879016,,,,,,,,,
2008,세전 기준,2015-12-31,4000000.0,0.0,422366808.4979643,,,,,,,,,
2008,세전 기준,2016-01-31,4000000.0,0.0,402892269.51555556,,,,,,,,,
2008,세전 기준,2016-02-29,4000000.0,0.0,401778976.03891575,,,,,,,,,
2008,세전 기준,2016-03-31,4000000.0,0.0,390902888.30024904,,,,,,,,,
2008,세전 기준,2016-04-30,4000000.0,0.0,376183670.9457502,,,,,,,,,
2008,세전 기준,2016-05-31,4000000.0,0.0,404031476.56037605,,,,,,,,,
2008,세전 기준,2016-06-30,4000000.0,0.0,379258335.4687213,,,,,,,,,
2008,세전 기준,2016-07-31,4000000.0,0.0,387850653.98199475,,,,,,,,,
2008,세전 기준,2016-08-31,4000000.0,0.0,389011546.9337907,,,,,,,,,
2008,세전 기준,2016-09-30,4000000.0,0.0,387209079.80674285,,,,,,,,,
2008,세전 기준,2016-10-31,4000000.0,0.0,394035376.08949196,,,,,,,,,
2008,세전 기준,2016-11-30,4000000.0,0.0,402291619.9325599,,,,,,,,,
2008,세전 기준,2016-12-31,4000000.0,0.0,412485976.8125338,,,,,,,,,
2008,세전 기준,2017-01-31,4000000.0,0.0,410852439.57835203,,,,,,,,,
2008,세전 기준,2017-02-28,4000000.0,0.0,416529908.4791743,,,,,,,,,
2008,세전 기준,2017-03-31,4000000.0,0.0,416572823.2795439,,,,,,,,,
2008,세전 기준,2017-04-30,4000000.0,0.0,431403876.2528357,,,,,,,,,
2008,세전 기준,2017-05-31,4000000.0,0.0,437354108.1332162,,,,,,,,,
2008,세전 기준,2017-06-30,4000000.0,0.0,432439240.944506,,,,,,,,,
2008,세전 기준,2017-07-31,4000000.0,0.0,437389419.13629,,,,,,,,,
2008,세전 기준,2017-08-31,4000000.0,0.0,442658185.2926849,,,,,,,,,
2008,세전 기준,2017-09-30,4000000.0,0.0,445298543.3240911,,,,,,,,,
2008,세전 기준,2017-10-31,4000000.0,0.0,450848099.67763054,,,,,,,,,
2008,세전 기준,2017-11-30,4000000.0,0.0,443008788.84840417,,,,,,,,,
2008,세전 기준,2017-12-31,4000000.0,0.0,434544254.8766568,,,,,,,,,
2008,미국계좌,2007-12-31,0.0,0.0,400000000.0,,,,,,,,,
2008,미국계좌,2008-01-31,4000000.0,0.0,392275226.73136604,,,,,,,,,
2008,미국계좌,2008-02-29,4000000.0,0.0,385196735.7308996,,,,,,,,,
2008,미국계좌,2008-03-31,4000000.0,0.0,387553823.62236935,,,,,,,,,
2008,미국계좌,2008-04-30,4000000.0,0.0,396542163.0578435,,,,,,,,,
2008,미국계좌,2008-05-31,4000000.0,0.0,407609943.84120107,,,,,,,,,
2008,미국계좌,2008-06-30,4000000.0,0.0,385385525.6829299,,,,,,,,,
2008,미국계좌,2008-07-31,4000000.0,0.0,374706336.9535679,,,,,,,,,
2008,미국계좌,2008-08-31,4000000.0,0.0,395555955.58790493,,,,,,,,,
2008,미국계좌,2008-09-30,4000000.0,0.0,370321536.59334946,,,,,,,,,
2008,미국계좌,2008-10-31,4000000.0,0.0,330717189.35453326,,,,,,,,,
2008,미국계좌,2008-11-30,4000000.0,0.0,332472731.2159162,,,,,,,,,
2008,미국계좌,2008-12-31,4000000.0,0.0,288326913.0034715,,,,,,,,,
2008,미국계좌,2009-01-31,4000000.0,0.0,304077227.951467,,,,,,,,,
2008,미국계좌,2009-02-28,4000000.0,0.0,315963815.3437868,,,,,,,,,
2008,미국계좌,2009-03-31,4000000.0,0.0,308062433.9119842,,,,,,,,,
2008,미국계좌,2009-04-30,4000000.0,0.0,320109887.3923226,,,,,,,,,
2008,미국계좌,2009-05-31,4000000.0,0.0,319137739.4009966,,,,,,,,,
2008,미국계좌,2009-06-30,4000000.0,0.0,331006487.7449752,,,,,,,,,
2008,미국계좌,2009-07-31,4000000.0,0.0,340480203.6342421,,,,,,,,,
2008,미국계좌,2009-08-31,4000000.0,0.0,348778934.28140503,,,,,,,,,
2008,미국계좌,2009-09-30,4000000.0,0.0,342924301.9740916,,,,,,,,,
2008,미국계좌,2009-10-31,4000000.0,0.0,330434468.1667829,,,,,,,,,
2008,미국계좌,2009-11-30,4000000.0,0.0,342176798.4382136,,,,,,,,,
2008,미국계좌,2009-12-31,4000000.0,0.0,355747802.1800203,,,,,,,,,
2008,미국계좌,2010-01-31,4000000.0,0.0,327315703.74782825,,,,,,,,,
2008,미국계좌,2010-02-28,4000000.0,0.0,338473538.05982995,,,,,,,,,
2008,미국계좌,2010-03-31,4000000.0,0.0,351828241.5324272,,,,,,,,,
2008,미국계좌,2010-04-30,4000000.0,0.0,348340685.0119883,,,,,,,,,
2008,미국계좌,2010-05-31,4000000.0,0.0,343774023.4047121,,,,,,,,,
2008,미국계좌,2010-06-30,4000000.0,0.0,326361613.8730588,,,,,,,,,
2008,미국계좌,2010-07-31,4000000.0,0.0,334910378.6499066,,,,,,,,,
2008,미국계좌,2010-08-31,4000000.0,0.0,318030796.4384083,,,,,,,,,
2008,미국계좌,2010-09-30,4000000.0,13937.084760523641,338515241.99142015,,,,,,,,,
2008,미국계좌,2010-10-31,4000000.0000000005,207478.11228171305,350679136.0347045,,,,,,,,,
2008,미국계좌,2010-11-30,4000000.0,227982.60723389016,356186527.7396717,,,,,,,,,
2008,미국계좌,2010-12-31,4000000.0,245086.25552743502,360308624.6635546,,,,,,,,,
2008,미국계좌,2011-01-31,4000000.0,0.0,362728816.9368545,,,,,,,,,
2008,미국계좌,2011-02-28,4000000.0,0.0,371731541.86644787,,,,,,,,,
2008,미국계좌,2011-03-31,4000000.0,0.0,357354598.36261886,,,,,,,,,
2008,미국계좌,2011-04-30,4000000.0,0.0,353955744.1322061,,,,,,,,,
2008,미국계좌,2011-05-31,4000000.0,156363.6347706957,348627478.60983956,,,,,,,,,
2008,미국계좌,2011-06-30,4000000.0000000005,238897.5842873031,333620014.6001014,,,,,,,,,
2008,미국계좌,2011-07-31,4000000.0000000005,242503.1323244455,331020551.80135745,,,,,,,,,
2008,미국계좌,2011-08-31,3999999.9999999995,210798.841504508,312981907.8417215,,,,,,,,,
2008,미국계좌,2011-09-30,4000000.0,253959.9429408947,327546204.9782089,,,,,,,,,
2008,미국계좌,2011-10-31,4000000.0000000005,281800.318808923,336252382.4228453,,,,,,,,,
2008,미국계좌,2011-11-30,4000000.0,280087.56974861585,331159011.2207408,,,,,,,,,
2008,미국계좌,2011-12-31,3999999.9999999995,287067.0272960619,330164276.59062487,,,,,,,,,
2008,미국계좌,2012-01-31,4000000.0,0.0,343824234.2847293,,,,,,,,,
2008,미국계좌,2012-02-29,4000000.0,0.0,359068478.19660795,,,,,,,,,
2008,미국계좌,2012-03-31,4000000.0,0.0,378041132.81238014,,,,,,,,,
2008,미국계좌,2012-04-30,4000000.0000000005,271720.4107762356,368902388.1480666,,,,,,,,,
2008,미국계좌,2012-05-31,4000000.0,371880.33833329094,353717401.118346,,,,,,,,,
2008,미국계좌,2012-06-30,3999999.9999999995,373241.9694791645,350092478.99864733,,,,,,,,,
2008,미국계좌,2012-07-31,3999999.9999999995,373453.300906503,345833974.5330934,,,,,,,,,
2008,미국계좌,2012-08-31,4000000.0,407021.2681598216,360301980.8529459,,,,,,,,,
2008,미국계좌,2012-09-30,4000000.0,400332.70298527717,352048953.5124782,,,,,,,,,
2008,미국계좌,2012-10-31,4000000.0000000005,353304.85664364,322796057.8745802,,,,,,,,,
2008,미국계좌,2012-11-30,4000000.0,356751.0256377047,320137945.52134824,,,,,,,,,
2008,미국계좌,2012-12-31,4000000.0,342261.0793306631,308848402.1453153,,,,,,,,,
2008,미국계좌,2013-01-31,4000000.0,0.0,320322987.7059233,,,,,,,,,
2008,미국계좌,2013-02-28,4000000.0,0.0,316372489.1823137,,,,,,,,,
2008,미국계좌,2013-03-31,4000000.0,0.0,330536382.6429423,,,,,,,,,
2008,미국계좌,2013-04-30,3999999.9999999995,370299.81897875917,331213860.116992,,,,,,,,,
2008,미국계좌,2013-05-31,4000000.0,454795.2212129441,347272549.2051186,,,,,,,,,
2008,미국계좌,2013-06-30,4000000.0,446812.4468881061,338142301.88059145,,,,,,,,,
2008,미국계좌,2013-07-31,4000000.0,472752.0421100736,349102098.78170496,,,,,,,,,
2008,미국계좌,2013-08-31,4000000.0000000005,463648.5988137271,339155468.5915984,,,,,,,,,
2008,미국계좌,2013-09-30,4000000.0,471773.0327399495,339506254.220877,,,,,,,,,
2008,미국계좌,2013-10-31,4000000.0000000005,492475.6509948247,347692817.6392777,,,,,,,,,
2008,미국계좌,2013-11-30,4000000.0,510082.5022337113,354488043.9546662,,,,,,,,,
2008,미국계좌,2013-12-31,4000000.0,524330.7836043834,359474104.73015934,,,,,,,,,
2008,미국계좌,2014-01-31,4000000.0,0.0,356956773.72523814,,,,,,,,,
2008,미국계좌,2014-02-28,4000000.0,0.0,366363265.45653677,,,,,,,,,
2008,미국계좌,2014-03-31,4000000.0,355765.50523981807,351537997.7234384,,,,,,,,,
2008,미국계좌,2014-04-30,3999999.9999999995,512765.08708143467,335435762.329886,,,,,,,,,
2008,미국계좌,2014-05-31,4000000.0,529703.5430938454,341694048.91446143,,,,,,,,,
2008,미국계좌,2014-06-30,4000000.0,541338.4335264099,344822012.8121407,,,,,,,,,
2008,미국계좌,2014-07-31,4000000.0,555524.8076066102,349912230.22660327,,,,,,,,,
2008,미국계좌,2014-08-31,4000000.0,573220.1533116028,357898266.307209,,,,,,,,,
2008,미국계좌,2014-09-30,4000000.0000000005,588746.1404562085,364860096.74350834,,,,,,,,,
2008,미국계좌,2014-10-31,4000000.0,609380.1612904684,376467350.879991,,,,,,,,,
2008,미국계좌,2014-11-30,4000000.0,645580.5998028106,403238040.1881901,,,,,,,,,
2008,미국계좌,2014-12-31,4000000.0,626956.1988595752,382071836.7608297,,,,,,,,,
2008,미국계좌,2015-01-31,4000000.0,0.0,374714798.6599341,,,,,,,,,
2008,미국계좌,2015-02-28,4000000.0,0.0,396443319.288963,,,,,,,,,
2008,미국계좌,2015-03-31,4000000.0,644713.1171729767,384929405.4980092,,,,,,,,,
2008,미국계좌,2015-04-30,4000000.0000000005,640708.5062796272,376719510.13815707,,,,,,,,,
2008,미국계좌,2015-05-31,4000000.0,664204.9523023962,393135918.5755176,,,,,,,,,
2008,미국계좌,2015-06-30,3999999.9999999995,655542.8408034978,380558950.91377604,,,,,,,,,
2008,미국계좌,2015-07-31,3999999.9999999995,689483.4806899627,408299543.270022,,,,,,,,,
2008,미국계좌,2015-08-31,4000000.0,668509.6174702058,383259325.71136916,,,,,,,,,
2008,미국계좌,2015-09-30,3999999.9999999995,659831.4948064437,370799160.06256783,,,,,,,,,
2008,미국계좌,2015-10-31,4000000.0,688675.2940105023,392889710.88344455,,,,,,,,,
2008,미국계좌,2015-11-30,4000000.0,694202.9731260809,393668651.28050405,,,,,,,,,
2008,미국계좌,2015-12-31,4000000.0,694625.2311890161,389392861.2456664,,,,,,,,,
2008,미국계좌,2016-01-31,4000000.0,0.0,371126411.1137385,,,,,,,,,
2008,미국계좌,2016-02-29,3999999.9999999995,74808.46604001144,369710708.1034608,,,,,,,,,
2008,미국계좌,2016-03-31,4000000.0000000005,675416.8453164384,358708023.23653984,,,,,,,,,
2008,미국계좌,2016-04-30,4000000.0,663806.6387979083,344207836.8140199,,,,,,,,,
2008,미국계좌,2016-05-31,4000000.0,697006.2035744686,368651553.944672,,,,,,,,,
2008,미국계좌,2016-06-30,4000000.0,675696.9031141691,345021762.6503351,,,,,,,,,
2008,미국계좌,2016-07-31,4000000.0,688993.0499444513,351788348.87970847,,,,,,,,,
2008,미국계좌,2016-08-31,3999999.9999999995,694272.5978159489,351775110.0551178,,,,,,,,,
2008,미국계좌,2016-09-30,4000000.0,696504.9260739048,349065788.73406947,,,,,,,,,
2008,미국계좌,2016-10-31,3999999.9999999995,707283.1057108617,354118322.347772,,,,,,,,,
2008,미국계좌,2016-11-30,4000000.0,718967.4075016396,360414001.7749412,,,,,,,,,
2008,미국계좌,2016-12-31,4000000.0,731836.7202664681,368398922.53172743,,,,,,,,,
2008,미국계좌,2017-01-31,4000000.0,0.0,366512454.58407915,,,,,,,,,
2008,미국계좌,2017-02-28,4000000.0000000005,173402.8082879998,370972109.6314085,,,,,,,,,
2008,미국계좌,2017-03-31,4000000.0,745747.4275139376,369827084.7499159,,,,,,,,,
2008,미국계좌,2017-04-30,4000000.0,761104.4863316835,381783905.7611156,,,,,,,,,
2008,미국계좌,2017-05-31,4000000.0,768800.6616548451,385820863.6928166,,,,,,,,,
2008,미국계좌,2017-06-30,4000000.0,768100.1784721045,380245694.7287808,,,,,,,,,
2008,미국계좌,2017-07-31,4000000.0,774899.062941021,383340726.05663437,,,,,,,,,
2008,미국계좌,2017-08-31,3999999.9999999995,781735.311821313,386682405.2413453,,,,,,,,,
2008,미국계좌,2017-09-30,4000000.0,786514.7395995974,387696550.47045296,,,,,,,,,
2008,미국계좌,2017-10-31,4000000.0,793219.9366055437,391217595.451835,,,,,,,,,
2008,미국계좌,2017-11-30,4000000.0000000005,790532.2340832414,383095551.00360215,,,,,,,,,
2008,미국계좌,2017-12-31,4000000.0,787323.111861025,374447484.84344435,,,,,,,,,
2008,절세계좌,2007-12-31,0.0,0.0,400000000.0,50000000.0,50000000.0,0.0,200000000.0,0.0,36000000.0,0.0,114000000.0,0.0
2008,절세계좌,2008-01-31,4000000.0,0.0,392275226.731366,46275226.73136597,46275226.73136597,0.0,200000000.0,0.0,36000000.0,0.0,110000000.0,0.0
2008,절세계좌,2008-02-29,4000000.0,0.0,385196735.7308995,44011903.190458514,44011903.190458514,0.0,199184832.540441,0.0,36000000.0,0.0,106000000.0,0.0
2008,절세계좌,2008-03-31,4000000.0,0.0,387553823.6223693,47014020.53564618,47014020.53564618,0.0,200000000.0,2539803.086723119,36000000.0,0.0,102000000.0,0.0
2008,절세계좌,2008-04-30,4000000.0,0.0,396542163.0578435,51609152.7585959,50000000.0,1609152.7585958987,200000000.0,10933010.299247593,36000000.0,0.0,98000000.0,0.0
2008,절세계좌,2008-05-31,4000000.0,0.0,407609943.841201,55948422.209642254,50000000.0,5948422.209642254,200000000.0,21661521.631558776,36000000.0,0.0,94000000.0,0.0
2008,절세계좌,2008-06-30,4000000.0,0.0,385385525.68292993,51468708.2549857,50000000.0,1468708.2549856976,200000000.0,7916817.427944213,36000000.0,0.0,90000000.0,0.0
2008,절세계좌,2008-07-31,4000000.0,0.0,374706336.9535679,50052381.491236016,50000000.0,52381.491236016154,200000000.0,2653955.462331921,36000000.0,0.0,86000000.0,0.0
2008,절세계좌,2008-08-31,4000000.0,0.0,395555955.5879049,54669706.07492392,50000000.0,4669706.074923918,200000000.0,21348752.046619534,36000000.0,1537497.4663614407,82000000.0,0.0
2008,절세계좌,2008-09-30,4000000.0,0.0,370321536.59334946,51125641.54091001,50000000.0,1125641.540910013,200000000.0,6999410.919715494,35104059.95557904,0.0,77092424.1771449,0.0
2008,절세계좌,2008-10-31,4000000.0,0.0,330717189.3545333,45766392.32825267,45766392.32825267,0.0,185300682.1300861,0.0,31424274.235384747,0.0,68225840.66080979,0.0
2008,절세계좌,2008-11-30,4000000.0,0.0,332472731.2159162,46562874.62602449,46562874.62602449,0.0,188525509.46677226,0.0,31971157.5896438,0.0,65413189.533475675,0.0
2008,절세계좌,2008-12-31,4000000.0,0.0,288326913.00347143,40940444.49965343,40940444.49965343,0.0,165761203.9437837,0.0,28110665.705268115,0.0,53514598.85476621,0.0
2008,절세계좌,2009-01-31,4000000.0,0.0,304077227.9514669,43744853.78824921,43744853.78824921,0.0,177115801.23040336,0.0,66036238.64361597,0.0,17180334.2891984,0.0
2008,절세계좌,2009-02-28,4000000.0,0.0,315963815.3437867,46030314.121313654,46030314.121313654,0.0,186369258.56347483,0.0,69486317.7019509,0.0,14077924.957047364,0.0
2008,절세계좌,2009-03-31,4000000.0,0.0,308062433.91198415,45461952.16310164,45461952.16310164,0.0,184068053.39532217,0.0,68628331.38680351,0.0,9904096.966756845,0.0
2008,절세계좌,2009-04-30,4000000.0,0.0,320109887.3923226,47830136.27824495,47830136.27824495,0.0,193656445.87332815,0.0,72000000.0,203288.38944028318,6420016.851309209,0.0
2008,절세계좌,2009-05-31,4000000.0,0.0,319137739.4009966,48282551.46412062,48282551.46412062,0.0,195488201.41017476,0.0,72000000.0,886244.0880716741,2480742.4386295844,0.0
2008,절세계좌,2009-06-30,4000000.0,8257.486563856983,330998230.25841135,50683344.488560185,50000000.0,683344.4885601848,200000000.0,5208622.0605736375,70595836.94903961,4510426.760237932,0.0,0.0
2008,절세계좌,2009-07-31,4000000.0,0.0,340471610.0242727,52746424.84873378,50000000.0,2746424.848733783,200000000.0,13561699.03652206,66595836.94903961,7567649.189977229,0.0,0.0
2008,절세계좌,2009-08-31,4000000.0,0.0,348770030.2554608,54651716.44833665,50000000.0,4651716.448336653,200000000.0,21275914.973205984,62595836.94903961,10246561.884878576,0.0,0.0
2008,절세계좌,2009-09-30,4000000.0,0.0,342915445.29531366,54361105.89531099,50000000.0,4361105.8953109905,200000000.0,20099280.089607954,58595836.94903961,9859222.361355081,0.0,0.0
2008,절세계좌,2009-10-31,4000000.0,0.0,330425830.7542701,53015278.98256112,50000000.0,3015278.982561119,200000000.0,14650245.715805441,54595836.94903961,8164469.106863886,0.0,0.0
2008,절세계좌,2009-11-30,4000000.0,0.0,342167749.52807087,55540996.21722402,50000000.0,5540996.217224017,200000000.0,24876464.18402043,50595836.94903961,11154452.17778682,0.0,0.0
2008,절세계좌,2009-12-31,4000000.0,0.0,355738288.6023878,50000000.0,42813304.78487876,7186695.215121239,200000000.0,36424018.581795186,46595836.94903961,14325370.154275596,0.0,8393062.917277418
2008,절세계좌,2010-01-31,4000000.0,0.0,327883263.5203322,46566092.849699676,42813304.78487876,3752788.0648209155,200000000.0,20186856.023579925,50988899.86631703,10141414.780735575,0.0,0.0
2008,절세계좌,2010-02-28,4000000.0,0.0,339067381.2550211,48722546.426142894,42813304.78487876,5909241.641264133,200000000.0,30383604.4321357,46988899.86631703,12972330.530425444,0.0,0.0
2008,절세계좌,2010-03-31,4000000.0,0.0,352452533.1125079,51220719.106058866,42813304.78487876,8407414.321180105,200000000.0,42196164.914075434,42988899.86631703,16046749.226056568,0.0,0.0
2008,절세계좌,2010-04-30,4000000.0,0.0,348965885.88277334,51295322.90537299,42813304.78487876,8482018.120494232,200000000.0,42548927.51478177,38988899.86631703,16132735.596301533,0.0,0.0
2008,절세계좌,2010-05-31,4000000.0,0.0,344398207.23285604,51211878.47475097,42813304.78487876,8398573.689872213,200000000.0,42154362.16246325,34988899.86631703,16043066.729324758,0.0,0.0
2008,절세계좌,2010-06-30,4000000.0,0.0,326961445.0492972,49213837.20279602,42813304.78487876,6400532.417917259,200000000.0,32706663.226305783,30988899.866317026,14052044.75387837,0.0,0.0
2008,절세계좌,2010-07-31,4000000.0,0.0,335533273.63027054,51106133.47960075,42813304.78487876,8292828.694721989,200000000.0,41654349.02849668,26988899.866317026,15783891.255856097,0.0,0.0
2008,절세계좌,2010-08-31,4000000.0,0.0,318629736.86967444,49140755.00934919,42813304.78487876,6327450.224470429,200000000.0,32361095.509076357,22988899.866317026,14138986.484931864,0.0,0.0
2008,절세계좌,2010-09-30,4000000.0,0.0,339174256.77473885,52926140.050074995,42813304.78487876,10112835.265196234,200000000.0,50260214.37323251,18988899.866317026,16999002.485114336,0.0,0.0
2008,절세계좌,2010-10-31,4000000.0,0.0,351577500.39408386,55485769.360767454,42813304.78487876,12672464.575888693,200000000.0,62363371.32750577,14988899.866317026,18739459.83949364,0.0,0.0
2008,절세계좌,2010-11-30,4000000.0,0.0,357337814.6368613,57026136.83125783,42813304.78487876,14212832.046379067,200000000.0,69646968.67682594,10988899.866317026,19675809.262460534,0.0,0.0
2008,절세계좌,2010-12-31,4000000.0,0.0,361732042.7144097,50000000.00000001,36676743.71076949,13323256.289230518,200000000.0,75981249.74862641,6988899.866317026,20396154.414344955,0.0,8365738.685121298
2008,절세계좌,2011-01-31,4000000.0,0.0,364028532.6107917,50890929.58561495,36676743.71076949,14214185.87484546,200000000.0,80898846.95814717,11354638.551438324,20884117.51559122,0.0,0.0
2008,절세계좌,2011-02-28,4000000.0,0.0,373077848.3945047,52715214.638016105,36676743.71076949,16038470.927246615,200000000.0,90968216.33133537,7354638.551438324,22039778.87371491,0.0,0.0
2008,절세계좌,2011-03-31,4000000.0,0.0,358663322.53565055,51243661.265535705,36676743.71076949,14566917.554766215,200000000.0,82845793.55515641,3354638.551438324,21219229.163520105,0.0,0.0
2008,절세계좌,2011-04-30,4000000.0,0.0,355266669.8551933,51329863.90663527,36676743.71076949,14653120.19586578,199354638.55143833,83321599.80760223,0.0,21260567.5895175,0.0,0.0
2008,절세계좌,2011-05-31,4000000.0,0.0,350090427.6613453,51159917.33732701,36676743.71076949,14483173.626557522,195354638.55143833,82385695.18448722,0.0,21190176.588092737,0.0,0.0
2008,절세계좌,2011-06-30,4000000.0,0.0,335276672.99054724,49579666.20404175,36676743.71076949,12902922.49327226,191354638.55143833,73806723.59914815,0.0,20535644.635918986,0.0,0.0
2008,절세계좌,2011-07-31,4000000.0,0.0,332927872.17682046,49823840.37745381,36676743.71076949,13147096.666684322,187354638.55143833,75112612.9158991,0.0,20636780.332029235,0.0,0.0
2008,절세계좌,2011-08-31,4000000.0,0.0,315020351.8524245,47742530.488443136,36676743.71076949,11065786.777673647,183354638.55143833,64148470.41138792,0.0,19774712.40115512,0.0,0.0
2008,절세계좌,2011-09-30,4000000.0,0.0,329961171.8100075,50613083.67328829,36676743.71076949,13936339.962518804,179354638.55143833,79029768.70922947,0.0,20963680.876051396,0.0,0.0
2008,절세계좌,2011-10-31,4000000.0,0.0,339044908.6908968,52620011.536585614,36676743.71076949,15943267.825816125,175354638.55143833,89275318.4512752,0.0,21794940.15159767,0.0,0.0
2008,절세계좌,2011-11-30,4000000.0,0.0,334224870.8583466,52492741.08036246,36676743.71076949,15815997.369592972,171354638.55143833,88635265.84819597,0.0,21742225.378349822,0.0,0.0
2008,절세계좌,2011-12-31,4000000.0,0.0,333547683.56458706,50000000.00000001,34591162.344789274,15408837.655210733,167354638.55143833,91220045.8366352,0.0,21958383.267987374,0.0,3014615.9085261
2008,절세계좌,2012-01-31,4000000.0,0.0,347227367.30137783,52674419.81859249,34591162.344789274,18083257.473803215,166369254.45996442,105050791.04691043,0.0,23132901.975910477,0.0,0.0
2008,절세계좌,2012-02-29,4000000.0,0.0,362662088.5423872,55622668.60918309,34591162.344789274,21031506.264393814,162369254.45996442,120242487.95906582,0.0,24427677.514173847,0.0,0.0
2008,절세계좌,2012-03-31,4000000.0,0.0,381864656.8774363,59181322.27096917,34591162.344789274,24590159.926179893,158369254.45996442,138323557.0118583,0.0,25990523.134644356,0.0,0.0
2008,절세계좌,2012-04-30,4000000.0,0.0,372948407.33399415,58419402.71817763,34591162.344789274,23828240.373388357,154369254.45996442,134503837.45239916,0.0,25655912.703452956,0.0,0.0
2008,절세계좌,2012-05-31,4000000.0,0.0,358016705.4842711,56707038.54073232,34591162.344789274,22115876.195943043,150369254.45996442,126036514.75817576,0.0,24903897.725398634,0.0,0.0
2008,절세계좌,2012-06-30,4000000.0,0.0,354774120.8854357,56827007.20053852,34591162.344789274,22235844.85574925,146369254.45996442,126621275.14329067,0.0,24956584.08164206,0.0,0.0
2008,절세계좌,2012-07-31,4000000.0,0.0,350890606.88400847,56845665.69418269,34591162.344789274,22254503.349393412,142369254.45996442,126710908.44112644,0.0,24964778.288734898,0.0,0.0
2008,절세계좌,2012-08-31,4000000.0,0.0,366041616.82816386,59948205.025910355,34591162.344789274,25357042.68112108,138369254.45996442,141396844.09855255,0.0,26327313.24373653,0.0,0.0
2008,절세계좌,2012-09-30,4000000.0,0.0,358127548.49328876,59307181.27277065,34591162.344789274,24716018.927981377,134369254.45996442,138405316.42192367,0.0,26045796.338630024,0.0,0.0
2008,절세계좌,2012-10-31,4000000.0,0.0,328798033.0494639,55112524.45204155,34591162.344789274,20521362.107252277,130369254.45996442,119112615.44177285,0.0,24203638.695685085,0.0,0.0
2008,절세계좌,2012-11-30,4000000.0,0.0,326528255.7108749,55402541.20746462,34591162.344789274,20811378.862675346,126369254.45996442,120425455.36636645,0.0,24331004.677079443,0.0,0.0
2008,절세계좌,2012-12-31,4000000.0,0.0,315442297.9167154,50000000.0,31910515.6070514,18089484.3929486,122369254.45996442,115069787.46606782,0.0,23802999.92032129,0.0,4200256.070361838
2008,절세계좌,2013-01-31,4000000.0,0.0,327036814.75136495,52505207.32066587,31910515.6070514,20594691.713614475,122369254.45996442,126966467.98696753,200256.07036183774,24995628.91340525,0.0,0.0
2008,절세계좌,2013-02-28,4000000.0,0.0,323087353.75663614,52513321.27245923,31910515.6070514,20602805.665407833,118569510.53032626,127004999.36576854,0.0,24999522.58808214,0.0,0.0
2008,절세계좌,2013-03-31,4000000.0,0.0,337636767.73153514,55528268.54338661,31910515.6070514,23617752.93633521,114569510.53032626,141104168.49999845,0.0,26434820.157823835,0.0,0.0
2008,절세계좌,2013-04-30,4000000.0,0.0,338792978.3605109,56376266.97198099,31910515.6070514,24465751.36492959,110569510.53032626,145008682.07007778,0.0,26838518.788125888,0.0,0.0
2008,절세계좌,2013-05-31,4000000.0,0.0,355775869.7264035,59867889.17505057,31910515.6070514,27957373.567999173,106569510.53032626,160837727.51481217,0.0,28500742.506214466,0.0,0.0
2008,절세계좌,2013-06-30,4000000.0,0.0,346977756.1965177,59060490.6033672,31910515.6070514,27149974.996315803,102569510.53032626,157231383.19516945,0.0,28116371.8676548,0.0,0.0
2008,절세계좌,2013-07-31,4000000.0,0.0,358813548.3317578,61755964.98435465,31910515.6070514,29845449.377303254,98569510.53032626,169088491.83142573,0.0,29399580.985651176,0.0,0.0
2008,절세계좌,2013-08-31,4000000.0,0.0,349178039.1581515,60786028.623778716,31910515.6070514,28875513.016727317,94569510.53032626,164884667.49226183,0.0,28937832.511784658,0.0,0.0
2008,절세계좌,2013-09-30,4000000.0,0.0,350143111.9146711,61650364.351834774,31910515.6070514,29739848.744783375,90569510.53032626,168573928.3460399,0.0,29349308.686470184,0.0,0.0
2008,절세계좌,2013-10-31,4000000.0,0.0,359219390.01162076,63952729.53227367,31910515.6070514,32042213.925222274,86569510.53032626,178251775.94160545,0.0,30445374.00741538,0.0,0.0
2008,절세계좌,2013-11-30,4000000.0,0.0,366899487.8776989,66032166.66877018,31910515.6070514,34121651.06171878,82569510.53032626,186862498.60586035,0.0,31435312.07274215,0.0,0.0
2008,절세계좌,2013-12-31,4000000.0,0.0,371769418.0595769,50000000.00000001,23531540.16556488,26468459.834435128,78569510.53032626,194090962.1581238,0.0,32278675.14716063,0.0,16830270.223966237
2008,절세계좌,2014-01-31,4000000.0,0.0,369233382.39723235,50206227.510628596,23531540.16556488,26674687.345063716,78569510.53032626,195215563.9687109,12830270.223966237,32411810.16360039,0.0,0.0
2008,절세계좌,2014-02-28,4000000.0,0.0,379100955.8750176,52091860.23572443,23531540.16556488,28560320.070159547,78569510.53032626,205498314.17153966,8830270.223966237,34111000.71346101,0.0,0.0
2008,절세계좌,2014-03-31,4000000.0,0.0,364267450.78227603,50603239.791991875,23531540.16556488,27071699.626426995,78569510.53032626,197380555.09470356,4830270.223966237,32883875.141288135,0.0,0.0
2008,절세계좌,2014-04-30,4000000.0,0.0,348258317.1131007,48934957.13470173,23531540.16556488,25403416.96913685,78569510.53032626,188283060.33641005,830270.2239662372,31640518.88769643,0.0,0.0
2008,절세계좌,2014-05-31,4000000.0,0.0,355458694.97621,50508760.21043909,23531540.16556488,26977220.044874214,75399780.7542925,196865338.14739174,0.0,32684815.86408665,0.0,0.0
2008,절세계좌,2014-06-30,4000000.0,0.0,359436943.95856446,51642426.288788624,23531540.16556488,28110886.123223744,71399780.7542925,202976312.32950693,0.0,33418424.585976392,0.0,0.0
2008,절세계좌,2014-07-31,4000000.0,0.0,365491511.17786044,53087025.27955909,23531540.16556488,29555485.11399421,67399780.7542925,210651463.47255945,0.0,34353241.671449415,0.0,0.0
2008,절세계좌,2014-08-31,4000000.0,0.0,374609948.15627563,54992456.11503076,23531540.16556488,31460915.94946588,63399780.7542925,220631442.7952115,0.0,35586268.49174092,0.0,0.0
2008,절세계좌,2014-09-30,4000000.0,0.0,382699866.7167622,56767246.98522541,23531540.16556488,33235706.81966053,59399780.7542925,229798082.33121312,0.0,36734756.64603114,0.0,0.0
2008,절세계좌,2014-10-31,4000000.0,0.0,395709410.4836573,59290333.75921681,23531540.16556488,35758793.59365193,55399780.7542925,242651820.0438686,0.0,38367475.92627942,0.0,0.0
2008,절세계좌,2014-11-30,4000000.0,0.0,424731433.8167081,64238123.05345723,23531540.16556488,40706582.88789235,51399780.7542925,267524281.13591152,0.0,41569248.87304685,0.0,0.0
2008,절세계좌,2014-12-31,4000000.0,0.0,402832984.8168974,50000000.0,19099244.71832009,30900755.28167991,47399780.7542925,254443263.52096117,0.0,39864240.87356959,0.0,11125699.66807412
2008,절세계좌,2015-01-31,4000000.0,0.0,395391285.758963,49560679.72330069,19099244.71832009,30461435.004980598,47399780.7542925,251791148.1263458,7125699.66807412,39513977.486949906,0.0,0.0
2008,절세계좌,2015-02-28,4000000.0,0.0,418539487.240645,52963595.688215256,19099244.71832009,33864350.96989517,47399780.7542925,272334078.4115994,3125699.66807412,42716332.71846372,0.0,0.0
2008,절세계좌,2015-03-31,4000000.0,0.0,407287424.7442614,52045891.82114074,19099244.71832009,32946647.102820646,46525480.42236662,266794027.8319804,0.0,41922024.668773614,0.0,0.0
2008,절세계좌,2015-04-30,4000000.0,0.0,399510927.2845728,51563305.897027865,19099244.71832009,32464061.178707775,42525480.42236662,263888830.53123784,0.0,41533310.43394048,0.0,0.0
2008,절세계좌,2015-05-31,4000000.0,0.0,417866911.44887376,54448704.94713158,19099244.71832009,35349460.22881149,38525480.42236662,281035278.88986945,0.0,43857447.18950608,0.0,0.0
2008,절세계좌,2015-06-30,4000000.0,0.0,405447173.7251022,53351600.09749344,19099244.71832009,34252355.37917335,34525480.42236662,274596344.1321756,0.0,42973749.07306647,0.0,0.0
2008,절세계좌,2015-07-31,4000000.0,0.0,435998148.18045145,57898061.120231554,19099244.71832009,38798816.40191147,30525480.42236662,300938765.42875725,0.0,46635841.20909604,0.0,0.0
2008,절세계좌,2015-08-31,4000000.0,0.0,410244445.3315736,55009293.76561792,19099244.71832009,35910049.047297835,26525480.42236662,284400679.79842925,0.0,44308991.34515982,0.0,0.0
2008,절세계좌,2015-09-30,4000000.0,0.0,397894893.09963,53889710.12039115,19099244.71832009,34790465.40207106,22525480.42236662,278072515.59149414,0.0,43407186.96537807,0.0,0.0
2008,절세계좌,2015-10-31,4000000.0,0.0,422630981.1492251,57781641.08467967,19099244.71832009,38682396.36635958,18525480.42236662,299781792.66639054,0.0,46542066.97578829,0.0,0.0
2008,절세계좌,2015-11-30,4000000.0,0.0,424518434.7740876,58586567.24349903,19099244.71832009,39487322.52517894,14525480.42236662,304215966.66771585,0.0,47190420.44050613,0.0,0.0
2008,절세계좌,2015-12-31,4000000.0,0.0,420786974.68062747,49999999.99999999,16282696.688337686,33717303.31166231,10525480.42236662,304555084.6953846,0.0,47240627.661596276,0.0,8465781.90127992
2008,절세계좌,2016-01-31,4000000.0,0.0,401680483.72877496,48168116.11719208,16282696.688337686,31885419.4288544,10525480.42236662,293011264.51488024,4465781.901279921,45509840.773056105,0.0,0.0
2008,절세계좌,2016-02-29,4000000.0,0.0,400558507.85686404,48513238.68601342,16282696.688337686,32230541.99767574,10525480.42236662,295186092.79526263,465781.9012799207,45867914.05194145,0.0,0.0
2008,절세계좌,2016-03-31,4000000.0,0.0,389703307.33928776,47682978.00642126,16282696.688337686,31400281.318083577,6991262.32364654,289954112.7128437,0.0,45074954.296376236,0.0,0.0
2008,절세계좌,2016-04-30,4000000.0,0.0,375016984.52059233,46375430.22240993,16282696.688337686,30092733.534072243,2991262.32364654,281811369.04760766,0.0,43838922.92692817,0.0,0.0
2008,절세계좌,2016-05-31,4000000.0,0.0,402766018.16463214,49292848.307429105,15956166.832450887,33336681.474978216,0.0,305922832.5240586,0.0,47550337.33314445,0.0,0.0
2008,절세계좌,2016-06-30,4000000.0,0.0,378057940.18643624,42758473.259680204,14591180.705223342,28167292.55445686,0.0,290193914.0316616,0.0,45105552.8950944,0.0,0.0
2008,절세계좌,2016-07-31,4000000.0,257009.3408034984,386353393.25470823,39921151.409098215,13185173.947560264,26735977.46153795,0.0,299829072.5881215,0.0,46603169.25748856,0.0,0.0
2008,절세계좌,2016-08-31,4000000.0,696447.906754612,386797915.161152,35755910.00365934,11654398.344235707,24101511.65942363,0.0,303818715.8479093,0.0,47223289.30958339,0.0,0.0
2008,절세계좌,2016-09-30,4000000.0,698670.0682941434,384284273.12211746,31259225.681687355,10131501.313642215,21127724.36804514,0.0,305534992.9629624,0.0,47490054.47746772,0.0,0.0
2008,절세계좌,2016-10-31,4000000.0,709399.0116757812,390319393.3239306,27423829.002209395,8646643.264129074,18777185.738080323,0.0,314077696.4559064,0.0,48817867.86581484,0.0,0.0
2008,절세계좌,2016-11-30,3999999.9999999995,721029.658925027,397739024.0004622,23555801.778490443,7203021.145772353,16352780.63271809,0.0,323846902.64149106,0.0,50336319.5804807,0.0,0.0
2008,절세계좌,2016-12-31,4000000.0,733839.5396742405,407038908.6847763,19653099.25602245,5804815.8773446595,13848283.37867779,0.0,335273435.74038607,0.0,52112373.68836776,0.0,0.0
2008,절세계좌,2017-01-31,4000000.0,0.0,405374121.2151154,15765850.549973575,4630099.745060149,11135750.804913428,0.0,337196924.40824,0.0,52411346.25690183,0.0,0.0
2008,절세계좌,2017-02-28,4000000.0,176809.6572776269,410745740.8072382,11960399.350610824,3431686.4804198826,8528712.87019094,0.0,345139466.3894015,0.0,53645875.06722587,0.0,0.0
2008,절세계좌,2017-03-31,4000000.0,747685.6096579912,409984827.8179703,7328803.545234757,2082571.8237527602,5246231.721481997,0.0,348489452.6171663,0.0,54166571.65556921,0.0,0.0
2008,절세계좌,2017-04-30,4000000.0,762970.8328975375,423755101.54506475,2897129.138985179,787650.2312985748,2109478.907686604,0.0,364242816.67774874,0.0,56615155.72833082,0.0,0.0
2008,절세계좌,2017-05-31,4000000.0,778124.8394789577,428750791.3441831,0.0,0.0,0.0,0.0,372643994.05748653,0.0,56106797.28669653,0.0,0.0
2008,절세계좌,2017-06-30,4000000.0,790419.1616766468,423063501.605919,0.0,0.0,0.0,0.0,371864488.94505423,0.0,51199012.66086474,0.0,0.0
2008,절세계좌,2017-07-31,4000000.0,790419.1616766468,427029211.32270133,0.0,0.0,0.0,0.0,379560953.8449222,0.0,47468257.47777915,0.0,0.0
2008,절세계좌,2017-08-31,4000000.0,790419.1616766468,431288014.0409589,0.0,0.0,0.0,0.0,387604270.78256977,0.0,43683743.25838914,0.0,0.0
2008,절세계좌,2017-09-30,4000000.0,790419.1616766468,432967387.8776711,0.0,0.0,0.0,0.0,393418759.7449654,0.0,39548628.13270572,0.0,0.0
2008,절세계좌,2017-10-31,4000000.0,790419.1616766468,437462079.8661861,0.0,0.0,0.0,0.0,401855739.09971213,0.0,35606340.76647394,0.0,0.0
2008,절세계좌,2017-11-30,4000000.0,790419.1616766468,428946341.9068765,0.0,0.0,0.0,0.0,398433635.08726203,0.0,30512706.819614448,0.0,0.0
2008,절세계좌,2017-12-31,4000000.0,790419.1616766468,419833106.6663628,0.0,0.0,0.0,0.0,394418318.5876551,0.0,25414788.07870767,0.0,0.0
2009,세전 기준,2008-12-31,0.0,0.0,400000000.0,,,,,,,,,
2009,세전 기준,2009-01-31,4000000.0,0.0,398283324.24726486,,,,,,,,,
2009,세전 기준,2009-02-28,4000000.0,0.0,397885632.9888082,,,,,,,,,
2009,세전 기준,2009-03-31,4000000.0,0.0,392578204.0289835,,,,,,,,,
2009,세전 기준,2009-04-30,4000000.0,0.0,395762231.4747188,,,,,,,,,
2009,세전 기준,2009-05-31,4000000.0,0.0,393449952.8445394,,,,,,,,,
2009,세전 기준,2009-06-30,4000000.0,0.0,400063500.4371295,,,,,,,,,
2009,세전 기준,2009-07-31,4000000.0,0.0,406540913.83360666,,,,,,,,,
2009,세전 기준,2009-08-31,4000000.0,0.0,413421049.7766526,,,,,,,,,
2009,세전 기준,2009-09-30,4000000.0,0.0,407584273.0233151,,,,,,,,,
2009,세전 기준,2009-10-31,4000000.0,0.0,394252861.3426746,,,,,,,,,
2009,세전 기준,2009-11-30,4000000.0,0.0,409035583.33940136,,,,,,,,,
2009,세전 기준,2009-12-31,4000000.0,0.0,426039829.6769463,,,,,,,,,
2009,세전 기준,2010-01-31,4000000.0,0.0,392780205.3281383,,,,,,,,,
2009,세전 기준,2010-02-28,4000000.0,0.0,406969669.5219638,,,,,,,,,
2009,세전 기준,2010-03-31,4000000.0,0.0,423836405.44873554,,,,,,,,,
2009,세전 기준,2010-04-30,4000000.0,0.0,420453729.9745519,,,,,,,,,
2009,세전 기준,2010-05-31,4000000.0,0.0,415769758.8030408,,,,,,,,,
2009,세전 기준,2010-06-30,4000000.0,0.0,395548421.83082235,,,,,,,,,
2009,세전 기준,2010-07-31,4000000.0,0.0,406757453.4461,,,,,,,,,
2009,세전 기준,2010-08-31,4000000.0,0.0,387114862.48514587,,,,,,,,,
2009,세전 기준,2010-09-30,4000000.0,0.0,412934892.91030127,,,,,,,,,
2009,세전 기준,2010-10-31,4000000.0,0.0,428905369.77297884,,,,,,,,,
2009,세전 기준,2010-11-30,4000000.0,0.0,436812420.6641951,,,,,,,,,
2009,세전 기준,2010-12-31,4000000.0,0.0,443073587.929371,,,,,,,,,
2009,세전 기준,2011-01-31,4000000.0,0.0,446968535.2911878,,,,,,,,,
2009,세전 기준,2011-02-28,4000000.0,0.0,458990997.9277485,,,,,,,,,
2009,세전 기준,2011-03-31,4000000.0,0.0,442178193.2075789,,,,,,,,,
2009,세전 기준,2011-04-30,4000000.0,0.0,438922030.1456465,,,,,,,,,
2009,세전 기준,2011-05-31,4000000.0,0.0,433468815.8267318,,,,,,,,,
2009,세전 기준,2011-06-30,4000000.0,0.0,416079631.0292373,,,,,,,,,
2009,세전 기준,2011-07-31,4000000.0,0.0,414128775.5225069,,,,,,,,,
2009,세전 기준,2011-08-31,4000000.0,0.0,392829219.5410914,,,,,,,,,
2009,세전 기준,2011-09-30,4000000.0,0.0,412448352.3293478,,,,,,,,,
2009,세전 기준,2011-10-31,4000000.0,0.0,424802900.01516086,,,,,,,,,
2009,세전 기준,2011-11-30,4000000.0,0.0,419775441.8806779,,,,,,,,,
2009,세전 기준,2011-12-31,4000000.0,0.0,419948785.31998163,,,,,,,,,
2009,세전 기준,2012-01-31,4000000.0,0.0,438411172.40505356,,,,,,,,,
2009,세전 기준,2012-02-29,4000000.0,0.0,458949557.7024342,,,,,,,,,
2009,세전 기준,2012-03-31,4000000.0,0.0,484312451.73343414,,,,,,,,,
2009,세전 기준,2012-04-30,4000000.0,0.0,474077256.02512336,,,,,,,,,
2009,세전 기준,2012-05-31,4000000.0,0.0,456181309.2542332,,,,,,,,,
2009,세전 기준,2012-06-30,4000000.0,0.0,453146400.39121014,,,,,,,,,
2009,세전 기준,2012-07-31,4000000.0,0.0,449295185.79533565,,,,,,,,,
2009,세전 기준,2012-08-31,4000000.0,0.0,469816949.5650679,,,,,,,,,
2009,세전 기준,2012-09-30,4000000.0,0.0,460793215.75738037,,,,,,,,,
2009,세전 기준,2012-10-31,4000000.0,0.0,424202400.2112399,,,,,,,,,
2009,세전 기준,2012-11-30,4000000.0,0.0,422434666.0160661,,,,,,,,,
2009,세전 기준,2012-12-31,4000000.0,0.0,409267452.57641137,,,,,,,,,
2009,세전 기준,2013-01-31,4000000.0,0.0,425773448.9425053,,,,,,,,,
2009,세전 기준,2013-02-28,4000000.0,0.0,421839246.3255823,,,,,,,,,
2009,세전 기준,2013-03-31,4000000.0,0.0,442058302.6271381,,,,,,,,,
2009,세전 기준,2013-04-30,4000000.0,0.0,444809183.8594966,,,,,,,,,
2009,세전 기준,2013-05-31,4000000.0,0.0,468358110.1348914,,,,,,,,,
2009,세전 기준,2013-06-30,4000000.0,0.0,458041674.4901746,,,,,,,,,
2009,세전 기준,2013-07-31,4000000.0,0.0,474946336.5815266,,,,,,,,,
2009,세전 기준,2013-08-31,4000000.0,0.0,463486851.14899445,,,,,,,,,
2009,세전 기준,2013-09-30,4000000.0,0.0,466077316.9846843,,,,,,,,,
2009,세전 기준,2013-10-31,4000000.0,0.0,479483218.7550926,,,,,,,,,
2009,세전 기준,2013-11-30,4000000.0,0.0,491073721.5952107,,,,,,,,,
2009,세전 기준,2013-12-31,4000000.0,0.0,500248505.50231177,,,,,,,,,
2009,세전 기준,2014-01-31,4000000.0,0.0,498311805.58202,,,,,,,,,
2009,세전 기준,2014-02-28,4000000.0,0.0,513027273.65235317,,,,,,,,,
2009,세전 기준,2014-03-31,4000000.0,0.0,494366578.40562207,,,,,,,,,
2009,세전 기준,2014-04-30,4000000.0,0.0,474068349.4288187,,,,,,,,,
2009,세전 기준,2014-05-31,4000000.0,0.0,485314918.95961595,,,,,,,,,
2009,세전 기준,2014-06-30,4000000.0,0.0,492207783.0617872,,,,,,,,,
2009,세전 기준,2014-07-31,4000000.0,0.0,501976362.8470246,,,,,,,,,
2009,세전 기준,2014-08-31,4000000.0,0.0,515993594.6547922,,,,,,,,,
2009,세전 기준,2014-09-30,4000000.0,0.0,528646437.34573615,,,,,,,,,
2009,세전 기준,2014-10-31,4000000.0,0.0,548142747.3664044,,,,,,,,,
2009,세전 기준,2014-11-30,4000000.0,0.0,589885360.7938995,,,,,,,,,
2009,세전 기준,2014-12-31,4000000.0,0.0,561690570.5055367,,,,,,,,,
2009,세전 기준,2015-01-31,4000000.0,0.0,552755329.3684591,,,,,,,,,
2009,세전 기준,2015-02-28,4000000.0,0.0,586708399.1306401,,,,,,,,,
2009,세전 기준,2015-03-31,4000000.0,0.0,572542462.3257283,,,,,,,,,
2009,세전 기준,2015-04-30,4000000.0,0.0,563233668.036549,,,,,,,,,
2009,세전 기준,2015-05-31,4000000.0,0.0,590751311.4937882,,,,,,,,,
2009,세전 기준,2015-06-30,4000000.0,0.0,574848069.1779382,,,,,,,,,
2009,세전 기준,2015-07-31,4000000.0,0.0,619834872.4928879,,,,,,,,,
2009,세전 기준,2015-08-31,4000000.0,0.0,584908815.3803661,,,,,,,,,
2009,세전 기준,2015-09-30,4000000.0,0.0,569004384.3502386,,,,,,,,,
2009,세전 기준,2015-10-31,4000000.0,0.0,606098050.9764144,,,,,,,,,
2009,세전 기준,2015-11-30,4000000.0,0.0,610541289.46674,,,,,,,,,
2009,세전 기준,2015-12-31,4000000.0,0.0,607190861.5879202,,,,,,,,,
2009,세전 기준,2016-01-31,4000000.0,0.0,580944798.5252969,,,,,,,,,
2009,세전 기준,2016-02-29,4000000.0,0.0,581107244.0883046,,,,,,,,,
2009,세전 기준,2016-03-31,4000000.0,0.0,567162113.471169,,,,,,,,,
2009,세전 기준,2016-04-30,4000000.0,0.0,547609570.4956747,,,,,,,,,
2009,세전 기준,2016-05-31,4000000.0,0.0,589970336.5278882,,,,,,,,,
2009,세전 기준,2016-06-30,4000000.0,0.0,555637212.126494,,,,,,,,,
2009,세전 기준,2016-07-31,4000000.0,0.0,570085747.3294894,,,,,,,,,
2009,세전 기준,2016-08-31,4000000.0,0.0,573671531.9223616,,,,,,,,,
2009,세전 기준,2016-09-30,4000000.0,0.0,572912212.2045095,,,,,,,,,
2009,세전 기준,2016-10-31,4000000.0,0.0,584930734.6948059,,,,,,,,,
2009,세전 기준,2016-11-30,4000000.0,0.0,599124668.9219099,,,,,,,,,
2009,세전 기준,2016-12-31,4000000.0,0.0,616264033.862446,,,,,,,,,
2009,세전 기준,2017-01-31,4000000.0,0.0,615799586.5164244,,,,,,,,,
2009,세전 기준,2017-02-28,4000000.0,0.0,626304505.493583,,,,,,,,,
2009,세전 기준,2017-03-31,4000000.0,0.0,628383530.5605782,,,,,,,,,
2009,세전 기준,2017-04-30,4000000.0,0.0,652789424.7770373,,,,,,,,,
2009,세전 기준,2017-05-31,4000000.0,0.0,663845863.7733917,,,,,,,,,
2009,세전 기준,2017-06-30,4000000.0,0.0,658457216.0213,,,,,,,,,
2009,세전 기준,2017-07-31,4000000.0,0.0,668085279.4740636,,,,,,,,,
2009,세전 기준,2017-08-31,4000000.0,0.0,678242746.3835347,,,,,,,,,
2009,세전 기준,2017-09-30,4000000.0,0.0,684417131.0844818,,,,,,,,,
2009,세전 기준,2017-10-31,4000000.0,0.0,695094654.8729713,,,,,,,,,
2009,세전 기준,2017-11-30,4000000.0,0.0,685175400.8321992,,,,,,,,,
2009,세전 기준,2017-12-31,4000000.0,0.0,674270371.1112928,,,,,,,,,
2009,세전 기준,2018-01-31,4000000.0,0.0,729941615.7776706,,,,,,,,,
2009,세전 기준,2018-02-28,4000000.0,0.0,725805244.622144,,,,,,,,,
2009,세전 기준,2018-03-31,4000000.0,0.0,678606695.4141134,,,,,,,,,
2009,세전 기준,2018-04-30,4000000.0,0.0,683233287.9135345,,,,,,,,,
2009,세전 기준,2018-05-31,4000000.0,0.0,725880783.8848,,,,,,,,,
2009,세전 기준,2018-06-30,4000000.0,0.0,751278756.5541273,,,,,,,,,
2009,세전 기준,2018-07-31,4000000.0,0.0,768954629.8089739,,,,,,,,,
2009,세전 기준,2018-08-31,4000000.0,0.0,812146536.7482495,,,,,,,,,
2009,세전 기준,2018-09-30,4000000.0,0.0,800970301.8168263,,,,,,,,,
2009,세전 기준,2018-10-31,4000000.0,0.0,748585389.9302976,,,,,,,,,
2009,세전 기준,2018-11-30,4000000.0,0.0,728092135.6741433,,,,,,,,,
2009,세전 기준,2018-12-31,4000000.0,0.0,657609832.1621443,,,,,,,,,
2009,미국계좌,2008-12-31,0.0,0.0,400000000.0,,,,,,,,,
2009,미국계좌,2009-01-31,4000000.0,0.0,398283324.24726486,,,,,,,,,
2009,미국계좌,2009-02-28,4000000.0,0.0,397885632.9888082,,,,,,,,,
2009,미국계좌,2009-03-31,4000000.0,0.0,392578204.0289835,,,,,,,,,
2009,미국계좌,2009-04-30,4000000.0,0.0,395762231.4747188,,,,,,,,,
2009,미국계좌,2009-05-31,4000000.0,0.0,393449952.8445394,,,,,,,,,
2009,미국계좌,2009-06-30,4000000.0,0.0,400063500.4371295,,,,,,,,,
2009,미국계좌,2009-07-31,4000000.0,0.0,406540913.83360666,,,,,,,,,
2009,미국계좌,2009-08-31,4000000.0,0.0,413421049.7766526,,,,,,,,,
2009,미국계좌,2009-09-30,4000000.0,0.0,407584273.0233151,,,,,,,,,
2009,미국계좌,2009-10-31,4000000.0,0.0,394252861.3426746,,,,,,,,,
2009,미국계좌,2009-11-30,4000000.0,0.0,409035583.33940136,,,,,,,,,
2009,미국계좌,2009-12-31,4000000.0,0.0,426039829.6769463,,,,,,,,,
2009,미국계좌,2010-01-31,4000000.0,0.0,392780205.3281383,,,,,,,,,
2009,미국계좌,2010-02-28,4000000.0,0.0,406969669.5219638,,,,,,,,,
2009,미국계좌,2010-03-31,4000000.0,0.0,423836405.44873554,,,,,,,,,
2009,미국계좌,2010-04-30,4000000.0,0.0,420453729.9745519,,,,,,,,,
2009,미국계좌,2010-05-31,4000000.0,0.0,415769758.8030408,,,,,,,,,
2009,미국계좌,2010-06-30,4000000.0,0.0,395548421.83082235,,,,,,,,,
2009,미국계좌,2010-07-31,4000000.0,0.0,406757453.4461,,,,,,,,,
2009,미국계좌,2010-08-31,4000000.0,12457.572132781332,387102404.9130131,,,,,,,,,
2009,미국계좌,2010-09-30,4000000.0,192183.01559529192,412729292.6973663,,,,,,,,,
2009,미국계좌,2010-10-31,4000000.0,227781.26920331665,428462044.993808,,,,,,,,,
2009,미국계좌,2010-11-30,4000000.0000000005,247928.21236299677,436108860.3175219,,,,,,,,,
2009,미국계좌,2010-12-31,4000000.0,264730.3001629227,442088769.9356536,,,,,,,,,
2009,미국계좌,2011-01-31,4000000.0,0.0,445966169.2277295,,,,,,,,,
2009,미국계좌,2011-02-28,4000000.0,0.0,457952700.0893846,,,,,,,,,
2009,미국계좌,2011-03-31,4000000.0,0.0,441168879.6140137,,,,,,,,,
2009,미국계좌,2011-04-30,4000000.0,0.0,437911018.67384017,,,,,,,,,
2009,미국계좌,2011-05-31,4000000.0000000005,247341.78598345496,432213809.8977304,,,,,,,,,
2009,미국계좌,2011-06-30,4000000.0000000005,258651.09130545557,414604739.21115905,,,,,,,,,
2009,미국계좌,2011-07-31,3999999.9999999995,262192.914000057,412384427.1172715,,,,,,,,,
2009,미국계좌,2011-08-31,3999999.9999999995,231044.38629817733,390926694.0668538,,,,,,,,,
2009,미국계좌,2011-09-30,4000000.0,273446.34591534734,410157989.8285282,,,,,,,,,
2009,미국계좌,2011-10-31,3999999.9999999995,300786.87586665095,422120932.37595546,,,,,,,,,
2009,미국계좌,2011-11-30,3999999.9999999995,299105.10772606503,416800855.92907494,,,,,,,,,
2009,미국계좌,2011-12-31,4000000.0,305958.1288453192,416638668.3595426,,,,,,,,,
2009,미국계좌,2012-01-31,4000000.0,0.0,434924002.5965975,,,,,,,,,
2009,미국계좌,2012-02-29,4000000.0,0.0,455267206.92747146,,,,,,,,,
2009,미국계좌,2012-03-31,4000000.0,0.0,480394509.7616273,,,,,,,,,
2009,미국계좌,2012-04-30,4000000.0,336802.169968021,469872952.7400322,,,,,,,,,
2009,미국계좌,2012-05-31,4000000.0,389194.9750241924,451711045.7072702,,,,,,,,,
2009,미국계좌,2012-06-30,3999999.9999999995,390530.6938805192,448276148.92000306,,,,,,,,,
2009,미국계좌,2012-07-31,4000000.0,390738.0018935919,444032597.2312289,,,,,,,,,
2009,미국계좌,2012-08-31,3999999.9999999995,423661.06493209157,463843476.8415774,,,,,,,,,
2009,미국계좌,2012-09-30,3999999.9999999995,417101.9229685276,454466515.21528924,,,,,,,,,
2009,미국계좌,2012-10-31,4000000.0,370971.0883203643,417952201.1636094,,,,,,,,,
2009,미국계좌,2012-11-30,3999999.9999999995,374352.2964213057,415777224.4629998,,,,,,,,,
2009,미국계좌,2012-12-31,4000000.0,360134.6658689493,402394348.8465703,,,,,,,,,
2009,미국계좌,2013-01-31,4000000.0,0.0,418555974.2170704,,,,,,,,,
2009,미국계좌,2013-02-28,4000000.0,0.0,414620656.23950064,,,,,,,,,
2009,미국계좌,2013-03-31,4000000.0,0.0,434425271.63439465,,,,,,,,,
2009,미국계좌,2013-04-30,4000000.0,433506.44773823494,436626078.7957655,,,,,,,,,
2009,미국계좌,2013-05-31,4000000.0,470497.24051908485,459197693.29918647,,,,,,,,,
2009,미국계좌,2013-06-30,4000000.0000000005,462672.79387448874,448542125.3356494,,,,,,,,,
2009,미국계좌,2013-07-31,3999999.9999999995,488095.5223663443,464525139.94603527,,,,,,,,,
2009,미국계좌,2013-08-31,4000000.0,479174.2585049586,452750155.0925631,,,,,,,,,
2009,미국계좌,2013-09-30,4000000.0,487136.1458698392,454700816.31212825,,,,,,,,,
2009,미국계좌,2013-10-31,4000000.0000000005,507421.50363159424,467174435.1965091,,,,,,,,,
2009,미국계좌,2013-11-30,4000000.0,524670.0311041147,477840045.1874509,,,,,,,,,
2009,미국계좌,2013-12-31,4000000.0,538626.0137521129,486121163.05462533,,,,,,,,,
2009,미국계좌,2014-01-31,4000000.0,0.0,484126194.20103794,,,,,,,,,
2009,미국계좌,2014-02-28,4000000.0,0.0,498308882.68661124,,,,,,,,,
2009,미국계좌,2014-03-31,4000000.0000000005,394134.2841461754,479674658.17139876,,,,,,,,,
2009,미국계좌,2014-04-30,4000000.0,527297.7426372776,459333493.24044824,,,,,,,,,
2009,미국계좌,2014-05-31,4000000.0,543888.0126284224,469562285.26636773,,,,,,,,,
2009,미국계좌,2014-06-30,4000000.0,555282.0333091381,475546300.4215243,,,,,,,,,
2009,미국계좌,2014-07-31,4000000.0,569172.8392423588,484279633.97134954,,,,,,,,,
2009,미국계좌,2014-08-31,3999999.9999999995,586496.6190143576,497075187.72529596,,,,,,,,,
2009,미국계좌,2014-09-30,4000000.0000000005,601693.9510872825,508515776.0670707,,,,,,,,,
2009,미국계좌,2014-10-31,4000000.0,621887.370074909,526495467.9015453,,,,,,,,,
2009,미국계좌,2014-11-30,4000000.0,657304.2858120565,565774307.5768796,,,,,,,,,
2009,미국계좌,2014-12-31,4000000.0,639084.666429975,537929373.7197812,,,,,,,,,
2009,미국계좌,2015-01-31,4000000.0,0.0,529202908.0936359,,,,,,,,,
2009,미국계좌,2015-02-28,4000000.0000000005,20496.32756217283,561518334.4105002,,,,,,,,,
2009,미국계좌,2015-03-31,4000000.0,656543.3020191405,547132324.2883797,,,,,,,,,
2009,미국계좌,2015-04-30,4000000.0,652538.4248110019,537406602.3885671,,,,,,,,,
2009,미국계좌,2015-05-31,4000000.0000000005,675520.309486372,562803484.7901881,,,,,,,,,
2009,미국계좌,2015-06-30,3999999.9999999995,667048.5513947265,546796323.8677812,,,,,,,,,
2009,미국계좌,2015-07-31,4000000.0,700238.9452905655,588692403.8576025,,,,,,,,,
2009,미국계좌,2015-08-31,4000000.0,679730.0924745976,554640439.7858,,,,,,,,,
2009,미국계좌,2015-09-30,3999999.9999999995,671243.0564027359,538680806.6618687,,,,,,,,,
2009,미국계좌,2015-10-31,4000000.0,699448.7601862941,572885046.6881238,,,,,,,,,
2009,미국계좌,2015-11-30,4000000.0000000005,704853.1822658847,576160758.8103276,,,,,,,,,
2009,미국계좌,2015-12-31,4000000.0000000005,705266.0119127851,572068486.5020316,,,,,,,,,
2009,미국계좌,2016-01-31,4000000.0,0.0,547109225.6963239,,,,,,,,,
2009,미국계좌,2016-02-29,4000000.0,93690.85495109728,546935549.9181254,,,,,,,,,
2009,미국계좌,2016-03-31,4000000.0,686484.6772515641,532888752.5990578,,,,,,,,,
2009,미국계좌,2016-04-30,4000000.0000000005,675130.765914109,513600912.29365915,,,,,,,,,
2009,미국계좌,2016-05-31,4000000.0,707593.7864930239,552374902.8542492,,,,,,,,,
2009,미국계좌,2016-06-30,4000000.0000000005,686758.5357513359,519287976.3658268,,,,,,,,,
2009,미국계좌,2016-07-31,4000000.0,699759.4392112399,531829867.23979896,,,,,,,,,
2009,미국계좌,2016-08-31,4000000.0,704921.2524619158,534201682.8323389,,,,,,,,,
2009,미국계좌,2016-09-30,4000000.0,707103.7137963583,532512293.5490353,,,,,,,,,
2009,미국계좌,2016-10-31,4000000.0,717640.408140973,542683601.1661977,,,,,,,,,
2009,미국계좌,2016-11-30,4000000.0,729061.581837659,554834401.0108542,,,,,,,,,
2009,미국계좌,2016-12-31,4000000.0000000005,741639.4659528068,569669399.7521671,,,,,,,,,
2009,미국계좌,2017-01-31,4000000.0,0.0,568937635.520464,,,,,,,,,
2009,미국계좌,2017-02-28,4000000.0,190076.81241871623,578148662.714893,,,,,,,,,
2009,미국계좌,2017-03-31,3999999.9999999995,755233.2590959271,579005045.1830764,,,,,,,,,
2009,미국계좌,2017-04-30,4000000.0000000005,770238.1576778988,600408561.2127401,,,,,,,,,
2009,미국계좌,2017-05-31,4000000.0,777756.9423639626,609479090.6115286,,,,,,,,,
2009,미국계좌,2017-06-30,4000000.0,777072.6297710501,603427095.8721073,,,,,,,,,
2009,미국계좌,2017-07-31,4000000.0,783714.3509609662,611132488.7122747,,,,,,,,,
2009,미국계좌,2017-08-31,4000000.0,790392.0970434211,619292670.8189585,,,,,,,,,
2009,미국계좌,2017-09-30,4000000.0000000005,795060.4273825098,623787679.336635,,,,,,,,,
2009,미국계좌,2017-10-31,4000000.0000000005,801609.369587405,632363377.5863391,,,,,,,,,
2009,미국계좌,2017-11-30,4000000.0000000005,798984.3551419214,622179343.2214279,,,,,,,,,
2009,미국계좌,2017-12-31,4000000.0,795849.9860383404,611113322.3397914,,,,,,,,,
2009,미국계좌,2018-01-31,4000000.0,0.0,661195325.8484428,,,,,,,,,
2009,미국계좌,2018-02-28,4000000.0,316614.6946456637,656755183.5062896,,,,,,,,,
2009,미국계좌,2018-03-31,4000000.0,803003.3107873957,612863359.4373999,,,,,,,,,
2009,미국계좌,2018-04-30,3999999.9999999995,806829.6317850393,615847379.0492499,,,,,,,,,
2009,미국계좌,2018-05-31,4000000.0,826159.3460780539,653067968.0705462,,,,,,,,,
2009,미국계좌,2018-06-30,4000000.0000000005,837248.947515749,674679792.7213172,,,,,,,,,
2009,미국계좌,2018-07-31,4000000.0,844957.5344308687,689300677.3221147,,,,,,,,,
2009,미국계좌,2018-08-31,4000000.0000000005,860480.6698258059,726743620.2306685,,,,,,,,,
2009,미국계좌,2018-09-30,3999999.9999999995,858219.5863793645,715463797.2541302,,,,,,,,,
2009,미국계좌,2018-10-31,4000000.0,841831.0969325232,667402320.2981443,,,,,,,,,
2009,미국계좌,2018-11-30,3999999.9999999995,835747.331544597,647861989.7515179,,,,,,,,,
2009,미국계좌,2018-12-31,4000000.0000000005,808193.3825859561,583897330.6880218,,,,,,,,,
2009,절세계좌,2008-12-31,0.0,0.0,400000000.0,50000000.0,50000000.0,0.0,200000000.0,0.0,36000000.0,0.0,114000000.0,0.0
2009,절세계좌,2009-01-31,4000000.0,0.0,398283324.24726486,52283324.24726485,50000000.0,2283324.247264847,200000000.0,0.0,36000000.0,0.0,110000000.0,0.0
2009,절세계좌,2009-02-28,4000000.0,0.0,397885632.98880816,55014879.00856956,50000000.0,5014879.008569561,200000000.0,870753.9802386165,36000000.0,0.0,106000000.0,0.0
2009,절세계좌,2009-03-31,4000000.0,0.0,392578204.0289834,54335579.617266275,50000000.0,4335579.617266275,200000000.0,242624.41171711683,36000000.0,0.0,102000000.0,0.0
2009,절세계좌,2009-04-30,4000000.0,0.0,395762231.47471875,57166004.85010861,50000000.0,7166004.850108609,200000000.0,4596226.624610156,36000000.0,0.0,98000000.0,0.0
2009,절세계좌,2009-05-31,4000000.0,0.0,393449952.8445394,57706726.05064165,50000000.0,7706726.0506416485,200000000.0,5743226.793897748,36000000.0,0.0,94000000.0,0.0
2009,절세계좌,2009-06-30,4000000.0,0.0,400063500.43712944,60576125.060521595,50000000.0,10576125.060521595,200000000.0,13487375.376607865,36000000.0,0.0,90000000.0,0.0
2009,절세계좌,2009-07-31,4000000.0,0.0,406540913.8336066,63041893.94710305,50000000.0,13041893.947103053,200000000.0,21499019.886503577,36000000.0,0.0,86000000.0,0.0
2009,절세계좌,2009-08-31,4000000.0,0.0,413421049.7766525,65319075.60073989,50000000.0,15319075.600739889,200000000.0,29499945.506017983,36000000.0,602028.6698946506,82000000.0,0.0
2009,절세계좌,2009-09-30,4000000.0,0.0,407584273.023315,64971741.35550351,50000000.0,14971741.355503507,200000000.0,28279579.33241552,36000000.0,407397.3484122902,77925554.9869837,0.0
2009,절세계좌,2009-10-31,4000000.0,0.0,394252861.3426745,63363225.181221575,50000000.0,13363225.181221575,200000000.0,22628023.933810502,35506053.375222474,0.0,72755558.85241997,0.0
2009,절세계좌,2009-11-30,4000000.0,18036.274301734946,409017547.06509954,66381932.10789229,50000000.0,16381932.10789229,200000000.0,33234314.191257447,36000000.0,1197608.1999015883,72203692.56604822,0.0
2009,절세계좌,2009-12-31,4000000.0,47728.12469157927,425838480.2198968,49999999.99999999,35821397.83516631,14178602.16483368,200000000.0,45211049.686116844,36000000.0,3107729.8558698744,71863671.56247339,19656029.115436673
2009,절세계좌,2010-01-31,4000000.0,4037.4777852324664,393902248.9785621,46566092.84969967,35821397.83516631,10744695.014533356,200000000.0,28370410.149120748,72000000.0,421883.5921881795,46543862.38755352,0.0
2009,절세계좌,2010-02-28,4000000.0,31362.964301116495,408112311.5150119,48722546.42614289,35821397.83516631,12901148.590976574,200000000.0,38946135.0507012,72000000.0,3775706.5205839425,44667923.51758391,0.0
2009,절세계좌,2010-03-31,4000000.0,60548.044594554565,424977086.58565396,51220719.10605885,35821397.83516631,15399321.270892538,200000000.0,51197725.95348865,72000000.0,7660987.847536117,42897653.67857036,0.0
2009,절세계좌,2010-04-30,4000000.0,61382.05897194867,421534690.47287875,51295322.905372985,35821397.83516631,15473925.070206672,200000000.0,51563599.47229648,72000000.0,7777015.354651675,38898752.74055762,0.0
2009,절세계좌,2010-05-31,4000000.0,60449.07468916388,416788511.7791593,51211878.474750966,35821397.83516631,15390480.639584653,200000000.0,51154369.54383078,72000000.0,7647238.461829051,34775025.2987485,0.0
2009,절세계좌,2010-06-30,4000000.0,37302.35799929724,396490125.60596615,49213837.20279601,35821397.83516631,13392439.3676297,200000000.0,41355533.59158558,72000000.0,4539786.1600660235,29380968.65151855,0.0
2009,절세계좌,2010-07-31,4000000.0,59262.99223848167,407676103.20292085,51106133.47960074,35821397.83516631,15284735.64443443,200000000.0,50635772.71863398,72000000.0,7482778.631498322,26451418.37318783,0.0
2009,절세계좌,2010-08-31,4000000.0,36425.25975145996,387961758.65015745,49140755.009349175,35821397.83516631,13319357.174182862,200000000.0,40997122.36421636,72000000.0,4426125.129419729,21397756.147172213,0.0
2009,절세계좌,2010-09-30,4000000.0,79106.54728402977,413767920.19223386,52926140.05007499,35821397.83516631,17104742.214908674,200000000.0,59561487.15026635,72000000.0,10313342.587322101,18966950.40457045,0.0
2009,절세계좌,2010-10-31,4000000.0,105101.6620492278,429673582.49948716,55485769.36076745,35821397.83516631,19664371.525601134,200000000.0,72114474.95191133,72000000.0,14294204.296644524,15779133.890163876,0.0
2009,절세계좌,2010-11-30,3999999.9999999995,119765.33285538509,437482194.7855471,57026136.83125781,35821397.83516631,21204738.9960915,200000000.0,79668777.43873721,72000000.0,16689859.736260548,12097420.779291494,0.0
2009,절세계좌,2010-12-31,4000000.0,131967.8871952611,443627127.83767235,50000000.00000001,30687008.03087581,19312991.969124198,200000000.0,86238480.97368377,72000000.0,18773274.589929223,8249633.58893808,8365738.685121283
2009,절세계좌,2011-01-31,4000000.0,0.0,447096756.3163993,50890929.58561495,30687008.03087581,20203921.55473914,200000000.0,91338847.59850252,84476252.62404624,20390726.50823559,0.0,0.0
2009,절세계좌,2011-02-28,4000000.0,0.0,459123815.2867584,52715214.638016105,30687008.03087581,22028206.607140295,200000000.0,101782459.24374855,80476252.62404624,24149888.78094755,0.0,0.0
2009,절세계좌,2011-03-31,4000000.0,0.0,442307302.94946325,51243661.265535705,30687008.03087581,20556653.234659895,200000000.0,93358155.20353872,76476252.62404624,21229233.85634257,0.0,0.0
2009,절세계좌,2011-04-30,4000000.0,0.0,439051357.07733476,51329863.90663527,30687008.03087581,20642855.87575946,200000000.0,93851645.46442395,72476252.62404624,21393595.0822293,0.0,0.0
2009,절세계좌,2011-05-31,4000000.0,0.0,433597714.57360345,51159917.33732701,30687008.03087581,20472909.3064512,200000000.0,92878740.50751424,68476252.62404624,21082804.104715973,0.0,0.0
2009,절세계좌,2011-06-30,4000000.0,0.0,416204548.2921383,49579666.20404175,30687008.03087581,18892658.17316594,200000000.0,83832166.82854396,64476252.62404624,18316462.635506317,0.0,0.0
2009,절세계좌,2011-07-31,4000000.0,0.0,414254307.98861015,49823840.37745381,30687008.03087581,19136832.346578002,200000000.0,85230007.71835345,60476252.62404624,18724207.268756673,0.0,0.0
2009,절세계좌,2011-08-31,4000000.0,0.0,392949508.0926124,47742530.488443136,30687008.03087581,17055522.457567327,200000000.0,73314988.09703493,56476252.62404624,15415736.883088082,0.0,0.0
2009,절세계좌,2011-09-30,4000000.0,0.0,412575873.3145319,50613083.67328829,30687008.03087581,19926075.642412484,200000000.0,89748243.7607199,52476252.62404624,19738293.25647752,0.0,0.0
2009,절세계좌,2011-10-31,4000000.0,0.0,424935477.50747216,52620011.536585614,30687008.03087581,21933003.505709805,200000000.0,101237443.42099965,48476252.62404624,22601769.925840676,0.0,0.0
2009,절세계좌,2011-11-30,4000000.0,0.0,419907698.7117534,52492741.08036246,30687008.03087581,21805733.049486652,200000000.0,100508849.37975681,44476252.62404624,22429855.627587914,0.0,0.0
2009,절세계좌,2011-12-31,4000000.0,0.0,420082357.0283062,50000000.00000001,28942026.179935556,21057973.82006445,200000000.0,103496462.54119605,40476252.62404624,23095025.954537787,0.0,3014615.9085261
2009,절세계좌,2012-01-31,4000000.0,0.0,438390641.679233,52674419.81859249,28942026.179935556,23732393.638656933,200000000.0,119730001.6270538,39490868.53257234,26495351.70101437,0.0,0.0
2009,절세계좌,2012-02-29,4000000.0,0.0,458927877.84791356,55622668.60918309,28942026.179935556,26680642.429247532,200000000.0,137625663.19976586,35490868.53257234,30188677.506392263,0.0,0.0
2009,절세계좌,2012-03-31,4000000.0,0.0,484289384.83482504,59181322.27096917,28942026.179935556,30239296.09103361,200000000.0,159226439.15499282,31490868.532572336,34390754.87629071,0.0,0.0
2009,절세계좌,2012-04-30,4000000.0,0.0,474054486.0972543,58419402.71817763,28942026.179935556,29477376.538242076,200000000.0,154601641.37472886,27490868.532572336,33542573.471775457,0.0,0.0
2009,절세계좌,2012-05-31,4000000.0,0.0,456159206.74860734,56707038.54073232,28942026.179935556,27765012.36079676,200000000.0,144207711.96599054,23490868.532572336,31753587.70931212,0.0,0.0
2009,절세계좌,2012-06-30,4000000.0,0.0,453124251.12581605,56827007.20053852,28942026.179935556,27884981.020602968,200000000.0,144935913.24333036,19490868.532572336,31870462.149374805,0.0,0.0
2009,절세계좌,2012-07-31,4000000.0,0.0,449273029.2574852,56845665.69418269,28942026.179935556,27903639.51424713,200000000.0,145049168.97967738,15490868.532572336,31887326.05105281,0.0,0.0
2009,절세계좌,2012-08-31,4000000.0,0.0,469793583.7612286,59948205.025910355,28942026.179935556,31006178.8459748,200000000.0,163881363.22116286,11490868.532572336,34473146.98158309,0.0,0.0
2009,절세계좌,2012-09-30,4000000.0,0.0,460770099.8031449,59307181.27277065,28942026.179935556,30365155.092835095,200000000.0,159990394.3915072,7490868.5325723365,33981655.606294684,0.0,0.0
2009,절세계좌,2012-10-31,4000000.0,0.0,424180919.1938369,55112524.45204155,28942026.179935556,26170498.272105996,200000000.0,134529124.25819558,3490868.5325723365,31048401.95102746,0.0,0.0
2009,절세계좌,2012-11-30,4000000.0,0.0,422413071.9598388,55402541.20746462,28942026.179935556,26460515.027529065,199490868.53257233,136289505.44516712,0.0,31230156.77463475,0.0,0.0
2009,절세계좌,2012-12-31,4000000.0,0.0,409246327.13068974,50000000.0,26699160.002457846,23300839.997542154,195490868.53257233,129002768.33589786,0.0,30552434.191857725,0.0,4200256.070361838
2009,절세계좌,2013-01-31,4000000.0,0.0,425540814.7792354,52505207.32066587,26699160.002457846,25806047.318208028,195490868.53257233,145261245.02774554,200256.07036183774,32083237.82788982,0.0,0.0
2009,절세계좌,2013-02-28,4000000.0,0.0,421606576.21192795,52513321.27245923,26699160.002457846,25814161.270001385,191691124.60293418,145313903.54228163,0.0,32088226.794252936,0.0,0.0
2009,절세계좌,2013-03-31,4000000.0,0.0,441812274.2244402,55528268.54338661,26699160.002457846,28829108.540928762,187691124.60293418,164662372.94537938,0.0,33930508.13274008,0.0,0.0
2009,절세계좌,2013-04-30,4000000.0,0.0,444559398.24080145,56376266.97198099,26699160.002457846,29677106.969523143,183691124.60293418,170043329.70972085,0.0,34448676.95616541,0.0,0.0
2009,절세계좌,2013-05-31,4000000.0,0.0,468092854.2295121,59867889.17505057,26699160.002457846,33168729.172592726,179691124.60293418,191951610.2860602,0.0,36582230.1654671,0.0,0.0
2009,절세계좌,2013-06-30,4000000.0,0.0,457779995.91551614,59060490.6033672,26699160.002457846,32361330.600909356,175691124.60293418,186939510.8541175,0.0,36088869.85509725,0.0,0.0
2009,절세계좌,2013-07-31,4000000.0,0.0,474672715.20234954,61755964.98435465,26699160.002457846,35056804.9818968,171691124.60293418,203489688.09866536,0.0,37735937.51639532,0.0,0.0
2009,절세계좌,2013-08-31,4000000.0,0.0,463217527.25468,60786028.623778716,26699160.002457846,34086868.62132087,167691124.60293418,197597115.4197039,0.0,37143258.608263195,0.0,0.0
2009,절세계좌,2013-09-30,4000000.0,0.0,465804163.48890465,61650364.351834774,26699160.002457846,34951204.34937693,163691124.60293418,202791264.20748585,0.0,37671410.32664982,0.0,0.0
2009,절세계좌,2013-10-31,4000000.0,0.0,479199864.19879675,63952729.53227367,26699160.002457846,37253569.52981582,159691124.60293418,216477741.16690493,0.0,39078268.896683946,0.0,0.0
2009,절세계좌,2013-11-30,4000000.0,0.0,490781153.70288587,66032166.66877018,26699160.002457846,39333006.66631234,155691124.60293418,228708954.9836793,0.0,40348907.44750222,0.0,0.0
2009,절세계좌,2013-12-31,4000000.0,0.0,498673601.97324896,50000000.00000001,19688567.985590562,30311432.014409445,151691124.60293418,239021842.35622054,0.0,41431409.143544205,0.0,16529225.870550007
2009,절세계좌,2014-01-31,4000000.0,0.0,496662230.6621936,50206227.510628596,19688567.985590562,30517659.525038034,151691124.60293418,240633357.60714644,12529225.870550007,41602295.07093435,0.0,0.0
2009,절세계좌,2014-02-28,4000000.0,0.0,511315744.4171848,52091860.23572443,19688567.985590562,32403292.250133865,151691124.60293418,255368180.73949587,8529225.870550007,43635352.96848032,0.0,0.0
2009,절세계좌,2014-03-31,4000000.0,0.0,492703959.25732684,50603239.791991875,19688567.985590562,30914671.806401312,151691124.60293418,243735714.53455985,4529225.870550007,42144654.457290955,0.0,0.0
2009,절세계좌,2014-04-30,4000000.0,0.0,472460543.34589607,48934957.13470173,19688567.985590562,29246389.149111167,151691124.60293418,230699321.19943315,529225.8705500066,40605914.538277015,0.0,0.0
2009,절세계좌,2014-05-31,4000000.0,0.0,483655404.03077507,50508760.21043909,19688567.985590562,30820192.22484853,148220350.4734842,242997426.58204892,0.0,41928866.76480285,0.0,0.0
2009,절세계좌,2014-06-30,4000000.0,0.0,490511020.420401,51642426.288788624,19688567.985590562,31953858.303198062,144220350.4734842,251778286.00618312,0.0,42869957.65194503,0.0,0.0
2009,절세계좌,2014-07-31,4000000.0,0.0,500232136.48684216,53087025.27955909,19688567.985590562,33398457.29396853,140220350.4734842,262855597.27358964,0.0,44069163.460209265,0.0,0.0
2009,절세계좌,2014-08-31,4000000.0,0.0,514186763.4929047,54992456.11503076,19688567.985590562,35303888.129440196,136220350.4734842,277323037.0261419,0.0,45650919.87824793,0.0,0.0
2009,절세계좌,2014-09-30,4000000.0,0.0,526781293.6865238,56767246.98522541,19688567.985590562,37078678.99963485,132220350.47348419,290669468.1625955,0.0,47124228.065218635,0.0,0.0
2009,절세계좌,2014-10-31,4000000.0,0.0,546194705.2129357,59290333.75921681,19688567.985590562,39601765.773626246,128220350.47348419,309465301.4101373,0.0,49218719.57009737,0.0,0.0
2009,절세계좌,2014-11-30,4000000.0,0.0,587774754.1632127,64238123.05345723,19688567.985590562,44549555.06786667,124220350.47348419,345990249.8347323,0.0,53326030.801538914,0.0,0.0
2009,절세계좌,2014-12-31,4000000.0,0.0,559029659.9683386,50000000.0,15980117.555601135,34019882.444398865,120220350.47348419,326704050.1390641,0.0,51138805.59151239,0.0,10966453.764277939
2009,절세계좌,2015-01-31,4000000.0,0.0,550214154.380373,49560679.72330069,15980117.555601135,33580562.16769955,120220350.47348419,322777191.11224854,6966453.764277939,50689479.30706167,0.0,0.0
2009,절세계좌,2015-02-28,4000000.0,0.0,583992742.9815836,52963595.688215256,15980117.555601135,36983478.13261412,120220350.47348419,353194114.67133474,2966453.7642779388,54648228.38427149,0.0,0.0
2009,절세계좌,2015-03-31,4000000.0,0.0,569873860.5376391,52045891.82114074,15980117.555601135,36065774.2655396,119186804.23776212,344991229.65669274,0.0,53649934.82204346,0.0,0.0
2009,절세계좌,2015-04-30,4000000.0,0.0,560589810.3659093,51563305.897027865,15980117.555601135,35583188.34142673,115186804.23776212,340687224.5258044,0.0,53152475.70531497,0.0,0.0
2009,절세계좌,2015-05-31,4000000.0,0.0,587959507.8317356,54448704.94713158,15980117.555601135,38468587.39153045,111186804.23776212,366197196.5238793,0.0,56126802.122962624,0.0,0.0
2009,절세계좌,2015-06-30,4000000.0,0.0,572112518.485352,53351600.09749344,15980117.555601135,37371482.541892305,107186804.23776212,356578229.4082464,0.0,54995884.74185002,0.0,0.0
2009,절세계좌,2015-07-31,4000000.0,0.0,616866206.4939784,57898061.120231554,15980117.555601135,41917943.56463042,103186804.23776212,396098874.4372128,0.0,59682466.6987718,0.0,0.0
2009,절세계좌,2015-08-31,4000000.0,0.0,582088268.0793624,55009293.76561792,15980117.555601135,39029176.21001679,99186804.23776212,371187501.90977633,0.0,56704668.16620606,0.0,0.0
2009,절세계좌,2015-09-30,4000000.0,0.0,566241242.596782,53889710.12039115,15980117.555601135,37909592.56479002,95186804.23776212,361614149.0406867,0.0,55550579.197942026,0.0,0.0
2009,절세계좌,2015-10-31,4000000.0,0.0,603135354.3000427,57781641.08467967,15980117.555601135,41801523.529078536,91186804.23776212,394604450.35440993,0.0,59562458.62319106,0.0,0.0
2009,절세계좌,2015-11-30,4000000.0,0.0,607537320.9951979,58586567.24349903,15980117.555601135,42606449.6878979,87186804.23776212,401371757.0837889,0.0,60392192.43014785,0.0,0.0
2009,절세계좌,2015-12-31,4000000.0,0.0,603899385.4054731,49999999.99999999,13623544.33587884,36376455.66412115,83186804.23776212,401891548.3353772,0.0,60456445.38931107,0.0,8364587.443022696
2009,절세계좌,2016-01-31,4000000.0,0.0,578080373.4446995,48168116.11719208,13623544.33587884,34544571.78131324,83186804.23776212,384119404.0158223,4364587.443022696,58241461.63090035,0.0,0.0
2009,절세계좌,2016-02-29,4000000.0,0.0,578222295.5199378,48513238.68601342,13623544.33587884,34889694.35013458,83186804.23776212,387467633.75821555,364587.4430226963,58690031.39492388,0.0,0.0
2009,절세계좌,2016-03-31,4000000.0,0.0,564326538.2166404,47682978.00642126,13623544.33587884,34059433.67054242,79551391.68078482,379412804.10495913,0.0,57679364.42447515,0.0,0.0
2009,절세계좌,2016-04-30,4000000.0,0.0,544851751.5033486,46375430.22240993,13623544.33587884,32751885.886531085,75551391.68078482,366827230.75718343,0.0,56097698.8429704,0.0,0.0
2009,절세계좌,2016-05-31,4000000.0,0.0,586979039.8756542,50301585.98378256,13623544.33587884,36678041.64790372,71551391.68078482,404279117.86342144,0.0,60846944.347665355,0.0,0.0
2009,절세계좌,2016-06-30,4000000.0,0.0,552799711.9752971,47715347.03113756,13623544.33587884,34091802.69525872,67551391.68078482,379814453.8856912,0.0,57718519.3776835,0.0,0.0
2009,절세계좌,2016-07-31,4000000.0,0.0,567154035.1271818,49299615.03949888,13623544.33587884,35676070.70362004,63551391.68078482,394668110.85903305,0.0,59634917.54786499,0.0,0.0
2009,절세계좌,2016-08-31,4000000.0,0.0,570700809.2074089,49955615.0569577,13623544.33587884,36332070.72107886,59551391.68078482,400765359.314731,0.0,60428443.154935375,0.0,0.0
2009,절세계좌,2016-09-30,4000000.0,0.0,569924707.8262,50237815.17965712,13623544.33587884,36614270.843778275,55551391.68078482,403365696.50332177,0.0,60769804.46243634,0.0,0.0
2009,절세계좌,2016-10-31,4000000.0,0.0,581859700.2309886,51642455.46341394,13623544.33587884,38018911.1275351,51551391.68078482,416196935.8130439,0.0,62468917.273746,0.0,0.0
2009,절세계좌,2016-11-30,4000000.0,0.0,595958111.6966276,53248764.35145303,13623544.33587884,39625220.01557419,47551391.68078482,430745978.63210684,0.0,64411977.03228297,0.0,0.0
2009,절세계좌,2016-12-31,4000000.0,0.0,612985748.6241763,50000000.00000001,12356377.904766776,37643622.09523323,43551391.68078482,447622103.3948158,0.0,66684673.11651703,0.0,5127580.432058588
2009,절세계좌,2017-01-31,4000000.0,0.0,612473076.2008393,50286853.72338049,12356377.904766776,37930475.818613715,43551391.68078482,450440002.3125807,1127580.4320585877,67067248.05203469,0.0,0.0
2009,절세계좌,2017-02-28,4000000.0,0.0,622899640.5255091,51471340.94104835,12356377.904766776,39114963.03628157,40678972.11284341,462075776.8440667,0.0,68673550.62755065,0.0,0.0
2009,절세계좌,2017-03-31,4000000.0,0.0,624945617.3558893,51970931.10696278,12356377.904766776,39614553.202196,36678972.11284341,466955605.576979,0.0,69340108.55910417,0.0,0.0
2009,절세계좌,2017-04-30,4000000.0,0.0,649196101.7086769,54320261.88913378,12356377.904766776,41963883.984367006,32678972.11284341,489722259.76482123,0.0,72474607.94187851,0.0,0.0
2009,절세계좌,2017-05-31,4000000.0,0.0,660169661.5291141,55573146.323772244,12356377.904766776,43216768.41900547,28678972.11284341,501771324.87042236,0.0,74146218.22207615,0.0,0.0
2009,절세계좌,2017-06-30,4000000.0,0.0,654788703.7398006,55456897.162738815,12356377.904766776,43100519.25797204,24678972.11284341,500661716.9739219,0.0,73991117.49029645,0.0,0.0
2009,절세계좌,2017-07-31,4000000.0,0.0,664340840.1362072,56604686.41166512,12356377.904766776,44248308.50689834,20678972.11284341,511534672.83345866,0.0,75522508.7782401,0.0,0.0
2009,절세계좌,2017-08-31,4000000.0,0.0,674418958.2295182,57804202.400739156,12356377.904766776,45447824.49597238,16678972.11284341,522812869.3430836,0.0,77122914.37285204,0.0,0.0
2009,절세계좌,2017-09-30,4000000.0,0.0,680535981.9164313,58671328.80303755,12356377.904766776,46314950.89827077,12678972.11284341,530905838.36820483,0.0,78279842.63234556,0.0,0.0
2009,절세계좌,2017-10-31,4000000.0,0.0,691130273.3358676,59929552.4580246,12356377.904766776,47573174.55325782,8678972.11284341,542563172.2140934,0.0,79958576.55090617,0.0,0.0
2009,절세계좌,2017-11-30,4000000.0,0.0,681244778.9870571,59419207.222218335,12356377.904766776,47062829.31745156,4678972.112843409,537868930.548766,0.0,79277669.10322939,0.0,0.0
2009,절세계좌,2017-12-31,4000000.0,0.0,669946511.5479258,50000000.0,10503480.893768543,39496519.10623146,678972.1128434092,532401265.7897224,0.0,78478728.18868822,0.0,8387545.456671804
2009,절세계좌,2018-01-31,4000000.0,0.0,724492828.6014321,54424875.185308166,10503480.893768543,43921394.291539624,678972.1128434092,579577536.1191871,4387545.456671804,85423899.72742164,0.0,0.0
2009,절세계좌,2018-02-28,4000000.0,0.0,720357475.4141749,54414707.27193264,10503480.893768543,43911226.3781641,678972.1128434092,579469129.8455632,387545.4566718042,85407120.72716388,0.0,0.0
2009,절세계좌,2018-03-31,4000000.0,0.0,673483167.0792272,48242564.84671206,9901406.714535639,38341158.13217642,0.0,544939817.0359776,0.0,80300785.19653755,0.0,0.0
2009,절세계좌,2018-04-30,4000000.0,138934.9888759375,677905693.2089549,44716899.59253204,9062586.151116626,35654313.441415414,0.0,551867207.7765151,0.0,81321585.8399078,0.0,0.0
2009,절세계좌,2018-05-31,4000000.0,867738.0554698528,719321711.5984206,42902191.05200306,8139111.984146104,34763079.06785696,0.0,589545733.9941754,0.0,86873786.55224207,0.0,0.0
2009,절세계좌,2018-06-30,4000000.0,877380.4341771882,743576663.2048452,39762337.58919865,7249824.432592498,32512513.156606153,0.0,613422174.5337971,0.0,90392151.08184934,0.0,0.0
2009,절세계좌,2018-07-31,4000000.0,884079.437937121,760146236.4441333,36025479.981215924,6384287.894369563,29641192.08684636,0.0,631120613.6163735,0.0,93000142.84654386,0.0,0.0
2009,절세계좌,2018-08-31,3999999.9999999995,897560.5990408532,801899998.3807588,33338857.49583027,5566548.200059861,27772309.29577041,0.0,669853438.8191316,0.0,98707702.06579682,0.0,0.0
2009,절세계좌,2018-09-30,4000000.0,895597.689526187,789918705.5370932,28148673.222590704,4741849.09928907,23406824.123301633,0.0,663934524.646531,0.0,97835507.66797148,0.0,0.0
2009,절세계좌,2018-10-31,3999999.9999999995,881362.8206518957,737320034.2491497,21566908.938228596,3866680.9179639737,17700228.02026462,0.0,623827652.518339,0.0,91925472.79258208,0.0,0.0
2009,절세계좌,2018-11-30,3999999.9999999995,876075.1400881497,716198909.5040193,16215659.53288976,2972765.505549232,13242894.027340528,0.0,610083130.8867282,0.0,89900119.08440135,0.0,0.0
2009,절세계좌,2018-12-31,3999999.9999999995,852103.7454913681,645950476.1682867,9882899.225005167,1993860.6032004468,7889038.62180472,0.0,554376263.7364496,0.0,81691313.20683186,0.0,0.0
2010,세전 기준,2009-12-31,0.0,0.0,400000000.0,,,,,,,,,
2010,세전 기준,2010-01-31,4000000.0,0.0,393710728.5664665,,,,,,,,,
2010,세전 기준,2010-02-28,4000000.0,0.0,392692015.0712346,,,,,,,,,
2010,세전 기준,2010-03-31,4000000.0,0.0,393854841.3105806,,,,,,,,,
2010,세전 기준,2010-04-30,4000000.0,0.0,390057571.1204947,,,,,,,,,
2010,세전 기준,2010-05-31,4000000.0,0.0,385776592.76105714,,,,,,,,,
2010,세전 기준,2010-06-30,4000000.0,0.0,373748179.4830406,,,,,,,,,
2010,세전 기준,2010-07-31,4000000.0,0.0,378633377.4516312,,,,,,,,,
2010,세전 기준,2010-08-31,4000000.0,0.0,364123131.6932956,,,,,,,,,
2010,세전 기준,2010-09-30,4000000.0,0.0,382933934.51289856,,,,,,,,,
2010,세전 기준,2010-10-31,4000000.0,0.0,395970386.124969,,,,,,,,,
2010,세전 기준,2010-11-30,4000000.0,0.0,402963112.8924145,,,,,,,,,
2010,세전 기준,2010-12-31,4000000.0,0.0,408429125.55019957,,,,,,,,,
2010,세전 기준,2011-01-31,4000000.0,0.0,411706757.3817899,,,,,,,,,
2010,세전 기준,2011-02-28,4000000.0,0.0,422465192.5210146,,,,,,,,,
2010,세전 기준,2011-03-31,4000000.0,0.0,406672011.30988175,,,,,,,,,
2010,세전 기준,2011-04-30,4000000.0,0.0,403356119.36481816,,,,,,,,,
2010,세전 기준,2011-05-31,4000000.0,0.0,398020659.1964408,,,,,,,,,
2010,세전 기준,2011-06-30,4000000.0,0.0,381726413.4176813,,,,,,,,,
2010,세전 기준,2011-07-31,4000000.0,0.0,379606372.2516561,,,,,,,,,
2010,세전 기준,2011-08-31,4000000.0,0.0,359748933.5132251,,,,,,,,,
2010,세전 기준,2011-09-30,4000000.0,0.0,377379090.8650859,,,,,,,,,
2010,세전 기준,2011-10-31,4000000.0,0.0,388343059.81374466,,,,,,,,,
2010,세전 기준,2011-11-30,4000000.0,0.0,383403786.0099138,,,,,,,,,
2010,세전 기준,2011-12-31,4000000.0,0.0,383215527.99219847,,,,,,,,,
2010,세전 기준,2012-01-31,4000000.0,0.0,399713112.0492928,,,,,,,,,
2010,세전 기준,2012-02-29,4000000.0,0.0,418085521.71685165,,,,,,,,,
2010,세전 기준,2012-03-31,4000000.0,0.0,440833996.93387467,,,,,,,,,
2010,세전 기준,2012-04-30,4000000.0,0.0,431158556.965479,,,,,,,,,
2010,세전 기준,2012-05-31,4000000.0,0.0,414520624.47396845,,,,,,,,,
2010,세전 기준,2012-06-30,4000000.0,0.0,411397578.8179067,,,,,,,,,
2010,세전 기준,2012-07-31,4000000.0,0.0,407532656.47706467,,,,,,,,,
2010,세전 기준,2012-08-31,4000000.0,0.0,425775092.73395854,,,,,,,,,
2010,세전 기준,2012-09-30,4000000.0,0.0,417222296.735817,,,,,,,,,
2010,세전 기준,2012-10-31,4000000.0,0.0,383713149.3576281,,,,,,,,,
2010,세전 기준,2012-11-30,4000000.0,0.0,381732349.9603279,,,,,,,,,
2010,세전 기준,2012-12-31,4000000.0,0.0,369448413.5071244,,,,,,,,,
2010,세전 기준,2013-01-31,4000000.0,0.0,383959310.90965325,,,,,,,,,
2010,세전 기준,2013-02-28,4000000.0,0.0,380018646.4974609,,,,,,,,,
2010,세전 기준,2013-03-31,4000000.0,0.0,397836656.7355586,,,,,,,,,
2010,세전 기준,2013-04-30,4000000.0,0.0,399912208.3167393,,,,,,,,,
2010,세전 기준,2013-05-31,4000000.0,0.0,420680473.77374977,,,,,,,,,
2010,세전 기준,2013-06-30,4000000.0,0.0,411007034.83444,,,,,,,,,
2010,세전 기준,2013-07-31,4000000.0,0.0,425765072.932056,,,,,,,,,
2010,세전 기준,2013-08-31,4000000.0,0.0,415078026.17625374,,,,,,,,,
2010,세전 기준,2013-09-30,4000000.0,0.0,416980151.64945465,,,,,,,,,
2010,세전 기준,2013-10-31,4000000.0,0.0,428552494.03842974,,,,,,,,,
2010,세전 기준,2013-11-30,4000000.0,0.0,438486973.1069423,,,,,,,,,
2010,세전 기준,2013-12-31,4000000.0,0.0,446250932.0864552,,,,,,,,,
2010,세전 기준,2014-01-31,4000000.0,0.0,444091516.4632527,,,,,,,,,
2010,세전 기준,2014-02-28,4000000.0,0.0,456770592.7034119,,,,,,,,,
2010,세전 기준,2014-03-31,4000000.0,0.0,439717535.2906566,,,,,,,,,
2010,세전 기준,2014-04-30,4000000.0,0.0,421220970.6191618,,,,,,,,,
2010,세전 기준,2014-05-31,4000000.0,0.0,430767909.2074744,,,,,,,,,
2010,세전 기준,2014-06-30,4000000.0,0.0,436436468.9637507,,,,,,,,,
2010,세전 기준,2014-07-31,4000000.0,0.0,444644951.94777614,,,,,,,,,
2010,세전 기준,2014-08-31,4000000.0,0.0,456604410.92699933,,,,,,,,,
2010,세전 기준,2014-09-30,4000000.0,0.0,467340565.6117208,,,,,,,,,
2010,세전 기준,2014-10-31,4000000.0,0.0,484112064.3661255,,,,,,,,,
2010,세전 기준,2014-11-30,4000000.0,0.0,520511305.480382,,,,,,,,,
2010,세전 기준,2014-12-31,4000000.0,0.0,495161967.5990849,,,,,,,,,
2010,세전 기준,2015-01-31,4000000.0,0.0,486811273.7467528,,,,,,,,,
2010,세전 기준,2015-02-28,4000000.0,0.0,516236518.6098573,,,,,,,,,
2010,세전 기준,2015-03-31,4000000.0,0.0,503291652.9281119,,,,,,,,,
2010,세전 기준,2015-04-30,4000000.0,0.0,494624973.9852035,,,,,,,,,
2010,세전 기준,2015-05-31,4000000.0,0.0,518303386.08982265,,,,,,,,,
2010,세전 기준,2015-06-30,4000000.0,0.0,503859920.83173907,,,,,,,,,
2010,세전 기준,2015-07-31,4000000.0,0.0,542797330.1464605,,,,,,,,,
2010,세전 기준,2015-08-31,4000000.0,0.0,511714986.15842307,,,,,,,,,
2010,세전 기준,2015-09-30,4000000.0,0.0,497300241.8433725,,,,,,,,,
2010,세전 기준,2015-10-31,4000000.0,0.0,529215413.8762991,,,,,,,,,
2010,세전 기준,2015-11-30,4000000.0,0.0,532587640.1108424,,,,,,,,,
2010,세전 기준,2015-12-31,4000000.0,0.0,529154275.1428535,,,,,,,,,
2010,세전 기준,2016-01-31,4000000.0,0.0,505767291.37979144,,,,,,,,,
2010,세전 기준,2016-02-29,4000000.0,0.0,505391093.19927984,,,,,,,,,
2010,세전 기준,2016-03-31,4000000.0,0.0,492741776.7680429,,,,,,,,,
2010,세전 기준,2016-04-30,4000000.0,0.0,475229965.1061098,,,,,,,,,
2010,세전 기준,2016-05-31,4000000.0,0.0,511463055.2689402,,,,,,,,,
2010,세전 기준,2016-06-30,4000000.0,0.0,481166356.0594595,,,,,,,,,
2010,세전 기준,2016-07-31,4000000.0,0.0,493142273.91472197,,,,,,,,,
2010,세전 기준,2016-08-31,4000000.0,0.0,495704218.46618646,,,,,,,,,
2010,세전 기준,2016-09-30,4000000.0,0.0,494504460.06293756,,,,,,,,,
2010,세전 기준,2016-10-31,4000000.0,0.0,504330715.8946816,,,,,,,,,
2010,세전 기준,2016-11-30,4000000.0,0.0,516017632.8738069,,,,,,,,,
2010,세전 기준,2016-12-31,4000000.0,0.0,530224669.94457173,,,,,,,,,
2010,세전 기준,2017-01-31,4000000.0,0.0,529266608.3606075,,,,,,,,,
2010,세전 기준,2017-02-28,4000000.0,0.0,537733276.8022261,,,,,,,,,
2010,세전 기준,2017-03-31,4000000.0,0.0,538952613.4673234,,,,,,,,,
2010,세전 기준,2017-04-30,4000000.0,0.0,559315809.1611688,,,,,,,,,
2010,세전 기준,2017-05-31,4000000.0,0.0,568216300.5611453,,,,,,,,,
2010,세전 기준,2017-06-30,4000000.0,0.0,563027692.8864797,,,,,,,,,
2010,세전 기준,2017-07-31,4000000.0,0.0,570680655.2014556,,,,,,,,,
2010,세전 기준,2017-08-31,4000000.0,0.0,578774010.2567416,,,,,,,,,
2010,세전 기준,2017-09-30,4000000.0,0.0,583456254.8758858,,,,,,,,,
2010,세전 기준,2017-10-31,4000000.0,0.0,591968643.4055451,,,,,,,,,
2010,세전 기준,2017-11-30,4000000.0,0.0,582927584.954119,,,,,,,,,
2010,세전 기준,2017-12-31,4000000.0,0.0,573052983.6558886,,,,,,,,,
2010,세전 기준,2018-01-31,4000000.0,0.0,619766742.2008034,,,,,,,,,
2010,세전 기준,2018-02-28,4000000.0,0.0,615650954.4378315,,,,,,,,,
2010,세전 기준,2018-03-31,4000000.0,0.0,575008579.3002706,,,,,,,,,
2010,세전 기준,2018-04-30,4000000.0,0.0,578318210.535588,,,,,,,,,
2010,세전 기준,2018-05-31,4000000.0,0.0,613802669.0262614,,,,,,,,,
2010,세전 기준,2018-06-30,4000000.0,0.0,634661508.7820443,,,,,,,,,
2010,세전 기준,2018-07-31,4000000.0,0.0,648972744.5305265,,,,,,,,,
2010,세전 기준,2018-08-31,4000000.0,0.0,684801181.9685317,,,,,,,,,
2010,세전 기준,2018-09-30,4000000.0,0.0,674750187.5472554,,,,,,,,,
2010,세전 기준,2018-10-31,4000000.0,0.0,629989964.2333093,,,,,,,,,
2010,세전 기준,2018-11-30,4000000.0,0.0,612109671.0847976,,,,,,,,,
2010,세전 기준,2018-12-31,4000000.0,0.0,552217759.9628483,,,,,,,,,
2010,세전 기준,2019-01-31,4000000.0,0.0,597419672.7475144,,,,,,,,,
2010,세전 기준,2019-02-28,4000000.0,0.0,618389913.8440711,,,,,,,,,
2010,세전 기준,2019-03-31,4000000.0,0.0,645316189.5882498,,,,,,,,,
2010,세전 기준,2019-04-30,4000000.0,0.0,694059082.0792298,,,,,,,,,
2010,세전 기준,2019-05-31,4000000.0,0.0,646858059.6304499,,,,,,,,,
2010,세전 기준,2019-06-30,4000000.0,0.0,670956342.5026062,,,,,,,,,
2010,세전 기준,2019-07-31,4000000.0,0.0,699368307.3852867,,,,,,,,,
2010,세전 기준,2019-08-31,4000000.0,0.0,698662321.9087491,,,,,,,,,
2010,세전 기준,2019-09-30,4000000.0,0.0,692070525.7207255,,,,,,,,,
2010,세전 기준,2019-10-31,4000000.0,0.0,702224753.0385913,,,,,,,,,
2010,세전 기준,2019-11-30,4000000.0,0.0,734446062.2941879,,,,,,,,,
2010,세전 기준,2019-12-31,4000000.0,0.0,742280401.1913729,,,,,,,,,
2010,미국계좌,2009-12-31,0.0,0.0,400000000.0,,,,,,,,,
2010,미국계좌,2010-01-31,4000000.0,0.0,393710728.5664665,,,,,,,,,
2010,미국계좌,2010-02-28,4000000.0,0.0,392692015.0712346,,,,,,,,,
2010,미국계좌,2010-03-31,4000000.0,0.0,393854841.3105806,,,,,,,,,
2010,미국계좌,2010-04-30,4000000.0,0.0,390057571.1204947,,,,,,,,,
2010,미국계좌,2010-05-31,4000000.0,0.0,385776592.76105714,,,,,,,,,
2010,미국계좌,2010-06-30,4000000.0,0.0,373748179.4830406,,,,,,,,,
2010,미국계좌,2010-07-31,4000000.0,0.0,378633377.4516312,,,,,,,,,
2010,미국계좌,2010-08-31,4000000.0,0.0,364123131.6932956,,,,,,,,,
2010,미국계좌,2010-09-30,4000000.0,0.0,382933934.51289856,,,,,,,,,
2010,미국계좌,2010-10-31,4000000.0,0.0,395970386.124969,,,,,,,,,
2010,미국계좌,2010-11-30,4000000.0,0.0,402963112.8924145,,,,,,,,,
2010,미국계좌,2010-12-31,4000000.0,0.0,408429125.55019957,,,,,,,,,
2010,미국계좌,2011-01-31,4000000.0,0.0,411706757.3817899,,,,,,,,,
2010,미국계좌,2011-02-28,4000000.0,0.0,422465192.5210146,,,,,,,,,
2010,미국계좌,2011-03-31,4000000.0,0.0,406672011.30988175,,,,,,,,,
2010,미국계좌,2011-04-30,4000000.0,0.0,403356119.36481816,,,,,,,,,
2010,미국계좌,2011-05-31,4000000.0,0.0,398020659.1964408,,,,,,,,,
2010,미국계좌,2011-06-30,4000000.0,0.0,381726413.4176813,,,,,,,,,
2010,미국계좌,2011-07-31,4000000.0,0.0,379606372.2516561,,,,,,,,,
2010,미국계좌,2011-08-31,4000000.0,0.0,359748933.5132251,,,,,,,,,
2010,미국계좌,2011-09-30,4000000.0,0.0,377379090.8650859,,,,,,,,,
2010,미국계좌,2011-10-31,4000000.0,123831.64629909393,388219228.16744554,,,,,,,,,
2010,미국계좌,2011-11-30,4000000.0,152970.36341790852,383127283.5081151,,,,,,,,,
2010,미국계좌,2011-12-31,4000000.0,160759.46065862285,382775517.084027,,,,,,,,,
2010,미국계좌,2012-01-31,4000000.0,0.0,399249565.66325724,,,,,,,,,
2010,미국계좌,2012-02-29,4000000.0,0.0,417596030.09825873,,,,,,,,,
2010,미국계좌,2012-03-31,4000000.0,0.0,440313188.38668996,,,,,,,,,
2010,미국계좌,2012-04-30,4000000.0,0.0,430644453.4765819,,,,,,,,,
2010,미국계좌,2012-05-31,4000000.0,91293.48716855147,413930296.6762394,,,,,,,,,
2010,미국계좌,2012-06-30,4000000.0000000005,257245.72449167792,410548756.4060145,,,,,,,,,
2010,미국계좌,2012-07-31,4000000.0,257483.061068955,406426072.3030358,,,,,,,,,
2010,미국계좌,2012-08-31,4000000.0,295226.48923081806,424312886.59671026,,,,,,,,,
2010,미국계좌,2012-09-30,4000000.0,287698.83628534066,415488027.0738922,,,,,,,,,
2010,미국계좌,2012-10-31,4000000.0000000005,234871.11130223388,381866669.38045067,,,,,,,,,
2010,미국계좌,2012-11-30,3999999.9999999995,238736.36757049276,379637416.94705015,,,,,,,,,
2010,미국계좌,2012-12-31,3999999.9999999995,222490.60346818677,367176451.8271453,,,,,,,,,
2010,미국계좌,2013-01-31,4000000.0,0.0,381573514.529015,,,,,,,,,
2010,미국계좌,2013-02-28,4000000.0,0.0,377632481.4250717,,,,,,,,,
2010,미국계좌,2013-03-31,4000000.0,0.0,395313494.76983535,,,,,,,,,
2010,미국계좌,2013-04-30,4000000.0,0.0,397350513.9523271,,,,,,,,,
2010,미국계좌,2013-05-31,4000000.0,294025.2850800006,417666097.4873308,,,,,,,,,
2010,미국계좌,2013-06-30,3999999.9999999995,340082.83345829934,407693228.61116064,,,,,,,,,
2010,미국계좌,2013-07-31,4000000.0000000005,369392.1400452411,421930635.0567132,,,,,,,,,
2010,미국계좌,2013-08-31,4000000.0,359100.00041856355,410944711.8063288,,,,,,,,,
2010,미국계좌,2013-09-30,3999999.9999999995,368284.97796697385,412419779.39985985,,,,,,,,,
2010,미국계좌,2013-10-31,4000000.0000000005,391713.8689970334,423430098.4271415,,,,,,,,,
2010,미국계좌,2013-11-30,4000000.0,411666.2673933869,432786355.40273386,,,,,,,,,
2010,미국계좌,2013-12-31,4000000.0000000005,427830.84133487724,439969544.3729475,,,,,,,,,
2010,미국계좌,2014-01-31,4000000.0,0.0,437784220.8507161,,,,,,,,,
2010,미국계좌,2014-02-28,4000000.0,0.0,450226409.286243,,,,,,,,,
2010,미국계좌,2014-03-31,4000000.0,96690.2697114228,433263673.64708316,,,,,,,,,
2010,미국계좌,2014-04-30,4000000.0,414708.3981087722,414565170.85655224,,,,,,,,,
2010,미국계좌,2014-05-31,4000000.0,433930.4238170515,423464121.0397758,,,,,,,,,
2010,미국계좌,2014-06-30,4000000.0,447147.21331735124,428521600.4975695,,,,,,,,,
2010,미국계좌,2014-07-31,4000000.0000000005,463277.10397886916,436045402.9343621,,,,,,,,,
2010,미국계좌,2014-08-31,4000000.0,483419.3866381618,447212782.4395714,,,,,,,,,
2010,미국계좌,2014-09-30,3999999.9999999995,501113.1134058167,457144724.6828467,,,,,,,,,
2010,미국계좌,2014-10-31,4000000.0,524658.1814363406,472938399.16509277,,,,,,,,,
2010,미국계좌,2014-11-30,4000000.0,566049.055268138,507839146.8009545,,,,,,,,,
2010,미국계좌,2014-12-31,4000000.0000000005,544741.0115075639,482464830.29272056,,,,,,,,,
2010,미국계좌,2015-01-31,4000000.0,0.0,474225698.63788295,,,,,,,,,
2010,미국계좌,2015-02-28,4000000.0,0.0,502786797.6760166,,,,,,,,,
2010,미국계좌,2015-03-31,4000000.0,425643.93237645563,489649332.30203134,,,,,,,,,
2010,미국계좌,2015-04-30,4000000.0,560472.2092160416,480548677.0495066,,,,,,,,,
2010,미국계좌,2015-05-31,4000000.0,587385.2164838149,502852017.1689087,,,,,,,,,
2010,미국계좌,2015-06-30,3999999.9999999995,577458.345650596,488142428.2753966,,,,,,,,,
2010,미국계좌,2015-07-31,4000000.0,616389.6080525573,525124051.09140056,,,,,,,,,
2010,미국계좌,2015-08-31,3999999.9999999995,592320.6789446886,494331177.4653517,,,,,,,,,
2010,미국계좌,2015-09-30,4000000.0,582372.4253612151,479687866.901537,,,,,,,,,
2010,미국계좌,2015-10-31,4000000.0,615461.4946377295,509715606.45988065,,,,,,,,,
2010,미국계좌,2015-11-30,4000000.0,621810.4900218697,512194380.4720669,,,,,,,,,
2010,미국계좌,2015-12-31,4000000.0,622295.5907760466,508117022.9484121,,,,,,,,,
2010,미국계좌,2016-01-31,4000000.0,0.0,485500795.2500214,,,,,,,,,
2010,미국계좌,2016-02-29,4000000.0,0.0,484979388.459144,,,,,,,,,
2010,미국계좌,2016-03-31,4000000.0,546858.2282770772,472132541.8657041,,,,,,,,,
2010,미국계좌,2016-04-30,3999999.9999999995,586928.6111256717,454598941.61857015,,,,,,,,,
2010,미국계좌,2016-05-31,4000000.0,625031.1846278599,488460372.8816194,,,,,,,,,
2010,미국계좌,2016-06-30,4000000.0,600564.5383035599,458745784.2332762,,,,,,,,,
2010,미국계좌,2016-07-31,4000000.0,615826.3959829119,469361457.03307897,,,,,,,,,
2010,미국계좌,2016-08-31,4000000.0,621890.4756262087,470985074.2305148,,,,,,,,,
2010,미국계좌,2016-09-30,4000000.0,624455.2085030068,469021221.75077224,,,,,,,,,
2010,미국계좌,2016-10-31,4000000.0,636844.0394182644,477498126.77970004,,,,,,,,,
2010,미국계좌,2016-11-30,4000000.0,650285.1292317443,487700146.371177,,,,,,,,,
2010,미국계좌,2016-12-31,4000000.0,665102.3355375661,500242933.9965799,,,,,,,,,
2010,미국계좌,2017-01-31,4000000.0,0.0,499112864.9608139,,,,,,,,,
2010,미국계좌,2017-02-28,4000000.0,59842.24085355186,506809431.5017011,,,,,,,,,
2010,미국계좌,2017-03-31,3999999.9999999995,681133.8302111536,507047481.888216,,,,,,,,,
2010,미국계좌,2017-04-30,4000000.0,698850.6331364408,525269564.78175807,,,,,,,,,
2010,미국계좌,2017-05-31,3999999.9999999995,707736.6844619954,532677050.6462512,,,,,,,,,
2010,미국계좌,2017-06-30,4000000.0,706927.7006959842,526855857.07551396,,,,,,,,,
2010,미국계좌,2017-07-31,4000000.0,714781.3974115532,533045390.9107159,,,,,,,,,
2010,미국계좌,2017-08-31,3999999.9999999995,722682.0934485554,539618530.9449534,,,,,,,,,
2010,미국계좌,2017-09-30,4000000.0,728207.9956986213,542985192.4555912,,,,,,,,,
2010,미국계좌,2017-10-31,4000000.0,735963.6181306608,549893703.7009642,,,,,,,,,
2010,미국계좌,2017-11-30,4000000.0,732854.4191167718,540478090.6031436,,,,,,,,,
2010,미국계좌,2017-12-31,4000000.0000000005,729142.8096956179,530302142.0929213,,,,,,,,,
2010,미국계좌,2018-01-31,4000000.0,0.0,573232557.878176,,,,,,,,,
2010,미국계좌,2018-02-28,4000000.0,209655.3379764446,568915808.5143026,,,,,,,,,
2010,미국계좌,2018-03-31,3999999.9999999995,737614.949917437,530317405.5204436,,,,,,,,,
2010,미국계좌,2018-04-30,4000000.0,742148.7900455988,532316764.2688455,,,,,,,,,
2010,미국계좌,2018-05-31,4000000.0,765074.956488259,563895416.3466443,,,,,,,,,
2010,미국계좌,2018-06-30,4000000.0000000005,778244.6430883366,581954781.413236,,,,,,,,,
2010,미국계좌,2018-07-31,4000000.0,787406.3525041288,593957917.8145604,,,,,,,,,
2010,미국계좌,2018-08-31,3999999.9999999995,805873.6937628478,625604138.5575187,,,,,,,,,
2010,미국계좌,2018-09-30,4000000.0,803182.2635143446,615273034.8300593,,,,,,,,,
2010,미국계좌,2018-10-31,4000000.0000000005,783689.8457497662,573322009.9297101,,,,,,,,,
2010,미국계좌,2018-11-30,4000000.0,776460.6510783414,555913796.364912,,,,,,,,,
2010,미국계좌,2018-12-31,3999999.9999999995,743765.0610834067,500409381.757436,,,,,,,,,
2010,미국계좌,2019-01-31,4000000.0,0.0,540995232.7440368,,,,,,,,,
2010,미국계좌,2019-02-28,3999999.9999999995,245286.10510472427,559361825.7080961,,,,,,,,,
2010,미국계좌,2019-03-31,3999999.9999999995,801582.8675519855,582534466.9915832,,,,,,,,,
2010,미국계좌,2019-04-30,3999999.9999999995,824801.2296263681,625321291.2884008,,,,,,,,,
2010,미국계좌,2019-05-31,4000000.0,805928.236221281,581592856.5391585,,,,,,,,,
2010,미국계좌,2019-06-30,4000000.0,818534.3969239054,602037608.8187563,,,,,,,,,
2010,미국계좌,2019-07-31,4000000.0,831980.0675725909,626288328.4724561,,,,,,,,,
2010,미국계좌,2019-08-31,4000000.0,833288.8817928156,624404848.4797394,,,,,,,,,
2010,미국계좌,2019-09-30,4000000.0,832254.1431257826,617256267.7574848,,,,,,,,,
2010,미국계좌,2019-10-31,4000000.0,837849.7862878907,625042543.9851149,,,,,,,,,
2010,미국계좌,2019-11-30,3999999.9999999995,851322.9623379945,652431410.7706103,,,,,,,,,
2010,미국계좌,2019-12-31,4000000.0000000005,855480.189411852,658088744.0042965,,,,,,,,,
2010,절세계좌,2009-12-31,0.0,0.0,400000000.0,50000000.0,50000000.0,0.0,200000000.0,0.0,36000000.0,0.0,114000000.0,0.0
2010,절세계좌,2010-01-31,4000000.0,0.0,393710728.56646645,47710728.56646645,47710728.56646645,0.0,200000000.0,0.0,36000000.0,0.0,110000000.0,0.0
2010,절세계좌,2010-02-28,4000000.0,0.0,392692015.0712346,49920189.67766491,49920189.67766491,0.0,200000000.0,771825.3935696483,36000000.0,0.0,106000000.0,0.0
2010,절세계좌,2010-03-31,4000000.0,0.0,393854841.3105806,52479769.64990649,50000000.0,2479769.6499064937,200000000.0,3375071.660674095,36000000.0,0.0,102000000.0,0.0
2010,절세계좌,2010-04-30,4000000.0,0.0,390057571.12049466,52556207.27654165,50000000.0,2556207.2765416503,200000000.0,3501363.8439530134,36000000.0,0.0,98000000.0,0.0
2010,절세계좌,2010-05-31,4000000.0,0.0,385776592.76105714,52470711.70806782,50000000.0,2470711.7080678195,200000000.0,3305881.052989304,36000000.0,0.0,94000000.0,0.0
2010,절세계좌,2010-06-30,4000000.0,0.0,373748179.4830406,50423556.81580472,50000000.0,423556.8158047199,197324622.66723585,0.0,36000000.0,0.0,90000000.0,0.0
2010,절세계좌,2010-07-31,4000000.0,0.0,378633377.45163107,52362367.40748071,50000000.0,2362367.4074807093,200000000.0,4271010.044150382,36000000.0,0.0,86000000.0,0.0
2010,절세계좌,2010-08-31,4000000.0,0.0,364123131.69329554,50348678.19745385,50000000.0,348678.197453849,196415400.20042074,0.0,35359053.295420974,0.0,82000000.0,0.0
2010,절세계좌,2010-09-30,4000000.0,0.0,382933934.5128985,54227111.3479559,50000000.0,4227111.347955897,200000000.0,11545568.988942415,36000000.0,2082813.4690944925,79078440.70690568,0.0
2010,절세계좌,2010-10-31,4000000.0,0.0,395970386.1249689,56849658.60927304,50000000.0,6849658.609273039,200000000.0,21776397.052710176,36000000.0,3924585.521560468,77419744.94142523,0.0
2010,절세계좌,2010-11-30,4000000.0,43583.56955325044,402919529.32286114,58427889.67354526,50000000.0,8427889.673545264,200000000.0,27933239.639164448,36000000.0,5032951.387596503,75525448.62255494,0.0
2010,절세계좌,2010-12-31,4000000.0,57065.26600335661,408327452.89234287,50000000.00000001,41805726.360759236,8194273.6392407715,200000000.0,33287622.86314541,36000000.0,5996857.077209763,73242552.82708791,9800420.12489979
2010,절세계좌,2011-01-31,4000000.0,59250.858347347574,410836134.7920665,50890929.58561495,41805726.360759236,9085203.224855714,200000000.0,37444479.7664766,72000000.0,6745181.926668331,43755543.51330661,0.0
2010,절세계좌,2011-02-28,4000000.0,79221.57230672137,421484139.18694437,52715214.638016105,41805726.360759236,10909488.277256869,200000000.0,45956142.23246524,72000000.0,9567957.21309258,41244825.10337042,0.0
2010,절세계좌,2011-03-31,4000000.0,63207.556294222,405655136.6751221,51243661.265535705,41805726.360759236,9437934.904776469,200000000.0,39090238.46882129,72000000.0,7290975.067662746,36030261.87310235,0.0
2010,절세계좌,2011-04-30,4000000.0,64167.409836094186,402273366.722716,51329863.90663527,41805726.360759236,9524137.545876034,200000000.0,39492438.65335417,72000000.0,7424359.203327343,32026704.959399164,0.0
2010,절세계좌,2011-05-31,4000000.0,62272.41881737683,396879218.99008596,51159917.33732701,41805726.360759236,9354190.976567775,200000000.0,38699510.030000776,72000000.0,7161395.378006011,27858396.244752172,0.0
2010,절세계좌,2011-06-30,4000000.0,44119.7786119889,380576110.76449966,49579666.20404175,41805726.360759236,7773939.843282513,200000000.0,31326449.421782583,72000000.0,4716221.670360759,22953773.46831459,0.0
2010,절세계좌,2011-07-31,4000000.0,46989.0328609905,378403415.45689017,49823840.37745381,41805726.360759236,8018114.016694576,200000000.0,32465705.671380043,72000000.0,5094040.269150153,19019829.138906177,0.0
2010,절세계좌,2011-08-31,4000000.0,21731.363869868925,358574496.91797805,47742530.488443136,41805726.360759236,5936804.1276839,200000000.0,22754828.94240287,72000000.0,1873562.1369871646,14203575.35014486,0.0
2010,절세계좌,2011-09-30,3999999.9999999995,56100.86573547434,376077939.57877,50613083.67328829,41805726.360759236,8807357.312529057,200000000.0,36148119.51829803,72000000.0,6315261.956805408,11001474.430378236,0.0
2010,절세계좌,2011-10-31,4000000.0,78208.90914648316,386912105.908092,52620011.536585614,41805726.360759236,10814285.175826378,200000000.0,45511948.12802693,72000000.0,9420646.37394756,7359499.869531928,0.0
2010,절세계좌,2011-11-30,4000000.0,76850.20249454961,381899442.90740097,52492741.08036246,41805726.360759236,10687014.719603226,200000000.0,44918135.68416676,72000000.0,9223716.679190814,3264849.4636809346,0.0
2010,절세계좌,2011-12-31,4000000.0,66542.30451293486,381629686.6354172,50000000.00000001,39428491.222960845,10571508.777039163,200000000.0,47353074.446054935,71230765.79473878,10031230.48609738,0.0,3014615.9085261
2010,절세계좌,2012-01-31,4000000.0,0.0,397881199.6108131,52674419.81859249,39428491.222960845,13245928.595631644,200000000.0,60583593.73582116,70245381.70326489,14377804.353134528,0.0,0.0
2010,절세계좌,2012-02-29,4000000.0,0.0,416151074.9998774,55622668.60918309,39428491.222960845,16194177.386222243,200000000.0,75168761.7875101,66245381.70326489,19114262.8999193,0.0,0.0
2010,절세계좌,2012-03-31,4000000.0,0.0,438775787.2608068,59181322.27096917,39428491.222960845,19752831.048008323,200000000.0,92773640.27014011,62245381.70326489,24575443.016432628,0.0,0.0
2010,절세계좌,2012-04-30,4000000.0,0.0,429126845.3518238,58419402.71817763,39428491.222960845,18990911.495216787,200000000.0,89004377.39286911,58245381.70326489,23457683.53751214,0.0,0.0
2010,절세계좌,2012-05-31,4000000.0,0.0,412548465.5093347,56707038.54073232,39428491.222960845,17278547.317771472,200000000.0,80533206.51562136,54245381.70326489,21062838.749716133,0.0,0.0
2010,절세계좌,2012-06-30,4000000.0,0.0,409421247.57988334,56827007.20053852,39428491.222960845,17398515.97757768,200000000.0,81126698.85242611,50245381.70326489,21222159.823653787,0.0,0.0
2010,절세계좌,2012-07-31,4000000.0,0.0,405555676.33342993,56845665.69418269,39428491.222960845,17417174.471221842,200000000.0,81219003.56777442,46245381.70326489,21245625.368207946,0.0,0.0
2010,절세계좌,2012-08-31,4000000.0,0.0,423690212.3910954,59948205.025910355,39428491.222960845,20519713.80294951,200000000.0,96567456.41362739,42245381.70326489,24929169.24829279,0.0,0.0
2010,절세계좌,2012-09-30,4000000.0,0.0,415159709.93488157,59307181.27277065,39428491.222960845,19878690.049809806,200000000.0,93396272.49098629,38245381.70326489,24210874.46785973,0.0,0.0
2010,절세계좌,2012-10-31,4000000.0,0.0,381796444.4483492,55112524.45204155,39428491.222960845,15684033.229080707,200000000.0,72645047.27391714,34245381.70326489,19793491.019125596,0.0,0.0
2010,절세계좌,2012-11-30,4000000.0,0.0,379805558.84025705,55402541.20746462,39428491.222960845,15974049.984503776,200000000.0,74079777.99581242,30245381.703264892,20077857.93371515,0.0,0.0
2010,절세계좌,2012-12-31,4000000.0,0.0,367563435.49301374,50000000.0,36372975.03887755,13627024.961122453,200000000.0,68131999.49534902,26245381.703264892,18985798.224037945,0.0,4200256.070361838
2010,절세계좌,2013-01-31,4000000.0,0.0,381769437.4360148,52505207.32066587,36372975.03887755,16132232.281788327,200000000.0,81566524.45615953,26445637.77362673,21252067.88556263,0.0,0.0
2010,절세계좌,2013-02-28,4000000.0,0.0,377828434.6092402,52513321.27245923,36372975.03887755,16140346.233581685,200000000.0,81610036.65852278,22445637.77362673,21259438.904631443,0.0,0.0
2010,절세계좌,2013-03-31,4000000.0,0.0,395520698.21400505,55528268.54338661,36372975.03887755,19155293.50450906,200000000.0,97778113.46105886,18445637.77362673,23768678.435932852,0.0,0.0
2010,절세계좌,2013-04-30,4000000.0,0.0,397560881.6982058,56376266.97198099,36372975.03887755,20003291.933103442,200000000.0,102325623.74561739,14445637.77362673,24413353.206980735,0.0,0.0
2010,절세계좌,2013-05-31,4000000.0,0.0,418183519.4883113,59867889.17505057,36372975.03887755,23494914.136173025,200000000.0,121049936.60144544,10445637.77362673,26820055.938188583,0.0,0.0
2010,절세계좌,2013-06-30,4000000.0,0.0,408543755.31775326,59060490.6033672,36372975.03887755,22687515.564489655,200000000.0,116720148.73314238,6445637.77362673,26317478.20761697,0.0,0.0
2010,절세계좌,2013-07-31,4000000.0,0.0,423189371.2738901,61755964.98435465,36372975.03887755,25382989.945477106,200000000.0,131175007.44039547,2445637.77362673,27812761.075513236,0.0,0.0
2010,절세계좌,2013-08-31,4000000.0,0.0,412542778.3704871,60786028.623778716,36372975.03887755,24413053.58490117,198445637.77362674,125973587.92550611,0.0,27337524.047575526,0.0,0.0
2010,절세계좌,2013-09-30,4000000.0,0.0,414408854.3548891,61650364.351834774,36372975.03887755,25277389.312957227,194445637.77362674,130586607.29835504,0.0,27726244.93107256,0.0,0.0
2010,절세계좌,2013-10-31,4000000.0,0.0,425885170.2982494,63952729.53227367,36372975.03887755,27579754.493396126,190445637.77362674,142725106.9072603,0.0,28761696.085088685,0.0,0.0
2010,절세계좌,2013-11-30,4000000.0,0.0,435732920.7457796,66032166.66877018,36372975.03887755,29659191.629892632,186445637.77362674,153558227.31276244,0.0,29696888.990620226,0.0,0.0
2010,절세계좌,2013-12-31,4000000.0,0.0,442707333.3148164,50000000.00000001,26822259.27052402,23177740.729475986,182445637.77362674,162680029.7084214,0.0,30493612.736891247,0.0,17088053.09587698
2010,절세계좌,2014-01-31,4000000.0,0.0,440462821.4075181,50206227.510628596,26822259.27052402,23383968.240104575,182445637.77362674,164103517.85359848,13088053.09587698,30619385.173787285,0.0,0.0
2010,절세계좌,2014-02-28,4000000.0,0.0,453005612.0415729,52091860.23572443,26822259.27052402,25269600.965200406,182445637.77362674,177119122.91109228,9088053.09587698,32260938.025252525,0.0,0.0
2010,절세계좌,2014-03-31,4000000.0,0.0,436060145.8562784,50603239.791991875,26822259.27052402,23780980.521467853,182445637.77362674,166843900.42567992,5088053.095876981,31079314.769102868,0.0,0.0
2010,절세계좌,2014-04-30,4000000.0,0.0,417684157.64173394,48934957.13470173,26822259.27052402,22112697.864177708,182445637.77362674,155328557.1127602,1088053.0958769806,29886952.52476832,0.0,0.0
2010,절세계좌,2014-05-31,4000000.0,0.0,427117348.3600553,50508760.21043909,26822259.27052402,23686500.939915072,179533690.86950374,166191753.85274333,0.0,30883143.4273692,0.0,0.0
2010,절세계좌,2014-06-30,4000000.0,0.0,432703971.49816036,51642426.288788624,26822259.27052402,24820167.018264603,175533690.86950374,173951540.61984974,0.0,31576313.720018268,0.0,0.0
2010,절세계좌,2014-07-31,4000000.0,0.0,440808044.94027746,53087025.27955909,26822259.27052402,26264766.00903507,171533690.86950374,183727727.5456044,0.0,32459601.245610245,0.0,0.0
2010,절세계좌,2014-08-31,4000000.0,0.0,452629787.3892106,54992456.11503076,26822259.27052402,28170196.844506737,167533690.86950374,196478979.998286,0.0,33624660.40639006,0.0,0.0
2010,절세계좌,2014-09-30,4000000.0,0.0,463237667.6511171,56767246.98522541,26822259.27052402,29944987.714701388,163533690.86950374,208226888.9030993,0.0,34709840.89328863,0.0,0.0
2010,절세계좌,2014-10-31,4000000.0,0.0,479826808.3006425,59290333.75921681,26822259.27052402,32468074.488692787,159533690.86950374,224750223.25045198,0.0,36252560.421469994,0.0,0.0
2010,절세계좌,2014-11-30,4000000.0,0.0,515868444.0053903,64238123.05345723,26822259.27052402,37415863.782933205,155533690.86950374,256818786.80337596,0.0,39277843.27905333,0.0,0.0
2010,절세계좌,2014-12-31,4000000.0,0.0,490368272.83337593,50000000.0,21770138.72027065,28229861.27972935,151533690.86950374,239905700.99844122,0.0,37666819.77469498,0.0,11262061.190736007
2010,절세계좌,2015-01-31,4000000.0,0.0,482158651.36403185,49560679.72330069,21770138.72027065,27790541.00303004,151533690.86950374,236466355.75951248,7262061.190736007,37335863.82097894,0.0,0.0
2010,절세계좌,2015-02-28,4000000.0,0.0,511264439.6927774,52963595.688215256,21770138.72027065,31193456.967944607,151533690.86950374,263107062.8771901,3262061.190736007,40398029.06713228,0.0,0.0
2010,절세계좌,2015-03-31,4000000.0,0.0,498405725.564572,52045891.82114074,21770138.72027065,30275753.100870088,150795752.06023973,255922554.00433987,0.0,39641527.67885165,0.0,0.0
2010,절세계좌,2015-04-30,4000000.0,0.0,489784350.4811878,51563305.897027865,21770138.72027065,29793167.176757216,146795752.06023973,252151333.59254795,0.0,39273958.931372255,0.0,0.0
2010,절세계좌,2015-05-31,4000000.0,0.0,513191889.1377724,54448704.94713158,21770138.72027065,32678566.226860933,142795752.06023973,274475766.0927254,0.0,41471666.03767565,0.0,0.0
2010,절세계좌,2015-06-30,4000000.0,0.0,498851417.11158377,53351600.09749344,21770138.72027065,31581461.37722279,138795752.06023973,266068025.14413917,0.0,40636039.80971145,0.0,0.0
2010,절세계좌,2015-07-31,4000000.0,0.0,537362016.9790851,57898061.120231554,21770138.72027065,36127922.399960905,134795752.06023973,300569284.3231439,0.0,44098919.47546992,0.0,0.0
2010,절세계좌,2015-08-31,4000000.0,0.0,506550862.646387,55009293.76561792,21770138.72027065,33239155.045347273,130795752.06023973,278847169.9705957,0.0,41898646.849933624,0.0,0.0
2010,절세계좌,2015-09-30,4000000.0,0.0,492241221.81167996,53889710.12039115,21770138.72027065,32119571.400120504,126795752.06023973,270509860.3181078,0.0,41045899.3129413,0.0,0.0
2010,절세계좌,2015-10-31,4000000.0,0.0,523791029.90655017,57781641.08467967,21770138.72027065,36011502.36440902,122795752.06023973,299203390.337966,0.0,44010246.423664734,0.0,0.0
2010,절세계좌,2015-11-30,4000000.0,0.0,527087691.8533584,58586567.24349903,21770138.72027065,36816428.523228385,118795752.06023973,305082042.1439583,0.0,44623330.40566134,0.0,0.0
2010,절세계좌,2015-12-31,4000000.0,0.0,523552010.43067557,49999999.99999999,18559716.411465593,31440283.5885344,114795752.06023973,305533017.700653,0.0,44670806.42716193,0.0,8552434.242620904
2010,절세계좌,2016-01-31,4000000.0,0.0,500683621.96523947,48168116.11719208,18559716.411465593,29608399.70572649,114795752.06023973,290133147.7245438,4552434.242620904,43034171.82064293,0.0,0.0
2010,절세계좌,2016-02-29,4000000.0,0.0,500270999.5026753,48513238.68601342,18559716.411465593,29953522.27454783,114795752.06023973,293034446.61993164,552434.242620904,43375127.89386958,0.0,0.0
2010,절세계좌,2016-03-31,4000000.0,0.0,487709308.89455914,47682978.00642126,18559716.411465593,29123261.594955668,111348186.30286063,286054797.6192554,0.0,42623346.96602185,0.0,0.0
2010,절세계좌,2016-04-30,4000000.0,0.0,470335496.0005553,46375430.22240993,18559716.411465593,27815713.810944334,107348186.30286063,275157336.66543496,0.0,41454542.80984975,0.0,0.0
2010,절세계좌,2016-05-31,4000000.0,0.0,506154219.15944684,50301585.98378256,18559716.411465593,31741869.572316967,103348186.30286063,307540351.8861353,0.0,44964094.98666839,0.0,0.0
2010,절세계좌,2016-06-30,4000000.0,0.0,476130471.95477986,47715347.03113756,18559716.411465593,29155630.61967197,99348186.30286063,286414657.30063355,0.0,42652281.32014815,0.0,0.0
2010,절세계좌,2016-07-31,4000000.0,0.0,487939185.9526408,49299615.03949888,18559716.411465593,30739898.628033288,95348186.30286063,299222941.6360003,0.0,44068442.97428098,0.0,0.0
2010,절세계좌,2016-08-31,4000000.0,0.0,490431896.1745628,49955615.0569577,18559716.411465593,31395898.645492107,91348186.30286063,304473259.8506407,0.0,44654834.96410381,0.0,0.0
2010,절세계좌,2016-09-30,4000000.0,0.0,489202354.33263713,50237815.17965712,18559716.411465593,31678098.768191524,87348186.30286063,306709261.9605981,0.0,44907090.88952129,0.0,0.0
2010,절세계좌,2016-10-31,4000000.0,0.0,498880364.2410487,51642455.46341394,18559716.411465593,33082739.051948346,83348186.30286063,317727037.3946183,0.0,46162685.08015586,0.0,0.0
2010,절세계좌,2016-11-30,4000000.0,0.0,510397751.1653846,53248764.35145303,18559716.411465593,34689047.939987436,79348186.30286063,330202251.6503376,0.0,47598548.86073338,0.0,0.0
2010,절세계좌,2016-12-31,4000000.0,0.0,524406497.73582536,50000000.00000001,16833421.915133137,33166578.08486687,75348186.30286063,344652726.84947747,0.0,49278004.151428685,0.0,5127580.432058588
2010,절세계좌,2017-01-31,4000000.0,0.0,523385639.55385685,50286853.72338049,16833421.915133137,33453431.808247354,75348186.30286063,347062303.3646965,1127580.4320585877,49560715.73086062,0.0,0.0
2010,절세계좌,2017-02-28,4000000.0,0.0,531713784.0699697,51471340.94104835,16833421.915133137,34637919.025915205,72475766.73491922,357012017.62545204,0.0,50754658.76855011,0.0,0.0
2010,절세계좌,2017-03-31,4000000.0,0.0,532874694.4473921,51970931.10696278,16833421.915133137,35137509.19182964,68475766.73491922,361180703.9181322,0.0,51247292.687377915,0.0,0.0
2010,절세계좌,2017-04-30,4000000.0,0.0,552963139.5847068,54320261.88913378,16833421.915133137,37486839.97400065,64475766.73491922,380603199.3547963,0.0,53563911.6058574,0.0,0.0
2010,절세계좌,2017-05-31,4000000.0,0.0,561717108.1117451,55573146.323772244,16833421.915133137,38739724.4086391,60475766.73491922,390868844.05910385,0.0,54799350.99394978,0.0,0.0
2010,절세계좌,2017-06-30,4000000.0,0.0,556542095.5944462,55456897.162738815,16833421.915133137,38623475.24760568,56475766.73491922,389924711.2213465,0.0,54684720.475441635,0.0,0.0
2010,절세계좌,2017-07-31,4000000.0,0.0,564060825.753901,56604686.41166512,16833421.915133137,39771264.49653198,52475766.73491922,399163844.59388626,0.0,55816528.013430335,0.0,0.0
2010,절세계좌,2017-08-31,4000000.0,0.0,572013899.2923963,57804202.400739156,16833421.915133137,40970780.485606015,48475766.73491922,408734588.1034986,0.0,56999342.05323943,0.0,0.0
2010,절세계좌,2017-09-30,4000000.0,0.0,576594734.8364873,58671328.80303755,16833421.915133137,41837906.887904406,44475766.73491922,415593244.6305115,0.0,57854394.66801902,0.0,0.0
2010,절세계좌,2017-10-31,4000000.0,0.0,584959976.0797485,59929552.4580246,16833421.915133137,43096130.54289146,40475766.73491922,425459557.95315313,0.0,59095098.933651574,0.0,0.0
2010,절세계좌,2017-11-30,4000000.0,0.0,575978601.7045813,59419207.222218335,16833421.915133137,42585785.3070852,36475766.73491922,421491768.0499171,0.0,58591859.69752658,0.0,0.0
2010,절세계좌,2017-12-31,4000000.0,0.0,565888878.834055,50000000.0,14309171.087599786,35690828.912400216,32475766.73491922,416876483.5037137,0.0,58001385.29911239,0.0,8535243.29630953
2010,절세계좌,2018-01-31,4000000.0,0.0,611213284.2607001,54424875.185308166,14309171.087599786,40115704.09770838,32475766.73491922,456643035.93457997,4535243.296309531,63134363.109583184,0.0,0.0
2010,절세계좌,2018-02-28,4000000.0,0.0,607099094.4953185,54414707.27193264,14309171.087599786,40105536.184332855,32475766.73491922,456551656.4394696,535243.2963095307,63121720.752687596,0.0,0.0
2010,절세계좌,2018-03-31,4000000.0,0.0,566965709.8139223,51176047.27719685,14309171.087599786,36866876.18959706,29011010.03122875,427445673.31162226,0.0,59332979.19387448,0.0,0.0
2010,절세계좌,2018-04-30,4000000.0,0.0,570173098.3834163,51826608.06384232,14309171.087599786,37517436.976242535,25011010.03122875,433248247.656152,0.0,60087232.632193185,0.0,0.0
2010,절세계좌,2018-05-31,4000000.0,0.0,605101452.4028567,55365050.25281305,14309171.087599786,41055879.165213265,21011010.03122875,464535726.2596133,0.0,64189665.85920163,0.0,0.0
2010,절세계좌,2018-06-30,4000000.0,0.0,625607895.2717627,57607319.60379018,14309171.087599786,43298148.516190395,17011010.03122875,484200235.9147204,0.0,66789329.72202344,0.0,0.0
2010,절세계좌,2018-07-31,4000000.0,0.0,639657916.421489,59269404.34582458,14309171.087599786,44960233.25822479,13011010.031228751,498661168.4863515,0.0,68716333.55808416,0.0,0.0
2010,절세계좌,2018-08-31,4000000.0,0.0,674914688.7907939,62906857.201696336,14309171.087599786,48597686.11409655,9011010.031228751,530063262.8310033,0.0,72933558.7268655,0.0,0.0
2010,절세계좌,2018-09-30,4000000.0,0.0,664951052.7395668,62351003.83577008,14309171.087599786,48041832.748170294,5011010.031228751,525299930.78130364,0.0,72289108.09126428,0.0,0.0
2010,절세계좌,2018-10-31,4000000.0,0.0,620782774.3119152,58584512.34440356,14309171.087599786,44275341.25680377,1011010.031228751,493264975.07136714,0.0,67922276.86491568,0.0,0.0
2010,절세계좌,2018-11-30,4000000.0,0.0,603105339.1491468,54304755.45636473,13562667.808316821,40742087.64804791,0.0,482374808.62587005,0.0,66425775.06691204,0.0,0.0
2010,절세계좌,2018-12-31,4000000.0,37456.997727206675,543998159.1830541,45308715.53004684,12452983.20167954,32855732.3283673,0.0,438329025.3213788,0.0,60360418.33162838,0.0,0.0
2010,절세계좌,2019-01-31,4000000.0,0.0,588467715.8031529,45345665.50073339,11443534.199396294,33902131.30133709,0.0,477383594.07755405,0.0,65738456.22486553,0.0,0.0
2010,절세계좌,2019-02-28,4000000.0,269715.9669233091,608794077.6211588,42971254.04400432,10409248.902589453,32562005.141414866,0.0,497336709.087704,0.0,68486114.48945047,0.0,0.0
2010,절세계좌,2019-03-31,4000000.0,814903.1307786582,634425553.2142775,40305384.75398964,9298450.911713786,31006933.84227585,0.0,522208997.3618414,0.0,71911171.09844652,0.0,0.0
2010,절세계좌,2019-04-30,4000000.0,837231.9857310484,681441101.7516286,38762386.83395538,8266818.861123866,30495567.97283151,0.0,564890110.0474724,0.0,77788604.8702009,0.0,0.0
2010,절세계좌,2019-05-31,4000000.0,819082.6960265721,634206390.3369323,31530577.63233309,7170839.328854441,24359738.303478647,0.0,529729082.7583449,0.0,72946729.9462543,0.0,0.0
2010,절세계좌,2019-06-30,4000000.0,831206.1061242991,656923902.6702086,28068999.802838624,6117842.7960224105,21951157.006816212,0.0,552739505.8200214,0.0,76115397.04734851,0.0,0.0
2010,절세계좌,2019-07-31,4000000.0,844134.016846978,683813866.8579067,24580798.174242433,5110681.583025333,19470116.5912171,0.0,579440756.4335649,0.0,79792312.25009938,0.0,0.0
2010,절세계좌,2019-08-31,4000000.0,845392.2741721756,682189227.9192643,19851181.10081816,4107981.464181227,15743199.636636933,0.0,582169913.9418801,0.0,80168132.87656604,0.0,0.0
2010,절세계좌,2019-09-30,4000000.0,844397.5077207115,674814143.7192923,14933142.559523027,3101754.446100114,11831388.113422913,0.0,580010264.3995743,0.0,79870736.76019499,0.0,0.0
2010,절세계좌,2019-10-31,4000000.0,849776.7814523148,683765666.7079276,10388778.429675069,2114599.3985219575,8274179.031153111,0.0,591872635.10299,0.0,81504253.17526251,0.0,0.0
2010,절세계좌,2019-11-30,3999999.9999999995,862726.8868655836,714172114.775403,6061912.967034234,1173358.3610453906,4888554.605988843,0.0,622401894.6644399,0.0,85708307.14392886,0.0,0.0
2010,절세계좌,2019-12-31,4000000.0,866722.1193712584,720813051.6538495,1292868.180417722,246282.23881621563,1046585.9416015064,0.0,632430833.9288167,0.0,87089349.54461503,0.0,0.0
2011,세전 기준,2010-12-31,0.0,0.0,400000000.0,,,,,,,,,
2011,세전 기준,2011-01-31,4000000.0,0.0,396593953.0570767,,,,,,,,,
2011,세전 기준,2011-02-28,4000000.0,0.0,395005041.7162225,,,,,,,,,
2011,세전 기준,2011-03-31,4000000.0,0.0,388129640.0402388,,,,,,,,,
2011,세전 기준,2011-04-30,4000000.0,0.0,384354152.89723754,,,,,,,,,
2011,세전 기준,2011-05-31,4000000.0,0.0,379801168.4720388,,,,,,,,,
2011,세전 기준,2011-06-30,4000000.0,0.0,369629617.78661,,,,,,,,,
2011,세전 기준,2011-07-31,4000000.0,0.0,366747384.3071994,,,,,,,,,
2011,세전 기준,2011-08-31,4000000.0,0.0,351827237.5401819,,,,,,,,,
2011,세전 기준,2011-09-30,4000000.0,0.0,364892549.5865133,,,,,,,,,
2011,세전 기준,2011-10-31,4000000.0,0.0,374145392.2980313,,,,,,,,,
2011,세전 기준,2011-11-30,4000000.0,0.0,369240457.97017664,,,,,,,,,
2011,세전 기준,2011-12-31,4000000.0,0.0,368911390.30459684,,,,,,,,,
2011,세전 기준,2012-01-31,4000000.0,0.0,384643868.9752993,,,,,,,,,
2011,세전 기준,2012-02-29,4000000.0,0.0,402172835.5100998,,,,,,,,,
2011,세전 기준,2012-03-31,4000000.0,0.0,423903241.2879094,,,,,,,,,
2011,세전 기준,2012-04-30,4000000.0,0.0,414445773.3633139,,,,,,,,,
2011,세전 기준,2012-05-31,4000000.0,0.0,398297718.7311132,,,,,,,,,
2011,세전 기준,2012-06-30,4000000.0,0.0,395140352.1104902,,,,,,,,,
2011,세전 기준,2012-07-31,4000000.0,0.0,391270091.8964055,,,,,,,,,
2011,세전 기준,2012-08-31,4000000.0,0.0,408624945.1576548,,,,,,,,,
2011,세전 기준,2012-09-30,4000000.0,0.0,400255535.000032,,,,,,,,,
2011,세전 기준,2012-10-31,4000000.0,0.0,367946406.596162,,,,,,,,,
2011,세전 기준,2012-11-30,4000000.0,0.0,365882638.40683603,,,,,,,,,
2011,세전 기준,2012-12-31,4000000.0,0.0,353942654.9964501,,,,,,,,,
2011,세전 기준,2013-01-31,4000000.0,0.0,367676649.6043106,,,,,,,,,
2011,세전 기준,2013-02-28,4000000.0,0.0,363733468.9325767,,,,,,,,,
2011,세전 기준,2013-03-31,4000000.0,0.0,380616498.28456616,,,,,,,,,
2011,세전 기준,2013-04-30,4000000.0,0.0,382429072.6887225,,,,,,,,,
2011,세전 기준,2013-05-31,4000000.0,0.0,402114533.1319068,,,,,,,,,
2011,세전 기준,2013-06-30,4000000.0,0.0,392691480.7380848,,,,,,,,,
2011,세전 기준,2013-07-31,4000000.0,0.0,406613611.33923465,,,,,,,,,
2011,세전 기준,2013-08-31,4000000.0,0.0,396227356.56298876,,,,,,,,,
2011,세전 기준,2013-09-30,4000000.0,0.0,397861438.4147619,,,,,,,,,
2011,세전 기준,2013-10-31,4000000.0,0.0,408719782.43391156,,,,,,,,,
2011,세전 기준,2013-11-30,4000000.0,0.0,418009396.5008912,,,,,,,,,
2011,세전 기준,2013-12-31,4000000.0,0.0,425223972.29237807,,,,,,,,,
2011,세전 기준,2014-01-31,4000000.0,0.0,422977829.91768724,,,,,,,,,
2011,세전 기준,2014-02-28,4000000.0,0.0,434863923.68790656,,,,,,,,,
2011,세전 기준,2014-03-31,4000000.0,0.0,418436889.5195314,,,,,,,,,
2011,세전 기준,2014-04-30,4000000.0,0.0,400641903.0952365,,,,,,,,,
2011,세전 기준,2014-05-31,4000000.0,0.0,409526995.80360264,,,,,,,,,
2011,세전 기준,2014-06-30,4000000.0,0.0,414718804.5388917,,,,,,,,,
2011,세전 기준,2014-07-31,4000000.0,0.0,422319777.0249672,,,,,,,,,
2011,세전 기준,2014-08-31,4000000.0,0.0,433477927.6528333,,,,,,,,,
2011,세전 기준,2014-09-30,4000000.0,0.0,443467713.21214515,,,,,,,,,
2011,세전 기준,2014-10-31,4000000.0,0.0,459178155.08347607,,,,,,,,,
2011,세전 기준,2014-11-30,4000000.0,0.0,493496656.8665414,,,,,,,,,
2011,세전 기준,2014-12-31,4000000.0,0.0,469255354.20931906,,,,,,,,,
2011,세전 기준,2015-01-31,4000000.0,0.0,461132286.3682416,,,,,,,,,
2011,세전 기준,2015-02-28,4000000.0,0.0,488794370.665328,,,,,,,,,
2011,세전 기준,2015-03-31,4000000.0,0.0,476324996.9693945,,,,,,,,,
2011,세전 기준,2015-04-30,4000000.0,0.0,467908361.3657528,,,,,,,,,
2011,세전 기준,2015-05-31,4000000.0,0.0,490091755.1170473,,,,,,,,,
2011,세전 기준,2015-06-30,4000000.0,0.0,476216735.28271586,,,,,,,,,
2011,세전 기준,2015-07-31,4000000.0,0.0,512798476.4372831,,,,,,,,,
2011,세전 기준,2015-08-31,4000000.0,0.0,483212896.0298247,,,,,,,,,
2011,세전 기준,2015-09-30,4000000.0,0.0,469378244.12786204,,,,,,,,,
2011,세전 기준,2015-10-31,4000000.0,0.0,499276881.1441589,,,,,,,,,
2011,세전 기준,2015-11-30,4000000.0,0.0,502232049.16262543,,,,,,,,,
2011,세전 기준,2015-12-31,4000000.0,0.0,498766388.02410376,,,,,,,,,
2011,세전 기준,2016-01-31,4000000.0,0.0,476492745.87395024,,,,,,,,,
2011,세전 기준,2016-02-29,4000000.0,0.0,475906796.780169,,,,,,,,,
2011,세전 기준,2016-03-31,4000000.0,0.0,463762077.70514375,,,,,,,,,
2011,세전 기준,2016-04-30,4000000.0,0.0,447044938.3324688,,,,,,,,,
2011,세전 기준,2016-05-31,4000000.0,0.0,480891876.93355465,,,,,,,,,
2011,세전 기준,2016-06-30,4000000.0,0.0,452166984.4711759,,,,,,,,,
2011,세전 기준,2016-07-31,4000000.0,0.0,463180051.1783598,,,,,,,,,
2011,세전 기준,2016-08-31,4000000.0,0.0,465343306.6402155,,,,,,,,,
2011,세전 기준,2016-09-30,4000000.0,0.0,463972038.92749685,,,,,,,,,
2011,세전 기준,2016-10-31,4000000.0,0.0,472944613.7515359,,,,,,,,,
2011,세전 기준,2016-11-30,4000000.0,0.0,483655284.0673097,,,,,,,,,
2011,세전 기준,2016-12-31,4000000.0,0.0,496720456.1185878,,,,,,,,,
2011,세전 기준,2017-01-31,4000000.0,0.0,495570178.3649252,,,,,,,,,
2011,세전 기준,2017-02-28,4000000.0,0.0,503243140.54624605,,,,,,,,,
2011,세전 기준,2017-03-31,4000000.0,0.0,504127709.6964602,,,,,,,,,
2011,세전 기준,2017-04-30,4000000.0,0.0,522916655.7728292,,,,,,,,,
2011,세전 기준,2017-05-31,4000000.0,0.0,530977609.0128582,,,,,,,,,
2011,세전 기준,2017-06-30,4000000.0,0.0,525866898.0731597,,,,,,,,,
2011,세전 기준,2017-07-31,4000000.0,0.0,532750744.8596717,,,,,,,,,
2011,세전 기준,2017-08-31,4000000.0,0.0,540040323.1112452,,,,,,,,,
2011,세전 기준,2017-09-30,4000000.0,0.0,544141519.9624542,,,,,,,,,
2011,세전 기준,2017-10-31,4000000.0,0.0,551810792.6045616,,,,,,,,,
2011,세전 기준,2017-11-30,4000000.0,0.0,543111708.4712459,,,,,,,,,
2011,세전 기준,2017-12-31,4000000.0,0.0,533638361.81546795,,,,,,,,,
2011,세전 기준,2018-01-31,4000000.0,0.0,576864024.7179831,,,,,,,,,
2011,세전 기준,2018-02-28,4000000.0,0.0,572756252.2442234,,,,,,,,,
2011,세전 기준,2018-03-31,4000000.0,0.0,534666888.2859068,,,,,,,,,
2011,세전 기준,2018-04-30,4000000.0,0.0,537463687.3734274,,,,,,,,,
2011,세전 기준,2018-05-31,4000000.0,0.0,570158818.6484513,,,,,,,,,
2011,세전 기준,2018-06-30,4000000.0,0.0,589250094.4335717,,,,,,,,,
2011,세전 기준,2018-07-31,4000000.0,0.0,602251121.3505735,,,,,,,,,
2011,세전 기준,2018-08-31,4000000.0,0.0,635212182.2130477,,,,,,,,,
2011,세전 기준,2018-09-30,4000000.0,0.0,625599362.7961055,,,,,,,,,
2011,세전 기준,2018-10-31,4000000.0,0.0,583808236.2381068,,,,,,,,,
2011,세전 기준,2018-11-30,4000000.0,0.0,566945444.8897363,,,,,,,,,
2011,세전 기준,2018-12-31,4000000.0,0.0,511177492.3255931,,,,,,,,,
2011,세전 기준,2019-01-31,4000000.0,0.0,552722768.5162398,,,,,,,,,
2011,세전 기준,2019-02-28,4000000.0,0.0,571824821.2590522,,,,,,,,,
2011,세전 기준,2019-03-31,4000000.0,0.0,596422331.8324254,,,,,,,,,
2011,세전 기준,2019-04-30,4000000.0,0.0,641169038.3843385,,,,,,,,,
2011,세전 기준,2019-05-31,4000000.0,0.0,597260104.4968594,,,,,,,,,
2011,세전 기준,2019-06-30,4000000.0,0.0,619203946.6034166,,,,,,,,,
2011,세전 기준,2019-07-31,4000000.0,0.0,645115902.5701331,,,,,,,,,
2011,세전 기준,2019-08-31,4000000.0,0.0,644154389.0585006,,,,,,,,,
2011,세전 기준,2019-09-30,4000000.0,0.0,637764798.4970697,,,,,,,,,
2011,세전 기준,2019-10-31,4000000.0,0.0,646808365.0091091,,,,,,,,,
2011,세전 기준,2019-11-30,4000000.0,0.0,676171253.0541768,,,,,,,,,
2011,세전 기준,2019-12-31,4000000.0,0.0,683066593.3276087,,,,,,,,,
2011,세전 기준,2020-01-31,4000000.0,0.0,721652336.3330164,,,,,,,,,
2011,세전 기준,2020-02-29,4000000.0,0.0,687380371.5750054,,,,,,,,,
2011,세전 기준,2020-03-31,4000000.0,0.0,635397200.9166657,,,,,,,,,
2011,세전 기준,2020-04-30,4000000.0,0.0,717567860.5618871,,,,,,,,,
2011,세전 기준,2020-05-31,4000000.0,0.0,781684320.5626281,,,,,,,,,
2011,세전 기준,2020-06-30,4000000.0,0.0,802565458.5819101,,,,,,,,,
2011,세전 기준,2020-07-31,4000000.0,0.0,851914314.2186983,,,,,,,,,
2011,세전 기준,2020-08-31,4000000.0,0.0,937032850.7614821,,,,,,,,,
2011,세전 기준,2020-09-30,4000000.0,0.0,862892699.3987316,,,,,,,,,
2011,세전 기준,2020-10-31,4000000.0,0.0,809672295.1363577,,,,,,,,,
2011,세전 기준,2020-11-30,4000000.0,0.0,874168862.9708363,,,,,,,,,
2011,세전 기준,2020-12-31,4000000.0,0.0,896703958.5881411,,,,,,,,,
2011,미국계좌,2010-12-31,0.0,0.0,400000000.0,,,,,,,,,
2011,미국계좌,2011-01-31,4000000.0,0.0,396593953.0570767,,,,,,,,,
2011,미국계좌,2011-02-28,4000000.0,0.0,395005041.7162225,,,,,,,,,
2011,미국계좌,2011-03-31,4000000.0,0.0,388129640.0402388,,,,,,,,,
2011,미국계좌,2011-04-30,4000000.0,0.0,384354152.89723754,,,,,,,,,
2011,미국계좌,2011-05-31,4000000.0,0.0,379801168.4720388,,,,,,,,,
2011,미국계좌,2011-06-30,4000000.0,0.0,369629617.78661,,,,,,,,,
2011,미국계좌,2011-07-31,4000000.0,0.0,366747384.3071994,,,,,,,,,
2011,미국계좌,2011-08-31,4000000.0,0.0,351827237.5401819,,,,,,,,,
2011,미국계좌,2011-09-30,4000000.0,0.0,364892549.5865133,,,,,,,,,
2011,미국계좌,2011-10-31,4000000.0,0.0,374145392.2980313,,,,,,,,,
2011,미국계좌,2011-11-30,4000000.0,0.0,369240457.97017664,,,,,,,,,
2011,미국계좌,2011-12-31,4000000.0,0.0,368911390.30459684,,,,,,,,,
2011,미국계좌,2012-01-31,4000000.0,0.0,384643868.9752993,,,,,,,,,
2011,미국계좌,2012-02-29,4000000.0,0.0,402172835.5100998,,,,,,,,,
2011,미국계좌,2012-03-31,4000000.0,0.0,423903241.2879094,,,,,,,,,
2011,미국계좌,2012-04-30,4000000.0,0.0,414445773.3633139,,,,,,,,,
2011,미국계좌,2012-05-31,4000000.0,0.0,398297718.7311132,,,,,,,,,
2011,미국계좌,2012-06-30,4000000.0,0.0,395140352.1104902,,,,,,,,,
2011,미국계좌,2012-07-31,4000000.0,0.0,391270091.8964055,,,,,,,,,
2011,미국계좌,2012-08-31,4000000.0,0.0,408624945.1576548,,,,,,,,,
2011,미국계좌,2012-09-30,4000000.0,125511.0084470501,400130023.9915849,,,,,,,,,
2011,미국계좌,2012-10-31,3999999.9999999995,110374.86280022413,367719397.8220277,,,,,,,,,
2011,미국계좌,2012-11-30,4000000.0,114649.86419650265,365539785.1879851,,,,,,,,,
2011,미국계좌,2012-12-31,4000000.0,96689.24905310677,353510552.7527714,,,,,,,,,
2011,미국계좌,2013-01-31,4000000.0,0.0,367222897.246549,,,,,,,,,
2011,미국계좌,2013-02-28,4000000.0,0.0,363279646.4536796,,,,,,,,,
2011,미국계좌,2013-03-31,4000000.0,0.0,380136620.4960622,,,,,,,,,
2011,미국계좌,2013-04-30,4000000.0,0.0,381941866.45974594,,,,,,,,,
2011,미국계좌,2013-05-31,4000000.0,0.0,401597152.1471699,,,,,,,,,
2011,미국계좌,2013-06-30,4000000.0,0.0,392181077.3280351,,,,,,,,,
2011,미국계좌,2013-07-31,4000000.0,215704.50332151155,405864209.0153074,,,,,,,,,
2011,미국계좌,2013-08-31,4000000.0000000005,248319.37135760832,395241404.9463167,,,,,,,,,
2011,미국계좌,2013-09-30,4000000.0,258563.40117842975,396602903.8396593,,,,,,,,,
2011,미국계좌,2013-10-31,4000000.0000000005,284721.8955666932,407129525.3296766,,,,,,,,,
2011,미국계좌,2013-11-30,4000000.0,307030.85409177915,416060400.9813187,,,,,,,,,
2011,미국계좌,2013-12-31,4000000.0,325126.2302128289,422897561.8664182,,,,,,,,,
2011,미국계좌,2014-01-31,4000000.0,0.0,420641824.0951104,,,,,,,,,
2011,미국계좌,2014-02-28,4000000.0,0.0,432440182.7527059,,,,,,,,,
2011,미국계좌,2014-03-31,4000000.0,0.0,416082411.42674273,,,,,,,,,
2011,미국계좌,2014-04-30,4000000.0,132206.13861028518,398232841.06718487,,,,,,,,,
2011,미국계좌,2014-05-31,4000000.0000000005,331959.42239757226,406708496.2178615,,,,,,,,,
2011,미국계좌,2014-06-30,4000000.0000000005,346775.30127021426,411490268.5985722,,,,,,,,,
2011,미국계좌,2014-07-31,4000000.0000000005,364874.32945960335,418636054.58172494,,,,,,,,,
2011,미국계좌,2014-08-31,4000000.0,387502.78296823235,429274484.0870999,,,,,,,,,
2011,미국계좌,2014-09-30,4000000.0,407405.42288829596,438721205.0114993,,,,,,,,,
2011,미국계좌,2014-10-31,4000000.0,433926.1826984182,453786756.5843837,,,,,,,,,
2011,미국계좌,2014-11-30,3999999.9999999995,480648.8762815691,487174696.2914354,,,,,,,,,
2011,미국계좌,2014-12-31,4000000.0,456579.94889946375,462736115.7810973,,,,,,,,,
2011,미국계좌,2015-01-31,4000000.0,0.0,454670328.61262304,,,,,,,,,
2011,미국계좌,2015-02-28,4000000.0,0.0,481888724.49917984,,,,,,,,,
2011,미국계좌,2015-03-31,4000000.0,190423.08890817713,469348582.3206574,,,,,,,,,
2011,미국계좌,2015-04-30,4000000.0,474346.14175046614,460522288.0922324,,,,,,,,,
2011,미국계좌,2015-05-31,4000000.0,504783.782655932,481787585.3681207,,,,,,,,,
2011,미국계좌,2015-06-30,4000000.0000000005,493550.50244804786,467586338.4766393,,,,,,,,,
2011,미국계좌,2015-07-31,4000000.0,537647.8330124887,502894975.64284176,,,,,,,,,
2011,미국계좌,2015-08-31,4000000.0,510371.53254672495,473293149.22686684,,,,,,,,,
2011,미국계좌,2015-09-30,4000000.0,499110.3635443522,459161279.8693601,,,,,,,,,
2011,미국계좌,2015-10-31,4000000.0,536595.2301730446,487785449.4444467,,,,,,,,,
2011,미국계좌,2015-11-30,4000000.0000000005,543797.128150296,490036739.14281774,,,,,,,,,
2011,미국계좌,2015-12-31,4000000.0,544347.5210526951,486013755.5484852,,,,,,,,,
2011,미국계좌,2016-01-31,4000000.0,0.0,464207340.23624086,,,,,,,,,
2011,미국계좌,2016-02-29,4000000.0,0.0,463533366.71687526,,,,,,,,,
2011,미국계좌,2016-03-31,4000000.0,328125.9875581509,451272281.8404077,,,,,,,,,
2011,미국계좌,2016-04-30,4000000.0000000005,504266.9235920241,434393366.8395353,,,,,,,,,
2011,미국계좌,2016-05-31,4000000.0,547451.6454673336,466621768.52286255,,,,,,,,,
2011,미국계좌,2016-06-30,4000000.0,519709.0255270919,438110859.81041104,,,,,,,,,
2011,미국계좌,2016-07-31,4000000.0,537009.0685861306,448120219.20605016,,,,,,,,,
2011,미국계좌,2016-08-31,4000000.0,543887.8781936021,449539194.7576682,,,,,,,,,
2011,미국계좌,2016-09-30,4000000.0,546798.028606614,447531851.318384,,,,,,,,,
2011,미국계좌,2016-10-31,4000000.0,560862.3942022751,455483899.05727637,,,,,,,,,
2011,미국계좌,2016-11-30,4000000.0,576134.4821200807,465075329.398497,,,,,,,,,
2011,미국계좌,2016-12-31,4000000.0,592986.0272845776,476891944.94993865,,,,,,,,,
2011,미국계좌,2017-01-31,4000000.0,0.0,475627909.55111974,,,,,,,,,
2011,미국계좌,2017-02-28,4000000.0,0.0,482831139.37194765,,,,,,,,,
2011,미국계좌,2017-03-31,3999999.9999999995,548203.8419320503,482969382.09653807,,,,,,,,,
2011,미국계좌,2017-04-30,4000000.0,631430.1141255322,500170442.0309407,,,,,,,,,
2011,미국계좌,2017-05-31,4000000.0,641567.0105437487,507065192.0353221,,,,,,,,,
2011,미국계좌,2017-06-30,4000000.0,640643.9010033318,501363857.7278419,,,,,,,,,
2011,미국계좌,2017-07-31,4000000.0,649607.6532439749,507090958.3857669,,,,,,,,,
2011,미국계좌,2017-08-31,4000000.0000000005,658629.7990821752,513178147.5472373,,,,,,,,,
2011,미국계좌,2017-09-30,4000000.0000000005,664942.8995473593,516211439.41850823,,,,,,,,,
2011,미국계좌,2017-10-31,4000000.0,673807.2948902993,522607936.0915358,,,,,,,,,
2011,미국계좌,2017-11-30,4000000.0,670253.0406771388,513487283.2157244,,,,,,,,,
2011,미국계좌,2017-12-31,4000000.0,666011.1142731897,503646473.1410601,,,,,,,,,
2011,미국계좌,2018-01-31,4000000.0,0.0,544217928.7644571,,,,,,,,,
2011,미국계좌,2018-02-28,3999999.9999999995,108219.50244513134,540008035.8867724,,,,,,,,,
2011,미국계좌,2018-03-31,4000000.0,675695.3013763037,503192088.24658704,,,,,,,,,
2011,미국계좌,2018-04-30,4000000.0,680880.0204732578,504907892.9679098,,,,,,,,,
2011,미국계좌,2018-05-31,4000000.0,707121.5840709088,534673168.0303872,,,,,,,,,
2011,미국계좌,2018-06-30,4000000.0,722213.9962432173,551605070.7014267,,,,,,,,,
2011,미국계좌,2018-07-31,3999999.9999999995,732721.1400109635,562787243.3274733,,,,,,,,,
2011,미국계좌,2018-08-31,4000000.0,753920.110989621,592572426.2846576,,,,,,,,,
2011,미국계좌,2018-09-30,4000000.0000000005,750828.9385192193,582585548.4898218,,,,,,,,,
2011,미국계좌,2018-10-31,4000000.0,728458.0712869234,542664336.8718605,,,,,,,,,
2011,미국계좌,2018-11-30,3999999.9999999995,720168.7680766932,525987882.28232485,,,,,,,,,
2011,미국계좌,2018-12-31,4000000.0,682728.704140921,473277047.902864,,,,,,,,,
2011,미국계좌,2019-01-31,4000000.0,0.0,511445441.8267891,,,,,,,,,
2011,미국계좌,2019-02-28,4000000.0000000005,148894.72583372667,528673338.94883156,,,,,,,,,
2011,미국계좌,2019-03-31,3999999.9999999995,748992.2580417687,550363810.0340581,,,,,,,,,
2011,미국계좌,2019-04-30,4000000.0,775674.6137963545,590570393.3147583,,,,,,,,,
2011,미국계좌,2019-05-31,4000000.0,753982.760086083,549056939.3829325,,,,,,,,,
2011,미국계좌,2019-06-30,3999999.9999999995,768468.7237044204,568138459.0237786,,,,,,,,,
2011,미국계좌,2019-07-31,4000000.0,783932.8947242444,590799655.7386719,,,,,,,,,
2011,미국계좌,2019-08-31,4000000.0,785438.937234252,588796874.5597446,,,,,,,,,
2011,미국계좌,2019-09-30,4000000.0,784248.2604121494,581828393.0193197,,,,,,,,,
2011,미국계좌,2019-10-31,4000000.0000000005,790688.1694132356,588937259.9222854,,,,,,,,,
2011,미국계좌,2019-11-30,4000000.0,806204.0984714126,614508906.4072388,,,,,,,,,
2011,미국계좌,2019-12-31,4000000.0,810994.4644542381,619599669.235955,,,,,,,,,
2011,미국계좌,2020-01-31,4000000.0,0.0,654228570.924407,,,,,,,,,
2011,미국계좌,2020-02-29,4000000.0000000005,318152.3776343907,622466754.5473696,,,,,,,,,
2011,미국계좌,2020-03-31,4000000.0,794309.445661906,574220624.6137987,,,,,,,,,
2011,미국계좌,2020-04-30,4000000.0,831879.6676765534,647262821.0885377,,,,,,,,,
2011,미국계좌,2020-05-31,4000000.0000000005,856207.5779357307,703849237.248126,,,,,,,,,
2011,미국계좌,2020-06-30,4000000.0,864166.213748753,721388705.7959548,,,,,,,,,
2011,미국계좌,2020-07-31,4000000.0,879826.5742807698,764461680.4692127,,,,,,,,,
2011,미국계좌,2020-08-31,4000000.0,902312.6137862823,839529506.9520258,,,,,,,,,
2011,미국계좌,2020-09-30,4000000.0,884902.8157882986,771802915.4555709,,,,,,,,,
2011,미국계좌,2020-10-31,3999999.9999999995,870923.4393780654,722907455.0881686,,,,,,,,,
2011,미국계좌,2020-11-30,3999999.9999999995,890059.317350308,779173841.2030507,,,,,,,,,
2011,미국계좌,2020-12-31,4000000.0,896758.5464988629,797928637.0124927,,,,,,,,,
2011,절세계좌,2010-12-31,0.0,0.0,400000000.0,50000000.0,50000000.0,0.0,200000000.0,0.0,36000000.0,0.0,114000000.0,0.0
2011,절세계좌,2011-01-31,4000000.0,0.0,396593953.05707663,50593953.057076626,50000000.0,593953.0570766255,200000000.0,0.0,36000000.0,0.0,110000000.0,0.0
2011,절세계좌,2011-02-28,4000000.0,0.0,395005041.7162224,52407592.40411657,50000000.0,2407592.404116571,200000000.0,597449.3121058345,36000000.0,0.0,106000000.0,0.0
2011,절세계좌,2011-03-31,4000000.0,0.0,388129640.04023874,50944626.3538894,50000000.0,944626.3538893983,199185013.68634933,0.0,36000000.0,0.0,102000000.0,0.0
2011,절세계좌,2011-04-30,4000000.0,0.0,384354152.89723754,51030325.95522702,50000000.0,1030325.9552270174,199323826.9420105,0.0,36000000.0,0.0,98000000.0,0.0
2011,절세계좌,2011-05-31,4000000.0,0.0,379801168.4720388,50861371.11750238,50000000.0,861371.1175023764,198939797.3545364,0.0,36000000.0,0.0,94000000.0,0.0
2011,절세계좌,2011-06-30,4000000.0,0.0,369629617.78661007,49290341.61761237,49290341.61761237,0.0,194339276.1689977,0.0,36000000.0,0.0,90000000.0,0.0
2011,절세계좌,2011-07-31,4000000.0,0.0,366747384.3071995,49533090.9005976,49533090.9005976,0.0,195214293.40660185,0.0,36000000.0,0.0,86000000.0,0.0
2011,절세계좌,2011-08-31,4000000.0,0.0,351827237.54018193,47463926.59805359,47463926.59805359,0.0,187059533.83236295,0.0,35303777.1097654,0.0,82000000.0,0.0
2011,절세계좌,2011-09-30,4000000.0,0.0,364892549.5865133,50317728.52826926,50000000.0,317728.5282692611,198306619.71374747,0.0,36000000.0,1426441.5094672963,78841759.83502927,0.0
2011,절세계좌,2011-10-31,4000000.0,0.0,374145392.29803133,52312944.86507804,50000000.0,2312944.8650780395,200000000.0,6169943.812884897,36000000.0,2910487.9820014164,76752015.63806698,0.0
2011,절세계좌,2011-11-30,4000000.0,20754.42764204707,369219703.54253465,52186417.10187665,50000000.0,2186417.1018766463,200000000.0,5671286.704261392,36000000.0,2816376.3424801603,72545623.39391643,0.0
2011,절세계좌,2011-12-31,4000000.0,26684.776738675813,368863744.7628611,50000000.00000001,47433607.958214045,2566392.041785963,200000000.0,7716039.277625024,36000000.0,3202282.837678328,69240176.14380576,2705246.503751926
2011,절세계좌,2012-01-31,4000000.0,55170.34721723329,383897272.1804931,52674419.81859249,47433607.958214045,5240811.860378444,200000000.0,18826437.119297326,72000000.0,5299150.08078143,35097265.1618219,0.0
2011,절세계좌,2012-02-29,4000000.0,85995.92149588902,401298454.8993146,55622668.60918309,47433607.958214045,8189060.650969043,200000000.0,31074408.351027846,72000000.0,9625673.780979916,32975704.158123728,0.0
2011,절세계좌,2012-03-31,4000000.0,119639.17154633571,422853279.965192,59181322.27096917,47433607.958214045,11747714.312755123,200000000.0,45858197.226768315,72000000.0,14847960.12860912,30965800.3388454,0.0
2011,절세계좌,2012-04-30,4000000.0,112735.99546627894,413296593.58800954,58419402.71817763,47433607.958214045,10985794.759963587,200000000.0,42692938.991687596,72000000.0,13729851.29962632,26454400.578517985,0.0
2011,절세계좌,2012-05-31,4000000.0,96635.03591431322,397085588.1787043,56707038.54073232,47433607.958214045,9273430.582518272,200000000.0,35579228.896891,72000000.0,11216975.106568038,21582345.634512972,0.0
2011,절세계좌,2012-06-30,4000000.0,97790.46867218155,393827866.72206384,56827007.20053852,47433607.958214045,9393399.242324479,200000000.0,36077617.19393876,72000000.0,11393027.837120876,17530214.49046567,0.0
2011,절세계좌,2012-07-31,4000000.0,97969.79106946573,389859205.7774412,56845665.69418269,47433607.958214045,9412057.735968642,200000000.0,36155130.56191182,72000000.0,11420408.977823481,13438000.543523224,0.0
2011,절세계좌,2012-08-31,4000000.0,126432.67286312254,407010622.6114826,59948205.025910355,47433607.958214045,12514597.06769631,200000000.0,49044074.195702285,72000000.0,15973352.403886512,10044990.985983476,0.0
2011,절세계좌,2012-09-30,4000000.0,120764.60784628298,398537709.73228484,59307181.27277065,47433607.958214045,11873573.314556606,200000000.0,46381055.8940011,72000000.0,15032656.873305619,5816815.692207454,0.0
2011,절세계좌,2012-10-31,4000000.0,80865.74124247706,366269213.31007093,55112524.45204155,47433607.958214045,7678916.493827507,200000000.0,28955105.875386626,72000000.0,8877042.663607866,1324540.319034881,0.0
2011,절세계좌,2012-11-30,4000000.0,27320.258441920076,364169299.02534705,55402541.20746462,47433607.958214045,7968933.249250576,200000000.0,30159928.510599166,69304190.14388297,9302639.163400277,0.0,0.0
2011,절세계좌,2012-12-31,4000000.0,0.0,352266496.6255842,50000000.0,43757734.185458966,6242265.814541034,200000000.0,25165250.37537223,65304190.143882975,7596800.035967112,0.0,4200256.070361838
2011,절세계좌,2013-01-31,4000000.0,0.0,365706058.503896,52505207.32066587,43757734.185458966,8747473.135206908,200000000.0,36446963.04737118,65504446.21424481,11249441.92161414,0.0,0.0
2011,절세계좌,2013-02-28,4000000.0,0.0,361762573.3046303,52513321.27245923,43757734.185458966,8755587.087000266,200000000.0,36483502.647112876,61504446.21424481,11261303.170813382,0.0,0.0
2011,절세계좌,2013-03-31,4000000.0,0.0,378532447.6275571,55528268.54338661,43757734.185458966,11770534.357927643,200000000.0,50060729.78965101,57504446.21424481,15439003.080274671,0.0,0.0
2011,절세계좌,2013-04-30,4000000.0,0.0,380313195.50932026,56376266.97198099,43757734.185458966,12618532.786522023,200000000.0,53879525.35949859,53504446.21424481,16552956.963595867,0.0,0.0
2011,절세계좌,2013-05-31,4000000.0,0.0,399867610.6716554,59867889.17505057,43757734.185458966,16110154.989591606,200000000.0,69603365.110906,49504446.21424481,20891910.171454042,0.0,0.0
2011,절세계좌,2013-06-30,4000000.0,0.0,390474861.03295124,59060490.6033672,43757734.185458966,15302756.417908236,200000000.0,65967403.07998991,45504446.21424481,19942521.135349296,0.0,0.0
2011,절세계좌,2013-07-31,4000000.0,0.0,404295826.85259426,61755964.98435465,43757734.185458966,17998230.798895687,200000000.0,78105946.35749876,41504446.21424481,22929469.296496056,0.0,0.0
2011,절세계좌,2013-08-31,4000000.0,0.0,393945975.0934518,60786028.623778716,43757734.185458966,17028294.43831975,200000000.0,73738027.08795357,37504446.21424481,21917473.167474702,0.0,0.0
2011,절세계좌,2013-09-30,4000000.0,0.0,395547617.2619937,61650364.351834774,43757734.185458966,17892630.16637581,200000000.0,77630394.50027603,33504446.214244813,22762412.195638075,0.0,0.0
2011,절세계좌,2013-10-31,4000000.0,0.0,406319550.4170405,63952729.53227367,43757734.185458966,20194995.346814707,200000000.0,87998647.14645731,29504446.214244813,24863727.52406475,0.0,0.0
2011,절세계좌,2013-11-30,4000000.0,0.0,415531120.40945774,66032166.66877018,43757734.185458966,22274432.483311214,200000000.0,97362986.81603897,25504446.214244813,26631520.71040377,0.0,0.0
2011,절세계좌,2013-12-31,4000000.0,0.0,422390143.80624694,50000000.00000001,32267948.666793242,17732051.333206765,200000000.0,105340797.31778026,21504446.214244813,28030251.833276197,0.0,17514648.440945663
2011,절세계좌,2014-01-31,4000000.0,0.0,420060073.11672103,50206227.510628596,32267948.666793242,17938278.843835354,200000000.0,106600190.76826417,35019094.655190475,28234560.182637773,0.0,0.0
2011,절세계좌,2014-02-28,4000000.0,0.0,431836582.5190129,52091860.23572443,32267948.666793242,19823911.568931185,200000000.0,118115402.76284939,31019094.655190475,30610224.86524862,0.0,0.0
2011,절세계좌,2014-03-31,4000000.0,0.0,415496060.17674214,50603239.791991875,32267948.666793242,18335291.125198632,200000000.0,109024671.69899243,27019094.655190475,28849054.030567348,0.0,0.0
2011,절세계좌,2014-04-30,4000000.0,0.0,397798026.7264227,48934957.13470173,32267948.666793242,16667008.467908487,200000000.0,98836776.56442451,23019094.655190475,27007198.372105986,0.0,0.0
2011,절세계좌,2014-05-31,4000000.0,0.0,406591657.182887,50508760.21043909,32267948.666793242,18240811.54364585,200000000.0,108447702.2837609,19019094.655190475,28616100.03349656,0.0,0.0
2011,절세계좌,2014-06-30,4000000.0,0.0,411717582.41977084,51642426.288788624,32267948.666793242,19374477.621995382,200000000.0,115370792.36886823,15019094.655190475,29685269.106923528,0.0,0.0
2011,절세계좌,2014-07-31,4000000.0,0.0,419234601.4056736,53087025.27955909,32267948.666793242,20819076.61276585,200000000.0,124192692.52179462,11019094.655190475,30935788.94912944,0.0,0.0
2011,절세계좌,2014-08-31,4000000.0,0.0,430282017.08979607,54992456.11503076,32267948.666793242,22724507.448237516,200000000.0,135828807.93253064,7019094.655190475,32441658.387044184,0.0,0.0
2011,절세계좌,2014-09-30,4000000.0,0.0,440168659.9039035,56767246.98522541,32267948.666793242,24499298.318432167,200000000.0,146667129.12008172,3019094.6551904753,33715189.14340591,0.0,0.0
2011,절세계좌,2014-10-31,4000000.0,0.0,455732471.4873347,59290333.75921681,32267948.666793242,27022385.092423566,199019094.65519047,162075155.66553128,0.0,35347887.4073962,0.0,0.0
2011,절세계좌,2014-11-30,4000000.0,0.0,489763430.3384011,64238123.05345723,32267948.666793242,31970174.38666399,195019094.65519047,192208537.49475574,0.0,38297675.13499763,0.0,0.0
2011,절세계좌,2014-12-31,4000000.0,0.0,465559644.3656582,50000000.0,26190102.467119172,23809897.532880828,191019094.65519047,176325974.58267045,0.0,36726854.29418876,0.0,11487720.83360856
2011,절세계좌,2015-01-31,4000000.0,0.0,457569984.3039084,49560679.72330069,26190102.467119172,23370577.256181516,191019094.65519047,173098331.8334363,7487720.83360856,36404157.25837239,0.0,0.0
2011,절세계좌,2015-02-28,4000000.0,0.0,484987475.21296525,52963595.688215256,26190102.467119172,26773493.221096084,191019094.65519047,198099219.8482796,3487720.8336085603,39417844.1876714,0.0,0.0
2011,절세계좌,2015-03-31,4000000.0,0.0,472584063.85649884,52045891.82114074,26190102.467119172,25855789.354021564,190506815.48879904,191356940.03647274,0.0,38674416.5100863,0.0,0.0
2011,절세계좌,2015-04-30,4000000.0,0.0,464202115.3645611,51563305.897027865,26190102.467119172,25373203.429908693,186506815.48879904,187816178.85634595,0.0,38315815.12238821,0.0,0.0
2011,절세계좌,2015-05-31,4000000.0,0.0,486178113.59484994,54448704.94713158,26190102.467119172,28258602.48001241,182506815.48879904,208762687.1053005,0.0,40459906.05361883,0.0,0.0
2011,절세계좌,2015-06-30,4000000.0,0.0,472381951.0097023,53351600.09749344,26190102.467119172,27161497.630374268,178506815.48879904,200878869.3133384,0.0,39644666.11007144,0.0,0.0
2011,절세계좌,2015-07-31,4000000.0,0.0,508636903.5169562,57898061.120231554,26190102.467119172,31707958.65311238,174506815.48879904,233208962.98223972,0.0,43023063.92568587,0.0,0.0
2011,절세계좌,2015-08-31,4000000.0,0.0,479258960.7361035,55009293.76561792,26190102.467119172,28819191.29849875,170506815.48879904,212866381.41699177,0.0,40876470.06469476,0.0,0.0
2011,절세계좌,2015-09-30,4000000.0,0.0,465504781.8049083,53889710.12039115,26190102.467119172,27699607.65327198,166506815.48879904,205063729.68503487,0.0,40044526.51068321,0.0,0.0
2011,절세계좌,2015-10-31,4000000.0,0.0,495123676.2150558,57781641.08467967,26190102.467119172,31591538.6175605,162506815.48879904,231898665.46310675,0.0,42936554.17847036,0.0,0.0
2011,절세계좌,2015-11-30,4000000.0,0.0,498020988.0835824,58586567.24349903,26190102.467119172,32396464.77637986,158506815.48879904,237392924.24220002,0.0,43534681.109084286,0.0,0.0
2011,절세계좌,2015-12-31,4000000.0,0.0,494550846.6782471,49999999.99999999,22327872.174941942,27672127.82505805,154506815.48879904,237814133.15656567,0.0,43580998.8858519,0.0,8648899.147030503
2011,절세계좌,2016-01-31,4000000.0,0.0,472748527.7520988,48168116.11719208,22327872.174941942,25840243.94225014,154506815.48879904,223440404.70233852,4648899.147030503,41984292.296738654,0.0,0.0
2011,절세계좌,2016-02-29,4000000.0,0.0,472135751.48963,48513238.68601342,22327872.174941942,26185366.51107148,154506815.48879904,226148380.97431678,648899.1470305026,42318417.19347022,0.0,0.0
2011,절세계좌,2016-03-31,4000000.0,0.0,460055570.48113036,47682978.00642126,22327872.174941942,25355105.83147932,151155714.63582954,219633807.825506,0.0,41583070.01337357,0.0,0.0
2011,절세계좌,2016-04-30,4000000.0,0.0,443440069.79609215,46375430.22240993,22327872.174941942,24047558.047467984,147155714.63582954,209466132.9297885,0.0,40442792.00806416,0.0,0.0
2011,절세계좌,2016-05-31,4000000.0,0.0,476981819.30663574,50301585.98378256,22327872.174941942,27973713.808840618,143155714.63582954,239657829.58330026,0.0,43866689.10372338,0.0,0.0
2011,절세계좌,2016-06-30,4000000.0,0.0,448457961.1286448,47715347.03113756,22327872.174941942,25387474.85619562,139155714.63582954,219975601.27386293,0.0,41611298.1878148,0.0,0.0
2011,절세계좌,2016-07-31,4000000.0,0.0,459347879.050596,49299615.03949888,22327872.174941942,26971742.86455694,135155714.63582954,231899652.75828663,0.0,42992896.61698097,0.0,0.0
2011,절세계좌,2016-08-31,4000000.0,0.0,461460142.12679726,49955615.0569577,22327872.174941942,27627742.882015757,131155714.63582954,236783835.46896246,0.0,43564976.96504755,0.0,0.0
2011,절세계좌,2016-09-30,4000000.0,0.0,460066938.3514178,50237815.17965712,22327872.174941942,27909943.004715174,127155714.63582954,238862332.27191755,0.0,43811076.26401357,0.0,0.0
2011,절세계좌,2016-10-31,4000000.0,0.0,468930327.26516855,51642455.46341394,22327872.174941942,29314583.288471997,123155714.63582954,249096131.08323202,0.0,45036026.08269307,0.0,0.0
2011,절세계좌,2016-11-30,4000000.0,0.0,479516135.5075896,53248764.35145303,22327872.174941942,30920892.176511087,119155714.63582954,260674810.73743835,0.0,46436845.78286865,0.0,0.0
2011,절세계좌,2016-12-31,4000000.0,0.0,492435262.8765406,50000000.00000001,20251090.289061114,29748909.710938893,115155714.63582954,274076655.9758749,0.0,48075311.832777545,0.0,5127580.432058588
2011,절세계좌,2017-01-31,4000000.0,0.0,491230983.33936286,50286853.72338049,20251090.289061114,30035763.434319377,115155714.63582954,276309711.0712786,1127580.4320585877,48351123.47681573,0.0,0.0
2011,절세계좌,2017-02-28,4000000.0,0.0,498801737.4749981,51471340.94104835,20251090.289061114,31220250.651987232,112283295.06788813,285530526.42512095,0.0,49516575.04094065,0.0,0.0
2011,절세계좌,2017-03-31,4000000.0,0.0,499643197.5618638,51970931.10696278,20251090.289061114,31719840.817901663,108283295.06788813,289391779.4923448,0.0,49997191.89466807,0.0,0.0
2011,절세계좌,2017-04-30,4000000.0,0.0,518229422.57519966,54320261.88913378,20251090.289061114,34069171.60007267,104283295.06788813,307368565.2467439,0.0,52257300.3714338,0.0,0.0
2011,절세계좌,2017-05-31,4000000.0,0.0,526182265.85201055,55573146.323772244,20251090.289061114,35322056.03471113,100283295.06788813,316863221.3905379,0.0,53462603.06981224,0.0,0.0
2011,절세계좌,2017-06-30,4000000.0,0.0,521081585.9193036,55456897.162738815,20251090.289061114,35205806.8736777,96283295.06788813,315990624.8979121,0.0,53350768.79076458,0.0,0.0
2011,절세계좌,2017-07-31,4000000.0,0.0,527866391.28583074,56604686.41166512,20251090.289061114,36353596.122604005,92283295.06788813,324523442.2237865,0.0,54454967.582490996,0.0,0.0
2011,절세계좌,2017-08-31,4000000.0,0.0,535052464.67624307,57804202.400739156,20251090.289061114,37553112.11167804,88283295.06788813,333356038.5586389,0.0,55608928.64897692,0.0,0.0
2011,절세계좌,2017-09-30,4000000.0,0.0,539078838.1831226,58671328.80303755,20251090.289061114,38420238.51397643,84283295.06788813,339681090.77370733,0.0,56443123.53848964,0.0,0.0
2011,절세계좌,2017-10-31,4000000.0,0.0,546639540.1468018,59929552.4580246,20251090.289061114,39678462.168963484,80283295.06788813,348773129.9352669,0.0,57653562.68562222,0.0,0.0
2011,절세계좌,2017-11-30,4000000.0,0.0,537984493.1195002,59419207.222218335,20251090.289061114,39168116.93315722,76283295.06788813,345119391.6139972,0.0,57162599.215396516,0.0,0.0
2011,절세계좌,2017-12-31,4000000.0,0.0,528390414.56122094,50000000.0,17214344.006675143,32785655.993324857,72283295.06788813,340872598.64321333,0.0,56586528.55374234,0.0,8647992.296377108
2011,절세계좌,2018-01-31,4000000.0,0.0,570386321.5018542,54424875.185308166,17214344.006675143,37210531.17863302,72283295.06788813,377435863.87813467,4647992.2963771075,61594295.07414607,0.0,0.0
2011,절세계좌,2018-02-28,4000000.0,0.0,566279759.2233397,54414707.27193264,17214344.006675143,37200363.26525749,72283295.06788813,377351845.2113779,647992.2963771075,61581919.37576391,0.0,0.0
2011,절세계좌,2018-03-31,4000000.0,0.0,528575863.82498616,51176047.27719685,17214344.006675143,33961703.2705217,68931287.36426523,350590415.92034876,0.0,57878113.26317528,0.0,0.0
2011,절세계좌,2018-04-30,4000000.0,0.0,531295232.51536596,51826608.06384232,17214344.006675143,34612264.05716717,64931287.36426523,355923464.95059884,0.0,58613872.136659525,0.0,0.0
2011,절세계좌,2018-05-31,4000000.0,0.0,563569214.8530788,55365050.25281305,17214344.006675143,38150706.2461379,60931287.36426523,384657165.006472,0.0,62615712.22952852,0.0,0.0
2011,절세계좌,2018-06-30,4000000.0,0.0,582393613.4917326,57607319.60379018,17214344.006675143,40392975.59711504,56931287.36426523,402703375.1216606,0.0,65151631.402016625,0.0,0.0
2011,절세계좌,2018-07-31,4000000.0,0.0,595196817.4161729,59269404.34582458,17214344.006675143,42055060.33914943,52931287.36426523,415964741.29322135,0.0,67031384.412861735,0.0,0.0
2011,절세계좌,2018-08-31,4000000.0,0.0,627724944.9924839,62906857.201696336,17214344.006675143,45692513.1950212,48931287.36426523,444741598.71860313,0.0,71145201.7079191,0.0,0.0
2011,절세계좌,2018-09-30,4000000.0,0.0,618178283.800506,62351003.83577008,17214344.006675143,45136659.82909493,44931287.36426523,440379439.3674238,0.0,70516553.2330469,0.0,0.0
2011,절세계좌,2018-10-31,4000000.0,0.0,576835448.8364536,58584512.34440356,17214344.006675143,41370168.33772841,40931287.36426523,411062850.85317194,0.0,66256798.2746128,0.0,0.0
2011,절세계좌,2018-11-30,4000000.0,0.0,560126285.8610604,57293745.42513598,17214344.006675143,40079401.41846083,36931287.36426523,401104261.83421504,0.0,64796991.237444125,0.0,0.0
2011,절세계좌,2018-12-31,4000000.0,0.0,504980992.68029475,50000000.00000001,16532466.728801025,33467533.27119898,32931287.364265233,361107109.1333487,0.0,58880359.224761486,0.0,2062236.957919374
2011,절세계좌,2019-01-31,4000000.0,0.0,545790425.7533815,54454937.55832629,16532466.728801025,37922470.82952526,30993524.322184607,396215438.1729464,0.0,64126525.69992416,0.0,0.0
2011,절세계좌,2019-02-28,4000000.0,0.0,564602728.6301467,56730980.65124268,16532466.728801025,40198513.922441654,26993524.322184607,414071413.25835615,0.0,66806810.39836325,0.0,0.0
2011,절세계좌,2019-03-31,4000000.0,0.0,588839055.3887595,59568151.684566475,16532466.728801025,43035684.95576545,22993524.322184607,436129495.9911613,0.0,70147883.39084709,0.0,0.0
2011,절세계좌,2019-04-30,4000000.0,0.0,632965966.6517109,64436767.521076225,16532466.728801025,47904300.7922752,18993524.322184607,473654474.42998177,0.0,75881200.37846823,0.0,0.0
2011,절세계좌,2019-05-31,4000000.0,0.0,589567624.8668647,60425964.53314407,16532466.728801025,43893497.804343045,14993524.322184607,442990086.0472515,0.0,71158049.9642844,0.0,0.0
2011,절세계좌,2019-06-30,4000000.0,0.0,611177320.3002623,63050753.41688335,16532466.728801025,46518286.68808232,10993524.322184607,462884022.34963536,0.0,74249020.21155897,0.0,0.0
2011,절세계좌,2019-07-31,4000000.0,0.0,636701533.1108536,66096553.383468546,16532466.728801025,49564086.65466752,6993524.322184607,485775679.2704553,0.0,77835776.13474505,0.0,0.0
2011,절세계좌,2019-08-31,4000000.0,0.0,635700388.0418398,66407867.18550506,16532466.728801025,49875400.456704035,2993524.3221846074,488096615.02949435,0.0,78202381.50465576,0.0,0.0
2011,절세계좌,2019-09-30,4000000.0,0.0,629342158.9076986,65155041.22998191,16280968.17746008,48874073.052521825,0.0,486274840.02999204,0.0,77912277.64772472,0.0,0.0
2011,절세계좌,2019-10-31,4000000.0,0.0,638213465.583589,62487592.220379435,15301479.064754944,47186113.155624494,0.0,496220133.70880544,0.0,79505739.65440406,0.0,0.0
2011,절세계좌,2019-11-30,4000000.0,488059.6830836196,666644962.2219824,61222692.06372678,14256384.472827556,46966307.59089923,0.0,521815561.4463582,0.0,83606708.71189733,0.0,0.0
2011,절세계좌,2019-12-31,3999999.9999999995,816856.7174556724,671316332.2049415,49999999.99999999,11458423.022127863,38541576.97787213,0.0,530223724.4320663,0.0,84953887.45758241,0.0,6138720.315292862
2011,절세계좌,2020-01-31,4000000.0,0.0,708786787.8085247,53117246.79712032,11458423.022127863,41658823.77499245,0.0,563280488.5669278,2138720.3152928622,90250332.12918377,0.0,0.0
2011,절세계좌,2020-02-29,4000000.0,0.0,675054508.7300541,49027798.0313628,11039328.573042724,37988469.45832008,0.0,539651926.3905495,0.0,86374784.30814186,0.0,0.0
2011,절세계좌,2020-03-31,4000000.0,0.0,623931755.3964708,41605370.94844923,10071080.461606797,31534290.486842435,0.0,501981065.32018214,0.0,80345319.12783943,0.0,0.0
2011,절세계좌,2020-04-30,4000000.0,697417.169968427,703850088.5926521,42550349.20332657,9069804.21276333,33480544.990563236,0.0,570058229.4399596,0.0,91241509.94936584,0.0,0.0
2011,절세계좌,2020-05-31,3999999.9999999995,861280.6231797574,765803083.0243742,41728239.394258246,8123435.513127924,33604803.88113032,0.0,624172064.127782,0.0,99902779.50233401,0.0,0.0
2011,절세계좌,2020-06-30,4000000.0,869098.7418869974,785309619.949078,38187357.24359427,7204785.598000006,30982571.64559426,0.0,644039561.6159822,0.0,103082701.08950153,0.0,0.0
2011,절세계좌,2020-07-31,4000000.0,884481.2088267722,832626948.6946334,35841300.5171003,6340673.520204016,29500626.99689628,0.0,686850740.728701,0.0,109934907.44883211,0.0,0.0
2011,절세계좌,2020-08-31,4000000.0,906564.9975078003,914821273.9102468,34684084.71652843,5554858.511368035,29129226.205160394,0.0,758702019.449386,0.0,121435169.74433242,0.0,0.0
2011,절세계좌,2020-09-30,4000000.0,889466.9752023874,841454268.9599514,27198393.980420765,4708423.241631046,22489970.73878972,0.0,701910547.9015541,0.0,112345327.07797654,0.0,0.0
2011,절세계좌,2020-10-31,3999999.9999999995,875736.287277508,788581001.4438565,20771229.632694427,3813306.4419785743,16957923.190715853,0.0,661872752.9963331,0.0,105937018.81482893,0.0,0.0
2011,절세계좌,2020-11-30,4000000.0,894531.3721217978,850398758.9605172,17633900.462114897,2984826.761319494,14649073.700795403,0.0,717865791.4092028,0.0,114899067.08919941,0.0,0.0
2011,절세계좌,2020-12-31,4000000.0,901110.641116699,871311210.592903,13268060.813467605,2179673.579824154,11088387.233643452,0.0,739656360.9688405,0.0,118386788.81059496,0.0,0.0
2012,세전 기준,2011-12-31,0.0,0.0,400000000.0,,,,,,,,,
2012,세전 기준,2012-01-31,4000000.0,0.0,397782946.5457283,,,,,,,,,
2012,세전 기준,2012-02-29,4000000.0,0.0,397614151.3328878,,,,,,,,,
2012,세전 기준,2012-03-31,4000000.0,0.0,400371183.95600724,,,,,,,,,
2012,세전 기준,2012-04-30,4000000.0,0.0,394495336.7056787,,,,,,,,,
2012,세전 기준,2012-05-31,4000000.0,0.0,385302440.95419824,,,,,,,,,
2012,세전 기준,2012-06-30,4000000.0,0.0,381736776.0796082,,,,,,,,,
2012,세전 기준,2012-07-31,4000000.0,0.0,377815271.997953,,,,,,,,,
2012,세전 기준,2012-08-31,4000000.0,0.0,388686870.76575327,,,,,,,,,
2012,세전 기준,2012-09-30,4000000.0,0.0,381257778.9123434,,,,,,,,,
2012,세전 기준,2012-10-31,4000000.0,0.0,352461297.79980195,,,,,,,,,
2012,세전 기준,2012-11-30,4000000.0,0.0,350316042.85124755,,,,,,,,,
2012,세전 기준,2012-12-31,4000000.0,0.0,338713868.61105275,,,,,,,,,
2012,세전 기준,2013-01-31,4000000.0,0.0,351684837.87616205,,,,,,,,,
2012,세전 기준,2013-02-28,4000000.0,0.0,347739185.89165616,,,,,,,,,
2012,세전 기준,2013-03-31,4000000.0,0.0,363703935.4846018,,,,,,,,,
2012,세전 기준,2013-04-30,4000000.0,0.0,365258230.15027386,,,,,,,,,
2012,세전 기준,2013-05-31,4000000.0,0.0,383880227.22007704,,,,,,,,,
2012,세전 기준,2013-06-30,4000000.0,0.0,374703088.8337758,,,,,,,,,
2012,세전 기준,2013-07-31,4000000.0,0.0,387804243.3638184,,,,,,,,,
2012,세전 기준,2013-08-31,4000000.0,0.0,377713407.6604252,,,,,,,,,
2012,세전 기준,2013-09-30,4000000.0,0.0,379084233.8288418,,,,,,,,,
2012,세전 기준,2013-10-31,4000000.0,0.0,389241333.2977098,,,,,,,,,
2012,세전 기준,2013-11-30,4000000.0,0.0,397897601.2856181,,,,,,,,,
2012,세전 기준,2013-12-31,4000000.0,0.0,404572607.2644822,,,,,,,,,
2012,세전 기준,2014-01-31,4000000.0,0.0,402241287.2977756,,,,,,,,,
2012,세전 기준,2014-02-28,4000000.0,0.0,413348563.27370495,,,,,,,,,
2012,세전 기준,2014-03-31,4000000.0,0.0,397536369.98876005,,,,,,,,,
2012,세전 기준,2014-04-30,4000000.0,0.0,380430429.84697324,,,,,,,,,
2012,세전 기준,2014-05-31,4000000.0,0.0,388665498.91935784,,,,,,,,,
2012,세전 기준,2014-06-30,4000000.0,0.0,393389072.6145721,,,,,,,,,
2012,세전 기준,2014-07-31,4000000.0,0.0,400393386.27910095,,,,,,,,,
2012,세전 기준,2014-08-31,4000000.0,0.0,410764541.9525924,,,,,,,,,
2012,세전 기준,2014-09-30,4000000.0,0.0,420021290.429733,,,,,,,,,
2012,세전 기준,2014-10-31,4000000.0,0.0,434689628.58172894,,,,,,,,,
2012,세전 기준,2014-11-30,4000000.0,0.0,466964558.3088648,,,,,,,,,
2012,세전 기준,2014-12-31,4000000.0,0.0,443811498.5598055,,,,,,,,,
2012,세전 기준,2015-01-31,4000000.0,0.0,435911990.75281286,,,,,,,,,
2012,세전 기준,2015-02-28,4000000.0,0.0,461842408.99792504,,,,,,,,,
2012,세전 기준,2015-03-31,4000000.0,0.0,449840033.7964484,,,,,,,,,
2012,세전 기준,2015-04-30,4000000.0,0.0,441668975.12463903,,,,,,,,,
2012,세전 기준,2015-05-31,4000000.0,0.0,462384055.3374919,,,,,,,,,
2012,세전 기준,2015-06-30,4000000.0,0.0,449067327.05169207,,,,,,,,,
2012,세전 기준,2015-07-31,4000000.0,0.0,483335478.24668556,,,,,,,,,
2012,세전 기준,2015-08-31,4000000.0,0.0,455219925.43074334,,,,,,,,,
2012,세전 기준,2015-09-30,4000000.0,0.0,441955004.0219149,,,,,,,,,
2012,세전 기준,2015-10-31,4000000.0,0.0,469873126.4451472,,,,,,,,,
2012,세전 기준,2015-11-30,4000000.0,0.0,472418685.9637433,,,,,,,,,
2012,세전 기준,2015-12-31,4000000.0,0.0,468921305.54610544,,,,,,,,,
2012,세전 기준,2016-01-31,4000000.0,0.0,447741117.9074023,,,,,,,,,
2012,세전 기준,2016-02-29,4000000.0,0.0,446949164.5829913,,,,,,,,,
2012,세전 기준,2016-03-31,4000000.0,0.0,435300029.4771793,,,,,,,,,
2012,세전 기준,2016-04-30,4000000.0,0.0,419363367.5336593,,,,,,,,,
2012,세전 기준,2016-05-31,4000000.0,0.0,450866777.28435254,,,,,,,,,
2012,세전 기준,2016-06-30,4000000.0,0.0,423685615.1189638,,,,,,,,,
2012,세전 기준,2016-07-31,4000000.0,0.0,433753029.6386117,,,,,,,,,
2012,세전 기준,2016-08-31,4000000.0,0.0,435524717.60793495,,,,,,,,,
2012,세전 기준,2016-09-30,4000000.0,0.0,433985004.17647094,,,,,,,,,
2012,세전 기준,2016-10-31,4000000.0,0.0,442119146.8980972,,,,,,,,,
2012,세전 기준,2016-11-30,4000000.0,0.0,451871008.7888976,,,,,,,,,
2012,세전 기준,2016-12-31,4000000.0,0.0,463814712.4224425,,,,,,,,,
2012,세전 기준,2017-01-31,4000000.0,0.0,462475651.966783,,,,,,,,,
2012,세전 기준,2017-02-28,4000000.0,0.0,469369085.49218506,,,,,,,,,
2012,세전 기준,2017-03-31,4000000.0,0.0,469924866.92334527,,,,,,,,,
2012,세전 기준,2017-04-30,4000000.0,0.0,487167683.46820253,,,,,,,,,
2012,세전 기준,2017-05-31,4000000.0,0.0,494404094.82648945,,,,,,,,,
2012,세전 기준,2017-06-30,4000000.0,0.0,489369889.1887481,,,,,,,,,
2012,세전 기준,2017-07-31,4000000.0,0.0,495498358.79841286,,,,,,,,,
2012,세전 기준,2017-08-31,4000000.0,0.0,501998517.7360684,,,,,,,,,
2012,세전 기준,2017-09-30,4000000.0,0.0,505529045.8043536,,,,,,,,,
2012,세전 기준,2017-10-31,4000000.0,0.0,512370262.74439234,,,,,,,,,
2012,세전 기준,2017-11-30,4000000.0,0.0,504007044.40159637,,,,,,,,,
2012,세전 기준,2017-12-31,4000000.0,0.0,494927784.9639221,,,,,,,,,
2012,세전 기준,2018-01-31,4000000.0,0.0,534727658.4480499,,,,,,,,,
2012,세전 기준,2018-02-28,4000000.0,0.0,530627758.0901331,,,,,,,,,
2012,세전 기준,2018-03-31,4000000.0,0.0,495045802.0642613,,,,,,,,,
2012,세전 기준,2018-04-30,4000000.0,0.0,497338929.4852212,,,,,,,,,
2012,세전 기준,2018-05-31,4000000.0,0.0,527294557.9944271,,,,,,,,,
2012,세전 기준,2018-06-30,4000000.0,0.0,544649842.9788902,,,,,,,,,
2012,세전 기준,2018-07-31,4000000.0,0.0,556364064.7130859,,,,,,,,,
2012,세전 기준,2018-08-31,4000000.0,0.0,586508967.6091381,,,,,,,,,
2012,세전 기준,2018-09-30,4000000.0,0.0,577326496.2809936,,,,,,,,,
2012,세전 기준,2018-10-31,4000000.0,0.0,538451430.8897398,,,,,,,,,
2012,세전 기준,2018-11-30,4000000.0,0.0,522587966.181884,,,,,,,,,
2012,세전 기준,2018-12-31,4000000.0,0.0,470870307.82913476,,,,,,,,,
2012,세전 기준,2019-01-31,4000000.0,0.0,508824264.2181082,,,,,,,,,
2012,세전 기준,2019-02-28,4000000.0,0.0,526091499.1835592,,,,,,,,,
2012,세전 기준,2019-03-31,4000000.0,0.0,548401842.2311685,,,,,,,,,
2012,세전 기준,2019-04-30,4000000.0,0.0,589223744.8477902,,,,,,,,,
2012,세전 기준,2019-05-31,4000000.0,0.0,548548094.4805818,,,,,,,,,
2012,세전 기준,2019-06-30,4000000.0,0.0,568375979.5911163,,,,,,,,,
2012,세전 기준,2019-07-31,4000000.0,0.0,591832583.1339836,,,,,,,,,
2012,세전 기준,2019-08-31,4000000.0,0.0,590620105.9652514,,,,,,,,,
2012,세전 기준,2019-09-30,4000000.0,0.0,584429109.125707,,,,,,,,,
2012,세전 기준,2019-10-31,4000000.0,0.0,592381854.0473729,,,,,,,,,
2012,세전 기준,2019-11-30,4000000.0,0.0,618937379.5255164,,,,,,,,,
2012,세전 기준,2019-12-31,4000000.0,0.0,624910494.0692316,,,,,,,,,
2012,세전 기준,2020-01-31,4000000.0,0.0,659870498.7917154,,,,,,,,,
2012,세전 기준,2020-02-29,4000000.0,0.0,628190166.4785447,,,,,,,,,
2012,세전 기준,2020-03-31,4000000.0,0.0,580338818.3596498,,,,,,,,,
2012,세전 기준,2020-04-30,4000000.0,0.0,655042625.5587283,,,,,,,,,
2012,세전 기준,2020-05-31,4000000.0,0.0,713223761.664396,,,,,,,,,
2012,세전 기준,2020-06-30,4000000.0,0.0,731925789.0503753,,,,,,,,,
2012,세전 기준,2020-07-31,4000000.0,0.0,776579020.8078017,,,,,,,,,
2012,세전 기준,2020-08-31,4000000.0,0.0,853816751.7498983,,,,,,,,,
2012,세전 기준,2020-09-30,4000000.0,0.0,785905613.3569137,,,,,,,,,
2012,세전 기준,2020-10-31,4000000.0,0.0,737076642.1204547,,,,,,,,,
2012,세전 기준,2020-11-30,4000000.0,0.0,795431770.8799373,,,,,,,,,
2012,세전 기준,2020-12-31,4000000.0,0.0,815576829.1077151,,,,,,,,,
2012,세전 기준,2021-01-31,4000000.0,0.0,837981087.2007909,,,,,,,,,
2012,세전 기준,2021-02-28,4000000.0,0.0,836611128.4636183,,,,,,,,,
2012,세전 기준,2021-03-31,4000000.0,0.0,849519365.4768797,,,,,,,,,
2012,세전 기준,2021-04-30,4000000.0,0.0,886828661.4230968,,,,,,,,,
2012,세전 기준,2021-05-31,4000000.0,0.0,871311922.3903501,,,,,,,,,
2012,세전 기준,2021-06-30,4000000.0,0.0,935116949.1896464,,,,,,,,,
2012,세전 기준,2021-07-31,4000000.0,0.0,976113468.980874,,,,,,,,,
2012,세전 기준,2021-08-31,4000000.0,0.0,1018997479.0739026,,,,,,,,,
2012,세전 기준,2021-09-30,4000000.0,0.0,978144801.6437715,,,,,,,,,
2012,세전 기준,2021-10-31,4000000.0,0.0,1043258184.7092108,,,,,,,,,
2012,세전 기준,2021-11-30,4000000.0,0.0,1071420258.3086756,,,,,,,,,
2012,세전 기준,2021-12-31,4000000.0,0.0,1080807074.8923645,,,,,,,,,
2012,미국계좌,2011-12-31,0.0,0.0,400000000.0,,,,,,,,,
2012,미국계좌,2012-01-31,4000000.0,0.0,397782946.5457283,,,,,,,,,
2012,미국계좌,2012-02-29,4000000.0,0.0,397614151.3328878,,,,,,,,,
2012,미국계좌,2012-03-31,4000000.0,0.0,400371183.95600724,,,,,,,,,
2012,미국계좌,2012-04-30,4000000.0,0.0,394495336.7056787,,,,,,,,,
2012,미국계좌,2012-05-31,4000000.0,0.0,385302440.95419824,,,,,,,,,
2012,미국계좌,2012-06-30,4000000.0,0.0,381736776.0796082,,,,,,,,,
2012,미국계좌,2012-07-31,4000000.0,0.0,377815271.997953,,,,,,,,,
2012,미국계좌,2012-08-31,4000000.0,0.0,388686870.76575327,,,,,,,,,
2012,미국계좌,2012-09-30,4000000.0,0.0,381257778.9123434,,,,,,,,,
2012,미국계좌,2012-10-31,4000000.0,0.0,352461297.79980195,,,,,,,,,
2012,미국계좌,2012-11-30,4000000.0,0.0,350316042.85124755,,,,,,,,,
2012,미국계좌,2012-12-31,4000000.0,0.0,338713868.61105275,,,,,,,,,
2012,미국계좌,2013-01-31,4000000.0,0.0,351684837.87616205,,,,,,,,,
2012,미국계좌,2013-02-28,4000000.0,0.0,347739185.89165616,,,,,,,,,
2012,미국계좌,2013-03-31,4000000.0,0.0,363703935.4846018,,,,,,,,,
2012,미국계좌,2013-04-30,4000000.0,0.0,365258230.15027386,,,,,,,,,
2012,미국계좌,2013-05-31,4000000.0,0.0,383880227.22007704,,,,,,,,,
2012,미국계좌,2013-06-30,4000000.0,0.0,374703088.8337758,,,,,,,,,
2012,미국계좌,2013-07-31,4000000.0,0.0,387804243.3638184,,,,,,,,,
2012,미국계좌,2013-08-31,4000000.0,0.0,377713407.6604252,,,,,,,,,
2012,미국계좌,2013-09-30,4000000.0,0.0,379084233.8288418,,,,,,,,,
2012,미국계좌,2013-10-31,4000000.0,0.0,389241333.2977098,,,,,,,,,
2012,미국계좌,2013-11-30,4000000.0,30720.110530485097,397866881.17508763,,,,,,,,,
2012,미국계좌,2013-12-31,4000000.0,217220.6711219212,404323842.3075583,,,,,,,,,
2012,미국계좌,2014-01-31,4000000.0,0.0,401991496.29729575,,,,,,,,,
2012,미국계좌,2014-02-28,4000000.0,0.0,413089390.68635243,,,,,,,,,
2012,미국계좌,2014-03-31,4000000.0,0.0,397284603.7334187,,,,,,,,,
2012,미국계좌,2014-04-30,4000000.0,0.0,380186963.79689956,,,,,,,,,
2012,미국계좌,2014-05-31,4000000.0,0.0,388414202.7281973,,,,,,,,,
2012,미국계좌,2014-06-30,4000000.0000000005,198926.9790161668,392933209.11653244,,,,,,,,,
2012,미국계좌,2014-07-31,4000000.0000000005,261238.97095344277,399663531.89280796,,,,,,,,,
2012,미국계좌,2014-08-31,4000000.0000000005,286347.08910558326,409722144.1129084,,,,,,,,,
2012,미국계좌,2014-09-30,3999999.9999999995,308459.9476530434,418636790.9704343,,,,,,,,,
2012,미국계좌,2014-10-31,4000000.0,337968.51815229957,432905624.9043829,,,,,,,,,
2012,미국계좌,2014-11-30,4000000.0,390073.8221433543,464641605.3732629,,,,,,,,,
2012,미국계좌,2014-12-31,4000000.0000000005,363213.10618546937,441220610.9616991,,,,,,,,,
2012,미국계좌,2015-01-31,4000000.0,0.0,433343867.7438365,,,,,,,,,
2012,미국계좌,2015-02-28,4000000.0,0.0,459097954.53353083,,,,,,,,,
2012,미국계좌,2015-03-31,4000000.0,0.0,447143132.6834129,,,,,,,,,
2012,미국계좌,2015-04-30,4000000.0,324079.7946655035,438673000.7346541,,,,,,,,,
2012,미국계좌,2015-05-31,4000000.0,417048.7308006242,458803382.34421253,,,,,,,,,
2012,미국계좌,2015-06-30,4000000.0,404488.54963717685,445154313.66564554,,,,,,,,,
2012,미국계좌,2015-07-31,4000000.0,453845.43268415605,478635164.3336633,,,,,,,,,
2012,미국계좌,2015-08-31,3999999.9999999995,423299.8023565638,450330829.29895306,,,,,,,,,
2012,미국계좌,2015-09-30,4000000.0,410704.05270658346,436754709.7880382,,,,,,,,,
2012,미국계좌,2015-10-31,4000000.0,452665.6985034311,463844599.7096238,,,,,,,,,
2012,미국계좌,2015-11-30,3999999.9999999995,460738.9803581371,465845439.9597032,,,,,,,,,
2012,미국계좌,2015-12-31,4000000.0,461356.1169132516,461879709.9630823,,,,,,,,,
2012,미국계좌,2016-01-31,4000000.0,0.0,440957510.033535,,,,,,,,,
2012,미국계좌,2016-02-29,4000000.0,0.0,440116952.4379997,,,,,,,,,
2012,미국계좌,2016-03-31,3999999.9999999995,95594.42030248645,428489150.11056876,,,,,,,,,
2012,미국계좌,2016-04-30,4000000.0,416470.6256789051,412322783.35582423,,,,,,,,,
2012,미국계좌,2016-05-31,4000000.0,464837.0623271743,442765298.39037085,,,,,,,,,
2012,미국계좌,2016-06-30,4000000.0,433750.62184065307,415566920.38787764,,,,,,,,,
2012,미국계좌,2016-07-31,4000000.0,453129.5102570567,424911644.5718234,,,,,,,,,
2012,미국계좌,2016-08-31,4000000.0,460840.73378495424,426104844.8692766,,,,,,,,,
2012,미국계좌,2016-09-30,4000000.0,464104.04434301687,424047814.37147737,,,,,,,,,
2012,미국계좌,2016-10-31,4000000.0,479883.56341203104,431424231.48864114,,,,,,,,,
2012,미국계좌,2016-11-30,4000000.0000000005,497033.8254986597,440346400.35861844,,,,,,,,,
2012,미국계좌,2016-12-31,4000000.0,515976.8315628384,451367495.7597557,,,,,,,,,
2012,미국계좌,2017-01-31,4000000.0,0.0,449957024.69518787,,,,,,,,,
2012,미국계좌,2017-02-28,4000000.0,0.0,456555586.83993995,,,,,,,,,
2012,미국계좌,2017-03-31,4000000.0,342070.38439612533,456644927.7459504,,,,,,,,,
2012,미국계좌,2017-04-30,4000000.0,559267.1991797658,472728161.314514,,,,,,,,,
2012,미국계좌,2017-05-31,3999999.9999999995,570699.3562614754,479060829.03580874,,,,,,,,,
2012,미국계좌,2017-06-30,4000000.0000000005,569657.9937548968,473489060.7937886,,,,,,,,,
2012,미국계좌,2017-07-31,4000000.0,579772.5798561897,478709072.9344609,,,,,,,,,
2012,미국계좌,2017-08-31,3999999.9999999995,589958.8044757986,484263489.507734,,,,,,,,,
2012,미국계좌,2017-09-30,4000000.0000000005,597089.8821053092,486930882.8289457,,,,,,,,,
2012,미국계좌,2017-10-31,4000000.0,607107.5941964396,492766149.17817676,,,,,,,,,
2012,미국계좌,2017-11-30,4000000.0,603090.2380923826,483966784.3762818,,,,,,,,,
2012,미국계좌,2017-12-31,3999999.9999999995,598296.783157702,474491188.9831757,,,,,,,,,
2012,미국계좌,2018-01-31,4000000.0,0.0,512482474.7387562,,,,,,,,,
2012,미국계좌,2018-02-28,4000000.0,0.0,508386730.3315917,,,,,,,,,
2012,미국계좌,2018-03-31,4000000.0,608440.2888143014,473520077.7335342,,,,,,,,,
2012,미국계좌,2018-04-30,3999999.9999999995,615104.5299448767,474924461.0431673,,,,,,,,,
2012,미국계좌,2018-05-31,3999999.9999999995,644806.2183972127,502704943.9245163,,,,,,,,,
2012,미국계좌,2018-06-30,4000000.0,661910.8748859243,518402445.40813994,,,,,,,,,
2012,미국계좌,2018-07-31,4000000.0,673828.5089998635,528685549.4672976,,,,,,,,,
2012,미국계좌,2018-08-31,4000000.0,697897.2562497176,556433882.8251982,,,,,,,,,
2012,미국계좌,2018-09-30,4000000.0,694385.6205601488,546822773.3299718,,,,,,,,,
2012,미국계좌,2018-10-31,3999999.9999999995,668992.2114603989,509121380.7347471,,,,,,,,,
2012,미국계좌,2018-11-30,4000000.0,659592.0089240319,493244540.1758822,,,,,,,,,
2012,미국계좌,2018-12-31,4000000.0,617195.371410286,443589043.1680353,,,,,,,,,
2012,미국계좌,2019-01-31,4000000.0,0.0,479112272.94546133,,,,,,,,,
2012,미국계좌,2019-02-28,4000000.0,45094.82886996629,495092546.40208405,,,,,,,,,
2012,미국계좌,2019-03-31,4000000.0,692299.4373355226,515160302.4995146,,,,,,,,,
2012,미국계좌,2019-04-30,4000000.0,722630.1663347324,552542682.0768366,,,,,,,,,
2012,미국계좌,2019-05-31,4000000.0,697968.4339828343,513452239.8194429,,,,,,,,,
2012,미국계좌,2019-06-30,4000000.0000000005,714433.9639537247,531041193.841458,,,,,,,,,
2012,미국계좌,2019-07-31,4000000.0000000005,732027.9684828926,551962233.6446375,,,,,,,,,
2012,미국계좌,2019-08-31,4000000.0000000005,733742.3501147968,549828225.3614348,,,,,,,,,
2012,미국계좌,2019-09-30,4000000.0,732386.9469652203,543056165.3794814,,,,,,,,,
2012,미국계좌,2019-10-31,4000000.0,739719.0097742648,549423031.7905282,,,,,,,,,
2012,미국계좌,2019-11-30,4000000.0,757396.6725992167,573005310.5003753,,,,,,,,,
2012,미국계좌,2019-12-31,4000000.0000000005,762857.94494136,577475450.5691558,,,,,,,,,
2012,미국계좌,2020-01-31,4000000.0,0.0,609478120.5432022,,,,,,,,,
2012,미국계좌,2020-02-29,3999999.9999999995,237928.63315780697,579673725.5425767,,,,,,,,,
2012,미국계좌,2020-03-31,4000000.0,743843.2678366702,534465265.52239794,,,,,,,,,
2012,미국계좌,2020-04-30,4000000.0000000005,786687.4846757012,602161151.8058804,,,,,,,,,
2012,미국계좌,2020-05-31,3999999.999999999,814484.7167116886,654507931.2222463,,,,,,,,,
2012,미국계좌,2020-06-30,4000000.0000000005,823587.5832831772,670517436.6703471,,,,,,,,,
2012,미국계좌,2020-07-31,3999999.9999999995,841512.841957226,710247164.1532373,,,,,,,,,
2012,미국계좌,2020-08-31,4000000.0,867282.0095972705,779678654.6804634,,,,,,,,,
2012,미국계좌,2020-09-30,4000000.0000000005,847327.0502249518,716469682.3483764,,,,,,,,,
2012,미국계좌,2020-10-31,4000000.0,831319.9045016953,670770097.5582238,,,,,,,,,
2012,미국계좌,2020-11-30,4000000.0,853235.0975312896,722662597.4509197,,,,,,,,,
2012,미국계좌,2020-12-31,3999999.9999999995,860913.5988045248,739737858.8117692,,,,,,,,,
2012,미국계좌,2021-01-31,4000000.0,0.0,759686834.1237022,,,,,,,,,
2012,미국계좌,2021-02-28,4000000.0000000005,399500.0960853301,757671645.2621891,,,,,,,,,
2012,미국계좌,2021-03-31,4000000.0,874511.1023396988,768109973.4473774,,,,,,,,,
2012,미국계좌,2021-04-30,4000000.0,885719.0722108977,800574882.8620957,,,,,,,,,
2012,미국계좌,2021-05-31,4000000.0000000005,882681.3612601818,785295591.1936098,,,,,,,,,
2012,미국계좌,2021-06-30,4000000.0000000005,899618.2097779667,841507254.9919727,,,,,,,,,
2012,미국계좌,2021-07-31,4000000.0,909665.3031591104,877089741.9126832,,,,,,,,,
2012,미국계좌,2021-08-31,4000000.0,919272.9340246523,914298239.5904707,,,,,,,,,
2012,미국계좌,2021-09-30,4000000.0,911764.125967538,876320311.13092,,,,,,,,,
2012,미국계좌,2021-10-31,4000000.0000000005,925483.4084025152,933313534.6966139,,,,,,,,,
2012,미국계좌,2021-11-30,4000000.0,931313.3381331123,957154867.5109344,,,,,,,,,
2012,미국계좌,2021-12-31,4000000.0,933650.8586708352,964180348.9854349,,,,,,,,,
2012,절세계좌,2011-12-31,0.0,0.0,400000000.0,50000000.0,50000000.0,0.0,200000000.0,0.0,36000000.0,0.0,114000000.0,0.0
2012,절세계좌,2012-01-31,4000000.0,0.0,397782946.5457283,51782946.545728326,50000000.0,1782946.5457283258,200000000.0,0.0,36000000.0,0.0,110000000.0,0.0
2012,절세계좌,2012-02-29,4000000.0,0.0,397614151.33288777,54681298.53617157,50000000.0,4681298.53617157,200000000.0,932852.7967161834,36000000.0,0.0,106000000.0,0.0
2012,절세계좌,2012-03-31,4000000.0,0.0,400371183.9560072,58179724.77375843,50000000.0,8179724.773758426,200000000.0,4191459.182248771,36000000.0,0.0,102000000.0,0.0
2012,절세계좌,2012-04-30,4000000.0,0.0,394495336.70567876,57430700.11225807,50000000.0,7430700.112258069,200000000.0,3064636.5934206843,36000000.0,0.0,98000000.0,0.0
2012,절세계좌,2012-05-31,4000000.0,0.0,385302440.9541983,55747316.35648346,50000000.0,5747316.3564834595,199555124.59771484,0.0,36000000.0,0.0,94000000.0,0.0
2012,절세계좌,2012-06-30,4000000.0,0.0,381736776.07960826,55865254.64074557,50000000.0,5865254.640745573,199871521.43886268,0.0,36000000.0,0.0,90000000.0,0.0
2012,절세계좌,2012-07-31,4000000.0,0.0,377815271.99795306,55883597.35400805,50000000.0,5883597.354008049,199931674.64394498,0.0,36000000.0,0.0,86000000.0,0.0
2012,절세계좌,2012-08-31,4000000.0,0.0,388686870.76575327,58933628.639101885,50000000.0,8933628.639101885,200000000.0,10843603.929426074,36000000.0,909638.197225295,82000000.0,0.0
2012,절세계좌,2012-09-30,4000000.0,0.0,381257778.91234344,58303453.710594006,50000000.0,8303453.710594006,200000000.0,8589061.72490257,36000000.0,514964.9156151414,77850298.5612317,0.0
2012,절세계좌,2012-10-31,4000000.0,0.0,352461297.79980195,54179788.16907397,50000000.0,4179788.169073969,193836050.17188916,0.0,33932347.71218565,0.0,70513111.74665318,0.0
2012,절세계좌,2012-11-30,4000000.0,0.0,350316042.8512476,54464896.61820657,50000000.0,4464896.618206568,194856066.99953046,0.0,34110908.74681833,0.0,66884170.48669227,0.0
2012,절세계좌,2012-12-31,4000000.0,0.0,338713868.6110528,50000000.0,46919315.984733626,3080684.0152663738,190627514.51579934,0.0,33370671.246776663,0.0,61432723.63369549,3282959.214781344
2012,절세계좌,2013-01-31,4000000.0,0.0,351520348.0069958,52505207.32066588,46919315.984733626,5585891.335932255,200000000.0,178743.413505733,71999999.99999999,0.0,26836397.272824228,0.0
2012,절세계좌,2013-02-28,4000000.0,0.0,347574670.60286134,52513321.27245924,46919315.984733626,5594005.2877256125,200000000.0,209678.2627711296,72011126.60170168,0.0,22840544.465929274,0.0
2012,절세계좌,2013-03-31,3999999.9999999995,24579.708715819565,363505395.1709512,55528268.543386616,46919315.984733626,8608952.55865299,200000000.0,11704316.355832666,72957319.75516416,3188181.5987600684,20127308.9178077,0.0
2012,절세계좌,2013-04-30,4000000.0,33607.871914562136,365023049.96175945,56376266.971981,46919315.984733626,9456950.98724737,200000000.0,14937353.010957688,72957319.75516416,4351035.532197714,16401074.691458885,0.0
2012,절세계좌,2013-05-31,4000000.0,68462.5904119785,383562018.73093176,59867889.17505059,46919315.984733626,12948573.19031696,200000000.0,28249338.254944414,72957319.75516416,9139071.070951998,13348400.474820606,0.0
2012,절세계좌,2013-06-30,4000000.0,60717.4255239244,374328454.3862549,59060490.60336721,46919315.984733626,12141174.618633583,200000000.0,25171090.596072197,72957319.75516416,8031891.419109687,9107662.012541652,0.0
2012,절세계좌,2013-07-31,4000000.0,85891.26224088733,387326619.6322621,61755964.98435466,46919315.984733626,14836648.999621034,200000000.0,35447722.229845226,72957319.75516416,11728175.375209987,5437437.287688096,0.0
2012,절세계좌,2013-08-31,4000000.0,77054.4735978217,377166230.99174666,60786028.62377873,46919315.984733626,13866712.639045104,200000000.0,31749791.076743424,72957319.75516416,10398108.863236025,1274982.6728243064,0.0
2012,절세계좌,2013-09-30,4000000.0,26888.516804969615,378502388.16559047,61650364.35183478,46919315.984733626,14731048.367101155,200000000.0,35045114.50767404,70223543.2922555,11583366.013826147,0.0,0.0
2012,절세계좌,2013-10-31,4000000.0,0.0,388637758.3030986,63952729.53227368,46919315.984733626,17033413.547540054,200000000.0,43822997.544769764,66223543.292255506,14638487.933799684,0.0,0.0
2012,절세계좌,2013-11-30,4000000.0,0.0,397274400.9166463,66032166.66877019,46919315.984733626,19112850.68403656,200000000.0,51750956.203213364,62223543.292255506,17267734.752407223,0.0,0.0
2012,절세계좌,2013-12-31,4000000.0,0.0,403826258.52745694,50000000.00000001,34599371.010840565,15400628.989159442,200000000.0,58505063.17438093,58223543.292255506,19400368.539724797,0.0,17697283.52109569
2012,절세계좌,2014-01-31,4000000.0,0.0,401418866.8733995,50206227.510628596,34599371.010840565,15606856.499788031,200000000.0,59571280.287647665,71920826.8133512,19720532.261772037,0.0,0.0
2012,절세계좌,2014-02-28,4000000.0,0.0,412495254.5921767,52091860.23572443,34599371.010840565,17492489.22488386,200000000.0,69320192.42213929,67920826.8133512,23162375.12096174,0.0,0.0
2012,절세계좌,2014-03-31,4000000.0,0.0,396707446.16779125,50603239.791991875,34599371.010840565,16003868.78115131,200000000.0,61623873.98514411,63920826.8133512,20559505.577304095,0.0,0.0
2012,절세계좌,2014-04-30,4000000.0,0.0,379628833.9054134,48934957.13470173,34599371.010840565,14335586.123861164,200000000.0,52998683.71083382,59920826.8133512,17774366.24652666,0.0,0.0
2012,절세계좌,2014-05-31,4000000.0,0.0,387838122.7537579,50508760.21043909,34599371.010840565,15909389.199598528,200000000.0,61135404.981184304,55920826.8133512,20273130.74878332,0.0,0.0
2012,절세계좌,2014-06-30,4000000.0,0.0,392543126.0408079,51642426.288788624,34599371.010840565,17043055.27794806,200000000.0,66996573.40523219,51920826.8133512,21983299.53343591,0.0,0.0
2012,절세계좌,2014-07-31,4000000.0,0.0,399523775.95336914,53087025.27955909,34599371.010840565,18487654.268718526,200000000.0,74465296.47264755,47920826.8133512,24050627.387811333,0.0,0.0
2012,절세계좌,2014-08-31,4000000.0,0.0,409863719.0599336,54992456.11503076,34599371.010840565,20393085.104190193,200000000.0,84316566.84260792,43920826.8133512,26633869.288943723,0.0,0.0
2012,절세계좌,2014-09-30,4000000.0,0.0,419091394.96315217,56767246.98522541,34599371.010840565,22167875.974384844,200000000.0,93492415.36302763,39920826.8133512,28910905.80154796,0.0,0.0
2012,절세계좌,2014-10-31,4000000.0,0.0,433718402.8221089,59290333.75921681,34599371.010840565,24690962.748376243,200000000.0,106537029.48112941,35920826.8133512,31970212.768411517,0.0,0.0
2012,절세계좌,2014-11-30,4000000.0,0.0,465912283.5803647,64238123.05345723,34599371.010840565,29638752.042616665,200000000.0,132117601.16275227,31920826.8133512,37635732.550804034,0.0,0.0
2012,절세계좌,2014-12-31,4000000.0,0.0,442783388.33707994,50000000.0,28082388.54688374,21917611.45311626,200000000.0,118495436.17057097,27920826.8133512,34782794.54140701,0.0,11584330.811750766
2012,절세계좌,2015-01-31,4000000.0,0.0,434994698.5517897,49560679.72330069,28082388.54688374,21478291.17641695,200000000.0,115697006.10765249,35505157.62510197,34231855.09573458,0.0,0.0
2012,절세계좌,2015-02-28,4000000.0,0.0,460862134.03934526,52963595.688215256,28082388.54688374,24881207.141331516,200000000.0,137373270.1975978,31505157.62510197,39020110.52843025,0.0,0.0
2012,절세계좌,2015-03-31,4000000.0,0.0,448876744.1295316,52045891.82114074,28082388.54688374,23963503.274256997,200000000.0,131527580.32921141,27505157.62510197,37798114.35407752,0.0,0.0
2012,절세계좌,2015-04-30,4000000.0,0.0,440714617.3833331,51563305.897027865,28082388.54688374,23480917.350144126,200000000.0,128453552.04140931,23505157.62510197,37192601.81979396,0.0,0.0
2012,절세계좌,2015-05-31,4000000.0,0.0,461376293.28332597,54448704.94713158,28082388.54688374,26366316.400247842,200000000.0,146833280.62118798,19505157.62510197,40589150.08990442,0.0,0.0
2012,절세계좌,2015-06-30,4000000.0,0.0,448079870.7263396,53351600.09749344,28082388.54688374,25269211.5506097,200000000.0,139844822.86898094,15505157.625101969,39378290.13476322,0.0,0.0
2012,절세계좌,2015-07-31,4000000.0,0.0,482263873.8979061,57898061.120231554,28082388.54688374,29815672.573347814,200000000.0,168805364.59837055,11505157.625101969,44055290.554202065,0.0,0.0
2012,절세계좌,2015-08-31,4000000.0,0.0,454201787.73697656,55009293.76561792,28082388.54688374,26926905.218734182,200000000.0,150404180.22631103,7505157.625101969,41283156.11994566,0.0,0.0
2012,절세계좌,2015-09-30,4000000.0,0.0,440957588.10500616,53889710.12039115,28082388.54688374,25807321.573507413,200000000.0,143272534.5979923,3505157.6251019686,40290185.761520736,0.0,0.0
2012,절세계좌,2015-10-31,4000000.0,0.0,468803676.85274416,57781641.08467967,28082388.54688374,29699252.53779593,199505157.62510198,168063779.59832865,0.0,43453098.54463385,0.0,0.0
2012,절세계좌,2015-11-30,4000000.0,0.0,471334338.42215955,58586567.24349903,28082388.54688374,30504178.696615294,195505157.62510198,173184192.36588877,0.0,44058421.18766977,0.0,0.0
2012,절세계좌,2015-12-31,4000000.0,0.0,467835804.33654726,49999999.99999999,23941104.569143135,26058895.430856857,191505157.62510198,173576451.378116,0.0,44105296.186298795,0.0,8648899.147030503
2012,절세계좌,2016-01-31,4000000.0,0.0,447012262.52028483,48168116.11719208,23941104.569143135,24227011.548048947,191505157.62510198,160200709.06926447,4648899.147030503,42489380.56169579,0.0,0.0
2012,절세계좌,2016-02-29,4000000.0,0.0,446215086.97703326,48513238.68601342,23941104.569143135,24572134.116870288,191505157.62510198,162720667.12383687,648899.1470305026,42827124.39505049,0.0,0.0
2012,절세계좌,2016-03-31,4000000.0,0.0,434578514.9527327,47682978.00642126,23941104.569143135,23741873.437278125,188154056.7721325,156658409.02788463,0.0,42083071.146294296,0.0,0.0
2012,절세계좌,2016-04-30,4000000.0,0.0,418661638.1559676,46375430.22240993,23941104.569143135,22434325.65326679,184154056.7721325,147203068.89590755,0.0,40929082.26551764,0.0,0.0
2012,절세계좌,2016-05-31,4000000.0,0.0,450105639.31840765,50301585.98378256,23941104.569143135,26360481.414639425,180154056.7721325,175255847.7439793,0.0,44394148.81851329,0.0,0.0
2012,절세계좌,2016-06-30,4000000.0,0.0,422963610.80292994,47715347.03113756,23941104.569143135,23774242.46199443,176154056.7721325,156982568.25907883,0.0,42111638.74058106,0.0,0.0
2012,절세계좌,2016-07-31,4000000.0,0.0,433007052.98640174,49299615.03949888,23941104.569143135,25358510.470355745,172154056.7721325,168043531.45622376,0.0,43509849.71854659,0.0,0.0
2012,절세계좌,2016-08-31,4000000.0,0.0,434768814.6977516,49955615.0569577,23941104.569143135,26014510.487814564,168154056.7721325,172570334.0212833,0.0,44088808.847378105,0.0,0.0
2012,절세계좌,2016-09-30,4000000.0,0.0,433224831.15783715,50237815.17965712,23941104.569143135,26296710.61051398,164154056.7721325,174495091.9244531,0.0,44337867.28159447,0.0,0.0
2012,절세계좌,2016-10-31,4000000.0,0.0,441337719.5784796,51642455.46341394,23941104.569143135,27701350.894270804,160154056.7721325,183963661.26048175,0.0,45577546.082451425,0.0,0.0
2012,절세계좌,2016-11-30,4000000.0,0.0,451065275.62174433,53248764.35145303,23941104.569143135,29307659.782309894,156154056.7721325,194667245.04725817,0.0,46995209.45090067,0.0,0.0
2012,절세계좌,2016-12-31,4000000.0,0.0,462980549.9677825,50000000.00000001,21714271.133891955,28285728.866108052,152154056.7721325,207045536.0987999,0.0,48653376.66479151,0.0,5127580.432058588
2012,절세계좌,2017-01-31,4000000.0,0.0,461607286.5492252,50286853.72338049,21714271.133891955,28572582.589488536,152154056.7721325,209106290.91183558,1127580.4320585877,48932504.70981808,0.0,0.0
2012,절세계좌,2017-02-28,4000000.0,0.0,468480266.06605047,51471340.94104835,21714271.133891955,29757069.80715639,149281637.2041911,217615637.43877798,0.0,50111650.48203306,0.0,0.0
2012,절세계좌,2017-03-31,4000000.0,0.0,469027420.45473516,51970931.10696278,21714271.133891955,30256659.973070823,145281637.2041911,221176808.89771408,0.0,50598043.245867185,0.0,0.0
2012,절세계좌,2017-04-30,4000000.0,0.0,486229668.1937399,54320261.88913378,21714271.133891955,32605990.755241826,141281637.2041911,237742456.0677033,0.0,52885313.03271174,0.0,0.0
2012,절세계좌,2017-05-31,4000000.0,0.0,493444444.4439483,55573146.323772244,21714271.133891955,33858875.18988029,137281637.2041911,246484560.21629,0.0,54105100.699695006,0.0,0.0
2012,절세계좌,2017-06-30,4000000.0,0.0,488412246.22452384,55456897.162738815,21714271.133891955,33742626.02884686,133281637.20419109,245681789.4279815,0.0,53991922.42961246,0.0,0.0
2012,절세계좌,2017-07-31,4000000.0,0.0,494520895.53491324,56604686.41166512,21714271.133891955,34890415.277773164,129281637.20419109,253525180.7657308,0.0,55109391.15332624,0.0,0.0
2012,절세계좌,2017-08-31,4000000.0,0.0,501000340.9435728,57804202.400739156,21714271.133891955,36089931.2668472,125281637.20419109,261637281.15865594,0.0,56277220.17998661,0.0,0.0
2012,절세계좌,2017-09-30,4000000.0,0.0,504515895.26574636,58671328.80303755,21714271.133891955,36957057.66914559,121281637.20419109,267441489.0834568,0.0,57121440.17506091,0.0,0.0
2012,절세계좌,2017-10-31,4000000.0,0.0,511335384.89877254,59929552.4580246,21714271.133891955,38215281.32413264,117281637.20419109,275777769.21744823,0.0,58346426.01910862,0.0,0.0
2012,절세계좌,2017-11-30,4000000.0,0.0,502980979.3195713,59419207.222218335,21714271.133891955,37704936.08832638,113281637.20419109,272430572.5969391,0.0,57849562.296222806,0.0,0.0
2012,절세계좌,2017-12-31,4000000.0,0.0,493787927.97998405,50000000.0,18458113.998679034,31541886.001320966,109281637.20419109,268543459.5027469,0.0,57266568.589046985,0.0,8696262.683999036
2012,절세계좌,2018-01-31,4000000.0,0.0,532717329.42734426,54424875.185308166,18458113.998679034,35966761.18662913,109281637.20419109,301980037.39885056,4696262.6839990355,62334516.95499542,0.0,0.0
2012,절세계좌,2018-02-28,4000000.0,0.0,528617804.6486321,54414707.27193264,18458113.998679034,35956593.273253605,109281637.20419109,301903203.5417623,696262.6839990355,62321993.946747035,0.0,0.0
2012,절세계좌,2018-03-31,4000000.0,0.0,493155477.2329033,51176047.27719685,18458113.998679034,32717933.278517812,105977899.88819012,277430263.0275235,0.0,58571267.03999283,0.0,0.0
2012,절세계좌,2018-04-30,4000000.0,0.0,495424574.44295913,51826608.06384232,18458113.998679034,33368494.065163285,101977899.88819012,282304229.0593605,0.0,59315837.4315662,0.0,0.0
2012,절세계좌,2018-05-31,4000000.0,0.0,525249501.0810747,55365050.25281305,18458113.998679034,36906936.254134014,97977899.88819012,308540946.9989271,0.0,63365603.94114438,0.0,0.0
2012,절세계좌,2018-06-30,4000000.0,0.0,542521961.8214184,57607319.60379018,18458113.998679034,39149205.605111144,93977899.88819012,325004848.80714834,0.0,65931893.522289746,0.0,0.0
2012,절세계좌,2018-07-31,4000000.0,0.0,554174789.9891539,59269404.34582458,18458113.998679034,40811290.34714554,89977899.88819012,337093327.1215662,0.0,67834158.63357301,0.0,0.0
2012,절세계좌,2018-08-31,4000000.0,0.0,584185333.7890629,62906857.201696336,18458113.998679034,44448743.2030173,85977899.88819012,363303333.30423725,0.0,71997243.39493911,0.0,0.0
2012,절세계좌,2018-09-30,4000000.0,0.0,575023394.3987312,62351003.83577008,18458113.998679034,43892889.83709104,81977899.88819012,359333424.5084951,0.0,71361066.16627587,0.0,0.0
2012,절세계좌,2018-10-31,4000000.0,0.0,536287454.49238753,58584512.34440356,18458113.998679034,40126398.34572452,77977899.88819012,332674746.28156626,0.0,67050295.9782276,0.0,0.0
2012,절세계좌,2018-11-30,4000000.0,0.0,520471667.7293674,57293745.42513598,18458113.998679034,38835631.42645694,73977899.88819012,323627016.26258874,0.0,65573006.15345254,0.0,0.0
2012,절세계좌,2018-12-31,4000000.0,0.0,468947249.2004653,50000000.00000001,17726969.755062845,32273030.244937163,69977899.88819012,287321596.3600321,0.0,59585515.99432372,0.0,2062236.957919374
2012,절세계좌,2019-01-31,4000000.0,0.0,506546120.72964424,54454937.55832629,17726969.755062845,36727967.80326344,68040136.8461095,319156535.26817745,0.0,64894511.057031006,0.0,0.0
2012,절세계좌,2019-02-28,4000000.0,0.0,523718136.54722583,56730980.65124268,17726969.755062845,39004010.89617984,64040136.846109495,335340123.9505078,0.0,67606895.0993658,0.0,0.0
2012,절세계좌,2019-03-31,4000000.0,0.0,545909785.4413747,59568151.684566475,17726969.755062845,41841181.929503635,60040136.846109495,355313515.81163794,0.0,70987981.09906073,0.0,0.0
2012,절세계좌,2019-04-30,4000000.0,0.0,586528007.6212336,64436767.521076225,17726969.755062845,46709797.766013384,56040136.846109495,389261142.4190557,0.0,76789960.83499213,0.0,0.0
2012,절세계좌,2019-05-31,4000000.0,0.0,546020150.7566929,60425964.53314407,17726969.755062845,42698994.77808122,52040136.846109495,361543803.85419744,0.0,72010245.52324188,0.0,0.0
2012,절세계좌,2019-06-30,4000000.0,0.0,565738226.8035833,63050753.41688335,17726969.755062845,45323783.6618205,48040136.846109495,379509103.0170731,0.0,75138233.52351727,0.0,0.0
2012,절세계좌,2019-07-31,4000000.0,0.0,589067408.1204383,66096553.383468546,17726969.755062845,48369583.628405705,44040136.846109495,400162773.11485356,0.0,78767944.77600673,0.0,0.0
2012,절세계좌,2019-08-31,4000000.0,0.0,587841907.0177385,66407867.18550506,17726969.755062845,48680897.430442214,40040136.846109495,402254962.3395071,0.0,79138940.64661674,0.0,0.0
2012,절세계좌,2019-09-30,4000000.0,0.0,581661216.3378594,66161516.90779731,17726969.755062845,48434547.15273446,36040136.846109495,400614200.10558707,0.0,78845362.4783655,0.0,0.0
2012,절세계좌,2019-10-31,4000000.0,0.0,589557352.3125255,67514652.34010392,17726969.755062845,49787682.585041076,32040136.846109495,409544655.18906265,0.0,80457907.93724936,0.0,0.0
2012,절세계좌,2019-11-30,4000000.0,0.0,615967187.7528452,70997111.61131763,17726969.755062845,53270141.856254786,28040136.846109495,432321948.70607895,0.0,84607990.58933906,0.0,0.0
2012,절세계좌,2019-12-31,4000000.0,0.0,619318342.6398947,50000000.0,12286316.475696752,37713683.52430325,24040136.846109495,439739894.3055438,0.0,85971303.27552378,0.0,19567008.21271765
2012,절세계좌,2020-01-31,4000000.0,0.0,652709801.16613,53117246.797120325,12286316.475696752,40830930.321423575,24040136.846109495,468654230.6390609,15567008.212717649,91331178.6711215,0.0,0.0
2012,절세계좌,2020-02-29,4000000.0,0.0,621329846.7153326,50889077.716069944,12286316.475696752,38602761.240373194,24040136.846109495,447986624.122647,11567008.212717649,86846999.8177885,0.0,0.0
2012,절세계좌,2020-03-31,4000000.0,0.0,573957389.0442617,47336722.42390366,12286316.475696752,35050405.94820691,24040136.846109495,415036395.16139454,7567008.212717649,79977126.40013634,0.0,0.0
2012,절세계좌,2020-04-30,4000000.0,0.0,647795765.9695004,53756386.51878139,12286316.475696752,41470070.04308464,24040136.846109495,474582635.4395054,3567008.2127176486,91849598.9523865,0.0,0.0
2012,절세계좌,2020-05-31,4000000.0,0.0,705288980.4882759,58859311.20833434,12286316.475696752,46572994.73263759,23607145.058827143,521915326.8692136,0.0,100907197.3519008,0.0,0.0
2012,절세계좌,2020-06-30,4000000.0,0.0,723738442.5094365,60732812.57886248,12286316.475696752,48446496.10316573,19607145.058827143,539279395.1505013,0.0,104119089.72124559,0.0,0.0
2012,절세계좌,2020-07-31,4000000.0,0.0,767847437.5768954,64769898.91997016,12286316.475696752,52483582.44427341,15607145.058827143,576430205.756847,0.0,111040187.84125099,0.0,0.0
2012,절세계좌,2020-08-31,4000000.0,0.0,844171759.8507111,71545461.32974787,12286316.475696752,59259144.85405112,11607145.058827143,638363080.2287918,0.0,122656073.23334423,0.0,0.0
2012,절세계좌,2020-09-30,4000000.0,0.0,776982582.476651,66190035.97522772,12286316.475696752,53903719.49953097,7607145.058827143,589710559.7265419,0.0,113474841.71605425,0.0,0.0
2012,절세계좌,2020-10-31,4000000.0,0.0,728662591.3109217,62414479.25640056,12286316.475696752,50128162.78070381,3607145.058827143,555638862.3728669,0.0,107002104.62282708,0.0,0.0
2012,절세계좌,2020-11-30,4000000.0,0.0,786305909.1247911,67301757.57150976,12215014.787761295,55086742.78374847,0.0,602949894.6439602,0.0,116054256.90932113,0.0,0.0
2012,절세계좌,2020-12-31,4000000.0,0.0,803697045.0490812,50000000.00000001,8807463.607508173,41192536.39249183,0.0,621252231.6231658,0.0,119577044.0209765,0.0,12867769.404938865
2012,절세계좌,2021-01-31,4000000.0,0.0,825300102.3655983,51618747.4405056,8807463.607508173,42811283.83299743,0.0,641365240.8201337,8867769.404938865,123448344.70002015,0.0,0.0
2012,절세계좌,2021-02-28,4000000.0,0.0,823890343.7882154,51780755.19673968,8807463.607508173,42973291.589231506,0.0,643378194.4221474,4867769.404938865,123863624.76438946,0.0,0.0
2012,절세계좌,2021-03-31,4000000.0,0.0,836541488.7846857,52827264.443156205,8807463.607508173,44019800.83564803,0.0,656381118.5171582,867769.4049388655,126465336.41943257,0.0,0.0
2012,절세계좌,2021-04-30,4000000.0,0.0,873219713.8326778,52263847.6851833,8309467.94007547,43954379.74510783,0.0,688298745.0954689,0.0,132657121.05202563,0.0,0.0
2012,절세계좌,2021-05-31,4000000.0,267069.870754548,857612636.5851624,47318056.97372927,7622117.099667709,39695939.874061555,0.0,679360201.080539,0.0,130934378.53089416,0.0,0.0
2012,절세계좌,2021-06-30,4000000.0,920778.4640357139,919430813.8415337,46079544.34210916,6886695.290339786,39192849.051769376,0.0,732227647.8087666,0.0,141123621.6906579,0.0,0.0
2012,절세계좌,2021-07-31,4000000.0,929933.1360860488,958742605.6015007,43366894.435417295,6183730.954644868,37183163.48077243,0.0,767461418.1675038,0.0,147914292.9985796,0.0,0.0
2012,절세계좌,2021-08-31,3999999.9999999995,938684.1307522762,999853586.2136887,40511179.1203051,5511792.872766575,34999386.24753852,0.0,804323596.6117197,0.0,155018810.48166385,0.0,0.0
2012,절세계좌,2021-09-30,3999999.9999999995,931845.0946618426,958761414.4776096,34114222.04343138,4815607.299294926,29298614.744136453,0.0,775234733.6222707,0.0,149412458.8119076,0.0,0.0
2012,절세계좌,2021-10-31,4000000.0,944339.1766927291,1021560874.374222,31580312.582364526,4163718.925750966,27416593.65661356,0.0,830010974.338809,0.0,159969587.45304847,0.0,0.0
2012,절세계좌,2021-11-30,4000000.0,949646.5047922813,1048104406.1732408,27604239.40050881,3530647.442741782,24073591.95776703,0.0,855598958.632926,0.0,164901208.13980597,0.0,0.0
2012,절세계좌,2021-12-31,4000000.0,951774.1591328514,1056248129.6371845,22997365.281226046,2905119.4614855284,20092245.81974052,0.0,866289204.8174577,0.0,166961559.53850082,0.0,0.0
2013,세전 기준,2012-12-31,0.0,0.0,400000000.0,,,,,,,,,
2013,세전 기준,2013-01-31,4000000.0,0.0,397670138.2137773,,,,,,,,,
2013,세전 기준,2013-02-28,4000000.0,0.0,393680698.7194644,,,,,,,,,
2013,세전 기준,2013-03-31,4000000.0,0.0,395518492.5912265,,,,,,,,,
2013,세전 기준,2013-04-30,4000000.0,0.0,393669507.3839055,,,,,,,,,
2013,세전 기준,2013-05-31,4000000.0,0.0,400590757.29258287,,,,,,,,,
2013,세전 기준,2013-06-30,4000000.0,0.0,393615795.8429848,,,,,,,,,
2013,세전 기준,2013-07-31,4000000.0,0.0,401068916.9009957,,,,,,,,,
2013,세전 기준,2013-08-31,4000000.0,0.0,392424107.3560215,,,,,,,,,
2013,세전 기준,2013-09-30,4000000.0,0.0,393037196.14269066,,,,,,,,,
2013,세전 기준,2013-10-31,4000000.0,0.0,402570113.55939007,,,,,,,,,
2013,세전 기준,2013-11-30,4000000.0,0.0,411659769.7836261,,,,,,,,,
2013,세전 기준,2013-12-31,4000000.0,0.0,418703994.4522326,,,,,,,,,
2013,세전 기준,2014-01-31,4000000.0,0.0,416430960.1015552,,,,,,,,,
2013,세전 기준,2014-02-28,4000000.0,0.0,428071168.20012903,,,,,,,,,
2013,세전 기준,2014-03-31,4000000.0,0.0,411838249.4778644,,,,,,,,,
2013,세전 기준,2014-04-30,4000000.0,0.0,394260806.37270206,,,,,,,,,
2013,세전 기준,2014-05-31,4000000.0,0.0,402940675.857497,,,,,,,,,
2013,세전 기준,2014-06-30,4000000.0,0.0,407984655.03860676,,,,,,,,,
2013,세전 기준,2014-07-31,4000000.0,0.0,415397252.4565279,,,,,,,,,
2013,세전 기준,2014-08-31,4000000.0,0.0,426306935.7479298,,,,,,,,,
2013,세전 기준,2014-09-30,4000000.0,0.0,436065289.3643505,,,,,,,,,
2013,세전 기준,2014-10-31,4000000.0,0.0,451446721.8385776,,,,,,,,,
2013,세전 기준,2014-11-30,4000000.0,0.0,485120034.0905199,,,,,,,,,
2013,세전 기준,2014-12-31,4000000.0,0.0,461222307.7361876,,,,,,,,,
2013,세전 기준,2015-01-31,4000000.0,0.0,453169821.4990964,,,,,,,,,
2013,세전 기준,2015-02-28,4000000.0,0.0,480285190.1543764,,,,,,,,,
2013,세전 기준,2015-03-31,4000000.0,0.0,467963255.61469847,,,,,,,,,
2013,세전 기준,2015-04-30,4000000.0,0.0,459624152.7141704,,,,,,,,,
2013,세전 기준,2015-05-31,4000000.0,0.0,481343975.5722047,,,,,,,,,
2013,세전 기준,2015-06-30,4000000.0,0.0,467645217.6227341,,,,,,,,,
2013,세전 기준,2015-07-31,4000000.0,0.0,503496520.1236226,,,,,,,,,
2013,세전 기준,2015-08-31,4000000.0,0.0,474375051.7643576,,,,,,,,,
2013,세전 기준,2015-09-30,4000000.0,0.0,460720273.2114484,,,,,,,,,
2013,세전 기준,2015-10-31,4000000.0,0.0,489993628.9816183,,,,,,,,,
2013,세전 기준,2015-11-30,4000000.0,0.0,492819476.8152601,,,,,,,,,
2013,세전 기준,2015-12-31,4000000.0,0.0,489343801.3751819,,,,,,,,,
2013,세전 기준,2016-01-31,4000000.0,0.0,467415380.9173589,,,,,,,,,
2013,세전 기준,2016-02-29,4000000.0,0.0,466764392.87739336,,,,,,,,,
2013,세전 기준,2016-03-31,4000000.0,0.0,454776137.86626095,,,,,,,,,
2013,세전 기준,2016-04-30,4000000.0,0.0,438305408.1394351,,,,,,,,,
2013,세전 기준,2016-05-31,4000000.0,0.0,471412455.88334703,,,,,,,,,
2013,세전 기준,2016-06-30,4000000.0,0.0,443174944.6334905,,,,,,,,,
2013,세전 기준,2016-07-31,4000000.0,0.0,453889453.2889964,,,,,,,,,
2013,세전 기준,2016-08-31,4000000.0,0.0,455929084.4107282,,,,,,,,,
2013,세전 기준,2016-09-30,4000000.0,0.0,454504635.5958401,,,,,,,,,
2013,세전 기준,2016-10-31,4000000.0,0.0,463212503.5241939,,,,,,,,,
2013,세전 기준,2016-11-30,4000000.0,0.0,473620462.146318,,,,,,,,,
2013,세전 기준,2016-12-31,4000000.0,0.0,486331568.05125827,,,,,,,,,
2013,세전 기준,2017-01-31,4000000.0,0.0,485121688.4731177,,,,,,,,,
2013,세전 기준,2017-02-28,4000000.0,0.0,492548540.5520079,,,,,,,,,
2013,세전 기준,2017-03-31,4000000.0,0.0,493329305.9759576,,,,,,,,,
2013,세전 기준,2017-04-30,4000000.0,0.0,511630113.36174446,,,,,,,,,
2013,세전 기준,2017-05-31,4000000.0,0.0,519430745.0787183,,,,,,,,,
2013,세전 기준,2017-06-30,4000000.0,0.0,514344188.1294577,,,,,,,,,
2013,세전 기준,2017-07-31,4000000.0,0.0,520989549.83533,,,,,,,,,
2013,세전 기준,2017-08-31,4000000.0,0.0,528029895.33999443,,,,,,,,,
2013,세전 기준,2017-09-30,4000000.0,0.0,531950922.6085293,,,,,,,,,
2013,세전 기준,2017-10-31,4000000.0,0.0,539358764.3563302,,,,,,,,,
2013,세전 기준,2017-11-30,4000000.0,0.0,530765718.61362416,,,,,,,,,
2013,세전 기준,2017-12-31,4000000.0,0.0,521416791.81704926,,,,,,,,,
2013,세전 기준,2018-01-31,4000000.0,0.0,563560876.2833344,,,,,,,,,
2013,세전 기준,2018-02-28,4000000.0,0.0,559455589.1668757,,,,,,,,,
2013,세전 기준,2018-03-31,4000000.0,0.0,522157855.4050941,,,,,,,,,
2013,세전 기준,2018-04-30,4000000.0,0.0,524795637.0087704,,,,,,,,,
2013,세전 기준,2018-05-31,4000000.0,0.0,556625861.905837,,,,,,,,,
2013,세전 기준,2018-06-30,4000000.0,0.0,575169056.6543919,,,,,,,,,
2013,세전 기준,2018-07-31,4000000.0,0.0,587763817.8710322,,,,,,,,,
2013,세전 기준,2018-08-31,4000000.0,0.0,619835771.0396267,,,,,,,,,
2013,세전 기준,2018-09-30,4000000.0,0.0,610358819.6390952,,,,,,,,,
2013,세전 기준,2018-10-31,4000000.0,0.0,569488341.8693002,,,,,,,,,
2013,세전 기준,2018-11-30,4000000.0,0.0,552941054.4860392,,,,,,,,,
2013,세전 기준,2018-12-31,4000000.0,0.0,498451846.86048394,,,,,,,,,
2013,세전 기준,2019-01-31,4000000.0,0.0,538863283.9324014,,,,,,,,,
2013,세전 기준,2019-02-28,4000000.0,0.0,557386054.3259386,,,,,,,,,
2013,세전 기준,2019-03-31,4000000.0,0.0,581261468.2454325,,,,,,,,,
2013,세전 기준,2019-04-30,4000000.0,0.0,624769049.2165211,,,,,,,,,
2013,세전 기준,2019-05-31,4000000.0,0.0,581880916.4661385,,,,,,,,,
2013,세전 기준,2019-06-30,4000000.0,0.0,603156715.9175911,,,,,,,,,
2013,세전 기준,2019-07-31,4000000.0,0.0,628293476.4736596,,,,,,,,,
2013,세전 기준,2019-08-31,4000000.0,0.0,627252729.5805646,,,,,,,,,
2013,세전 기준,2019-09-30,4000000.0,0.0,620925838.3450207,,,,,,,,,
2013,세전 기준,2019-10-31,4000000.0,0.0,629625014.4215039,,,,,,,,,
2013,세전 기준,2019-11-30,4000000.0,0.0,658101571.6259284,,,,,,,,,
2013,세전 기준,2019-12-31,4000000.0,0.0,664705749.9682608,,,,,,,,,
2013,세전 기준,2020-01-31,4000000.0,0.0,702146787.3705814,,,,,,,,,
2013,세전 기준,2020-02-29,4000000.0,0.0,668693043.8820767,,,,,,,,,
2013,세전 기준,2020-03-31,4000000.0,0.0,618014358.0052613,,,,,,,,,
2013,세전 기준,2020-04-30,4000000.0,0.0,697827608.7131691,,,,,,,,,
2013,세전 기준,2020-05-31,4000000.0,0.0,760070188.6959215,,,,,,,,,
2013,세전 기준,2020-06-30,4000000.0,0.0,780263345.4112477,,,,,,,,,
2013,세전 기준,2020-07-31,4000000.0,0.0,828129714.8492912,,,,,,,,,
2013,세전 기준,2020-08-31,4000000.0,0.0,910760150.5905268,,,,,,,,,
2013,세전 기준,2020-09-30,4000000.0,0.0,838586601.7489166,,,,,,,,,
2013,세전 기준,2020-10-31,4000000.0,0.0,786752645.596717,,,,,,,,,
2013,세전 기준,2020-11-30,4000000.0,0.0,849310259.4384942,,,,,,,,,
2013,세전 기준,2020-12-31,4000000.0,0.0,871090780.6828322,,,,,,,,,
2013,세전 기준,2021-01-31,4000000.0,0.0,895292300.1163995,,,,,,,,,
2013,세전 기준,2021-02-28,4000000.0,0.0,894102215.1939142,,,,,,,,,
2013,세전 기준,2021-03-31,4000000.0,0.0,908172369.4797451,,,,,,,,,
2013,세전 기준,2021-04-30,4000000.0,0.0,948333765.5651144,,,,,,,,,
2013,세전 기준,2021-05-31,4000000.0,0.0,932018294.7542936,,,,,,,,,
2013,세전 기준,2021-06-30,4000000.0,0.0,1000547458.9138741,,,,,,,,,
2013,세전 기준,2021-07-31,4000000.0,0.0,1044692403.325474,,,,,,,,,
2013,세전 기준,2021-08-31,4000000.0,0.0,1090870349.576702,,,,,,,,,
2013,세전 기준,2021-09-30,4000000.0,0.0,1047418345.0952178,,,,,,,,,
2013,세전 기준,2021-10-31,4000000.0,0.0,1117426431.8249965,,,,,,,,,
2013,세전 기준,2021-11-30,4000000.0,0.0,1147875000.4239194,,,,,,,,,
2013,세전 기준,2021-12-31,4000000.0,0.0,1158217077.6550648,,,,,,,,,
2013,세전 기준,2022-01-31,4000000.0,0.0,1069082469.7182794,,,,,,,,,
2013,세전 기준,2022-02-28,4000000.0,0.0,1013422394.5515082,,,,,,,,,
2013,세전 기준,2022-03-31,4000000.0,0.0,1064906403.9148686,,,,,,,,,
2013,세전 기준,2022-04-30,4000000.0,0.0,949783645.3374416,,,,,,,,,
2013,세전 기준,2022-05-31,4000000.0,0.0,916617960.0778295,,,,,,,,,
2013,세전 기준,2022-06-30,4000000.0,0.0,872832081.2603202,,,,,,,,,
2013,세전 기준,2022-07-31,4000000.0,0.0,978486105.2457247,,,,,,,,,
2013,세전 기준,2022-08-31,4000000.0,0.0,952550435.1838789,,,,,,,,,
2013,세전 기준,2022-09-30,4000000.0,0.0,907404780.7907119,,,,,,,,,
2013,세전 기준,2022-10-31,4000000.0,0.0,935039168.526295,,,,,,,,,
2013,세전 기준,2022-11-30,4000000.0,0.0,908229306.9213859,,,,,,,,,
2013,세전 기준,2022-12-31,4000000.0,0.0,786808343.0255556,,,,,,,,,
2013,미국계좌,2012-12-31,0.0,0.0,400000000.0,,,,,,,,,
2013,미국계좌,2013-01-31,4000000.0,0.0,397670138.2137773,,,,,,,,,
2013,미국계좌,2013-02-28,4000000.0,0.0,393680698.7194644,,,,,,,,,
2013,미국계좌,2013-03-31,4000000.0,0.0,395518492.5912265,,,,,,,,,
2013,미국계좌,2013-04-30,4000000.0,0.0,393669507.3839055,,,,,,,,,
2013,미국계좌,2013-05-31,4000000.0,0.0,400590757.29258287,,,,,,,,,
2013,미국계좌,2013-06-30,4000000.0,0.0,393615795.8429848,,,,,,,,,
2013,미국계좌,2013-07-31,4000000.0,0.0,401068916.9009957,,,,,,,,,
2013,미국계좌,2013-08-31,4000000.0,0.0,392424107.3560215,,,,,,,,,
2013,미국계좌,2013-09-30,4000000.0,0.0,393037196.14269066,,,,,,,,,
2013,미국계좌,2013-10-31,4000000.0,0.0,402570113.55939007,,,,,,,,,
2013,미국계좌,2013-11-30,4000000.0,0.0,411659769.7836261,,,,,,,,,
2013,미국계좌,2013-12-31,4000000.0,0.0,418703994.4522326,,,,,,,,,
2013,미국계좌,2014-01-31,4000000.0,0.0,416430960.1015552,,,,,,,,,
2013,미국계좌,2014-02-28,4000000.0,0.0,428071168.20012903,,,,,,,,,
2013,미국계좌,2014-03-31,4000000.0,0.0,411838249.4778644,,,,,,,,,
2013,미국계좌,2014-04-30,4000000.0,0.0,394260806.37270206,,,,,,,,,
2013,미국계좌,2014-05-31,4000000.0,0.0,402940675.857497,,,,,,,,,
2013,미국계좌,2014-06-30,4000000.0,0.0,407984655.03860676,,,,,,,,,
2013,미국계좌,2014-07-31,4000000.0,0.0,415397252.4565279,,,,,,,,,
2013,미국계좌,2014-08-31,4000000.0000000005,112012.25197519969,426194923.49595463,,,,,,,,,
2013,미국계좌,2014-09-30,4000000.0000000005,231830.379971028,435717831.7216155,,,,,,,,,
2013,미국계좌,2014-10-31,4000000.0000000005,263543.8122221256,450820277.22177166,,,,,,,,,
2013,미국계좌,2014-11-30,3999999.9999999995,319641.7275048758,484121670.82732624,,,,,,,,,
2013,미국계좌,2014-12-31,4000000.0,290706.9288344244,459974186.50032973,,,,,,,,,
2013,미국계좌,2015-01-31,4000000.0,0.0,451932666.7625724,,,,,,,,,
2013,미국계좌,2015-02-28,4000000.0,0.0,478963090.38425946,,,,,,,,,
2013,미국계좌,2015-03-31,4000000.0,0.0,466664063.95827603,,,,,,,,,
2013,미국계좌,2015-04-30,4000000.0,59423.80522888355,458277583.7673193,,,,,,,,,
2013,미국계좌,2015-05-31,4000000.0,348733.5578257002,479573321.25110435,,,,,,,,,
2013,미국계좌,2015-06-30,4000000.0000000005,335183.44048958685,465575057.35695606,,,,,,,,,
2013,미국계좌,2015-07-31,3999999.9999999995,388473.0531785671,500861474.0458737,,,,,,,,,
2013,미국계좌,2015-08-31,4000000.0,355480.06961647887,471515998.6739482,,,,,,,,,
2013,미국계좌,2015-09-30,4000000.0,341887.8960431561,457577521.4665173,,,,,,,,,
2013,미국계좌,2015-10-31,4000000.0,387197.98281863355,486236708.7839618,,,,,,,,,
2013,미국계좌,2015-11-30,4000000.0,395924.98871884384,488614295.9165906,,,,,,,,,
2013,미국계좌,2015-12-31,4000000.0,396592.2233504457,484737554.2424384,,,,,,,,,
2013,미국계좌,2016-01-31,4000000.0,0.0,462977895.98226935,,,,,,,,,
2013,미국계좌,2016-02-29,4000000.0,0.0,462295113.5454422,,,,,,,,,
2013,미국계좌,2016-03-31,4000000.0,0.0,450383346.25180584,,,,,,,,,
2013,미국계좌,2016-04-30,4000000.0,262853.2210613909,433770221.06853926,,,,,,,,,
2013,미국계좌,2016-05-31,3999999.9999999995,400356.0816567359,466092962.6356276,,,,,,,,,
2013,미국계좌,2016-06-30,4000000.0,366763.2865617963,437762188.0371639,,,,,,,,,
2013,미국계좌,2016-07-31,4000000.0,387699.26812013984,447909280.4645742,,,,,,,,,
2013,미국계좌,2016-08-31,4000000.0,396035.0010783141,449473302.05966425,,,,,,,,,
2013,미국계좌,2016-09-30,3999999.9999999995,399563.4404196416,447612820.97959054,,,,,,,,,
2013,미국계좌,2016-10-31,4000000.0,416632.0475159099,455711362.9623449,,,,,,,,,
2013,미국계좌,2016-11-30,3999999.9999999995,435196.68759295763,465450806.23209125,,,,,,,,,
2013,미국계좌,2016-12-31,4000000.0,455718.0492490624,477417937.99223524,,,,,,,,,
2013,미국계좌,2017-01-31,4000000.0,0.0,476156920.2546694,,,,,,,,,
2013,미국계좌,2017-02-28,4000000.0,0.0,483372610.71620095,,,,,,,,,
2013,미국계좌,2017-03-31,4000000.0,180608.8454789602,483883704.0562698,,,,,,,,,
2013,미국계좌,2017-04-30,4000000.0,502679.09621886356,501254846.6660858,,,,,,,,,
2013,미국계좌,2017-05-31,4000000.0,515095.4180358621,508301079.80822486,,,,,,,,,
2013,미국계좌,2017-06-30,4000000.0000000005,513964.15089747554,502723839.9929295,,,,,,,,,
2013,미국계좌,2017-07-31,4000000.0000000005,524954.1420576262,508603741.66221595,,,,,,,,,
2013,미국계좌,2017-08-31,4000000.0,536026.8768823945,514845591.29876983,,,,,,,,,
2013,미국계좌,2017-09-30,3999999.9999999995,543781.5052500697,518025058.04850096,,,,,,,,,
2013,미국계좌,2017-10-31,4000000.0,554679.2588495986,524579576.33485717,,,,,,,,,
2013,미국계좌,2017-11-30,4000000.0,550308.4112063627,515562078.0881973,,,,,,,,,
2013,미국계좌,2017-12-31,4000000.0,545094.178237699,505821275.67547333,,,,,,,,,
2013,미국계좌,2018-01-31,4000000.0,0.0,546585195.8942198,,,,,,,,,
2013,미국계좌,2018-02-28,4000000.0,0.0,542483080.2549046,,,,,,,,,
2013,미국계좌,2018-03-31,4000000.0,470943.2666808581,505724574.7109416,,,,,,,,,
2013,미국계좌,2018-04-30,4000000.0,563382.1368725457,507590070.8218914,,,,,,,,,
2013,미국계좌,2018-05-31,4000000.0,595732.4224439311,537649859.7310061,,,,,,,,,
2013,미국계좌,2018-06-30,4000000.0,614381.4231261864,554810150.1726587,,,,,,,,,
2013,미국계좌,2018-07-31,4000000.0,627383.3232292681,566190133.4769703,,,,,,,,,
2013,미국계좌,2018-08-31,4000000.0,653662.5214448598,596284414.5313631,,,,,,,,,
2013,미국계좌,2018-09-30,4000000.0000000005,649826.6559009296,586365739.3967674,,,,,,,,,
2013,미국계좌,2018-10-31,4000000.0,622106.202432247,546322526.3572428,,,,,,,,,
2013,미국계좌,2018-11-30,4000000.0,611852.3742404516,529673788.8737251,,,,,,,,,
2013,미국계좌,2018-12-31,4000000.0,565658.0520911971,476743463.9492898,,,,,,,,,
2013,미국계좌,2019-01-31,4000000.0,0.0,515220711.2139751,,,,,,,,,
2013,미국계좌,2019-02-28,4000000.0,0.0,532755297.3078441,,,,,,,,,
2013,미국계좌,2019-03-31,4000000.0000000005,610615.3722382006,554788287.9515811,,,,,,,,,
2013,미국계좌,2019-04-30,4000000.0,680695.731127561,595451470.924869,,,,,,,,,
2013,미국계좌,2019-05-31,4000000.0,653740.2771242597,553734441.6183423,,,,,,,,,
2013,미국계좌,2019-06-30,4000000.0000000005,671733.993062345,573115877.7837169,,,,,,,,,
2013,미국계좌,2019-07-31,4000000.0,690975.2588104925,596110476.8726298,,,,,,,,,
2013,미국계좌,2019-08-31,4000000.0,692850.9443832979,594225297.5766056,,,,,,,,,
2013,미국계좌,2019-09-30,4000000.0,691368.0014546391,587329558.7184564,,,,,,,,,
2013,미국계좌,2019-10-31,4000000.0000000005,699391.0416614073,594642232.597412,,,,,,,,,
2013,미국계좌,2019-11-30,4000000.0,718745.2562750623,620595604.9361792,,,,,,,,,
2013,미국계좌,2019-12-31,4000000.0,724727.5080806502,625870711.4308528,,,,,,,,,
2013,미국계좌,2020-01-31,4000000.0,0.0,660890580.8432376,,,,,,,,,
2013,미국계좌,2020-02-29,4000000.0,174362.20353056907,628993095.7938114,,,,,,,,,
2013,미국계좌,2020-03-31,4000000.0000000005,703905.1043961222,580381793.4077071,,,,,,,,,
2013,미국계좌,2020-04-30,4000000.0,750847.0354840149,654340581.7182214,,,,,,,,,
2013,미국계좌,2020-05-31,3999999.9999999995,781350.0529528275,711673724.957331,,,,,,,,,
2013,미국계좌,2020-06-30,4000000.0,791347.0811696702,729535067.3437136,,,,,,,,,
2013,미국계좌,2020-07-31,4000000.0,811044.7919562728,773218336.0977997,,,,,,,,,
2013,미국계좌,2020-08-31,4000000.0,839389.1935677276,849265117.4861629,,,,,,,,,
2013,미국계좌,2020-09-30,4000000.0,817437.2397345479,780877247.428437,,,,,,,,,
2013,미국계좌,2020-10-31,4000000.0000000005,799842.0747194743,731535257.9644773,,,,,,,,,
2013,미국계좌,2020-11-30,4000000.0000000005,823934.5309361253,788597662.785239,,,,,,,,,
2013,미국계좌,2020-12-31,4000000.0,832381.3732230746,807702892.6356356,,,,,,,,,
2013,미국계좌,2021-01-31,4000000.0,0.0,829852232.4384936,,,,,,,,,
2013,미국계좌,2021-02-28,4000000.0,351726.9483108622,828105033.9773986,,,,,,,,,
2013,미국계좌,2021-03-31,4000000.0,847346.4872410123,839994013.0182174,,,,,,,,,
2013,미국계좌,2021-04-30,4000000.0,859688.4559641125,875980434.3591048,,,,,,,,,
2013,미국계좌,2021-05-31,4000000.0,856342.7953450949,859748232.2809565,,,,,,,,,
2013,미국계좌,2021-06-30,4000000.0000000005,875002.3249380322,921778376.5888468,,,,,,,,,
2013,미국계좌,2021-07-31,3999999.9999999995,886077.8946452489,961246985.0264817,,,,,,,,,
2013,미국계좌,2021-08-31,3999999.9999999995,896673.5931951521,1002520264.8045151,,,,,,,,,
2013,미국계좌,2021-09-30,4000000.0,888392.1824250659,961375103.8913294,,,,,,,,,
2013,미국계좌,2021-10-31,4000000.0,903525.147538229,1024400054.8887947,,,,,,,,,
2013,미국계좌,2021-11-30,4000000.0,909958.5785127988,1051070802.2597038,,,,,,,,,
2013,미국계좌,2021-12-31,4000000.0,912538.5373229461,1059290824.859999,,,,,,,,,
2013,미국계좌,2022-01-31,4000000.0,0.0,977427779.3175571,,,,,,,,,
2013,미국계좌,2022-02-28,4000000.0000000005,435759.68628567044,925760871.4459109,,,,,,,,,
2013,미국계좌,2022-03-31,4000000.0,897037.035730308,971548450.356791,,,,,,,,,
2013,미국계좌,2022-04-30,4000000.0,871452.7006964274,865296121.8360432,,,,,,,,,
2013,미국계좌,2022-05-31,4000000.0000000005,863738.124111163,833861117.2243239,,,,,,,,,
2013,미국계좌,2022-06-30,3999999.9999999995,852383.4742628637,792814922.5817713,,,,,,,,,
2013,미국계좌,2022-07-31,4000000.0,881687.7588980302,887534691.2808423,,,,,,,,,
2013,미국계좌,2022-08-31,4000000.0000000005,876312.2859806218,862761654.8083801,,,,,,,,,
2013,미국계좌,2022-09-30,3999999.9999999995,865523.0016143112,820628926.2487001,,,,,,,,,
2013,미국계좌,2022-10-31,4000000.0,873933.4753283893,844364158.3734968,,,,,,,,,
2013,미국계좌,2022-11-30,4000000.0,867898.2612453504,818898374.7562826,,,,,,,,,
2013,미국계좌,2022-12-31,4000000.0,831483.6939901233,708195129.6427562,,,,,,,,,
2013,절세계좌,2012-12-31,0.0,0.0,400000000.0,50000000.0,50000000.0,0.0,200000000.0,0.0,36000000.0,0.0,114000000.0,0.0
2013,절세계좌,2013-01-31,4000000.0,0.0,397670138.21377724,51670138.21377725,50000000.0,1670138.2137772515,200000000.0,0.0,36000000.0,0.0,110000000.0,0.0
2013,절세계좌,2013-02-28,4000000.0,0.0,393680698.7194643,51678123.117218584,50000000.0,1678123.1172185838,200000000.0,2575.602245748043,36000000.0,0.0,106000000.0,0.0
2013,절세계좌,2013-03-31,4000000.0,0.0,395518492.59122646,54645119.1571476,50000000.0,4645119.157147601,200000000.0,2873373.4340788424,36000000.0,0.0,102000000.0,0.0
2013,절세계좌,2013-04-30,4000000.0,0.0,393669507.3839054,55479630.59413591,50000000.0,5479630.59413591,200000000.0,4189876.7897695303,36000000.0,0.0,98000000.0,0.0
2013,절세계좌,2013-05-31,4000000.0,0.0,400590757.29258287,58915720.28941246,50000000.0,8915720.289412461,200000000.0,11675037.00317043,36000000.0,0.0,94000000.0,0.0
2013,절세계좌,2013-06-30,4000000.0,0.0,393615795.84298474,58121162.988882266,50000000.0,8121162.988882266,200000000.0,9494632.854102492,36000000.0,0.0,90000000.0,0.0
2013,절세계좌,2013-07-31,4000000.0,0.0,401068916.9009956,60773767.195674896,50000000.0,10773767.195674896,200000000.0,18295149.705320716,36000000.0,0.0,86000000.0,0.0
2013,절세계좌,2013-08-31,4000000.0,0.0,392424107.3560215,59819257.188630305,50000000.0,9819257.188630305,200000000.0,14866616.071521997,35738234.09586921,0.0,82000000.0,0.0
2013,절세계좌,2013-09-30,4000000.0,0.0,393037196.1426906,60669846.08848946,50000000.0,10669846.088489458,200000000.0,17921872.307894528,36000000.0,246407.32721939683,78199070.41908723,0.0
2013,절세계좌,2013-10-31,4000000.0,0.0,402570113.55938995,62935593.300291106,50000000.0,12935593.300291106,200000000.0,26060278.887203187,36000000.0,1600048.413100697,75974192.95879497,0.0
2013,절세계좌,2013-11-30,4000000.0,35208.5465538368,411624561.2370722,64981958.02738259,50000000.0,14981958.02738259,200000000.0,33410678.82232377,36000000.0,2822622.2981576473,74409302.08920822,0.0
2013,절세계좌,2013-12-31,4000000.0,50719.085302312145,418617122.2269842,49999999.99999999,37467031.924236596,12532968.075763397,200000000.0,39672743.19242397,36000000.0,3864176.0140106007,72354874.86924745,16725328.151302136
2013,절세계좌,2014-01-31,4000000.0,43060.03326542854,415844144.77901554,50206227.51062858,37467031.924236596,12739195.586391985,200000000.0,40661285.45630595,72000000.0,4028597.8096631765,48948034.00241786,0.0
2013,절세계좌,2014-02-28,4000000.0,64377.129853276296,427397936.2870828,52091860.23572442,37467031.924236596,14624828.311487824,200000000.0,49699980.813848436,72000000.0,6884060.55166468,46722034.685845286,0.0
2013,절세계좌,2014-03-31,4000000.0,47661.29138067155,411136595.1100734,50603239.79199187,37467031.924236596,13136207.867755271,200000000.0,42564345.90741438,72000000.0,4629803.846481547,41339205.56418559,0.0
2013,절세계좌,2014-04-30,4000000.0,27898.467877476225,393554385.6095651,48934957.13470172,37467031.924236596,11467925.210465126,200000000.0,34567508.28955284,72000000.0,2103479.972474128,35948440.212836415,0.0
2013,절세계좌,2014-05-31,4000000.0,46571.913456797076,402164963.8972891,50508760.210439086,37467031.924236596,13041728.28620249,200000000.0,42111462.29768583,72000000.0,4486730.955661744,33058010.43350243,0.0
2013,절세계좌,2014-06-30,4000000.0,59417.590852742775,407132114.6793577,51642426.28878862,37467031.924236596,14175394.364552021,200000000.0,47545639.474930376,72000000.0,6203471.021484226,29740577.894154493,0.0
2013,절세계좌,2014-07-31,4000000.0,75101.29458904,414445762.6020713,53087025.27955908,37467031.924236596,15619993.355322488,200000000.0,54470259.533549726,72000000.0,8391064.894022897,26497412.894939583,0.0
2013,절세계좌,2014-08-31,3999999.9999999995,94696.78112554952,425226597.67706245,54992456.11503075,37467031.924236596,17525424.190794155,200000000.0,63603856.23956823,72000000.0,11276508.430156693,23353776.892306793,0.0
2013,절세계좌,2014-09-30,4000000.0,111919.70262536046,434838165.4604763,56767246.9852254,37467031.924236596,19300215.060988806,200000000.0,72111236.16861665,72000000.0,13964120.464694157,19995561.841940094,0.0
2013,절세계좌,2014-10-31,4000000.0,134852.0903937081,450030204.8852825,59290333.7592168,37467031.924236596,21823301.834980205,200000000.0,84205538.7373175,72000000.0,17784896.473767206,16749435.914981028,0.0
2013,절세계좌,2014-11-30,4000000.0,175204.21193605807,483410104.32411796,64238123.053457215,37467031.924236596,26771091.12922062,200000000.0,107922543.39509171,72000000.0,25277462.654309765,13971975.221259294,0.0
2013,절세계좌,2014-12-31,4000000.0,154424.8159612112,459428087.784815,50000000.0,30409909.702267386,19590090.297732614,200000000.0,95292765.03870606,72000000.0,21287521.61638087,9244474.630137963,11603326.499590077
2013,절세계좌,2015-01-31,4000000.0,0.0,451162198.6778909,49560679.72330069,30409909.702267386,19150770.021033302,200000000.0,92698203.05382383,88435456.28056756,20467859.620198846,0.0,0.0
2013,절세계좌,2015-02-28,4000000.0,0.0,478139720.7219471,52963595.688215256,30409909.702267386,22553685.98594787,200000000.0,112795332.34330338,84435456.28056756,27945336.40986085,0.0,0.0
2013,절세계좌,2015-03-31,4000000.0,0.0,465854960.8787611,52045891.82114074,30409909.702267386,21635982.11887335,200000000.0,107375506.09540045,80435456.28056756,25998106.681652382,0.0,0.0
2013,절세계좌,2015-04-30,4000000.0,0.0,457535406.75197554,51563305.897027865,30409909.702267386,21153396.19476048,200000000.0,104525423.45739943,76435456.28056756,25011221.1169807,0.0,0.0
2013,절세계좌,2015-05-31,4000000.0,0.0,479138346.7703552,54448704.94713158,30409909.702267386,24038795.244864196,200000000.0,121566172.73230308,72435456.28056756,30688012.81035301,0.0,0.0
2013,절세계좌,2015-06-30,4000000.0,0.0,465484030.7604563,53351600.09749344,30409909.702267386,22941690.395226054,200000000.0,115086830.24056274,68435456.28056756,28610144.14183259,0.0,0.0
2013,절세계좌,2015-07-31,4000000.0,0.0,501151163.49297345,57898061.120231554,30409909.702267386,27488151.417964168,200000000.0,141937571.17146355,64435456.28056756,36880074.92071076,0.0,0.0
2013,절세계좌,2015-08-31,4000000.0,0.0,472146714.41792023,55009293.76561792,30409909.702267386,24599384.063350536,200000000.0,124876929.17751533,60435456.28056756,31825035.19421944,0.0,0.0
2013,절세계좌,2015-09-30,4000000.0,0.0,458537288.38416445,53889710.12039115,30409909.702267386,23479800.418123767,200000000.0,118264830.17169291,56435456.28056756,29947291.811512813,0.0,0.0
2013,절세계좌,2015-10-31,4000000.0,0.0,487652988.3379475,57781641.08467967,30409909.702267386,27371731.382412285,200000000.0,141250011.28738314,52435456.28056756,36185879.68531713,0.0,0.0
2013,절세계좌,2015-11-30,4000000.0,0.0,490446229.9172995,58586567.24349903,30409909.702267386,28176657.541231647,200000000.0,146003788.70917815,48435456.28056756,37420417.68405479,0.0,0.0
2013,절세계좌,2015-12-31,4000000.0,0.0,486968029.51281977,49999999.99999999,25925388.323172893,24074611.6768271,200000000.0,146371911.9120568,44435456.28056756,37511762.173164904,0.0,8648899.147030503
2013,절세계좌,2016-01-31,4000000.0,0.0,465443527.397704,48168116.11719208,25925388.323172893,22242727.79401919,200000000.0,133681649.45427561,49084355.42759806,34509406.39863828,0.0,0.0
2013,절세계좌,2016-02-29,4000000.0,0.0,464778411.10845447,48513238.68601342,25925388.323172893,22587850.36284053,200000000.0,136072464.73440856,45084355.42759806,35108352.26043445,0.0,0.0
2013,절세계좌,2016-03-31,4000000.0,0.0,452824144.3986147,47682978.00642126,25925388.323172893,21757589.683248367,200000000.0,130320885.15489376,41084355.42759806,33735925.80970161,0.0,0.0
2013,절세계좌,2016-04-30,4000000.0,0.0,436406941.6292009,46375430.22240993,25925388.323172893,20450041.899237033,200000000.0,121262928.63760626,37084355.42759806,31684227.341586605,0.0,0.0
2013,절세계좌,2016-05-31,4000000.0,0.0,469353264.7137149,50301585.98378256,25925388.323172893,24376197.660609666,200000000.0,148461130.18822974,33084355.42759806,37506193.11410454,0.0,0.0
2013,절세계좌,2016-06-30,4000000.0,0.0,441221626.0782042,47715347.03113756,25925388.323172893,21789958.70796467,200000000.0,130545119.57444805,29084355.42759806,33876804.04502055,0.0,0.0
2013,절세계좌,2016-07-31,4000000.0,0.0,451871279.7071867,49299615.03949888,25925388.323172893,23374226.716325987,200000000.0,141520038.35519242,25084355.42759806,35967270.88489731,0.0,0.0
2013,절세계좌,2016-08-31,4000000.0,0.0,453884056.2195297,49955615.0569577,25925388.323172893,24030226.733784806,200000000.0,146064437.96042347,21084355.42759806,36779647.77455047,0.0,0.0
2013,절세계좌,2016-09-30,4000000.0,0.0,452448055.0054604,50237815.17965712,25925388.323172893,24312426.856484223,200000000.0,148019361.88124776,17084355.42759806,37106522.51695746,0.0,0.0
2013,절세계좌,2016-10-31,4000000.0,0.0,461098421.3101128,51642455.46341394,25925388.323172893,25717067.140241046,200000000.0,157749920.6939186,13084355.42759806,38621689.725182205,0.0,0.0
2013,절세계좌,2016-11-30,4000000.0,0.0,471440622.62034976,53248764.35145303,25925388.323172893,27323376.028280135,200000000.0,168877526.30734724,9084355.42759806,40229976.53395144,0.0,0.0
2013,절세계좌,2016-12-31,4000000.0,0.0,484074815.6127669,50000000.00000001,23513990.74654144,26486009.253458567,200000000.0,181892908.66675657,5084355.427598059,41969971.08635371,0.0,5127580.432058588
2013,절세계좌,2017-01-31,4000000.0,0.0,482822571.5670544,50286853.72338049,23513990.74654144,26772862.97683905,200000000.0,184083856.7224298,6211935.859656647,42239925.26158747,0.0,0.0
2013,절세계좌,2017-02-28,4000000.0,0.0,490195268.8443311,51471340.94104835,23513990.74654144,27957350.194506906,200000000.0,193130802.09910524,2211935.859656647,43381189.94452086,0.0,0.0
2013,절세계좌,2017-03-31,4000000.0,0.0,490953192.9864842,51970931.10696278,23513990.74654144,28456940.360421337,198211935.85965663,196946600.93115264,0.0,43823725.08871216,0.0,0.0
2013,절세계좌,2017-04-30,4000000.0,0.0,509146588.87763005,54320261.88913378,23513990.74654144,30806271.14259234,194211935.85965663,214809627.32969117,0.0,45804763.799148455,0.0,0.0
2013,절세계좌,2017-05-31,4000000.0,0.0,516889938.669573,55573146.323772244,23513990.74654144,32059155.577230804,190211935.85965663,224243616.27100617,0.0,46861240.21513798,0.0,0.0
2013,절세계좌,2017-06-30,4000000.0,0.0,511808696.6364716,55456897.162738815,23513990.74654144,31942906.416197374,186211935.85965663,223376648.7982607,0.0,46763214.81581548,0.0,0.0
2013,절세계좌,2017-07-31,4000000.0,0.0,518401581.3732872,56604686.41166512,23513990.74654144,33090695.66512368,182211935.85965663,231853887.84345508,0.0,47731071.25851036,0.0,0.0
2013,절세계좌,2017-08-31,4000000.0,0.0,525387084.9603254,57804202.400739156,23513990.74654144,34290211.654197715,178211935.85965663,240628401.18407905,0.0,48742545.51585059,0.0,0.0
2013,절세계좌,2017-09-30,4000000.0,0.0,529268467.1760562,58671328.80303755,23513990.74654144,35157338.056496106,174211935.85965663,246911465.3820817,0.0,49473737.13128034,0.0,0.0
2013,절세계좌,2017-10-31,4000000.0,0.0,536618782.8894644,59929552.4580246,23513990.74654144,36415561.71148316,170211935.85965663,255942578.80529648,0.0,50534715.76648667,0.0,0.0
2013,절세계좌,2017-11-30,4000000.0,0.0,528049070.1507682,59419207.222218335,23513990.74654144,35905216.475676894,166211935.85965663,252313552.43422657,0.0,50104374.6346667,0.0,0.0
2013,절세계좌,2017-12-31,4000000.0,0.0,518662761.55058,50000000.0,19987957.18665016,30012042.81334984,162211935.85965663,248095755.16346043,0.0,49599435.03003468,0.0,8755635.497428274
2013,절세계좌,2018-01-31,4000000.0,0.0,559788269.3282679,54424875.185308166,19987957.18665016,34436917.998658,162211935.85965663,284406961.5704461,4755635.497428274,53988861.21542878,0.0,0.0
2013,절세계좌,2018-02-28,4000000.0,0.0,555683687.0281379,54414707.27193264,19987957.18665016,34426750.085282475,162211935.85965663,284323522.10925335,755635.4974282738,53977886.28986706,0.0,0.0
2013,절세계좌,2018-03-31,4000000.0,0.0,518610449.7154456,51176047.27719685,19987957.18665016,31188090.090546686,158967571.3570849,257746580.02027366,0.0,50720251.06089015,0.0,0.0
2013,절세계좌,2018-04-30,4000000.0,0.0,521203135.9442583,51826608.06384232,19987957.18665016,31838650.87719216,154967571.3570849,263043938.85414264,0.0,51365017.669188395,0.0,0.0
2013,절세계좌,2018-05-31,4000000.0,0.0,552788084.1812176,55365050.25281305,19987957.18665016,35377093.066162884,150967571.3570849,291583517.6238885,0.0,54871944.94743112,0.0,0.0
2013,절세계좌,2018-06-30,4000000.0,0.0,571175849.9844633,57607319.60379018,19987957.18665016,37619362.41714002,146967571.3570849,309506715.35481036,0.0,57094243.66877795,0.0,0.0
2013,절세계좌,2018-07-31,4000000.0,0.0,583655399.316164,59269404.34582458,19987957.18665016,39281447.15917441,142967571.3570849,322676898.45468426,0.0,58741525.1585702,0.0,0.0
2013,절세계좌,2018-08-31,4000000.0,0.0,615475212.6333382,62906857.201696336,19987957.18665016,42918900.01504618,138967571.3570849,351254202.8030623,0.0,62346581.27149462,0.0,0.0
2013,절세계좌,2018-09-30,4000000.0,0.0,606036791.7074682,62351003.83577008,19987957.18665016,42363046.64911991,134967571.3570849,346922537.93632805,0.0,61795678.578285195,0.0,0.0
2013,절세계좌,2018-10-31,4000000.0,0.0,565427398.450006,58584512.34440356,19987957.18665016,38596555.15775339,130967571.3570849,317812581.6442361,0.0,58062733.10428139,0.0,0.0
2013,절세계좌,2018-11-30,4000000.0,0.0,548969584.0557121,57293745.42513598,19987957.18665016,37305788.23848581,126967571.3570849,307924804.9548516,0.0,56783462.31863956,0.0,0.0
2013,절세계좌,2018-12-31,4000000.0,0.0,494843012.54391396,50000000.00000001,19196214.33363105,30803785.666368958,122967571.3570849,268214656.27943113,0.0,51598547.94947859,0.0,2062236.957919374
2013,절세계좌,2019-01-31,4000000.0,0.0,534749164.2474981,54454937.55832629,19196214.33363105,35258723.224695235,121029808.31500427,303068504.2403843,0.0,56195914.13378323,0.0,0.0
2013,절세계좌,2019-02-28,4000000.0,0.0,553099977.5309527,56730980.65124268,19196214.33363105,37534766.317611635,117029808.31500427,320794464.057624,0.0,58544724.507081755,0.0,0.0
2013,절세계좌,2019-03-31,4000000.0,0.0,576761040.6179785,59568151.684566475,19196214.33363105,40371937.35093543,113029808.31500427,342690477.99924934,0.0,61472602.619158335,0.0,0.0
2013,절세계좌,2019-04-30,4000000.0,0.0,619900793.2680856,64436767.521076225,19196214.33363105,45240553.18744518,109029808.31500427,379937344.659092,0.0,66496872.77291312,0.0,0.0
2013,절세계좌,2019-05-31,4000000.0,0.0,577315680.3036911,60425964.53314407,19196214.33363105,41229750.19951302,105029808.31500427,349502066.8884043,0.0,62357840.56713854,0.0,0.0
2013,절세계좌,2019-06-30,4000000.0,0.0,598393174.5857781,63050753.41688335,19196214.33363105,43854539.083252296,101029808.31500427,369246066.3852543,0.0,65066546.46863612,0.0,0.0
2013,절세계좌,2019-07-31,4000000.0,0.0,623299822.2051567,66096553.383468546,19196214.33363105,46900339.0498375,97029808.31500427,391963736.9256404,0.0,68209723.58104345,0.0,0.0
2013,절세계좌,2019-08-31,4000000.0,0.0,622235555.2733185,66407867.18550506,19196214.33363105,47211652.85187401,93029808.31500427,394266889.3889314,0.0,68530990.38387777,0.0,0.0
2013,절세계좌,2019-09-30,4000000.0,0.0,615927276.0236174,66161516.90779731,19196214.33363105,46965302.57416625,89029808.31500427,392459186.7492714,0.0,68276764.05154435,0.0,0.0
2013,절세계좌,2019-10-31,4000000.0,0.0,624524221.4968163,67514652.34010392,19196214.33363105,48318438.00647287,85029808.31500427,402306600.3204435,0.0,69673160.5212646,0.0,0.0
2013,절세계좌,2019-11-30,4000000.0,0.0,652737675.7599471,70997111.61131763,19196214.33363105,51800897.27768658,81029808.31500427,427443798.47860396,0.0,73266957.35502112,0.0,0.0
2013,절세계좌,2019-12-31,4000000.0,0.0,656780528.9545633,50000000.0,13304629.48248321,36695370.51751679,77029808.31500427,435636978.743296,0.0,74447528.73775338,0.0,19666213.15850963
2013,절세계좌,2020-01-31,4000000.0,0.0,692501380.1608585,53117246.797120325,13304629.48248321,39812617.31463712,77029808.31500427,467599156.74224514,15666213.15850963,79088955.14797911,0.0,0.0
2013,절세계좌,2020-02-29,4000000.0,0.0,659452243.4510319,50889077.716069944,13304629.48248321,37584448.233586736,77029808.31500427,444752991.0661502,11666213.15850963,75114153.19529791,0.0,0.0
2013,절세계좌,2020-03-31,4000000.0,0.0,609418619.4968991,47336722.42390366,13304629.48248321,34032092.94142045,77029808.31500427,408329499.58366144,7666213.158509631,69056376.01582018,0.0,0.0
2013,절세계좌,2020-04-30,4000000.0,0.0,688066141.9700356,53756386.51878139,13304629.48248321,40451757.03629818,77029808.31500427,474152470.89395136,3666213.1585096307,79461263.0837889,0.0,0.0
2013,절세계좌,2020-05-31,4000000.0,0.0,749382096.6180961,58859311.20833434,13304629.48248321,45554681.72585113,76696021.4735139,526474470.99782306,0.0,87352292.93842481,0.0,0.0
2013,절세계좌,2020-06-30,4000000.0,0.0,769235049.638458,60732812.57886248,13304629.48248321,47428183.09637927,72696021.4735139,545673485.0723741,0.0,90132730.51370755,0.0,0.0
2013,절세계좌,2020-07-31,4000000.0,0.0,816368336.244676,64769898.91997016,13304629.48248321,51465269.437486954,68696021.4735139,586778301.1121757,0.0,96124114.7390163,0.0,0.0
2013,절세계좌,2020-08-31,4000000.0,0.0,897768417.2055366,71545461.32974787,13304629.48248321,58240831.84726466,64696021.4735139,655347300.828752,0.0,106179633.57352275,0.0,0.0
2013,절세계좌,2020-09-30,4000000.0,0.0,826567344.5640374,66190035.97522772,13304629.48248321,52885406.49274451,60696021.4735139,601449566.535897,0.0,98231720.57939869,0.0,0.0
2013,절세계좌,2020-10-31,4000000.0,0.0,775418980.8360008,62414479.25640056,13304629.48248321,49109849.773917355,56696021.4735139,563680011.2423129,0.0,92628468.86377332,0.0,0.0
2013,절세계좌,2020-11-30,4000000.0,0.0,837017790.552011,67694612.51268262,13304629.48248321,54389983.03019941,52696021.4735139,616162514.6737139,0.0,100464641.89210056,0.0,0.0
2013,절세계좌,2020-12-31,4000000.0,0.0,856009078.1764549,50000000.00000001,9537442.748617293,40462557.251382716,48696021.4735139,636465485.8305688,0.0,103514211.59389181,0.0,17333359.278480384
2013,절세계좌,2021-01-31,4000000.0,0.0,879161161.6440606,51618747.4405056,9537442.748617293,42081304.69188831,48696021.4735139,658647554.5561976,13333359.278480384,106865478.89536315,0.0,0.0
2013,절세계좌,2021-02-28,4000000.0,0.0,877920448.4192823,51780755.19673968,9537442.748617293,42243312.44812239,48696021.4735139,660867584.1253233,9333359.278480384,107242728.345225,0.0,0.0
2013,절세계좌,2021-03-31,4000000.0,0.0,891663562.8910228,52827264.443156205,9537442.748617293,43289821.69453891,48696021.4735139,675208141.1789715,5333359.2784803845,109598776.5169008,0.0,0.0
2013,절세계좌,2021-04-30,4000000.0,0.0,931022190.7231817,55396078.28024443,9537442.748617293,45858635.53162714,48696021.4735139,710409188.3910306,1333359.2784803845,115187543.29991235,0.0,0.0
2013,절세계좌,2021-05-31,4000000.0,0.0,914931535.4808838,54676680.94370886,9537442.748617293,45139238.19509157,46029380.75199428,700551121.1220055,0.0,113674352.66317531,0.0,0.0
2013,절세계좌,2021-06-30,4000000.0,0.0,982131017.1918778,58931590.94943222,9537442.748617293,49394148.200814925,42029380.75199428,758649615.6296015,0.0,122520429.86084987,0.0,0.0
2013,절세계좌,2021-07-31,4000000.0,0.0,1025389788.1840504,61767296.6873964,9537442.748617293,52229853.93877911,38029380.75199428,797177169.1493249,0.0,128415941.59533493,0.0,0.0
2013,절세계좌,2021-08-31,4000000.0,0.0,1070640604.5145563,64734060.95542204,9537442.748617293,55196618.206804745,34029380.75199428,837293235.1188077,0.0,134583927.68833232,0.0,0.0
2013,절세계좌,2021-09-30,4000000.0,0.0,1027920221.3418378,62392913.39016922,9537442.748617293,52855470.64155193,30029380.751994282,805781310.9387321,0.0,129716616.26094212,0.0,0.0
2013,절세계좌,2021-10-31,4000000.0,0.0,1096550617.0653768,66801448.114738554,9537442.748617293,57264005.36612126,26029380.751994282,864837704.642339,0.0,138882083.5563049,0.0,0.0
2013,절세계좌,2021-11-30,4000000.0,0.0,1126355615.8360553,68860835.83132368,9537442.748617293,59323393.08270639,22029380.751994282,892301790.8941804,0.0,143163608.35855693,0.0,0.0
2013,절세계좌,2021-12-31,4000000.0,0.0,1133783656.3348927,49999999.99999999,6839699.212003003,43160300.78799699,18029380.751994282,903725864.3113647,0.0,144952360.20610967,0.0,17076051.065424252
2013,절세계좌,2022-01-31,4000000.0,0.0,1047700197.2072453,46324755.972811684,6839699.212003003,39485056.760808684,18029380.751994282,835972355.1323925,13076051.065424252,134297654.2846226,0.0,0.0
2013,절세계좌,2022-02-28,4000000.0,0.0,993073353.6539785,44086256.658284135,6839699.212003003,37246557.446281135,18029380.751994282,794705385.4476624,9076051.065424252,127176279.73061346,0.0,0.0
2013,절세계좌,2022-03-31,4000000.0,0.0,1043443270.4318938,46499941.50516998,6839699.212003003,39660242.29316698,18029380.751994282,839201918.7986021,5076051.065424252,134635978.3107032,0.0,0.0
2013,절세계좌,2022-04-30,4000000.0,0.0,930560185.305181,41647682.41953811,6839699.212003003,34807983.20753511,18029380.751994282,749750013.5468519,1076051.0654242523,120057057.52137257,0.0,0.0
2013,절세계좌,2022-05-31,4000000.0,0.0,897984808.572836,40368777.267608516,6839699.212003003,33529078.055605512,15105431.817418534,726173262.9122585,0.0,116337336.57555048,0.0,0.0
2013,절세계좌,2022-06-30,4000000.0,0.0,855007703.2466328,38616567.13172624,6839699.212003003,31776867.91972324,11105431.817418534,693997999.4949759,0.0,111287704.80251208,0.0,0.0
2013,절세계좌,2022-07-31,4000000.0,0.0,958422447.9752352,43467972.1950942,6839699.212003003,36628272.9830912,7105431.817418534,782580248.2795055,0.0,125268795.68321693,0.0,0.0
2013,절세계좌,2022-08-31,4000000.0,0.0,932936564.3372946,42493508.59135235,6839699.212003003,35653809.37934935,3105431.8174185343,764877100.0811769,0.0,122460523.8473468,0.0,0.0
2013,절세계좌,2022-09-30,4000000.0,0.0,888638136.003092,39763422.67252068,6689210.28805959,33074212.38446109,0.0,731703902.4526553,0.0,117170810.877916,0.0,0.0
2013,절세계좌,2022-10-31,4000000.0,0.0,915618271.8212559,37149674.494359516,6038978.142094353,31110696.352265164,0.0,757212920.5312864,0.0,121255676.7956101,0.0,0.0
2013,절세계좌,2022-11-30,3999999.999999999,653907.783787864,888628266.5068313,31589517.04488192,5263531.353760327,26325985.691121593,0.0,738741050.5774429,0.0,118297698.88450651,0.0,0.0
2013,절세계좌,2022-12-31,4000000.0,865588.6545205973,768875846.0763079,22639858.968524378,4332436.583424264,18307422.385100115,0.0,643232476.2921056,0.0,103003510.815678,0.0,0.0
2014,세전 기준,2013-12-31,0.0,0.0,400000000.0,,,,,,,,,
2014,세전 기준,2014-01-31,4000000.0,0.0,396137485.0070858,,,,,,,,,
2014,세전 기준,2014-02-28,4000000.0,0.0,394646498.3469474,,,,,,,,,
2014,세전 기준,2014-03-31,4000000.0,0.0,387713186.40098554,,,,,,,,,
2014,세전 기준,2014-04-30,4000000.0,0.0,379326921.75868285,,,,,,,,,
2014,세전 기준,2014-05-31,4000000.0,0.0,380536817.1512908,,,,,,,,,
2014,세전 기준,2014-06-30,4000000.0,0.0,381037853.92426646,,,,,,,,,
2014,세전 기준,2014-07-31,4000000.0,0.0,383705836.0716476,,,,,,,,,
2014,세전 기준,2014-08-31,4000000.0,0.0,389697346.1943525,,,,,,,,,
2014,세전 기준,2014-09-30,4000000.0,0.0,396079597.7489531,,,,,,,,,
2014,세전 기준,2014-10-31,4000000.0,0.0,408320803.4163533,,,,,,,,,
2014,세전 기준,2014-11-30,4000000.0,0.0,438395249.8170707,,,,,,,,,
2014,세전 기준,2014-12-31,4000000.0,0.0,416413991.3595576,,,,,,,,,
2014,세전 기준,2015-01-31,4000000.0,0.0,408755209.1614467,,,,,,,,,
2014,세전 기준,2015-02-28,4000000.0,0.0,432820999.11354715,,,,,,,,,
2014,세전 기준,2015-03-31,4000000.0,0.0,421321479.8781879,,,,,,,,,
2014,세전 기준,2015-04-30,4000000.0,0.0,413414854.2329909,,,,,,,,,
2014,세전 기준,2015-05-31,4000000.0,0.0,432548879.6208277,,,,,,,,,
2014,세전 기준,2015-06-30,4000000.0,0.0,419833310.09537554,,,,,,,,,
2014,세전 기준,2015-07-31,4000000.0,0.0,451610227.3182467,,,,,,,,,
2014,세전 기준,2015-08-31,4000000.0,0.0,425077574.9902619,,,,,,,,,
2014,세전 기준,2015-09-30,4000000.0,0.0,412426129.601061,,,,,,,,,
2014,세전 기준,2015-10-31,4000000.0,0.0,438211667.89195406,,,,,,,,,
2014,세전 기준,2015-11-30,4000000.0,0.0,440316168.0059118,,,,,,,,,
2014,세전 기준,2015-12-31,4000000.0,0.0,436784632.8127577,,,,,,,,,
2014,세전 기준,2016-01-31,4000000.0,0.0,416781858.2306004,,,,,,,,,
2014,세전 기준,2016-02-29,4000000.0,0.0,415768083.08524734,,,,,,,,,
2014,세전 기준,2016-03-31,4000000.0,0.0,404652584.2943037,,,,,,,,,
2014,세전 기준,2016-04-30,4000000.0,0.0,389556327.0551434,,,,,,,,,
2014,세전 기준,2016-05-31,4000000.0,0.0,418536265.14976907,,,,,,,,,
2014,세전 기준,2016-06-30,4000000.0,0.0,393017365.28100806,,,,,,,,,
2014,세전 기준,2016-07-31,4000000.0,0.0,402066517.75052357,,,,,,,,,
2014,세전 기준,2016-08-31,4000000.0,0.0,403416572.5623639,,,,,,,,,
2014,세전 기준,2016-09-30,4000000.0,0.0,401695479.67112994,,,,,,,,,
2014,세전 기준,2016-10-31,4000000.0,0.0,408926813.09061277,,,,,,,,,
2014,세전 기준,2016-11-30,4000000.0,0.0,417646246.52054155,,,,,,,,,
2014,세전 기준,2016-12-31,4000000.0,0.0,428382372.203915,,,,,,,,,
2014,세전 기준,2017-01-31,4000000.0,0.0,426840033.7738602,,,,,,,,,
2014,세전 기준,2017-02-28,4000000.0,0.0,432894084.21764416,,,,,,,,,
2014,세전 기준,2017-03-31,4000000.0,0.0,433095832.6742343,,,,,,,,,
2014,세전 기준,2017-04-30,4000000.0,0.0,448673803.46789676,,,,,,,,,
2014,세전 기준,2017-05-31,4000000.0,0.0,455022362.27533156,,,,,,,,,
2014,세전 기준,2017-06-30,4000000.0,0.0,450070536.23406726,,,,,,,,,
2014,세전 기준,2017-07-31,4000000.0,0.0,455385628.66038954,,,,,,,,,
2014,세전 기준,2017-08-31,4000000.0,0.0,461035754.42559654,,,,,,,,,
2014,세전 기준,2017-09-30,4000000.0,0.0,463951796.13990754,,,,,,,,,
2014,세전 기준,2017-10-31,4000000.0,0.0,469901376.9076562,,,,,,,,,
2014,세전 기준,2017-11-30,4000000.0,0.0,461899813.0853401,,,,,,,,,
2014,세전 기준,2017-12-31,4000000.0,0.0,453244900.0024104,,,,,,,,,
2014,세전 기준,2018-01-31,4000000.0,0.0,489355942.22017336,,,,,,,,,
2014,세전 기준,2018-02-28,4000000.0,0.0,485264518.4215271,,,,,,,,,
2014,세전 기준,2018-03-31,4000000.0,0.0,452382496.2354559,,,,,,,,,
2014,세전 기준,2018-04-30,4000000.0,0.0,454133278.6478114,,,,,,,,,
2014,세전 기준,2018-05-31,4000000.0,0.0,481139057.5829008,,,,,,,,,
2014,세전 기준,2018-06-30,4000000.0,0.0,496625057.45917374,,,,,,,,,
2014,세전 기준,2018-07-31,4000000.0,0.0,506953669.45139956,,,,,,,,,
2014,세전 기준,2018-08-31,4000000.0,0.0,534066181.7685672,,,,,,,,,
2014,세전 기준,2018-09-30,4000000.0,0.0,525347101.87857014,,,,,,,,,
2014,세전 기준,2018-10-31,4000000.0,0.0,489612001.11817896,,,,,,,,,
2014,세전 기준,2018-11-30,4000000.0,0.0,474824594.19048244,,,,,,,,,
2014,세전 기준,2018-12-31,4000000.0,0.0,427468223.1500164,,,,,,,,,
2014,세전 기준,2019-01-31,4000000.0,0.0,461555107.9960567,,,,,,,,,
2014,세전 기준,2019-02-28,4000000.0,0.0,476846642.660466,,,,,,,,,
2014,세전 기준,2019-03-31,4000000.0,0.0,496694202.95932615,,,,,,,,,
2014,세전 기준,2019-04-30,4000000.0,0.0,533289944.0398221,,,,,,,,,
2014,세전 기준,2019-05-31,4000000.0,0.0,496095837.89088345,,,,,,,,,
2014,세전 기준,2019-06-30,4000000.0,0.0,513645296.81348073,,,,,,,,,
2014,세전 기준,2019-07-31,4000000.0,0.0,534458018.9950404,,,,,,,,,
2014,세전 기준,2019-08-31,4000000.0,0.0,532975308.4663528,,,,,,,,,
2014,세전 기준,2019-09-30,4000000.0,0.0,526998153.93908435,,,,,,,,,
2014,세전 기준,2019-10-31,4000000.0,0.0,533776320.88844454,,,,,,,,,
2014,세전 기준,2019-11-30,4000000.0,0.0,557308926.5229719,,,,,,,,,
2014,세전 기준,2019-12-31,4000000.0,0.0,562289004.2243856,,,,,,,,,
2014,세전 기준,2020-01-31,4000000.0,0.0,593344876.1738745,,,,,,,,,
2014,세전 기준,2020-02-29,4000000.0,0.0,564455169.2103356,,,,,,,,,
2014,세전 기준,2020-03-31,4000000.0,0.0,521052896.70851433,,,,,,,,,
2014,세전 기준,2020-04-30,4000000.0,0.0,587716525.3090986,,,,,,,,,
2014,세전 기준,2020-05-31,4000000.0,0.0,639506606.4822493,,,,,,,,,
2014,세전 기준,2020-06-30,4000000.0,0.0,655862204.9272518,,,,,,,,,
2014,세전 기준,2020-07-31,4000000.0,0.0,695459269.4584292,,,,,,,,,
2014,세전 기준,2020-08-31,4000000.0,0.0,764211084.1477855,,,,,,,,,
2014,세전 기준,2020-09-30,4000000.0,0.0,703007240.0438592,,,,,,,,,
2014,세전 기준,2020-10-31,4000000.0,0.0,658906888.5419337,,,,,,,,,
2014,세전 기준,2020-11-30,4000000.0,0.0,710649021.0796623,,,,,,,,,
2014,세전 기준,2020-12-31,4000000.0,0.0,728220528.0544219,,,,,,,,,
2014,세전 기준,2021-01-31,4000000.0,0.0,747796630.3726565,,,,,,,,,
2014,세전 기준,2021-02-28,4000000.0,0.0,746143623.6689527,,,,,,,,,
2014,세전 기준,2021-03-31,4000000.0,0.0,757223477.1465137,,,,,,,,,
2014,세전 기준,2021-04-30,4000000.0,0.0,790044731.5946801,,,,,,,,,
2014,세전 기준,2021-05-31,4000000.0,0.0,775784870.3680801,,,,,,,,,
2014,세전 기준,2021-06-30,4000000.0,0.0,832156033.1790837,,,,,,,,,
2014,세전 기준,2021-07-31,4000000.0,0.0,868198217.6874282,,,,,,,,,
2014,세전 기준,2021-08-31,4000000.0,0.0,905898916.729421,,,,,,,,,
2014,세전 기준,2021-09-30,4000000.0,0.0,869136519.1296979,,,,,,,,,
2014,세전 기준,2021-10-31,4000000.0,0.0,926547636.4630697,,,,,,,,,
2014,세전 기준,2021-11-30,4000000.0,0.0,951111700.1954253,,,,,,,,,
2014,세전 기준,2021-12-31,4000000.0,0.0,958995326.4218098,,,,,,,,,
2014,세전 기준,2022-01-31,4000000.0,0.0,884504489.5111445,,,,,,,,,
2014,세전 기준,2022-02-28,4000000.0,0.0,837763569.4158657,,,,,,,,,
2014,세전 기준,2022-03-31,4000000.0,0.0,879630408.3367906,,,,,,,,,
2014,세전 기준,2022-04-30,4000000.0,0.0,783841160.8089048,,,,,,,,,
2014,세전 기준,2022-05-31,4000000.0,0.0,755771190.0298655,,,,,,,,,
2014,세전 기준,2022-06-30,4000000.0,0.0,718966878.6483387,,,,,,,,,
2014,세전 기준,2022-07-31,4000000.0,0.0,805290794.3804225,,,,,,,,,
2014,세전 기준,2022-08-31,4000000.0,0.0,783237811.231587,,,,,,,,,
2014,세전 기준,2022-09-30,4000000.0,0.0,745405657.9951293,,,,,,,,,
2014,세전 기준,2022-10-31,4000000.0,0.0,767392353.3536962,,,,,,,,,
2014,세전 기준,2022-11-30,4000000.0,0.0,744672160.6966856,,,,,,,,,
2014,세전 기준,2022-12-31,4000000.0,0.0,644396779.3265443,,,,,,,,,
2014,세전 기준,2023-01-31,4000000.0,0.0,693007685.1550883,,,,,,,,,
2014,세전 기준,2023-02-28,4000000.0,0.0,737800531.3843602,,,,,,,,,
2014,세전 기준,2023-03-31,4000000.0,0.0,791843606.2964897,,,,,,,,,
2014,세전 기준,2023-04-30,4000000.0,0.0,812991739.372213,,,,,,,,,
2014,세전 기준,2023-05-31,4000000.0,0.0,864003842.4151924,,,,,,,,,
2014,세전 기준,2023-06-30,4000000.0,0.0,909788810.3654411,,,,,,,,,
2014,세전 기준,2023-07-31,4000000.0,0.0,909393827.4125489,,,,,,,,,
2014,세전 기준,2023-08-31,4000000.0,0.0,926074197.6656294,,,,,,,,,
2014,세전 기준,2023-09-30,4000000.0,0.0,891934214.5954956,,,,,,,,,
2014,세전 기준,2023-10-31,4000000.0,0.0,871566015.0454105,,,,,,,,,
2014,세전 기준,2023-11-30,4000000.0,0.0,918192837.0762817,,,,,,,,,
2014,세전 기준,2023-12-31,4000000.0,0.0,966258472.3846956,,,,,,,,,
2014,미국계좌,2013-12-31,0.0,0.0,400000000.0,,,,,,,,,
2014,미국계좌,2014-01-31,4000000.0,0.0,396137485.0070858,,,,,,,,,
2014,미국계좌,2014-02-28,4000000.0,0.0,394646498.3469474,,,,,,,,,
2014,미국계좌,2014-03-31,4000000.0,0.0,387713186.40098554,,,,,,,,,
2014,미국계좌,2014-04-30,4000000.0,0.0,379326921.75868285,,,,,,,,,
2014,미국계좌,2014-05-31,4000000.0,0.0,380536817.1512908,,,,,,,,,
2014,미국계좌,2014-06-30,4000000.0,0.0,381037853.92426646,,,,,,,,,
2014,미국계좌,2014-07-31,4000000.0,0.0,383705836.0716476,,,,,,,,,
2014,미국계좌,2014-08-31,4000000.0,0.0,389697346.1943525,,,,,,,,,
2014,미국계좌,2014-09-30,4000000.0,0.0,396079597.7489531,,,,,,,,,
2014,미국계좌,2014-10-31,4000000.0,0.0,408320803.4163533,,,,,,,,,
2014,미국계좌,2014-11-30,4000000.0,0.0,438395249.8170707,,,,,,,,,
2014,미국계좌,2014-12-31,4000000.0,0.0,416413991.3595576,,,,,,,,,
2014,미국계좌,2015-01-31,4000000.0,0.0,408755209.1614467,,,,,,,,,
2014,미국계좌,2015-02-28,4000000.0,0.0,432820999.11354715,,,,,,,,,
2014,미국계좌,2015-03-31,4000000.0,0.0,421321479.8781879,,,,,,,,,
2014,미국계좌,2015-04-30,4000000.0,0.0,413414854.2329909,,,,,,,,,
2014,미국계좌,2015-05-31,4000000.0,0.0,432548879.6208277,,,,,,,,,
2014,미국계좌,2015-06-30,4000000.0,0.0,419833310.09537554,,,,,,,,,
2014,미국계좌,2015-07-31,4000000.0,83699.42710634625,451526527.8911404,,,,,,,,,
2014,미국계좌,2015-08-31,4000000.0,204175.7505798286,424793875.9139502,,,,,,,,,
2014,미국계좌,2015-09-30,4000000.0,188496.35812249218,411959708.1881468,,,,,,,,,
2014,미국계좌,2015-10-31,4000000.0000000005,240838.9137775085,437470722.47147965,,,,,,,,,
2014,미국계좌,2015-11-30,4000000.0000000005,250944.9528082252,439313955.9051739,,,,,,,,,
2014,미국계좌,2015-12-31,3999999.9999999995,251717.95014469282,435529636.480116,,,,,,,,,
2014,미국계좌,2016-01-31,4000000.0,0.0,415572842.04905367,,,,,,,,,
2014,미국계좌,2016-02-29,4000000.0,0.0,414550404.3525369,,,,,,,,,
2014,미국계좌,2016-03-31,4000000.0,0.0,403455745.0437538,,,,,,,,,
2014,미국계좌,2016-04-30,4000000.0,0.0,388392307.1580672,,,,,,,,,
2014,미국계좌,2016-05-31,4000000.0,0.0,417273699.03105485,,,,,,,,,
2014,미국계좌,2016-06-30,4000000.0,177392.68858734172,391642320.8817246,,,,,,,,,
2014,미국계좌,2016-07-31,4000000.0,241419.19672499027,400404399.26594347,,,,,,,,,
2014,미국계좌,2016-08-31,3999999.9999999995,251072.39991999455,401481264.87727565,,,,,,,,,
2014,미국계좌,2016-09-30,4000000.0,255160.69606767513,399494078.70380586,,,,,,,,,
2014,미국계좌,2016-10-31,4000000.0000000005,274955.9390506043,406388905.4088243,,,,,,,,,
2014,미국계좌,2016-11-30,4000000.0,296520.81397999753,414732877.8653694,,,,,,,,,
2014,미국계좌,2016-12-31,4000000.0000000005,320400.7131196918,425045808.26480556,,,,,,,,,
2014,미국계좌,2017-01-31,4000000.0,0.0,423484327.7189661,,,,,,,,,
2014,미국계좌,2017-02-28,4000000.0,0.0,429459335.816014,,,,,,,,,
2014,미국계좌,2017-03-31,4000000.0,0.0,429627745.9819656,,,,,,,,,
2014,미국계좌,2017-04-30,4000000.0,191505.67123350373,444857437.2570179,,,,,,,,,
2014,미국계좌,2017-05-31,4000000.0,389745.795043301,450728226.65434945,,,,,,,,,
2014,미국계좌,2017-06-30,4000000.0,388421.1370829548,445396962.04575616,,,,,,,,,
2014,미국계좌,2017-07-31,4000000.0,401295.6214382221,450214030.06699294,,,,,,,,,
2014,미국계좌,2017-08-31,4000000.0000000005,414280.00889573863,455340283.9220835,,,,,,,,,
2014,미국계좌,2017-09-30,4000000.0,423381.1977696728,457747506.13756734,,,,,,,,,
2014,미국계좌,2017-10-31,4000000.0,436182.1250729541,463127851.9825205,,,,,,,,,
2014,미국계좌,2017-11-30,4000000.0,431046.436795138,454752923.3851834,,,,,,,,,
2014,미국계좌,2017-12-31,4000000.0,424922.4446259719,445745112.4599876,,,,,,,,,
2014,미국계좌,2018-01-31,4000000.0,0.0,481192442.20191944,,,,,,,,,
2014,미국계좌,2018-02-28,4000000.0,0.0,477102543.54707444,,,,,,,,,
2014,미국계좌,2018-03-31,4000000.0000000005,160128.91072203426,444546177.6879345,,,,,,,,,
2014,미국계좌,2018-04-30,4000000.0000000005,446413.9587135963,445750929.1951744,,,,,,,,,
2014,미국계좌,2018-05-31,4000000.0,484518.6302161935,471699887.7412798,,,,,,,,,
2014,미국계좌,2018-06-30,4000000.0000000005,506535.8232807635,486297068.0044463,,,,,,,,,
2014,미국계좌,2018-07-31,3999999.9999999995,521908.1061818177,495805789.0333349,,,,,,,,,
2014,미국계좌,2018-08-31,4000000.0,553033.8912492907,521681105.2019949,,,,,,,,,
2014,미국계좌,2018-09-30,4000000.0,548485.9440070902,512522975.5535359,,,,,,,,,
2014,미국계좌,2018-10-31,4000000.0,515666.71788124286,477046886.2635198,,,,,,,,,
2014,미국계좌,2018-11-30,3999999.9999999995,503547.8143357425,462032773.19759196,,,,,,,,,
2014,미국계좌,2018-12-31,4000000.0,449091.0488703826,415395335.9832024,,,,,,,,,
2014,미국계좌,2019-01-31,4000000.0,0.0,448406541.65970504,,,,,,,,,
2014,미국계좌,2019-02-28,4000000.0,0.0,463148508.09516275,,,,,,,,,
2014,미국계좌,2019-03-31,4000000.0,321888.5690986829,481989122.9097587,,,,,,,,,
2014,미국계좌,2019-04-30,3999999.9999999995,585130.6267532208,516797859.81896734,,,,,,,,,
2014,미국계좌,2019-05-31,3999999.9999999995,553126.0977636551,480077161.0750295,,,,,,,,,
2014,미국계좌,2019-06-30,4000000.0000000005,574481.5178092063,496356317.6490984,,,,,,,,,
2014,미국계좌,2019-07-31,4000000.0,597356.3747965058,515736502.7592409,,,,,,,,,
2014,미국계좌,2019-08-31,4000000.0,599588.4212474887,513566025.7409966,,,,,,,,,
2014,미국계좌,2019-09-30,4000000.0,597823.702849552,507063049.2539273,,,,,,,,,
2014,미국계좌,2019-10-31,3999999.9999999995,607374.0601766496,512826129.3554216,,,,,,,,,
2014,미국계좌,2019-11-30,3999999.9999999995,630441.4927658507,534647666.0154573,,,,,,,,,
2014,미국계좌,2019-12-31,4000000.0000000005,637579.7325421475,538625016.6298103,,,,,,,,,
2014,미국계좌,2020-01-31,4000000.0,0.0,568205558.7885735,,,,,,,,,
2014,미국계좌,2020-02-29,4000000.0,29017.914478607225,540341381.220408,,,,,,,,,
2014,미국계좌,2020-03-31,3999999.9999999995,612750.5254437815,498009641.644616,,,,,,,,,
2014,미국계좌,2020-04-30,4000000.0,668792.2928352365,560879420.9228967,,,,,,,,,
2014,미국계좌,2020-05-31,4000000.0,705337.6756201228,609416602.5131435,,,,,,,,,
2014,미국계좌,2020-06-30,3999999.9999999995,717337.265944946,624097094.0119584,,,,,,,,,
2014,미국계좌,2020-07-31,4000000.0,741012.9613987867,660841626.4546856,,,,,,,,,
2014,미국계좌,2020-08-31,4000000.0,775156.7784307041,725196941.6653378,,,,,,,,,
2014,미국계좌,2020-09-30,4000000.0,748705.5775119403,666164735.5521992,,,,,,,,,
2014,미국계좌,2020-10-31,4000000.0,727542.5900342743,623438380.813141,,,,,,,,,
2014,미국계좌,2020-11-30,3999999.9999999995,756528.9895474551,671423423.4427549,,,,,,,,,
2014,미국계좌,2020-12-31,4000000.0,766706.8459898755,687037544.0266091,,,,,,,,,
2014,미국계좌,2021-01-31,4000000.0,0.0,705280349.3450956,,,,,,,,,
2014,미국계좌,2021-02-28,4000000.0,241694.66787261615,703252208.716772,,,,,,,,,
2014,미국계좌,2021-03-31,4000000.0,784758.1737358868,712680451.8055453,,,,,,,,,
2014,미국계좌,2021-04-30,3999999.9999999995,799664.0920394616,742536063.2671039,,,,,,,,,
2014,미국계좌,2021-05-31,4000000.0,795621.7241563627,728097548.349433,,,,,,,,,
2014,미국계좌,2021-06-30,4000000.0,818182.8452029313,779939526.4749392,,,,,,,,,
2014,미국계좌,2021-07-31,4000000.0,831592.5863702988,812637533.1214803,,,,,,,,,
2014,미국계좌,2021-08-31,4000000.0,844434.133935441,846825145.4817092,,,,,,,,,
2014,미국계좌,2021-09-30,4000000.0,834396.3373868733,811364791.213078,,,,,,,,,
2014,미국계좌,2021-10-31,3999999.9999999995,852744.6115997176,863841151.1744246,,,,,,,,,
2014,미국계좌,2021-11-30,4000000.0000000005,860552.713178744,885611515.9939585,,,,,,,,,
2014,미국계좌,2021-12-31,4000000.0,863685.2489851246,891813067.5995843,,,,,,,,,
2014,미국계좌,2022-01-31,4000000.0,0.0,822260454.5983073,,,,,,,,,
2014,미국계좌,2022-02-28,4000000.0000000005,343435.0716518362,778183848.2378157,,,,,,,,,
2014,미국계좌,2022-03-31,3999999.9999999995,844874.8336579553,815943873.5466603,,,,,,,,,
2014,미국계좌,2022-04-30,4000000.0,813888.0320278389,725986414.4556829,,,,,,,,,
2014,미국계좌,2022-05-31,4000000.0,804558.7362202591,698888471.9886382,,,,,,,,,
2014,미국계좌,2022-06-30,4000000.0,790839.512815821,663762320.2033755,,,,,,,,,
2014,미국계좌,2022-07-31,4000000.0,826275.5951897901,742324603.4648817,,,,,,,,,
2014,미국계좌,2022-08-31,4000000.0,819768.1669566904,720863426.1934932,,,,,,,,,
2014,미국계좌,2022-09-30,3999999.9999999995,806716.6131823049,684918833.5127764,,,,,,,,,
2014,미국계좌,2022-10-31,4000000.0000000005,816889.4594095197,703979918.2556472,,,,,,,,,
2014,미국계좌,2022-11-30,3999999.9999999995,809588.7986556435,681997054.7444949,,,,,,,,,
2014,미국계좌,2022-12-31,3999999.9999999995,765624.829940829,589059036.7403405,,,,,,,,,
2014,미국계좌,2023-01-31,4000000.0,0.0,633151967.2198929,,,,,,,,,
2014,미국계좌,2023-02-28,4000000.0,283325.28222393343,673447204.6839212,,,,,,,,,
2014,미국계좌,2023-03-31,4000000.0,833732.5194056089,721593844.0781671,,,,,,,,,
2014,미국계좌,2023-04-30,3999999.9999999995,842291.4306611015,739668626.0104823,,,,,,,,,
2014,미국계좌,2023-05-31,4000000.0000000005,859462.3836089248,784859766.4819143,,,,,,,,,
2014,미국계좌,2023-06-30,4000000.0,873376.4385865639,825210978.6406606,,,,,,,,,
2014,미국계좌,2023-07-31,4000000.0,874332.4153280074,823606525.577075,,,,,,,,,
2014,미국계좌,2023-08-31,4000000.0,879703.782100861,837456317.617756,,,,,,,,,
2014,미국계좌,2023-09-30,4000000.0000000005,871762.0303908034,805328727.3841813,,,,,,,,,
2014,미국계좌,2023-10-31,4000000.0,867211.9622513319,785682643.7321402,,,,,,,,,
2014,미국계좌,2023-11-30,4000000.0,880848.9369657908,826439892.9889169,,,,,,,,,
2014,미국계좌,2023-12-31,4000000.0,893515.0118024945,868409211.5074862,,,,,,,,,
2014,절세계좌,2013-12-31,0.0,0.0,400000000.0,50000000.0,50000000.0,0.0,200000000.0,0.0,36000000.0,0.0,114000000.0,0.0
2014,절세계좌,2014-01-31,4000000.0,0.0,396137485.00708574,50137485.007085726,50000000.0,137485.00708572567,200000000.0,0.0,36000000.0,0.0,110000000.0,0.0
2014,절세계좌,2014-02-28,4000000.0,0.0,394646498.3469473,52020535.918715134,50000000.0,2020535.9187151343,200000000.0,625962.428232193,36000000.0,0.0,106000000.0,0.0
2014,절세계좌,2014-03-31,4000000.0,0.0,387713186.4009855,50533953.69815133,50000000.0,533953.6981513277,199179232.70283416,0.0,36000000.0,0.0,102000000.0,0.0
2014,절세계좌,2014-04-30,4000000.0,0.0,379326921.75868285,48867955.25802239,48867955.25802239,0.0,196458966.50066048,0.0,36000000.0,0.0,98000000.0,0.0
2014,절세계좌,2014-05-31,4000000.0,0.0,380536817.1512908,50439603.47829911,50000000.0,439603.4782991111,200000000.0,97213.67299163342,36000000.0,0.0,94000000.0,0.0
2014,절세계좌,2014-06-30,4000000.0,0.0,381037853.9242665,51571717.33796439,50000000.0,1571717.3379643932,200000000.0,3466136.5863021314,36000000.0,0.0,90000000.0,0.0
2014,절세계좌,2014-07-31,4000000.0,0.0,383705836.07164764,53014338.37985951,50000000.0,3014338.379859507,200000000.0,8691497.691788167,36000000.0,0.0,86000000.0,0.0
2014,절세계좌,2014-08-31,4000000.0,0.0,389697346.1943525,54917160.294238046,50000000.0,4917160.294238046,200000000.0,16181976.06590435,36000000.0,598209.834210135,82000000.0,0.0
2014,절세계좌,2014-09-30,4000000.0,0.0,396079597.74895316,56689521.1159361,50000000.0,6689521.1159361005,200000000.0,23158892.98374206,36000000.0,1779356.727219537,78451826.92205547,0.0
2014,절세계좌,2014-10-31,4000000.0,0.0,408320803.4163533,59209153.272639975,50000000.0,9209153.272639975,200000000.0,33077451.33011356,36000000.0,3458504.48143702,76575694.33216275,0.0
2014,절세계좌,2014-11-30,4000000.0,67696.41692092919,438327553.40014976,64150168.040293686,50000000.0,14150168.040293686,200000000.0,52527807.65806574,36000000.0,6751323.962481722,78898253.73930864,0.0
2014,절세계좌,2014-12-31,4000000.0,43539.26789351757,416305532.31698513,49999999.99999999,40637865.5549801,9362134.445019893,200000000.0,42170104.696859926,36000000.0,4997831.8662716895,71618616.69680436,11518979.057049148
2014,절세계좌,2015-01-31,4000000.0,32957.12686084462,408419342.23673034,49560679.72330068,40637865.5549801,8922814.168320581,200000000.0,40042299.948785394,72000000.0,4637608.289480448,42178754.27516381,0.0
2014,절세계좌,2015-02-28,4000000.0,71418.44665722495,432390652.57903814,52963595.688215256,40637865.5549801,12325730.133235157,200000000.0,56523990.258744985,72000000.0,9899669.710291281,41003396.921786614,0.0
2014,절세계좌,2015-03-31,3999999.9999999995,61471.58372046368,420837118.40397525,52045891.82114073,40637865.5549801,11408026.26616063,200000000.0,52079181.42734194,72000000.0,8480588.497457683,36231456.6580349,0.0
2014,절세계좌,2015-04-30,3999999.9999999995,56119.04419554795,412878864.86693805,51563305.897027865,40637865.5549801,10925440.342047766,200000000.0,49741823.75198907,72000000.0,7734347.097528085,31839388.120393053,0.0
2014,절세계좌,2015-05-31,4000000.0,86901.32175943587,431895995.83655334,54448704.947131574,40637865.5549801,13810839.392151475,200000000.0,63716971.5531058,72000000.0,12196151.967745066,29534167.368570868,0.0
2014,절세계좌,2015-06-30,4000000.0,75535.2533363225,419118046.22769356,53351600.09749343,40637865.5549801,12713734.542513333,200000000.0,58403251.62709978,72000000.0,10499656.032086477,24863538.471013892,0.0
2014,절세계좌,2015-07-31,4000000.0,120191.517642998,450713819.3225137,57898061.120231554,40637865.5549801,17260195.565251455,200000000.0,80423590.4646334,72000000.0,17530025.690236703,22862142.04741204,0.0
2014,절세계좌,2015-08-31,4000000.0,92557.56509569095,424133334.833089,55009293.765617914,40637865.5549801,14371428.210637815,200000000.0,66432128.61040035,72000000.0,13063012.27963908,17628900.177431643,0.0
2014,절세계좌,2015-09-30,4000000.0,81160.01845071252,411419947.1932866,53889710.120391145,40637865.5549801,13251844.565411046,200000000.0,61009534.838771164,72000000.0,11331756.507336602,13188945.726787662,0.0
2014,절세계좌,2015-10-31,4000000.0,119124.39465589223,437013694.29544026,57781641.08467966,40637865.5549801,17143775.529699564,200000000.0,79859721.4206652,72000000.0,17350000.8574159,10022330.93267948,0.0
2014,절세계좌,2015-11-30,4000000.0,126426.79263707533,438975079.26614803,58586567.243499026,40637865.5549801,17948701.688518927,200000000.0,83758302.46375567,72000000.0,18594689.50991136,6035520.048981982,0.0
2014,절세계좌,2015-12-31,3999999.9999999995,126984.9772169411,435315132.27359086,49999999.99999999,34645036.945282266,15354963.054717727,200000000.0,84060200.93583912,72000000.0,18691075.75871691,1914956.4320043577,8648899.147030495
2014,절세계좌,2016-01-31,4000000.0,0.0,415634954.810485,48168116.11719208,34645036.945282266,13523079.171909817,200000000.0,73652894.85900825,78445578.47550587,15368365.358778775,0.0,0.0
2014,절세계좌,2016-02-29,4000000.0,0.0,414612962.14934665,48513238.68601342,34645036.945282266,13868201.740731157,200000000.0,75613606.58394593,74445578.47550587,16040538.403881416,0.0,0.0
2014,절세계좌,2016-03-31,4000000.0,0.0,403517232.21983606,47682978.00642126,34645036.945282266,13037941.061138995,200000000.0,70896726.27446443,70445578.47550587,14491949.463444501,0.0,0.0
2014,절세계좌,2016-04-30,4000000.0,0.0,388452108.2519417,46375430.22240993,34645036.945282266,11730393.27712766,200000000.0,63468280.54927501,66445578.47550587,12162819.004750863,0.0,0.0
2014,절세계좌,2016-05-31,4000000.0,0.0,417338562.90080273,50301585.98378256,34645036.945282266,15656549.038500294,200000000.0,85773572.43889326,62445578.47550587,18817826.00262107,0.0,0.0
2014,절세계좌,2016-06-30,4000000.0,0.0,391881242.4862352,47715347.03113756,34645036.945282266,13070310.085855298,200000000.0,71080621.30776459,58445578.47550587,14639695.671827182,0.0,0.0
2014,절세계좌,2016-07-31,4000000.0,0.0,400892672.8577398,49299615.03949888,34645036.945282266,14654578.094216615,200000000.0,80081171.08359134,54445578.47550587,17066308.25914374,0.0,0.0
2014,절세계좌,2016-08-31,4000000.0,0.0,402227108.0289493,49955615.0569577,34645036.945282266,15310578.111675434,200000000.0,83808041.01905668,50445578.47550587,18017873.477429062,0.0,0.0
2014,절세계좌,2016-09-30,4000000.0,0.0,400499295.83225,50237815.17965712,34645036.945282266,15592778.234374851,200000000.0,85411277.490219,46445578.47550587,18404624.686867997,0.0,0.0
2014,절세계좌,2016-10-31,4000000.0,0.0,407697184.1665742,51642455.46341394,34645036.945282266,16997418.518131673,200000000.0,93391325.51514971,42445578.47550587,20217824.712504655,0.0,0.0
2014,절세계좌,2016-11-30,4000000.0,0.0,416378370.695732,53248764.35145303,34645036.945282266,18603727.406170763,200000000.0,102517094.0251779,38445578.47550587,22166933.84359523,0.0,0.0
2014,절세계좌,2016-12-31,4000000.0,0.0,427069760.9656761,50000000.00000001,31422598.88222392,18577401.11777609,200000000.0,113191031.49274391,34445578.47550587,24305570.565367766,0.0,5127580.432058588
2014,절세계좌,2017-01-31,4000000.0,0.0,425490474.6764232,50286853.72338049,31422598.88222392,18864254.841156572,200000000.0,114987831.76300532,35573158.90756446,24642630.282472894,0.0,0.0
2014,절세계좌,2017-02-28,4000000.0,0.0,431512736.7822611,51471340.94104835,31422598.88222392,20048742.058824427,200000000.0,122407247.23283261,31573158.90756446,26060989.700815655,0.0,0.0
2014,절세계좌,2017-03-31,4000000.0,0.0,431701077.6302322,51970931.10696278,31422598.88222392,20548332.22473886,200000000.0,125536590.42056006,27573158.90756446,26620397.19514489,0.0,0.0
2014,절세계좌,2017-04-30,4000000.0,0.0,447215998.92894304,54320261.88913378,31422598.88222392,22897663.006909862,200000000.0,140252377.04027593,23573158.90756446,29070201.091968834,0.0,0.0
2014,절세계좌,2017-05-31,4000000.0,0.0,453530933.8076249,55573146.323772244,31422598.88222392,24150547.441548325,200000000.0,148100220.40878832,19573158.90756446,30284408.167499855,0.0,0.0
2014,절세계좌,2017-06-30,4000000.0,0.0,448582227.5700712,55456897.162738815,31422598.88222392,24034298.280514896,200000000.0,147372056.5157038,15573158.907564461,30180114.98406416,0.0,0.0
2014,절세계좌,2017-07-31,4000000.0,0.0,453866516.5297191,56604686.41166512,31422598.88222392,25182087.5294412,200000000.0,154561602.49185407,11573158.907564461,31127068.718635462,0.0,0.0
2014,절세계좌,2017-08-31,4000000.0,0.0,459484450.6266129,57804202.400739156,31422598.88222392,26381603.518515237,200000000.0,162075155.4900568,7573158.907564461,32031933.828252472,0.0,0.0
2014,절세계좌,2017-09-30,4000000.0,0.0,462377221.0833645,58671328.80303755,31422598.88222392,27248729.920813628,200000000.0,167506679.73746526,3573158.907564461,32626053.635297224,0.0,0.0
2014,절세계좌,2017-10-31,4000000.0,0.0,468293034.6325567,59929552.4580246,31422598.88222392,28506953.57580068,199573158.90756446,175387967.0245446,0.0,33402356.242423013,0.0,0.0
2014,절세계좌,2017-11-30,4000000.0,0.0,460305167.05498093,59419207.222218335,31422598.88222392,27996608.339994416,195573158.90756446,172194890.88125062,0.0,33117910.0439475,0.0,0.0
2014,절세계좌,2017-12-31,4000000.0,0.0,451666324.42382246,50000000.0,26710632.317636393,23289367.682363607,191573158.90756446,168488614.63270575,0.0,32784155.865280233,0.0,8820395.018272042
2014,절세계좌,2018-01-31,4000000.0,0.0,486857083.70264953,54424875.185308166,26710632.317636393,27714242.867671773,191573158.90756446,200353182.77103359,4820395.018272042,35685471.8204713,0.0,0.0
2014,절세계좌,2018-02-28,4000000.0,0.0,482766126.75260615,54414707.27193264,26710632.317636393,27704074.954296246,191573158.90756446,200279961.2325697,820395.0182720423,35677904.32226732,0.0,0.0
2014,절세계좌,2018-03-31,4000000.0,0.0,450032804.09199375,51176047.27719685,26710632.317636393,24465414.959560454,188393553.9258365,176957608.00059986,0.0,33505594.88836051,0.0,0.0
2014,절세계좌,2018-04-30,4000000.0,0.0,451753716.7185695,51826608.06384232,26710632.317636393,25115975.746205926,184393553.9258365,181602029.5991903,0.0,33931525.12970037,0.0,0.0
2014,절세계좌,2018-05-31,4000000.0,0.0,478597031.9571861,55365050.25281305,26710632.317636393,28654417.935176656,180393553.9258365,206590240.52217042,0.0,36248187.2563661,0.0,0.0
2014,절세계좌,2018-06-30,4000000.0,0.0,493980080.4927863,57607319.60379018,26710632.317636393,30896687.286153786,176393553.9258365,222262978.0642358,0.0,37716228.8989238,0.0,0.0
2014,절세계좌,2018-07-31,4000000.0,0.0,504232379.6850224,59269404.34582458,26710632.317636393,32558772.028188184,172393553.9258365,233765004.95405233,0.0,38804416.45930899,0.0,0.0
2014,절세계좌,2018-08-31,4000000.0,0.0,531177882.3394204,62906857.201696336,26710632.317636393,36196224.88405994,168393553.9258365,258691569.110395,0.0,41185902.10149251,0.0,0.0
2014,절세계좌,2018-09-30,4000000.0,0.0,522484323.84773993,62351003.83577008,26710632.317636393,35640371.518133685,164393553.9258365,254917788.09927946,0.0,40821977.98685391,0.0,0.0
2014,절세계좌,2018-10-31,4000000.0,0.0,486922157.4176958,58584512.34440356,26710632.317636393,31873880.026767164,160393553.9258365,229588082.00295156,0.0,38356009.1445042,0.0,0.0
2014,절세계좌,2018-11-30,4000000.0,0.0,472194014.6389636,57293745.42513598,26710632.317636393,30583113.107499585,156393553.9258365,220995787.30534416,0.0,37510927.98264691,0.0,0.0
2014,절세계좌,2018-12-31,4000000.0,0.0,425077842.57825255,50000000.00000001,25652597.62006187,24347402.379938137,152393553.9258365,186536257.39613277,0.0,34085794.29836389,0.0,2062236.957919374
2014,절세계좌,2019-01-31,4000000.0,0.0,458768004.7629758,54454937.55832629,25652597.62006187,28802339.93826442,150455790.88375586,216734480.31802648,0.0,37122796.0028672,0.0,0.0
2014,절세계좌,2019-02-28,4000000.0,0.0,473943047.3819008,56730980.65124268,25652597.62006187,31078383.03118081,146455790.88375586,232081865.11044782,0.0,38674410.7364544,0.0,0.0
2014,절세계좌,2019-03-31,4000000.0,0.0,493645396.0816968,59568151.684566475,25652597.62006187,33915554.06450461,142455790.88375586,251012898.21229702,0.0,40608555.301077425,0.0,0.0
2014,절세계좌,2019-04-30,4000000.0,0.0,529991952.5051718,64436767.521076225,25652597.62006187,38784169.90101436,138455790.88375586,283171826.0408417,0.0,43927568.05949798,0.0,0.0
2014,절세계좌,2019-05-31,4000000.0,0.0,493003126.5838147,60425964.53314407,25652597.62006187,34773366.9130822,134455790.88375586,256928031.21977514,0.0,41193339.94713961,0.0,0.0
2014,절세계좌,2019-06-30,4000000.0,0.0,510418244.0139406,63050753.41688335,25652597.62006187,37398155.796821475,130455790.88375586,273928999.48680633,0.0,42982700.226495,0.0,0.0
2014,절세계좌,2019-07-31,4000000.0,0.0,531075076.5863147,66096553.383468546,25652597.62006187,40443955.76340668,126455790.88375586,293463661.8698955,0.0,45059070.44919473,0.0,0.0
2014,절세계좌,2019-08-31,4000000.0,0.0,529576432.4482418,66407867.18550506,25652597.62006187,40755269.56544319,122455790.88375586,295441476.36541694,0.0,45271298.01356389,0.0,0.0
2014,절세계좌,2019-09-30,4000000.0,0.0,523611886.5784479,66161516.90779731,25652597.62006187,40508919.28773543,118455790.88375586,293891221.67115664,0.0,45103357.115738064,0.0,0.0
2014,절세계좌,2019-10-31,4000000.0,0.0,530320797.58321834,67514652.34010392,25652597.62006187,41862054.72004205,114455790.88375586,302324543.32355183,0.0,46025811.03580669,0.0,0.0
2014,절세계좌,2019-11-30,4000000.0,0.0,553675164.5872546,70997111.61131763,25652597.62006187,45344513.99125576,110455790.88375586,323822403.24895406,0.0,48399858.8432271,0.0,0.0
2014,절세계좌,2019-12-31,4000000.0,0.0,556557737.1013469,50000000.0,17779459.04678778,32220540.95321222,106455790.88375586,330820051.6657351,0.0,49179739.57447845,0.0,20102154.977377407
2014,절세계좌,2020-01-31,4000000.0,0.0,586003026.0048121,53117246.797120325,17779459.04678778,35337787.75033255,106455790.88375586,358081986.05864495,16102154.977377407,52245847.28791355,0.0,0.0
2014,절세계좌,2020-02-29,4000000.0,0.0,557421295.9137738,50889077.716069944,17779459.04678778,33109618.669282164,106455790.88375586,338595495.81346434,12102154.977377407,49378776.523106165,0.0,0.0
2014,절세계좌,2020-03-31,4000000.0,0.0,514510028.91157806,47336722.42390366,17779459.04678778,29557263.37711588,106455790.88375586,307528312.74512124,8102154.977377407,45087047.881419905,0.0,0.0
2014,절세계좌,2020-04-30,4000000.0,0.0,580286333.4364188,53756386.51878139,17779459.04678778,35976927.47199361,106455790.88375586,363671593.2645687,4102154.9773774073,52300407.791935444,0.0,0.0
2014,절세계좌,2020-05-31,4000000.0,0.0,631371089.8656533,58859311.20833434,17779459.04678778,41079852.16154656,106455790.88375586,408299307.12638605,102154.97737740725,57654525.66979967,0.0,0.0
2014,절세계좌,2020-06-30,4000000.0,0.0,647467733.5043857,60732812.57886248,17779459.04678778,42953353.532074705,102557945.86113328,424684044.93269235,0.0,59492930.13169762,0.0,0.0
2014,절세계좌,2020-07-31,4000000.0,0.0,686506793.1534731,64769898.91997016,17779459.04678778,46990439.873182386,98557945.86113328,459731350.4848313,0.0,63447597.887538426,0.0,0.0
2014,절세계좌,2020-08-31,4000000.0,0.0,754322091.6070818,71545461.32974787,17779459.04678778,53766002.28296009,94557945.86113328,518133849.6886191,0.0,70084834.72758158,0.0,0.0
2014,절세계좌,2020-09-30,4000000.0,0.0,693858472.8144308,66190035.97522772,17779459.04678778,48410576.928439945,90557945.86113328,472271748.6495233,0.0,64838742.328546554,0.0,0.0
2014,절세계좌,2020-10-31,4000000.0,0.0,650279977.6474222,62414479.25640056,17779459.04678778,44635020.20961279,86557945.86113328,440167287.5572155,0.0,61140264.972672835,0.0,0.0
2014,절세계좌,2020-11-30,4000000.0,0.0,701292291.7254635,67694612.51268262,17779459.04678778,49915153.46589483,82557945.86113328,484727130.96262115,0.0,66312602.38902644,0.0,0.0
2014,절세계좌,2020-12-31,4000000.0,0.0,716442427.590063,50000000.00000001,12745230.747190652,37254769.25280935,78557945.86113328,501946874.64535934,0.0,68325498.66062911,0.0,17612108.422941253
2014,절세계좌,2021-01-31,4000000.0,0.0,735067023.4000527,51618747.4405056,12745230.747190652,38873516.69331495,78557945.86113328,520740688.49328023,13612108.422941253,70537533.18219233,0.0,0.0
2014,절세계좌,2021-02-28,4000000.0,0.0,733374064.2533777,51780755.19673968,12745230.747190652,39035524.44954903,78557945.86113328,522621614.1623468,9612108.422941253,70801640.61021668,0.0,0.0
2014,절세계좌,2021-03-31,4000000.0,0.0,744195839.9576368,52827264.443156205,12745230.747190652,40082033.69596555,78557945.86113328,534771687.407335,5612108.422941253,72426833.82307109,0.0,0.0
2014,절세계좌,2021-04-30,4000000.0,0.0,776383603.8204377,55396078.28024443,12745230.747190652,42650847.53305378,78557945.86113328,564595863.7156048,1612108.4229412526,76221607.54051381,0.0,0.0
2014,절세계좌,2021-05-31,4000000.0,0.0,762301151.8841695,54676680.94370886,12745230.747190652,41931450.196518205,76170054.28407453,556243591.2812362,0.0,75210825.37514986,0.0,0.0
2014,절세계좌,2021-06-30,4000000.0,0.0,817623018.9496865,58931590.94943222,12745230.747190652,46186360.20224156,72170054.28407453,605457682.2214332,0.0,81063691.49474666,0.0,0.0
2014,절세계좌,2021-07-31,4000000.0,0.0,852965895.1383967,61767296.6873964,12745230.747190652,49022065.940205745,68170054.28407453,638064181.2087282,0.0,84964362.95819756,0.0,0.0
2014,절세계좌,2021-08-31,4000000.0,0.0,889934965.7510897,64734060.95542204,12745230.747190652,51988830.20823138,64170054.28407453,671985537.7693106,0.0,89045312.7422825,0.0,0.0
2014,절세계좌,2021-09-30,4000000.0,0.0,853749914.3646759,62392913.39016922,12745230.747190652,49647682.642978564,60170054.28407453,645362013.0506954,0.0,85824933.63973665,0.0,0.0
2014,절세계좌,2021-10-31,4000000.0,0.0,910073850.8354448,66801448.114738554,12745230.747190652,54056217.3675479,56170054.28407453,695213229.3048893,0.0,91889119.13174243,0.0,0.0
2014,절세계좌,2021-11-30,4000000.0,0.0,934130052.6467696,68860835.83132368,12745230.747190652,56115605.08413303,52170054.28407453,718377240.6899825,0.0,94721921.84138891,0.0,0.0
2014,절세계좌,2021-12-31,4000000.0,0.0,939355955.4952366,49999999.99999999,9140138.189662473,40859861.81033752,48170054.28407453,728004812.3425466,0.0,95905421.01859026,0.0,17275667.85002531
2014,절세계좌,2022-01-31,4000000.0,0.0,867578554.100114,46324755.972811684,9140138.189662473,37184617.78314921,48170054.28407453,670952171.4900832,13275667.850025311,88855904.50311919,0.0,0.0
2014,절세계좌,2022-02-28,4000000.0,0.0,821655527.030274,44086256.658284135,9140138.189662473,34946118.468621664,48170054.28407453,636202833.352139,9275667.850025311,83920714.885751,0.0,0.0
2014,절세계좌,2022-03-31,4000000.0,0.0,862640464.4071316,46499941.50516998,9140138.189662473,37359803.31550751,48170054.28407453,673671663.6343455,5275667.850025311,89023137.13351624,0.0,0.0
2014,절세계좌,2022-04-30,4000000.0,0.0,768624113.943813,41647682.41953811,9140138.189662473,32507544.22987564,48170054.28407453,598347632.661783,1275667.850025311,79183076.72839198,0.0,0.0
2014,절세계좌,2022-05-31,4000000.0,0.0,741021423.8993145,40368777.267608516,9140138.189662473,31228639.077946045,45445722.13409984,578494551.9472419,0.0,76712372.55036423,0.0,0.0
2014,절세계좌,2022-06-30,4000000.0,0.0,704857327.343828,38616567.13172624,9140138.189662473,29476428.94206377,41445722.13409984,551412372.4404645,0.0,73382665.63753733,0.0,0.0
2014,절세계좌,2022-07-31,4000000.0,0.0,789408658.0502398,43467972.1950942,9140138.189662473,34327834.00543173,37445722.13409984,625893222.9020457,0.0,82601740.81900004,0.0,0.0
2014,절세계좌,2022-08-31,4000000.0,0.0,767711720.1232511,42493508.59135235,9140138.189662473,33353370.40168988,33445722.13409984,611022511.7499117,0.0,80749977.64788719,0.0,0.0
2014,절세계좌,2022-09-30,4000000.0,0.0,730550220.2771275,40657990.855102144,9140138.189662473,31517852.665439673,29445722.13409984,583184545.1296481,0.0,77261962.15827738,0.0,0.0
2014,절세계좌,2022-10-31,4000000.0,0.0,752019018.1254525,42075429.54893325,9140138.189662473,32935291.35927078,25445722.13409984,604542360.1020218,0.0,79955506.3403976,0.0,0.0
2014,절세계좌,2022-11-30,4000000.0,0.0,729673851.0938548,41049018.29549786,9140138.189662473,31908880.105835386,21445722.13409984,589174083.0797915,0.0,78005027.58446555,0.0,0.0
2014,절세계좌,2022-12-31,4000000.0,0.0,631337535.064318,35741971.65154702,9140138.189662473,26601833.46188455,17445722.13409984,510229739.8883804,0.0,67920101.39029068,0.0,0.0
2014,절세계좌,2023-01-31,4000000.0,0.0,678882236.5105402,38660076.715093814,9140138.189662473,29519938.525431342,13445722.134099841,553311091.2097069,0.0,73465346.45163973,0.0,0.0
2014,절세계좌,2023-02-28,4000000.0,0.0,722680547.0969951,41382030.91384023,9140138.189662473,32241892.724177755,9445722.134099841,593214946.0085002,0.0,78637848.04055478,0.0,0.0
2014,절세계좌,2023-03-31,4000000.0,0.0,775534126.5515718,44637572.511026725,9140138.189662473,35497434.321364254,5445722.134099841,640626511.6276796,0.0,84824320.27876566,0.0,0.0
2014,절세계좌,2023-04-30,4000000.0,0.0,796164287.4371307,46055215.597058326,9140138.189662473,36915077.407395855,1445722.1340998411,661145096.8406887,0.0,87518252.86528382,0.0,0.0
2014,절세계좌,2023-05-31,4000000.0,0.0,846037739.8949043,46617321.506531365,8665342.718962103,37951978.78756926,0.0,705980133.4634715,0.0,93440284.9249014,0.0,0.0
2014,절세계좌,2023-06-30,4000000.0,101166.41743919313,890686312.4226401,45202302.700011976,7944541.258319453,37257761.44169252,0.0,746659580.2350769,0.0,98824429.48755124,0.0,0.0
2014,절세계좌,2023-07-31,4000000.0,886907.538122772,889328728.726849,40494508.23730351,7089031.620754736,33405476.616548777,0.0,749618201.4936222,0.0,99216018.99592324,0.0,0.0
2014,절세계좌,2023-08-31,3999999.9999999995,892025.7356495097,904660776.2500883,36523361.22143439,6251668.319875725,30271692.901558667,0.0,766665141.431014,0.0,101472273.59763996,0.0,0.0
2014,절세계좌,2023-09-30,3999999.9999999995,884458.1057643439,870333255.6455275,30450214.8964612,5387474.331222035,25062740.565239165,0.0,741713280.7254252,0.0,98169760.02364108,0.0,0.0
2014,절세계좌,2023-10-31,4000000.0,880121.8328307151,849481341.0836312,25011290.42369107,4507906.28398548,20503384.13970559,0.0,728101838.5481925,0.0,96368212.11174756,0.0,0.0
2014,절세계좌,2023-11-30,3999999.9999999995,893116.8435444082,893932209.5850705,21571009.196937736,3674411.4565520184,17896597.74038572,0.0,770395229.4838278,0.0,101965970.90430497,0.0,0.0
2014,절세계좌,2023-12-31,4000000.0,905183.4341897777,939716975.511523,17888998.33906474,2883698.1777703203,15005300.16129442,0.0,814080080.2493482,0.0,107747896.92311016,0.0,0.0
2015,세전 기준,2014-12-31,0.0,0.0,400000000.0,,,,,,,,,
2015,세전 기준,2015-01-31,4000000.0,0.0,395707119.8155338,,,,,,,,,
2015,세전 기준,2015-02-28,4000000.0,0.0,396264450.7265125,,,,,,,,,
2015,세전 기준,2015-03-31,4000000.0,0.0,390457853.4140228,,,,,,,,,
2015,세전 기준,2015-04-30,4000000.0,0.0,385198754.7022924,,,,,,,,,
2015,세전 기준,2015-05-31,4000000.0,0.0,390592231.6901822,,,,,,,,,
2015,세전 기준,2015-06-30,4000000.0,0.0,382348939.60623354,,,,,,,,,
2015,세전 기준,2015-07-31,4000000.0,0.0,398773933.6039715,,,,,,,,,
2015,세전 기준,2015-08-31,4000000.0,0.0,380133000.72679365,,,,,,,,,
2015,세전 기준,2015-09-30,4000000.0,0.0,369780274.14502305,,,,,,,,,
2015,세전 기준,2015-10-31,4000000.0,0.0,390271160.186312,,,,,,,,,
2015,세전 기준,2015-11-30,4000000.0,0.0,391707825.8809808,,,,,,,,,
2015,세전 기준,2015-12-31,4000000.0,0.0,388124574.8998106,,,,,,,,,
2015,세전 기준,2016-01-31,4000000.0,0.0,369904591.8341979,,,,,,,,,
2015,세전 기준,2016-02-29,4000000.0,0.0,368554943.00512654,,,,,,,,,
2015,세전 기준,2016-03-31,4000000.0,0.0,358247454.8692189,,,,,,,,,
2015,세전 기준,2016-04-30,4000000.0,0.0,344423704.6479373,,,,,,,,,
2015,세전 기준,2016-05-31,4000000.0,0.0,369582703.40809005,,,,,,,,,
2015,세전 기준,2016-06-30,4000000.0,0.0,346580734.2835775,,,,,,,,,
2015,세전 기준,2016-07-31,4000000.0,0.0,354088075.2923632,,,,,,,,,
2015,세전 기준,2016-08-31,4000000.0,0.0,354799710.1273948,,,,,,,,,
2015,세전 기준,2016-09-30,4000000.0,0.0,352803979.7498889,,,,,,,,,
2015,세전 기준,2016-10-31,4000000.0,0.0,358668315.6182825,,,,,,,,,
2015,세전 기준,2016-11-30,4000000.0,0.0,365824487.3778499,,,,,,,,,
2015,세전 기준,2016-12-31,4000000.0,0.0,374732147.07542247,,,,,,,,,
2015,세전 기준,2017-01-31,4000000.0,0.0,372882013.3086015,,,,,,,,,
2015,세전 기준,2017-02-28,4000000.0,0.0,377665103.6345914,,,,,,,,,
2015,세전 기준,2017-03-31,4000000.0,0.0,377330789.59371567,,,,,,,,,
2015,세전 기준,2017-04-30,4000000.0,0.0,390387917.8800827,,,,,,,,,
2015,세전 기준,2017-05-31,4000000.0,0.0,395392126.0479508,,,,,,,,,
2015,세전 기준,2017-06-30,4000000.0,0.0,390565035.8798954,,,,,,,,,
2015,세전 기준,2017-07-31,4000000.0,0.0,394648545.27411836,,,,,,,,,
2015,세전 기준,2017-08-31,4000000.0,0.0,399011584.9821444,,,,,,,,,
2015,세전 기준,2017-09-30,4000000.0,0.0,400997196.1624921,,,,,,,,,
2015,세전 기준,2017-10-31,4000000.0,0.0,405596697.28319985,,,,,,,,,
2015,세전 기준,2017-11-30,4000000.0,0.0,398142736.19676894,,,,,,,,,
2015,세전 기준,2017-12-31,4000000.0,0.0,390130351.30486745,,,,,,,,,
2015,세전 기준,2018-01-31,4000000.0,0.0,420655913.5153568,,,,,,,,,
2015,세전 기준,2018-02-28,4000000.0,0.0,416577324.5819883,,,,,,,,,
2015,세전 기준,2018-03-31,4000000.0,0.0,387783433.67496777,,,,,,,,,
2015,세전 기준,2018-04-30,4000000.0,0.0,388713019.0783344,,,,,,,,,
2015,세전 기준,2018-05-31,4000000.0,0.0,411252254.37643903,,,,,,,,,
2015,세전 기준,2018-06-30,4000000.0,0.0,423907857.88980687,,,,,,,,,
2015,세전 기준,2018-07-31,4000000.0,0.0,432138435.31422114,,,,,,,,,
2015,세전 기준,2018-08-31,4000000.0,0.0,454659423.72325015,,,,,,,,,
2015,세전 기준,2018-09-30,4000000.0,0.0,446641992.51990205,,,,,,,,,
2015,세전 기준,2018-10-31,4000000.0,0.0,415661299.97252566,,,,,,,,,
2015,세전 기준,2018-11-30,4000000.0,0.0,402503216.47649485,,,,,,,,,
2015,세전 기준,2018-12-31,4000000.0,0.0,361750531.35434383,,,,,,,,,
2015,세전 기준,2019-01-31,4000000.0,0.0,389982051.931843,,,,,,,,,
2015,세전 기준,2019-02-28,4000000.0,0.0,402282060.62637347,,,,,,,,,
2015,세전 기준,2019-03-31,4000000.0,0.0,418400574.29444194,,,,,,,,,
2015,세전 기준,2019-04-30,4000000.0,0.0,448597231.47463214,,,,,,,,,
2015,세전 기준,2019-05-31,4000000.0,0.0,416674739.61797523,,,,,,,,,
2015,세전 기준,2019-06-30,4000000.0,0.0,430774297.2027669,,,,,,,,,
2015,세전 기준,2019-07-31,4000000.0,0.0,447583760.5148202,,,,,,,,,
2015,세전 기준,2019-08-31,4000000.0,0.0,445691873.4962532,,,,,,,,,
2015,세전 기준,2019-09-30,4000000.0,0.0,440038510.40146834,,,,,,,,,
2015,세전 기준,2019-10-31,4000000.0,0.0,445038178.6048659,,,,,,,,,
2015,세전 기준,2019-11-30,4000000.0,0.0,463993600.5378613,,,,,,,,,
2015,세전 기준,2019-12-31,4000000.0,0.0,467470061.7741537,,,,,,,,,
2015,세전 기준,2020-01-31,4000000.0,0.0,492614452.8304562,,,,,,,,,
2015,세전 기준,2020-02-29,4000000.0,0.0,467950198.58422744,,,,,,,,,
2015,세전 기준,2020-03-31,4000000.0,0.0,431284537.5226199,,,,,,,,,
2015,세전 기준,2020-04-30,4000000.0,0.0,485774050.9159637,,,,,,,,,
2015,세전 기준,2020-05-31,4000000.0,0.0,527887053.63978255,,,,,,,,,
2015,세전 기준,2020-06-30,4000000.0,0.0,540689783.7121344,,,,,,,,,
2015,세전 기준,2020-07-31,4000000.0,0.0,572631003.0944299,,,,,,,,,
2015,세전 기준,2020-08-31,4000000.0,0.0,628533784.5397727,,,,,,,,,
2015,세전 기준,2020-09-30,4000000.0,0.0,577485855.8055817,,,,,,,,,
2015,세전 기준,2020-10-31,4000000.0,0.0,540545390.2084572,,,,,,,,,
2015,세전 기준,2020-11-30,4000000.0,0.0,582274389.7190466,,,,,,,,,
2015,세전 기준,2020-12-31,4000000.0,0.0,595949128.8469012,,,,,,,,,
2015,세전 기준,2021-01-31,4000000.0,0.0,611242951.3867503,,,,,,,,,
2015,세전 기준,2021-02-28,4000000.0,0.0,609161364.8310556,,,,,,,,,
2015,세전 기준,2021-03-31,4000000.0,0.0,617472753.4624741,,,,,,,,,
2015,세전 기준,2021-04-30,4000000.0,0.0,643498395.8999345,,,,,,,,,
2015,세전 기준,2021-05-31,4000000.0,0.0,631141648.519129,,,,,,,,,
2015,세전 기준,2021-06-30,4000000.0,0.0,676256753.3309504,,,,,,,,,
2015,세전 기준,2021-07-31,4000000.0,0.0,704797282.5252684,,,,,,,,,
2015,세전 기준,2021-08-31,4000000.0,0.0,734649620.3502488,,,,,,,,,
2015,세전 기준,2021-09-30,4000000.0,0.0,704080560.0346712,,,,,,,,,
2015,세전 기준,2021-10-31,4000000.0,0.0,749829216.2385684,,,,,,,,,
2015,세전 기준,2021-11-30,4000000.0,0.0,768945318.0752542,,,,,,,,,
2015,세전 기준,2021-12-31,4000000.0,0.0,774552873.8929958,,,,,,,,,
2015,세전 기준,2022-01-31,4000000.0,0.0,713619457.4226604,,,,,,,,,
2015,세전 기준,2022-02-28,4000000.0,0.0,675136023.398492,,,,,,,,,
2015,세전 기준,2022-03-31,4000000.0,0.0,708099143.2635919,,,,,,,,,
2015,세전 기준,2022-04-30,4000000.0,0.0,630209147.0568893,,,,,,,,,
2015,세전 기준,2022-05-31,4000000.0,0.0,606856864.3333228,,,,,,,,,
2015,세전 기준,2022-06-30,4000000.0,0.0,576516191.6479553,,,,,,,,,
2015,세전 기준,2022-07-31,4000000.0,0.0,644944006.4180733,,,,,,,,,
2015,세전 기준,2022-08-31,4000000.0,0.0,626485672.4087222,,,,,,,,,
2015,세전 기준,2022-09-30,4000000.0,0.0,595424467.0309469,,,,,,,,,
2015,세전 기준,2022-10-31,4000000.0,0.0,612182445.0095247,,,,,,,,,
2015,세전 기준,2022-11-30,4000000.0,0.0,593248528.5302501,,,,,,,,,
2015,세전 기준,2022-12-31,4000000.0,0.0,512550041.13401085,,,,,,,,,
2015,세전 기준,2023-01-31,4000000.0,0.0,550396497.8694086,,,,,,,,,
2015,세전 기준,2023-02-28,4000000.0,0.0,585148465.9369226,,,,,,,,,
2015,세전 기준,2023-03-31,4000000.0,0.0,627182339.3191592,,,,,,,,,
2015,세전 기준,2023-04-30,4000000.0,0.0,643101001.0429187,,,,,,,,,
2015,세전 기준,2023-05-31,4000000.0,0.0,682617234.7548813,,,,,,,,,
2015,세전 기준,2023-06-30,4000000.0,0.0,717950482.4630879,,,,,,,,,
2015,세전 기준,2023-07-31,4000000.0,0.0,716795344.5879796,,,,,,,,,
2015,세전 기준,2023-08-31,4000000.0,0.0,729095865.5228319,,,,,,,,,
2015,세전 기준,2023-09-30,4000000.0,0.0,701366733.3444867,,,,,,,,,
2015,세전 기준,2023-10-31,4000000.0,0.0,684495704.8971924,,,,,,,,,
2015,세전 기준,2023-11-30,4000000.0,0.0,720256137.9963653,,,,,,,,,
2015,세전 기준,2023-12-31,4000000.0,0.0,757097878.3098439,,,,,,,,,
2015,세전 기준,2024-01-31,4000000.0,0.0,793102622.4866451,,,,,,,,,
2015,세전 기준,2024-02-29,4000000.0,0.0,831812113.842067,,,,,,,,,
2015,세전 기준,2024-03-31,4000000.0,0.0,845283170.1711419,,,,,,,,,
2015,세전 기준,2024-04-30,4000000.0,0.0,825217976.4421446,,,,,,,,,
2015,세전 기준,2024-05-31,4000000.0,0.0,874208826.7844584,,,,,,,,,
2015,세전 기준,2024-06-30,4000000.0,0.0,920805394.2075914,,,,,,,,,
2015,세전 기준,2024-07-31,4000000.0,0.0,896578454.7706949,,,,,,,,,
2015,세전 기준,2024-08-31,4000000.0,0.0,880437447.5593557,,,,,,,,,
2015,세전 기준,2024-09-30,4000000.0,0.0,885276310.2459447,,,,,,,,,
2015,세전 기준,2024-10-31,4000000.0,0.0,915422689.8658997,,,,,,,,,
2015,세전 기준,2024-11-30,4000000.0,0.0,974000765.7754558,,,,,,,,,
2015,세전 기준,2024-12-31,4000000.0,0.0,1031062844.6748967,,,,,,,,,
2015,미국계좌,2014-12-31,0.0,0.0,400000000.0,,,,,,,,,
2015,미국계좌,2015-01-31,4000000.0,0.0,395707119.8155338,,,,,,,,,
2015,미국계좌,2015-02-28,4000000.0,0.0,396264450.7265125,,,,,,,,,
2015,미국계좌,2015-03-31,4000000.0,0.0,390457853.4140228,,,,,,,,,
2015,미국계좌,2015-04-30,4000000.0,0.0,385198754.7022924,,,,,,,,,
2015,미국계좌,2015-05-31,4000000.0,0.0,390592231.6901822,,,,,,,,,
2015,미국계좌,2015-06-30,4000000.0,0.0,382348939.60623354,,,,,,,,,
2015,미국계좌,2015-07-31,4000000.0,0.0,398773933.6039715,,,,,,,,,
2015,미국계좌,2015-08-31,4000000.0,0.0,380133000.72679365,,,,,,,,,
2015,미국계좌,2015-09-30,4000000.0,0.0,369780274.14502305,,,,,,,,,
2015,미국계좌,2015-10-31,4000000.0,0.0,390271160.186312,,,,,,,,,
2015,미국계좌,2015-11-30,4000000.0,0.0,391707825.8809808,,,,,,,,,
2015,미국계좌,2015-12-31,4000000.0,0.0,388124574.8998106,,,,,,,,,
2015,미국계좌,2016-01-31,4000000.0,0.0,369904591.8341979,,,,,,,,,
2015,미국계좌,2016-02-29,4000000.0,0.0,368554943.00512654,,,,,,,,,
2015,미국계좌,2016-03-31,4000000.0,0.0,358247454.8692189,,,,,,,,,
2015,미국계좌,2016-04-30,4000000.0,0.0,344423704.6479373,,,,,,,,,
2015,미국계좌,2016-05-31,4000000.0,0.0,369582703.40809005,,,,,,,,,
2015,미국계좌,2016-06-30,4000000.0,0.0,346580734.2835775,,,,,,,,,
2015,미국계좌,2016-07-31,4000000.0,0.0,354088075.2923632,,,,,,,,,
2015,미국계좌,2016-08-31,4000000.0,0.0,354799710.1273948,,,,,,,,,
2015,미국계좌,2016-09-30,4000000.0,0.0,352803979.7498889,,,,,,,,,
2015,미국계좌,2016-10-31,4000000.0,0.0,358668315.6182825,,,,,,,,,
2015,미국계좌,2016-11-30,4000000.0,0.0,365824487.3778499,,,,,,,,,
2015,미국계좌,2016-12-31,4000000.0,0.0,374732147.07542247,,,,,,,,,
2015,미국계좌,2017-01-31,4000000.0,0.0,372882013.3086015,,,,,,,,,
2015,미국계좌,2017-02-28,4000000.0,0.0,377665103.6345914,,,,,,,,,
2015,미국계좌,2017-03-31,4000000.0,0.0,377330789.59371567,,,,,,,,,
2015,미국계좌,2017-04-30,4000000.0,0.0,390387917.8800827,,,,,,,,,
2015,미국계좌,2017-05-31,4000000.0,0.0,395392126.0479508,,,,,,,,,
2015,미국계좌,2017-06-30,4000000.0000000005,14923.180057668507,390550112.6998377,,,,,,,,,
2015,미국계좌,2017-07-31,3999999.9999999995,242521.79459553908,394390791.43498653,,,,,,,,,
2015,미국계좌,2017-08-31,4000000.0,257781.39185607425,398490587.66186863,,,,,,,,,
2015,미국계좌,2017-09-30,4000000.0,268489.0869989536,400199894.2242841,,,,,,,,,
2015,미국계좌,2017-10-31,3999999.9999999995,283565.9821220985,404498730.9916672,,,,,,,,,
2015,미국계좌,2017-11-30,4000000.0,277514.87895229185,396776605.0354694,,,,,,,,,
2015,미국계좌,2017-12-31,4000000.0,270303.3475466009,388507684.33096194,,,,,,,,,
2015,미국계좌,2018-01-31,4000000.0,0.0,418889644.5649141,,,,,,,,,
2015,미국계좌,2018-02-28,4000000.0,0.0,414811385.6142902,,,,,,,,,
2015,미국계좌,2018-03-31,4000000.0,0.0,386122600.039533,,,,,,,,,
2015,미국계좌,2018-04-30,4000000.0,54859.84295549883,386976212.7298839,,,,,,,,,
2015,미국계좌,2018-05-31,4000000.0,340670.0255814941,409056198.2016635,,,,,,,,,
2015,미국계좌,2018-06-30,4000000.0,366772.10891713394,421256089.9333199,,,,,,,,,
2015,미국계좌,2018-07-31,4000000.0,385030.4590761409,429025128.1652158,,,,,,,,,
2015,미국계좌,2018-08-31,4000000.0,422085.9072073193,450932962.3054545,,,,,,,,,
2015,미국계좌,2018-09-30,4000000.0,416664.35267149465,442531794.25867975,,,,,,,,,
2015,미국계좌,2018-10-31,4000000.0,377613.9037650034,411421776.1401449,,,,,,,,,
2015,미국계좌,2018-11-30,4000000.0,363226.3668355355,397993873.85032636,,,,,,,,,
2015,미국계좌,2018-12-31,3999999.9999999995,298789.5202707447,357354148.5874457,,,,,,,,,
2015,미국계좌,2019-01-31,4000000.0,0.0,385193956.9507642,,,,,,,,,
2015,미국계좌,2019-02-28,4000000.0,0.0,397293838.5126863,,,,,,,,,
2015,미국계좌,2019-03-31,4000000.0,0.0,413162886.3840018,,,,,,,,,
2015,미국계좌,2019-04-30,4000000.0,406257.1851119855,442525200.4038345,,,,,,,,,
2015,미국계좌,2019-05-31,4000000.0,422195.8510148367,410558460.27637935,,,,,,,,,
2015,미국계좌,2019-06-30,3999999.9999999995,447686.64121477166,423944651.6871643,,,,,,,,,
2015,미국계좌,2019-07-31,4000000.0,475051.6223132611,439949142.90877485,,,,,,,,,
2015,미국계좌,2019-08-31,4000000.0,477725.1590134448,437543571.7936649,,,,,,,,,
2015,미국계좌,2019-09-30,4000000.0,475611.33656176913,431444824.7506135,,,,,,,,,
2015,미국계좌,2019-10-31,4000000.0000000005,487055.45164767705,435781679.43193585,,,,,,,,,
2015,미국계좌,2019-11-30,3999999.9999999995,514742.2261150913,453744901.5759545,,,,,,,,,
2015,미국계좌,2019-12-31,4000000.0000000005,523322.9213066871,456532899.68119955,,,,,,,,,
2015,미국계좌,2020-01-31,4000000.0,0.0,480995414.0674251,,,,,,,,,
2015,미국계좌,2020-02-29,4000000.0,0.0,456818556.74939543,,,,,,,,,
2015,미국계좌,2020-03-31,4000000.0,333230.01416265976,420596719.38646895,,,,,,,,,
2015,미국계좌,2020-04-30,3999999.9999999995,560915.110288124,473075867.88027215,,,,,,,,,
2015,미국계좌,2020-05-31,4000000.0,605080.3866333283,513378391.64211535,,,,,,,,,
2015,미국계좌,2020-06-30,4000000.0,619617.4440520674,525099691.2185948,,,,,,,,,
2015,미국계좌,2020-07-31,4000000.0,648351.320061989,555356240.5794581,,,,,,,,,
2015,미국계좌,2020-08-31,4000000.0,689910.925230303,608762002.6512637,,,,,,,,,
2015,미국계좌,2020-09-30,4000000.0,657702.2094102942,558536357.999759,,,,,,,,,
2015,미국계좌,2020-10-31,4000000.0,631994.6628464274,522044799.15803105,,,,,,,,,
2015,미국계좌,2020-11-30,4000000.0,667219.5441005017,561541468.1561991,,,,,,,,,
2015,미국계좌,2020-12-31,4000000.0,679612.3720871946,573907254.1982894,,,,,,,,,
2015,미국계좌,2021-01-31,4000000.0,0.0,588487472.1747109,,,,,,,,,
2015,미국계좌,2021-02-28,4000000.0,95625.081142927,586238841.444773,,,,,,,,,
2015,미국계좌,2021-03-31,4000000.0000000005,701623.5370538565,593385333.406411,,,,,,,,,
2015,미국계좌,2021-04-30,4000000.0,719829.625774225,617519855.2456799,,,,,,,,,
2015,미국계좌,2021-05-31,3999999.9999999995,714889.5626335624,604785586.8224311,,,,,,,,,
2015,미국계좌,2021-06-30,4000000.0,742486.7429573054,647107190.2962397,,,,,,,,,
2015,미국계좌,2021-07-31,4000000.0,758919.706672621,673486163.5776505,,,,,,,,,
2015,미국계좌,2021-08-31,4000000.0,774677.3399913777,701059909.9548906,,,,,,,,,
2015,미국계좌,2021-09-30,4000000.0000000005,762358.3879116612,670943284.0134959,,,,,,,,,
2015,미국계좌,2021-10-31,4000000.0,784885.9283838589,713565653.2535512,,,,,,,,,
2015,미국계좌,2021-11-30,4000000.0,794485.2494574615,730769318.9837458,,,,,,,,,
2015,미국계좌,2021-12-31,4000000.0,798338.5455214467,735101547.7971667,,,,,,,,,
2015,미국계좌,2022-01-31,4000000.0,0.0,677067996.3387983,,,,,,,,,
2015,미국계좌,2022-02-28,4000000.0,220306.38026210183,640130491.2628223,,,,,,,,,
2015,미국계좌,2022-03-31,4000000.0,775218.4792175422,670401869.703063,,,,,,,,,
2015,미국계좌,2022-04-30,4000000.0,737228.3862347072,595708347.6528976,,,,,,,,,
2015,미국계좌,2022-05-31,4000000.0,725813.9387275015,572689691.6975071,,,,,,,,,
2015,미국계좌,2022-06-30,4000000.0,709047.9676361063,543123000.0153848,,,,,,,,,
2015,미국계좌,2022-07-31,4000000.0,752401.32804742,606603221.8337241,,,,,,,,,
2015,미국계좌,2022-08-31,4000000.0,744428.3108821036,588259981.9901474,,,,,,,,,
2015,미국계좌,2022-09-30,4000000.0,728453.1547798151,558121491.7199837,,,,,,,,,
2015,미국계좌,2022-10-31,4000000.0,740902.9445540176,572838092.2473055,,,,,,,,,
2015,미국계좌,2022-11-30,3999999.9999999995,731966.9090510835,554131996.7177658,,,,,,,,,
2015,미국계좌,2022-12-31,4000000.0,678294.2749783772,477812419.0309176,,,,,,,,,
2015,미국계좌,2023-01-31,4000000.0,0.0,512822769.4668962,,,,,,,,,
2015,미국계좌,2023-02-28,4000000.0,146122.6535204279,544783147.6061741,,,,,,,,,
2015,미국계좌,2023-03-31,4000000.0,761544.15506571,582879920.438275,,,,,,,,,
2015,미국계좌,2023-04-30,4000000.0,772046.6398779091,596619536.5684065,,,,,,,,,
2015,미국계좌,2023-05-31,4000000.0000000005,793144.3352773091,632197399.5062168,,,,,,,,,
2015,미국계좌,2023-06-30,4000000.0,810267.3343353699,663815126.7334183,,,,,,,,,
2015,미국계좌,2023-07-31,4000000.0,811444.6732914755,661634034.0942883,,,,,,,,,
2015,미국계좌,2023-08-31,4000000.0,818061.9403469253,671862079.1151469,,,,,,,,,
2015,미국계좌,2023-09-30,3999999.9999999995,808279.3598099877,645187396.6733378,,,,,,,,,
2015,미국계좌,2023-10-31,4000000.0,802678.182325557,628544656.8775688,,,,,,,,,
2015,미국계좌,2023-11-30,4000000.0000000005,819473.1837510268,660235577.5514048,,,,,,,,,
2015,미국계좌,2023-12-31,4000000.0000000005,835093.3182230951,692838790.6655111,,,,,,,,,
2015,미국계좌,2024-01-31,4000000.0,0.0,725448110.7684993,,,,,,,,,
2015,미국계좌,2024-02-29,4000000.0,376706.53167257825,760137622.0719545,,,,,,,,,
2015,미국계좌,2024-03-31,4000000.0,867718.6615365295,771235536.7452428,,,,,,,,,
2015,미국계좌,2024-04-30,4000000.0,862933.0733088849,751714736.6449695,,,,,,,,,
2015,미국계좌,2024-05-31,4000000.0,878159.0499777476,795107463.8902786,,,,,,,,,
2015,미국계좌,2024-06-30,4000000.0,891206.9734080852,836234676.2839397,,,,,,,,,
2015,미국계좌,2024-07-31,4000000.0,886135.2719221942,812979330.4723856,,,,,,,,,
2015,미국계좌,2024-08-31,4000000.0,882971.1946545813,797087408.6818132,,,,,,,,,
2015,미국계좌,2024-09-30,4000000.0,885293.2120797635,800204212.8067764,,,,,,,,,
2015,미국계좌,2024-10-31,4000000.0,893902.5190399077,826175336.842436,,,,,,,,,
2015,미국계좌,2024-11-30,4000000.0,908251.5164292611,877744233.5503997,,,,,,,,,
2015,미국계좌,2024-12-31,4000000.0000000005,920702.3282629295,927851093.341056,,,,,,,,,
2015,절세계좌,2014-12-31,0.0,0.0,400000000.0,50000000.0,50000000.0,0.0,200000000.0,0.0,36000000.0,0.0,114000000.0,0.0
2015,절세계좌,2015-01-31,4000000.0,0.0,395707119.8155338,49707119.815533794,49707119.815533794,0.0,200000000.0,0.0,36000000.0,0.0,110000000.0,0.0
2015,절세계좌,2015-02-28,4000000.0,0.0,396264450.72651243,53120090.592661306,50000000.0,3120090.5926613063,200000000.0,1144360.1338511407,36000000.0,0.0,106000000.0,0.0
2015,절세계좌,2015-03-31,4000000.0,0.0,390457853.41402274,52199675.12760856,50000000.0,2199675.12760856,200000000.0,258178.28641417623,36000000.0,0.0,102000000.0,0.0
2015,절세계좌,2015-04-30,4000000.0,0.0,385198754.7022924,51715663.276175246,50000000.0,1715663.2761752456,199483091.42611715,0.0,36000000.0,0.0,98000000.0,0.0
2015,절세계좌,2015-05-31,4000000.0,0.0,390592231.69018215,54609587.99835177,50000000.0,4609587.998351768,200000000.0,5982643.691830397,36000000.0,0.0,94000000.0,0.0
2015,절세계좌,2015-06-30,4000000.0,0.0,382348939.6062336,53509241.46324306,50000000.0,3509241.46324306,200000000.0,2839698.1429905295,36000000.0,0.0,90000000.0,0.0
2015,절세계좌,2015-07-31,4000000.0,0.0,398773933.60397154,58069136.20350121,50000000.0,8069136.20350121,200000000.0,18704797.400470316,36000000.0,0.0,86000000.0,0.0
2015,절세계좌,2015-08-31,4000000.0,0.0,380133000.7267937,55171833.22427123,50000000.0,5171833.22427123,200000000.0,7792734.598990768,35168432.90353172,0.0,82000000.0,0.0
2015,절세계좌,2015-09-30,4000000.0,0.0,369780274.14502305,54048941.47404701,50000000.0,4048941.4740470126,200000000.0,3563606.5493704975,34452662.90156055,0.0,77715063.22004499,0.0
2015,절세계좌,2015-10-31,4000000.0,0.0,390271160.186312,57952372.17426646,50000000.0,7952372.174266458,200000000.0,18265031.02840033,36000000.0,940844.5089439079,77112912.47470134,0.0
2015,절세계좌,2015-11-30,4000000.0,33262.78942975899,391674563.091551,58759676.699597254,50000000.0,8759676.699597254,200000000.0,21305568.294775397,36000000.0,1455448.3089735806,74153869.78820479,0.0
2015,절세계좌,2015-12-31,4000000.0,33892.85908910737,388057383.8620706,50000000.00000001,42500965.73899527,7499034.2610047385,200000000.0,21541021.539144456,36000000.0,1495298.2182713822,70198871.32548666,8822192.779168136
2015,절세계좌,2016-01-31,4000000.0,10162.493796828552,370061462.2373353,48168116.11719209,42500965.73899527,5667150.378196821,200000000.0,13424273.004377246,72000000.0,121557.568528831,36347515.54723718,0.0
2015,절세계좌,2016-02-29,3999999.9999999995,14499.210712612417,368698438.1675313,48513238.68601343,42500965.73899527,6012272.947018161,200000000.0,14953449.13343513,72000000.0,638305.5591475219,32593444.788935203,0.0
2015,절세계좌,2016-03-31,4000000.0,3976.49051974033,358384517.74977183,47682978.00642127,42500965.73899527,5182012.267425999,200000000.0,11274713.1514225,71395165.94259275,0.0,28031660.64933528,0.0
2015,절세계좌,2016-04-30,4000000.0,0.0,344557009.03283346,46375430.22240994,42500965.73899527,3874464.4834146723,200000000.0,5481203.715800196,69437389.92019778,0.0,23262985.174425554,0.0
2015,절세계좌,2016-05-31,4000000.0,36157.47710037656,369691135.8991412,50301585.983782575,42500965.73899527,7800620.244787306,200000000.0,22877294.87772599,72000000.0,3315977.076853931,21196277.960778724,0.0
2015,절세계좌,2016-06-30,4000000.0,4392.5453947617425,346679199.2095481,47715347.03113757,42500965.73899527,5214381.292142302,200000000.0,11418134.487459987,71443631.70516968,0.0,16102085.985780882,0.0
2015,절세계좌,2016-07-31,4000000.0,24187.57672885067,354165621.9216556,49299615.03949889,42500965.73899527,6798649.300503619,200000000.0,18437741.546743035,72000000.0,1815737.6868737936,12612527.64853988,0.0
2015,절세계좌,2016-08-31,4000000.0,32070.669899629596,354846217.9526577,49955615.05695771,42500965.73899527,7454649.317962438,200000000.0,21344359.826693505,72000000.0,2797958.8497069776,8748284.219299493,0.0
2015,절세계좌,2016-09-30,4000000.0,35407.79127841041,352815342.5073726,50237815.179657124,42500965.73899527,7736849.440661855,200000000.0,22594737.89591953,72000000.0,3220493.7967992425,4762295.634996734,0.0
2015,절세계좌,2016-10-31,4000000.0,51553.26412501077,358628442.8122983,51642455.46341394,42500965.73899527,9141489.72441867,200000000.0,28818446.763089895,72000000.0,5323645.284841031,843895.3009534505,0.0
2015,절세계좌,2016-11-30,4000000.0,14780.32190724488,365768594.0292512,53248764.351453036,42500965.73899527,10747798.612457767,200000000.0,35935713.002361685,68855363.85722855,7728752.8182079345,0.0,0.0
2015,절세계좌,2016-12-31,4000000.0,0.0,374674281.59989417,50000000.00000001,38547824.34300299,11452175.656997018,200000000.0,44260409.677992225,64855363.85722855,10430927.632614821,0.0,5127580.432058595
2015,절세계좌,2017-01-31,4000000.0,0.0,372794398.54375356,50286853.72338049,38547824.34300299,11739029.380377501,200000000.0,45661749.83780372,65982944.28928715,10862850.693282202,0.0,0.0
2015,절세계좌,2017-02-28,4000000.0,0.0,377575425.1381445,51471340.94104835,38547824.34300299,12923516.598045357,200000000.0,51448216.49872163,61982944.28928715,12672923.40908739,0.0,0.0
2015,절세계좌,2017-03-31,4000000.0,0.0,377240240.6615253,51970931.10696278,38547824.34300299,13423106.763959788,200000000.0,53888818.47066873,57982944.28928715,13397546.794606626,0.0,0.0
2015,절세계좌,2017-04-30,4000000.0,0.0,390293275.70982337,54320261.88913378,38547824.34300299,15772437.546130791,200000000.0,65365788.45711291,53982944.28928715,16624281.074289516,0.0,0.0
2015,절세계좌,2017-05-31,4000000.0,0.0,395295300.9776491,55573146.323772244,38547824.34300299,17025321.980769254,200000000.0,71486389.76279229,49982944.28928715,18252820.601797402,0.0,0.0
2015,절세계좌,2017-06-30,4000000.0,0.0,390468413.35045975,55456897.162738815,38547824.34300299,16909072.819735825,200000000.0,70918488.40881729,45982944.28928715,18110083.48961649,0.0,0.0
2015,절세계좌,2017-07-31,4000000.0,0.0,394549922.9519399,56604686.41166512,38547824.34300299,18056862.06866213,200000000.0,76525677.85215199,41982944.28928715,19436614.398835637,0.0,0.0
2015,절세계좌,2017-08-31,4000000.0,0.0,398910872.7437446,57804202.400739156,38547824.34300299,19256378.057736166,200000000.0,82385563.19028252,37982944.28928715,20738162.86343576,0.0,0.0
2015,절세계좌,2017-09-30,4000000.0,0.0,400894973.13011324,58671328.80303755,38547824.34300299,20123504.460034557,200000000.0,86621656.19564271,33982944.28928715,21619043.842145838,0.0,0.0
2015,절세계좌,2017-10-31,4000000.0,0.0,405492282.0482571,59929552.4580246,38547824.34300299,21381728.11502161,200000000.0,92768340.70431626,29982944.28928715,22811444.596629113,0.0,0.0
2015,절세계좌,2017-11-30,4000000.0,0.0,398039210.1361236,59419207.222218335,38547824.34300299,20871382.879215345,200000000.0,90275197.97681129,25982944.28928715,22361860.64780683,0.0,0.0
2015,절세계좌,2017-12-31,4000000.0,0.0,390027868.5544822,50000000.0,32767396.692106918,17232603.307893082,200000000.0,87349875.69168925,21982944.28928715,21874653.555233747,0.0,8820395.018272042
2015,절세계좌,2018-01-31,4000000.0,0.0,419763778.35657,54424875.185308166,32767396.692106918,21657478.49320125,200000000.0,112779622.38068002,26803339.307559192,25755941.483022638,0.0,0.0
2015,절세계좌,2018-02-28,4000000.0,0.0,415685356.09612423,54414707.27193264,32767396.692106918,21647310.57982572,200000000.0,112721187.40779,22803339.307559192,25746122.10884238,0.0,0.0
2015,절세계좌,2018-03-31,4000000.0,0.0,386944553.4587382,51176047.27719685,32767396.692106918,18408650.58508993,200000000.0,94108616.46989048,18803339.307559192,22856550.40409168,0.0,0.0
2015,절세계좌,2018-04-30,4000000.0,0.0,387863474.83855456,51826608.06384232,32767396.692106918,19059211.3717354,200000000.0,97847387.69333977,14803339.307559192,23386139.773813307,0.0,0.0
2015,절세계좌,2018-05-31,4000000.0,0.0,410344707.82294947,55365050.25281305,32767396.692106918,22597653.56070613,200000000.0,118182806.1561991,10803339.307559192,25993512.106378138,0.0,0.0
2015,절세계좌,2018-06-30,4000000.0,0.0,422963555.94980216,57607319.60379018,32767396.692106918,24839922.91168326,200000000.0,131069122.54161042,6803339.307559192,27483774.4968424,0.0,0.0
2015,절세계좌,2018-07-31,4000000.0,0.0,431166888.4015784,59269404.34582458,32767396.692106918,26502007.65371766,200000000.0,140621119.42186314,2803339.307559192,28473025.3263315,0.0,0.0
2015,절세계좌,2018-08-31,4000000.0,0.0,453628251.50930715,62906857.201696336,32767396.692106918,30139460.50958942,198803339.3075592,161525551.94124573,0.0,30392503.058805905,0.0,0.0
2015,절세계좌,2018-09-30,4000000.0,0.0,445619931.8809362,62351003.83577008,32767396.692106918,29583607.14366316,194803339.3075592,158341637.88241845,0.0,30123950.855188493,0.0,0.0
2015,절세계좌,2018-10-31,4000000.0,0.0,414700979.8423488,58584512.34440356,32767396.692106918,25817115.65229664,190803339.3075592,137008901.11833447,0.0,28304227.072051596,0.0,0.0
2015,절세계좌,2018-11-30,4000000.0,0.0,401564054.65943414,57293745.42513598,32767396.692106918,24526348.73302906,186803339.3075592,129786357.50159723,0.0,27680612.42514173,0.0,0.0
2015,절세계좌,2018-12-31,4000000.0,0.0,360897124.6744553,50000000.00000001,31469447.536985397,18530552.46301461,182803339.3075592,100878460.71110374,0.0,25153087.697873015,0.0,2062236.957919374
2015,절세계좌,2019-01-31,4000000.0,0.0,388868865.04497916,54454937.55832629,31469447.536985397,22985490.02134089,180865576.26547855,126154154.82143873,0.0,27394196.3997356,0.0,0.0
2015,절세계좌,2019-02-28,4000000.0,0.0,401122346.0702371,56730980.65124268,31469447.536985397,25261533.114257284,176865576.26547855,138986602.52337497,0.0,28539186.630140882,0.0,0.0
2015,절세계좌,2019-03-31,4000000.0,0.0,417182861.29534155,59568151.684566475,31469447.536985397,28098704.147581078,172865576.26547855,154782674.47885448,0.0,29966458.866442047,0.0,0.0
2015,절세계좌,2019-04-30,4000000.0,0.0,447279992.52711666,64436767.521076225,31469447.536985397,32967319.984090827,168865576.26547855,181561975.45206016,0.0,32415673.28850171,0.0,0.0
2015,절세계좌,2019-05-31,4000000.0,0.0,415439490.90848315,60425964.53314407,31469447.536985397,28956516.996158674,164865576.26547855,159749958.40724576,0.0,30397991.70261474,0.0,0.0
2015,절세계좌,2019-06-30,4000000.0,0.0,429485391.64052325,63050753.41688335,31469447.536985397,31581305.879897952,160865576.26547855,173850639.35592467,0.0,31718422.602236662,0.0,0.0
2015,절세계좌,2019-07-31,4000000.0,0.0,446232591.6439613,66096553.383468546,31469447.536985397,34627105.84648315,156865576.26547855,190019813.91938365,0.0,33250648.075630587,0.0,0.0
2015,절세계좌,2019-08-31,4000000.0,0.0,444334340.6397272,66407867.18550506,31469447.536985397,34938419.648519665,152865576.26547855,191653639.0458293,0.0,33407258.142914243,0.0,0.0
2015,절세계좌,2019-09-30,4000000.0,0.0,438686013.5235149,66161516.90779731,31469447.536985397,34692069.37081191,148865576.26547855,190375591.61011642,0.0,33283328.740122672,0.0,0.0
2015,절세계좌,2019-10-31,4000000.0,0.0,443658020.4589553,67514652.34010392,31469447.536985397,36045204.80311853,144865576.26547855,197313752.42933196,0.0,33964039.42404083,0.0,0.0
2015,절세계좌,2019-11-30,4000000.0,0.0,462542252.7410471,70997111.61131763,31469447.536985397,39527664.07433224,140865576.26547855,214963633.37114787,0.0,35715931.49310301,0.0,0.0
2015,절세계좌,2019-12-31,4000000.0,0.0,464349134.5018258,50000000.0,21811036.91702934,28188963.08297066,136865576.26547855,220697210.92373675,0.0,36291432.484963074,0.0,20494914.82764744
2015,절세계좌,2020-01-31,4000000.0,0.0,488021197.39517933,53117246.797120325,21811036.91702934,31306209.880090985,136865576.26547855,242989439.98643672,16494914.82764744,38554019.518496275,0.0,0.0
2015,절세계좌,2020-02-29,4000000.0,0.0,463549621.61704475,50889077.716069944,21811036.91702934,29078040.799040604,136865576.26547855,227055233.04745257,12494914.82764744,36244819.76039625,0.0,0.0
2015,절세계좌,2020-03-31,4000000.0,0.0,427191146.5682233,47336722.42390366,21811036.91702934,25525685.50687432,136865576.26547855,201651431.8603859,8494914.82764744,32842501.190807745,0.0,0.0
2015,절세계좌,2020-04-30,4000000.0,0.0,481125526.5769419,53756386.51878139,21811036.91702934,31945349.601752046,136865576.26547855,247560091.59204602,4494914.82764744,38448557.37298851,0.0,0.0
2015,절세계좌,2020-05-31,4000000.0,0.0,522797259.50649565,58859311.20833434,21811036.91702934,37048274.291305006,136865576.26547855,284052411.0883104,494914.82764744014,42525046.11672492,0.0,0.0
2015,절세계좌,2020-06-30,4000000.0,0.0,535437980.61053544,60732812.57886248,21811036.91702934,38921775.66183314,133360491.093126,297450298.5252875,0.0,43894378.41325945,0.0,0.0
2015,절세계좌,2020-07-31,4000000.0,0.0,567030097.3962712,64769898.91997016,21811036.91702934,42958862.00294082,129360491.093126,326087542.22467834,0.0,46812165.15849667,0.0,0.0
2015,절세계좌,2020-08-31,4000000.0,0.0,622346969.5420482,71545461.32974787,21811036.91702934,49734424.412718534,125360491.093126,373731843.44503796,0.0,51709173.67413637,0.0,0.0
2015,절세계좌,2020-09-30,4000000.0,0.0,571762145.3191248,66190035.97522772,21811036.91702934,44378999.05819838,121360491.093126,336373055.15917647,0.0,47838563.091594584,0.0,0.0
2015,절세계좌,2020-10-31,4000000.0,0.0,535148166.8324146,62414479.25640056,21811036.91702934,40603442.33937122,117360491.093126,310263400.72973555,0.0,45109795.75315252,0.0,0.0
2015,절세계좌,2020-11-30,4000000.0,0.0,576420572.6330357,67694612.51268262,21811036.91702934,45883575.59565328,113360491.093126,346439479.730877,0.0,48925989.29635004,0.0,0.0
2015,절세계좌,2020-12-31,4000000.0,0.0,588031408.1563213,50000000.00000001,15635273.132410442,34364726.86758956,109360491.093126,360396549.93489313,0.0,50411120.89865603,0.0,17863246.229646042
2015,절세계좌,2021-01-31,4000000.0,0.0,602490573.2118529,51618747.4405056,15635273.132410442,35983474.30809516,109360491.093126,375604910.09136486,13863246.229646042,52043178.3572104,0.0,0.0
2015,절세계좌,2021-02-28,4000000.0,0.0,600381516.9243237,51780755.19673968,15635273.132410442,36145482.06432924,109360491.093126,377126995.7752071,9863246.229646042,52250028.62960482,0.0,0.0
2015,절세계좌,2021-03-31,4000000.0,0.0,608515461.4072045,52827264.443156205,15635273.132410442,37191991.31074576,109360491.093126,386959097.51530886,5863246.229646042,53505362.125967376,0.0,0.0
2015,절세계좌,2021-04-30,4000000.0,0.0,634105540.5798061,55396078.28024443,15635273.132410442,39760805.14783399,109360491.093126,411093465.25655675,1863246.229646042,56392259.72023281,0.0,0.0
2015,절세계좌,2021-05-31,4000000.0,0.0,621870772.864521,54676680.94370886,15635273.132410442,39041407.811298415,107223737.32277204,404334625.973869,0.0,55635728.62417107,0.0,0.0
2015,절세계좌,2021-06-30,4000000.0,0.0,666264423.1018554,58931590.94943222,15635273.132410442,43296317.81702177,103223737.32277204,444143823.6232884,0.0,59965271.20636273,0.0,0.0
2015,절세계좌,2021-07-31,4000000.0,0.0,694324135.3402797,61767296.6873964,15635273.132410442,46132023.554985955,99223737.32277204,470482385.1374699,0.0,62850716.19264135,0.0,0.0
2015,절세계좌,2021-08-31,4000000.0,0.0,723673434.1703782,64734060.95542204,15635273.132410442,49098787.82301159,95223737.32277204,497846117.3717699,0.0,65869518.520414196,0.0,0.0
2015,절세계좌,2021-09-30,4000000.0,0.0,693501334.4528458,62392913.39016922,15635273.132410442,46757640.257758774,91223737.32277204,476397377.313594,0.0,63487306.426310636,0.0,0.0
2015,절세계좌,2021-10-31,4000000.0,0.0,738502487.7625462,66801448.114738554,15635273.132410442,51166174.98232811,87223737.32277204,516504133.96758676,0.0,67973168.35744886,0.0,0.0
2015,절세계좌,2021-11-30,4000000.0,0.0,757269403.6736132,68860835.83132368,15635273.132410442,53225562.69891324,83223737.32277204,535116152.08072627,0.0,70068678.43879123,0.0,0.0
2015,절세계좌,2021-12-31,4000000.0,0.0,760465372.2368602,49999999.99999999,11212708.494496947,38787291.50550304,79223737.32277204,542841974.5314703,0.0,70944148.6749078,0.0,17455511.70771008
2015,절세계좌,2022-01-31,4000000.0,0.0,701850521.1958247,46324755.972811684,11212708.494496947,35112047.478314735,79223737.32277204,497117108.6912514,13455511.70771008,65729407.50127951,0.0,0.0
2015,절세계좌,2022-02-28,4000000.0,0.0,663935784.2996445,44086256.658284135,11212708.494496947,32873548.163787186,79223737.32277204,469267235.29971504,9455511.70771008,61903043.31116321,0.0,0.0
2015,절세계좌,2022-03-31,4000000.0,0.0,696285700.6531845,46499941.50516998,11212708.494496947,35287233.01067303,79223737.32277204,499296646.94911194,5455511.70771008,65809863.16842047,0.0,0.0
2015,절세계좌,2022-04-30,4000000.0,0.0,619628434.6905096,41647682.41953811,11212708.494496947,30434973.92504116,79223737.32277204,438928166.9050159,1455511.7077100798,58373336.33547342,0.0,0.0
2015,절세계좌,2022-05-31,4000000.0,0.0,596601061.4641902,40368777.267608516,11212708.494496947,29156068.773111567,76679249.03048211,423016906.030433,0.0,56536129.13566667,0.0,0.0
2015,절세계좌,2022-06-30,4000000.0,0.0,566705542.7556148,38616567.13172624,11212708.494496947,27403858.637229294,72679249.03048211,401327552.8465384,0.0,54082173.746867925,0.0,0.0
2015,절세계좌,2022-07-31,4000000.0,0.0,633900844.2484941,43467972.1950942,11212708.494496947,32255263.70059725,68679249.03048211,460877097.75695956,0.0,60876525.26595831,0.0,0.0
2015,절세계좌,2022-08-31,4000000.0,0.0,615690075.4937671,42493508.59135235,11212708.494496947,31280800.096855402,64679249.03048211,449005520.5930012,0.0,59511797.27893153,0.0,0.0
2015,절세계좌,2022-09-30,4000000.0,0.0,585095188.6259875,40657990.855102144,11212708.494496947,29445282.360605195,60679249.03048211,426816778.4358665,0.0,56941170.30453677,0.0,0.0
2015,절세계좌,2022-10-31,4000000.0,0.0,601493062.2663376,42075429.54893325,11212708.494496947,30862721.054436304,56679249.03048211,443812102.5501923,0.0,58926281.13673002,0.0,0.0
2015,절세계좌,2022-11-30,4000000.0,0.0,582819908.4900825,41049018.29549786,11212708.494496947,29836309.801000908,52679249.03048211,431602840.2558631,0.0,57488800.9082395,0.0,0.0
2015,절세계좌,2022-12-31,4000000.0,0.0,503469691.4126801,35741971.65154702,11212708.494496947,24529263.157050073,48679249.03048211,368992143.49884754,0.0,50056327.23180343,0.0,0.0
2015,절세계좌,2023-01-31,4000000.0,0.0,540574795.2434614,38660076.715093814,11212708.494496947,27447368.220596865,44679249.03048211,403092360.9496586,0.0,54143108.54822693,0.0,0.0
2015,절세계좌,2023-02-28,4000000.0,0.0,574635243.0923645,41382030.91384023,11212708.494496947,30169322.419343278,40679249.03048211,434618780.9008387,0.0,57955182.24720359,0.0,0.0
2015,절세계좌,2023-03-31,4000000.0,0.0,615842036.8573099,44637572.511026725,11212708.494496947,33424864.016529776,36679249.03048211,472010674.7574714,0.0,62514540.558329724,0.0,0.0
2015,절세계좌,2023-04-30,4000000.0,0.0,631400542.316421,46055215.597058326,11212708.494496947,34842507.10256138,32679249.030482113,488166140.0488196,0.0,64499937.64006094,0.0,0.0
2015,절세계좌,2023-05-31,4000000.0,0.0,670125049.8521628,49171599.37243152,11212708.494496947,37958890.87793457,28679249.030482113,523409794.84366006,0.0,68864406.60558909,0.0,0.0
2015,절세계좌,2023-06-30,4000000.0,0.0,704738482.4455758,52004927.627055876,11212708.494496947,40792219.13255893,24679249.030482113,555221847.0657029,0.0,72832458.72233494,0.0,0.0
2015,절세계좌,2023-07-31,4000000.0,0.0,703530992.3270161,52210995.94587137,11212708.494496947,40998287.45137442,20679249.030482113,557519691.7009029,0.0,73121055.64975959,0.0,0.0
2015,절세계좌,2023-08-31,4000000.0,0.0,715529870.884655,53398317.31852115,11212708.494496947,42185608.8240242,16679249.030482113,570668415.4043458,0.0,74783889.1313059,0.0,0.0
2015,절세계좌,2023-09-30,4000000.0,0.0,688242257.1610457,51660417.284149416,11212708.494496947,40447708.78965247,12679249.030482113,551552615.9284811,0.0,72349974.91793294,0.0,0.0
2015,절세계좌,2023-10-31,4000000.0,0.0,671612080.608034,50712378.73476929,11212708.494496947,39499670.24027234,8679249.030482113,541198197.8480477,0.0,71022254.99473499,0.0,0.0
2015,절세계좌,2023-11-30,4000000.0,0.0,706624140.1557602,53658118.390340336,11212708.494496947,42445409.89584339,4679249.030482113,573139034.4127438,0.0,75147738.32219383,0.0,0.0
2015,절세계좌,2023-12-31,4000000.0,0.0,742610235.6948112,50000000.0,9887615.128285458,40112384.87171454,679249.0304821134,605903912.1219668,0.0,79408950.76008876,0.0,6618123.782273543
2015,절세계좌,2024-01-31,4000000.0,0.0,777499759.7533573,52641979.678116955,9887615.128285458,42754364.549831495,679249.0304821134,637955519.819021,2618123.782273543,83604887.44346365,0.0,0.0
2015,절세계좌,2024-02-29,4000000.0,0.0,815369018.9469717,54774183.838353984,9762386.098755693,45011797.73959829,0.0,672346739.0208073,0.0,88248096.08781038,0.0,0.0
2015,절세계좌,2024-03-31,4000000.0,0.0,828494710.9415339,51924639.37427886,9064133.1492162,42860506.22506266,0.0,686468446.9818103,0.0,90101624.58544473,0.0,0.0
2015,절세계좌,2024-04-30,4000000.0,582092.8484636667,808166500.6919271,46355682.690957084,8248771.676503206,38106911.01445388,0.0,673421637.3696258,0.0,88389180.63134415,0.0,0.0
2015,절세계좌,2024-05-31,4000000.0,897244.9588225328,855165156.3465104,44435138.572539136,7429912.894146731,37005225.6783924,0.0,716664981.8214558,0.0,94065035.9525154,0.0,0.0
2015,절세계좌,2024-06-30,4000000.0,909341.6238624435,899750191.9987862,42097568.607642174,6653942.287840848,35443626.31980132,0.0,758143387.1652948,0.0,99509236.2258493,0.0,0.0
2015,절세계좌,2024-07-31,4000000.0,904640.2613481262,875081122.9489242,36268189.00829294,5861303.2144387495,30406885.793854192,0.0,741489574.673381,0.0,97323359.26725027,0.0,0.0
2015,절세계좌,2024-08-31,4000000.0,901706.8491368097,858329514.7691258,30875356.879545752,5058263.8613783475,25817093.018167406,0.0,731448701.8135209,0.0,96005456.0760592,0.0,0.0
2015,절세계좌,2024-09-30,4000000.0,903859.6170468413,862042572.5059716,26281460.270790134,4262857.049089876,22018603.22170026,0.0,738791840.9036807,0.0,96969271.3315007,0.0,0.0
2015,절세계좌,2024-10-31,3999999.9999999995,911840.0353745013,890380953.4340086,22383333.930209797,3495744.447235835,18887589.482973963,0.0,767288104.0112001,0.0,100709515.49259874,0.0,0.0
2015,절세계좌,2024-11-30,4000000.0,925136.0980504942,946322046.1385002,18988317.180630773,2775772.4312330405,16212544.749397732,0.0,819739735.0979782,0.0,107593993.85989119,0.0,0.0
2015,절세계좌,2024-12-31,3999999.9999999995,936668.4299238775,1000712221.6660182,15242064.77766779,2096687.7736904246,13145377.003977366,0.0,871130877.8366679,0.0,114339279.05168259,0.0,0.0
2016,세전 기준,2015-12-31,0.0,0.0,400000000.0,,,,,,,,,
2016,세전 기준,2016-01-31,4000000.0,0.0,394778744.0781281,,,,,,,,,
2016,세전 기준,2016-02-29,4000000.0,0.0,391247657.7516224,,,,,,,,,
2016,세전 기준,2016-03-31,4000000.0,0.0,385549122.8773356,,,,,,,,,
2016,세전 기준,2016-04-30,4000000.0,0.0,377960104.89357686,,,,,,,,,
2016,세전 기준,2016-05-31,4000000.0,0.0,387558808.3787509,,,,,,,,,
2016,세전 기준,2016-06-30,4000000.0,0.0,372887242.76714635,,,,,,,,,
2016,세전 기준,2016-07-31,4000000.0,0.0,376531137.5782747,,,,,,,,,
2016,세전 기준,2016-08-31,4000000.0,0.0,376139801.94972944,,,,,,,,,
2016,세전 기준,2016-09-30,4000000.0,0.0,373880488.953976,,,,,,,,,
2016,세전 기준,2016-10-31,4000000.0,0.0,379476685.7432448,,,,,,,,,
2016,세전 기준,2016-11-30,4000000.0,0.0,387280089.89285654,,,,,,,,,
2016,세전 기준,2016-12-31,4000000.0,0.0,396944783.70221084,,,,,,,,,
2016,세전 기준,2017-01-31,4000000.0,0.0,395222085.48583966,,,,,,,,,
2016,세전 기준,2017-02-28,4000000.0,0.0,400531387.49493223,,,,,,,,,
2016,세전 기준,2017-03-31,4000000.0,0.0,400419017.7504119,,,,,,,,,
2016,세전 기준,2017-04-30,4000000.0,0.0,414519842.65638876,,,,,,,,,
2016,세전 기준,2017-05-31,4000000.0,0.0,420080648.1578965,,,,,,,,,
2016,세전 기준,2017-06-30,4000000.0,0.0,415201913.982397,,,,,,,,,
2016,세전 기준,2017-07-31,4000000.0,0.0,419795331.8868308,,,,,,,,,
2016,세전 기준,2017-08-31,4000000.0,0.0,424691259.85072327,,,,,,,,,
2016,세전 기준,2017-09-30,4000000.0,0.0,427062094.30474585,,,,,,,,,
2016,세전 기준,2017-10-31,4000000.0,0.0,432220564.72232276,,,,,,,,,
2016,세전 기준,2017-11-30,4000000.0,0.0,424539881.3703483,,,,,,,,,
2016,세전 기준,2017-12-31,4000000.0,0.0,416261472.5205679,,,,,,,,,
2016,세전 기준,2018-01-31,4000000.0,0.0,449099573.7276898,,,,,,,,,
2016,세전 기준,2018-02-28,4000000.0,0.0,445015670.81478274,,,,,,,,,
2016,세전 기준,2018-03-31,4000000.0,0.0,414529183.5697846,,,,,,,,,
2016,세전 기준,2018-04-30,4000000.0,0.0,415798766.62863153,,,,,,,,,
2016,세전 기준,2018-05-31,4000000.0,0.0,440187271.1618311,,,,,,,,,
2016,세전 기준,2018-06-30,4000000.0,0.0,454014734.91937166,,,,,,,,,
2016,세전 기준,2018-07-31,4000000.0,0.0,463113955.1010833,,,,,,,,,
2016,세전 기준,2018-08-31,4000000.0,0.0,487535957.939976,,,,,,,,,
2016,세전 기준,2018-09-30,4000000.0,0.0,479228025.3029643,,,,,,,,,
2016,세전 기준,2018-10-31,4000000.0,0.0,446278879.8412118,,,,,,,,,
2016,세전 기준,2018-11-30,4000000.0,0.0,432446212.608609,,,,,,,,,
2016,세전 기준,2018-12-31,4000000.0,0.0,388959423.84850204,,,,,,,,,
2016,세전 기준,2019-01-31,4000000.0,0.0,419615222.7678549,,,,,,,,,
2016,세전 기준,2019-02-28,4000000.0,0.0,433153803.69893,,,,,,,,,
2016,세전 기준,2019-03-31,4000000.0,0.0,450816242.9996634,,,,,,,,,
2016,세전 기준,2019-04-30,4000000.0,0.0,483662293.07767266,,,,,,,,,
2016,세전 기준,2019-05-31,4000000.0,0.0,449557211.07473785,,,,,,,,,
2016,세전 기준,2019-06-30,4000000.0,0.0,465085120.63067997,,,,,,,,,
2016,세전 기준,2019-07-31,4000000.0,0.0,483552040.8197239,,,,,,,,,
2016,세전 기준,2019-08-31,4000000.0,0.0,481829563.87658805,,,,,,,,,
2016,세전 기준,2019-09-30,4000000.0,0.0,476042142.41736203,,,,,,,,,
2016,세전 기준,2019-10-31,4000000.0,0.0,481778156.9509129,,,,,,,,,
2016,세전 기준,2019-11-30,4000000.0,0.0,502628656.082423,,,,,,,,,
2016,세전 기준,2019-12-31,4000000.0,0.0,506727654.98907566,,,,,,,,,
2016,세전 기준,2020-01-31,4000000.0,0.0,534319558.17961544,,,,,,,,,
2016,세전 기준,2020-02-29,4000000.0,0.0,507905852.82542783,,,,,,,,,
2016,세전 기준,2020-03-31,4000000.0,0.0,468451053.3835255,,,,,,,,,
2016,세전 기준,2020-04-30,4000000.0,0.0,527980978.0091322,,,,,,,,,
2016,세전 기준,2020-05-31,4000000.0,0.0,574100551.566328,,,,,,,,,
2016,세전 기준,2020-06-30,4000000.0,0.0,588374264.7325157,,,,,,,,,
2016,세전 기준,2020-07-31,4000000.0,0.0,623485209.9818655,,,,,,,,,
2016,세전 기준,2020-08-31,4000000.0,0.0,684707836.8849158,,,,,,,,,
2016,세전 기준,2020-09-30,4000000.0,0.0,629455085.949512,,,,,,,,,
2016,세전 기준,2020-10-31,4000000.0,0.0,589550234.955836,,,,,,,,,
2016,세전 기준,2020-11-30,4000000.0,0.0,635424940.9363395,,,,,,,,,
2016,세전 기준,2020-12-31,4000000.0,0.0,650713046.7927575,,,,,,,,,
2016,세전 기준,2021-01-31,4000000.0,0.0,667779848.372745,,,,,,,,,
2016,세전 기준,2021-02-28,4000000.0,0.0,665875705.4064302,,,,,,,,,
2016,세전 기준,2021-03-31,4000000.0,0.0,675333312.9678555,,,,,,,,,
2016,세전 기준,2021-04-30,4000000.0,0.0,704172521.6091654,,,,,,,,,
2016,세전 기준,2021-05-31,4000000.0,0.0,691027833.8941898,,,,,,,,,
2016,세전 기준,2021-06-30,4000000.0,0.0,740803249.55442,,,,,,,,,
2016,세전 기준,2021-07-31,4000000.0,0.0,772449665.8757874,,,,,,,,,
2016,세전 기준,2021-08-31,4000000.0,0.0,805551436.399545,,,,,,,,,
2016,세전 기준,2021-09-30,4000000.0,0.0,772418167.8207142,,,,,,,,,
2016,세전 기준,2021-10-31,4000000.0,0.0,822995396.702967,,,,,,,,,
2016,세전 기준,2021-11-30,4000000.0,0.0,844367101.3382483,,,,,,,,,
2016,세전 기준,2021-12-31,4000000.0,0.0,850917011.5413271,,,,,,,,,
2016,세전 기준,2022-01-31,4000000.0,0.0,784370458.2553234,,,,,,,,,
2016,세전 기준,2022-02-28,4000000.0,0.0,742468202.8355496,,,,,,,,,
2016,세전 기준,2022-03-31,4000000.0,0.0,779117701.938395,,,,,,,,,
2016,세전 기준,2022-04-30,4000000.0,0.0,693816934.1172812,,,,,,,,,
2016,세전 기준,2022-05-31,4000000.0,0.0,668511401.6124923,,,,,,,,,
2016,세전 기준,2022-06-30,4000000.0,0.0,635494608.6070186,,,,,,,,,
2016,세전 기준,2022-07-31,4000000.0,0.0,711331890.6580735,,,,,,,,,
2016,세전 기준,2022-08-31,4000000.0,0.0,691385275.1933337,,,,,,,,,
2016,세전 기준,2022-09-30,4000000.0,0.0,657520715.2342191,,,,,,,,,
2016,세전 기준,2022-10-31,4000000.0,0.0,676443522.8832728,,,,,,,,,
2016,세전 기준,2022-11-30,4000000.0,0.0,655941986.1991754,,,,,,,,,
2016,세전 기준,2022-12-31,4000000.0,0.0,567138137.9944407,,,,,,,,,
2016,세전 기준,2023-01-31,4000000.0,0.0,609441366.2647381,,,,,,,,,
2016,세전 기준,2023-02-28,4000000.0,0.0,648350528.0343626,,,,,,,,,
2016,세전 기준,2023-03-31,4000000.0,0.0,695356533.9495474,,,,,,,,,
2016,세전 기준,2023-04-30,4000000.0,0.0,713440337.5084654,,,,,,,,,
2016,세전 기준,2023-05-31,4000000.0,0.0,757716170.4121804,,,,,,,,,
2016,세전 기준,2023-06-30,4000000.0,0.0,797376711.497168,,,,,,,,,
2016,세전 기준,2023-07-31,4000000.0,0.0,796536298.2113192,,,,,,,,,
2016,세전 기준,2023-08-31,4000000.0,0.0,810650194.6008483,,,,,,,,,
2016,세전 기준,2023-09-30,4000000.0,0.0,780266797.673627,,,,,,,,,
2016,세전 기준,2023-10-31,4000000.0,0.0,761947846.3007169,,,,,,,,,
2016,세전 기준,2023-11-30,4000000.0,0.0,802207256.7705733,,,,,,,,,
2016,세전 기준,2023-12-31,4000000.0,0.0,843695991.5833782,,,,,,,,,
2016,세전 기준,2024-01-31,4000000.0,0.0,884276544.8688186,,,,,,,,,
2016,세전 기준,2024-02-29,4000000.0,0.0,927895857.1470516,,,,,,,,,
2016,세전 기준,2024-03-31,4000000.0,0.0,943385018.8434986,,,,,,,,,
2016,세전 기준,2024-04-30,4000000.0,0.0,921455331.3451823,,,,,,,,,
2016,세전 기준,2024-05-31,4000000.0,0.0,976626002.5549405,,,,,,,,,
2016,세전 기준,2024-06-30,4000000.0,0.0,1029150166.8867186,,,,,,,,,
2016,세전 기준,2024-07-31,4000000.0,0.0,1002543264.0296786,,,,,,,,,
2016,세전 기준,2024-08-31,4000000.0,0.0,984967335.5278312,,,,,,,,,
2016,세전 기준,2024-09-30,4000000.0,0.0,990855591.7050755,,,,,,,,,
2016,세전 기준,2024-10-31,4000000.0,0.0,1025074315.9512001,,,,,,,,,
2016,세전 기준,2024-11-30,4000000.0,0.0,1091148150.7672539,,,,,,,,,
2016,세전 기준,2024-12-31,4000000.0,0.0,1155554436.2798562,,,,,,,,,
2016,세전 기준,2025-01-31,4000000.0,0.0,1157381914.3899896,,,,,,,,,
2016,세전 기준,2025-02-28,4000000.0,0.0,1126104730.3983312,,,,,,,,,
2016,세전 기준,2025-03-31,4000000.0,0.0,1047660426.094139,,,,,,,,,
2016,세전 기준,2025-04-30,4000000.0,0.0,1023164220.7502292,,,,,,,,,
2016,세전 기준,2025-05-31,4000000.0,0.0,1078166398.2907028,,,,,,,,,
2016,세전 기준,2025-06-30,4000000.0,0.0,1120070118.7411375,,,,,,,,,
2016,세전 기준,2025-07-31,4000000.0,0.0,1179400653.5819433,,,,,,,,,
2016,세전 기준,2025-08-31,4000000.0,0.0,1181168378.4987266,,,,,,,,,
2016,세전 기준,2025-09-30,4000000.0,0.0,1253988322.8262029,,,,,,,,,
2016,세전 기준,2025-10-31,4000000.0,0.0,1332140852.0344377,,,,,,,,,
2016,세전 기준,2025-11-30,4000000.0,0.0,1343407563.5491552,,,,,,,,,
2016,세전 기준,2025-12-31,4000000.0,0.0,1309404747.4450066,,,,,,,,,
2016,미국계좌,2015-12-31,0.0,0.0,400000000.0,,,,,,,,,
2016,미국계좌,2016-01-31,4000000.0,0.0,394778744.0781281,,,,,,,,,
2016,미국계좌,2016-02-29,4000000.0,0.0,391247657.7516224,,,,,,,,,
2016,미국계좌,2016-03-31,4000000.0,0.0,385549122.8773356,,,,,,,,,
2016,미국계좌,2016-04-30,4000000.0,0.0,377960104.89357686,,,,,,,,,
2016,미국계좌,2016-05-31,4000000.0,0.0,387558808.3787509,,,,,,,,,
2016,미국계좌,2016-06-30,4000000.0,0.0,372887242.76714635,,,,,,,,,
2016,미국계좌,2016-07-31,4000000.0,0.0,376531137.5782747,,,,,,,,,
2016,미국계좌,2016-08-31,4000000.0,0.0,376139801.94972944,,,,,,,,,
2016,미국계좌,2016-09-30,4000000.0,0.0,373880488.953976,,,,,,,,,
2016,미국계좌,2016-10-31,4000000.0,0.0,379476685.7432448,,,,,,,,,
2016,미국계좌,2016-11-30,4000000.0,0.0,387280089.89285654,,,,,,,,,
2016,미국계좌,2016-12-31,4000000.0,0.0,396944783.70221084,,,,,,,,,
2016,미국계좌,2017-01-31,4000000.0,0.0,395222085.48583966,,,,,,,,,
2016,미국계좌,2017-02-28,4000000.0,0.0,400531387.49493223,,,,,,,,,
2016,미국계좌,2017-03-31,4000000.0,0.0,400419017.7504119,,,,,,,,,
2016,미국계좌,2017-04-30,4000000.0,0.0,414519842.65638876,,,,,,,,,
2016,미국계좌,2017-05-31,4000000.0,0.0,420080648.1578965,,,,,,,,,
2016,미국계좌,2017-06-30,4000000.0,0.0,415201913.982397,,,,,,,,,
2016,미국계좌,2017-07-31,4000000.0,0.0,419795331.8868308,,,,,,,,,
2016,미국계좌,2017-08-31,4000000.0,89351.2012677598,424601908.6494554,,,,,,,,,
2016,미국계좌,2017-09-30,3999999.9999999995,216658.81798848734,426754743.9195218,,,,,,,,,
2016,미국계좌,2017-10-31,4000000.0000000005,232453.91866870932,431674169.2003179,,,,,,,,,
2016,미국계좌,2017-11-30,3999999.9999999995,226113.75587308622,423772025.06149966,,,,,,,,,
2016,미국계좌,2017-12-31,3999999.9999999995,218559.14691680233,415282795.3324453,,,,,,,,,
2016,미국계좌,2018-01-31,4000000.0,0.0,448034286.0514842,,,,,,,,,
2016,미국계좌,2018-02-28,4000000.0,0.0,443950582.16067463,,,,,,,,,
2016,미국계좌,2018-03-31,4000000.0,0.0,413527486.96881515,,,,,,,,,
2016,미국계좌,2018-04-30,4000000.0,0.0,414784336.24763453,,,,,,,,,
2016,미국계좌,2018-05-31,4000000.0,160772.87441610827,438942808.0533812,,,,,,,,,
2016,미국계좌,2018-06-30,4000000.0000000005,319744.83863897953,452400126.5576935,,,,,,,,,
2016,미국계좌,2018-07-31,4000000.0,338927.0313974803,461113835.0736111,,,,,,,,,
2016,미국계좌,2018-08-31,4000000.0,377887.90481687064,485035199.62093484,,,,,,,,,
2016,미국계좌,2018-09-30,4000000.0,372185.0167363705,476377179.00065565,,,,,,,,,
2016,미국계좌,2018-10-31,4000000.0,331134.0155505084,443269113.08336407,,,,,,,,,
2016,미국계좌,2018-11-30,3999999.9999999995,316020.8365473036,429186737.8878777,,,,,,,,,
2016,미국계좌,2018-12-31,4000000.0,248409.47622580745,385749163.2311111,,,,,,,,,
2016,미국계좌,2019-01-31,4000000.0,0.0,416118931.9385354,,,,,,,,,
2016,미국계좌,2019-02-28,4000000.0,0.0,429511379.0395171,,,,,,,,,
2016,미국계좌,2019-03-31,4000000.0,0.0,446991657.17158884,,,,,,,,,
2016,미국계좌,2019-04-30,3999999.9999999995,235932.32241924887,479289184.4135558,,,,,,,,,
2016,미국계좌,2019-05-31,4000000.0,378003.5628475696,445078298.6798159,,,,,,,,,
2016,미국계좌,2019-06-30,4000000.0,404828.9328979999,460006823.87364566,,,,,,,,,
2016,미국계좌,2019-07-31,4000000.0,433648.1790225989,477794778.02060163,,,,,,,,,
2016,미국계좌,2019-08-31,4000000.0,436464.994345422,475608719.4593394,,,,,,,,,
2016,미국계좌,2019-09-30,4000000.0,434237.87149363576,469410137.3153253,,,,,,,,,
2016,미국계좌,2019-10-31,4000000.0,446296.982391516,474564217.0892659,,,,,,,,,
2016,미국계좌,2019-11-30,4000000.0,475487.7981918212,494567127.68767077,,,,,,,,,
2016,미국계좌,2019-12-31,4000000.0,484539.27728500287,498051689.6105211,,,,,,,,,
2016,미국계좌,2020-01-31,4000000.0,0.0,525102690.2952964,,,,,,,,,
2016,미국계좌,2020-02-29,4000000.0,0.0,499075615.29720396,,,,,,,,,
2016,미국계좌,2020-03-31,3999999.9999999995,228742.49839316148,460008475.5874517,,,,,,,,,
2016,미국계좌,2020-04-30,4000000.0000000005,524219.94719558256,517869223.2267946,,,,,,,,,
2016,미국계좌,2020-05-31,3999999.9999999995,570892.9701074441,562458026.7374083,,,,,,,,,
2016,미국계좌,2020-06-30,4000000.0,586268.2561267323,575774888.2040751,,,,,,,,,
2016,미국계좌,2020-07-31,4000000.0,616677.644242214,609431638.679157,,,,,,,,,
2016,미국계좌,2020-08-31,4000000.0000000005,660704.5760981279,668523420.5391707,,,,,,,,,
2016,미국계좌,2020-09-30,4000000.0000000005,626579.1495129872,613855550.0218517,,,,,,,,,
2016,미국계좌,2020-10-31,4000000.0000000005,599364.1659599968,574241150.5544794,,,,,,,,,
2016,미국계좌,2020-11-30,3999999.9999999995,636659.6019175326,618184080.6934701,,,,,,,,,
2016,미국계좌,2020-12-31,4000000.0,649789.7692919131,632299056.3889992,,,,,,,,,
2016,미국계좌,2021-01-31,4000000.0,0.0,648769705.9722751,,,,,,,,,
2016,미국계좌,2021-02-28,4000000.0,45569.072316079364,646760329.7482717,,,,,,,,,
2016,미국계좌,2021-03-31,4000000.0,673121.9401387301,655158486.1764249,,,,,,,,,
2016,미국계좌,2021-04-30,4000000.0,692431.7045541165,682324228.513548,,,,,,,,,
2016,미국계좌,2021-05-31,4000000.0000000005,687191.1807048839,668776080.9639987,,,,,,,,,
2016,미국계좌,2021-06-30,4000000.0,716476.2869860325,716103400.8505913,,,,,,,,,
2016,미국계좌,2021-07-31,4000000.0,733925.2597941207,745827369.7364031,,,,,,,,,
2016,미국계좌,2021-08-31,4000000.0000000005,750664.8102527471,776899771.6510539,,,,,,,,,
2016,미국계좌,2021-09-30,4000000.0,737577.5780897799,744065130.7649964,,,,,,,,,
2016,미국계좌,2021-10-31,4000000.0,761513.5404747837,791877488.0070254,,,,,,,,,
2016,미국계좌,2021-11-30,4000000.0000000005,771717.6738497741,811518156.858703,,,,,,,,,
2016,미국계좌,2021-12-31,4000000.0000000005,775814.533808976,816881822.7350832,,,,,,,,,
2016,미국계좌,2022-01-31,4000000.0,0.0,752837021.9365672,,,,,,,,,
2016,미국계좌,2022-02-28,4000000.0,177962.45614109506,712280558.9969039,,,,,,,,,
2016,미국계좌,2022-03-31,4000000.0,751239.8031783011,746526070.6146507,,,,,,,,,
2016,미국계좌,2022-04-30,4000000.0,710894.5411876877,663915338.1048874,,,,,,,,,
2016,미국계좌,2022-05-31,4000000.0,698780.9766469598,638829234.3045075,,,,,,,,,
2016,미국계좌,2022-06-30,4000000.0,680995.2422879266,606419802.9982313,,,,,,,,,
2016,미국계좌,2022-07-31,4000000.0,727002.8902131927,677877410.0127953,,,,,,,,,
2016,미국계좌,2022-08-31,4000000.0,718537.4723896739,657962238.547647,,,,,,,,,
2016,미국계좌,2022-09-30,4000000.0,701581.4911390885,624839813.5283539,,,,,,,,,
2016,미국계좌,2022-10-31,4000000.0000000005,714794.9971007094,641908488.6564171,,,,,,,,,
2016,미국계좌,2022-11-30,3999999.9999999995,705310.3183211214,621544108.3417599,,,,,,,,,
2016,미국계좌,2022-12-31,4000000.0,648393.0292953483,536539017.12062675,,,,,,,,,
2016,미국계좌,2023-01-31,4000000.0,0.0,576344021.4419917,,,,,,,,,
2016,미국계좌,2023-02-28,4000000.0,98997.37467962637,612823888.9425058,,,,,,,,,
2016,미국계좌,2023-03-31,4000000.0,736712.7266194186,656298286.6458164,,,,,,,,,
2016,미국계좌,2023-04-30,4000000.0,747869.6595190319,672393771.0510372,,,,,,,,,
2016,미국계좌,2023-05-31,4000000.0,770292.1068821436,713121844.5820155,,,,,,,,,
2016,미국계좌,2023-06-30,4000000.0000000005,788500.1810855013,749424305.3831118,,,,,,,,,
2016,미국계좌,2023-07-31,3999999.9999999995,789752.4534651196,747604129.3474288,,,,,,,,,
2016,미국계좌,2023-08-31,4000000.0000000005,796791.6668801983,759808475.9460526,,,,,,,,,
2016,미국계좌,2023-09-30,4000000.0,786385.7743334705,730293386.295416,,,,,,,,,
2016,미국계좌,2023-10-31,4000000.0,780429.0137003425,712111085.6174343,,,,,,,,,
2016,미국계좌,2023-11-30,4000000.0,798293.0690017213,748677325.5561656,,,,,,,,,
2016,미국계좌,2023-12-31,4000000.0,814915.1413268677,786315759.0166506,,,,,,,,,
2016,미국계좌,2024-01-31,4000000.0,0.0,823864364.1347525,,,,,,,,,
2016,미국계좌,2024-02-29,4000000.0,344193.11004596297,863886217.662821,,,,,,,,,
2016,미국계좌,2024-03-31,4000000.0,849657.0638484962,877181288.8609658,,,,,,,,,
2016,미국계좌,2024-04-30,4000000.0,844558.9883456593,855665290.2435197,,,,,,,,,
2016,미국계좌,2024-05-31,4000000.0,860781.596855704,905750513.9844257,,,,,,,,,
2016,미국계좌,2024-06-30,4000000.0,874689.1862741446,953297929.8435967,,,,,,,,,
2016,미국계좌,2024-07-31,4000000.0000000005,869282.7199977968,927487958.0121294,,,,,,,,,
2016,미국계좌,2024-08-31,4000000.0,865910.1891373583,910062479.9159812,,,,,,,,,
2016,미국계좌,2024-09-30,3999999.9999999995,868385.1544456756,914330368.2338787,,,,,,,,,
2016,미국계좌,2024-10-31,4000000.0,877562.9732265405,944719841.6541747,,,,,,,,,
2016,미국계좌,2024-11-30,4000000.0,892864.5056716352,1004407799.3400079,,,,,,,,,
2016,미국계좌,2024-12-31,4000000.0000000005,906146.9170047608,1062470009.7853142,,,,,,,,,
2016,미국계좌,2025-01-31,4000000.0,0.0,1063828061.7561324,,,,,,,,,
2016,미국계좌,2025-02-28,4000000.0000000005,460303.29859552596,1034295452.2332724,,,,,,,,,
2016,미국계좌,2025-03-31,4000000.0,886863.0454796806,961033594.1202735,,,,,,,,,
2016,미국계좌,2025-04-30,3999999.9999999995,882278.2098404743,937349859.4490864,,,,,,,,,
2016,미국계좌,2025-05-31,4000000.0,895077.1561127036,986508356.1994189,,,,,,,,,
2016,미국계좌,2025-06-30,4000000.0,904181.5285962552,1023605487.1554157,,,,,,,,,
2016,미국계좌,2025-07-31,4000000.0,915673.452951179,1076566085.8062096,,,,,,,,,
2016,미국계좌,2025-08-31,4000000.0,916665.0914676152,1076914244.859794,,,,,,,,,
2016,미국계좌,2025-09-30,4000000.0,929081.3443820653,1142024705.5837016,,,,,,,,,
2016,미국계좌,2025-10-31,4000000.0,940877.2287384429,1211901285.8018887,,,,,,,,,
2016,미국계좌,2025-11-30,3999999.9999999995,942923.0488438107,1220847094.778939,,,,,,,,,
2016,미국계좌,2025-12-31,3999999.9999999995,938846.8343998591,1188642619.9476516,,,,,,,,,
2016,절세계좌,2015-12-31,0.0,0.0,400000000.0,50000000.0,50000000.0,0.0,200000000.0,0.0,36000000.0,0.0,114000000.0,0.0
2016,절세계좌,2016-01-31,4000000.0,0.0,394778744.07812804,48778744.07812805,48778744.07812805,0.0,200000000.0,0.0,36000000.0,0.0,110000000.0,0.0
2016,절세계좌,2016-02-29,4000000.0,0.0,391247657.7516223,49128241.77114897,49128241.77114897,0.0,200000000.0,119415.98047333956,36000000.0,0.0,106000000.0,0.0
2016,절세계좌,2016-03-31,4000000.0,0.0,385549122.87733555,48287455.86394377,48287455.86394377,0.0,199261667.0133918,0.0,36000000.0,0.0,102000000.0,0.0
2016,절세계좌,2016-04-30,4000000.0,0.0,377960104.8935768,46963332.276236184,46963332.276236184,0.0,196996772.6173406,0.0,36000000.0,0.0,98000000.0,0.0
2016,절세계좌,2016-05-31,4000000.0,0.0,387558808.3787509,50939259.97556568,50000000.0,939259.9755656794,200000000.0,6619548.403185248,36000000.0,0.0,94000000.0,0.0
2016,절세계좌,2016-06-30,4000000.0,0.0,372887242.76714635,48320235.23129237,48320235.23129237,0.0,198567007.53585395,0.0,36000000.0,0.0,90000000.0,0.0
2016,절세계좌,2016-07-31,4000000.0,0.0,376531137.5782747,49924587.029959455,49924587.029959455,0.0,200000000.0,4606550.548315257,36000000.0,0.0,86000000.0,0.0
2016,절세계좌,2016-08-31,4000000.0,0.0,376139801.9497295,50588903.16989357,50000000.0,588903.1698935702,200000000.0,7329125.575003505,36000000.0,221773.20483240485,82000000.0,0.0
2016,절세계좌,2016-09-30,4000000.0,0.0,373880488.953976,50874680.74795953,50000000.0,874680.7479595318,200000000.0,8500331.346561283,36000000.0,426390.6203349456,78079086.23912022,0.0
2016,절세계좌,2016-10-31,4000000.0,0.0,379476685.7432448,52297127.678549536,50000000.0,2297127.6785495356,200000000.0,14329963.139637649,36000000.0,1444865.95558206,75404728.96947557,0.0
2016,절세계좌,2016-11-30,4000000.0,29934.088340422495,387250155.804516,53923799.76947061,50000000.0,3923799.7694706097,200000000.0,20996573.42520392,36000000.0,2609566.9841475114,73720215.62569399,0.0
2016,절세계좌,2016-12-31,3999999.9999999995,50318.28723612363,396863475.1397495,50000000.0,44781653.374618255,5218346.625381745,200000000.0,28794161.237186074,36000000.0,3971857.287003234,72271022.98466235,5826433.63089788
2016,절세계좌,2017-01-31,3999999.9999999995,49603.68239427399,394610846.9425369,50286853.72338048,44781653.374618255,5505200.348762229,200000000.0,30106770.37795812,72000000.0,4201178.80886744,38016044.03233085,0.0
2016,절세계좌,2017-02-28,4000000.0,63021.83258685188,399842729.63365865,51471340.94104834,44781653.374618255,6689687.566430084,200000000.0,35526845.56720784,72000000.0,5996067.842228472,34848475.28317399,0.0
2016,절세계좌,2017-03-31,4000000.0,68523.50115473165,399655152.149942,51970931.10696277,44781653.374618255,7189277.732344516,200000000.0,37812911.82666263,72000000.0,6753111.815856457,31118197.40046013,0.0
2016,절세계좌,2017-04-30,4000000.0,93220.50817062771,413628226.226078,54320261.889133774,44781653.374618255,9538608.51451552,200000000.0,48563175.14217296,72000000.0,10313123.265333042,28431665.929438204,0.0
2016,절세계좌,2017-05-31,3999999.9999999995,105649.95417141852,419062816.8440794,55573146.32377224,44781653.374618255,10791492.949153982,200000000.0,54296228.009177595,72000000.0,12211656.654514715,24981785.856614858,0.0
2016,절세계좌,2017-06-30,4000000.0,104517.20484497401,414081694.5862362,55456897.16273881,44781653.374618255,10675243.788120553,200000000.0,53764285.423314184,72000000.0,12035500.811577767,20825011.188605417,0.0
2016,절세계좌,2017-07-31,4000000.0,115524.02719889615,418536403.32609165,56604686.41166511,44781653.374618255,11823033.037046857,200000000.0,59016434.993017286,72000000.0,13774780.31141381,17140501.609995462,0.0
2016,절세계좌,2017-08-31,4000000.0,126619.20623677057,423279033.99340826,57804202.40073915,44781653.374618255,13022549.026120894,200000000.0,64505280.08523306,72000000.0,15592442.893175766,13377108.614260258,0.0
2016,절세계좌,2017-09-30,4000000.0,134392.83408065545,425494290.6773762,58671328.80303753,44781653.374618255,13889675.428419277,200000000.0,68473149.24324262,72000000.0,16906425.557410493,9443387.07368559,0.0
2016,절세계좌,2017-10-31,4000000.0,145321.85912548323,430473817.23253274,59929552.45802459,44781653.374618255,15147899.083406337,200000000.0,74230633.75907362,72000000.0,18813049.627443284,5500581.387991227,0.0
2016,절세계좌,2017-11-30,4000000.0,140937.82746083615,422667070.9223899,59419207.22221833,44781653.374618255,14637553.847600073,200000000.0,71895353.55571985,72000000.0,18039708.17359437,1312801.9708573811,0.0
2016,절세계좌,2017-12-31,4000000.0,42644.09995335175,414364891.69723684,50000000.0,38066433.72652226,11933566.27347774,200000000.0,69155258.83691019,69256927.77447116,17132310.067583457,0.0,8820395.018272035
2016,절세계좌,2018-01-31,4000000.0,0.0,446254567.29509765,54424875.185308166,38066433.72652226,16358441.458785906,200000000.0,92974827.35336298,74077322.7927432,24777541.963683307,0.0,0.0
2016,절세계좌,2018-02-28,4000000.0,0.0,442171195.8997892,54414707.27193264,38066433.72652226,16348273.54541038,200000000.0,92920092.40623462,70077322.7927432,24759073.42887877,0.0,0.0
2016,절세계좌,2018-03-31,4000000.0,0.0,411854006.3975352,51176047.27719685,38066433.72652226,13109613.550674587,200000000.0,75486045.0228774,66077322.792743206,19114591.304717734,0.0,0.0
2016,절세계좌,2018-04-30,4000000.0,0.0,413089582.03575873,51826608.06384232,38066433.72652226,13760174.33732006,200000000.0,78988082.16125149,62077322.792743206,20197569.0179217,0.0,0.0
2016,절세계좌,2018-05-31,4000000.0,0.0,437293118.00899917,55365050.25281305,38066433.72652226,17298616.52629079,200000000.0,98035888.62628865,58077322.792743206,25814856.337154284,0.0,0.0
2016,절세계좌,2018-06-30,4000000.0,0.0,451003369.3575923,57607319.60379018,38066433.72652226,19540885.87726792,200000000.0,110106260.3771751,54077322.792743206,29212466.583883822,0.0,0.0
2016,절세계좌,2018-07-31,4000000.0,0.0,460015705.7060108,59269404.34582458,38066433.72652226,21202970.619302318,200000000.0,119053437.35619807,50077322.792743206,31615541.21124494,0.0,0.0
2016,절세계좌,2018-08-31,4000000.0,0.0,484247564.3004201,62906857.201696336,38066433.72652226,24840423.475174077,200000000.0,138634228.65478247,46077322.792743206,36629155.651198104,0.0,0.0
2016,절세계좌,2018-09-30,4000000.0,0.0,475968688.3474386,62351003.83577008,38066433.72652226,24284570.10924782,200000000.0,135642011.52315748,42077322.792743206,35898350.195767835,0.0,0.0
2016,절세계좌,2018-10-31,4000000.0,0.0,443216432.49700373,58584512.34440356,38066433.72652226,20518078.617881298,200000000.0,115366591.67784202,38077322.792743206,31188005.682014957,0.0,0.0
2016,절세계좌,2018-11-30,4000000.0,0.0,429451238.82636666,57293745.42513598,38066433.72652226,19227311.69861372,200000000.0,108418257.59277022,34077322.792743206,29661913.015717268,0.0,0.0
2016,절세계좌,2018-12-31,4000000.0,0.0,386237921.9886246,50000000.00000001,36558584.44700563,13441415.552994378,200000000.0,80256497.28074682,30077322.792743206,23841864.957215168,0.0,2062236.957919374
2016,절세계좌,2019-01-31,4000000.0,0.0,416467495.7534049,54454937.55832629,36558584.44700563,17896353.11132066,200000000.0,105227001.19476616,28139559.75066258,28645997.249649882,0.0,0.0
2016,절세계좌,2019-02-28,4000000.0,0.0,429874511.71258104,56730980.65124268,36558584.44700563,20172396.20423705,200000000.0,117984518.49238187,24139559.75066258,31019452.818293884,0.0,0.0
2016,절세계좌,2019-03-31,4000000.0,0.0,447372950.45970726,59568151.684566475,36558584.44700563,23009567.237560846,200000000.0,133887230.81209636,20139559.75066258,33778008.21238186,0.0,0.0
2016,절세계좌,2019-04-30,4000000.0,0.0,479937573.83375335,64436767.521076225,36558584.44700563,27878183.074070595,200000000.0,161176455.23101223,16139559.75066258,38184791.331002295,0.0,0.0
2016,절세계좌,2019-05-31,4000000.0,0.0,446064333.3034348,60425964.53314407,36558584.44700563,23867380.086138442,200000000.0,138695383.29739183,12139559.75066258,34803425.722236305,0.0,0.0
2016,절세계좌,2019-06-30,4000000.0,0.0,461440518.89738125,63050753.41688335,36558584.44700563,26492168.96987772,200000000.0,153407666.07055604,8139559.75066258,36842539.65927929,0.0,0.0
2016,절세계좌,2019-07-31,4000000.0,0.0,479731378.8930742,66096553.383468546,36558584.44700563,29537968.936462916,200000000.0,170479770.67161578,4139559.75066258,39015495.087327294,0.0,0.0
2016,절세계좌,2019-08-31,4000000.0,0.0,477990906.6880102,66407867.18550506,36558584.44700563,29849282.738499433,200000000.0,172224724.98589385,139559.75066258013,39218754.765948735,0.0,0.0
2016,절세계좌,2019-09-30,4000000.0,0.0,472217725.32268447,66161516.90779731,36558584.44700563,29602932.460791677,196139559.75066257,170843899.66720366,0.0,39072748.99702092,0.0,0.0
2016,절세계좌,2019-10-31,4000000.0,0.0,477875522.87269884,67514652.34010392,36558584.44700563,30956067.893098295,192139559.75066257,178349445.87015432,0.0,39871864.91177803,0.0,0.0
2016,절세계좌,2019-11-30,4000000.0,0.0,498524721.0457241,70997111.61131763,36558584.44700563,34438527.164312005,188139559.75066257,197459562.38245648,0.0,41928487.301287435,0.0,0.0
2016,절세계좌,2019-12-31,4000000.0,0.0,501255022.4814537,50000000.0,25338247.011512652,24661752.988487348,184139559.75066257,203672831.02675408,0.0,42604092.976971485,0.0,20838538.727065563
2016,절세계좌,2020-01-31,4000000.0,0.0,527206557.38679725,53117246.797120325,25338247.011512652,27778999.785607673,184139559.75066257,227850969.68744367,16838538.727065563,45260242.424505115,0.0,0.0
2016,절세계좌,2020-02-29,4000000.0,0.0,501091229.1021249,50889077.716069944,25338247.011512652,25550830.704557292,184139559.75066257,210568738.1198743,12838538.727065563,42655314.78845253,0.0,0.0
2016,절세계좌,2020-03-31,4000000.0,0.0,462112130.25716925,47336722.42390366,25338247.011512652,21998475.412391007,184139559.75066257,183015790.14495802,8838538.727065563,38781519.210579455,0.0,0.0
2016,절세계좌,2020-04-30,4000000.0,0.0,520782389.17060333,53756386.51878139,25338247.011512652,28418139.507268734,184139559.75066257,232808295.75740737,4838538.727065563,45239608.416686475,0.0,0.0
2016,절세계좌,2020-05-31,4000000.0,0.0,566218623.3314425,58859311.20833434,25338247.011512652,33521064.19682169,184139559.75066257,272387844.23366016,838538.7270655632,49993369.41171981,0.0,0.0
2016,절세계좌,2020-06-30,4000000.0,0.0,580241453.4504569,60732812.57886248,25338247.011512652,35394565.56734983,180978098.47772813,286919185.1462458,0.0,51611357.24762043,0.0,0.0
2016,절세계좌,2020-07-31,4000000.0,0.0,614811787.1267962,64769898.91997016,25338247.011512652,39431651.90845751,176978098.47772813,318021675.7530642,0.0,55042113.97603375,0.0,0.0
2016,절세계좌,2020-08-31,4000000.0,0.0,675127089.5034715,71545461.32974787,25338247.011512652,46207214.31823522,172978098.47772813,369803474.3825587,0.0,60800055.31343682,0.0,0.0
2016,절세계좌,2020-09-30,4000000.0,0.0,620591490.6625293,66190035.97522772,25338247.011512652,40851788.96371507,168978098.47772813,329174395.4272222,0.0,56248960.782351285,0.0,0.0
2016,절세계좌,2020-10-31,4000000.0,0.0,581192229.4641399,62414479.25640056,25338247.011512652,37076232.24488791,164978098.47772813,300759197.1628301,0.0,53040454.56718117,0.0,0.0
2016,절세계좌,2020-11-30,4000000.0,0.0,626359865.8146687,67694612.51268262,25338247.011512652,42356365.501169965,160978098.47772813,340159589.71117294,0.0,57527565.113084994,0.0,0.0
2016,절세계좌,2020-12-31,4000000.0,0.0,639706310.8158743,50000000.00000001,18163758.753356937,31836241.24664307,156978098.47772813,355371452.12907654,0.0,59273794.595245555,0.0,18082965.61382414
2016,절세계좌,2021-01-31,4000000.0,0.0,655831334.7959613,51618747.4405056,18163758.753356937,33454988.687148664,156978098.47772813,371958742.6028557,14082965.61382414,61192780.66104773,0.0,0.0
2016,절세계좌,2021-02-28,4000000.0,0.0,653889690.8833646,51780755.19673968,18163758.753356937,33616996.44338274,156978098.47772813,373618834.62488264,10082965.61382414,61429036.97018993,0.0,0.0
2016,절세계좌,2021-03-31,4000000.0,0.0,663105056.4191875,52827264.443156205,18163758.753356937,34663505.689799264,156978098.47772813,384342405.46703005,6082965.61382414,62874322.41744901,0.0,0.0
2016,절세계좌,2021-04-30,4000000.0,0.0,691349645.6919425,55396078.28024443,18163758.753356937,37232319.52688749,156978098.47772813,410665017.767524,2082965.6138241403,66227485.55262175,0.0,0.0
2016,절세계좌,2021-05-31,4000000.0,0.0,678371481.3675743,54676680.94370886,18163758.753356937,36512922.19035192,155061064.09155226,403293359.7258893,0.0,65340376.60642384,0.0,0.0
2016,절세계좌,2021-06-30,4000000.0,0.0,727161986.4576675,58931590.94943222,18163758.753356937,40767832.196075276,151061064.09155226,446744201.7235341,0.0,70425129.69314891,0.0,0.0
2016,절세계좌,2021-07-31,4000000.0,0.0,758152004.2767488,61767296.6873964,18163758.753356937,43603537.93403946,147061064.09155226,475509755.0565784,0.0,73813888.44122168,0.0,0.0
2016,절세계좌,2021-08-31,4000000.0,0.0,790567039.3624471,64734060.95542204,18163758.753356937,46570302.202065095,143061064.09155226,505412648.0051217,0.0,77359266.3103511,0.0,0.0
2016,절세계좌,2021-09-30,4000000.0,0.0,757975690.819567,62392913.39016922,18163758.753356937,44229154.636812285,139061064.09155226,481960192.9945972,0.0,74561520.34324825,0.0,0.0
2016,절세계좌,2021-10-31,4000000.0,0.0,807532448.6593763,66801448.114738554,18163758.753356937,48637689.36138162,135061064.09155226,525840076.58713615,0.0,79829859.86594932,0.0,0.0
2016,절세계좌,2021-11-30,4000000.0,0.0,828427453.9690907,68860835.83132368,18163758.753356937,50697077.07796675,131061064.09155226,546214660.2137222,0.0,82290893.83249258,0.0,0.0
2016,절세계좌,2021-12-31,4000000.0,0.0,832669848.49615,49999999.99999999,13025991.317259464,36974008.682740524,127061064.09155226,554676854.0424744,0.0,83319074.03881271,0.0,17612856.323310554
2016,절세계좌,2022-01-31,4000000.0,0.0,768759181.6501241,46324755.972811684,13025991.317259464,33298764.65555222,127061064.09155226,504565789.80787694,13612856.323310554,77194715.45457259,0.0,0.0
2016,절세계좌,2022-02-28,4000000.0,0.0,727611292.4702965,44086256.658284135,13025991.317259464,31060265.34102467,127061064.09155226,474044392.55926776,9612856.323310554,72806722.83788174,0.0,0.0
2016,절세계좌,2022-03-31,4000000.0,0.0,763447388.4371463,46499941.50516998,13025991.317259464,33473950.187910516,127061064.09155226,506954402.21021986,5612856.323310554,77319124.30689366,0.0,0.0
2016,절세계좌,2022-04-30,4000000.0,0.0,679781814.5238073,41647682.41953811,13025991.317259464,28621691.102278646,127061064.09155226,440795022.0645082,1612856.323310554,68665189.62489814,0.0,0.0
2016,절세계좌,2022-05-31,4000000.0,0.0,654907268.4680417,40368777.267608516,13025991.317259464,27342785.95034905,124673920.41486281,423357459.34916085,0.0,66507111.43640943,0.0,0.0
2016,절세계좌,2022-06-30,4000000.0,0.0,622480963.9935328,38616567.13172624,13025991.317259464,25590575.81446678,120673920.41486281,399570111.71565765,0.0,63620364.73128606,0.0,0.0
2016,절세계좌,2022-07-31,4000000.0,0.0,696683339.9392526,43467972.1950942,13025991.317259464,30441980.877834734,116673920.41486281,464928446.7291133,0.0,71613000.60018235,0.0,0.0
2016,절세계좌,2022-08-31,4000000.0,0.0,677065115.2137678,42493508.59135235,13025991.317259464,29467517.274092887,112673920.41486281,451890103.5534021,0.0,70007582.65415043,0.0,0.0
2016,절세계좌,2022-09-30,4000000.0,0.0,643819118.1481342,40657990.855102144,13025991.317259464,27631999.53784268,108673920.41486281,427503619.2739321,0.0,66983587.604237184,0.0,0.0
2016,절세계좌,2022-10-31,4000000.0,0.0,662264254.0414361,42075429.54893325,13025991.317259464,29049438.23167379,104673920.41486281,446196101.9946491,0.0,69318802.08299093,0.0,0.0
2016,절세계좌,2022-11-30,4000000.0,0.0,642108614.2682145,41049018.29549786,13025991.317259464,28023026.978238393,100673920.41486281,432757874.5958353,0.0,67627800.96201849,0.0,0.0
2016,절세계좌,2022-12-31,4000000.0,0.0,555093221.7471759,35741971.65154702,13025991.317259464,22715980.334287558,96673920.41486281,363792829.02253634,0.0,58884500.65822977,0.0,0.0
2016,절세계좌,2023-01-31,4000000.0,0.0,596413059.0777173,38660076.715093814,13025991.317259464,25634085.39783435,92673920.41486281,401387015.66193074,0.0,63692046.285829954,0.0,0.0
2016,절세계좌,2023-02-28,4000000.0,0.0,634404932.0454699,41382030.91384023,13025991.317259464,28356039.596580762,88673920.41486281,436172545.1708716,0.0,68176435.54589522,0.0,0.0
2016,절세계좌,2023-03-31,4000000.0,0.0,680313832.1193798,44637572.511026725,13025991.317259464,31611581.19376726,84673920.41486281,477462435.0848828,0.0,73539904.10860741,0.0,0.0
2016,절세계좌,2023-04-30,4000000.0,0.0,697919895.0431075,46055215.597058326,13025991.317259464,33029224.27979886,80673920.41486281,495315303.70994884,0.0,75875455.32123753,0.0,0.0
2016,절세계좌,2023-05-31,4000000.0,0.0,741145517.7923673,49171599.37243152,13025991.317259464,36145608.055172056,76673920.41486281,534290335.08439773,0.0,81009662.92067523,0.0,0.0
2016,절세계좌,2023-06-30,4000000.0,0.0,779851237.4181285,52004927.627055876,13025991.317259464,38978936.30979641,72673920.41486281,569494849.6774726,0.0,85677539.69873731,0.0,0.0
2016,절세계좌,2023-07-31,4000000.0,0.0,778941379.8479646,52210995.94587137,13025991.317259464,39185004.62861191,68673920.41486281,572039428.5258024,0.0,86017034.96142817,0.0,0.0
2016,절세계좌,2023-08-31,4000000.0,0.0,792655153.1935953,53398317.31852115,13025991.317259464,40372326.00126168,64673920.41486281,586609781.7465672,0.0,87973133.71364404,0.0,0.0
2016,절세계좌,2023-09-30,4000000.0,0.0,762857422.3444571,51660417.284149416,13025991.317259464,38634425.96688995,60673920.41486281,565413121.903889,0.0,85109962.7415561,0.0,0.0
2016,절세계좌,2023-10-31,4000000.0,0.0,744857956.5622635,50712378.73476929,13025991.317259464,37686387.417509824,56673920.41486281,553923577.634031,0.0,83548079.77860028,0.0,0.0
2016,절세계좌,2023-11-30,4000000.0,0.0,784124663.3339716,53658118.390340336,13025991.317259464,40632127.07308087,52673920.41486281,589391471.4396493,0.0,88401153.08911918,0.0,0.0
2016,절세계좌,2023-12-31,4000000.0,0.0,824552528.4774165,50000000.0,11486608.152941914,38513391.84705809,48673920.41486281,625799447.1791439,0.0,93413893.3455529,0.0,6665267.537856876
2016,절세계좌,2024-01-31,4000000.0,0.0,863769358.9252777,52641979.678116955,11486608.152941914,41155371.52517504,48673920.41486281,661438345.7914333,2665267.537856876,98349845.50300762,0.0,0.0
2016,절세계좌,2024-02-29,4000000.0,0.0,906284335.5778968,55476811.02559833,11486608.152941914,43990202.87265642,47339187.95271969,699678710.7013696,0.0,103789625.89820914,0.0,0.0
2016,절세계좌,2024-03-31,4000000.0,0.0,921319577.3272684,56642024.26817644,11486608.152941914,45155416.115234524,43339187.95271969,715368782.4964657,0.0,105969582.60990652,0.0,0.0
2016,절세계좌,2024-04-30,4000000.0,0.0,899809258.8702197,55565503.25701449,11486608.152941914,44078895.10407258,39339187.95271969,700949010.5678083,0.0,103955557.09267728,0.0,0.0
2016,절세계좌,2024-05-31,4000000.0,0.0,953589941.2288318,59133606.89913655,11486608.152941914,47646998.74619464,35339187.95271969,748486148.9456133,0.0,110630997.43136232,0.0,0.0
2016,절세계좌,2024-06-30,4000000.0,0.0,1004780847.8831087,62556081.52622343,11486608.152941914,51069473.373281516,31339187.95271969,793851592.866159,0.0,117033985.53800662,0.0,0.0
2016,절세계좌,2024-07-31,4000000.0,0.0,978709255.4648488,61181938.75903281,11486608.152941914,49695330.606090896,27339187.95271969,775724978.8687763,0.0,114463149.88431998,0.0,0.0
2016,절세계좌,2024-08-31,4000000.0,0.0,961456074.925905,60353444.21321292,11486608.152941914,48866836.06027101,23339187.95271969,764850294.3515785,0.0,112913148.40839386,0.0,0.0
2016,절세계좌,2024-09-30,4000000.0,0.0,967108297.5216326,60959342.80094575,11486608.152941914,49472734.64800384,19339187.95271969,772763063.8781517,0.0,114046702.8898154,0.0,0.0
2016,절세계좌,2024-10-31,4000000.0,0.0,1000411054.5010973,63310632.26455488,11486608.152941914,51824024.11161297,15339187.952719688,803315586.1537378,0.0,118445648.13008502,0.0,0.0
2016,절세계좌,2024-11-30,4000000.0,0.0,1064798914.6692779,67638531.92838524,11486608.152941914,56151923.77544333,11339187.952719688,859278630.5100658,0.0,126542564.27810712,0.0,0.0
2016,절세계좌,2024-12-31,4000000.0,0.0,1124609148.4184308,50000000.00000001,7990247.221785417,42009752.77821459,7339187.952719688,913859423.246824,0.0,134475773.69189593,0.0,18934763.5269911
2016,절세계좌,2025-01-31,4000000.0,0.0,1126185080.6918015,50252150.739384204,7990247.221785417,42261903.517598785,7339187.952719688,918505041.4654973,14934763.5269911,135153937.00720942,0.0,0.0
2016,절세계좌,2025-02-28,4000000.0,0.0,1095643143.866323,49067807.7453802,7990247.221785417,41077560.52359478,7339187.952719688,896684739.0402893,10934763.5269911,131616645.60094267,0.0,0.0
2016,절세계좌,2025-03-31,4000000.0,0.0,1019212587.978386,45824043.011309154,7990247.221785417,37833795.789523736,7339187.952719688,836921707.6786033,6934763.526991099,122192885.80876283,0.0,0.0
2016,절세계좌,2025-04-30,4000000.0,0.0,995272930.0777968,44927551.19787919,7990247.221785417,36937303.97609377,7339187.952719688,820404767.4089344,2934763.526991099,119666659.99127245,0.0,0.0
2016,절세계좌,2025-05-31,4000000.0,0.0,1048666717.8302838,47518360.4721639,7990247.221785417,39528113.25037848,6273951.479710788,868137765.5160137,0.0,126736640.36239535,0.0,0.0
2016,절세계좌,2025-06-30,4000000.0,0.0,1089314467.8782103,49541489.31279122,7990247.221785417,41551242.0910058,2273951.4797107875,905366481.8618315,0.0,132132545.22387673,0.0,0.0
2016,절세계좌,2025-07-31,4000000.0,0.0,1146906029.6083724,50616594.90106389,7726761.209378916,42889833.691684976,0.0,956685906.5343375,0.0,139603528.17297104,0.0,0.0
2016,절세계좌,2025-08-31,4000000.0,0.0,1148514843.2579923,46864129.6083976,7119121.895082796,39745007.71331481,0.0,961364470.2810125,0.0,140286243.36858216,0.0,0.0
2016,절세계좌,2025-09-30,4000000.0,890540.0027795284,1218320551.4145975,45021503.76672055,6421567.802259985,38599935.96446057,0.0,1023888972.654897,0.0,149410074.99297988,0.0,0.0
2016,절세계좌,2025-10-31,4000000.0,941627.1519700855,1293194750.9838085,43029370.1115147,5760064.068335743,37269306.04317896,0.0,1090967004.5638745,0.0,159198376.30841926,0.0,0.0
2016,절세계좌,2025-11-30,4000000.0,943665.0880074919,1303071464.0603666,38578833.79374893,5105785.743998667,33473048.04975026,0.0,1103469795.4701936,0.0,161022834.796424,0.0,0.0
2016,절세계좌,2025-12-31,4000000.0,939604.5755725754,1269029884.3526309,32777633.908433992,4437111.057392345,28340522.85104165,0.0,1078825597.9472103,0.0,157426652.49698657,0.0,0.0
